motionRotationRateX(rad/s),motionRotationRateY(rad/s),motionRotationRateZ(rad/s),motionUserAccelerationX(G),motionUserAccelerationY(G),motionUserAccelerationZ(G),motionGravityX(G),motionGravityY(G),motionGravityZ(G),motionYaw(rad),motionRoll(rad),motionPitch(rad)
-0.17494311956195646,0.2229108703351238,-0.1279252698331696,-0.027925800598817895,0.01299263023262458,-0.0029558094070026037,-0.013324336218131318,0.015536433093150755,0.9700427776175077,-0.0001279252698331696,-0.00017494311956195647,0.00022291087033512381
-0.04246995046564371,0.15426084883487096,0.02977652995547614,-0.03500405253803384,0.0002525887481874497,-0.01061708245857359,-0.01593060870343643,0.006483106598019442,0.9694471969203704,-9.814873987769345e-05,-0.00021741307002760021,0.00037717171916999475
-0.07789228788812524,0.19387637311236783,0.2514127917286307,-0.024329307667737103,0.0535308423148176,-0.044275123079730735,-0.0232011375292317,0.019657082442118747,0.972423451721743,0.00015326405185093724,-0.0002953053579157255,0.0005710480922823626
-0.11309781603769453,0.2403946834136498,0.41084496357910216,-0.03394339568421472,0.003967018420655118,-0.00012375231833228716,-0.019514664794409976,0.013987352002874633,0.9637731912504481,0.0005641090154300394,-0.00040840317395342,0.0008114427756960124
-0.07233432218031485,0.2540187745567594,0.39799412163598935,0.00959222567701231,0.0065311555555564345,-7.117803475707035e-05,-0.02119282807474513,0.018185634387840995,0.9580346817738373,0.0009621031370660288,-0.0004807374961337349,0.001065461550252772
-0.12202151147538047,0.2245785813234594,0.5254916168547121,0.017434321982195775,-0.02899897804682672,0.05597473442897163,-0.02531095769622873,0.01750121403073269,0.9680370984800687,0.001487594753920741,-0.0006027590076091153,0.0012900401315762311
-0.09329081387711263,0.2179167104154818,0.481343347727081,0.013194556350934703,-0.02927957564592101,-0.004633992272616216,-0.01875852230833711,0.009995071897933253,0.968670020668125,0.001968938101647822,-0.0006960498214862279,0.0015079568419917129
-0.06399369132631418,0.18022383760139649,0.33812133204619976,0.04365974754214334,-0.044153126743501414,0.003447207761291293,-0.021700341915181443,0.009098799705825599,0.9726661981393148,0.002307059433694022,-0.0007600435128125421,0.0016881806795931095
-0.1015236496008866,0.14339709557307492,0.13272997223441887,0.03813517544626732,-0.08499837601265131,0.05486297411211719,-0.02436088665035859,0.01676042920944925,0.9712718551992618,0.002439789405928441,-0.0008615671624134287,0.0018315777751661843
0.050640301476370934,-0.0261420757073577,-0.07217746323762064,0.01700540430694794,-0.059294774988572135,0.0576051115995777,-0.026968417110974145,0.01177794484585162,0.9746421630398584,0.0023676119426908203,-0.0008109268609370578,0.0018054356994588268
0.09248918121364039,0.11349800524994835,-0.19508505316976824,0.04419420920522262,-0.06548253452905022,0.010922225742148472,-0.02736555016385143,0.017786536788149957,0.9680636823983629,0.002172526889521052,-0.0007184376797234174,0.0019189337047087751
0.029959071746221082,-0.03321322985100404,-0.5190879444782605,0.01719612944646054,-0.06978719955603935,0.006445341954981195,-0.021376669960213507,0.012023254977131121,0.9661582908815978,0.0016534389450427915,-0.0006884786079771963,0.0018857204748577714
0.09924896223321084,-0.047275898027634,-0.5771458933536212,0.05037280035532797,-0.04255546095485315,0.023163608863833396,-0.019917250234792513,0.0178408515858997,0.9581393607213005,0.0010762930516891706,-0.0005892296457439854,0.0018384445768301373
0.08726863020873599,-0.17561396626596482,-0.7594529341071581,0.02530888694684169,0.015202720886073497,-0.04473649673348482,-0.023839745992490287,0.01464954664561093,0.966655009676218,0.00031684011758201236,-0.0005019610155352494,0.0016628306105641725
0.12509300031434084,-0.16015100907763122,-0.8162228934843347,0.01362135675091436,-0.004157641166085621,-0.044420527939597214,-0.016180242986937897,0.013781804057973,0.9624024724505297,-0.0004993827759023224,-0.00037686801522090856,0.0015026796014865412
0.08519640592563019,-0.18201399341447394,-0.8763105612417992,-0.007143140079783136,0.030669303115398092,-0.02095197056066974,-0.019731603799004266,0.010280466127702668,0.9662732123716276,-0.0013756933371441215,-0.00029167160929527837,0.001320665608072067
0.07069695829577656,-0.0818307346820798,-0.7157956663345612,0.019023374806194836,0.0207216450176943,0.00914909891935452,-0.016488609470355735,0.013120946226992503,0.9655391114237563,-0.002091489003478683,-0.00022097465099950184,0.0012388348733899874
0.1501764936027548,-0.16102878444381064,-0.5247322351741666,-0.020589264557410225,0.03476248228677266,-0.03481120771500552,-0.020255990093256807,0.01773105561387914,0.9676763060192027,-0.0026162212386528494,-7.0798157396747e-05,0.0010778060889461765
0.08279597928761945,-0.07177642396471375,-0.4052404059226046,-0.037383899291681816,0.00618233085663131,-0.025620480043183423,-0.02324466087054202,0.011303401326884472,0.9648822857788659,-0.003021461644575454,1.1997821890872452e-05,0.0010060296649814626
0.15687502232343284,-0.09964153184889017,-0.07842351441894828,-0.045545741074602034,0.037859295982263085,-0.003593239487665068,-0.018705359101874097,0.014037744977377215,0.9700955494715859,-0.0030998851589944024,0.0001688728442143053,0.0009063881331325725
0.03925197594771109,-0.047455518262447545,0.15495814182088347,-0.035136954938573266,0.042959150411122554,0.020104362959895712,-0.025555432799339275,0.011420779703040276,0.9518563933526106,-0.0029449270171735186,0.00020812482016201641,0.0008589326148701249
-0.03584758177450413,0.007502158154900705,0.35886416227221885,-0.042742930589103,0.015554262575475285,-0.026768689576482943,-0.016510221274154357,0.011618823396101012,0.9664740556645323,-0.0025860628549012996,0.00017227723838751226,0.0008664347730250257
0.03061432457741556,0.121632088218907,0.6279064990264999,-0.042662613946153796,0.03469970267150915,-0.006727357742702613,-0.023857755272181685,0.019419403006210173,0.9715886652910177,-0.0019581563558747996,0.00020289156296492781,0.0009880668612439328
-0.030035728721939308,0.013894840530144822,0.6309716837370574,-0.03961613965872845,0.029143236882192204,0.040223836099718246,-0.01454468509113015,0.016617272482257507,0.9749787925379402,-0.0013271846721377425,0.00017285583424298852,0.0010019617017740776
-0.05788293099966595,0.06959968975745598,0.8224851962398003,0.0007246894615708438,-0.0006642470007965496,-0.015981162392935726,-0.020791209488686027,0.010811646469705437,0.9693408945381045,-0.000504699475897942,0.00011497290324332255,0.0010715613915315337
-0.06626872713103016,0.05814520372877617,0.8801660033422093,-0.04103406146885731,-0.020996709827242773,0.04533072037594057,-0.013748592216522231,0.011292639762702091,0.9741582443130484,0.0003754665274442674,4.870417611229239e-05,0.0011297065952603099
-0.176745742443004,0.10179801950680616,0.7980493599640595,-0.03145656777151196,-0.031945630343750316,0.013527028445364226,-0.024635952275710037,0.0065165005053406215,0.9666314532867514,0.001173515887408327,-0.00012804156633071165,0.0012315046147671161
-0.17290167119107736,0.10435290214870904,0.6125752720959649,-0.024071011245178832,-0.01652404854358199,0.043123522306439406,-0.022372510382103094,0.008966225677297596,0.9658542322968273,0.0017860911595042918,-0.000300943237521789,0.0013358575169158252
-0.1888411050591527,0.04343893471503281,0.3964285707813482,0.018766327850154176,-0.021363701319651717,0.040908913921243004,-0.01703906324744095,0.01118305433842091,0.9685403449886537,0.00218251973028564,-0.0004897843425809417,0.001379296451630858
-0.24702801761426377,0.04761197624224265,0.17034639796568207,0.04313789826011752,-0.0524631109499884,0.028455320522819107,-0.013050580751436192,0.013693871874458623,0.965930843201287,0.0023528661282513222,-0.0007368123601952056,0.0014269084278731006
-0.19881979764381044,-0.05745118965880698,-0.028260071353045396,0.03131351016976363,-0.04329693752706039,0.026884986619077657,-0.010528603653194453,0.012991408404485021,0.9620887748457538,0.0023246060568982772,-0.000935632157839016,0.0013694572382142937
-0.11650767903533872,-0.06427101371726521,-0.18342717601827735,0.027877737412726374,-0.0376720255366111,0.048250189828351574,-0.01861265472698937,0.0035032750406369566,0.9634783074982788,0.0021411788808799997,-0.0010521398368743546,0.0013051862244970285
-0.15086076691692657,-0.01751507465405202,-0.3995423625336076,0.036609050532404944,-0.03965349544023704,0.05645635013794235,-0.009587851781019424,0.01373852172612479,0.9605478889179546,0.0017416365183463922,-0.0012030006037912814,0.0012876711498429763
-0.20062064099418397,-0.1079170848505735,-0.42589317233709273,0.07132853477462263,-0.02137123367564041,0.026029396548629402,-0.02018125580641464,0.008213553731967424,0.9688048810788418,0.0013157433460092994,-0.0014036212447854652,0.0011797540649924028
-0.18125841178926777,-0.16593961473155086,-0.39631255478174393,0.07490472322729519,-0.02464294867740867,0.021110152555803723,-0.013194708523685733,0.003526060667002874,0.9662744934776589,0.0009194307912275554,-0.001584879656574733,0.0010138144502608519
0.000620157568111207,-0.25933684225636455,-0.4648266427138268,0.06908993917994863,-0.06544361920488244,0.022045474656917252,-0.023354327406688982,0.014946322671884399,0.9644708385213505,0.0004546041485137287,-0.0015842594990066218,0.0007544776080044874
-0.04310522012259821,-0.30995501913072027,-0.43121527233625695,0.03978340879718879,-0.004672189313493523,-0.01724189220389575,-0.016496559663573468,0.015383966698336058,0.9634937801123814,2.338887617747171e-05,-0.0016273647191292198,0.0004445225888737671
-0.030037756648020098,-0.3029823838556752,-0.2913153386675824,0.049736628162906575,-0.03994686149063065,0.009954789562476665,-0.03025943297825781,0.009189275519922529,0.9689076047397613,-0.00026792646249011075,-0.0016574024757772402,0.0001415402050180919
0.02584426820113117,-0.24787441961305035,-0.024701914494627428,0.037216134059250505,0.0020474893453567324,0.006523332016134859,-0.024111596047883672,0.011217278653184155,0.9703398815613418,-0.00029262837698473815,-0.0016315582075761088,-0.00010633421459495846
0.007533557919509576,-0.1852505824398441,0.11349828795725157,0.02764256219983688,-0.006121014145669264,0.03959385944310258,-0.016122199722793742,0.011313132847923405,0.9608405810764403,-0.00017913008902748656,-0.0016240246496565993,-0.0002915847970348026
0.17473534223193815,-0.14811169707497784,0.31854738509892977,0.028579284306618137,-0.004084754664251516,-0.020036933452412718,-0.02496899210293571,0.014257134842047506,0.9601104300729839,0.0001394172960714432,-0.0014492893074246611,-0.0004396964941097804
0.12027521021149944,-0.11240615238028728,0.3802463345239087,0.003919880572243375,-0.020725149773075494,-0.019212674149910645,-0.016222537247861397,0.010720820085081224,0.9713772967334299,0.0005196636305953519,-0.0013290140972131619,-0.0005521026464900677
0.22441761450754316,-0.1176477672283742,0.517511640291227,0.0026104797253236204,0.022283418838318816,0.00997369166772488,-0.013774757443428714,0.00024406055437339869,0.9597851646725409,0.001037175270886579,-0.0011045964827056185,-0.000669750413718442
0.18019128331848597,-0.019257740585536417,0.4836711791569167,-0.017987310794816812,0.0032708238402817842,0.017276990701510196,-0.020762689025854906,0.016733391275848726,0.9694545385228751,0.0015208464500434957,-0.0009244051993871326,-0.0006890081543039784
0.2523885159406682,0.02953980631237788,0.4024054794693441,-0.01929604430994206,0.06054043699515584,-0.0025351217126847944,-0.023049172136310223,0.011814318680072954,0.9748581126156604,0.00192325192951284,-0.0006720166834464644,-0.0006594683479916006
0.19949939248090434,0.09678627062351433,0.3002655589785055,-0.015188093245176981,0.07591214474206257,0.00757006849396373,-0.020522941054057085,0.0037399310309780553,0.9749263908838788,0.0022235174884913454,-0.00047251729096556,-0.0005626820773680862
0.22033964874206977,0.2543343478761395,0.09491733953153932,-0.05655708572071848,0.03145908732961888,0.033322920908232384,-0.02292795357735486,0.0009407856580907438,0.9705764172368659,0.002318434828022885,-0.0002521776422234902,-0.0003083477294919467
0.20035342579546978,0.12340538266876981,0.03867281617195038,-0.030390774086547077,0.0526415524665089,0.01147812332658261,-0.018551129264898884,0.008414183291191948,0.9704881256410928,0.0023571076441948353,-5.182421642802037e-05,-0.00018494234682317685
0.17569390484867733,0.22390728793050751,-0.2727257463787624,-0.027329052175477403,0.028781436378855538,0.02340052699329572,-0.017480065455635335,0.004299872246163336,0.9782608246497911,0.002084381897816073,0.00012386968842065696,3.896494110733068e-05
0.13740917611314593,0.3052653703181754,-0.4433959558859635,-0.022531785598895366,0.02513447289093565,0.034611278666221955,-0.019465316065947386,0.007142061712899888,0.9553867031591455,0.0016409859419301096,0.00026127886453380293,0.0003442303114255061
0.08101961696329463,0.1807826923656465,-0.6691078634656525,-0.005730306638364925,0.045713411504554234,0.051374939538655934,-0.009507508066346948,0.009009892890445804,0.9647945810927986,0.0009718780784644572,0.00034229848149709756,0.0005250130037911526
0.147597608808865,0.20161673323424886,-0.8112464207430701,0.03971841322411397,0.020560704418538432,0.015478169066769245,-0.02141965633821545,0.00226128925514277,0.9714164798246433,0.00016063165772138698,0.0004898960903059624,0.0007266297370254016
-0.01545691778830897,0.17582544010676068,-0.8248954148027559,0.0021902957484573743,0.046382407503687294,-0.01539334004049757,-0.010808100708802535,-0.0006865299502435704,0.9655455289316671,-0.000664263757081369,0.0004744391725176535,0.0009024551771321622
-0.006135532425428296,0.14733192772257273,-0.7402351150810818,0.047348353912913435,-0.00804332465634933,-0.02471128911898786,-0.02291339080963164,0.006623490017876233,0.9734889803675826,-0.0014044988721624505,0.0004683036400922252,0.0010497871048547349
-0.03605737516720256,0.03353629293128563,-0.717447090774024,0.0008332823011979037,0.011962884292215892,-0.020434279211780502,-0.017284535751630945,0.0018277274581886024,0.9671516240126382,-0.002121945962936475,0.0004322462649250226,0.0010833233977860207
-0.04502251836281267,0.07952150994251249,-0.5701223878803625,0.03173128489623634,-0.014760998638204417,-0.030613164825072127,-0.011673428802321133,0.005025301156440262,0.9680655989128403,-0.0026920683508168375,0.00038722374656220996,0.001162844907728533
-0.10523753273912037,0.027992743689954795,-0.3085585485342454,0.042653888622745766,-0.008030166525002082,-0.01594871721937975,-0.011872007945658028,-0.0026217629773824403,0.9660921705630012,-0.0030006268993510825,0.0002819862138230895,0.0011908376514184879
-0.08713234130449862,-0.029949861046469885,-0.0478692089478161,0.04896076149102056,-0.038265709406467445,-0.04374766680074424,-0.01956922905052749,0.002633899103191901,0.9649118315056358,-0.003048496108298899,0.00019485387251859092,0.0011608877903720178
-0.11901938483494864,-0.1362230597564531,0.25649452350442337,0.046251328766831815,-0.033543599169733276,-0.03906115862318693,-0.01463104721242727,0.0072694172920408,0.9648478562054685,-0.0027920015847944755,7.583448768364227e-05,0.0010246647306155648
-0.18684345575323277,-0.12418401679125922,0.43142565955487755,0.03996690339432583,-0.0357983461461721,-0.04293690406029292,-0.01523826947051839,0.006524072136630268,0.968998433694206,-0.002360575925239598,-0.00011100896806959052,0.0009004807138243055
-0.10964970104936683,-0.18849093894039554,0.6389577636075077,0.007031613050150206,-0.04885322910517874,-0.03584125899963828,-0.019980945139926903,-0.0006477167846359773,0.963829149195699,-0.0017216181616320902,-0.00022065866911895736,0.00071198977488391
-0.1502872134613904,-0.16724540020419418,0.778246529751661,-0.006771558318610547,-0.01539129050248776,0.0027519648268632835,-0.014137901685216475,-0.00274766853401764,0.9725275450392317,-0.0009433716318804291,-0.0003709458825803478,0.0005447443746797157
-0.1632609674506918,-0.043621280553112776,0.7574268400972382,0.007522988737386175,-0.010272696734550621,-0.004437265807321067,-0.007840912911293844,0.0029719738395144937,0.9710873707776331,-0.0001859447917831909,-0.0005342068500310395,0.000501123094126603
-0.05622755261978564,-0.11606788537730653,0.7561685498126393,-0.025239861340216448,-0.004600784318258217,-0.009100222442560686,-0.014729915661016193,0.0054977483551834905,0.973378216979433,0.0005702237580294484,-0.0005904344026508251,0.0003850552087492965
-0.015573840997594651,-0.14211142431206766,0.6684312738814633,-0.057462580257515605,0.022025665778041832,-0.00881351828338644,-0.014191007684228115,0.0045178210191824456,0.9622965788504837,0.0012386550319109118,-0.0006060082436484198,0.0002429437844372288
0.012869674260354621,-0.03845261454427269,0.5131549987014427,-0.06307791310165217,0.02842506763391353,0.002353578835640963,-0.013595713251245133,-0.000269555917278134,0.9595040551346125,0.0017518100306123541,-0.0005931385693880652,0.0002044911698929561
0.04203085084420953,-0.06407215478552789,0.42231202011835894,-0.06450447079078539,-9.923483918603069e-05,0.028101361363754095,-0.02419440032857388,0.00357960561240966,0.9680409168546087,0.002174122050730713,-0.0005511077185438557,0.0001404190151074282
-0.04655898324436421,-0.012019227949740321,0.18670713827686358,-0.038621482200648025,0.02206007065221066,0.042817936338297204,-0.014520756306093043,0.009401448033370976,0.9826164261323866,0.002360829189007577,-0.0005976667017882199,0.00012839978715768784
0.0037357821396349633,0.03646656624892328,-0.03569204359050546,-0.04465051104034229,0.008041043516095194,0.020856710579445964,-0.021837375827637652,0.0027145336458778446,0.9745142131935429,0.0023251371454170713,-0.0005939309196485849,0.00016486635340661113
0.17735482499807145,0.09767181839814461,-0.3488698378690816,-0.02910188590277745,0.025167667943350173,0.045278070454022316,-0.019634049535683668,-0.006677832607123872,0.9654718519423381,0.0019762673075479895,-0.0004165760946505135,0.0002625381718047558
0.053674201769795836,0.18440965024465075,-0.28298373191327975,-0.043596892794914625,0.014835704251221323,0.00670559962426121,-0.005805284124976851,0.0023029680314494193,0.9704277254164255,0.0016932835756347097,-0.00036290189288071766,0.0004469478220494066
0.13932554403297745,0.1783116029329665,-0.5095004540917757,-0.02123754351192824,0.05910584657322813,0.0514398433560931,-0.017811023346462694,0.011305777949322103,0.97200434675038,0.001183783121542934,-0.00022357634884774023,0.000625259424982373
0.08248065998194865,0.1721182688432461,-0.3995936022587254,0.0008381326714560749,0.031541867892868766,0.05947857568313072,-0.020174654929858163,-0.005551961658853146,0.9615858838174235,0.0007841895192842086,-0.00014109568886579157,0.0007973776938256192
0.11376492911110574,0.07970035310644419,-0.520427295867612,-0.003880929140393961,0.015255968356143877,0.03315818574675579,-0.010639290267297655,0.000832592668998902,0.9753375316404086,0.0002637622234165965,-2.7330759754685838e-05,0.0008770780469320634
0.07020156131416576,0.07438369012136198,-0.3919844096137348,0.02572852325308597,0.036862516917252175,0.06765481827957998,-0.021068359398538322,-0.0006487481334394483,0.9677140225263507,-0.00012822218619713832,4.2870801559479924e-05,0.0009514617370534253
0.1079964611066663,0.06974150919498265,-0.31144408910708543,0.016988570408397876,-0.03865361897051792,0.005015898823269983,-0.018494196648369352,0.0007612912982142973,0.9681596425162339,-0.0004396662753042238,0.00015086726266614624,0.001021203246248408
0.065617163461542,-0.02183698598038113,-0.022311627474502868,0.03503486113820291,-0.04488185836308412,0.017866659523631152,-0.009938324828076666,0.0010520776157961211,0.968794035449071,-0.0004619779027787267,0.00021648442612768825,0.000999366260268027
0.01120936615140996,-0.06034533330958339,0.08644129062618358,0.04436754722781185,0.0013884368503129288,0.004072130822014323,-0.01589559368180279,0.005579615086600784,0.9744600392127938,-0.0003755366121525431,0.00022769379227909818,0.0009390209269584435
-0.04735911637802371,-0.082208229706744,0.24646095029713544,0.03480549743766667,-0.02321556189485149,-0.004772816714358509,-0.023842626601538148,0.00010261293267147431,0.9650238141569496,-0.00012907566185540764,0.0001803346759010745,0.0008568126972516995
-0.019547271087684642,-0.16970665520385794,0.3537388092564222,0.07179009706211509,-0.028670682672079117,-0.010778676911611875,-0.013239270151669489,0.00586394374920619,0.9603274205364369,0.00022466314740101457,0.00016078740481338986,0.0006871060420478416
-0.120823034860884,-0.18663123317263758,0.519964029467296,0.05244158030486052,-0.06823989717375438,-0.0097721470681535,-0.017865494438283325,-0.0013116696704407998,0.9705397509290509,0.0007446271768683107,3.996436995250586e-05,0.000500474808875204
-0.07729307549423126,-0.15589532398139921,0.5205657169883433,0.058409098944215206,-0.04847182752702691,0.004174135933606807,-0.008107227360008774,-0.0026750943087323733,0.9587695453385038,0.001265192893856654,-3.7328705541725404e-05,0.0003445794848938048
-0.005228719197650403,-0.2552929157235525,0.5083974605817654,0.06100296385351416,-0.012077642441798913,0.0164513940059947,-0.018760115282485317,-0.004471321060124975,0.9675453356057399,0.0017735903544384192,-4.255742473937581e-05,8.92865691702523e-05
-0.08873875414587128,-0.19578109201901006,0.2691583194832942,0.05101619880847642,-0.03735644946921107,-0.007157744005840015,-0.01039512546622445,-0.010411808561942928,0.9750483984543663,0.0020427486739217136,-0.0001312961788852471,-0.00010649452284875778
-0.13703739911210983,-0.21080273575664019,0.13688270054552412,0.044305715678424486,-0.04953973802584486,0.015028965473819053,-0.00669422207880355,-0.0001484001157945991,0.972072824660043,0.0021796313744672376,-0.0002683335779973569,-0.00031729725860539797
-0.18666428014677963,-0.27500460493150686,-0.13804673502498138,0.01702110303842896,-0.05821057450785464,-0.008272239546368411,-0.01974827048145352,0.00854179909700162,0.9744526174222921,0.0020415846394422565,-0.00045499785814413654,-0.0005923018635369049
-0.2772391855810986,-0.21540931815649042,-0.30956017364096194,-0.0014833248065650373,-0.05137344778446415,0.028573500835220172,-0.016379849928953152,0.0003621235361300887,0.9724062287823667,0.0017320244658012946,-0.0007322370437252352,-0.0008077111816933953
-0.24650935590398826,-0.14923361729635135,-0.5198880710584726,-0.005718821428768169,-0.07797470200229427,0.005159651207275122,-0.0133902804073742,0.001303880155300746,0.9814199312700845,0.001212136394742822,-0.0009787463996292235,-0.0009569447989897467
-0.11657026357107828,-0.08893000710464741,-0.6405634980398589,-0.04725999930090494,-0.02042968359922207,0.04824739644706262,-0.019539152157156972,-0.004395762192545567,0.9664909986582739,0.000571572896702963,-0.0010953166632003018,-0.0010458748060943942
-0.1943992324859498,0.010864924288681736,-0.726083441399058,-0.04945535263498371,0.002323501889444005,0.07491268523714202,-0.013819363137577333,-0.0037529625904145383,0.9714869433438655,-0.00015451054469609504,-0.0012897158956862516,-0.0010350098818057124
-0.1660017411152549,0.1069044306946451,-0.7697658142261696,-0.05110343735321764,-0.03451386108045907,0.03026450697110257,-0.0162132548666743,0.0021912856971020894,0.9673699200460671,-0.0009242763589222648,-0.0014557176368015067,-0.0009281054511110672
-0.11148830270038715,0.19468331961084692,-0.8217118560961543,-0.045624174499268505,-0.0046915822497182475,-0.011672386028142369,-0.016231211170937565,0.007110989371467889,0.974408914563096,-0.0017459882150184193,-0.0015672059395018937,-0.0007334221315002204
-0.11828356371068766,0.2002454087005645,-0.6310321667109087,-0.015612226682565917,-0.003752797855004429,0.018123578331264777,-0.014677808827072352,0.004306777855989165,0.9693815670976799,-0.0023770203817293275,-0.0016854895032125815,-0.0005331767227996557
-0.08842357075363061,0.20227995260913792,-0.5084713972748826,-0.03679594442624545,0.009679146997767576,0.04827931766513859,-0.01448221557558245,0.000692857490464925,0.9783483456754224,-0.0028854917790042105,-0.0017739130739662123,-0.00033089677019051793
0.004507219670910821,0.1489887302128477,-0.30213340398024774,-0.01895524604912751,0.03785952479023878,0.02735577014430334,-0.01393458787083931,-0.003357932375139273,0.967164866918078,-0.003187625182984458,-0.0017694058542953015,-0.0001819080399776702
0.0043443529341881115,0.2540546149903937,-0.07277755362714372,0.023596102978645728,0.0007100001270243439,0.012655802624658385,-0.017662993543917586,-0.0026853210321060106,0.9769195494358619,-0.0032604027366116015,-0.0017650615013611135,7.214657501272354e-05
0.047832359316108006,0.24200137732358262,0.18496674379113265,0.0004006227355217943,0.05781680051894878,0.018732730522233263,-0.017359011437249192,-0.007701588190322474,0.97291472834412,-0.0030754359928204696,-0.0017172291420450053,0.0003141479523363062
0.07901464601843453,0.22429920963679986,0.5213822111065958,0.032231491550746186,0.06113434290658677,-0.0005410297852150667,-0.015089806040588525,-0.011374925791158057,0.9698519820766102,-0.0025540537817138735,-0.001638214496026571,0.0005384471619731061
0.1670674235415327,0.27505818354836653,0.6433526650373621,0.007931874225662156,0.038974598259132257,0.00648029415408828,-0.014633799272077476,-0.00996801211248172,0.9727918977610688,-0.0019107011166765112,-0.0014711470724850383,0.0008135053455214725
0.15433582719131222,0.1878031215698039,0.7650312276584244,0.029978541194684325,-0.01009188729453901,-0.005256548759312319,-0.016516831852502706,-0.0042848427861710385,0.971451547648759,-0.0011456698890180868,-0.001316811245293726,0.0010013084670912765
0.17177297708558928,0.113416419469477,0.8012140682318446,0.020251176058563348,0.013018677019577327,0.0034633074382961256,-0.012614895598073031,-0.006193512348328779,0.9719906788098719,-0.00034445582078624216,-0.0011450382682081366,0.0011147248865607535
0.21486137812605366,-0.02227473105544115,0.9067366480006032,0.03482050426362995,0.04936227003296305,-0.020313055383168806,-0.023219849250222573,-0.012280348048673239,0.9692423688653432,0.000562280827214361,-0.000930176890082083,0.0010924501555053124
0.18051898084753198,-0.054656939014947344,0.7638858306243219,0.05766850551400597,-0.04023954971186808,-0.006976517197762643,-0.017709260038277493,-0.0053192202628383,0.9668347387045136,0.001326166657838683,-0.0007496579092345511,0.0010377932164903649
0.16629740801834378,-0.08225444923657257,0.5203899565209793,0.0024602471848002936,-0.0015681124496785635,-0.0260298820155229,-0.015366901168155683,-0.006924089151389361,0.9687334199058255,0.0018465566143596622,-0.0005833605012162072,0.0009555387672537923
0.18568457651796344,-0.15080523993605421,0.34819964295989053,0.03894303401424288,-0.028098561830562918,-0.02431934841727905,-0.01815761986211365,-0.0113953812495016,0.962059281191777,0.0021947562573195528,-0.0003976759246982438,0.0008047335273177382
0.17346527997320627,-0.11719080781016844,0.13727642648580327,0.025814883304456315,0.0023667189880487802,0.0312483583246366,-0.005640287900802468,-0.007581091719754782,0.9747511136913082,0.002332032683805356,-0.00022421064472503751,0.0006875427195075698
0.10950365716830013,-0.13510856567962887,-0.05732856157100145,-0.0018050458666157634,-0.03525080720623972,0.01188905129507389,-0.013600658530459893,-0.007533876583892162,0.964432052542935,0.002274704122234355,-0.00011470698755673735,0.0005524341538279409
0.08972185643631825,-0.19865354428799056,-0.28239575087244306,-0.03080722740026202,-0.020027020756489718,0.034313059461248845,-0.01271926850831509,-0.00921106238786071,0.9695862709857238,0.001992308371361911,-2.4985131120419117e-05,0.0003537806095399504
0.017509976407207535,-0.0770003803736696,-0.37162949500616677,-0.01249234231166862,-0.021135930015601732,0.030671355831501997,-0.015926882546868932,-0.0016931361445326528,0.9739814978633056,0.0016206788763557447,-7.475154713211578e-06,0.00027678022916628075
-0.019349402836669582,-0.09893176981407945,-0.408229811873485,-0.03573840642508004,0.0021783329598279357,0.024969524126552685,-0.013496702336056338,-0.01603944521318494,0.9750051542224076,0.0012124490644822598,-2.682455754988116e-05,0.00017784845935220133
0.02331159202868901,-0.1455423225896733,-0.5529665734853032,-0.030000114398264242,-0.03839423173805548,0.04326769590407547,-0.019400624070780734,-0.016652217930636082,0.9620019395699712,0.0006594824909969565,-3.512965521192152e-06,3.2306136762528e-05
-0.021454181055798934,-0.024903783085441257,-0.4965650529662401,-0.041253315806123916,-0.024367356229866168,0.07547474445199882,-0.014079464922028438,-0.0069049097593454805,0.9704831171788975,0.00016291743803071635,-2.4967146576991084e-05,7.402353677086741e-06
-0.046974079275251074,0.035841165326908744,-0.36140747575228555,-0.01363512261890029,-0.05712505388308756,0.058672188822312364,-0.017820922564079713,-0.00663864356366808,0.9733083680822809,-0.00019849003772156923,-7.194122585224218e-05,4.324351900399549e-05
-0.07595163271231484,0.11108511226084361,-0.21046642321494666,-0.05101119744663022,0.0025173758012875984,0.01125778077755312,-0.014427880442362801,-0.005295964782902809,0.9713371399342129,-0.0004089564609365159,-0.00014789285856455701,0.0001543286312648391
-0.10173527945887892,0.0883841764165606,0.0744876452176255,-0.06369669589563054,-0.02915429572934277,0.03646383665997209,-0.02574491261665284,-0.010209484083435888,0.9778649757938706,-0.0003344688157188903,-0.00024962813802343594,0.0002427128076813997
-0.08024216805590813,0.17032290502475408,0.20377293119376413,-0.03322711034360709,-0.0171311427187514,0.069539856735463,-0.01848930203446239,-0.01230162178123581,0.9671032339783526,-0.0001306958845251262,-0.00032987030607934406,0.0004130357127061538
-0.07083431183163084,0.15727957789011465,0.35630498979070374,-0.02296497574998617,0.0017724651808411667,0.021251695948708377,-0.005433102908968013,-0.007945774780487061,0.9610348551925141,0.00022560910526557757,-0.00040070461791097493,0.0005703152905962686
-0.06673988896856484,0.09099973165949042,0.41599780640152895,0.01169488336405334,-0.021383937892713825,-0.01955456219438343,-0.008503691669157985,-0.010314076320231525,0.975399607222484,0.0006416069116671066,-0.00046744450687953977,0.0006613150222557589
-0.10175769579382576,0.07496596308394798,0.47499326509483786,0.014734284534777464,0.021076159649160604,0.0453706532655262,-0.005962929593682763,-0.0005476153347190402,0.9687305858001216,0.0011166001767619442,-0.0005692022026733655,0.0007362809853397069
-0.016189602872767175,0.1665198311162626,0.41696010047136617,0.019430979141682892,0.040961252072230586,0.01314474679681944,-0.005521470010145229,-0.010120685538116694,0.9626914746672643,0.0015335602772333105,-0.0005853918055461327,0.0009028008164559695
-0.04778379560879496,0.1325636055380628,0.44903416321936396,0.05560290016388836,0.030676198917356325,-0.008280137244477235,-0.008996597420438809,-0.008961837226817499,0.9707598979880275,0.0019825944404526746,-0.0006331756011549276,0.0010353644219940322
-0.004197014342930974,0.04550527102924573,0.3045436210933067,0.01544390705836056,-0.00592819834280923,-0.01851120986797815,-0.014526848138700883,0.0034850367620812474,0.977773652164427,0.0022871380615459807,-0.0006373726154978586,0.0010808696930232778
0.006578629388933973,0.0463793231152045,0.16233791296705902,0.037288100453208635,0.022104133681749467,0.008858903278498005,-0.017349245510988067,-0.010061772869411366,0.9653731206257077,0.0024494759745130397,-0.0006307939861089247,0.0011272490161384824
0.03221501012876534,-0.029143501029878047,-0.1144818320418829,0.03968802152232173,0.03586987795447037,-0.022753698563006644,-0.0063292736462166235,-0.006502875591699676,0.9834380030267632,0.002334994142471157,-0.0005985789759801593,0.0010981055151086043
0.013080204366079526,-0.09970046522992547,-0.3263263237755693,0.055322935883327484,-0.022194987426159562,0.014338303793497017,-0.0116396864688798,-0.006247566370504436,0.9676373719633325,0.0020086678186955875,-0.0005854987716140799,0.000998405049878679
0.1026011472992101,-0.22043897335945425,-0.5106440618818463,0.03697551363212733,-0.013602018082639004,0.007520376232710997,0.000608530333797961,-0.006017319438032693,0.972330707045182,0.001498023756813741,-0.0004828976243148697,0.0007779660765192246
0.2206330466368125,-0.13649440525683865,-0.6376028409041243,0.07507567384257563,0.01657241333714359,0.008300387846714961,-0.013585662760444074,-0.008421861015895492,0.9658689787045658,0.0008604209159096166,-0.0002622645776780572,0.000641471671262386
0.08677196990156588,-0.21628857121409872,-0.8494907721913632,0.05250288808707679,-0.005267491957083221,0.013749533826937102,-0.0017938184672779724,-0.00909481369823735,0.9722417947567751,1.0930143718253405e-05,-0.00017549260777649135,0.0004251831000482872
0.11551037746083134,-0.26857219314872055,-0.7816042727798822,0.019290830212219244,-0.012416344575882116,0.014683117376903136,-0.012339921305816598,-0.009756812269622751,0.971434219342138,-0.0007706741290616288,-5.998223031566e-05,0.00015661090689956665
0.0933423699629663,-0.2753978737463879,-0.7748474895883798,0.018012192876344764,0.006882958912195309,0.04556628788928383,-0.004772927767595059,-0.013332660086270636,0.9647248166113529,-0.0015455216186500086,3.3360139647306305e-05,-0.00011878696684682127
0.08619117465917824,-0.21072965418234163,-0.7081707561256108,0.03288709210568095,-0.02965184133789506,0.012245262719476525,-0.0028664683177066514,-0.009019039318117438,0.9863708598889805,-0.0022536923747756197,0.00011955131430648455,-0.00032951662102916296
0.16771378007575277,-0.26258792760905103,-0.5779787627967707,0.03125165000567738,-0.03309362967939137,-0.00011071397135156875,-0.01636098481906891,-0.0006970779031376627,0.9698345883826105,-0.00283167113757239,0.0002872650943822373,-0.0005921045486382139
0.04745206593852609,-0.1043228659912577,-0.2645601204330471,0.04279358183452456,0.0026927647467575103,0.04492111309479153,-0.013567089761807932,-0.004980297410737404,0.9699086198984639,-0.0030962312580054374,0.0003347171603207634,-0.0006964274146294717
0.03283085075211172,-0.12199786674188995,0.057104709264696824,0.05086749520382188,-0.05875235240283081,0.04297878774049434,-0.016202419820029658,-0.009707237930607352,0.9772958788228638,-0.00303912654874074,0.00036754801107287513,-0.0008184252813713618
-0.046597466748590256,0.0025525278086092583,0.31725723893110946,-0.007284512876197068,-0.07084651034258939,0.035234776206922565,-0.01708223471147548,-0.007140516478833477,0.981591847876211,-0.0027218693098096307,0.00032095054432428483,-0.0008158727535627525
-0.03976872017504942,0.026126214157291473,0.48303527141682845,-0.04085165497205361,-0.044127675063401775,0.0269894912698274,-0.0074917349993419875,-0.0159580939098508,0.9782227381320702,-0.002238834038392802,0.00028118182414923543,-0.000789746539405461
-0.11650319835215456,0.09919387555217477,0.7384496339348633,-0.06616379265262114,-0.0391584254265527,0.0041376852121091405,-0.011704340650839078,-0.01310703063826525,0.9666547388141271,-0.0015003844044579383,0.00016467862579708087,-0.0006905526638532862
-0.041918837142513245,0.13028656178500703,0.7658031959011313,-0.017495843880900218,-0.05141502807322368,0.017252445129809495,-0.010353073476699547,-0.0072571778940972095,0.9738003744225043,-0.0007345812085568069,0.00012275978865456763,-0.0005602661020682791
0.026284589760879967,0.20038702918961834,0.8588248189990727,-0.035442375119978727,-0.05252407378088817,-0.008395175262585127,-0.007726996652562641,-0.004752245292141524,0.9633942602198817,0.00012424361044226584,0.0001490443784154476,-0.00035987907287866075
-0.1477825894099903,0.32361769837352156,0.7661480932778928,-0.021208599879678734,0.02479151509072288,-0.025324791191198147,-0.019687998885342263,-0.01623375831862925,0.9773800436071765,0.0008903917037201587,1.2617890054572868e-06,-3.6261374505139164e-05
-0.23146227882399278,0.31378663109883315,0.6648606954599068,-0.016830284093019173,-0.003499780459575241,-0.028266150351256118,-0.0038596964700955087,-0.014988402423714173,0.9647660743881757,0.0015552523991800653,-0.00023020048981853552,0.000277525256593694
-0.13149614783457358,0.2636072882305548,0.5008893591223267,0.002195461759968438,-0.013037411758084864,0.014220144518976503,-0.011931052708892997,-0.0018542977187019014,0.9689966056526337,0.002056141758302392,-0.00036169663765310914,0.0005411325448242488
-0.2176941118845559,0.227790903172797,0.24075771145360103,0.03637138897945789,0.031209857344805775,-0.06234043512450085,-0.007415228653984156,-0.012470263825144866,0.9730673012466214,0.002296899469755993,-0.0005793907495376651,0.0007689234479970457
-0.12843390405678873,0.23555438354105807,0.1801422120063758,0.027793844928960157,0.021012695700951777,-0.016178056012661576,-0.0068649264500206045,-0.004024826360277074,0.9753791363700737,0.0024770416817623694,-0.0007078246535944538,0.001004477831538104
-0.1973904434242424,0.2052554626147916,-0.1178712850235966,0.029796069359105403,0.02690543353624498,-0.0554293798220755,-0.0030053697643921294,-0.012297083748846555,0.9719203225403245,0.0023591703967387728,-0.000905215097018696,0.0012097332941528953
-0.20199420653293376,0.06390565881214094,-0.30688079842071153,0.018541635835721257,0.04997234994935566,-0.017133251281401467,-0.010274112198817001,-0.012289866202854664,0.980891402421706,0.002052289598318061,-0.0011072093035516296,0.0012736389529650364
-0.16232543898611398,0.04353100443071447,-0.4595058160273449,0.0094321078893718,0.017301814416661145,-0.014743857086493147,-0.020258100340400112,-0.015237277714510413,0.9769832656086499,0.001592783782290716,-0.0012695347425377439,0.0013171699573957508
-0.0939224795143822,-0.09130323798464353,-0.4901138397944095,0.03387717950006018,0.052045124932351,-0.0375681184378457,-0.00924398219594042,-0.009185756836155898,0.9766618693963064,0.0011026699424963064,-0.001363457222052126,0.0012258667194111072
-0.10835993949139475,-0.005942726458848413,-0.40901196877539175,0.04007023776297371,0.08248843355455576,0.022595209423064998,-0.008415416977332332,-0.007298002897496572,0.9673625123014131,0.0006936579737209149,-0.0014718171615435208,0.001219923992952259
-0.08564917103918741,-0.004590436490105251,-0.3384100349529495,0.07102007181137691,0.05027023099808722,0.01750323911035749,-0.01447921472470478,-0.01944990398376267,0.9820777197285474,0.0003552479387679652,-0.0015574663325827083,0.0012153335564621536
-0.034134198605671975,-0.12676534859435878,-0.3995078103324314,0.03010657661113532,0.027864412319698148,-0.007818895920211148,-0.008459048857337333,-0.016224787106846168,0.9696370091788121,-4.425987156446615e-05,-0.00159160053118838,0.0010885682078677946
-0.04460020506643238,-0.2458975619364128,-0.18658147692908472,0.03688810499643292,0.017788620457862617,0.05806274769559804,-0.010889822941474179,-0.010074417824226764,0.9824115919388962,-0.0002308413484935509,-0.0016362007362548125,0.0008426706459313821
0.070459899792749,-0.12366771911013118,-0.04346196394137124,-0.0043837170340924915,0.010849302203979207,0.07456918372168041,-0.015686370502980784,-0.015484459591298598,0.9839064891299053,-0.0002743033124349221,-0.0015657408364620638,0.0007190029268212508
0.006042007467127589,-0.18275896749190934,0.22345696517432562,-0.03022743017868123,0.004246337576900432,0.07742920181855786,-0.005502692047333025,-0.017490174834856324,0.9764305187578949,-5.0846347260596506e-05,-0.001559698828994936,0.0005362439593293415
0.10003235829889812,-0.14839059499693438,0.3425052277484991,-0.03754303061120807,-0.008213304518323411,0.05364214608039121,-0.011565908260450269,-0.010161688233271314,0.9790991109954217,0.0002916588804879026,-0.0014596664706960378,0.00038785336433240703
0.18245087334697443,-0.05522866861998582,0.4093406299457271,-0.04313560709676144,0.008043225208041745,0.04347362117905129,-0.010665999235492905,-0.009877900206769501,0.9585963422422681,0.0007009995104336297,-0.0012772155973490632,0.0003326246957124212
0.18221797377296034,-0.031072790445689388,0.49450441709129095,0.005688919705675718,-0.05363878411288305,0.06287091130845153,-0.01083347719448036,-0.017828754935072515,0.9731079096484129,0.0011955039275249207,-0.0010949976235761028,0.0003015519052667318
0.20906318190745563,-0.02019577303811295,0.4566949426899358,-0.05874396972308767,-0.008981899878868788,0.06198851980047794,-0.002229333388935992,-0.014703696433026107,0.9796658146885545,0.0016521988702148565,-0.0008859344416686472,0.00028135613222861886
0.18492396907445344,0.01721622846459206,0.4744628324967849,-0.027694487856466707,-0.03920683388666193,0.042076991840449406,-0.008497118720172744,-0.021992489309769818,0.9788496856641992,0.0021266617027116412,-0.0007010104725941938,0.00029857236069321096
0.23997008059364114,0.09357509286623616,0.28766244850741707,-0.06114467421197776,-0.0273205757585635,-0.008502346841053285,-0.007782522968428108,-0.020611703142172602,0.9682007475110009,0.002414324151219059,-0.0004610403920005526,0.00039214745355944713
0.2194038778259966,0.10186012317910961,0.1099255248706752,-0.019567034784673795,-0.0583525121339666,0.005958812893924187,-0.01026636414863228,-0.015697248037291407,0.9729030648996855,0.002524249676089734,-0.000241636514174556,0.0004940075767385567
0.18112727616169988,0.09178460964688462,-0.2536134402119169,-0.02237451721355993,-0.007900329376934762,0.003750304464935175,-0.005633692250295505,-0.01634440357358787,0.961762238461499,0.0022706362358778168,-6.05092380128561e-05,0.0005857921863854413
0.18093030413682454,0.13666627166216241,-0.3482909525987201,-0.0223528352673481,-0.006075311130374678,-0.046182423598242005,-0.0010859653297148686,-0.021518764356136533,0.9765815000389687,0.0019223452832790968,0.00012042106612396845,0.0007224584580476038
0.14552744757192587,0.16264090039297863,-0.4445132679923526,-0.007162206408625988,-0.006451619113180592,-0.0031341083565715917,-0.004477471479051377,-0.020446778357227104,0.9651724416147344,0.0014778320152867442,0.00026594851369589437,0.0008850993584405824
0.06000590527973593,0.11976282838967367,-0.6334866159253545,-0.005407093945548535,-0.049138748864910695,0.03298760619665435,-0.004166356109239199,-0.022374229257915525,0.9803140975186688,0.0008443453993613897,0.0003259544189756303,0.001004862186830256
-0.014385104277166487,0.030858970356957338,-0.8747896040417026,0.03086557243572499,0.005496401934999181,0.002868765619918459,-0.004453155173658428,-0.014955376035603249,0.9806480331611218,-3.044420468031295e-05,0.0003115693146984638,0.0010357211571872132
0.03358907456502,0.09845025165170276,-0.8288745651728352,0.026360956649194037,0.005168169020706448,0.02424786808110875,-0.014268839239208922,-0.027250103863107666,0.9724353501740116,-0.0008593187698531482,0.0003451583892634838,0.0011341714088389159
0.007397070533555396,-0.12375944175963004,-0.819056772451562,0.022821545202334776,-0.027061669695329672,0.0047821675131663795,-0.011631249139461767,-0.022650586655329118,0.97748641308823,-0.0016783755423047102,0.00035255545979703915,0.001010411967079286
0.0031888404053090347,-0.07311857830721302,-0.5623414563231925,0.031220736065258783,0.011773998267242429,0.006950379002089391,-0.008158334663831153,-0.027087756375040076,0.9738674617716305,-0.002240716998627903,0.0003557443002023482,0.0009372933887720729
-0.11520416869091654,-0.13590993934821755,-0.4458055340321757,0.06664419819087342,0.02548645399359659,0.02349963870512823,-0.010645179008844399,-0.01585784468870925,0.9762354910526564,-0.002686522532660079,0.00024054013151143165,0.0008013834494238555
-0.13375793260264282,-0.15116746215920276,-0.26431095137830135,0.09777067229581951,0.03353053877265694,0.006391717812324499,-0.01222072804660879,-0.027146060928809647,0.969362716339289,-0.0029508334840383805,0.00010678219890878878,0.0006502159872646527
-0.08473697221665777,-0.17462523687508083,0.022790744550998488,0.0688340899507509,0.02811290154532143,0.008906730821163914,-0.01614083343070896,-0.01815273452091837,0.9782846106034941,-0.002928042739487382,2.204522669213102e-05,0.0004755907503895719
-0.11634808925122532,-0.17959401010564058,0.149436346811525,0.05927916061736736,0.03029589072033144,0.057016907805737656,-0.013394244934550615,-0.010292285112123874,0.9670394239824331,-0.0027786063926758574,-9.43028625590943e-05,0.00029599674028393135
-0.20014545932240996,-0.28105895696393757,0.44156561332777655,0.0603284877144082,0.051536624709379544,0.060262712525812286,-0.007825607809599889,-0.010300792793347915,0.9661689695422679,-0.0023370407793480807,-0.0002944483218815043,1.4937783319993738e-05
-0.08975817272069041,-0.22248697755937452,0.6679415425152637,0.0712220242441456,0.04196172092459928,0.011544928733025947,-0.00677123470534036,-0.02787508638718962,0.9747823155237064,-0.0016690992368328167,-0.0003842064946021947,-0.0002075491942393808
-0.1796083123700684,-0.22551088515682954,0.8163861412573137,0.038269195012808975,-0.04650153410273747,0.046761314912649586,-0.010270240987676316,-0.017530610220577777,0.9744091429526011,-0.000852713095575503,-0.000563814806972263,-0.00043306007939621034
-0.11983350101201837,-0.2828860060856497,0.7262524643197545,0.013605216030672267,-0.003720024065965908,0.01948027923924454,-0.005790966369881868,-0.02414414376903874,0.9769003346943134,-0.00012646063125574836,-0.0006836483079842815,-0.00071594608548186
0.008224910209951856,-0.07280018263878625,0.7610128520264682,0.03197446771717,-0.010007376383741492,0.020136072619660196,-0.00823513676751662,-0.025341111432325047,0.9723648186844268,0.0006345522207707199,-0.0006754233977743296,-0.0007887462681206462
0.05545074827748363,-0.17175034592304358,0.7187937952349548,0.0074285548256018685,-0.05167534438599431,0.013656621596710154,-0.0004932372817299715,-0.020118435450117714,0.9851144069167217,0.001353346016005675,-0.000619972649496846,-0.00096049661404369
-0.057344594836839145,-0.024509203899870467,0.4431909389077608,0.02035934615760441,-0.02464294640766946,0.015241874261498202,-0.00663413595229519,-0.013584790337543371,0.976562627299096,0.0017965369549134355,-0.0006773172443336851,-0.0009850058179435605
0.010573292107348746,0.03884711696965404,0.3205729352668271,-0.01345939350925667,-0.010808814901272782,-0.011463708480636098,-0.00222402463794838,-0.016902613789169692,0.9769977252746217,0.0021171098901802627,-0.0006667439522263364,-0.0009461587009739063
0.053381892978815265,0.09689260645116106,0.09785449527227018,-0.04548632900028373,-0.06555594072841163,0.00803015286038959,-0.00456905689583042,-0.023650772021734705,0.9768932590167148,0.0022149643854525326,-0.0006133620592475212,-0.0008492660945227453
0.15613899917345503,0.11909509301426562,-0.03340191682832368,-0.04911661081465184,-0.04340472131041938,-0.018942331770583784,-0.012474707074671444,-0.016723549391975248,0.9809954703913749,0.0021815624686242095,-0.00045722306007406615,-0.0007301710015084797
0.07008333683089803,0.22801512869559665,-0.2997869638743991,0.013597048634715682,-0.07260646923479291,-0.015004295706547906,-0.005796653205028641,-0.03164040143128008,0.9789348966560201,0.0018817755047498101,-0.00038713972324316815,-0.000502155872812883
0.08404242692983031,0.1536384060340924,-0.42564679071968203,0.02019899435166593,-0.06943968045887502,-0.04363213762330914,-0.011400282324082418,-0.02435921317543739,0.9783388436889907,0.001456128714030128,-0.0003030972963133378,-0.0003485174667787906
0.18428438401927216,0.24296123399584235,-0.4460926371829098,-0.010397867501326853,-0.025566565961264213,0.019633061374948642,-0.005641359357612667,-0.024886045975178503,0.979882674340601,0.0010100360768472182,-0.00011881291229406566,-0.00010555623278294825
0.09618811859001491,0.22461505410304627,-0.547776071686455,-0.005363186859044699,-0.06247997644522104,-0.008039419003194803,-0.008704801222690503,-0.02054656416997573,0.9671537342241342,0.00046226000516076324,-2.262479370405074e-05,0.00011905882132009804
0.14017762961572527,0.2079859535533371,-0.4341044311169753,0.041471138435581256,-0.036453480246363974,0.0051409642020950885,-0.002947527370918727,-0.022123357797418065,0.9674166756643464,2.8155574043787992e-05,0.00011755283591167454,0.0003270447748734352
0.025849590293274008,0.23266644488425253,-0.32738578411878044,3.602156902628162e-06,-0.07504353386519955,-0.03141376114824699,-0.011447117867913158,-0.021987090449333647,0.9760447785602638,-0.0002992302100749925,0.00014340242620494852,0.0005597112197576877
0.0665922737604905,0.22377256536757315,-0.15625004349648192,0.013242813178052473,0.009427643725990718,-0.005081619200886999,-0.004539653753065366,-0.02232331197724408,0.9755109120504931,-0.0004554802535714744,0.00020999469996543904,0.000783483785125261
-0.026537357521190665,0.11027636818048611,0.06469775044701537,0.0512887630761574,-0.004771330910831198,0.046640657677152794,-0.0016287195457554858,-0.021507115515889224,0.9794725896142346,-0.0003907825031244591,0.00018345734244424835,0.000893760153305747
-0.02763033103246027,0.10820054471017414,0.22344960286445506,0.0354428523631338,-0.00888536892679678,0.037163980410643095,0.000169723097858788,-0.019087388047778965,0.9767479325325773,-0.00016733290026000396,0.0001558270114117881,0.0010019606980159212
0.02776239555708735,0.01929104725628986,0.3107149990563265,0.04529588144771206,0.01782460307490621,0.0009568002982760417,-0.008066378377004208,-0.021209728414181055,0.9796315279630968,0.00014338209879632255,0.00018358940696887544,0.0010212517452722108
-0.04626665106549528,-0.0766943968996002,0.45453338993499626,0.04109148576887328,-0.011005887691004128,0.06545205127589765,-0.004033901958810717,-0.023545928536908345,0.970568628796932,0.000597915488731319,0.00013732275590338017,0.0009445573483726107
-0.09155337317338137,-0.09358466598772622,0.5617638864561625,0.04696679089476909,0.05045356372662062,0.03650488952562801,-0.0030788764321201118,-0.020282654971822633,0.9768173296739392,0.0011596793751874812,4.57693827299988e-05,0.0008509726823848846
-0.14238523113230991,-0.13172681566647348,0.4343529624052291,0.06135543782282332,0.028154502747353843,0.07537789858634547,0.0038592235220100534,-0.018327442352134436,0.9702402606867075,0.0015940323375927105,-9.661584840231111e-05,0.0007192458667184111
-0.14578334080593194,-0.17387121749271758,0.39313952703153493,0.025617501023341385,0.03619203661660974,0.04233543104847693,-0.01115970172453484,-0.025404285795206472,0.9789543693094428,0.0019871718646242453,-0.00024239918920824306,0.0005453746492256934
-0.14469356209059125,-0.13213652249253618,0.23348624847971602,0.025564551474844648,0.033606878262229294,0.04263567702221056,-0.008185059527175909,-0.023086694641184465,0.9677032320381228,0.002220658113103962,-0.0003870927512988343,0.0004132381267331573
-0.13027290671997988,-0.1368378588095367,0.05175116069601485,-0.04034078461509917,0.03238663287318088,0.054631993676027224,0.010516413569116166,-0.017145097011680682,0.978910826646349,0.0022724092737999766,-0.0005173656580188142,0.0002764002679236206
-0.3062956178288402,-0.20309760956275252,-0.23216046325779155,-0.012335979297114302,0.055865349493506904,0.004391643241793792,-0.004747599000202364,-0.028632802077588226,0.9698989383837159,0.0020402488105421847,-0.0008236612758476543,7.330265836086808e-05
-0.22635550746126906,-0.17652150768552838,-0.30545431521778005,-0.03933293034485718,0.042646132388144395,-0.006638463782978577,-0.012713161795783566,-0.014259272446589102,0.9754009946264294,0.0017347944953244052,-0.0010500167833089236,-0.0001032188493246603
-0.1755761076594874,-0.042703925341843856,-0.5972290947798933,-0.05616810290056783,0.044014376694012355,0.0005861092660847268,-0.006046895000982025,-0.0301417547722565,0.9818680084622735,0.0011375654005445117,-0.001225592890968411,-0.00014592277466650417
-0.17458793735101824,-0.055935642294008825,-0.6622762879209975,-0.05614874631068133,0.022582489096190768,0.013554917202363221,-0.01685433819888716,-0.025335407036000613,0.9786050434064901,0.0004752891126235143,-0.001400180828319429,-0.00020185841696051298
-0.1314350756808482,0.040890987938731076,-0.8253217461981541,-0.04896245746293976,0.023654620314580276,-0.03526172602219778,-0.0016810775080644794,-0.028521541548127295,0.969314651786633,-0.0003500326335746399,-0.0015316159040002775,-0.00016096742902178192
-0.1112341666581908,0.10597222340093396,-0.8411083267749935,-0.02420756990101322,-0.004914278493721809,-0.045345186297492526,0.00128764767401355,-0.012992363572217327,0.9742558280436189,-0.0011911409603496334,-0.0016428500706584682,-5.4995205620847956e-05
-0.10581277969659703,0.04844740815208107,-0.6967973478346072,-0.06574994993594797,0.0381803429746356,0.0037048707228900055,-0.007195074054800179,-0.02660955102453289,0.9701857828579131,-0.0018879383081842407,-0.0017486628503550654,-6.547797468766881e-06
-0.0803154472449055,0.06932559762255819,-0.5760039575235453,-0.03191402122041529,-0.04700094878211313,-0.02306588183069143,-0.00486576373693703,-0.026757200254735578,0.9692937939976681,-0.002463942265707786,-0.0018289782975999707,6.277780015379131e-05
-0.029240870785219586,0.2265314683709456,-0.4217464017681373,-0.03252745035925508,0.0015455222252648958,-0.014790733503274584,0.0022308438745905677,-0.026266318984178395,0.9784308451142982,-0.002885688667475923,-0.0018582191683851905,0.0002893092685247369
0.07380341872024737,0.1672150764188178,-0.16436098211622935,-0.017351292404394668,-0.0026838326074028985,-0.038196166033439734,-0.011013692751532658,-0.024093525245994854,0.9807189943517982,-0.0030500496495921526,-0.001784415749664943,0.0004565243449435548
0.02529094475541082,0.11904127208619508,0.038625142798975824,0.022870231156580413,-0.051438274246154075,-0.007571692868858436,-0.008745570689165509,-0.02637209135316711,0.9801955352348427,-0.003011424506793177,-0.0017591248049095322,0.0005755656170297499
0.09152829000132433,0.06899670763369622,0.29775746106791806,0.02784485210779149,0.008073774702128654,0.01334915824674361,-0.00315330534429829,-0.025552034826410795,0.9810806712338682,-0.002713667045725259,-0.0016675965149082078,0.0006445623246634462
0.13423652776246442,0.050154031179363234,0.4851238175741808,0.0577922777862097,-0.01640662455415285,0.03922826674758839,-0.0056493389714946975,-0.042690740099613184,0.97808304189782,-0.002228543228151078,-0.0015333599871457434,0.0006947163558428094
0.22356658451938013,-0.028740541345023428,0.7249776818762885,0.04067248807075159,-0.014460498442681827,0.011182097938815496,-0.003231860098195598,-0.024915347903177378,0.976850730449099,-0.0015035655462747894,-0.001309793402626363,0.0006659758144977859
0.15749118720792368,0.013215357405413228,0.7542104979502596,0.04047215680602281,-0.02886961355822995,0.06395196175826177,-0.007956068453034116,-0.02526793398888443,0.9729274456288275,-0.0007493550483245297,-0.0011523022154184396,0.0006791911719031991
0.22768173306104533,-0.11847529461075934,0.8833375824089109,0.057759410279707595,-0.027648485584240642,0.019038969517447657,-0.0004404760331018934,-0.020319302449856573,0.9761675288898775,0.00013398253408438134,-0.0009246204823573942,0.0005607158772924398
0.2448437643030315,-0.08545995947295704,0.7546336216489323,0.07166025135951973,-0.02014725148583199,0.018454866151938268,-0.002132875802430427,-0.01912137644281018,0.9718363435018565,0.0008886161557333137,-0.0006797767180543626,0.0004752559178194827
0.18208783172671966,-0.20082205510310788,0.6562751258255402,0.07139372103051844,-0.000116609842514462,0.05968793907016436,0.0014846299257648844,-0.026759107740646944,0.9742924380999124,0.001544891281558854,-0.0004976888863276429,0.0002744338627163748
0.16471404267219572,-0.2669589007855702,0.5222063876624541,0.043710942261382904,0.028239718757347883,0.027655522299248267,-0.00013388741701425154,-0.021892655888880445,0.9790381014535207,0.0020670976692213085,-0.0003329748436554472,7.474961930804603e-06
0.14182756651540207,-0.26210731717102376,0.28539080232592534,0.061489927314609186,0.011514161586549578,0.004985235841977631,2.304791184062384e-05,-0.03163422280549067,0.978079658019355,0.0023524884715472334,-0.0001911472771400451,-0.00025463235524021916
0.1218673369448918,-0.3716443958479456,0.05512071010039381,0.05576459781996529,-0.0036930961011236206,0.0042769739451511656,-0.008116416865555177,-0.022441584683210412,0.9940675689231467,0.0024076091816476273,-6.92799401951533e-05,-0.0006262767510881649
0.14492477998792336,-0.24885087809832218,-0.137104167210441,0.09099583861855887,0.03616087976799589,0.02532040472366069,0.001703634956605566,-0.029291928934828293,0.9720902088743141,0.002270505014437186,7.564483979277007e-05,-0.000875127629186487
0.08498869154776896,-0.22759989962892563,-0.26655322346162613,0.06638537937730139,0.04132973432557671,0.018818627972207846,-0.0022880675425911707,-0.03250362304971803,0.9782689681678148,0.00200395179097556,0.00016063353134053904,-0.0011027275288154126
0.052206449436856345,-0.14377664085413017,-0.45986722171839495,-0.0003511286674705242,0.03706298250612826,-0.03443442127586069,-0.0013411147849734606,-0.027657993292727962,0.971851091838235,0.001544084569257165,0.00021283998077739537,-0.0012465041696695428
-0.043457364888843594,-0.21829518861956326,-0.4949513996251791,-0.0005893729762321415,0.037641766919895764,-0.024645327925062452,0.004858830981907983,-0.01987692649333427,0.9771061282787827,0.001049133169631986,0.0001693826158885518,-0.001464799358289106
-0.06779089864727714,-0.019057443842443615,-0.4819706077927947,-0.03423107345028507,0.013792712109124458,-0.0252309046838329,-0.0038540212358654144,-0.026122820737571717,0.9773849105842799,0.0005671625618391911,0.00010159171724127467,-0.0014838568021315495
0.04671010476357294,0.029151842580396093,-0.37258154806805877,-0.024731462983129216,-0.0050049021841956,-0.047180890879540194,0.006624735775518924,-0.019693284485495042,0.9834201079636419,0.00019458101377113236,0.00014830182200484761,-0.0014547049595511534
-0.08435526408578864,0.11348583680976712,-0.2937508141187704,-0.011844152897161845,-0.01123606278741116,-0.026066762154129425,0.0072168533955876395,-0.031066578970110028,0.9770227179047789,-9.916980034763807e-05,6.394655791905896e-05,-0.0013412191227413863
-0.13069033624312432,0.11418581651741753,-0.04598025477092754,0.003768203455165634,-0.03541361445308706,-0.019565381649995474,0.0038840620690848856,-0.02223015971099145,0.9783898057289646,-0.0001451500551185656,-6.674377832406536e-05,-0.001227033306223969
-0.041872882869954525,0.21612975563289522,0.03997472889865644,-0.03399099862150397,-0.007662321672683006,0.010799842094151744,-0.004657305930950088,-0.03087602120668846,0.977270176334311,-0.00010517532621990915,-0.00010861666119401988,-0.0010109035505910739
-0.10068092276314053,0.143357829353972,0.20661735973458992,-0.02858393847272813,-0.02404871502273682,0.021594769992915056,-0.010560019568312644,-0.026633685719953414,0.9724918780617956,0.00010144203351468076,-0.0002092975839571604,-0.0008675457212371018
-0.08613356653985255,0.271381074718018,0.352465249441302,-0.051968152438791285,-0.04082887687769819,0.001334493611626287,0.005891255103978587,-0.02682132159480179,0.9763120027053251,0.00045390728295598273,-0.000295431150497013,-0.0005961646465190838
-0.11151332008056576,0.21501516996369263,0.39643995116154784,-0.003827969780809166,-0.09986153823071905,0.014281731469950478,0.0011796200883028725,-0.024740978684383123,0.9777382148465948,0.0008503472341175305,-0.0004069444705775787,-0.00038114947655539113
-0.10615056403071559,0.1702948411067663,0.4465791812363133,-0.012162398451286156,-0.07293328047914494,0.041791277275065396,-0.002977702906415019,-0.026937727194773893,0.9800924167009121,0.0012969264153538439,-0.0005130950346082943,-0.00021085463544862483
-0.08036857697326799,0.17485385426360156,0.44115273851046716,0.008518843761172915,-0.03085436254886824,0.025243620065978436,0.006741656291526399,-0.03202963363530876,0.9825934165145706,0.001738079153864311,-0.0005934636115815624,-3.600078118502326e-05
-0.11311628117949478,0.19344228781330203,0.4241045850282049,0.01107334921252135,-0.06953426112119188,0.054987655744114704,-0.0033084242044720217,-0.024073740954266558,0.9787010931856592,0.002162183738892516,-0.0007065798927610572,0.00015744150662827877
-0.027692256131174722,0.11096818265041612,0.22006970633521628,0.03487017210346289,-0.04946047209773496,0.04507054346128491,-0.000995919917493346,-0.019957838051498276,0.9786885918597382,0.0023822534452277323,-0.000734272148892232,0.0002684096892786949
0.017168800739096376,0.11447224539323804,0.007533923583823918,0.007655142162056065,-0.08229870983612354,0.02815615190204475,0.0038747499615870936,-0.031675260424051416,0.9714208055507383,0.0023897873688115564,-0.0007171033481531356,0.00038288193467193296
0.11567095850390127,-0.041127533447758324,-0.12696596614599281,0.016864630350302615,-0.0209819065884799,0.026234617077673404,-0.004192323611361223,-0.038071799425542716,0.9827989417395069,0.0022628214026655636,-0.0006014323896492344,0.00034175440122417465
0.05977692870287541,-0.11013907263418306,-0.3238013385752908,0.08916978739664805,-0.045592373228382506,0.06951387309880762,0.000953624095481662,-0.026537706851005274,0.97669617610248,0.0019390200640902724,-0.0005416554609463589,0.0002316153285899916
-0.029446391058215296,0.001321817679775461,-0.5244865150172467,0.018080111064237223,-0.02791542072002314,0.030508746483812396,0.00707199340184695,-0.03082813872785668,0.9839866756177881,0.0014145335490730257,-0.0005711018520045742,0.00023293714626976703
0.09126089577030574,-0.061309993047298623,-0.7628068438072956,0.01613167897248051,0.023266503537546914,0.058041541006278514,0.002807075835314237,-0.02996494603254913,0.9869086494862089,0.0006517267052657302,-0.00047984095623426846,0.00017162715322246842
0.23375836153557625,-0.18089286668303053,-0.8253727979368369,0.06641169254588918,0.018450901606904966,0.005879945828210186,0.008113799289161318,-0.02666499743326218,0.9794622602941983,-0.00017364609267110675,-0.00024608259469869226,-9.265713460562126e-06
0.15347255517674416,-0.14919761322674685,-0.7256649915799455,0.0773345110130077,-0.006355347608459146,0.013049765615485126,0.007669750795283552,-0.03186355883648101,0.975360658993588,-0.0008993110842510522,-9.261003952194807e-05,-0.000158463326687309
0.07546050279558411,-0.10439332340603691,-0.7292683241940351,-0.01592731052003089,-0.0007901372046425388,0.04711001015605585,0.002165423052343925,-0.031060819606919306,0.9804690955194533,-0.0016285794084450874,-1.714953672636396e-05,-0.0002628566500933459
0.1322415612351721,-0.1202713107732878,-0.6138221668687296,-0.012007522074864595,0.01488908058373065,-0.028203703426320427,-0.009432067086282211,-0.030351369575149098,0.9823714639089383,-0.002242401575313817,0.00011509202450880815,-0.0003831279608666337
0.056589753133843124,-0.10837730050975333,-0.3719872483978555,-0.009455646776772226,0.040392033918044336,-0.049136561533818866,-0.003152402156186583,-0.022635460327199153,0.9791257103219566,-0.0026143888237116727,0.00017168177764265128,-0.0004915052613763872
0.008076941745828105,-0.030178154434626916,-0.12313362492424716,0.00804363338512371,0.0348842246949509,0.01293158893322908,0.0063178555876528,-0.02996658243763883,0.9779584646950422,-0.0027375224486359197,0.00017975871938847936,-0.000521683415811014
0.02880455027496873,-0.07239792755978858,0.05621644870568865,-0.05430198578800055,0.033530065696965455,-0.028378520044842377,-0.005125445112357763,-0.03642723786496137,0.9836716531427386,-0.002681305999930231,0.0002085632696634481,-0.0005940813433708026
0.019526747396862946,0.007836559543086825,0.3365765501744119,-0.044639362078395355,0.07266675133897799,-0.008895082792011849,0.001116872346911005,-0.036359437597268104,0.9834172066729173,-0.0023447294497558197,0.00022809001706031106,-0.0005862447838277158
-0.10292782454830032,0.0502053458650587,0.5815301065641788,-0.02603648997810714,0.04031056750480323,-0.014838519724452335,0.004567153080540103,-0.029814303227645687,0.9792731771003779,-0.001763199343191641,0.0001251621925120107,-0.0005360394379626571
-0.10287907156820933,0.07860326703857104,0.6461779739401738,-0.031202049537863312,0.085337059721124,0.00900874034331769,0.010346904722943544,-0.0362872296025879,0.9728095902003284,-0.0011170213692514668,2.228312094380139e-05,-0.00045743617092408606
-0.08223088197557142,0.10526016903964014,0.7942040331038656,-0.042239501689633155,0.03563214569608342,-0.007922892152835046,0.00024813559649705273,-0.03858046964033142,0.9834370923300789,-0.0003228173361476013,-5.994776103177003e-05,-0.00035217600188444594
-0.1320479373496731,0.14755408928147526,0.7621178692525574,-0.029011473527799425,0.06209142013756293,0.014815691088697146,2.985506805302943e-05,-0.02771935744514662,0.9773938293945558,0.00043930053310495623,-0.00019199569838144315,-0.0002046219126029707
-0.12203109824918582,0.15368852012366552,0.7135260817339713,-0.042779957837156636,0.024677201448607165,0.03384036281740889,0.0031089961180991053,-0.027601849930890245,0.9823774172095586,0.0011528266148389276,-0.00031402679663062894,-5.093339247930515e-05
-0.21797480964609506,0.09763365507688393,0.6116096796631985,-0.007045594719379532,0.027073981873129687,0.009514142367108782,0.005249588046546483,-0.03299154529493656,0.9821367259049915,0.0017644362945021261,-0.000532001606276724,4.670026259757879e-05
-0.14500011003676758,0.16243464885195372,0.4860814330301583,0.006469333527612334,-0.016651913521384468,0.018376950473113704,0.0028474493299034467,-0.0298082997880711,0.9720114108990615,0.0022505177275322845,-0.0006770017163134916,0.0002091349114495325
-0.241026358833166,0.04747256111677911,0.2435584563578601,0.030651933054594727,-0.028858437828786786,0.025650537891906425,0.00898854262127384,-0.030460931402540616,0.9819367440489245,0.002494076183890144,-0.0009180280751466575,0.0002566074725663116
-0.11216199649067361,0.03857343743590873,0.013164617646240741,0.028288917786479295,-0.011283992948075822,0.001659190520646921,-0.0001301486140196646,-0.028513592677851085,0.9841791640826619,0.002507240801536385,-0.0010301900716373315,0.0002951809100022204
-0.26004284880467277,-0.016230886409088117,-0.1563273050004742,0.06049247661318268,-0.007962292299195803,0.016984520089079084,0.004589592286189398,-0.028625293539875668,0.9848674065293234,0.0023509134965359105,-0.0012902329204420042,0.00027895002359313225
-0.21716850608465865,-0.04115823323573019,-0.37815192738440884,0.08049183330132238,-0.032330933301393736,0.02095707624972322,0.006337910768195431,-0.044800539800123856,0.9823435923053438,0.0019727615691515015,-0.0015074014265266627,0.00023779179035740206
-0.12642995712835092,-0.2096948593241562,-0.4203551227862381,0.06944441110200154,-0.062124076091603475,0.002266268117311539,0.0022335804364096937,-0.03309584271238688,0.971945927459707,0.0015524064463652636,-0.0016338313836550137,2.8096931033245843e-05
-0.04157113129563733,-0.12125489522454222,-0.4398385110412241,0.07602988959011461,-0.06456905770770757,-0.00422738365389381,0.008556024257256208,-0.02942477221496698,0.9882923310852283,0.0011125679353240394,-0.001675402514950651,-9.315796419129637e-05
-0.07105585274373076,-0.23493922638338893,-0.4808267621306864,0.06916635071941452,-0.06458050209989548,-0.008168427893125984,0.0052248253435504925,-0.03418671246951248,0.984037080105212,0.000631741173193353,-0.0017464583676943817,-0.0003280971905746854
-0.02338867132397636,-0.17745401304703357,-0.40929540810901743,0.06380939352233173,-0.06791673466298813,-0.02894078805841275,0.008546642401965026,-0.03207274076367369,0.9760403829457157,0.00022244576508433558,-0.0017698470390183582,-0.0005055512036217189
-0.010075188727731638,-0.27105446037653746,-0.25416937362104125,0.04206834632094806,-0.025037924911666537,-0.00838417336205058,0.0056951338798950524,-0.028618763569566105,0.9781931479826127,-3.1723608536705694e-05,-0.00177992222774609,-0.0007766056639982564
-0.019227020367437713,-0.25102156775386325,-0.20153116468549054,0.05311388483963338,0.0020697228695731986,0.0024338593702561816,0.0067286491808894525,-0.03208532890773022,0.9833630375207966,-0.00023325477322219625,-0.0017991492481135277,-0.0010276272317521196
0.043099257355236356,-0.1443409965857138,0.09328513353807373,0.03348789204491699,-0.01293972929425458,-0.03692700947435975,0.0018064891865004766,-0.02506722868829045,0.9856807593665672,-0.00013996963968412253,-0.001756049990758291,-0.0011719682283378337
0.04472050405489608,-0.213443666157515,0.3794209599945221,0.06519198265202221,-0.04971466269796683,-0.016371498461594698,0.0019362149462665377,-0.027087941365101353,0.9799169136141147,0.00023945132031039955,-0.001711329486703395,-0.0013854118944953485
0.0721438497141687,-0.0986627534227701,0.3691841236042846,0.04285693950854609,-0.0003350067602161085,-0.02645054434887093,0.01133348042595684,-0.03343091346291943,0.986559210934206,0.0006086354439146843,-0.0016391856369892264,-0.0014840746479181186
0.17432739031425326,-0.09839004300723458,0.459404813740146,0.008225787628278115,0.007459913650163528,-0.007393479466871711,0.008510269061986356,-0.0339427139315888,0.9735425711950776,0.0010680402576548303,-0.001464858246674973,-0.0015824646909253532
0.12242642426383679,-0.01887072308376593,0.5285611363134,-0.023780623037052053,0.05859614425981767,0.025565037555508173,0.00033889929481469537,-0.047317661402019026,0.9773688961068094,0.0015966013939682302,-0.0013424318224111362,-0.0016013354140091193
0.1996896168754643,0.030006031455558652,0.5332521602827627,-0.03730496898127655,-0.008224883054264779,0.014655880740422757,0.006478835232013156,-0.03481127420749025,0.972334120250328,0.002129853554250993,-0.0011427422055356718,-0.0015713293825535607
0.1282884003086534,0.12874983521561706,0.40126045895600637,0.005154369170156875,0.015294147586907756,-0.020302630766975943,-0.006173789248555649,-0.04005699173453584,0.9782436259756595,0.002531114013206999,-0.0010144538052270185,-0.0014425795473379435
0.19726534272034368,0.11513164220183723,0.10104155028247154,-0.013901080876199252,0.057160860131827515,0.03450746200132414,0.0029457382785649843,-0.03229554248296851,0.990345710194593,0.002632155563489471,-0.0008171884625066748,-0.0013274479051361065
0.14924050697480867,0.14848214133741697,0.030603466023802945,-0.006967321408198328,0.02966885936431677,0.05909224512257383,0.010740695974524275,-0.03274753562777752,0.9931689681567968,0.0026627590295132736,-0.0006679479555318662,-0.0011789657637986896
0.21783231408707532,0.1985511793723263,-0.09129332903759317,-0.046097139574575,0.027342884567741244,0.03703401164305856,0.0054297138165812055,-0.030141962677764512,0.9841275011064556,0.0025714657004756807,-0.00045011564144479085,-0.0009804145844263632
0.1437431233705809,0.25166044771503154,-0.3909638440327079,0.014972891579973132,0.01179444848356619,0.06588639490190948,0.0067646502187073,-0.026746391893884114,0.9798369525197164,0.0021805018564429726,-0.00030637251807420996,-0.0007287541367113318
0.156989340887967,0.24000859349607695,-0.6552933410371432,0.014714264330861369,0.007914137138716023,0.033832350510923315,-0.008787418033839953,-0.033968741977471184,0.9819954057923648,0.0015252085154058292,-0.00014938317718624295,-0.0004887455432152549
0.03368674679479113,0.2700170852170286,-0.7237664960237576,-0.006625078696795265,0.007542429717370894,0.016665202404604285,0.00445237294084809,-0.02254210890482733,0.9855447673822438,0.0008014420193820717,-0.0001156964303914518,-0.0002187284579982262
0.037911301206002924,0.26991703663077615,-0.8662812302362517,0.015990988928692725,-0.034106315885400494,0.0452038255359327,0.008223901783866661,-0.03288787123520867,0.9754375811339626,-6.48392108541801e-05,-7.778512918544889e-05,5.1188578632549995e-05
-0.0427270488671678,0.12527922577181805,-0.7480345347461875,0.039547772661185955,-0.01024262763622973,0.0009385645971696065,0.008977631781404087,-0.04070628811164545,0.9804643607513145,-0.0008128737456003677,-0.00012051217805261669,0.00017646780440436804
-0.04777631664716911,0.08758813221075422,-0.7710519484974864,0.04239990002978298,-0.06452125702600076,0.023261090478482058,0.011581340123473342,-0.037069780230349444,0.9905756459605375,-0.0015839256940978542,-0.0001682884946997858,0.0002640559366151223
-0.06871754584660103,0.0011952984027435165,-0.5770306311562914,0.040160298338247614,-0.038540065351614514,0.044840036613746824,0.00583638471962418,-0.036226503464954096,0.9782469058604055,-0.0021609563252541456,-0.00023700604054638686,0.0002652512350178658
-0.11342700145831247,0.10544442351112082,-0.4175961057528562,0.045705056706673644,-0.0478511303754969,-0.02815968986115705,0.006177234413505032,-0.031504615101911354,0.979804557935575,-0.0025785524310070022,-0.0003504330420046993,0.00037069565852898665
-0.15374609501883313,-0.02612899733625319,-0.1644582350011769,0.041394136106531094,-0.06792306770833267,-0.023915017232251985,0.00046248976203424295,-0.03930311044943916,0.9836898264877808,-0.002743010666008179,-0.0005041791370235325,0.00034456666119273347
-0.17431349408608215,-0.06339319485164027,0.18135214271285932,0.04504860753843379,-0.05777862171837178,-0.02587939314142166,0.006217751438795631,-0.036157477082011,0.9851136937783412,-0.00256165852329532,-0.0006784926311096147,0.0002811734663410932
-0.22161465102664635,-0.18231118485260828,0.3591136152503748,0.06416031094169598,-0.06890575794313133,-0.011380370671797728,0.0010494802112695238,-0.03557265987544529,0.9806470339662481,-0.0022025449080449446,-0.0009001072821362611,9.886228148848494e-05
-0.16042815243259578,-0.14337611635770645,0.5357673377056162,-0.026206629998174052,-0.07441961292814564,-0.019875469537002262,-0.0017652891429699204,-0.037107044873976466,0.9842308942206933,-0.0016667775703393284,-0.0010605354345688568,-4.451383486922154e-05
-0.07424576025710428,-0.1286232512490061,0.6620447336355048,0.009134608290654742,-0.05414072965713859,0.015555863222246285,0.0021645754751542937,-0.030907465351365383,0.986959733419118,-0.0010047328367038238,-0.001134781194825961,-0.00017313708611822764
-0.16194293124993317,-0.15818642105311143,0.7139647411459972,0.005323287730624902,-0.06107988509237642,0.00928047680792705,0.015250008075526598,-0.03185515332269006,0.9938012026028413,-0.0002907680955578266,-0.0012967241260758943,-0.0003313235071713391
-0.13157996213778403,-0.07822193629572666,0.7530784274218694,-0.004282957697771086,-0.02274905776782789,0.004872098351058365,0.006469584497017695,-0.029325256719614376,0.9834365725576741,0.0004623103318640428,-0.0014283040882136784,-0.00040954544346706573
0.03740623805756385,0.008953985547137833,0.75254210659226,-0.028637559211434422,-0.04121198326184246,0.004266487538421904,0.009037275473195184,-0.03690866212173143,0.9839351010366066,0.001214852438456303,-0.0013908978501561142,-0.00040059145791992794
-0.04803597172789992,-0.10199294892651095,0.6640114524230083,-0.06547324358750092,0.007624991193601347,0.01652765086447578,0.005485592181329971,-0.029335451478404783,0.9918525836405411,0.001878863890879311,-0.0014389338218840143,-0.000502584406846439
0.023288421379465393,-0.06132543682013958,0.41470729359895403,-0.030328933813888667,-0.018681888434024244,-0.0011252362804214152,-0.0007848148022475548,-0.04226173473743464,0.9815431670074322,0.002293571184478265,-0.001415645400504549,-0.0005639098436665785
0.0648632594852691,-0.009308033636613137,0.30455300364932164,-0.005750933859172538,0.004518085801800943,0.04005890626451932,0.012963050321055039,-0.04247643532741419,0.9777408445672597,0.0025981241881275867,-0.0013507821410192798,-0.0005732178773031917
0.09059178119052458,0.14759574306675016,-0.015642238195150857,-0.0709159499048764,0.01298950571804753,0.00609161082587035,-0.0024642885797907833,-0.04169538894804616,0.9856874060391726,0.002582481949932436,-0.0012601903598287551,-0.0004256221342364415
0.011474903192755265,0.15778356262861173,-0.1921036100620846,-0.01935747690220023,0.05984565431638976,0.04847534068982329,0.005736624671187288,-0.035671288608648294,0.9898905246684547,0.0023903783398703513,-0.001248715456636,-0.00026783857160782976
0.08760178270811425,0.12993999100797576,-0.3920033771336559,-0.03623484053222806,0.04562119454836063,0.05653232251396602,0.008351063603109755,-0.02979552060385894,0.9863883095090489,0.0019983749627366953,-0.0011611136739278858,-0.000137898580599854
0.03485639192893794,0.1519118139909493,-0.4042762368670014,-0.020982221193495375,0.03798287059329987,0.03549246330251006,0.009889795710522162,-0.038907280990033155,0.9841713546997257,0.0015940987258696937,-0.0011262572819989477,1.401323339109531e-05
0.22650340476524278,0.11291382427062849,-0.3971482468551095,-0.02860756874624382,0.052787802099363866,0.023705833173205827,0.005217864021223072,-0.038368290044179416,0.9774877590979795,0.0011969504790145843,-0.000899753877233705,0.0001269270576617238
0.038502640845965566,0.17741671668196612,-0.5520394032988287,-0.000545061602985895,-0.0013229106907678848,0.028988935393349916,-0.00022708021213043404,-0.03715225603106333,0.9845111054936284,0.0006449110757157555,-0.0008612512363877395,0.00030434377434368997
0.054724646287073776,0.09145889986572112,-0.40275554505511635,0.04640679093835999,0.03554712862954913,-0.044172337035158354,0.0050694220676209345,-0.03329445746854904,0.9910418838472931,0.0002421555306606391,-0.0008065265901006657,0.0003958026742094111
0.03957835769873418,0.05767949660530706,-0.19484579950823605,0.04592786981623455,0.06984053501960426,0.010195447359118974,0.005442901656293077,-0.0386322428452439,0.9787786120034513,4.730973115240306e-05,-0.0007669482324019316,0.0004534821708147181
-0.002782238921887309,0.0493558432746148,-0.15363763768579572,0.08146463003464763,0.024340315639701515,-0.0072068535453014716,0.005432664508855225,-0.03899580361233491,0.9837984793985166,-0.00010632790653339268,-0.000769730471323819,0.0005028380140893329
0.10194180817631929,-0.0410834388957057,0.11594643058779454,0.08075017120451661,0.013702398294584174,-0.01439064522918169,0.014259498251578094,-0.043139379747541895,0.9831577380863312,9.618524054401875e-06,-0.0006677886631474997,0.0004617545751936273
0.12105928706330468,-0.09853124409368809,0.31165968469900196,0.07353081353765308,0.013391188695977349,-0.0062431516007103015,0.0034518932664396743,-0.039353773593973275,0.9816795129599978,0.00032127820875340387,-0.000546729376084195,0.00036322333109993916
-0.04469696998432408,-0.13983818482854177,0.3922078453417349,0.10387004658345893,0.010469995117205066,-0.026747634035163698,0.011135129556287633,-0.03068970178893672,0.9864804514526165,0.0007134860540951388,-0.000591426346068519,0.00022338514627139738
-0.1167867383837767,-0.14959764716322208,0.49717719057982007,0.078481553161671,-0.056619066181205005,-0.050321744279641596,0.010531664212031349,-0.03620329886709424,0.9875300887692503,0.001210663244674959,-0.0007082130844522957,7.378749910817531e-05
-0.19136630567289392,-0.14594237905134996,0.5744605577714458,0.08346963157670541,-0.05835187977201113,-0.029727524317839683,0.01465201572955498,-0.040437193612452946,0.9875503477024006,0.0017851238024464045,-0.0008995793901251897,-7.215487994317465e-05
-0.1297092777322767,-0.21697856546788472,0.538243142363983,0.05496727349783812,-0.026877181520035823,-0.02202805845964787,0.009293253448883565,-0.030636265124056518,0.9805747384258092,0.0023233669448103874,-0.0010292886678574665,-0.00028913344541105934
-0.15913817410025505,-0.2139557511036252,0.33730014983175466,0.05351208788956406,-0.04974547614292517,-0.014894502934703133,0.014023346948102353,-0.03982118620161124,0.9773013652562181,0.002660667094642142,-0.0011884268419577217,-0.0005030891965146846
-0.1954106572890445,-0.25099481041898203,0.15373280293427566,0.027512021218296802,-0.011337362442756476,-0.00557506176444608,0.009314973270944486,-0.029872542300491772,0.9869156437827565,0.0028143998975764177,-0.001383837499246766,-0.0007540840069336666
-0.16979526995683566,-0.24944494088853095,-0.06305140237221948,0.049367554817276005,-0.04369940941134064,0.021881113357868222,0.012456016709663613,-0.030030552667398434,0.9831464446239024,0.002751348495204198,-0.0015536327692036017,-0.0010035289478221973
-0.16917886683197297,-0.14752617617843347,-0.1908142617859922,-0.006127742078382624,-0.07366520741211935,-0.00999420371383349,0.0028769227589822283,-0.036843860709440186,0.9949398592918725,0.0025605342334182064,-0.0017228116360355748,-0.0011510551240006307
-0.1722415908761263,-0.11859196815614689,-0.5067327172514492,0.021608376474096566,-0.05589057901628904,0.025732479899331376,-0.002692598311446132,-0.04469105978467596,0.9952430217396063,0.002053801516166757,-0.001895053226911701,-0.0012696470921567777
-0.19363104721462893,-0.13227327589459936,-0.6330360148300888,-0.007821235103405334,-0.07940255520520163,0.05751444283689378,0.012493275738295541,-0.025824262520050892,0.9958460153757961,0.0014207655013366682,-0.00208868427412633,-0.001401920368051377
-0.21422161447637908,-0.01778238475162828,-0.744225915792834,0.011670776297885968,-0.02174644323693939,0.0047609094408968804,0.012867787812501644,-0.035407897050992544,0.9812640212965148,0.000676539585543834,-0.002302905888602709,-0.0014197027528030054
-0.11043288079773828,0.05781831809148834,-0.8342002670959681,-0.0017269888322666866,-0.012793881370295055,0.048413945534024,0.013195291673532034,-0.03903528064593607,0.9888833458634466,-0.0001576606815521341,-0.002413338769400447,-0.0013618844347115168
-0.11196666397240995,0.09831861338165618,-0.7864063798522805,0.017742753031728075,-0.009360430530476948,0.035712311939354674,0.008298598192034636,-0.03270582878470643,0.9904631018520085,-0.0009440670614044146,-0.002525305433372857,-0.0012635658213298606
-0.03831992193145179,0.24194217300140697,-0.5948120936608317,-0.0028529714904175756,0.02839590749521595,0.039680226535206226,0.01847692155326389,-0.03404463012158826,0.989971862456466,-0.0015388791550652462,-0.002563625355304309,-0.0010216236483284536
-0.00606589489652648,0.23622272388366078,-0.5641487594588578,-0.044765694690001454,0.03745956836655541,0.025849806213713966,0.008833535361124084,-0.031070179106805238,0.9844797657579909,-0.002103027914524104,-0.0025696912502008356,-0.0007854009244447928
-0.06920139732017845,0.30349155350228396,-0.3707327372342309,-0.007996969734176577,0.01524541350054674,0.03493038114567137,0.013341494176973927,-0.041004385964148016,0.9927191553327193,-0.002473760651758335,-0.002638892647521014,-0.00048190937094250884
-0.03100105742991085,0.26288681581742646,-0.062268596180785465,-0.021525177145564768,-0.020775472503946638,0.06760529306103277,0.014314011221004747,-0.03616710377391465,0.9863971912201301,-0.0025360292479391206,-0.0026698937049509253,-0.00021902255512508244
0.03747896326708991,0.24883265174984653,0.15433391496913287,0.0012605918561529768,0.03536000117743432,-0.0032467214589321555,0.020037814195548585,-0.043754691770196814,0.9871067414988851,-0.002381695332969988,-0.0026324147416838355,2.981009662476414e-05
0.05778752063581326,0.18097695690412452,0.4479289740904909,0.05184329052727714,0.032917057421480295,-0.01047264175859663,0.0099617968046711,-0.03455858272132423,0.9788483463020632,-0.001933766358879497,-0.002574627221048022,0.00021078705352888866
0.1706815264750101,0.1901125246073296,0.590849700373451,0.043764087588456416,0.024509733994708512,-0.02179384124861656,0.008383356025678497,-0.038068938288969456,0.9898325481830162,-0.0013429166585060461,-0.0024039456945730117,0.00040089957813621823
0.17584345087935194,0.14503396223392348,0.7174654998583514,0.024999450842074108,0.03234528170367573,0.031340189144762956,0.004260509392722885,-0.03661216294800785,0.9853777806169045,-0.0006254511586476945,-0.0022281022436936595,0.0005459335403701418
0.22719848287030012,0.029352888139303965,0.7233305193030962,0.024518555709257525,-0.018001481826832158,-0.018040371400321206,0.019614523187398723,-0.038810995081347464,0.9890747544095838,9.78793606554017e-05,-0.0020009037608233597,0.0005752864285094456
0.2043860119018293,0.012197850891118547,0.7322931341928537,0.04856312166545295,0.0366596929507255,-0.01256470695200087,0.014060726604782647,-0.03939526568644377,0.987997353567754,0.0008301724948482555,-0.0017965177489215303,0.0005874842794005643
0.1975134077613293,-0.03192280147243806,0.6506045560786523,0.023653317577866477,-0.03238486879853431,-0.020806908185191285,0.014319489603959713,-0.042541588916453835,0.9877972959690334,0.0014807770509269078,-0.001599004341160201,0.0005555614779281262
0.23718589926351563,-0.046920293713467634,0.6170385186548772,0.03150469049498744,-0.008180333060274459,-0.02979522773842533,0.027737741407508856,-0.03430742825857459,0.9867347752810761,0.0020978155695817852,-0.0013618184418966854,0.0005086411842146585
0.19041850569410196,-0.08487161086301828,0.35372923598331746,0.04512987786536037,-0.06655732826184305,-0.011480688634917037,0.01387900020541965,-0.030869238762243248,0.9909669729098873,0.0024515448055651024,-0.0011713999362025834,0.0004237695733516403
0.15223602168618489,-0.1614312184625106,0.26390131622000373,0.05337030650518333,-0.0601377815249724,0.04832361371070747,0.005841242014472502,-0.04115831221282081,0.9861100426769914,0.002715446121785106,-0.0010191639145163984,0.0002623383548891296
0.19202269011290451,-0.12828599555230163,-0.006630778904228253,0.03182992870597532,-0.018450177481976936,0.03409457377755893,0.011471916036163658,-0.0356635097785874,0.9798989484182367,0.002708815342880878,-0.0008271412244034939,0.00013405235933682796
0.09985612123164617,-0.1591640488207956,-0.21428988107536062,-0.03799392018170008,-0.059291321704058875,-0.003312550006982209,0.0076756151767506196,-0.03632556505715168,0.9900900417297406,0.0024945254618055175,-0.0007272851031718477,-2.5111689483967638e-05
0.04848399450585895,-0.26983572341570994,-0.39731499277173354,0.0017615906251121412,-0.04025995771607773,0.033792170148115,0.010667783124098919,-0.03850029259607476,0.9832704612844476,0.002097210469033784,-0.0006788011086659888,-0.0002949474128996776
-0.009259141300813012,-0.13472536987442457,-0.43005329188187663,-0.014456751382046388,-0.05276593491430266,0.010146779428941764,0.010731275672415143,-0.04622708501545243,0.9807643009374395,0.0016671571771519071,-0.0006880602499668019,-0.0004296727827741022
0.02890105760688378,-0.027366513684301173,-0.5314069029197318,-0.01771246503540693,-0.05743297596606435,-0.004620844722002684,0.009905697199898806,-0.045154442676126366,0.9823444097561134,0.0011357502742321754,-0.0006591591923599181,-0.0004570392964584033
0.022797424981195455,-0.11212266357171224,-0.5092231410539665,-0.0014830926488487405,-0.023342349249923802,0.05314141648340243,0.005970495163949697,-0.042602738801739246,0.9889421986386325,0.000626527133178209,-0.0006363617673787226,-0.0005691619600301155
-0.0636095562809064,0.01572657905852731,-0.31829028112078567,-0.07997322977827498,-0.04831984914185758,0.05525395433406354,0.02099499366761671,-0.04944324804471221,0.9871127460868604,0.0003082368520574233,-0.000699971323659629,-0.0005534353809715883
-0.023550356203523803,0.12783925981895208,-0.2179144680909557,-0.05208234510207364,-0.07021304791363847,0.04971500742135176,0.014621789029763424,-0.031757487140362334,0.9770016203678619,9.032238396646761e-05,-0.0007235216798631527,-0.00042559612115263625
-0.1910254369791339,0.05945857145919382,-0.076578191858339,-0.026451632078734078,-0.0401978065665686,0.013811440012177116,0.012094733689237518,-0.037007560740635985,0.985816342277733,1.3744192108128607e-05,-0.0009145471168422866,-0.00036613754969344245
-0.11320626474561049,0.12569400734266908,0.14050379270945879,-0.06443247659161852,-0.0017337606390821015,0.0124203386426977,0.017104306079858828,-0.039043336734987645,0.9936502546685412,0.0001542479848175874,-0.0010277533815878973,-0.00024044354235077336
-0.11594552246994105,0.08550099494262835,0.27413924181217014,0.005349066337966659,0.006817105434990578,0.022076529360251534,0.01576495067857284,-0.04989118250660757,0.9856169858261569,0.00042838722662975757,-0.0011436989040578382,-0.000154942547408145
-0.14416720384997575,0.22698230324422192,0.4192702235343031,-0.0055590024327255,-0.021118871476951736,0.005788814581891379,0.014881035951470101,-0.04810484573930001,0.9871153351514881,0.0008476574501640607,-0.0012878661079078141,7.20397558360769e-05
0.008798060732209359,0.140752697898036,0.4403560751993616,0.017122394663652916,0.006084238877868147,-0.01865221936412125,0.017020007576199363,-0.03904170144640833,0.9932268159594614,0.0012880135253634222,-0.0012790680471756047,0.0002127924537341129
-0.08820905905745492,0.12518635157187802,0.5868157978596554,0.0028841223276997903,0.01775908496179924,-0.05070225669367514,0.014356589147762734,-0.029221061582255323,0.9920583320518004,0.0018748293232230776,-0.0013672771062330598,0.0003379788053059909
-0.08335099721274723,0.1511017412819584,0.4120579275250427,0.04473513668648471,0.028911275444077168,-0.021668068729522795,0.01712938059454626,-0.04260926205666448,0.9932585533397145,0.0022868872507481207,-0.0014506281034458069,0.0004890805465879493
-0.039161076227100064,0.07463676827104229,0.39467289958658197,0.06307660879837594,0.013184019776718571,-0.0055140888552736664,0.017634648751957936,-0.03483859236172265,0.9743558261651979,0.0026815601503347025,-0.0014897891796729068,0.0005637173148589917
-0.10596097506972393,-0.047831789620930744,0.14700739732605805,0.057815224821440296,0.030059814516791423,-0.05137174584256977,0.014772947332896995,-0.04159764646791785,0.9969548889172718,0.002828567547660761,-0.001595750154742631,0.0005158855252380609
-0.02148056273445889,-0.09244774509549865,-0.009264124065936893,0.06674405187098009,0.027363261147976277,-0.01204617070469636,0.012947096509036143,-0.038961499743537194,0.9915378376312921,0.002819303423594824,-0.0016172307174770898,0.00042343778014256224
0.08524642871812434,-0.09424659635151438,-0.22802751113926487,0.07324103263545058,0.05415153465586568,-0.012822876044664257,0.02179021866938267,-0.033202847021066656,1.000731660498447,0.0025912759124555595,-0.0015319842887589656,0.00032919118379104786
0.03536540797520456,-0.1951290638167708,-0.4144652785446695,0.052885308451520355,0.04940706568985204,0.003286365686744905,0.011837324495743845,-0.04104360228250464,0.9845809715209849,0.00217681063391089,-0.001496618880783761,0.00013406211997427702
0.0467941370488382,-0.30442887701233023,-0.6785777788220116,0.06597193839224591,0.022903584995827262,0.015220168329735937,0.01627144107827081,-0.042800953229216634,0.9797435511944736,0.0014982328550888783,-0.0014498247437349226,-0.00017036675703805323
0.1609269729988277,-0.23804974796504363,-0.7107200496382152,0.061264119623606075,0.009146848868306042,-0.005616712608150968,0.016471890884674437,-0.032295666242409274,0.9886649773862286,0.000787512805450663,-0.001288897770736095,-0.0004084165050030969
0.17228823467094362,-0.3177880763634883,-0.7287233628782618,0.06440861901583697,0.010086251605685308,-0.013433815376688906,0.011441466744434865,-0.03919282509910543,0.9873199816981441,5.8789442572401154e-05,-0.0011166095360651514,-0.0007262045813665852
0.13788223500470326,-0.17359680612476935,-0.8046053105146818,0.06682020654400989,-0.019008215737646397,0.018142261967380613,0.010536479242951983,-0.033998187936859374,0.9920329979079365,-0.0007458158679422806,-0.000978727301060448,-0.0008998013874913545
0.08981010169254965,-0.22197241745963822,-0.6958778229827042,0.014177631795109466,-0.035232982649480916,0.054975093218335006,0.012892090809534653,-0.042913060186385306,0.994207029790252,-0.0014416936909249847,-0.0008889171993678984,-0.0011217738049509928
0.08956723619734987,-0.23874409290422072,-0.5599483391703534,0.02070124153798772,-0.03979724037764199,0.03253866775011276,0.012285447587350503,-0.032485049325148785,0.9884635018925955,-0.002001642030095338,-0.0007993499631705486,-0.0013605178978552135
0.04698277453699634,-0.1831250474453982,-0.33870385896588706,0.04093312890493681,-0.04095065122752033,0.033018424971719175,0.0075404778165513745,-0.03818089017006515,0.987763890449291,-0.0023403458890612254,-0.0007523671886335522,-0.0015436429453006117
0.015851969611235812,-0.18166176869057132,0.00025582061507645193,-0.014330151418134214,-0.05693648089960884,0.011090673203788889,0.011657668476024383,-0.037404695333442546,0.9916483603902577,-0.002340090068446149,-0.0007365152190223164,-0.001725304713991183
-0.013552376930364776,-0.08270784505044812,0.12723640234263087,-0.02474783874657595,-0.03369811326430597,0.08030551929958672,0.01632968325132674,-0.038949093830088245,0.9878203201745804,-0.002212853666103518,-0.0007500675959526812,-0.0018080125590416312
-0.02457150165817189,0.07940275321311094,0.3652008047752496,-0.010561581282533091,-0.023325595385819534,0.056888593539957864,0.021411118570634154,-0.042162221498089195,0.9874691258498762,-0.0018476528613282684,-0.0007746390976108531,-0.0017286098058285203
-0.07643998139683174,0.19789591802758913,0.6783298950548415,-0.0010712275001206507,-0.06834793962621646,0.04877667659245367,0.017935594259622385,-0.03966986542210643,0.9944216535867515,-0.001169322966273427,-0.0008510790790076849,-0.001530713887800931
-0.13398027586863562,0.18481902231336927,0.7707653785608731,-0.017951725220987775,-0.0326398989360597,0.044295046496272625,0.0022476033913185842,-0.04190000524955565,0.995601679453204,-0.0003985575877125539,-0.0009850593548763203,-0.0013458948654875619
-0.08405677216551832,0.19319397829037369,0.9071252044706772,0.011234153287609572,-0.03221099804368138,0.027384669662822568,0.018532830898984196,-0.034913923697933474,0.9947893004500725,0.0005085676167581233,-0.0010691161270418386,-0.001152700887197188
-0.11276756409613747,0.21044096121338723,0.78115998745547,0.007366720535301562,-0.014187504275650551,0.0020561268497819984,0.012615984781179016,-0.04075053643807497,0.9885948665683032,0.0012897276042135935,-0.001181883691137976,-0.0009422599259838008
-0.07056801665465558,0.20402587860581162,0.7275664365636788,0.01485157821617882,-0.013513196357646182,-0.004257401336056493,0.01775196723769534,-0.047240379377106435,0.978803481987677,0.0020172940407772724,-0.0012524517077926317,-0.0007382340473779892
-0.1993352715298407,0.3443961410010239,0.5491588267332778,0.01838401946392141,-0.03415201139711204,-0.015780933220063312,0.015495102338659741,-0.048176550021491106,0.9888276732384704,0.0025664528675105503,-0.0014517869793224723,-0.00039383790637696525
-0.16824987595683336,0.22674320796167216,0.3984933688568383,0.0638190267315317,-0.022325982916547454,0.04141988634417238,0.014680937764447483,-0.048433605144109,0.9858449443585817,0.0029649462363673883,-0.0016200368552793058,-0.0001670946984152931
-0.17350220812258374,0.3040715452436412,0.09831559327708891,0.02292708303746519,0.010766833615425693,-0.001691211524532936,0.015211176902066798,-0.03672973803820004,0.9890522231459803,0.003063261829644477,-0.0017935390634018892,0.0001369768468283481
-0.19789807341509066,0.23015340368926845,-0.0016148531140719666,-0.004337696669928835,0.03674007507920073,-0.02104400637387127,0.01568759295584867,-0.0455956847391542,0.986411259725985,0.003061646976530405,-0.00199143713681698,0.00036713025051761665
-0.14257148409704504,0.036513010941409324,-0.20949207088741997,0.07467980186157933,-0.023847789477297508,0.0009770517125948664,0.022598474567293962,-0.038355299103039385,0.9897287420541576,0.002852154905642985,-0.002134008620914025,0.00040364326145902595
-0.12429205742200168,0.03159227310715889,-0.3764801493574015,0.037828495468753075,0.02957285508195092,-0.02313261236492238,0.015854257206012873,-0.039189413194553796,0.9847016505864848,0.002475674756285584,-0.002258300678336027,0.0004352355345661849
-0.12123228037844967,-0.023659318426307464,-0.48450375639296817,0.05061502936269372,0.046420747260447745,0.03397509992212693,0.02145571746225961,-0.0402113791378202,0.9835598882773102,0.0019911709998926153,-0.0023795329587144765,0.0004115762161398774
-0.11855758078201678,-0.04827461250451738,-0.5353426652158066,0.0730023127790461,0.017226986198699636,-0.0018850830907776207,0.020802412021048884,-0.03771035271620372,0.9961422379989755,0.001455828334676809,-0.0024980905394964936,0.00036330160363536
-0.08915389592055645,-0.0918995511197245,-0.42242452308575384,0.010038762663524025,0.026730928333143816,0.02866722801820433,0.019512320610969726,-0.03912439543865646,0.9852456551133308,0.001033403811591055,-0.00258724443541705,0.0002714020525156355
-0.09839442300873084,0.014558576179244845,-0.4122380956095742,0.009528927769729943,-0.004879393756880106,0.04635242453123566,0.007317570309706922,-0.05347708770819491,0.9901606204432233,0.000621165715981481,-0.0026856388584257807,0.0002859606286948804
-0.03378555779809732,-0.19425628420055455,-0.19144030972429815,-0.007267738097357123,-0.0013681498440572242,0.03750153652965876,0.02190675768006186,-0.041558082231420906,0.9949964113053867,0.00042972540625718284,-0.002719424416223878,9.170434449432582e-05
0.013296471233622282,-0.14159969960324206,0.05108332808621928,-0.0025097130445803917,-0.04070469906761982,0.03431614271838963,0.014106373489918004,-0.03782494826146592,0.9948600871555962,0.0004808087343434021,-0.0027061279449902558,-4.989535510891624e-05
0.027015855858549112,-0.11701700158895534,0.2002425654638524,0.010037410955323749,-0.06506659600136722,0.032777275331076404,0.020046154646045315,-0.031758548388834906,0.9943273907777966,0.0006810512998072546,-0.0026791120891317068,-0.0001669123566978716
0.13236770387819657,-0.12545805284826392,0.2222326871255356,-0.00023324219704401288,-0.009204273169197683,0.02898547018301651,0.011675842245121665,-0.03153616323675579,0.9919319184133244,0.0009032839869327901,-0.0025467443852535106,-0.00029237040954613547
0.19576710107495096,-0.089088932896737,0.3892380376305783,-0.01607232406431949,-0.05701561197822716,0.01370529225919602,0.010683471453545066,-0.046791682916403385,0.9941018904141437,0.0012925220245633686,-0.0023509772841785593,-0.0003814593424428725
0.12152326757878984,-0.10263502173828723,0.5024548572108525,-0.05880436541648791,-0.05447682661607777,0.009336078871330485,0.026560464924324713,-0.04173102583663409,0.9974114535945033,0.001794976881774221,-0.0022294540165997694,-0.00048409436418115975
0.1919708086426989,-0.005277537838973004,0.4854765010525722,-0.08305448911851138,-0.0794227456336654,0.039556999623471915,0.011962627036625165,-0.04781843219954124,0.9927351150792754,0.002280453382826793,-0.0020374832079570705,-0.0004893719020201327
0.13947903390091862,0.058641987094829644,0.3635216247473562,-0.03888824650241761,-0.0840773125768032,-0.0012731374970631135,0.022546435532425076,-0.0323928812077972,0.9814878287614381,0.0026439750075741494,-0.0018980041740561514,-0.0004307299149253031
0.1733773785643527,0.09238720467867524,0.322997999415521,-0.04904782912226102,-0.06109744686326631,-0.023771695452875947,0.01747570004766871,-0.0349314635439714,0.9880948611520692,0.0029669730069896705,-0.0017246267954917989,-0.00033834271024662783
0.14836854376801867,0.13890703456318212,0.13219293227657056,-0.026521922259764647,-0.07135813977851273,-0.02639342530684132,0.014850027716447929,-0.03824523261391996,0.9942829116247118,0.0030991659392662404,-0.0015762582517237804,-0.00019943567568344572
0.19337304500980285,0.20297000956750882,0.015811924743571654,-0.014431799785479477,-0.0457529122238864,-0.0003725809597053143,0.016792843972590794,-0.039169114606279004,0.9877289621738473,0.0031149778640098126,-0.0013828852067139775,3.5343338840631292e-06
0.11367288905447723,0.193938092580297,-0.29934996966132926,-0.015578387825069318,-0.03835723487690507,-0.01286362270800522,0.010577204496014271,-0.03309683964020075,0.9990281987082134,0.002815627894348483,-0.0012692123176595003,0.00019747242646436016
0.16538927528931716,0.15306789034011978,-0.4365970843028468,0.00921714878125901,-0.03293183587660194,-0.016428094240370464,0.01707891927021678,-0.033942764752275506,0.9906748397322629,0.0023790308100456363,-0.0011038230423701832,0.00035054031680447994
0.07757923636477468,0.08061104179093981,-0.7159103675883012,0.012363908172860398,-0.02478600350671583,-0.031124390747766663,0.011798326826889461,-0.03420755219695493,0.9914798973893397,0.001663120442457335,-0.0010262438060054085,0.0004311513585954198
0.026601658116380374,0.07821278505687046,-0.8177470692229444,0.03262763502209906,0.012993525285135737,-0.009999187875010094,0.01529846715149628,-0.03771175074632079,0.9967401320896148,0.0008453733732343906,-0.000999642147889028,0.0005093641436522903
-0.0344031634838599,0.055473789724318254,-0.7819578132983469,0.02169955417086647,-0.028310251271667974,-0.027306891281342345,0.021965159655103622,-0.04173765538497632,0.9902647611823151,6.341555993604365e-05,-0.0010340453113728881,0.0005648379333766084
0.0024363200025865044,0.0282393917249878,-0.7351803282015733,0.04456132413134138,0.003519374169536291,-0.010620669474772285,0.018671906429552847,-0.03615124313853966,0.9921228365427717,-0.0006717647682655298,-0.0010316089913703014,0.0005930773251015963
0.001832714477097229,-0.059465575107025694,-0.725225246435629,0.062220634009243846,0.03818861956359146,0.024229517164134802,0.010051704804039684,-0.035901000870023674,0.9957993497134887,-0.0013969900147011588,-0.0010297762768932042,0.0005336117499945706
-0.05317404854858021,-0.1357223216010434,-0.5113135407823397,0.08193904557741685,0.05048934111651501,0.03300195237030436,0.021780912792827917,-0.04092773067130875,0.9840044994926302,-0.0019083035554834987,-0.0010829503254417845,0.00039788942839352726
0.015785441881464163,-0.19948785306559597,-0.3579217708734223,0.06156115629897882,0.004655300614371405,0.006111520302680118,0.01754819641185332,-0.04172311084239893,0.9900013205042429,-0.0022662253263569204,-0.0010671648835603202,0.0001984015753279313
-0.03699253326093967,-0.2658429126243149,-0.056188824339125074,0.0802268951381096,0.03255057278084153,0.01759200447200593,0.014932297768313564,-0.03429161301711451,0.9956353741229641,-0.0023224141506960456,-0.0011041574168212602,-6.744133729638363e-05
-0.1259395078661557,-0.23509476672566426,0.2417988514587793,0.061367649612453286,0.06919882699661335,0.04383174930488093,0.02143543799458831,-0.03162790234901841,0.9918792414249124,-0.0020806152992372665,-0.0012300969246874158,-0.00030253610402204787
-0.12861890272044954,-0.31280238648839165,0.41476470467422066,0.05803271104949871,0.05283103613653623,0.08059785075308819,0.01692415580796317,-0.043684755981676544,0.9989493786120187,-0.0016658505945630457,-0.0013587158274078652,-0.0006153384905104396
-0.08779322479037782,-0.29677397270032274,0.6128693491950906,0.06802350743232273,0.04461847108190712,0.00932809022450804,0.011989315669233542,-0.041242945565348826,0.9837943965868211,-0.0010529812453679553,-0.0014465090521982432,-0.0009121124632107624
-0.1369639968510681,-0.2582955654131015,0.7021675038490872,0.0006899137918878456,0.03198217317226878,0.051852599959833975,0.027113399892701593,-0.03815867313960164,0.983285142450579,-0.000350813741518868,-0.0015834730490493114,-0.0011704080286238639
-0.028105368379802022,-0.2753308436854982,0.7828546382537862,0.002656592739637689,0.022170316058574318,0.014685015238875518,0.01784393743890518,-0.03746661141113604,0.9956445550035015,0.0004320408967349182,-0.0016115784174291132,-0.0014457388723093621
-0.043788968475607495,-0.1559370296741919,0.8767593978813526,-0.01319167600448206,0.027438993604972248,0.02313992941038502,0.01757876408836597,-0.04249669796528495,0.9961859619761195,0.0013088002946162708,-0.0016553673859047208,-0.0016016759019835541
-0.023862656459719342,-0.08729202227252253,0.7109029556166191,-0.041612963262178546,0.007297357532864185,0.020482569439248234,0.016014769665291903,-0.030451515050181708,0.9909513108352019,0.00201970325023289,-0.0016792300423644402,-0.0016889679242560766
0.022719863468590513,-0.08639760689143633,0.5127317556531416,-0.018319826002677002,0.0015911254723604109,0.010390473727578455,0.023994017434423243,-0.03774188656851384,0.9939799984625757,0.0025324350058860312,-0.0016565101788958494,-0.0017753655311475128
0.09765133758632186,-0.016888385372733194,0.35257073024808927,0.002700562779632097,-0.005848857884427534,-0.0009324074039447818,0.015522975082026429,-0.03717768363308082,0.9957643567092205,0.0028850057361341206,-0.0015588588413095275,-0.0017922539165202461
0.05250688929482619,0.0920585520094338,0.08020642672558119,-0.02272587067628481,-0.030208539538833346,0.001563657729455551,0.010474930787279449,-0.031021411580707474,0.9880291300593211,0.0029652121628597015,-0.0015063519520147014,-0.001700195364510812
0.06315706443836715,0.09407651314847404,-0.10455096714395493,-0.014731990970333342,-0.01404397516676168,-0.016140343142170714,0.014858185732329911,-0.042041365435172784,0.9886241565351509,0.0028606611957157466,-0.0014431948875763341,-0.0016061188513623382
0.15758324417175024,0.14197183171338165,-0.18249071335387418,0.004557759211405428,0.027212645107497376,-0.03948433522790669,0.02493647046366463,-0.04021743651932545,0.993166808830454,0.002678170482361873,-0.0012856116434045838,-0.0014641470196489568
0.14746123622531732,0.27218612235979106,-0.3948799479212532,0.013701398537534937,-0.07098789598152784,0.0029992901005621523,0.022513559133048408,-0.046020103142901676,0.9967982286106395,0.0022832905344406197,-0.0011381504071792665,-0.0011919608972891656
0.09699792896039858,0.2826119592151104,-0.38647790433358264,-0.007385957788022573,-0.031110345480354754,0.002678683636516868,0.01712739638583497,-0.040592454802682386,0.9865074305616061,0.001896812630107037,-0.001041152478218868,-0.0009093489380740552
0.11424077600829838,0.27858708649242175,-0.4973762088809649,0.02975911716519998,-0.052624989757733644,0.007182835834478795,0.02531760018251903,-0.047151546663457757,0.9914067330768097,0.001399436421226072,-0.0009269117022105695,-0.0006307618515816334
0.11838564314022736,0.2863703463165513,-0.4486791955327186,0.014283688520924662,-0.02346287685165073,-0.035659239438976024,0.022239157016911936,-0.035942865635094176,0.9912343679397554,0.0009507572256933533,-0.0008085260590703421,-0.00034439150526508204
0.11466990472645777,0.1304898060576679,-0.31362042272428803,0.0056482084101714,-0.02964369107302314,0.0075632682175368416,0.01721389012666843,-0.037556329404417006,0.9946042494643327,0.0006371368029690653,-0.0006938561543438844,-0.00021390169920741415
0.017906770707207018,0.24812772337100603,-0.31828266457347026,0.01978672125727186,-0.009220609088911662,0.02243109890610505,0.01776394654400968,-0.041014858476941765,0.9925296870718247,0.00031885413839559504,-0.0006759493836366775,3.4226024163591884e-05
-0.01395335744560671,0.15795718338452652,-0.013401116042592849,0.00984150432621039,0.006398420224376448,-0.004270147815277032,0.020286009314538087,-0.04010382798325861,0.9899023072929013,0.00030545302235300217,-0.000689902741082284,0.0001921832075481184
-0.01167745198514706,0.13377818122150315,0.15031837820194988,0.027259459278279254,-0.0052190182471295145,0.02330308965649665,0.014525174889376016,-0.035765574288544565,0.9989329208809736,0.00045577140055495205,-0.0007015801930674311,0.0003259613887696216
-0.046355412949991875,0.04979994420629194,0.3770163304938389,0.040691430004978754,0.021741075869150854,0.02615524044874174,0.01875158631173071,-0.04522208386490148,0.990051990980057,0.0008327877310487911,-0.000747935606017423,0.00037576133297591356
-0.06450585553388478,-0.019517348973691718,0.4697888293006168,0.06369656186902924,-0.04007817689958852,0.06868516124375076,0.020315339762480903,-0.03849146205779908,0.9913458018027741,0.0013025765603494079,-0.0008124414615513077,0.0003562439840022218
-0.03881902195227788,-0.08266422639588225,0.4351135598546296,0.07868292006130288,0.04531123800487947,0.07129016213541552,0.010380912584670733,-0.03598295200427329,0.9849066186623665,0.0017376901202040375,-0.0008512604835035855,0.00027357975760633957
-0.10751239068410641,-0.09231783157500588,0.5419941332475473,0.010311896852856358,0.026195508754863397,-0.0021066066306772626,0.0179113701898263,-0.04835907354547624,0.9893536178543852,0.0022796842534515845,-0.000958772874187692,0.0001812619260313337
-0.11946535247963319,-0.1509845619113135,0.4040848277382621,0.036959027142394414,0.043547802266741716,0.07693496336123895,0.017384174420352946,-0.03598921856084626,0.9955595843703297,0.002683769081189847,-0.0010782382266673251,3.027736412002019e-05
-0.20916046549292894,-0.11060768598312051,0.24510409270092254,-0.002481245120956637,-0.0012771030850821045,0.0024396326320623093,0.024080532873362544,-0.04774943049948195,0.9946394860572101,0.002928873173890769,-0.0012873986921602542,-8.033032186310034e-05
-0.1927519702877819,-0.22314764321299355,0.11819960904800703,0.015913623454355354,0.005334595770112127,0.03238854139663913,0.009757697504505414,-0.039931305238170005,0.9960911482353817,0.003047072782938776,-0.001480150662448036,-0.0003034779650760939
-0.15650764950265666,-0.16092079338652598,-0.1075879759437083,-0.008363778666696032,0.02141398481174949,0.02325807448274854,0.017111892769936906,-0.045123508921205015,0.9959053756358817,0.002939484806995068,-0.001636658311950693,-0.0004643987584626199
-0.16079442605562363,-0.015517324596428128,-0.2426421024959433,-0.05385257602405221,0.012579034037261922,-0.025147500394362386,0.016649139172279018,-0.03211254796144735,1.0036457484115242,0.002696842704499125,-0.0017974527380063164,-0.00047991608305904797
-0.21841305631446642,-0.10218777997565781,-0.49723829941089015,-0.00860469730407814,0.011187634034440778,-0.0037711503531354315,0.023896004395606907,-0.04501562141554583,0.9895244104134724,0.002199604405088234,-0.0020158657943207827,-0.0005821038630347057
-0.16684875224235263,-0.04168802336409681,-0.6650722980098394,-0.04686548208325672,0.01842833401880803,-0.02272286129782313,0.018914900032523132,-0.047441209700650265,0.9852229236475906,0.001534532107078395,-0.0021827145465631356,-0.0006237918863988026
-0.05498550026620455,-0.02592322524483301,-0.7382785585029124,-0.05007388422133621,-0.04823063467713399,-0.014284446135333433,0.028149334087372364,-0.038482753442511605,0.9881234258911783,0.0007962535485754827,-0.0022377000468293403,-0.0006497151116436357
-0.13214103385312276,0.07421670207725324,-0.7652680695956855,-0.0620441085097719,-0.003407775185822353,-0.022930612774031633,0.022515398994601005,-0.04117629380339389,0.989913890093869,3.09854789797972e-05,-0.0023698410806824634,-0.0005754984095663824
-0.13278811010798958,0.0638053076547616,-0.7402199917062529,-0.05144066217860431,-0.032359734656465626,-0.002902071255906585,0.017187930185932388,-0.04658808169702114,0.98861628209086,-0.0007092345127264557,-0.0025026291907904526,-0.0005116931019116208
-0.07411955421703609,0.11936732151841216,-0.5986386000199572,-0.024043023918540518,-0.04532465202984938,-0.02170729178077463,0.020471292186925418,-0.0363922691854079,0.9940117968199337,-0.001307873112746413,-0.002576748745007489,-0.0003923257803932086
-0.024255044342098908,0.1857069961408192,-0.46024250445039105,-0.027510821207321755,-0.07792315302458423,-0.02030551098409178,0.017535847339545805,-0.04893414420237236,0.999862150434251,-0.001768115617196804,-0.002601003789349588,-0.00020661878425238937
0.0034151963168902524,0.11989241777023496,-0.25783661135561403,-0.005724759594283311,-0.043746684261895034,0.013415052460819145,0.02363560234572922,-0.044112172672745,1.0013523613259443,-0.002025952228552418,-0.0025975885930326977,-8.672636648215443e-05
0.04734201048552822,0.1794702996327751,0.039834841845068414,0.008166442736797244,-0.105088951263069,0.013046227999175843,0.012709300378026766,-0.04176039444658659,0.9962306044704557,-0.0019861173867073497,-0.0025502465825471693,9.274393315062069e-05
0.018691994872368625,0.1582479340130992,0.22869669362995065,0.041478240659549054,-0.044301178625772764,0.026716666329225106,0.015282711406989578,-0.03482554396234514,1.0044702242025054,-0.0017574206930773993,-0.002531554587674801,0.0002509918671637199
0.07344567020132843,0.1336633493036802,0.46191534132364276,0.022303208478551346,-0.08495561467101509,0.009261129125777088,0.021709777302173307,-0.032310685664537916,0.9920366033914544,-0.0012955053517537563,-0.0024581089174734723,0.0003846552164674001
0.13843533537329653,0.04621058126819413,0.7227285758695342,0.012721699927785933,-0.049344035508586855,0.011098346214900185,0.025589479257023068,-0.03322450781594559,0.9857102826222983,-0.0005727767758842221,-0.0023196735821001757,0.0004308657977355943
0.15907266593915292,0.13661218258287225,0.8397922415811228,0.07483137861978759,-0.04577505480958061,0.028316832233327628,0.008479455061719187,-0.03945420078778501,0.9991929801654736,0.0002670154656969007,-0.002160600916161023,0.0005674779803184664
0.15493465108777799,-0.01919994027198861,0.8142775480834745,0.055473021194161566,-0.011019414142807354,0.03253629490749499,0.02638948574726178,-0.05077280835039406,0.9847881319262357,0.0010812930137803752,-0.002005666265073245,0.0005482780400464779
0.17954855155568225,-0.10682543720071606,0.7679688501909689,0.08984944268195977,-0.027519560397371873,0.06317998433117021,0.018843515147203612,-0.036629461122164794,0.9902599041279968,0.0018492618639713442,-0.0018261177135175625,0.00044145260284576176
0.18944538354752843,-0.21082171354064128,0.7597507872090448,0.0772012621936891,-0.026449327531068503,0.06655388289719023,0.010151105530504412,-0.03117734177237408,0.9966890962928557,0.0026090126511803887,-0.0016366723299700342,0.00023063088930512052
0.21892459628811206,-0.21463823894318962,0.57430704981489,0.06534421818742796,-0.01102318181761026,0.04069443666311554,0.004587358072536327,-0.03230676916020547,0.9936300433904747,0.003183319700995279,-0.001417747733681922,1.599265036193087e-05
0.1577861842713741,-0.1718976990062468,0.3563964644521413,0.0700253203937593,0.03589920974654328,0.06671751868886645,0.011973810278315442,-0.03610551474860069,0.9932404016479137,0.00353971616544742,-0.0012599615494105479,-0.00015590504864431592
0.15887529576022938,-0.17156733926732304,0.11267294112986573,0.09423554837768156,0.03153960509927262,0.05787553051678628,0.019546185060260558,-0.04431134148562253,0.9883442282250016,0.0036523891065772863,-0.0011010862536503187,-0.000327472387911639
0.08874008286212665,-0.17897986169434082,-0.06705576379534212,0.08664270116598108,0.021952051591866494,0.026609825810749915,0.019338412343086277,-0.04093296124307019,0.994246976870612,0.0035853333427819443,-0.001012346170788192,-0.0005064522496059798
0.10944285215229418,-0.1915892648443827,-0.2661078492449873,0.03489755125931057,0.03179562036594972,-0.0038166967459215047,0.02285632144320527,-0.02857898493689691,0.9993719084414384,0.0033192254935369564,-0.0009029033186358978,-0.0006980415144503625
0.06773911988533088,-0.25117725303283284,-0.43251601891231783,0.024532394032497715,0.009698238423566714,0.035482502507670925,0.01696452277929237,-0.045272368929108846,0.9945058387640293,0.0028867094746246394,-0.000835164198750567,-0.0009492187674831954
0.057070380533414074,-0.1238324688341429,-0.4734471844238595,0.031004588984947255,0.05077320128381623,-0.004646103241796902,0.014192617137928906,-0.04386762684035186,0.9903070682256077,0.0024132622902007794,-0.0007780938182171529,-0.001073051236317338
0.017912302092559014,-0.14636431420146997,-0.47861536724654574,-0.018070850491202314,0.0071524574826378855,-0.006417105676370509,0.017687470116977393,-0.033354399029796034,0.9882724982802984,0.0019346469229542338,-0.0007601815161245939,-0.0012194155505188082
-0.017381848759020643,-0.09469085807520443,-0.45455763919384606,-0.003151698106300822,0.054205210546899744,-0.018908638375327788,0.019940255864211085,-0.040160727285785666,0.9905140044060528,0.0014800892837603878,-0.0007775633648836144,-0.0013141064085940126
-0.07457412678177287,0.049498819749006585,-0.285609056824918,-0.01639944501260958,0.03627745970313969,-0.030525955039779472,0.020944590206025487,-0.04385052071123326,0.9965752258625172,0.0011944802269354697,-0.0008521374916653873,-0.001264607588845006
-0.07922434829360593,0.12473271757578354,-0.11604629325723208,-0.012693288571626715,0.07406683440535629,-0.0401774966014002,0.01586264323249851,-0.03023774460382868,0.9963829405008652,0.0010784339336782373,-0.0009313618399589933,-0.0011398748712692223
-0.05598253656207463,0.19761443486874022,0.04334286271257796,-0.03559449805238419,-0.004484760358514773,0.006050219237868743,0.024332658723799843,-0.035507218983419304,0.9907135573536049,0.0011217767963908156,-0.0009873443765210678,-0.0009422604364004823
-0.14269962444460849,0.22386650469735742,0.16024108379670596,-0.047636577812224044,0.005781193635024452,-0.01628930427295175,0.016734617182924183,-0.039655447697066144,0.9837132502659358,0.0012820178801875215,-0.0011300440009656763,-0.0007183939317031247
-0.14255959967946719,0.2570233236256682,0.3600329804819933,-0.051522248959957634,0.033845880849056195,0.06768948100328033,0.015508406736906285,-0.043408305349052025,0.9969178558410398,0.0016420508606695148,-0.0012726036006451436,-0.00046137060807745656
-0.09951500569732705,0.20354778922312755,0.4396710847730024,-0.02447693600699735,0.012092393612205812,-0.007730002184385994,0.017159644588071128,-0.027374435631069415,0.9903797890810114,0.002081721945442517,-0.0013721186063424707,-0.00025782281885432896
-0.07667939891722432,0.2441669071348825,0.43366126887988665,-0.0019382315377110791,-0.03435758610438612,-0.004088258471615288,0.02525962710398071,-0.03766481452851241,0.9983639612123484,0.002515383214322404,-0.0014487980052596949,-1.3655911719446439e-05
-0.11609889768790328,0.16405933490888608,0.5109642339587683,0.011335135746476599,-0.023221774353126202,0.03714855194039941,0.019234483008241394,-0.03048605355160329,0.9911882113209952,0.003026347448281172,-0.0015648969029475983,0.00015040342318943967
-0.059575002594440665,0.11135080103351212,0.4102293490021678,0.06562732032415915,-0.03308357081009446,0.06159232960475028,0.016438151247735507,-0.03293371777996788,0.9900791552384406,0.00343657679728334,-0.0016244719055420389,0.00026175422422295173
-0.035221194741405504,0.19593197634257584,0.38673343099209945,0.057549180104399106,-0.03076883054897092,0.03406129701696698,0.024552724964382606,-0.03993463994934203,0.9958342015698761,0.0038233102282754397,-0.0016596931002834448,0.00045768620056552763
-0.1058147095306392,0.07714508018094662,0.15220379638736298,0.022829209558356173,-0.05137505188109883,0.04342952168492425,0.030646609867139733,-0.03982214116586207,1.0069063085560046,0.003975514024662802,-0.0017655078098140838,0.0005348312807464741
0.013193140184843497,0.09731863619443919,-0.09167685437524385,0.05314415308522477,-0.0378860948917551,-0.008226375618667599,0.020991174378731613,-0.029952223199768195,0.9989122178761722,0.003883837170287558,-0.0017523146696292403,0.0006321499169409133
0.0419479703229219,0.05319849066407009,-0.3274282394862508,0.03922570455990165,-0.06460724235981632,0.009438881609916834,0.026121080245239937,-0.029796633634044917,0.9958972043737279,0.0035564089308013076,-0.0017103666993063184,0.0006853484076049834
0.06491439308761046,-0.07748827187908996,-0.5273965192815091,0.03972948866262807,-0.024620058854842076,-0.005987685311424859,0.025140576761929375,-0.046418285178920306,0.997059189262139,0.0030290124115197985,-0.0016454523062187079,0.0006078601357258935
0.15640620419208298,-0.065545401573492,-0.7367742848606245,0.04410759050246144,-0.01152946228964774,-0.031118611547396452,0.016939519324900613,-0.03420835329601437,0.9865579590268747,0.0022922381266591743,-0.001489046102026625,0.0005423147341524015
0.04909439511172582,-0.15618272035653677,-0.8679238647850411,0.04501180663555074,-0.01731159327278361,-1.1195139437997909e-06,0.02010763176839058,-0.03748594416020258,0.9897502255953322,0.001424314261874133,-0.001439951706914899,0.00038613201379586476
0.07473875138352826,-0.23087920229747413,-0.8549507351124006,0.01584522060570789,-0.03688059762918153,-0.05590874716263288,0.013567691942793387,-0.04196816967519287,0.9828554539116588,0.0005693635267617324,-0.0013652129555313708,0.00015525281149839058
-0.006484441379760397,-0.1464257370854054,-0.7686119393715372,0.03240006279288225,0.023208011835438393,-0.04498489297023497,0.018960869192233196,-0.03541357727783643,1.004107419485971,-0.0001992484126098049,-0.0013716973969111314,8.827074412985165e-06
0.08570392511189247,-0.16574324684695066,-0.7425984009705294,-0.023885861806088482,0.018005158571663234,-0.03483564394341939,0.016859005114642507,-0.04339011776652553,1.0031427122419527,-0.0009418468135803344,-0.0012859934717992388,-0.00015691617243396552
0.077059893078579,-0.14321769413437677,-0.48840486700172175,-0.012839772330426522,0.0022061186809367826,-0.0437771310941952,0.017979114441350204,-0.03889331083992976,0.9975173864388488,-0.001430251680582056,-0.0012089335787206596,-0.0003001338665683423
0.053002417188265566,1.1053381864717382e-05,-0.24773748846308735,0.02822923667889097,0.015415553580152081,-0.01945248202103393,0.016246867026392286,-0.040471379229666364,0.9962761599880634,-0.0016779891690451435,-0.0011559311615323942,-0.0003001228131864776
0.10319246057080514,-0.12086893728237263,0.0036336004107423645,-0.028019139520044378,-0.006731075370451546,-0.018575003191111786,0.018562866677031553,-0.038895021702142166,0.9878897034061851,-0.001674355568634401,-0.001052738700961589,-0.00042099175046885027
0.06327429835500069,0.011577140574091323,0.23168211036674075,-0.009868230071202884,0.002777813700736236,-0.0013569974024507988,0.022660733183405696,-0.03666959307735027,0.994598000175659,-0.0014426734582676601,-0.0009894644026065883,-0.00040941460989475897
-0.004292035578982896,-0.006620346356552884,0.4696321222872623,-0.03953575814028866,0.010222539628649484,0.0036207608904552796,0.019402539685183816,-0.04130525167731698,1.004703082873587,-0.0009730413359803979,-0.0009937564381855713,-0.0004160349562513119
-0.05799242675745403,0.12264770084846227,0.7411347122351776,-0.029082825364155716,0.04101844437706783,0.020932398171366218,0.010677773168185125,-0.028275825655362886,0.9964446032609932,-0.0002319066237452202,-0.0010517488649430253,-0.0002933872554028496
-0.026730462648296364,0.12916461757253378,0.805618335114636,-0.03763449821625127,-0.0028561165157410555,0.008588289954546328,0.016267886700538838,-0.03358869390313534,0.9930104663517509,0.0005737117113694158,-0.0010784793275913217,-0.00016422263783031577
-0.1061444214832784,0.15715196856184405,0.7897385065315968,-0.032402281653658896,0.014599927256644444,0.025318490143520833,0.012399553624185662,-0.026994773225327427,0.9870892957636819,0.0013634502179010128,-0.0011846237490746,-7.070669268471719e-06
-0.17093400802805395,0.10786466078291762,0.7775884699392336,-0.03424192876153634,-0.018257018633313887,0.0393484661218562,0.021214122949261727,-0.036679557747849735,1.0028269023982808,0.002141038687840246,-0.0013555577571026539,0.0001007939915144459
-0.23563988299627764,0.11376643850069862,0.6751710143523265,0.0024568202076560228,-0.012411697734837525,0.04026842342376165,0.02250689075014927,-0.03853377072155328,0.995620453115603,0.002816209702192573,-0.0015911976400989312,0.0002145604300151445
-0.1945203445917928,0.17509023254390696,0.48020966581485725,-0.009350257121742627,-0.03007126303994688,0.03559581796787384,0.02126873796670433,-0.02690750157479728,0.9872324742335973,0.00329641936800743,-0.001785717984690724,0.00038965066255905147
-0.15021453514536728,0.18405236638641184,0.2810512309925995,0.03521637150731378,-0.019037285164512335,0.04031786396591646,0.016043878805557313,-0.038498735093461474,0.9914398588448731,0.0035774705990000294,-0.0019359325198360913,0.0005737030289454634
-0.08346053380410502,0.08353230569616987,0.14782311747323523,0.05726791299809415,-0.05524976342071071,0.031136894331560847,0.02120928552058138,-0.03640785356333841,0.9897183126582368,0.0037252937164732654,-0.0020193930536401964,0.0006572353346416332
-0.18085359763320621,-0.029412769896009133,-0.1256372043343607,0.055064133166331165,-0.08234109869335213,0.05356324522923133,0.017617771119527944,-0.03182321609824883,0.9954918717043147,0.003599656512138904,-0.0022002466512734027,0.0006278225647456241
-0.2067218952845986,-0.02690708104186484,-0.334826414817791,0.0518833985824815,-0.08272658191846056,0.03829330844754598,0.014269753357101456,-0.04151824687584791,0.997231641233162,0.0032648300973211137,-0.0024069685465580018,0.0006009154837037593
-0.2066001887872029,0.014054765706404529,-0.4166901374514343,0.07362433475126096,-0.06748330738322644,0.019855275595778484,0.023662280390489957,-0.03167841645115863,0.9937229879498928,0.0028481399598696794,-0.002613568735345205,0.0006149702494101638
-0.10079314807084919,-0.1445663840488178,-0.478907575209025,0.06194341221102057,-0.08098907293222089,0.011401005709957404,0.024033732050957466,-0.03222253633561775,1.0001682023467309,0.0023692323846606547,-0.002714361883416054,0.00047040386536134594
-0.17603301982348452,-0.1262601898436687,-0.5784402031759476,0.08685390589573079,-0.0443648538430283,-0.008659438507492854,0.024678245839235547,-0.02869613903401646,0.9967206452426325,0.0017907921814847066,-0.0028903949032395384,0.00034414367551767727
-0.034134799901036454,-0.26083603161794244,-0.4285901042346196,0.0280718158345082,-0.055993360813930054,0.0262376571605525,0.016881413634089463,-0.03049515167170541,1.001681628604996,0.001362202077250087,-0.002924529703140575,8.330764389973478e-05
0.01614300594605713,-0.24829288513643033,-0.2707222901926151,0.05140253922080234,0.008863721978194853,0.00035348777695412385,0.025808569866040847,-0.02834720805040947,0.9946272962717142,0.0010914797870574717,-0.002908386697194518,-0.00016498524123669556
0.03750518707408142,-0.22195730059666585,-0.13423562635170525,0.00912199736352174,-0.06359665103794675,-0.02465689711824362,0.017431662632135435,-0.035300054493884764,1.0116828613368058,0.0009572441607057664,-0.0028708815101204364,-0.0003869425418333614
0.045485408052774456,-0.22014279394014966,0.12285642241365208,0.00800167900478472,-0.01377255449391911,0.0048041352624804915,0.023154110481565054,-0.03896126381518667,0.9936765225945103,0.0010801005831194185,-0.002825396102067662,-0.0006070853357735111
0.11732801893427736,-0.2460070658672789,0.25055144603650953,0.053143163522523997,-0.028793581984737363,-0.024024828919207798,0.01731828546106621,-0.023997076962747783,0.9920248146014005,0.0013306520291559282,-0.002708068083133385,-0.00085309240164079
0.13101746140925674,-0.20634314648707797,0.4079073734357652,0.03164770716449707,-0.00451241593195663,-0.03982103277955037,0.01873839830115616,-0.042078701053052135,0.9914522250671746,0.0017385594025916933,-0.002577050621724128,-0.0010594355481278682
0.11388759637462931,-0.07068662796010108,0.5747236347252309,-0.011946005709194714,0.019120681152625406,0.01224181770677399,0.00773709621088331,-0.041475137014467325,0.995571051750875,0.002313283037316924,-0.002463163025349499,-0.0011301221760879692
0.25494034166434476,-0.0005699696418163536,0.5276602808500984,-0.03725780889215936,-0.02052582085091199,-0.013450729305531041,0.018317312436598107,-0.03141341235819126,0.9880698662065256,0.0028409433181670225,-0.002208222683685154,-0.0011306921457297856
0.16659701662335757,0.07867772354280586,0.48170350556213,-0.07381419278445575,0.03864049730411925,-0.004052818159687504,0.020265438622246775,-0.026009738171993466,0.9981819152744698,0.0033226468237291524,-0.002041625667061796,-0.00105201442218698
0.22376117276971014,0.15598504850342892,0.4347717062023067,-0.02988000036353584,0.07770311933814583,0.012408209520330794,0.01774206891670417,-0.03308166758434567,0.9872238991286711,0.003757418529931459,-0.0018178644942920862,-0.0008960293736835511
0.0743660038850519,0.1381624974727605,0.22174133907262703,0.02800624920759201,0.03385095489473722,0.04172731483840358,0.02855480419236537,-0.02892679692450792,0.9975998514574294,0.003979159869004086,-0.001743498490407034,-0.0007578668762107905
0.23438369925411845,0.16775883548117257,0.06575405711084116,-0.00998426133662186,0.048785564745344345,0.025620655383807922,0.013942299635442999,-0.04379536555844568,0.9900760783329712,0.004044913926114928,-0.0015091147911529157,-0.000590108040729618
0.2263723622798404,0.282170292147195,-0.1803882913554853,-0.025270922096021234,0.062167287251843874,0.005947297231846128,0.01691671020770995,-0.03620625882157715,0.9949664710080943,0.0038645256347594422,-0.0012827424288730754,-0.000307937748582423
0.13734144479765856,0.27622282314814534,-0.3457882671525247,0.002249308520078222,0.03404568763234704,0.04334965600690431,0.015189460585596382,-0.04296960345163378,0.9999360012304004,0.0035187373676069176,-0.0011454009840754168,-3.171492543427762e-05
0.1340364105445243,0.20573550161396703,-0.586338612873351,-0.029468405806329548,0.019245490426730093,0.022821634266778936,0.016873367714842706,-0.029588291091341187,1.0084736084684445,0.0029323987547335666,-0.0010113645735308925,0.00017402057617968943
0.10299112139027203,0.19481878826405033,-0.737410715263299,0.0055946461851860375,-0.022797165288387905,0.06774888923643471,0.024826969482403503,-0.04111613781042749,0.9916032973138555,0.0021949880394702675,-0.0009083734521406205,0.0003688393644437398
0.014841660612419996,0.24134745893752652,-0.7760889470916624,0.02344211978990354,0.026226521468197192,0.025018143597423624,0.027036938163078447,-0.03965786731956397,0.9962813510269214,0.0014188990923786051,-0.0008935317915282005,0.0006101868233812664
0.03643968767401978,0.17389826581882473,-0.8193049807767244,0.02888739992709223,0.0012539942414957136,-0.026631955519671104,0.016118915539390752,-0.030586598403230855,0.9934535411807124,0.0005995941116018806,-0.0008570921038541807,0.0007840850892000911
-0.05771355792063118,0.1341396286120417,-0.8441628660394817,0.05401132728889692,-0.026593234053382684,0.016819656634658474,0.015983165605264145,-0.027734716264341677,0.992762136586659,-0.0002445687544376012,-0.000914805661774812,0.0009182247178121328
-0.07745092532517564,0.13163888218272402,-0.693594362496264,0.050409967296338586,-0.013033164782020932,0.0394871242169182,0.013787111097295763,-0.033724957271927224,0.9935755320023646,-0.0009381631169338653,-0.0009922565870999877,0.0010498635999948568
-0.02233704177884019,0.06189340379689575,-0.49060284528801734,0.05942698350548181,-0.035282629803248276,0.023178295617767623,0.026077959595419593,-0.029964700899845174,1.001309397738019,-0.0014287659622218825,-0.0010145936288788278,0.0011117570037917524
-0.048747783149876746,0.03473620199882584,-0.2474237111781675,0.031762934512021904,-0.04057191908240841,0.020311927632321834,0.02512456135632183,-0.030011240153203944,0.9947872084516376,-0.00167618967340005,-0.0010633414120287045,0.001146493205790578
-0.1393189152959372,-0.16283519941537625,0.06329753891565251,0.059831900129301764,-0.022265155612141967,-0.042947218184730886,0.018961866382723996,-0.03366110664480654,1.0085122288363644,-0.0016128921344843975,-0.001202660327324642,0.000983658006375202
-0.14713223092063388,-0.1005650003632252,0.30106021968695695,0.06787301175894264,-0.06331428881908671,-0.008219746971971744,0.01248274596014431,-0.03794046785103638,0.9993834938133823,-0.0013118319147974406,-0.0013497925582452758,0.0008830930060119767
-0.14278973571612594,-0.10652932502989447,0.5586078124635129,0.006817423553393062,-0.015444214421418596,-0.04206663059823073,0.012900627297942776,-0.029524631177123038,0.9922912304945142,-0.0007532241023339276,-0.0014925822939614016,0.0007765636809820822
-0.07241232983815568,-0.2213104129713689,0.7138277947299385,-0.0024618366111124924,-0.0619458323653697,-0.021383548303140862,0.020257018342012417,-0.029164940196212186,0.9955451976981073,-3.939630760398905e-05,-0.0015649946237995573,0.0005552532680107133
-0.13896569632222827,-0.1795632273497308,0.8333616340432289,0.030019550920517495,-0.042819061076060365,-0.0467309438924576,0.022119725615581474,-0.02764081273509896,0.9934066814769507,0.0007939653264392399,-0.0017039603201217857,0.00037569004066098253
-0.05806848360801677,-0.17274367599648852,0.8432438334364101,-0.012679672113350696,0.015006063534244291,-0.027055050382148733,0.009010712117212523,-0.03043030741143597,1.0014532049914793,0.0016372091598756502,-0.0017620288037298024,0.000202946364664494
-0.01738859686783914,-0.10564998749519938,0.7812484005130997,0.007819411027553711,0.006440262570637005,-0.018629777330854254,0.017702523141817077,-0.03771203560071992,0.9892956606997173,0.00241845756038875,-0.0017794174005976414,9.72963771692946e-05
-0.030136046626294745,0.005159091534010382,0.71023249350802,-0.03887913643116346,-0.0061048211170737585,0.023155734249369016,0.027367426405354084,-0.028295926508000103,0.9908212507708161,0.00312869005389677,-0.0018095534472239363,0.00010245546870330499
0.047526617909158214,0.06640406557622161,0.5353111704610352,-0.008293377859336128,-0.018688478157865715,0.031881024937825034,0.01815451420609624,-0.03163182185770232,0.9946044766863381,0.003664001224357805,-0.001762026829314778,0.00016885953427952662
0.014145809326750273,-0.018659761687236848,0.30804669345751434,-0.03911916410613122,-0.002738225009137241,0.031606869826123665,0.026655604331290723,-0.03391509378051286,1.0010128912550247,0.003972047917815319,-0.0017478810199880277,0.00015019977259228976
0.043796376473138054,0.0867968459074648,0.13377896661795327,-0.037535794111255266,0.01602979261100671,0.007959469065213417,0.022417239884394435,-0.032850279928438794,1.0037991585639272,0.004105826884433272,-0.0017040846435148896,0.0002369966184997546
0.03112883239683336,0.12653276404408084,-0.23780839141515714,-0.008807456299177807,0.02053397087793726,0.03561389488400102,0.013714449719620606,-0.03470328803996213,1.0045720174280148,0.003868018493018115,-0.001672955811118056,0.0003635293825438354
0.1409824009729766,0.14795099878976098,-0.3164819608825784,-0.04129919728832115,0.021293288072046515,0.03125123678505526,0.017635574290717177,-0.02668189504200195,1.0003535122382694,0.0035515365321355367,-0.0015319734101450796,0.0005114803813335965
0.07162600389274824,0.1660743045485136,-0.4406222215456624,-0.04377011074296686,0.023656120800886964,0.0650344288492779,0.0184177886053483,-0.03809001295587032,0.9973250035009227,0.0031109143105898743,-0.0014603474062523311,0.00067755468588211
0.12944870283314142,0.1657952721285937,-0.43528253087884405,-0.022311400635761536,0.018848028936298063,0.06975659234466017,0.014260278492300923,-0.03583941107770931,1.001747274671596,0.00267563177971103,-0.0013308987034191897,0.0008433499580107036
0.10984282054398309,0.21931473006063998,-0.41132830391999964,0.009036111572904511,-0.009126561783028234,0.06315649957251555,0.014134321764404285,-0.03238760792712159,0.9920860843402287,0.0022643034757910308,-0.0012210558828752065,0.0010626646880713439
0.05760309585353159,0.16841853206411944,-0.4820333362623519,-0.017170170921256014,0.0038372396308443413,0.020478766819777422,0.026477580942276605,-0.02254597458710888,0.9886194900352206,0.0017822701395286786,-0.0011634527870216748,0.0012310832201354632
0.06426687202620013,0.03261569329699472,-0.22861284498361192,0.04091931405640638,0.02509256051077787,-0.027305903814758094,0.014016263120105215,-0.02521353789153735,1.0000598991663046,0.0015536572945450667,-0.001099185914995475,0.0012636989134324579
0.13604442594467597,0.07182884618463312,-0.18824726361260075,0.030341540866703213,-0.029333502199110656,-0.016841241999287784,0.02425382857681247,-0.038558586225338254,0.9928820002570607,0.0013654100309324659,-0.0009631414890507988,0.001335527759617091
0.05661010903059546,0.02360564280357317,-0.010689793299101101,0.07507458542144516,-0.015406481738743842,0.037884802980426645,0.016637063153568655,-0.02346632139954975,0.9976172852005906,0.001354720237633365,-0.0009065313800202034,0.001359133402420664
-0.028291442912511934,-0.0582459178409457,0.20191243312879337,0.012563785658773908,-0.037958776509821754,-0.006859364932935293,0.01864838328553734,-0.023343866772797643,0.9985751254380102,0.0015566326707621583,-0.0009348228229327153,0.0013008874845797183
0.00022543132433786375,-0.07443661504038462,0.3419636120533797,0.04984842761808131,-0.028974502597570354,-0.02064394349704518,0.021542155148480357,-0.03582816021980505,0.9992505041589406,0.0018985962828155381,-0.0009345973916083774,0.0012264508695393338
-0.05371716085549576,-0.16591172207373592,0.3832100946785288,0.033485984847845124,-0.04770032839780398,0.02249948936977457,0.0156957532709772,-0.042431803748809054,1.002731524099443,0.0022818063774940668,-0.0009883145524638732,0.0010605391474655978
0.0790875165621033,-0.20398751349801753,0.523988266147613,0.0487905145404366,-0.01763940204879538,0.012670973288952421,0.021482943989365115,-0.03005126076356936,1.0022353459672388,0.00280579464364168,-0.0009092270359017697,0.0008565516339675804
-0.09750622699932117,-0.23371804595952053,0.49866474349334644,0.06504761226385875,-0.04237448824347613,-0.011838949856632192,0.008365413700147829,-0.02394292070596292,0.9990821170952482,0.0033044593871350263,-0.001006733262901091,0.0006228335880080598
-0.15544184066632277,-0.3434204323278834,0.4240731811646743,0.04842190224082163,-0.08175646391899265,-0.015420517558591822,0.02074950471604877,-0.021462876262417316,0.9959289297484828,0.0037285325682997004,-0.0011621751035674136,0.00027941315568017644
-0.09502628910352173,-0.24958509369550316,0.20690808650215245,0.036640143045745935,-0.04257482724782481,-0.007296007502551554,0.006160990366759879,-0.03363672248308043,0.9987094481902035,0.003935440654801853,-0.0012572013926709356,2.9828061984673223e-05
-0.2613847274369907,-0.25592624073217984,0.03424361281446579,0.02682251588366394,-0.0693536536842552,0.006360173334780958,0.017321350079705287,-0.02038535083006735,0.995220959014456,0.003969684267616318,-0.0015185861201079264,-0.0002260981787475066
-0.18174868188600554,-0.24419720526005423,-0.17822742677542774,0.02186794735010386,-0.06071554379746358,0.041161061393424875,0.022678012768525553,-0.04014683213687186,0.9972509811479406,0.0037914568408408907,-0.0017003348019939317,-0.0004702953840075609
-0.09619961899264207,-0.07544947995649531,-0.3113388505047457,-0.014161321211759618,-0.03589006756268255,0.025041979400188603,0.021468761832099198,-0.030708614132290837,1.0113548484029382,0.003480117990336145,-0.0017965344209865742,-0.0005457448639640562
-0.18738305830581956,-0.06052660562865625,-0.7075152505959661,0.009642494300077529,-0.04302798777885012,0.037843583375469926,0.01181499565268083,-0.030814875922698177,0.9992055257449172,0.002772602739740179,-0.0019839174792923935,-0.0006062714695927126
-0.24823707530550382,-0.021759262599568664,-0.7641474517101179,0.0002994912293618375,-0.004874994106367684,0.052011850474084124,0.012407766081795939,-0.02282687309919016,1.0005761382747127,0.002008455288030061,-0.002232154554597897,-0.0006280307321922811
-0.16604810760934913,0.018340608543385727,-0.8009735319903484,-0.011080929282231155,-0.026839170123456033,0.008520327571721048,0.014761047156326056,-0.021956059218960086,0.9948275854558198,0.0012074817560397124,-0.0023982026622072464,-0.0006096901236488955
-0.05394714009434924,0.1196648006371998,-0.859947267075088,-0.010474853907065271,-0.012042828405947278,0.04788540825594063,0.01908308728657407,-0.02353474783618264,1.0034851704295495,0.00034753448896462447,-0.0024521498023015956,-0.0004900253230116957
-0.07138500666482844,0.20623252490859723,-0.7554015964986943,-0.015365771790288595,-0.0014426001407272133,0.025191736917999363,0.007939226031215413,-0.03491619574196161,1.002215718818395,-0.0004078671075340699,-0.0025235348089664243,-0.0002837927981030984
-0.09127699743931979,0.16641696476777934,-0.6124448104002436,0.02273536935321232,0.010766181796878535,-0.02344156288492017,0.017978943595576516,-0.023707218142730222,1.0022804111272625,-0.0010203119179343135,-0.002614811806405744,-0.00011737583333531904
-0.045938601711864244,0.23448031633821112,-0.4419190350601908,-0.01372089962928643,0.052941043045465166,-0.022059659971297406,0.01954766544907606,-0.02533126329725755,0.9995471341115951,-0.0014622309529945042,-0.0026607504081176086,0.00011710448300289209
-0.0012675290066311781,0.2894559795343072,-0.17400442644895803,-0.010042064753199048,0.05042448197015341,-0.007871287973966587,0.016520079546108422,-0.03608810057441545,1.0036723953428603,-0.0016362353794434623,-0.0026620179371242398,0.0004065604625371993
0.07893073700518717,0.159157649199319,0.10375624933389663,-0.009533022803179806,0.07659897810209618,0.01417023924747538,0.020505909107546315,-0.03792175262119117,1.0048883748869144,-0.0015324791301095655,-0.002583087200119053,0.0005657181117365181
0.15901731433234367,0.22858090572584736,0.30857134837206995,-0.00514959575732769,0.08975061724468444,-0.0032508805874755745,0.018941258031411598,-0.022250794847400904,0.9999736841886113,-0.0012239077817374957,-0.002424069885786709,0.0007942990174623655
0.1768179501145859,0.1804138079496851,0.5122946343363672,0.000204552532579989,0.023163973626051382,-0.010205981133334303,0.01505699530808463,-0.028194602301274494,0.9980131047320346,-0.0007116131474011283,-0.002247251935672123,0.0009747128254120507
0.17482244810233763,0.1514470814803199,0.6879775451484963,0.015704830941586718,0.04204102459734429,0.018250650485103874,0.008026247826773612,-0.033572691140989756,1.0030867342622143,-2.363560225263195e-05,-0.002072429487569785,0.0011261599068923705
0.11147360203953216,0.08387540868005927,0.7915149209943615,0.03848590250982194,0.011675065270100341,-0.05086873869563422,0.018315489009192807,-0.028039629310396226,0.9941207010190194,0.0007678793187417296,-0.001960955885530253,0.0012100353155724299
0.12323041245751121,0.058469083006494005,0.7338388137481779,0.050434485628002505,0.012296042521467411,-0.028115998058852988,0.012823579018911593,-0.025029871094889255,0.9950787094543918,0.0015017181324899075,-0.001837725473072742,0.0012685043985789237
0.212734166689917,0.08583038083379213,0.7826934459640148,0.04565195560327604,0.006457661556418507,-0.020666349685963974,0.014637080582616901,-0.027114960569763282,0.998428927127832,0.002284411578453922,-0.0016249913063828246,0.001354334779412716
0.12246522456637625,-0.06823555979801156,0.6212946993655604,0.027066511642361582,-0.01175224997885024,-0.03777393789647799,0.019863560651841736,-0.034310589514435615,0.9900152957814278,0.0029057062778194824,-0.0015025260818164487,0.0012860992196147044
0.16271545155350917,-0.08276716432073618,0.5280037609326957,0.055081932930427104,-0.021592363074327162,-0.016133948991590527,0.02449306272995575,-0.016972157210860712,1.0028864436905833,0.003433710038752178,-0.0013398106302629394,0.0012033320552939683
0.1690609364548868,-0.036405177920656465,0.292055298099185,0.043850126975124304,-0.013053074130048858,-0.04019634745765746,0.017153864271629477,-0.02122746783915079,0.9939600176273643,0.0037257653368513634,-0.0011707496938080527,0.0011669268773733118
0.07893319690668754,-0.1724174045253553,0.1032555774844075,0.01568546302538852,-0.043202536908164633,0.029981777294056697,0.02005157342919256,-0.027773397698289022,0.9964429848706721,0.003829020914335771,-0.0010918164969013651,0.0009945094728479565
0.0557834299062738,-0.06847088775797175,-0.19950838645106864,-0.005800200086349383,-0.009301003002772167,-0.0011981682706284098,0.009995254665192386,-0.027419277117333017,0.9977596277174025,0.003629512527884702,-0.0010360330669950911,0.0009260385850899847
0.0670812865129307,-0.1424359468981247,-0.33811606864723875,0.006024937422682784,-0.04993228254485795,0.06351413274069488,0.018380991676530876,-0.023993004762529628,0.9990477779617778,0.0032913964592374634,-0.0009689517804821606,0.00078360263819186
0.06152363125535927,-0.03850264635694535,-0.49464408135848903,-0.01305119927404765,0.02131624210481238,0.03163990520322611,0.016788889297943536,-0.031284534988312476,0.9971581277106097,0.002796752377878974,-0.0009074281492268013,0.0007450999918349148
0.05417602264347443,-0.05297595006912436,-0.5237291292790656,-0.05639816465556726,-0.04491068701475569,0.060447854955968904,0.023168927482712383,-0.023868384367014165,0.9985643208200302,0.0022730232485999083,-0.0008532521265833268,0.0006921240417657904
0.001893107177968905,-0.03262105553601827,-0.42098908737480767,-0.037348473256153286,-0.03315457172126647,0.04401531733341686,0.014254195762104897,-0.03198012344836108,0.9986275512301374,0.001852034161225101,-0.0008513590194053581,0.0006595029862297721
-0.05090476525853977,-0.00490855355339599,-0.33471620494562215,-0.036541404647415315,-0.05705979703789254,0.04687401907870548,0.015681329205986336,-0.02552318716087554,0.9967147789639228,0.0015173179562794786,-0.0009022637846638978,0.0006545944326763762
-0.11245417682096177,0.014429343871508491,-0.32866365214135107,-0.062315346718739596,0.008284445974501804,0.03529028365322442,0.02211595200778846,-0.03085679242689273,0.9951079365033292,0.0011886543041381276,-0.0010147179614848597,0.0006690237765478846
-0.145729682849392,0.0878446418009291,-0.13455802867610436,-0.03954903020729691,0.0033417420401624246,0.04602789863024149,0.01629340899147177,-0.03044714168476724,1.0044049837915228,0.0010540962754620232,-0.0011604476443342515,0.0007568684183488138
-0.13202588507397728,0.15938868031407105,0.059743012111063275,-0.06794509241174868,-0.0053414726713564556,0.044234769496695726,0.011140407925758326,-0.01647026751730303,0.9884990210384845,0.0011138392875730866,-0.0012924735294082288,0.0009162570986628849
-0.09498657331456725,0.1407059506217027,0.2589165905459775,-0.004355402754085731,-0.030024605674573147,0.014545645925951615,0.029373159397369973,-0.02424428588100354,0.9980156388036265,0.001372755878119064,-0.001387460102722796,0.0010569630492845874
-0.09682521083149641,0.13714063679134683,0.29031802455186945,0.004433085856820271,0.009155229978733795,0.018940529912131056,0.011151751481484971,-0.02334429765102828,0.9967226116276648,0.0016630739026709336,-0.0014842853135542925,0.0011941036860759343
-0.20075737498593288,0.13652448717169038,0.3892603702162132,-0.012931945207448083,-0.010190363102172128,0.0001212658800480975,0.016150284000639413,-0.03427852808709403,1.0011836898233064,0.0020523342728871467,-0.0016850426885402254,0.0013306281732476247
-0.1261143593838004,0.1759048073484275,0.5169483612325286,0.013276764400898292,0.047521146371843744,0.049699743325616406,0.01813564394193268,-0.027046324291025783,0.9918406205023146,0.0025692826341196756,-0.0018111570479240257,0.0015065329805960522
-0.015216292496826059,0.1556415774059926,0.37000012891962963,-0.02799419812935913,0.038787067664903585,-0.005435872777386535,0.017668061929482018,-0.021594333685208692,0.9966352382489021,0.002939282763039305,-0.0018263733404208515,0.001662174558002045
-0.043609925517243964,0.026540534645008242,0.3397978450284571,0.010620854080251678,0.0267974374724227,0.021819977749228787,0.015308382407388986,-0.022768187858736685,0.9986441748165441,0.0032790806080677617,-0.0018699832659380957,0.0016887150926470534
-0.08638975587155248,-0.023689308095101048,0.2130601727153007,0.03985052305621932,-0.023803083326963865,-0.016090773429011003,0.015259783815375953,-0.03434689341553494,1.004527877820933,0.0034921407807830627,-0.0019563730218096482,0.0016650257845519521
0.11440498088659916,-0.030089966751047456,0.03012057657677741,0.033899204652714565,0.0029807655363907146,-0.007520497678452519,0.014934772176902814,-0.022378334152590607,1.000859698330782,0.0035222613573598406,-0.0018419680409230488,0.0016349358178009048
0.031609569705896026,-0.032244254584294516,-0.20957152040856933,0.07625912909671094,0.03190580826583541,-0.03712742425356636,0.01045497208294864,-0.021417917563374397,0.9933023233131171,0.003312689836951271,-0.001810358471217153,0.0016026915632166101
0.07566129186326584,-0.10094755768622615,-0.4303472521967108,0.10515479010300016,0.03591934796258409,-0.015376100627086485,0.02671031429539622,-0.016668001979780155,0.9968030984891197,0.0028823425847545603,-0.001734697179353887,0.001501744005530384
0.09811058478505967,-0.2546151760316069,-0.5584099106582708,0.04136480282376869,0.02572963853057341,0.0038106349174488836,0.01478321043948389,-0.026198484640629707,1.003691183111449,0.0023239326740962895,-0.0016365865945688275,0.001247128829498777
0.08002115840370463,-0.24130832757792486,-0.7204075695121513,0.04438663305766047,-0.03756276888816583,0.03846504441198024,0.018791139756775477,-0.03396761056314188,0.9932772225435549,0.0016035251045841378,-0.0015565654361651227,0.001005820501920852
0.07507590239831016,-0.2901951744858692,-0.836039200988147,0.05898285477228303,-0.009559736082310285,0.018675920314467208,0.014055916255906624,-0.027575483649856673,0.9989077720292678,0.0007674859035959907,-0.0014814895337668128,0.000715625327434983
0.21142135463950532,-0.262336207274195,-0.8042009902537304,0.07710288613513269,-0.005147705191708877,0.04895119964478673,0.013877436973076664,-0.02791074721039146,0.999275013296619,-3.67150866577397e-05,-0.0012700681791273072,0.00045328912016078795
0.15849002630540115,-0.16273089903515087,-0.7128719469748139,0.009254606549043351,-0.06788042016595602,0.0399268909603622,0.01329549392728388,-0.018575103148647357,0.9974110478590541,-0.0007495870336325537,-0.0011115781528219062,0.0002905582211256371
0.14182439282541653,-0.2729511030751323,-0.506751808296224,0.026584667468286513,-0.042933197396619556,0.06365110855110509,0.007744325422449426,-0.035674993611049505,1.0128377948083742,-0.0012563388419287779,-0.0009697537599964895,1.7607118050504802e-05
0.11561827771390751,-0.23917881830124987,-0.3487428284677191,0.045930766598372766,-0.043646361496391006,0.031604157955224116,0.014610679124558344,-0.024165197938944623,0.9973141761981124,-0.001605081670396497,-0.0008541354822825819,-0.00022157170025074508
0.022076504626876083,-0.14900169773307995,-0.09100939339257033,-0.034728512017476246,-0.059350383852522726,0.0797188881770143,0.013298368506499302,-0.014625989320245019,1.0016451814912526,-0.0016960910637890672,-0.0008320589776557058,-0.00037057339798382506
0.10105848084150268,-0.036391313207242496,0.07729325541728829,-0.036794621144668645,-0.09215366100629287,0.018784707869978826,0.02111004594031,-0.021549905759607958,0.9955830966272323,-0.001618797808371779,-0.0007310004968142032,-0.0004069647111910675
-0.026302204228650046,0.04357297435907041,0.3233201295423558,-0.02673624950212925,-0.06080453801798343,0.007438205686459601,0.0091873372831939,-0.0169348399845755,1.002071312797769,-0.0012954776788294232,-0.0007573027010428532,-0.00036339173683199713
-0.006775490174754609,0.09875343248651774,0.5450912853341308,-0.0329033473130781,-0.05741524168829295,-0.008988972404397584,0.012202917541370066,-0.029455330614652782,1.0038042052516007,-0.0007503863934952924,-0.0007640781912176078,-0.00026463830434547936
-0.1284472056977676,0.19102756099106094,0.7044209604376988,-0.007360496573508542,-0.04795459758961409,0.053103421208697606,0.010513670979200328,-0.02908566458152045,0.9965278650818284,-4.59654330575936e-05,-0.0008925253969153754,-7.361074335441843e-05
-0.1794759250928497,0.10496741728445307,0.7521908059604674,-0.016798981006066454,-0.048224482954725326,0.013749060930762398,0.022135152760671954,-0.013718350292962415,0.9992113175087847,0.0007062253729028738,-0.0010720013220082251,3.1356673930034645e-05
-0.10125039147331921,0.2774446929520988,0.8696587931780632,-0.05230127657817815,-0.036035938836293725,-0.01800598918453778,0.010491496929201927,-0.020226803142621236,0.9950252921322259,0.0015758841660809368,-0.0011732517134815444,0.00030880136688213344
-0.17962872136957686,0.2304154426976935,0.7909623153290324,0.0007093063620714629,-0.01697367233264584,0.006221459730365855,0.017565490939850187,-0.020044301709855734,0.9937962591560378,0.0023668464814099698,-0.0013528804348511211,0.000539216809579827
-0.25530318085813886,0.28445623277222,0.6095780736609904,-0.012237407596931881,0.004285505822251904,-0.010481377735365111,0.019519669183663567,-0.025978711722196624,1.004718565215458,0.0029764245550709598,-0.0016081836157092598,0.000823673042352047
-0.15407530324651778,0.17993837878250482,0.47595758937335964,0.03462539529087777,0.0009497127525403765,0.012117118136626871,0.013852538258423384,-0.019710797873053743,0.9967806155304723,0.0034523821444443197,-0.0017622589189557778,0.0010036114211345517
-0.08947295541733499,0.21611249503642402,0.2490882355290598,0.00644867102655136,0.009799886857452061,-0.05829476247087293,0.007612813091762046,-0.025770642548163608,0.9874983129666944,0.0037014703799733793,-0.0018517318743731127,0.0012197239161709757
-0.12352803225369396,0.1890395853011026,0.05686082283154929,0.015299834924498197,0.029552856007132415,-0.02985601972671953,0.007589241772080038,-0.013932344293144565,1.0084086316595537,0.003758331202804929,-0.001975259906626807,0.0014087635014720784
-0.19197163644532153,0.1839002281698442,-0.237429742301003,0.04624648822180666,-0.002761836225363452,-0.02826007241612777,0.018621405476750025,-0.006052782864923495,0.9955865722281778,0.0035209014605039252,-0.0021672315430721284,0.0015926637296419224
-0.16485120848338625,0.0043819045900151815,-0.3448791714446628,0.05575534235466066,0.050970066087817144,-0.05060896905755141,0.007931623714503837,-0.0170969734834237,0.9983801030737138,0.003176022289059263,-0.0023320827515555145,0.0015970456342319376
-0.10253604354363358,0.02339543416045346,-0.45016640969271926,0.05171696281199522,0.044726880345344326,0.019659235703372052,0.016106173562146154,-0.022515659905522144,1.0078311415394081,0.002725855879366544,-0.0024346187950991484,0.001620441068392391
-0.06373675747481436,-0.08098000394443927,-0.4646007751702492,0.008212803971084292,0.04623634049437431,0.0035729158521266517,0.01462867429283573,-0.03183298018667252,0.9989322603229229,0.0022612551041962946,-0.002498355552573963,0.0015394610644479517
-0.09818348710273371,-0.05463877928428328,-0.5015369868767705,0.04873833470426427,0.06277029669827439,0.03438472617165595,0.015852924458696533,-0.027410285445305792,0.9988383704231062,0.001759718117319524,-0.0025965390396766965,0.0014848222851636683
-0.044280803024158814,-0.07938455155459753,-0.5051843415346321,0.010447959270098619,0.0001864584973990122,0.07661746169119543,0.016234967966190065,-0.011036452303387166,0.9935279915098014,0.0012545337757848918,-0.0026408198427008557,0.001405437733609071
0.006485848667877039,-0.08100234480411239,-0.3074104177485383,0.026553809052563077,-0.006666496814274951,0.030610722129243102,0.009117924052757416,-0.02377904198558603,0.9915082119948636,0.0009471233580363536,-0.0026343339940329783,0.0013244353888049586
0.05696419775143911,-0.17613772764173657,-0.09518907154958092,-0.01770007469581451,0.030161719289457697,0.035274655158479794,0.00881732686901096,-0.020309107702403628,0.9988636932002741,0.0008519342864867726,-0.0025773697962815398,0.0011482976611632218
0.06283056558815217,-0.10593896746578911,0.08751002918189546,0.007645568703981616,0.01524936176905504,0.04940422235953367,0.017177752569946608,-0.014999687660996807,1.0015226375054618,0.0009394443156686681,-0.0025145392306933872,0.0010423586936974328
0.09791659193289413,-0.06945247596814438,0.32828368443400957,-0.0295531877868876,0.008916675687611099,0.06720022279437549,0.010364005954219647,-0.010685791005116244,1.0012488996853042,0.0012677280001026777,-0.0024166226387604935,0.0009729062177292884
0.19694823611920093,-0.17922740578263527,0.4120384404466311,-0.05037900308535358,-0.01358174292086534,0.0336721264087971,-0.000332934725834207,-0.01891563982848475,0.9973273709681297,0.001679766440549309,-0.0022196744026412923,0.0007936788119466531
0.21343088114338465,-0.03783718351500184,0.47395549183324537,-0.020046480334589688,-0.00027898217040222845,0.027351362643720532,0.01656813323868639,-0.01976105208059377,0.9998470886342142,0.0021537219323825543,-0.002006243521497908,0.0007558416284316512
0.19735588317301697,0.021549506072315393,0.49228539872432253,-0.03661820402524768,-0.002963741229271344,0.054000969563302616,0.008049073301209244,-0.017199176935753846,0.9905715922963232,0.002646007331106877,-0.0018088876383248907,0.0007773911345039667
0.2646799630685614,0.011004254580635604,0.5017347250711541,-0.057802466919150836,-0.018342027684465596,0.031923365678337624,0.015471559810627186,-0.02051459190290422,1.0020700392120936,0.0031477420561780312,-0.0015442076752563293,0.0007883953890846021
0.17029934510487785,0.010641079068647447,0.31714619391574106,-0.017144235166639654,-0.037639611572103215,-0.02564776316992553,0.020004971765166836,-0.020064180543050508,1.0005875142039697,0.0034648882500937722,-0.0013739083301514514,0.0007990364681532496
0.2575021777293166,0.14728405574143139,0.1773163036307305,-0.052075019328156606,-0.07674786856994162,-0.01812776768117367,0.013029142071450095,-0.014953931192482929,1.0096597891980617,0.003642204553724503,-0.001116406152422135,0.0009463205238946812
0.1952485692978525,0.07706033865452938,-0.064459362766359,-0.036297191519936774,-0.01906869943077772,0.028570976320205714,0.017828115150562387,-0.01590469158342479,0.9998396014255138,0.003577745190958144,-0.0009211575831242825,0.0010233808625492106
0.3016060338072276,0.14046688051118456,-0.16395503331212874,-0.022204857734525928,-0.007634491127213764,0.0004688599972345383,0.013521723334220678,-0.005990514774177667,0.9950992934657197,0.003413790157646015,-0.0006195515493170548,0.001163847743060395
0.07155065152489633,0.14964653701626582,-0.4196075849708883,-0.02819189628270967,-0.014762061218285424,-0.026699856366307076,0.02059282705540142,-0.0142712687138901,0.9995691800076144,0.002994182572675127,-0.0005480008977921585,0.001313494280076661
0.06565249747111115,0.1729783850425275,-0.6492232200622137,0.007053588226054662,-0.03914112224356476,-0.016227610887842178,0.007247590729473393,-0.010526340526840965,0.9981936704037835,0.0023449593526129135,-0.0004823484003210473,0.0014864726651191884
0.08473506118281243,0.08605702535181259,-0.7512498564192609,0.001131831659823515,-0.0007285979674835144,-0.011346683687112951,0.012419001456417401,-0.021454638236248796,1.0020158006073867,0.0015937094961936526,-0.0003976133391382349,0.0015725296904710011
0.05057607315861323,0.04605748364641654,-0.7867974100479204,0.017519921444515703,0.011059409400432322,0.006684459947739613,0.01572734256646855,-0.013288163248213327,0.9999860314293794,0.0008069120861457322,-0.0003470372659796217,0.0016185871741174176
0.0891808773311264,0.035201558453727376,-0.812281553515302,0.06579639969727274,0.03321341856178549,-0.029666114646562568,0.011310445926754996,-0.019344191693114847,0.9935608653379416,-5.369467369569892e-06,-0.00025785638864849527,0.001653788732571145
-0.06218790848160621,0.023870775911428478,-0.7410356171544492,0.028504331623461943,-0.007744980702196317,-0.012452932012630846,0.017924085762923304,-0.013566956487149024,0.9916906278616151,-0.0007464050845240192,-0.0003200442971301015,0.0016776595084825735
-0.017364648984756426,0.027475145944243967,-0.5942001871482444,0.009105409008351566,0.011985524451156044,0.01729184885812308,0.009902798975911207,-0.011916194914162558,1.0011923483877672,-0.0013406052716722636,-0.0003374089461148579,0.0017051346544268175
-0.028426202457334827,-0.20049152197582315,-0.34201897992927,0.09438791303572756,0.03670409954262861,0.017107807106442482,0.022309382098961196,-0.014923580729145305,1.0068015606443228,-0.0016826242516015336,-0.00036583514857219275,0.0015046431324509941
-0.066731570789001,-0.16401291205952415,-0.1330476723071209,0.11445441623799574,0.026262267427565985,0.03684233014666771,0.022472571269472788,-0.002950070025038644,1.0002906252997033,-0.0018156719239086545,-0.0004325667193611938,0.00134063022039147
-0.15420754603676584,-0.2661207390111041,0.11487684095734235,0.05313448441376517,0.003959843871045576,0.005460578456330285,0.013170532861526803,-0.00766019481419342,1.0039679878533603,-0.0017007950829513122,-0.0005867742653979596,0.0010745094813803657
-0.04931515340769631,-0.19409311990816927,0.31346915425412825,0.01698640634635977,0.033492340526332265,0.039657315919683675,0.01442130364295346,-0.00872688808176261,1.0049728792147092,-0.0013873259286971838,-0.0006360894188056559,0.0008804163614721965
-0.0547590075970194,-0.29399665869281083,0.581476248109219,0.04118172941954557,0.03338066868900493,0.0543104535120996,0.017514319530461012,-0.010604335653314104,1.0012498420840052,-0.0008058496805879646,-0.0006908484264026753,0.0005864197027793856
-0.07442861790236929,-0.2756912715387299,0.7171101185452106,0.03119241475319274,0.01804868904083931,0.03960023336995515,0.005517183759051746,-0.005421249912416694,0.995850191778286,-8.873956204275414e-05,-0.0007652770443050445,0.00031072843124065573
-0.07740873401582613,-0.2496481676489204,0.7893604799541521,0.021320103989234777,0.01333759401920187,0.02762182078667031,0.0047899269309799875,-0.021234828133734472,1.000905672860438,0.000700620917911398,-0.0008426857783208708,6.10802635917353e-05
-0.05623560147831258,-0.18922436088759056,0.8170055447535914,-0.009368188840925228,-0.004976100137515284,0.015892519010978302,0.017528329747453525,-0.007010138713037084,1.0059706968537443,0.0015176264626649894,-0.0008989213797991834,-0.00012814409729585528
-0.046297085542557334,-0.12164074720198574,0.7726305191051909,0.012769350487635533,0.020128421773339615,-0.007318252075859946,0.012512041734718588,-0.0186289982916997,1.0025907018190727,0.00229025698177018,-0.0009452184653417407,-0.00024978484449784103
0.013177948212486728,-0.05588334515997112,0.6367614796532559,0.001308291202914846,-0.03739205812171413,-0.0011470755173728989,0.009904997461638074,-0.01630534929753787,1.0036881090312584,0.002927018461423436,-0.0009320405171292538,-0.0003056681896578121
0.012431613978486536,-0.01476075232171389,0.44788001812619116,-0.04732415676299029,-0.04076138610152197,0.01657073157918046,0.010988128784590155,-0.010487227772595871,0.9976395008653476,0.003374898479549627,-0.0009196089031507673,-0.000320428941979526
-0.0013562739049787498,-0.011054237356499526,0.2016217742690819,-0.009031514918584586,-0.03752628894041981,-0.018925517919391663,-0.0011031381098536071,-0.0069382895632638586,0.9989455294663888,0.003576520253818709,-0.000920965177055746,-0.0003314831793360255
0.01398568697329114,0.14483529925178618,-0.027782911347223826,0.015485089242258866,-0.027436689904845685,-0.04051754510433608,0.009768387227308965,-0.018682142849856052,0.99936844426454,0.003548737342471486,-0.0009069794900824548,-0.00018664788008423934
0.0486379558317451,0.16266831740370477,-0.24565564451627186,-0.021547767140756,-0.08029658366116255,-0.036391752447857896,0.006849671396684111,-0.015286527087046904,0.9997098896549287,0.0033030816979552134,-0.0008583415342507096,-2.3979562680534557e-05
0.1097015751989562,0.2612433833646153,-0.3818201237978972,-0.0281580840498303,-0.07958685014981982,-0.023598579786531855,0.01509855049550447,-0.012045363862058856,1.0058105863269522,0.0029212615741573164,-0.0007486399590517535,0.00023726382068408073
0.1087524295825939,0.204150255400648,-0.45565605113223284,-0.018060641826687547,-0.09463365472292042,-0.03323185906220596,0.01537621860868774,-0.013273759112880831,0.9882388573552785,0.0024656055230250834,-0.0006398875294691596,0.0004414140760847288
0.12397077351262009,0.17636925079645038,-0.5304698282135784,0.005306602057201378,-0.05110568725952404,-0.011368525900281689,0.013176927660530337,-0.007880361815228073,1.000131064884887,0.0019351356948115054,-0.0005159167559565395,0.0006177833268811791
0.13437191961892855,0.24573606017734173,-0.46133683321934527,-0.03210336584602385,-0.0694585275684991,-0.0034371735971579723,0.012162875136189119,0.005220829923237694,0.9995842549116041,0.0014737988615921597,-0.000381544836337611,0.0008635193870585207
0.07292428625348604,0.28856826304985955,-0.4209023506328433,0.01574739269302324,-0.04778913410339325,0.012999718134989579,0.0025905014415721073,-0.009670188496486216,0.9931273105262488,0.0010528965109593165,-0.00030862055008412496,0.0011520876501083805
0.1531543939472324,0.20412446705352247,-0.31537507037496315,0.014160433195498078,-0.017907817665983834,0.03400745151266971,0.012921706046147698,-0.015250460811012655,1.003346447731323,0.0007375214405843534,-0.00015546615613689252,0.0013562121171619029
0.05154331253998738,0.1440920137238861,-0.03341855784372349,0.06715118743229359,-0.033510684824345965,0.03613353422457261,0.01300634229582824,-0.01786441441215292,0.9963676220353728,0.0007041028827406299,-0.00010392284359690514,0.001500304130885789
0.017184076267230092,0.06204134158143813,0.08391305286074684,0.032906299183825344,-0.004670411905035363,0.007705013618116556,0.015975788528745483,-0.012815248889719761,0.9982071869911473,0.0007880159356013767,-8.673876732967506e-05,0.0015623454724672272
0.028941774998911075,0.12795044980910755,0.23070777169075563,0.07332772458531077,-0.0035907138861254197,0.017160349902023364,0.02023096210733645,-0.015697052612517838,1.009238202883949,0.0010187237072921322,-5.779699233076397e-05,0.0016902959222763346
-0.11030442504788963,-0.05485487878921748,0.3481448819053381,0.018481933925504013,0.02720045065333398,0.040517421795189766,0.0010668168953502002,-0.008464600261641567,1.005045820536974,0.0013668685891974706,-0.00016810141737865362,0.0016354410434871172
-0.09541712095991235,-0.09097355938175249,0.4959607884471033,0.04975373023395405,0.03367425864289023,0.03724527433369507,0.007476567140049287,-0.00834851414813859,1.002869761742361,0.001862829377644574,-0.000263518538338566,0.0015444674841053646
-0.04618973398987787,-0.07335997932448264,0.5553860787351365,0.038821429441675284,0.01923591192458956,0.0248726899118858,0.005596577243215972,-0.012730468416351618,1.0019023022709326,0.00241821545637971,-0.0003097082723284439,0.0014711075047808822
-0.20095776709581104,-0.21582610106181443,0.4227406279525471,0.006801430235693954,0.03662170567185758,0.03726302365861847,0.010059038071427398,-0.00029559425410302653,0.9991758238147782,0.002840956084332257,-0.0005106660394242549,0.0012552814037190677
-0.09530869986717098,-0.08951592558333303,0.3175168744412912,0.01737191163149207,0.06545282972412239,0.03235892398025949,0.009151740058932914,-0.013703089619294909,1.0099966323499094,0.0031584729587735487,-0.0006059747392914258,0.0011657654781357346
-0.09753573692523237,-0.12296379961867616,0.21067177174890062,0.02635268024163489,0.05447620091548985,0.02190098767676793,0.00780219039116749,-0.010428238748113237,1.0040108220356538,0.003369144730522449,-0.0007035104762166582,0.0010428016785170586
-0.19794935835060662,-0.09980623654573825,-0.12323634991298439,-0.016594796621026864,0.018082904837443566,0.020881612931304264,0.0139981383293853,-0.0064402520712287335,0.9962521879199788,0.003245908380609465,-0.000901459834567265,0.0009429954419713201
-0.17423028961453493,-0.09220313813068198,-0.16482622290558752,-0.05576082126053427,0.05602003140570956,0.04176430493152243,0.003240211450057374,-0.004980529457763829,0.9929990954666877,0.0030810821577038775,-0.0010756901241817998,0.0008507923038406384
-0.13521664483338375,-0.09146286435336476,-0.34893840758966876,-0.03275362815844549,0.015809950444483536,0.013146613874676208,0.0034284958248445305,-0.0028574213122144363,1.0028331819970104,0.002732143750114209,-0.0012109067690151837,0.0007593294394872734
-0.19945343674767424,-0.091687120886425,-0.7598492973114673,-0.05879058197568158,0.05842521256889755,0.05034977653518444,0.003399456602554745,-0.006907087925193319,0.999718747237016,0.0019722944528027414,-0.0014103602057628577,0.0006676423186008485
-0.12186064574723951,-0.004186239668881663,-0.761964064605745,-0.05311500448011041,0.041886453554381836,-0.002411224727721196,0.006605088439126808,-0.003599044568791638,0.9928522187338559,0.0012103303881969962,-0.0015322208515100974,0.0006634560789319669
-0.16957466448932354,0.0022372172236510487,-0.846184912350572,-0.05013822515860616,0.01754614265651823,-0.016270866267557665,0.002149586831746552,-0.011982962988994907,1.0021383728789748,0.00036414547584642424,-0.0017017955159994208,0.0006656932961556178
-0.1316595043460058,0.11014977858959367,-0.8066315877747929,-0.08133156362115644,0.004953827365491295,-0.012580845979810766,0.007935164627160865,-0.003870607643638624,0.9986485545511977,-0.0004424861119283688,-0.0018334550203454266,0.0007758430747452114
-0.11272901849325778,0.1578074107998928,-0.7206393991914071,-0.07473418256569009,-0.011984141980370846,-0.007144526984071449,0.007235732403545963,-0.0037407532339427977,1.0026449791281353,-0.0011631255111197757,-0.0019461840388386845,0.0009336504855451043
-0.023188774487897607,0.21074271482774268,-0.504273041903804,-0.02474479263742653,-0.0029393094750722287,-0.0007168432567921674,0.004015450791574617,-0.0005031383408786007,1.002198035595483,-0.00166739855302358,-0.001969372813326582,0.001144393200372847
0.053009689232271756,0.16906548947559874,-0.3349749926757476,-0.0340770548334937,-0.031211016128900794,0.03707254169683343,0.012201386842249192,-0.016212720569361926,0.9969454103442495,-0.0020023735456993273,-0.0019163631240943103,0.0013134586898484457
0.029978694509004665,0.18955010612661832,-0.12800969594221007,-0.062134394531153124,-0.02453167809694764,-0.014856518834324818,0.007419272925050227,-0.012209226221663321,1.0031480661477996,-0.0021303832416415375,-0.0018863844295853055,0.001503008795975064
0.017012253262135728,0.11428692995078946,0.15800279712728765,0.01880310452257233,-0.015118593311641013,0.02658972929590611,0.0129139277360725,-0.0033601819573647407,0.9974911447715803,-0.00197238044451425,-0.00186937217632317,0.0016172957259258534
0.059468451529212374,0.07387961752799277,0.42556696049185583,0.022719268101695708,-0.04481840811404095,0.020985606770781446,0.006509056947057999,-0.020535096477393225,0.9978128047083753,-0.001546813484022394,-0.0018099037247939578,0.0016911753434538464
0.1565072187235027,0.07474218604599565,0.5446179979213439,0.01642112153125496,-0.04463453825103014,-0.007897145986259782,0.00724665158149635,-0.0046204465889808696,0.9973121170102672,-0.00100219548610105,-0.0016533965060704548,0.0017659175294998419
0.2463464992477123,-0.015551867805218948,0.6631205978385273,0.016145362857014935,-0.05277040463093524,0.04418407800034463,0.004436742957557556,-0.0015834798169093757,1.0056243222842216,-0.00033907488826252275,-0.0014070500068227426,0.001750365661694623
0.19592665442237134,-0.04020323488983735,0.9003072489896913,0.06855433587626572,-0.04486789391182335,0.05733536001408211,0.007098164993158102,-0.009566228768745291,0.9985622804966457,0.0005612323607271686,-0.0012111233524003714,0.0017101624268047854
0.16883280378056265,-0.15619565114816986,0.7736598002534002,0.06514859671074212,-0.05336362810329429,0.015629729697727808,0.010577015327038473,-0.008636984233232286,1.006822766882599,0.001334892160980569,-0.0010422905486198086,0.0015539667756566157
0.22293590800003543,-0.19853856393520042,0.7188487672447317,0.10872056276876325,0.00556826281246362,0.030804273564232626,0.004841371761477295,-0.011658238793541385,1.0088731001899602,0.0020537409282253005,-0.0008193546406197732,0.0013554282117214152
0.17007400901310213,-0.17123285218716652,0.5663255664703702,0.0688282978968443,0.035345926433257055,-0.00780522174884043,0.009372014539029395,-0.008696646618534812,0.9962569213996759,0.0026200664946956706,-0.0006492806316066711,0.0011841953595342488
0.1498740256766536,-0.19063744781696856,0.4232716915210512,0.06410693054528128,0.035715247475442864,-0.004914617690280258,0.002597864063651205,-0.008352958648980321,0.9853400982143776,0.003043338186216722,-0.0004994066059300174,0.0009935579117172802
0.10293339693910364,-0.29362851656220673,0.2680306337791354,0.0458850945494375,-0.018000486483361024,0.033166615981368455,0.010338232850497937,-0.009105378810328826,1.0051618967444715,0.0033113688199958575,-0.0003964732089909138,0.0006999293951550733
0.18619283699807337,-0.21862150679341857,-0.00019946668499261355,0.0559600192118901,0.035075185049654255,-0.0060850374234184355,0.0035245737346863027,-0.009180475831827564,0.9982234803992815,0.0033111693533108646,-0.00021028037199284047,0.00048130788836165485
-0.02507281430018797,-0.2590243719589969,-0.28894491234564396,0.040816663544196066,0.053374425603850445,-0.02799533123913711,0.010563371473168711,-0.006647882608496424,0.9955961153815073,0.003022224440965221,-0.00023535318629302844,0.00022228351640265787
0.0961891362093622,-0.203395956722004,-0.43374665700578574,0.04120265654168954,0.018109403906893015,-0.009559275936557905,0.006490475145466359,-0.006509020273407359,0.9969768812700344,0.0025884777839594356,-0.00013916405008366624,1.8887559680653867e-05
0.004929916387414971,-0.09504559126238137,-0.4830220928865201,-0.006322307565742151,0.029339486934427547,-0.03141012743618642,0.013670737229930056,0.004476649486127144,0.9978395439336027,0.0021054556910729155,-0.00013423413369625126,-7.61580315817275e-05
-0.02520935761998705,-0.0684222773049354,-0.5066685841629024,-0.015688122900817884,-0.015093666060331145,-0.035016375505899686,0.00017576658732817042,-0.006665323394101381,1.0063924367170152,0.001598787106910013,-0.00015944349131623832,-0.0001445803088866629
0.041104371754665324,-0.007195966977092801,-0.5371912783954311,-0.025860010482683972,0.025927758639799327,-0.012800898193686799,-0.0015548767343883515,-0.002773915653614183,1.0006986027682279,0.0010615958285145818,-0.00011833911956157298,-0.00015177627586375573
-0.09638482325781797,0.10871331602558017,-0.32438976950286535,-0.007318910928872001,-0.007142801734023336,-0.04991274008960392,0.002624592815079106,-0.007179237060159783,1.0063093322207761,0.0007372060590117166,-0.00021472394281939097,-4.306295983817553e-05
-0.11676497211328031,0.05183486477573477,-0.2698074953230053,0.0028710730523453746,0.01002563125309797,-0.040986064664483506,-0.0013379290328676807,-0.007042848086636156,1.0023544494652656,0.0004673985636887113,-0.0003314889149326713,8.771904937559242e-06
-0.1076088063519194,0.09649538074404829,0.018983571070708076,-0.037118221682465806,-0.03444517892408307,-0.013368965588267482,-0.0014493225936902162,-0.012416665414228189,0.998328922461359,0.00048638213475941933,-0.0004390977212845907,0.00010526728568160753
-0.09221564616824969,0.15674388231262298,0.21045167691904432,-0.03419339921257408,-0.002223451721831475,0.011501333615483838,0.008451116128642147,-0.011551489075896253,0.9979147348084786,0.0006968338116784636,-0.0005313133674528403,0.00026201116799423054
-0.1343990059365614,0.21370826137877286,0.2756641313433551,-0.014357530688723846,-0.00245502598078492,0.026892940298850525,0.005201267860375728,-0.009529400996661287,1.002665726974451,0.0009724979430218187,-0.0006657123733894017,0.0004757194293730034
-0.18248661702183255,0.13768003001741547,0.43112482472696967,-0.01817571833611193,-0.04786813711507318,-0.000513605799168931,0.002702350283006804,-0.0023755888959299996,1.0039506915419107,0.0014036227677487886,-0.0008481989904112343,0.0006133994593904189
-0.13948332446256367,0.2410115903364058,0.4252021078523284,0.014800469239722492,-0.063013611217712,0.04196578098861762,0.0030443341500098996,0.0022872149638503204,1.0048231249062751,0.0018288248756011172,-0.000987682314873798,0.0008544110497268247
-0.0245378649806737,0.21409140522125347,0.5182080452444779,-0.039422521930555905,-0.08975779098286087,0.016890347404814314,0.001871154216711073,-0.011826478025233126,0.998521785045017,0.002347032920845595,-0.0010122201798544717,0.0010685024549480782
-0.05908399307126363,0.24899699596168542,0.40777051272127585,-0.0011067849556252478,-0.05619528421489474,0.07662383371962224,0.012987192019677355,-0.005437968376830535,1.0006955411872736,0.002754803433566871,-0.0010713041729257355,0.0013174994509097635
-0.017266459680119525,0.19041984383692703,0.2597869109993891,0.008683951423010223,-0.06429440980249171,0.022531537892539,0.0009356343412473536,-0.009326398864971419,1.0027294665757485,0.0030145903445662602,-0.001088570632605855,0.0015079192947466907
-0.0233838112064141,0.09843408834758414,0.125151045972721,-0.014877747444960215,-0.08288414323037556,0.07408814797657336,-0.002119872031845039,-0.003612628775196152,0.9978789104905114,0.003139741390538981,-0.0011119544438122691,0.0016063533830942747
-0.01439589570266616,0.09942741346027452,-0.08719100038183417,0.017081650591368836,-0.03940233561563894,0.033774726113251725,0.00834850783611783,0.00328836406855914,0.994113225158048,0.003052550390157147,-0.0011263503395149352,0.0017057807965545494
0.11950830641317214,0.05027307739772999,-0.2962000016939033,0.020027079370506184,-0.05160433465853252,0.08375603529230805,0.003166761470843992,-0.004124082685030883,0.9957454784701978,0.0027563503884632436,-0.0010068420331017633,0.0017560538739522795
0.0576857353990276,-0.07098182160505703,-0.44091132002713196,0.03318265225477968,-0.05609615455539749,0.04947480586506896,0.01431652526393604,-0.001926395070331177,0.9985602839950305,0.0023154390684361112,-0.0009491562977027356,0.0016850720523472224
0.06617782444639549,-0.1043979854462331,-0.6893941178106934,0.05523163975516154,-0.03590334658153879,0.009633899076139313,0.001368583102707288,0.005788234909992354,1.0030648433969793,0.0016260449506254181,-0.0008829784732563401,0.0015806740669009893
0.15226835358568522,-0.22031717129656891,-0.6881766680095054,0.020974332912024087,0.0076062015238551745,0.010695858848997677,0.00810632877448775,0.001002538311593333,1.006036760926513,0.0009378682826159129,-0.0007307101196706548,0.0013603568956044206
0.07799828009278988,-0.19199522033845556,-0.8758370817343925,-0.004227898665559964,0.009856912341170327,0.02764952551691373,0.009164038073780682,-0.0048864523723430725,0.9929494225770337,6.203120088152038e-05,-0.000652711839577865,0.0011683616752659648
0.08672233276497374,-0.18600033699018934,-0.712743306505581,0.004042190572919596,0.006808017145238803,0.02449224175832139,0.0010228676408106305,-9.041597754619324e-05,0.9967304383209905,-0.0006507121056240607,-0.0005659895068128913,0.0009823613382757754
0.11057133056957477,-0.14421993932007685,-0.7321080192696087,0.014054675211029473,0.03276001567506574,-0.00526897181316225,-0.0002087049449809599,-0.004821714416865232,0.9979150754507219,-0.0013828201248936695,-0.00045541817624331635,0.0008381413989556986
0.09934367940680772,-0.17341532669291007,-0.5183996679962513,-0.03855909472395357,0.006893001620938504,-0.008333166356397614,0.007088945235077017,0.001619481031958806,1.0036649176000008,-0.0019012197928899206,-0.0003560744968365087,0.0006647260722627886
0.09410768999770905,-0.12417010330877581,-0.32405896102828285,-0.04844487315465811,0.038734510381350146,0.0029297715999759364,0.006132652335836849,0.002294824268524815,0.9970374444065336,-0.0022252787539182033,-0.0002619668068387996,0.0005405559689540127
0.1555423321771653,-0.11860462154210677,-0.07132662257039646,-0.02847254607936992,0.04683514781682707,-0.010043592342976715,-0.003918906219313437,-0.006916615352519512,0.9975157203858516,-0.0022966053764886,-0.00010642447466163431,0.00042195134741190594
0.047298115071253505,-0.010561227237021497,0.2327212156991006,-0.05095462630520775,0.03783160858913705,-0.036463185864026165,-0.0026322060899582342,0.0009959919306427197,0.9925905246775542,-0.0020638841607894995,-5.91263595903808e-05,0.0004113901201748844
-0.10844168115925121,0.046579966155026825,0.49726301257014566,-0.03735490847948165,0.05667331111494598,-0.022519682024162303,-0.009796468954394762,-0.0002665627906470247,1.0020533503689633,-0.001566621148219354,-0.00016756804074963201,0.0004579700863299112
-0.01685513277449075,0.08855817683522649,0.6741469136346064,-0.05090946480752627,0.03049915380088231,0.004524788287622369,0.005738210397271557,0.003245741022714636,0.9988148655664219,-0.0008924742345847473,-0.00018442317352412277,0.0005465282631651377
-0.06329549035840357,0.10747985074038226,0.7325876835065284,-0.03338591014763197,0.05201949802140693,0.03130110893224352,0.0013276262082776874,0.004880126631604049,0.9963369040447373,-0.00015988655107821893,-0.00024771866388252633,0.00065400811390552
-0.09495850231162203,0.06336695349399984,0.8204867809948093,-0.06151136368740525,0.046451996862989356,0.0468002119848236,0.0017013920208031057,0.0033116584594822104,0.9982945527167486,0.0006606002299165904,-0.00034267716619414834,0.0007173750673995199
-0.11473344878112592,0.12098974244169157,0.7615091067379738,-0.031454850126758256,-0.03103346966289885,0.03708345481964364,-0.006069793586255286,-0.00039056062196678567,1.0052118075209635,0.001422109336654564,-0.0004574106149752743,0.0008383648098412114
-0.15216577773696546,0.1323067134758942,0.6655742451870814,-0.023466552363578533,0.0418356592686532,0.03302262295358627,-0.0032278963381443247,0.005993023520662159,0.9945368284117679,0.0020876835818416455,-0.0006095763927122398,0.0009706715233171057
-0.17250155818978932,0.11977475789881564,0.5113472874624843,-0.03004337136835348,-0.05279404360417072,0.046173837746549894,-0.0002520799346700472,-0.002838006706127446,0.9953371197310638,0.0025990308693041296,-0.0007820779509020292,0.0010904462812159211
-0.15452631080123042,0.11540710448295663,0.35316621793477754,-0.022813227722798285,-0.014013298295762205,0.019462671748451753,-0.0013488985650190115,-0.00487440762148989,1.0057905572734722,0.0029521970872389072,-0.0009366042617032595,0.001205853385698878
-0.21299228140988358,0.1392092133581591,0.17172806218530798,0.03604762221090334,0.009583293772131823,0.02877676468431021,0.0024768451617487816,-0.014047379572504789,0.9998917687712904,0.0031239251494242152,-0.0011495965431131431,0.0013450625990570368
-0.22927775313198157,0.06338221189967616,-0.13968139690043238,0.02794654169280833,-0.02532960277302203,0.011855538747257538,0.004679866243986749,0.001779151856821907,1.002844987388383,0.0029842437525237826,-0.001378874296245125,0.001408444810956713
-0.03648478813117345,-0.07284742047579988,-0.2420848706658775,0.02506317792628979,-0.054726745662682985,-0.002431096916462684,0.012985379702427495,-0.0017771266299938895,1.0014880216440816,0.0027421588818579055,-0.0014153590843762982,0.0013355973904809132
-0.19099989521414784,-0.051538209281228015,-0.3150453937619033,0.051345695473116085,-0.05169616582537236,0.021609225983870425,0.0014119583125548074,0.004520068014422916,0.9992853576783818,0.0024271134880960023,-0.001606358979590446,0.0012840591811996852
-0.12922957062654414,-0.10630864161828565,-0.42020839816063094,0.08031842079517083,-0.011472991697631385,0.00989338117900319,0.0069637236920151785,-0.007124215225657586,0.9977030265913751,0.0020069050899353715,-0.0017355885502169902,0.0011777505395813995
-0.17266875235918883,-0.21947222854946175,-0.5202984730608305,0.013110394240740316,-0.07031929457163029,0.010814474911670998,-0.0028885413394986086,-0.00030341392451629185,1.0035845276971025,0.001486606616874541,-0.0019082573025761787,0.0009582783110319379
-0.06407188871138161,-0.1799169598979453,-0.5135804717339798,0.026244126225817947,-0.006942389743135118,-0.0006713445159116597,-0.007238846655461063,0.0054843113523173545,1.0052203597243625,0.0009730261451405611,-0.0019723291912875605,0.0007783613511339925
-0.07492058429596692,-0.24987476937587155,-0.3258280943275293,0.031916029255323476,-0.026222997201018963,-0.014121973182370596,-0.0007511057829111272,-0.0018158150735697043,1.0048112820807507,0.0006471980508130317,-0.0020472497755835276,0.0005284865817581208
-0.013524728352242724,-0.315790584623545,-0.306892192729153,0.07103279732028096,-0.04287448000415204,-0.013243583043749658,-0.007103728496466596,0.005579969015156158,0.9934443700581383,0.0003403058580838787,-0.0020607745039357707,0.0002126959971345758
0.09342768247457375,-0.2223561982380076,0.02285489875128798,0.03682298211667925,-0.02335070082656194,-0.02810998645860266,0.0008326886374643313,0.0009488026281024554,1.0058773958811675,0.0003631607568351667,-0.001967346821461197,-9.660201103431771e-06
0.10363165413132659,-0.20979417295066682,0.13760627915445742,0.03463554703539378,-0.02397960310391996,-0.019034514858247184,-0.003268535088974345,0.003770010044281208,0.9975440020398214,0.0005007670359896241,-0.00186371516732987,-0.0002194543740540986
0.1410962713516397,-0.19218797813788557,0.38865427372719963,-0.015732798621629504,0.021883520419266618,-0.03893088866746833,-0.009263233687047553,0.007109878216729026,0.9955390933675853,0.0008894213097168237,-0.0017226188959782304,-0.00041164235219198417
0.06156343113912166,-0.133248003841555,0.34317721292866943,-0.026959638437881794,0.026959323354037622,-0.011389627692209954,0.009062616629346954,0.009098005439258611,0.9984478908178493,0.0012325985226454934,-0.0016610554648391089,-0.0005448903560335392
0.24951078676623517,-0.10558122847103246,0.5285382259965513,-0.005816932625464989,-0.015318128638813619,0.002526523157087679,-0.0024309651122459775,0.004996305015383757,1.0034301855063477,0.0017611367486420446,-0.0014115446780728737,-0.0006504715845045717
0.12516074730538107,0.01947027818517469,0.48128808932663786,-0.021646428555025552,0.01625871311482394,-0.014603352624646708,-0.008056910647944926,0.0006634995668016643,1.0019566043447317,0.002242424837968682,-0.0012863839307674925,-0.000631001306319397
0.2577156643073629,0.053893103692223325,0.40394383393025823,-0.017159547361001178,0.01044705727545666,0.01037176945482488,0.00449638205381426,0.0026429452131765787,0.9979568178138203,0.0026463686718989406,-0.0010286682664601297,-0.0005771082026271737
0.23404382066139567,0.12426764663522816,0.22840533031012264,-0.034163696039451005,0.05480017161341358,0.007462141572438085,-0.0037632116949594496,0.008317380183024406,1.0034012723018222,0.0028747740022090633,-0.0007946244457987339,-0.0004528405559919455
0.20565438748946818,0.1859190297879043,0.14246041745615476,-0.023991048089921765,0.0008490807813619434,0.019193984444492954,0.005205032045566291,0.00022566961164663304,0.9998911659071226,0.003017234419665218,-0.0005889700583092658,-0.0002669215262040412
0.12471456023994931,0.1579241166960798,-0.06064241484914953,-0.022566278042521013,0.0565696257984761,0.015414858569852684,-0.004038418333212243,0.0046408039898801655,0.9963056529526672,0.0029565920048160686,-0.00046425549806931643,-0.0001089974095079614
0.14970131203125311,0.1974438677120357,-0.22488818303259128,-0.0037775780908923472,0.018325323537579537,0.06916826361243537,-0.0032015689839928483,0.0038007761748470323,0.9956087086872251,0.0027317038217834775,-0.0003145541860380633,8.844645820407432e-05
0.0946066532560331,0.1488312118779446,-0.4609423006070841,0.005172202816878814,-0.01157053587171901,0.06840566433488608,0.0011014637657377965,0.005412302663715649,1.0011781619977356,0.002270761521176393,-0.0002199475327820302,0.00023727767008201894
0.08734971904701538,0.27223746928877846,-0.6977019949309873,-0.03378747126559395,-0.01060955910428671,0.05816800325131625,0.00221781245582826,0.0010814640419914857,0.9986922299333255,0.0015730595262454059,-0.00013259781373501481,0.0005095151393707974
0.0419782030570046,0.17080265700680866,-0.8236692440729411,-0.036396120787523176,-0.02272161639722812,0.08432293668354159,0.002968574113954574,-0.0029332347926482117,0.9922048521603504,0.0007493902821724646,-9.061961067801022e-05,0.0006803177963776061
-0.07353406615343139,0.19928606209155028,-0.8784985051509411,0.0380047799721451,-0.042118771097293846,0.03598037672079996,-0.0014480758935636853,0.009128650482516612,1.0032954735049515,-0.00012910822297847646,-0.0001641536768314416,0.0008796038584691564
0.03953287788350868,0.16595140457564125,-0.7107909582853748,0.049787072757234166,-0.024368949242523637,0.0932293332242362,0.0015182272341115518,0.011543880094524447,0.9966353081286246,-0.0008398991812638512,-0.00012462079894793294,0.0010455552630447976
-0.045652445134123275,0.12488109352427709,-0.7041317161455263,0.011592390158109589,-0.05956309712844561,0.019504011884064247,0.002477844894614982,-0.002039536105899814,1.006974028190426,-0.0015440308974093776,-0.00017027324408205622,0.0011704363565690746
-0.09021862581951665,-0.01333338395403403,-0.42626277437067644,-0.0018778858969281617,-0.08589545494338051,0.02004919774860816,-0.0003728448538789133,0.008963910315260686,0.991974956480518,-0.001970293671780054,-0.0002604918699015729,0.0011571029726150405
-0.11464598546385775,-0.015290020062329577,-0.2486377147621103,0.037597129693053156,-0.055232915721893476,-0.0018551129720919771,-0.0022143192098384597,0.01273295503722357,0.9980625699915467,-0.002218931386542164,-0.0003751378553654306,0.001141812952552711
-0.08737148963349478,0.015024895065405969,-0.009666984341456231,0.05139537235993231,-0.08674930415942315,0.005759788140080664,-0.008852782223435773,0.010494171775852063,0.995442161568059,-0.0022285983708836203,-0.00046250934499892537,0.001156837847618117
-0.1533899065953014,-0.024026323720490878,0.21139726589596555,0.06288794020415706,-0.06625622593842363,0.00897624081715047,0.0012443486666913594,0.005628651862393816,0.994040605196668,-0.002017201104987655,-0.0006158992515942268,0.001132811523897626
-0.21758739052848486,-0.08720834990575878,0.4844338957858644,0.028786804907075265,-0.06729835160519101,-0.01382060420238647,-0.0016657991093371569,0.003191712268258531,0.9964591631604182,-0.0015327672092017904,-0.0008334866421227116,0.0010456031739918673
-0.08992840625975414,-0.13353494524143666,0.6381060690698666,0.000505196809172606,-0.0618947774736642,0.02271424710017734,-0.004069818267007097,0.008511076040241504,1.007721085222041,-0.0008946611401319239,-0.0009234150483824658,0.0009120682287504305
-0.07324317375429598,-0.19752554206218476,0.7455383007085733,-0.021733135127852046,0.002524651335106138,-0.006746213970798736,0.004262100437722457,0.009541897652231913,0.9995599603003427,-0.0001491228394233505,-0.000996658222136762,0.0007145426866882457
-0.08917433238374468,-0.10649794398666568,0.8462808888746247,-0.015868808066180743,-0.02741785156332354,-0.0024659326437244406,-0.009390807960071326,0.008978586844270258,0.9948591637267523,0.0006971580494512743,-0.0010858325545205067,0.0006080447427015801
-0.11109651922722272,-0.12246453945654552,0.7840716514016582,-0.033807926236595585,-0.013192070746818175,-0.020471384475158887,0.005843722256934484,0.007795238317644278,0.989648888898621,0.0014812297008529327,-0.0011969290737477293,0.00048558020324503457
-0.02919528432004869,-0.054770941512452306,0.6595797282793182,-0.058447971433381235,-0.042246636652824986,0.01297758007230731,-0.002612551418902679,0.003478795315294691,0.990159278171782,0.0021408094291322506,-0.001226124358067778,0.0004308092617325822
-0.07376590253189448,-0.0678959526237284,0.5704752295207589,-0.005286279377247009,-0.008102415376342823,0.009400099277138804,-0.0010382210965541598,0.01120141319230222,0.9960575684284486,0.0027112846586530097,-0.0012998902605996724,0.00036291330910885383
-0.026399905863135335,-0.0015525722861166828,0.3452566941499915,-0.01580707341860908,0.020654815895338182,0.0071676027087705044,-0.004725555862497089,0.011637932389762743,0.9955449711386363,0.0030565413528030015,-0.0013262901664628077,0.0003613607368227372
0.012392690838404628,0.05857716179003005,0.15651637381665337,-0.03071882488208341,0.006287501260110518,0.010059072061710538,-0.01121011457471159,0.010483224164744554,0.997566418479451,0.0032130577266196547,-0.001313897475624403,0.0004199378986127672
0.10916020599636056,0.10247911344016145,-0.09712391551452809,-0.07025068828265932,0.05386324961343938,0.08360467742107659,-0.0036971007364648887,0.010229295881980065,0.9872987483807657,0.003115933811105127,-0.0012047372696280423,0.0005224170120529287
0.07306940075096303,0.1459024674301698,-0.31578086739662914,-0.029631885682421595,0.01859342277448547,0.027285069777032704,-0.001449509544305158,0.018265544781682262,0.9981739895848571,0.002800152943708498,-0.0011316678688770793,0.0006683194794830985
0.08341068840019225,0.11755918105321904,-0.318817303982325,-0.02563778978249131,0.0415313340547958,0.003293583844057585,0.00013383361854427947,0.0069421237474229115,1.003743511805358,0.002481335639726173,-0.001048257180476887,0.0007858786605363176
0.20216047626020142,0.09031469051126204,-0.40684765266387657,-0.01860567285124033,0.03759780477658991,0.015770231241647448,-0.00436139094277113,0.01666565920609161,1.0066912701196917,0.0020744879870622963,-0.0008460967042166857,0.0008761933510475795
0.13008108699362114,0.22060143846886157,-0.45080278237197674,0.010457574932044151,0.05204805478716128,0.02360506760093617,-0.014457722403518058,0.006782568228992597,0.9890767700753351,0.0016236852046903197,-0.0007160156172230645,0.0010967947895164413
0.12423383761286944,0.24005772877160536,-0.4576419182227796,0.012172002863620624,0.03286498900838562,0.02848342286471818,-0.011326990189797041,0.016191386197095935,0.9945137103284153,0.00116604328646754,-0.0005917817796101951,0.0013368525182880467
0.07966286980269101,0.11296763338933516,-0.34503806741647514,0.028397599186477555,0.03487590860673617,0.02018039295198938,0.006517897241971703,0.017007144840663332,0.9942209149096538,0.000821005219051065,-0.0005121189098075042,0.001449820151677382
0.05097563604269682,-0.012291460472515323,-0.11678064774482262,0.03964382593926668,0.028264105468595393,0.013523100557224227,-0.009328250469983253,0.009568450938545808,0.999191838628621,0.0007042245713062423,-0.0004611432737648073,0.0014375286912048668
-0.045936143713824776,-0.038214960038745326,-0.022939388546737494,0.045309408849085075,0.00954329295562886,-0.021802773001186417,0.003146459671901864,0.019531643312034712,0.9923352540246889,0.0006812851827595048,-0.0005070794174786321,0.0013993137311661213
0.07098926761153401,-0.03421159124171702,0.13878570634499776,0.011918983916089271,0.024285740536287678,-0.009972008263584202,-0.008782280904048312,0.013764844903093851,1.0068160554911854,0.0008200708891045026,-0.0004360901498670981,0.0013651021399244045
0.01570366561868922,-0.050524759936821456,0.4072927834929447,0.05528393043303803,0.009415002517244314,-0.040409517545714584,-0.0051470240345783125,0.007225852160494695,0.9985927129173778,0.0012273636725974473,-0.00042038648424840876,0.001314577379987583
-0.04615843896411785,-0.2180297159002289,0.4313014428722729,0.04506878219278208,-0.006741187459404717,-0.03902065164971882,-0.0012314332764568688,0.009933686895320606,0.9977294692729979,0.00165866511546972,-0.00046654492321252666,0.0010965476640873541
-0.07729428159072894,-0.20951698015228185,0.5711325009793502,0.02962664212087744,-0.02229346774438332,-0.04595539349704617,-0.008581004870243129,0.017660238645550753,1.006278608823043,0.00222979761644907,-0.0005438392048032557,0.0008870306839350721
-0.06863884637962701,-0.22455944964235738,0.4169939215257169,0.08448679616074599,-0.005052983077235161,-0.04941848010798286,0.003358661842591617,0.01680340476881576,0.998204381171087,0.002646791537974787,-0.0006124780511828827,0.0006624712342927148
-0.20243202826373802,-0.20928826508964476,0.43058834465377294,0.07804489668323866,-0.031165751379367116,0.00040964729421534736,-0.004345971549308835,0.007089225451255899,1.0002554555964582,0.00307737988262856,-0.0008149100794466206,0.00045318296920306996
-0.18192595515791707,-0.2645804131525146,0.3675850980259014,0.06085680449463181,-0.03591714475924672,0.00015220030608846004,-0.0025423720919549608,0.01187417431564593,0.9944690070410935,0.003444964980654461,-0.0009968360346045378,0.00018860255605055533
-0.22516606409139733,-0.30431063022966653,0.0925682234054483,0.027349381586651376,-0.028735200347496343,0.015079583353488343,-0.006306483010842863,0.013778791601977158,0.9913392889367267,0.003537533204059909,-0.0012220020986959351,-0.00011570807417911123
-0.10276613677937887,-0.1721110208181715,-0.1299931123722956,0.037075891920536286,0.004354155819361235,0.006674557453705083,-0.0017964720371371635,0.010413547128611663,0.9951085334131872,0.003407540091687614,-0.001324768235475314,-0.00028781909499728275
-0.14792370839699978,-0.10390923371987065,-0.38626100947970904,-0.0017108495808870687,-0.05297518794952065,0.03210167310921486,0.002682465672936358,0.024930634840652593,1.0090635049754904,0.0030212790822079045,-0.0014726919438723136,-0.00039172832871715337
-0.2857409687181316,-0.10398532418347373,-0.4796893680672612,-0.008853290601034226,-0.005480928281380672,-0.008518140270517604,-0.005989146527500798,0.01449968905225214,1.001261757084359,0.0025415897141406432,-0.0017584329125904454,-0.0004957136529006272
-0.24256371966056317,-0.019338945077165264,-0.7220924436657882,-0.04388314633190764,-0.0519689189464725,0.052753685218505326,0.0031948388278194625,0.013211706659966606,0.9994370958971504,0.0018194972704748552,-0.002000996632251008,-0.0005150525979777924
-0.16022729239625516,0.0049613397889955516,-0.7903333661607079,-0.020687109111494906,-0.0019974550885631845,0.04575859074471804,-0.008632497150634603,0.01966407849750139,0.993150067393922,0.0010291639043141473,-0.002161223924647263,-0.0005100912581887968
-0.15051246027277723,0.050843111848425264,-0.8718864259257825,-0.031106729700829817,0.03335563220941383,0.05890303381803331,-0.0018746108223629278,0.01207246486951286,1.0025554447093192,0.00015727747838836472,-0.0023117363849200407,-0.00045924814634037145
-0.15882017204816795,0.19388167769825945,-0.6973629267438347,-0.058930634872089195,0.01967519212974355,0.055234794523987905,-0.0033698674158468157,0.01912402870210321,0.9911777248840417,-0.00054008544835547,-0.0024705565569682086,-0.000265366468642112
0.026659228221248193,0.211573182395766,-0.5972531712081849,-0.03139103263390759,0.020639252962695667,0.02625674271161306,-0.011278467954836575,0.00593623085514342,0.9900976542190635,-0.0011373386195636548,-0.0024438973287469606,-5.3793286246346e-05
-0.010611108825443687,0.2504826397021581,-0.47110133457274,-0.026672089714557128,0.012091983378208751,0.011706290548878786,-0.004986393236950324,0.01219426411451613,0.99510499119821,-0.0016084399541363946,-0.0024545084375724047,0.00019668935345581214
0.03574668427231084,0.3161710672118765,-0.2967718834654172,0.018428286151530252,0.028297432005470965,0.02084985359151166,-0.006138257181125262,0.01989516253798413,1.007638117327093,-0.001905211837601812,-0.0024187617533000935,0.0005128604206676886
0.020363758422543156,0.20164351025273763,0.07651747302330644,0.009488282697409074,0.024972598547074846,0.03820744500142171,-0.010560449080145327,0.02268770500532531,1.0073211159733024,-0.0018286943645785055,-0.00239839799487755,0.0007145039309204263
0.12145604155418294,0.21195123256401832,0.23801127811511916,0.00171601930603547,0.014384668740235274,0.0316943752349862,-0.004623628860558215,0.011156768927160318,0.9955411887869972,-0.0015906830864633862,-0.002276941953323367,0.0009264551634844444
0.10296203819453952,0.21716431248537763,0.4283269697115363,0.016226424119963466,0.022085605890409574,-0.018486536662793415,-0.005801092934188026,0.010760290821525093,0.9943918540140996,-0.00116235611675185,-0.0021739799151288277,0.0011436194759698222
0.1344853677502147,0.14420938034760528,0.5762901102199479,0.020912687694464655,0.02740318985765915,-0.018958863197255253,-0.0070141171409484875,0.018232398382184344,0.9895262621297263,-0.0005860660065319021,-0.002039494547378613,0.0012878288563174275
0.19638384291001634,0.15737405724752346,0.7430522335950116,0.022973317089964404,0.0016471280306617627,-0.0204757399692361,-0.007112448912094941,0.012465375007123254,0.9980831972324121,0.00015698622706310962,-0.0018431107044685965,0.001445202913564951
0.10697454755730831,0.05864194748354694,0.7484888186029302,0.009962435498882451,-0.007213377400304959,-0.017728782301046714,-0.007337724773109416,0.01442263948418888,0.9984678271797256,0.0009054750456660397,-0.0017361361569112885,0.001503844861048498
0.26137935157266384,-0.03360924320867319,0.7542048264913759,0.030287471130026822,-0.027535676922593826,-0.03993295250097178,-0.008844011582857414,0.02033214045393442,1.001570013549839,0.0016596798721574158,-0.0014747568053386246,0.0014702356178398247
0.194551660145606,-0.0371182972372289,0.7147889164409529,0.01697203997196861,-0.002370742007052264,-0.040659130465468506,-0.006423906434008628,0.013413787681709073,1.0021399882536224,0.0023744687885983687,-0.0012802051451930186,0.001433117320602596
0.23579114837848686,-0.07762851811690193,0.5038097004695209,0.0023782094134658016,-0.009144597231356019,-0.025725773040643683,-0.010459930196480487,0.0064909454402798765,0.9965633095644233,0.00287827848906789,-0.0010444139968145316,0.001355488802485694
0.11113548116184102,-0.07766622424795283,0.3391790358604024,0.030269119810281717,-0.02468440394748433,-0.002542600745024399,0.0059266919340914825,0.009996015333457672,1.0002942775619903,0.0032174575249282918,-0.0009332785156526906,0.0012778225782377412
0.09579760267510531,-0.1252378153186108,0.07459188410498666,0.018193301916123297,-0.018097784942776154,-0.021328089824976686,-0.014520727683383739,0.016734161826084774,0.9939744139697344,0.0032920494090332795,-0.0008374809129775854,0.0011525847629191303
0.0575605538757707,-0.13083592452945575,-0.09736565912890455,-0.036693599138617056,-0.0420238366834961,0.007341499552580906,-0.010514152711879493,0.0075497929912348005,1.000126042701044,0.0031946837499043745,-0.0007799203591018146,0.0010217488383896746
0.09173491983627419,-0.1318261498241945,-0.1913341911713914,-0.015564037545714438,-0.040192228511181004,0.03823881357325854,-0.01023529405939146,0.015563205321651119,0.9948676434957916,0.003003349558732983,-0.0006881854392655405,0.0008899226885654799
0.050469477548873924,-0.13636263101716625,-0.4276323620635617,-0.005264303669309613,-0.04377519561451342,-0.002310575833200946,0.0023800765670386123,0.010270192738949356,0.9996638229724459,0.0025757171966694207,-0.0006377159617166666,0.0007535600575483137
-0.007110526908378413,-0.13033632552754756,-0.4655060637826893,-0.015062183664767729,-0.050908854529520764,0.024782602249241732,-0.014538561907965847,0.02561160291397617,0.9992215167080973,0.0021102111328867314,-0.0006448264886250451,0.0006232237320207661
-0.0643702169574154,-0.04514149470385436,-0.5605821874584389,-0.024941145043068953,-0.05631767999183116,0.052544396071407526,-0.005923461947389701,0.028418413481356528,0.9976352616156138,0.0015496289454282927,-0.0007091967055824605,0.0005780822373169118
-0.10523629959468482,-0.029633162735857546,-0.35951178958854696,-0.05130112154263734,0.004417537741356293,0.024390134256933177,-0.006925969969779213,0.012482063124168129,1.001225929736559,0.0011901171558397457,-0.0008144330051771452,0.0005484490745810542
-0.0743636494604863,0.1088005859179964,-0.3367911032994994,-0.07246063923275846,-0.040899519128081666,0.019406651780495773,-0.006614473173033776,0.019236741108188758,0.9893629782409781,0.0008533260525402462,-0.0008887966546376317,0.0006572496604990506
-0.11347909573697014,0.13545096726556505,-0.11178151904788705,-0.07724552831917436,-0.03542222737223274,0.049790922961945344,-0.0022149863064324553,0.013330374518551886,0.9918518902958157,0.0007415445334923592,-0.0010022757503746018,0.0007927006277646157
-0.13743030611529572,0.1389458181334245,0.009231970429945426,-0.045145586567703705,-0.0024405084598841773,0.013893470418013277,-0.0024314412564101365,0.016764802503323514,0.9957874266926156,0.0007507765039223046,-0.0011397060564898975,0.0009316464458980401
-0.04190829140192932,0.1535837498339616,0.21615262205443897,-0.037552981470175203,0.005532638635648588,0.034009884478846376,-0.010878922139960662,0.027507251830640046,0.9898824182304667,0.0009669291259767435,-0.001181614347891827,0.0010852301957320017
-0.1171874064330035,0.1461839530833759,0.36818459048446295,-0.009553736810395848,-0.015985299587975014,0.011520007062598902,-0.007767260245902943,0.016334519961070007,0.9950251796936377,0.0013351137164612067,-0.0012988017543248305,0.0012314141488153777
-0.04859117329274391,0.09246313943370887,0.42272829827708297,-0.0011647880452472109,0.04554431760963479,-0.012967758554018235,-0.01817072220462814,0.01741536123010993,0.9951468754353128,0.0017578420147382895,-0.0013473929276175743,0.0013238772882490863
-0.11892645868398044,0.1265315451529675,0.5425336312985756,-0.01218522964013818,0.030956689681514868,-0.004808172727801128,-0.008467262160534792,0.014310011892594097,1.003528728596067,0.0023003756460368654,-0.0014663193863015548,0.001450408833402054
-0.06509199057110535,0.11359878531135358,0.4408346032609956,-0.0202326498056393,0.01861908119207494,-0.014744153954134672,-0.01304483566845772,0.02493023417546078,0.9976530195984376,0.002741210249297861,-0.0015314113768726601,0.0015640076187134076
-0.05650432968940584,0.08019801524468784,0.42922837059688174,0.012068712749644245,0.07043979222813271,-0.005292364175209676,-0.010118603724193953,0.00305909774115359,1.0020472996316598,0.0031704386198947426,-0.001587915706562066,0.0016442056339580954
-0.10658431277947968,0.04295018666699267,0.23457039272445065,0.03526983741515912,0.06254423060430601,-0.0385712281812871,-0.017724991308714085,0.01733709907050925,0.9983680858211842,0.003405009012619193,-0.0016945000193415456,0.001687155820625088
0.06427916020100777,0.009945517358494221,0.08300829245708514,0.03719804586612175,0.025503287113529116,-0.025773782715194954,-0.007384843866944666,0.0194968156515317,0.9941406967329407,0.0034880173050762784,-0.001630220859140538,0.001697101337983582
0.01950823690484433,-0.11956189569066919,-0.1652890995196253,0.03716016376142155,0.08450813555381205,-0.023936464557718015,-0.018002750635013456,0.016595521511016936,0.9974466989541099,0.003322728205556653,-0.0016107126222356936,0.0015775394422929128
0.08575649502031196,-0.17174612221450045,-0.35552316091699304,0.057949434774856444,0.05787993504059833,-0.002115332980194933,-0.00888881015013892,0.02439279491797613,1.000384089957163,0.00296720504463966,-0.0015249561272153815,0.0014057933200784124
0.03960923927147133,-0.11944458892952384,-0.6004889721045521,0.04345456283669354,0.03811228275666489,-0.02807834788122037,-0.01587270699105453,0.026258855798877614,1.002662570422615,0.002366716072535108,-0.0014853468879439105,0.0012863487311488885
0.08517246687815094,-0.1862159074207239,-0.6907050681129094,0.038112449089577415,0.06203109169336506,0.022816062626011324,-0.014097945517876052,0.013361662207474131,0.9959923816977131,0.0016760110044221985,-0.0014001744210657594,0.0011001328237281646
0.0661038834328862,-0.26188639548933923,-0.791380205723704,0.050823757774122694,0.024142410791799962,0.02246745964154851,-0.004185252294842406,0.031061917452125207,0.9883745103258661,0.0008846307986984945,-0.0013340705376328733,0.0008382464282388253
0.16989893853709676,-0.2558399191621443,-0.8383826727363055,0.027769666001326365,0.010527640798377076,-0.0027893319217837022,-0.007128102382546447,0.01365029412990464,0.987980947696573,4.624812596218897e-05,-0.0011641715990957765,0.0005824065090766809
0.12775324959778583,-0.24652636510937423,-0.7608579254727185,0.029903501684850405,-0.011970057829164393,0.057020238218260196,-0.004430058273062246,0.027381321037049607,0.9948955558758549,-0.0007146097995105296,-0.0010364183494979908,0.0003358801439673067
0.12384081323058961,-0.2154338295578253,-0.6253350913785347,0.018533676628622733,0.0036332552616212045,0.08499170812575259,-0.002485418414233143,0.021858356471796535,0.9847955364694074,-0.0013399448908890644,-0.0009125775362674011,0.0001204463144094814
0.15627463745527354,-0.15586612061826405,-0.47262545774173503,-0.02192349117572399,-0.006545500771176364,0.06536614357933841,-0.014255821730917256,0.01876122949566518,1.0054177570635747,-0.0018125703486307995,-0.0007563028988121275,-3.5419806208782656e-05
0.12766067964609168,-0.009859379767173423,-0.22014444673860034,-0.02030342043092965,-0.022220998841240992,0.07608472220876715,-0.0030039337578050785,0.019402879678334217,0.999383857971082,-0.0020327147953694,-0.0006286422191660357,-4.527918597595608e-05
0.0850098537040894,-0.058103556238620443,-0.009689799381755099,0.008040867714875555,-0.042753655881754234,0.04854237236115422,-0.01793306975136081,0.021451587767533066,0.9931775807769744,-0.0020424045947511553,-0.0005436323654619462,-0.00010338274221457652
-0.04447983507222434,0.027788332845519518,0.39171334355998233,-0.05176846507134884,-0.026567574880454317,0.01010401992454609,-0.006981370509580993,0.02283013219188902,0.9907641694110263,-0.0016506912511911724,-0.0005881122005341706,-7.559440936905701e-05
-0.04284210627768551,-0.015946347313098283,0.5523254251226083,-0.07591618056923147,-0.03046293612443955,0.000537540457341874,-0.013284468580772478,0.01735561178783534,1.0014092625821438,-0.001098365826068564,-0.0006309543068118561,-9.15407566821553e-05
-0.09014985733202899,0.09949427559714452,0.6875094807037699,-0.07281157059118722,-0.0533907765402052,0.03477805280998675,-0.015574761479004613,0.020954469665493563,0.9906565098314312,-0.00041085634536479413,-0.0007211041641438851,7.95351891498923e-06
-0.043407959201157,0.23030782577743686,0.8358496493879138,-0.03385629795865986,-0.051774831087495116,0.008999932411495371,-0.007955960955689812,0.01843803225620858,0.9910893597102656,0.0004249933040231198,-0.000764512123345042,0.0002382613446924261
-0.10009275910868368,0.23265663618856244,0.7243798693644324,-0.029741868583447805,-0.0049556952318077895,-0.006562382751036698,-0.00640816681396311,0.016382812435028888,0.9923063317860935,0.0011493731733875521,-0.0008646048824537257,0.0004709179808809886
-0.1995967333838446,0.03842623637562706,0.6563277938175295,-0.026110498832370703,-0.060967967204130225,0.0019187361052637672,-0.006660757145379367,0.018537597829303865,0.9966618371879038,0.0018057009672050818,-0.0010642016158375703,0.0005093442172566156
-0.16722700157574233,0.2817743210879725,0.645574847422121,0.00903357999093999,0.0032272683676693795,0.008245761590067215,-0.010266530651510392,0.017039807824343885,0.9991504972451603,0.002451275814627203,-0.0012314286174133129,0.000791118538344588
-0.24421621966028573,0.33332437342721455,0.43528453607852946,-0.059060247143597144,-0.0022466270109230517,-0.03842054853809527,-0.010784326890156836,0.02085385526316106,1.0019647530944658,0.0028865603507057325,-0.0014756448370735985,0.0011244429117718026
-0.18798406881159646,0.1322487075526817,0.2863035594150195,0.012243333147132654,0.0412393324944537,-0.021270973748290817,-0.008912611975120782,0.025281373218593542,1.0011809028848868,0.003172863910120752,-0.001663628905885195,0.0012566916193244844
-0.2642416286285903,0.2594555991599757,0.091264549163941,0.044884035972099,0.011972283701432678,0.01754732819757699,-0.01013050017923832,0.02388633519875863,0.9959143426283548,0.0032641284592846926,-0.0019278705345137854,0.0015161472184844601
-0.15856847010448938,0.01692352264405389,-0.08171242161116365,-0.0009995218523249651,0.040314211346804435,-0.03198932746108463,-0.009044457116869598,0.03331770378186185,1.0009672855199359,0.0031824160376735288,-0.0020864390046182748,0.001533070741128514
-0.15265395321918662,0.13538807827733673,-0.3508864136237295,0.019711227905162644,0.02258728070585989,0.011311396921529446,-0.010832690848532783,0.012556318911377358,0.9924636536780881,0.002831529624049799,-0.0022390929578374615,0.0016684588194058507
-0.06222475214312305,0.036618277703991904,-0.4052954910366738,0.015300766145583228,0.034042613124328644,-0.009648581046635895,-0.007739752947008123,0.026117296394818173,0.9866680729544196,0.002426234133013126,-0.002301317709980584,0.0017050770971098425
-0.08453884850313526,-0.12515047784193672,-0.48674385958102573,0.012485643313862023,0.0454489746954506,0.018154181144885862,-0.020190223107240328,0.02396409974918594,0.9923702747861772,0.0019394902734321,-0.0023858565584837193,0.0015799266192679058
-0.11124291376673189,-0.04541801268700901,-0.468736764173838,0.020727468904960165,0.01811771304327782,0.03667088715924052,-0.012810587576321204,0.02817115259215696,0.9916479311910719,0.0014707535092582619,-0.0024970994722504514,0.0015345086065808968
-0.018448975938867525,-0.05315508755337257,-0.4421576049323406,0.04970202756095319,0.041826333912492096,0.036533222595059416,-0.019173008968716085,0.027835320493644997,0.9924723791845632,0.0010285959043259212,-0.002515548448189319,0.001481353519027524
-0.0822403407808632,-0.11795176611632292,-0.2342362857117365,0.049212105323393575,-0.005285253530449925,0.0456224462811694,-0.010969338951948236,0.023587616533802938,0.9907882995086634,0.0007943596186141847,-0.0025977887889701823,0.001363401752911201
-0.023312469140929666,-0.1229519259644872,-0.14430519425535826,-0.004925853658004216,0.01176005441845318,0.008257611182699862,-0.004241783031860076,0.025434795709748378,0.9932322623784796,0.0006500544243588265,-0.002621101258111112,0.001240449826946714
0.07428786614453142,-0.16972551923836046,0.11804419692015668,0.028009485258848613,0.014701913755246182,0.05508075301658575,-0.01491995113072874,0.021009536394052158,0.9985903126216746,0.0007680986212789832,-0.0025468133919665805,0.0010707243077083535
-0.004862085220458112,-0.22345713101254833,0.1714454618067288,-0.021599369288645597,-0.0004873248148868389,0.014711665503980358,-0.012010864945526703,0.027956000700071076,1.0040187081989411,0.000939544083085712,-0.0025516754771870384,0.0008472671766958051
0.12409338981157865,-0.0806033313771477,0.3869972624451806,0.0011299325631972186,0.014995484508022208,0.03337198523308511,-0.008961790111579982,0.015650310073880985,0.9867676669777465,0.0013265413455308926,-0.0024275820873754595,0.0007666638453186574
0.10485833030770642,0.0034886891636782547,0.4499895821899481,-0.04596376263112321,-0.04735370563969884,0.027482996028871644,-0.023179433814066674,0.02908527927643307,0.9889074840894607,0.001776530927720841,-0.002322723757067753,0.0007701525344823356
0.17596549162384537,0.01720112052763241,0.47878191410563076,-0.0493544450792855,-0.06696876840130321,0.02436559055842356,-0.015547460101447618,0.025241099875137094,0.9913404657023838,0.0022553128418264716,-0.002146758265443908,0.0007873536550099682
0.13400075441436818,-0.080899504322241,0.49828715328754325,-0.049627828318823564,-0.06464560657308653,0.012622030628320801,-0.011209907202890989,0.02307683624776314,0.9990777287411315,0.002753599995114015,-0.00201275751102954,0.0007064541506877271
0.20768812607577922,-0.014767898765266137,0.365503364006351,0.005027664320792788,-0.03462782183486281,-0.020112946196194664,-0.02761252243585783,0.024504015186973586,0.9941753877746887,0.0031191033591203656,-0.0018050693849537603,0.0006916862519224609
0.1859095894049891,0.055532251174999415,0.10961115365878259,-0.03959319891576051,-0.03842569510090335,-0.038859534781903016,-0.018106136328113562,0.02502458626074605,0.9915304684822196,0.0032287145127791483,-0.0016191597955487712,0.0007472185030974604
0.23882394788626743,0.05231827888410975,-0.0986111831317529,-0.06535478950730861,-0.044269095353650194,-0.0017415700951180241,-0.007811827065373662,0.03246032009965275,0.9986853539149942,0.0031301033296473957,-0.0013803358476625039,0.0007995367819815702
0.15727382399829512,0.14751847907469096,-0.1117369306141316,-0.023258364319646865,-0.06415290362054632,-0.020797145153798345,-0.008394629802072272,0.0422938472195092,0.9998340998584797,0.0030183663990332637,-0.0012230620236642089,0.0009470552610562612
0.0982776320918238,0.17022679776600164,-0.3262036985021491,-0.03869042684986195,-0.01940305094141027,-0.004316549732054304,-0.011630991150909362,0.03237765051744284,0.994908594455606,0.002692162700531115,-0.001124784391572385,0.0011172820588222626
0.09427299703333669,0.07879434771073157,-0.4851863711715616,-0.028190901133256077,-0.05030424690905197,-0.028138023347941812,-0.009184029012649341,0.023602921009706596,0.9908713306283454,0.002206976329359553,-0.0010305113945390484,0.0011960764065329945
0.012527358331241266,0.1587894259300208,-0.717440300989959,0.013829703490287976,0.007802402276141682,-0.05236745437856694,-0.01261139425686213,0.029729044830494142,0.9962536445992675,0.001489536028369594,-0.001017984036207807,0.0013548658324630154
0.060065436531490185,0.11645470129361299,-0.8592596738208375,0.010377813524475761,0.05314596278745018,0.0007672976357267127,-0.011001298772376714,0.03009669573199515,0.9936855139285574,0.0006302763545487566,-0.0009579185996763167,0.0014713205337566282
0.035436027919129,0.018993442374530753,-0.8301563466512237,0.028516758820151884,0.015021074122786037,-0.017953896873153956,-0.015447355791772116,0.022253485117087086,0.9935961858818889,-0.00019987999210246724,-0.0009224825717571878,0.001490313976131159
0.09029666259985303,-0.015488879281345722,-0.7460862404534161,0.03461752232540603,0.030731843341901644,0.005968934348856244,-0.013380290243122515,0.020723851935122536,0.992188437779248,-0.0009459662325558833,-0.0008321859091573347,0.0014748250968498135
-0.08049290474397097,-0.1523638146675262,-0.6580492759529648,0.049910208108281194,0.01965350617918955,-0.0032597208992894266,-0.01721092090859583,0.02685932057930302,0.999324332243922,-0.0016040155085088482,-0.0009126788139013057,0.0013224612821822873
-0.0884938311115668,-0.1322974955487959,-0.3424284614755986,0.057398623738363554,0.002247301859878429,0.05316142479955401,-0.007820812941201558,0.031361453414538186,0.9958975853627613,-0.0019464439699844469,-0.0010011726450128726,0.0011901637866334914
-0.12153571657067624,-0.16607978647388205,-0.08143760380626607,0.012420908518984579,0.03336368878061095,0.012493155010488229,-0.006619035147100014,0.019410373895724253,0.9997752486812693,-0.002027881573790713,-0.0011227083615835487,0.0010240840001596093
-0.09794621423502625,-0.1992732952742904,0.08921382857539985,0.06320516420087319,0.02819550641722821,0.031400223086350765,-0.007415309072648724,0.024010731682231726,1.0012267275878597,-0.0019386677452153127,-0.001220654575818575,0.0008248107048853189
-0.09608635141652164,-0.21817233327471874,0.3118685596550651,0.02556881683815063,0.02319894508775251,0.04615381675278506,-0.016442892639368416,0.030623587622351463,0.9967881465754281,-0.0016267991855602477,-0.0013167409272350965,0.0006066383716106001
-0.11518393555933172,-0.23846317376314227,0.4677588878990933,0.00873310163968123,0.08605434075344061,0.025306130501860216,-0.019258126202578475,0.028113353804451797,0.9919087970462348,-0.0011590402976611545,-0.0014319248627944284,0.0003681751978474578
-0.055192162441455674,-0.2601055768629208,0.7627289036346832,0.026437819340299987,0.054001159153151894,0.05399061028488548,-0.00819072286575863,0.03512980545699899,0.9995905484301547,-0.00039631139402647133,-0.0014871170252358842,0.000108069620984537
-0.11987265903690222,-0.21693968143924258,0.7935192029249835,0.01775454922793687,0.05077715462106323,0.07698702522392396,-0.011941814900926832,0.02113459302394881,0.9966647709304783,0.0003972078088985122,-0.0016069896842727865,-0.0001088700604547056
-0.02720359763541836,-0.15101256860174153,0.8010366903098748,-0.009997598386774949,0.0297120350836697,0.029748479094502255,-0.013103610145610328,0.040094535613446974,1.0073006127005038,0.001198244499208387,-0.0016341932819082046,-0.00025988262905644714
-0.024739424078266372,-0.15538086774316467,0.7862251076454673,0.008540559605143914,0.023690238914751343,0.04023233672024371,-0.017999291049471428,0.02078531349688149,0.9957814116522751,0.001984469606853854,-0.0016589327059864708,-0.0004152634967996118
-0.024200971613210772,-0.08014011467011194,0.6195777461806331,-0.045740908438633404,0.036796373454089815,-0.031230712493561956,-0.012786824825436936,0.018470302428983933,0.9976662585456585,0.0026040473530344875,-0.001683133677599682,-0.0004954036114697238
-0.010935806279693379,-0.04069646714108902,0.4825380394911401,-0.03593537814343652,0.006920648865226255,0.013865568017355043,-0.02042495862646359,0.028461679415284307,0.9955766574496733,0.0030865853925256276,-0.001694069483879375,-0.0005361000786108128
0.14217636664872926,0.0029009757381805445,0.2049991723742771,-0.04585322203478902,0.008557671077118684,-0.0004388570857074732,-0.011911088869496,0.023223344402087506,0.9935755639355078,0.003291584564899905,-0.001551893117230646,-0.0005331991028726322
0.01823857377850386,0.11928622001315702,0.10589129156312599,-0.03849280256250724,-0.014704773963723067,-0.018287741965716968,-0.008269204085723163,0.028840526372549857,0.9927234180677011,0.0033974758564630303,-0.0015336545434521422,-0.0004139128828594752
0.0916306790240079,0.12586438927439206,-0.15207659499424714,-0.03225889952447274,-0.024945204689516942,0.01372907117192042,-0.007090048163630012,0.028803602362822613,0.9954347147417846,0.003245399261468783,-0.0014420238644281343,-0.00028804849358508313
0.06107414844726182,0.21519069251258718,-0.26332025646944174,-0.05521239008374073,-0.05172722441614733,-0.01815070299485222,-0.011783692054648477,0.02833056069223549,0.996515295528234,0.0029820790049993415,-0.0013809497159808725,-7.285780107249593e-05
0.18987972584917462,0.23161083958293163,-0.44409607469594375,-0.015046231706734893,-0.06650200882631427,-0.01636760169409012,-0.0223168514587632,0.02523383105093336,0.9996270798344592,0.0025379829303033975,-0.0011910699901316977,0.0001587530385104357
0.1544137194921957,0.2340436909103985,-0.49690189290980685,-0.02054047459236642,-0.033248915587951344,-0.01898823697624636,-0.014499916209526393,0.03174487745025148,0.9953449197826155,0.0020410810373935905,-0.001036656270639502,0.0003927967294208342
0.08155729978408684,0.23455233935264921,-0.5356969326781201,-0.050405625538902585,-0.02566055001682195,-0.04605526411661184,-0.004867369914424314,0.028129874176365085,0.9914315516308044,0.0015053841047154705,-0.0009550989708554151,0.0006273490687734835
0.12863003126920364,0.21205208259631,-0.3713111034811038,-0.04182666269229908,-0.04912571859834628,-0.02472029484800841,-0.01998743384709304,0.03536909634424,0.9920568626807181,0.0011340730012343665,-0.0008264689395862115,0.0008394011513697935
0.10257637385749482,0.13104571914467025,-0.32060752770746215,0.006811006767007905,-0.018821362618803204,0.02407164844146141,-0.01601826340642858,0.029082368754482696,0.9870213885236789,0.0008134654735269044,-0.0007238925657287167,0.0009704468705144637
0.0465873485941424,0.18366468062463734,-0.1410950639632651,0.01128863690572371,-0.010298487408842136,-0.029870703078957922,-0.008732092738192691,0.02529369334387382,1.001886889231754,0.0006723704095636393,-0.0006773052171345742,0.001154111551139101
0.07970509497623002,0.1272408007461336,0.05794525490249866,0.02044998932528201,-0.0467400569024856,0.004232892168182642,-0.01279078009647481,0.021810317201669645,0.9908195057084723,0.000730315664466138,-0.0005976001221583443,0.0012813523518852346
0.03322457918267695,0.10131091492470953,0.23277226941519322,0.026295240127301566,-0.013728658225190005,0.0177757273298552,-0.0035517765190127837,0.02951949803432067,0.9983069376134502,0.0009630879338813313,-0.0005643755429756672,0.001382663266809944
-0.006886530597609514,-0.017330260220428696,0.28918681233353377,0.032790036698206244,0.020769664772728548,0.06515811185431473,-0.019692383712496552,0.024164429979130597,0.9947966597019035,0.001252274746214865,-0.0005712620735732767,0.0013653330065895156
-0.05194605092057839,0.04258596701626928,0.4504392080171317,0.04553501175541962,0.027698783594180394,0.04796380117391541,-0.021051661620524693,0.02389028032910911,0.9948765440295301,0.0017027139542319968,-0.0006232081244938551,0.001407918973605785
-0.06287781122237503,-0.10659294907758028,0.5310151198391285,-0.0004178355097424211,0.0029715701844485088,0.021241553426000717,-0.010056465693875572,0.03340623875144555,0.9927144351145019,0.0022337290740711254,-0.0006860859357162301,0.0013013260245282046
-0.10272013882552922,-0.1635234657500281,0.4442815607684707,-0.00920737401567082,0.0336067689590571,0.055693088512948304,-0.022230057551712985,0.022008687093999738,0.989306280617023,0.0026780106348395956,-0.0007888060745417593,0.0011378025587781765
-0.1374741234027554,-0.19041330828747943,0.3539000388371005,-0.017488305023989143,0.05324331034474,0.009620755556207991,-0.017307434343341505,0.03808530883689803,0.9883460103823121,0.0030319106736766965,-0.0009262801979445148,0.0009473892504906968
-0.19158679872532808,-0.23189274719236846,0.21844213615835342,-0.0012778470737959437,0.04844832601886727,0.0374704490122296,-0.016724112684893818,0.031949444547444965,1.0017742392129714,0.00325035280983505,-0.001117866996669843,0.0007154965032983285
-0.09993609539514564,-0.07487547469238788,0.011500521998109258,0.005665178917029322,0.028801287968883454,-0.018388084017392642,-0.011287570873741848,0.031057383088704864,0.9936447559137666,0.003261853331833159,-0.0012178030920649886,0.0006406210286059406
-0.23489275776243027,-0.062316640667318984,-0.2439032930930346,-0.03987119858268663,0.016919507705444425,0.021154095065626807,-0.013467166571197498,0.026227709920765188,0.9986441416771639,0.0030179500387401245,-0.0014526958498274189,0.0005783043879386216
-0.16805650831133592,-0.06652296198197577,-0.4090959413254468,-0.0922078868324509,0.0072645793922572685,-0.01730929815059465,-0.014323517099177029,0.03534755108941122,0.9998850050493024,0.0026088540974146777,-0.0016207523581387548,0.0005117814259566458
-0.19584904186913535,-0.09579389775786654,-0.5465673664434728,-0.08525336639131086,0.02114090439621208,-0.0375848260053856,-0.018690675629677047,0.03163451839158769,0.9908487189284588,0.002062286730971205,-0.00181660140000789,0.0004159875281987793
-0.08597183525235318,0.07314241056102927,-0.7786186904635173,-0.07418570222508811,0.006450512114130748,-0.027395456989461935,-0.01067252227540601,0.02834111364878371,0.9949627822469416,0.0012836680405076874,-0.001902573235260243,0.0004891299387598085
-0.1871892107801123,0.018938551840816064,-0.8223417200785924,-0.07185023552362844,0.005283151723057976,-0.021158844812804195,0.003313217876470001,0.03289247140323287,0.9930124245736226,0.0004613263204290951,-0.0020897624460403555,0.0005080684906006247
-0.1519479709055047,0.0649423895657806,-0.8706144545874752,-0.06854791825638742,-0.014538415497538931,-0.03747859196578098,-0.013427187945871506,0.023600365878660746,0.9869432372231023,-0.0004092881341583802,-0.0022417104169458603,0.0005730108801664052
-0.13015946331512165,0.1787917106832848,-0.6905463535983846,-0.05575305503764023,-0.010078442331487202,-0.014457645931673842,-0.016452266970514603,0.023957793856571687,0.9917436609890683,-0.0010998344877567647,-0.0023718698802609817,0.0007518025908496901
-0.03440074330863196,0.1682999330243659,-0.5953320437780416,-0.05556774544308676,-0.03266241028667431,-0.032331642495441244,-0.023506303249202647,0.026652823533467443,0.9955501683663662,-0.0016951665315348065,-0.0024062706235696133,0.0009201025238740559
-0.0740422165448458,0.25208837603494944,-0.43076396687874435,-0.018264980991243376,-0.025262310125499475,-0.0009364658660708878,-0.0202700842252566,0.03411989981600506,0.9900588844332289,-0.002125930498413551,-0.0024803128401144595,0.0011721908999090054
0.005974997763006706,0.16122956209391145,-0.15017899614634797,-0.04046072883801632,-0.027816478174770575,0.004718233079120742,-0.018216242337999452,0.03247366346496038,0.9908710316039722,-0.002276109494559899,-0.002474337842351453,0.001333420462002917
-0.033363206477049004,0.11624850919694625,0.04239811024971186,-0.030467563544261507,-0.06317097320814334,0.0050222381650496615,-0.01988502959770492,0.03785172210224354,0.9915694525913252,-0.0022337113843101867,-0.0025077010488285018,0.0014496689711998632
0.11152773346392722,0.07767000305442662,0.29293860963193025,0.010557249857052526,-0.08249836360781898,0.008086443137984664,-0.01735607529570045,0.028122923365664073,1.0029347960650616,-0.0019407727746782568,-0.0023961733153645744,0.0015273389742542897
0.10795462472911514,-0.019385001438253238,0.4831312828322762,-0.01601184145300282,-0.012117109402126885,0.03005482167795396,-0.008448581451219293,0.03571143190046899,0.9831475913565567,-0.0014576414918459806,-0.0022882186906354597,0.0015079539728160365
0.08739632980467849,0.0038160779341914614,0.6581909392565453,0.034810249136592045,-0.03204419321409597,0.04675563768410978,-0.011165118459918372,0.032383130315988495,0.9947665641070672,-0.0007994505525894352,-0.002200822360830781,0.001511770050750228
0.22403064397668937,0.015189025508007069,0.8594252558143979,0.03915422088332585,-0.06348463506638831,0.08363267996522963,-0.018256720880783547,0.028350814902307543,0.9909319895772687,5.997470322496279e-05,-0.0019767917168540916,0.0015269590762582352
0.12483745524048326,-0.06513222249639414,0.7784223993454858,0.04135315495634272,-0.03373328892484544,0.06523814964712694,-0.023564871881587887,0.035105301576602216,0.9889355744023006,0.0008383971025704486,-0.0018519542616136084,0.001461826853761841
0.2248316566521218,-0.14389654506428842,0.7746499032406283,0.0799308158001751,0.006952409763471911,0.06714602811839979,-0.010896857006886976,0.03296058797975704,0.9906894618704017,0.0016130470058110767,-0.0016271226049614869,0.0013179303086975525
0.1513838458915336,-0.23565572012331704,0.5898411728680631,0.03604480256290719,-0.0024682722042152485,0.10766611012301903,-0.017888495477667087,0.03025609422224465,0.9953555414196619,0.00220288817867914,-0.0014757387590699533,0.0010822745885742356
0.2453921885302949,-0.21385087552345197,0.4873047520452701,0.08653218076581672,0.004499526867171078,0.05180168761698136,-0.02633455860305543,0.033721884619097975,0.9955809271531444,0.00269019293072441,-0.0012303465705396583,0.0008684237130507837
0.18760732432975033,-0.1986083457141723,0.19815508375410804,0.03447341132272723,0.053745356413856415,0.044535034768330456,-0.014198039400383,0.032973589528211444,0.992827873823719,0.002888348014478518,-0.001042739246209908,0.0006698153673366114
0.08248185211373754,-0.23093670543146308,0.03195380622699155,0.004448281773205816,0.014544215349280297,0.040700179863208716,-0.01268918894759478,0.03296130391103758,0.9973008047284256,0.0029203018207055098,-0.0009602573940961703,0.0004388786619051483
0.057957530408563156,-0.23250626145912845,-0.16756290008257102,0.020462299857217776,0.027541186322228878,-0.0025895161366088788,-0.030003893360126918,0.03177442907955734,0.9981204048248764,0.002752738920622939,-0.0009022998636876072,0.0002063724004460198
0.09630065519066904,-0.2505386995044284,-0.22688622917608836,-0.014468469356453606,0.053579137243198516,-0.00029437330854108733,-0.022053147864024618,0.027419447769975114,0.9957970938959227,0.0025258526914468506,-0.0008059992084969383,-4.4166299058408636e-05
0.023259313542106513,-0.1335152668959803,-0.4160835315175929,-0.02015477535533034,0.06055003689827988,-0.009709040105453525,-0.01853796016731561,0.03442395554078256,0.9889230597681045,0.002109769159929258,-0.0007827398949548317,-0.00017768156595438897
-0.005386794916803098,-0.2654099048606059,-0.5201548634574938,-0.008613444319094311,0.06345477552475533,0.00675393226388483,-0.01436774096740178,0.030141634274455206,0.9940648719781265,0.0015896142964717638,-0.0007881266898716347,-0.0004430914708149949
0.02977251216058753,-0.0435130613739596,-0.44269236173994,-0.015297836816274595,0.06994568443905833,-0.014176589648692698,-0.020672921660256166,0.029157776516578523,0.9940271449785575,0.0011469219347318238,-0.0007583541777110472,-0.0004866045321889545
-0.09110043977536877,0.12144968190078717,-0.2951405009834883,-0.046427574780572266,0.05145225236878627,-0.009953053863737184,-0.022308077132606314,0.03315927074290195,0.9873912980823868,0.0008517814337483354,-0.0008494546174864161,-0.0003651548502881673
-0.07583800978663399,-0.0020483932342202776,-0.3372117016022205,-0.01901704782944687,0.050897069481903236,0.009589973390366829,-0.01456398383293606,0.03813538357853914,0.9835604113417563,0.0005145697321461149,-0.00092529262727305,-0.0003672032435223876
-0.053920085003925665,0.11581729270500822,-0.13642693018938468,-0.017315145721330347,0.027847344857423805,0.0081091078983802,-0.020593185908380596,0.035494928486747575,0.9812317161392335,0.00037814280195673023,-0.0009792127122769756,-0.0002513859508173794
-0.07207229273232237,0.17761368610112357,0.06835653896427238,-0.010318301248371128,0.0250211908118627,-0.00730640466726217,-0.01559232420864718,0.032011886626176066,0.9916326988847382,0.0004464993409210027,-0.001051285005009298,-7.377226471625579e-05
-0.12132842041005693,0.19586838291661857,0.22697498510887962,-0.024121728927915385,0.016050577494403865,-0.010881292643898617,-0.02391047660063577,0.03191072818212555,0.9927112868341884,0.0006734743260298822,-0.0011726134254193548,0.0001220961182003628
-0.12512588563065985,0.28961253839203493,0.3665022580125514,-0.0006319144742671229,0.008342104354688462,0.032611866117939634,-0.025164139745316255,0.038045507146642586,0.985249687720766,0.0010399765840424337,-0.0012977393110500147,0.0004117086565923978
-0.18309599077997074,0.27264853304494546,0.40849349880512875,-0.05686516425906199,0.010238925640219937,0.03278191390096406,-0.014674978686464672,0.022980863412527766,0.9963261060326161,0.0014484700828475625,-0.0014808353018299853,0.0006843571896373433
-0.13699926843992047,0.25079651086959615,0.5586121602025923,-0.015892564377062088,-0.00220034047430363,-0.008201527563550652,-0.017236846321216467,0.03904858521101426,0.991794226179242,0.0020070822430501545,-0.001617834570269906,0.0009351537005069395
-0.05400178678769338,0.25811916523834955,0.3877698890269869,-0.016958202358065482,-0.0188778205195257,0.022787596791648115,-0.013934558278660431,0.025788013520482475,0.9977174327649609,0.0023948521320771416,-0.0016718363570575993,0.0011932728657452893
-0.05131767691049373,0.18662182083582193,0.33917215963833125,0.012006606915400602,-0.04040892875641587,0.03542326461532224,-0.021256460824122296,0.02817649667456053,0.9927597273875327,0.002734024291715473,-0.001723154033968093,0.001379894686581111
-0.01531050782083447,0.28619609250755185,0.2373898553371479,0.0059325565119151885,-0.025111793788439724,0.04831149649128929,-0.022614947167209645,0.032776760160328176,0.985512103512154,0.0029714141470526213,-0.0017384645417889274,0.001666090779088663
0.05632597100104731,0.09424419650544487,-0.009378725090778278,0.0195705447166854,-0.02695307307826281,0.048976433859119484,-0.011881015199990543,0.04629237002220363,0.9930717466579416,0.0029620354219618427,-0.00168213857078788,0.0017603349755941078
-0.019300192270617238,0.04097347889746673,-0.2677410197092599,0.06332939995170346,-0.02020876907773255,0.03201590691227749,-0.026343854804156307,0.04392161062253622,0.9940673100732904,0.0026942944022525827,-0.0017014387630584972,0.0018013084544915747
0.04925128531788322,-0.10044942118934856,-0.4937058823728864,0.022027492538587875,0.02441821833227538,0.031476706213749116,-0.012515469393511322,0.039158819296575775,0.9879149023681009,0.0022005885198796964,-0.0016521874777406143,0.001700859033302226
0.0901820621176428,-0.09499871768319573,-0.6224706232940502,0.030303600725101115,-0.024126534406282714,0.012915707008677585,-0.012213220240301522,0.03750005896328603,0.9833786676065936,0.0015781178965856462,-0.0015620054156229714,0.0016058603156190302
0.06583917085506273,-0.05642709954898809,-0.7777833161731227,0.01103389153934705,0.002109593742442363,-0.010839009115414034,-0.014557524231335408,0.02649602634668536,0.9910265747152701,0.0008003345804125236,-0.0014961662447679086,0.0015494332160700423
0.17514279356744494,-0.1980751732182589,-0.7999115938148329,0.008304331142698148,0.023074229092864704,-0.01162691114289439,-0.02233849293223363,0.0366803614012385,0.9854566834328613,4.2298659769057775e-07,-0.0013210234512004634,0.0013513580428517833
0.15576777612957274,-0.24977761660400583,-0.866616309597596,-0.003898291385019851,0.011858787433518848,-0.014273965298355526,-0.02302281195718774,0.033238715426557375,0.9960010084678149,-0.0008661933229999054,-0.0011652556750708907,0.0011015804262477775
0.1252130360367657,-0.14868412588896407,-0.6826575461753425,-0.00699762429546169,0.06441857996118304,-0.02203557956461283,-0.020030461338551585,0.03198881958640304,0.9882962025351685,-0.0015488508691752479,-0.0010400426390341248,0.0009528963003588135
0.18545995820419997,-0.0729540564001385,-0.5642865296125279,-0.004854892762927148,0.016877015668962034,-0.06352862601103208,-0.02549462125261246,0.036932613535360606,0.9988904604127491,-0.002113137398787776,-0.0008545826808299249,0.0008799422439586751
0.018496814159377317,-0.10762965750632619,-0.35575390063762713,-0.006740469273295909,0.03621585089002303,-0.03556768953738549,-0.023866382402869937,0.03388856628123752,0.9795818845624085,-0.0024688912994254033,-0.0008360858666705475,0.0007723125864523489
0.0657087340765044,-0.08884981037213827,-0.05788049661602307,-0.043466697993379246,0.017175780444509226,-0.025390445589950586,-0.015871978118453672,0.04067521655259665,0.9908117339378119,-0.002526771796041426,-0.0007703771325940432,0.0006834627760802106
0.05657398889848752,-0.11619901723926507,0.10803555155158917,-0.045497245769509906,0.027382383846924922,-0.028158061136369122,-0.015885887308226803,0.026732629592690106,0.9972196530547245,-0.0024187362444898367,-0.0007138031436955557,0.0005672637588409455
-0.03244284853905983,0.03547918733358218,0.33471535422953586,-0.08496981837009962,0.038355671700517104,-0.020880172781640068,-0.0244167349917853,0.03687022514981759,0.9855559590566946,-0.0020840208902603006,-0.0007462459922346156,0.0006027429461745277
-0.008979641572329491,0.08918645613313107,0.5472870089485777,-0.06499685635428731,0.046978296564622296,0.002498733583659901,-0.015823722408568698,0.03218152443604317,0.9891461245114574,-0.0015367338813117226,-0.000755225633806945,0.0006919294023076586
-0.10695006834317755,0.015713797642658497,0.7130798370983777,-0.04217276000103613,0.030976808025021736,-0.018755159687154722,-0.016967528628180954,0.034609749764908146,0.9878614578715714,-0.0008236540442133448,-0.0008621757021501225,0.0007076431999503171
-0.05670209609088056,0.1800939171596106,0.7986768768992851,-0.037937982519048674,0.04248327831275625,-0.019066986433236573,-0.011723567431245117,0.03826105315860959,0.9863921651175632,-2.4977167314059744e-05,-0.000918877798241003,0.0008877371171099278
-0.06981987734632963,0.18188112967424527,0.7706432209552878,-0.042182910189406425,0.006688971086062431,0.016915487810829282,-0.01646050917705549,0.03123044567465085,0.9909683439827552,0.000745666053641228,-0.0009886976755873326,0.0010696182467841732
-0.13205802818292342,0.20412206839289423,0.6482768502057048,-0.017291616343715892,-0.007671994808518545,0.04841702037941222,-0.014045716624605232,0.037716279387872614,0.9832022117197468,0.0013939429038469329,-0.001120755703770256,0.0012737403151770674
-0.2506797349694638,0.1700363423709098,0.58354255936691,-0.012010158572724495,0.0431099504759551,0.07426842589317702,-0.01698490098983077,0.03591062917185778,0.9890584272010913,0.001977485463213843,-0.00137143543873972,0.0014437766575479771
-0.22445103361337806,0.15049479010264252,0.4450426264638121,0.01628595516525328,-0.012740492776694994,0.061091447660475855,-0.014501545741360306,0.03374565323101449,0.992127057053304,0.0024225280896776557,-0.001595886472353098,0.0015942714476506197
-0.16138017125368032,0.1090885302868672,0.22550408620341555,0.012129581775772795,-0.04378249171267838,0.01820298594379103,-0.025866913492237575,0.03477105641125894,0.9884052963798637,0.002648032175881071,-0.001757266643606778,0.0017033599779374868
-0.1861282831397007,0.07969542229100754,0.059816796419441716,0.012297326057218245,-0.05060042665099072,0.042115024305512,-0.020069419298959532,0.03642555269188289,0.9844132882661286,0.002707848972300513,-0.001943394926746479,0.0017830554002284946
-0.3030134235179325,-0.09614859233776465,-0.10222517363362135,0.03732548520854709,-0.06096765125534847,0.048307161690591224,-0.01968421188355283,0.033432583033963625,0.9944986467901521,0.002605623798666891,-0.002246408350264411,0.00168690680789073
-0.10637681265802447,-0.13675722425952436,-0.31559194749974023,-0.01941775427094686,-0.026489334737475903,0.04074131684120121,-0.020735879401986113,0.037379749708943345,0.9929322822845266,0.0022900318511671503,-0.0023527851629224356,0.0015501495836312054
-0.1347750040091732,-0.15562617133216392,-0.39078716168495314,0.0522766015392217,-0.05308633764873655,0.04018348268369069,-0.01732475763776001,0.036024962414002736,0.9840082073957035,0.0018992446894821975,-0.002487560166931609,0.0013945234122990416
-0.1502197314498032,-0.17650091838981805,-0.45886825666251113,-0.02640297313223921,-0.04121235591054556,0.0021971101439056655,-0.01639858206771148,0.03443005567324689,0.9826766202495183,0.0014403764328196863,-0.0026377798983814125,0.0012180224939092234
-0.03341641058578001,-0.19231922068080395,-0.38890351306972126,0.010499860938636207,-0.04043864620630427,0.012731858579398065,-0.01763471189662728,0.045505355226209916,0.9843204208157071,0.0010514729197499651,-0.0026711963089671924,0.0010257032732284195
-0.07357621076596983,-0.22257338389511977,-0.29484430471160095,0.04905825853034441,-0.01761171015950071,0.011315893349077738,-0.02050546001346353,0.039701070469045543,0.9917391644966495,0.0007566286150383641,-0.002744772519733162,0.0008031298893332998
-0.03546913955380345,-0.19881906425915513,-0.19993012478042838,0.04171021888606777,-0.04026845740933984,0.012238328741846109,-0.02332335973871319,0.03577908585763378,0.990323290845744,0.0005566984902579357,-0.0027802416592869654,0.0006043108250741445
0.05145738605978363,-0.19415221657989373,-0.04394922071033278,-0.0012295714133941267,-0.03442847512609669,-0.02561621370297968,-0.014181972161349532,0.03848877299191015,0.9928283404605688,0.0005127492695476029,-0.002728784273227182,0.00041015860849425074
0.15416160545430352,-0.2678378259354547,0.09102129678943549,-0.00384429196154089,0.002931676086382039,-0.019249858087115025,-0.017941655186589536,0.03269123993510461,0.9871795501805033,0.0006037705663370385,-0.002574622667772878,0.00014232078255879606
0.18106073960393804,-0.18244238248091146,0.26276102132642787,0.02559945744794088,0.022155125338101662,-0.06669418397840973,-0.02480502795909423,0.03570639666613748,0.9841188792417895,0.0008665315876634663,-0.00239356192816894,-4.012159992211542e-05
0.15248667372969943,-0.18524216364932933,0.3796840891441092,-0.023368197226381254,0.028165948566856912,-0.02280081026222245,-0.020701257578407878,0.036353824188642275,0.9932689077789028,0.0012462156768075756,-0.002241075254439241,-0.00022536376357144475
0.18095294609102325,-0.09791916857528797,0.5035909119873061,0.020506289301362488,0.01577498278126663,-0.016393844085958835,-0.028469400443818665,0.03178323967589251,0.9858394343907768,0.001749806588794882,-0.0020601223083482174,-0.0003232829321467327
0.2130449700320775,-0.011464780203456721,0.45950552351155094,-0.033072766768324345,0.05446761698188389,-0.020120840897038285,-0.01959535135791599,0.04001601670211719,0.9894712965385744,0.0022093121123064326,-0.0018470773383161398,-0.00033474771235018945
0.12832636923393653,-0.1183032352592421,0.4349943117759866,-0.030969175671765402,0.03302441398168727,0.010797717893395129,-0.02078262594424208,0.03561225807043782,0.9807206900132148,0.0026443064240824193,-0.0017187509690822036,-0.00045305094760943155
0.2175463505041458,0.2115827688247963,0.22338319893342906,-0.009907792594956116,0.04212630461656909,0.013848648041142459,-0.02268080148063723,0.03642309970914324,0.9855528996547509,0.0028676896230158486,-0.0015012046185780576,-0.00024146817878463526
0.1482309498330805,0.18211388749892174,0.24628745528224155,-0.03960619320936091,0.035785173430637966,-0.023263348158111312,-0.0119024242731054,0.03541598003637898,0.9933804515383131,0.0031139770782980898,-0.0013529736687449773,-5.9354291285713514e-05
0.18346103913893175,0.17359588697058762,-0.043675960760521396,-0.05921717585629347,0.08017693391360124,0.031909787548704514,-0.025622371639254914,0.05311321189916596,0.9846834968204432,0.0030703011175375683,-0.0011695126296060454,0.0001142415956848741
0.13863986649811139,0.32122937702209176,-0.22783730694434107,-0.035607320766200615,0.06377871852698583,0.012812351916921825,-0.016325028790119125,0.03506189466740033,0.9922686710191445,0.0028424638105932275,-0.001030872763107934,0.0004354709727069659
0.1469774335993475,0.23285997429041305,-0.388425710579906,-0.026216451301031514,0.05786630672031462,0.04252838782008678,-0.008938061330753208,0.028087827534013735,0.97647221920358,0.0024540381000133214,-0.0008838953295085866,0.0006683309469973789
0.09999055999691574,0.25509172637846755,-0.6169449233873233,-0.0434590008405768,0.06343206960121442,0.0060498457687321715,-0.014499086706884233,0.03048682332565872,0.9852614096517646,0.0018370931766259983,-0.0007839047695116707,0.0009234226733758465
-0.07887573012569354,0.21097937976977854,-0.6882571626884743,-0.011341242474715284,0.08600302366950228,0.02862176666758187,-0.020056159183433526,0.04233729476629622,0.9871325304588037,0.001148836013937524,-0.0008627804996373643,0.001134402053145625
0.03750974734140011,0.27949740550831725,-0.8696182194614651,-0.011408507000706126,-0.014075708853037022,0.016427147969844416,-0.025581061960201,0.0452763698070445,0.9966328273974303,0.0002792177944760587,-0.0008252707522959641,0.0014138994586539422
0.026100922296561725,0.15703311519972246,-0.6858504958115264,0.03044564522362153,-0.004601830932884822,0.020448829949986903,-0.026732497095062164,0.03523746996370912,0.9820055211106501,-0.00040663270133546765,-0.0007991698299994025,0.0015709325738536646
-0.013594195919992273,0.11866507092934102,-0.6552441887070289,0.01926931988480038,-0.011792657245509403,0.008076249417160111,-0.02199062564218361,0.045092577394158714,0.9911364000402114,-0.0010618768900424967,-0.0008127640259193947,0.0016895976447830058
-0.0660014893405643,0.11255768413502748,-0.5376866027146837,0.017017326612472624,-0.02523092013456149,-0.008637659255831731,-0.023377764876756416,0.04245617442606528,0.9929965799300783,-0.0015995634927571804,-0.0008787655152599589,0.0018021553289180332
-0.008175037068597207,0.029130917124796114,-0.2712425854587881,0.021704429501951963,-0.03710535695056545,-0.04285480908145546,-0.023549602485703428,0.03785024013495998,0.9840348506450032,-0.0018708060782159685,-0.0008869405523285562,0.0018312862460428297
-0.08608158156884381,-0.051499685942586776,-0.1474957757874386,0.026317880431478716,-0.027058955843805847,-0.048944185774803896,-0.021591754286411646,0.03754384546768187,0.9857049483807682,-0.0020183018540034067,-0.0009730221338974001,0.0017797865601002429
-0.09052243769556377,-0.041621727194593686,0.14512426796024508,0.02915424681889068,-0.04878383573495734,-0.03632670540521242,-0.020478953547620714,0.03979788262507031,0.988210873614143,-0.0018731775860431619,-0.0010635445715929638,0.0017381648329056491
-0.06605452938681083,-0.008999282286624333,0.4616350896778697,-0.010970429127126142,-0.018850248891831227,-0.02751430776791703,-0.01754840112778294,0.04332728252103663,0.9800253598991757,-0.0014115424963652918,-0.0011295991009797747,0.0017291655506190247
-0.09404618473319441,-0.13136789341986727,0.5079719562604299,-0.021827049906369106,-0.02331801256464828,-0.039356132534602586,-0.02616939618862547,0.04097196429217311,0.9850872180295629,-0.000903570540104862,-0.001223645285712969,0.0015977976571991575
-0.14216836367201133,-0.14672700564762053,0.7613747673896691,0.009570145994680096,-0.01137004408860998,-0.011613089871868576,-0.023396799504706623,0.035645952996480074,0.9936731390065843,-0.0001421957727151928,-0.0013658136493849803,0.001451070651551537
-0.1973277189876338,-0.13623420253354748,0.8321044062463991,-0.03296075202445006,-0.005587404580185827,-0.023908731968479514,-0.02078831737438353,0.038202476174543656,0.9898355939254697,0.0006899086335312064,-0.0015631413683726142,0.0013148364490179895
-0.08654294321177267,-0.06269384260911526,0.8950598152280438,-0.06499042321299214,0.0030583779872539194,-0.029549558459105722,-0.020970970194344726,0.0490223583509087,0.9863682018478749,0.0015849684487592502,-0.0016496843115843868,0.0012521426064088742
-0.0053518392545072735,-0.11841782585054648,0.6557026717335709,-0.038554785289914524,-0.008729101247027814,-0.006093496730148683,-0.010814223646226856,0.04041365142026581,0.9876468568834589,0.002240671120492821,-0.0016550361508388942,0.0011337247805583278
-0.030073974342753752,-0.06348212382340476,0.6636987608151969,-0.04693957679149223,0.04934864768599749,0.014561032469938374,-0.018837117754390103,0.043544761563956126,0.9899154580371906,0.002904369881308018,-0.001685110125181648,0.001070242656734923
0.0503275669563661,-0.07675730731282038,0.37845900402872595,-0.09289216360073284,0.019663798573910422,0.02711336241354418,-0.02806751881187825,0.04193712097622769,0.9908023184435064,0.003282828885336744,-0.001634782558225282,0.0009934853494221027
0.04685888621596769,-0.015317135129327156,0.17247650694232655,-0.06054062788561247,-0.014936855644771601,0.06789057847478419,-0.01790909242944997,0.04064305498551983,0.984087434824908,0.003455305392279071,-0.001587923672009314,0.0009781682142927755
0.12354793353417065,0.05704887589805993,-0.07682266041559146,-0.04976923041170518,0.008362184328752487,0.025003506471367083,-0.01727132054324216,0.03985733863174727,0.9944722505051699,0.003378482731863479,-0.0014643757384751434,0.0010352170901908352
0.07134242601009863,0.11286367898170227,-0.26383128416084745,-0.05281171677985969,-0.001994218220557814,0.042684362278301385,-0.020624129666254955,0.04383738181558087,0.9933094303979573,0.0031146514477026314,-0.0013930333124650448,0.0011480807691725376
0.12219907574127693,0.22107996148496004,-0.3477070084861589,-0.04017286007742986,0.035536080561869764,0.05572686358563646,-0.026063533759022935,0.04297923018958651,0.9900429255315045,0.0027669444392164726,-0.0012708342367237677,0.0013691607306574977
0.1339072451957867,0.1759852522191821,-0.5138994913130082,-0.0705734322362058,0.03288255726352007,0.04686950361182954,-0.011203548342785575,0.040740081594731165,0.9823706914327618,0.0022530449479034645,-0.001136926991527981,0.00154514598287668
0.18317435942632565,0.10702787104322971,-0.4603614546248785,-0.023381244284969016,0.023767742903512926,0.03460343320828833,-0.025339723497784617,0.03598540076205074,0.9814131310159903,0.001792683493278586,-0.0009537526321016553,0.0016521738539199097
0.032240182966951275,0.09894960687924614,-0.49050495007833733,-0.022241480905211223,0.06894265035044274,0.008362768419872818,-0.016682135825353838,0.041414609747204234,0.9848098987727927,0.0013021785432002484,-0.000921512449134704,0.0017511234607991558
0.0794961245632558,0.16583411061554923,-0.4215475423488302,-0.011637101496138154,0.033289031368192855,0.021846706803101554,-0.018980648126734573,0.03918338068761325,0.9866753188818073,0.0008806310008514182,-0.0008420163245714482,0.001916957571414705
0.12300541361731612,0.11326222214079865,-0.24893934733075193,0.02907126674239749,0.028772926151043012,0.0019867462595496103,-0.016970963129776452,0.03800774698601283,0.9774575191505752,0.0006316916535206663,-0.0007190109109541321,0.0020302197935555036
0.1327227711563735,0.013163479129783011,-0.03958081069293056,0.05340126332800627,-0.013603286366027482,-0.02018883753227966,-0.011434052777535668,0.052972513339346175,0.9887018396942427,0.0005921108428277358,-0.0005862881397977587,0.002043383272685287
0.04553407111335951,-0.06285447048990234,0.10872346789110658,0.06956266881055495,-0.02482068198841769,-0.01036885138278546,-0.01715268624514755,0.03191198384869498,0.9925939923749233,0.0007008343107188423,-0.0005407540686843992,0.001980528802195385
-0.009605390509437916,-0.045862037890713664,0.2842388131516308,0.06689304157458348,-0.013981453765138319,-0.02308875414239927,-0.022745951927162972,0.0444274108833941,0.9889672712839342,0.000985073123870473,-0.0005503594591938371,0.0019346667643046708
0.005984629133689662,-0.19497088117122985,0.43991267176083204,0.041959357539213524,-0.020550199354209816,0.0036143982691680416,-0.014413631906698799,0.035348096648362436,0.9826327696199513,0.0014249857956313053,-0.0005443748300601474,0.0017396958831334408
-0.022089517354992552,-0.17547147106512948,0.5304079456072196,0.05122018193219942,-0.06925774079800129,0.00031524579714940944,-0.023089265684038615,0.040343031506325795,0.9819690642376447,0.0019553937412385247,-0.0005664643474151399,0.0015642244120683112
-0.11069373219289337,-0.12223856720827207,0.4760023785831454,0.05604519844398476,-0.042164976076323635,-0.03089071309593181,-0.019105366577275403,0.052554591606608324,0.9873683061002776,0.0024313961198216705,-0.0006771580796080332,0.0014419858448600394
-0.10836482445706956,-0.23691056537758987,0.3853886861532423,0.0365333782309063,-0.04258351459900944,-0.016561541159418353,-0.026377176342654404,0.03492340562861135,0.9850304055453645,0.002816784805974913,-0.0007855229040651028,0.0012050752794824497
-0.09450022947140845,-0.2861353361244741,0.31777956105540417,0.02753532402052518,-0.04904714529691934,-0.04472499894879625,-0.025065980025459535,0.03613847996400062,0.9879399273488597,0.003134564367030317,-0.0008800231335365111,0.0009189399433579755
-0.08163059289489918,-0.21954293579735001,0.16588656612160807,0.030346772929441806,-0.060299642300354145,-0.011755077315147572,-0.01962967052169156,0.039691862660786684,0.9886610443351694,0.0033004509331519254,-0.0009616537264314104,0.0006993970075606256
-0.14771067495468013,-0.23237358765687038,-0.12648996825455874,0.0006364339109487631,-0.05150602356710891,0.013072200734995418,-0.018032415226995228,0.03556392959435006,0.9910395257775273,0.003173960964897367,-0.0011093644013860904,0.0004670234199037551
-0.18585659752260714,-0.23323467227173084,-0.3157406762685653,-0.024897868358479566,-0.038472751379331614,0.02907446102244409,-0.028370262233340167,0.04423987358067125,0.9798470123441284,0.0028582202886288013,-0.0012952209989086977,0.0002337887476320243
-0.188709003701059,-0.0839000532667046,-0.5119184474702302,-0.029913962686622095,-0.02516340373616437,0.00552393583258954,-0.017356548657825932,0.03716551600197051,0.9865432023081385,0.002346301841158571,-0.0014839300026097567,0.0001498886943653197
-0.15117058754862206,-0.003960924598427264,-0.6584254911595707,-0.018609253652428034,-0.005167089902925601,0.046986926287677075,-0.023924023391674168,0.04312577618297891,0.983545133384292,0.0016878763499990003,-0.0016351005901583786,0.00014592776976689244
-0.16527355077118844,-0.0051825870461387254,-0.800461551908656,-0.03855475052259656,0.015310151711911392,8.566676140184075e-05,-0.013411548709965804,0.03322634012301051,0.984796657806514,0.0008874147980903442,-0.001800374140929567,0.0001407451827207537
-0.1275697278025073,0.05565140526537682,-0.7820213177928114,-0.036307827483261904,-0.0005932269187730694,0.0076735127330068344,-0.021552139147645907,0.030853678652500188,0.9895391267313904,0.00010539348029753282,-0.0019279438687320742,0.00019639658798613054
-0.1554604625182392,0.08773799541031867,-0.8628419459039991,-0.03111299696395778,0.00778288498160215,0.04652703567051961,-0.0253919751996896,0.03875745383835032,0.9900098871288691,-0.0007574484656064663,-0.0020834043312503133,0.0002841345833964492
-0.013042879888455379,0.17517696309432382,-0.762118453228074,-0.05030155805695708,0.03664912029593213,0.06289076042166054,-0.019375607272273117,0.03207337393392111,0.9920635781998075,-0.0015195669188345403,-0.0020964472111387688,0.000459311546490773
-0.08792624111290873,0.1941557633489197,-0.5395977211963975,-0.023087203559882023,0.04988385993285719,0.034092187453593915,-0.024315791398623207,0.04751978355811741,0.9871263413087564,-0.0020591646400309376,-0.0021843734522516774,0.0006534673098396928
-0.016590480962525533,0.19691413259461987,-0.31670377178737086,-0.02361769950359545,0.03701074412195451,0.016218480728869524,-0.013369097928360028,0.032290938574703464,0.9843752651739756,-0.0023758684118183084,-0.002200963933214203,0.0008503814424343126
0.046398107332277554,0.3379682097110582,-0.1300861296735056,-0.04709697871799671,0.06736686666388962,-0.035409879614431074,-0.01968960157215457,0.03476203049342958,0.9835878458512285,-0.0025059545414918144,-0.0021545658258819256,0.0011883496521453707
0.17030395340518414,0.26382469844839535,0.16048914824567598,0.01622685194501257,0.07455952013958646,-0.04106162757938201,-0.02042828728316641,0.04202806186998295,0.9761052832961878,-0.0023454653932461385,-0.001984261872476741,0.0014521743505937663
0.09268778410735819,0.24504884464447924,0.4032828856084923,-0.012731217575769727,0.0816084750133742,-0.006878340870309431,-0.01668777409678858,0.03703663156935824,0.9914044857213378,-0.001942182507637646,-0.001891574088369383,0.0016972231952382451
0.1100854916593713,0.22268928041797903,0.5962939807826644,-0.026669579149314806,0.08955323897836276,-0.024407948520087146,-0.024647615789986928,0.03238399049913908,0.9830230037366167,-0.0013458885268549817,-0.0017814885967100118,0.0019199124756562242
0.13795656126857575,0.17082307250105802,0.7552048045350463,-0.006890603194759086,0.03243493295977419,-0.04533092001143354,-0.026043971595522738,0.05018222014043003,0.9870886005762401,-0.0005906837223199354,-0.0016435320354414359,0.0020907355481572824
0.25524177230856493,0.06329928957740444,0.7808405483445209,-0.0010962791876390331,0.04368287457609837,-0.025469958165430122,-0.017530996443057154,0.034979689115203376,0.9878806525804988,0.00019015682602458562,-0.001388290263132871,0.0021540348377346867
0.057680184618008196,0.03951511578427551,0.8669970700965675,0.02290432971132584,0.03556069992681598,-0.025260185464002494,-0.02504488620286712,0.03901101754586487,0.978185583330798,0.001057153896121153,-0.001330610078514863,0.0021935499535189625
0.14127784986871925,-0.03881336970440878,0.7372238036889097,0.015846953110988687,0.024111805543167966,-0.006531309224248187,-0.0250195900904876,0.038949781984184,0.97972185713144,0.001794377699810063,-0.0011893322286461437,0.002154736583814554
0.30576298503153676,-0.053815211782467495,0.5321486872197224,0.010926062570744497,0.003217000634627711,-0.017734229925099015,-0.0153079952265635,0.043549717808068725,0.9920000551857507,0.002326526387029785,-0.0008835692436146069,0.0021009213720320865
0.19286642055452113,-0.09650352380133265,0.38386587376014336,0.02346929309452646,-0.023378630582069203,0.011502174299178986,-0.01683792139175901,0.04231135121593535,0.9856434391711657,0.0027103922607899286,-0.0006907028230600859,0.002004417848230754
0.09402183738161386,-0.1560873690599219,0.17251003961450084,0.008793117370510469,-0.0010816282998276968,-0.0036375464144706056,-0.025703087837488585,0.0358659899532931,0.9812145796464256,0.0028829023004044298,-0.000596680985678472,0.001848330479170832
0.11692466907876897,-0.21223520481813896,0.010323076702343302,-0.0026172103737964695,-0.026414792429371035,0.0042867399282131066,-0.022499551304796132,0.038370254638859666,0.9834119607685482,0.0028932253771067726,-0.000479756316599703,0.0016360952743526933
0.09198530199235622,-0.1427111232290584,-0.2624162081260619,-0.01273490707386368,-0.015812086312205983,0.03854828297641366,-0.023891693803080583,0.03886316351252646,0.9894010107347495,0.002630809168980711,-0.00038777101460734677,0.0014933841511236348
0.09540519006939915,-0.14347775496849552,-0.3458881669177641,-0.02077019112081216,-0.03790550788965166,0.007770023026768014,-0.010459839652115364,0.0437399475362249,0.9885674725756385,0.0022849210020629467,-0.0002923658245379476,0.0013499063961551394
0.10786597071385633,-0.19360522675855735,-0.4681951130328552,-0.08666058293222888,-0.0462866993183939,0.09229584934278594,-0.014779020556653453,0.0341499043131125,0.9764915099627853,0.0018167258890300912,-0.00018449985382409126,0.0011563011693965818
0.008662289867845094,-0.046369749657042596,-0.425096906013449,-0.06156574913500357,-0.019565300125438514,0.05007949434909191,-0.021380171187593538,0.05007742008240636,0.9919193022714341,0.0013916289830166423,-0.00017583756395624615,0.0011099314197395395
-0.06417759396390071,0.017770690124805286,-0.39218941581574984,-0.10525077055869103,-0.018941407390770597,0.054152058787603964,-0.016361086792530205,0.036185293459002024,0.9885045342214448,0.0009994395672008923,-0.00024001515792014687,0.0011277021098643448
-0.02954094201276155,0.13510186361375195,-0.34175686416417034,-0.06528333509961098,-0.006040218418757055,0.058116849107321296,-0.02598834480699174,0.03993079633956598,0.9828372766203746,0.0006576827030367221,-0.0002695560999329084,0.0012628039734780968
-0.11932043882929166,0.04458012723201987,-0.2172788152297335,-0.0670517117981755,0.032130471164863866,0.08333366275853078,-0.022535239995563484,0.03416691904976151,0.977566848293245,0.0004404038878069886,-0.0003888765387622001,0.0013073841007101167
-0.15029628089007477,0.07604731560427833,-0.010288879353793922,-0.04345253682585039,0.00125666545221189,0.05714564720975683,-0.018611531394087964,0.03346738430670247,0.9887212612459819,0.0004301150084531947,-0.0005391728196522749,0.001383431416314395
-0.19274903879916933,0.07908684589988067,0.13397284783693342,-0.034574804479463435,0.013442059745837648,0.002490531936263656,-0.016837777011746886,0.03557634084747832,0.9857590640347013,0.0005640878562901281,-0.0007319218584514442,0.0014625182622142756
-0.18598554691234281,0.15731876904891154,0.37742855275747084,-0.04515786661829997,-0.009622789322838011,0.05439917700601702,-0.019548555425639033,0.035085160988781436,0.9760135951367894,0.0009415164090475991,-0.0009179074053637872,0.001619837031263187
-0.15063575106842075,0.1611297533215172,0.42338075588579405,-0.04761468607715248,-0.006046743869431943,0.010469156200324552,-0.017782768779197326,0.037854777067334804,0.9820678102072644,0.001364897164933393,-0.0010685431564322078,0.0017809667845847044
-0.152593443865727,0.10436687310335366,0.4666246540014332,-0.014575997645469628,0.05812948562341356,0.010439034496887503,-0.018591979578693362,0.03501851337805643,0.9987846329750208,0.0018315218189348262,-0.001221136600297935,0.0018853336576880578
-0.06734575022106234,0.10965829783101427,0.46576342597765774,-0.020682954171696813,0.013309460876307681,-0.025417797429655206,-0.019761624991795394,0.04337736850635014,0.9831617999031048,0.0022972852449124836,-0.0012884823505189972,0.001994991955519072
-0.11559507646831854,-0.00963584809039672,0.3663368067938961,0.0038718164607230536,0.014331331803990866,0.004140705830465363,-0.020383794179524444,0.035969946692486605,0.979294917235786,0.0026636220517063797,-0.0014040774269873156,0.0019853561074286755
-0.18026841625234902,0.07783900686445047,0.3216839554399441,0.03656919741189121,0.03570466039279766,-0.023828279790639915,-0.02099297255815798,0.035400040734642355,0.9778877234679267,0.002985306007146324,-0.0015843458432396648,0.002063195114293126
-0.056899946879981365,-0.05289477836888628,0.0832304058904523,0.016692484445487488,0.03366300140338698,-0.01073687064189101,-0.017659798002250798,0.03788751857565335,0.9917160962538811,0.0030685364130367764,-0.001641245790119646,0.0020103003359242394
-0.003304380843840802,-0.0743286052149268,-0.03472194223993849,0.052292563941419776,0.014107178278791085,-0.017779427503323897,-0.016722501988955925,0.04479879506891506,0.9870197529424806,0.0030338144707968383,-0.0016445501709634871,0.0019359717307093128
0.016792266652088307,-0.19211003346320438,-0.36005781359834194,0.05485853506551345,0.020613448137528332,0.02948379710139204,-0.017741137220693315,0.04089021285631824,0.9897434656985032,0.0026737566571984964,-0.0016277579043113986,0.0017438616972461085
0.13825505674667418,-0.2013513932267254,-0.4958307346197083,0.023851386192685998,0.04401574071597676,0.035770576182713544,-0.02458153188550589,0.039297609659512484,0.9838724727216139,0.002177925922578788,-0.0014895028475647243,0.001542510304019383
0.05995918377161144,-0.22607022172933236,-0.6132708935937644,0.06052631608988977,-0.005399887514557986,0.0036845631575511475,-0.023638061677608388,0.032610053287270666,0.9888268812499552,0.0015646550289850234,-0.001429543663793113,0.0013164400822900505
0.1434763963968871,-0.2398144899748633,-0.8742142114918469,0.04980075068508692,-0.02677151479691194,0.011434738412967875,-0.016603153168149403,0.03403994969847499,0.9782403855601144,0.0006904408174931765,-0.001286067267396226,0.001076625592315187
0.11088980203272966,-0.22851350866706277,-0.7226459023301437,0.02978222676891831,0.010005432798065348,0.010070706746820314,-0.011192601270621197,0.033338652741216376,0.9832201095724558,-3.220508483696716e-05,-0.0011751774653634963,0.0008481120836481244
0.1120561819890439,-0.1796893137354638,-0.8003480049843149,0.002200989098507227,-0.00866945706439974,0.04624068046462199,-0.017741563681824286,0.04624116516214266,0.9837675551917745,-0.0008325530898212821,-0.0010631212833744524,0.0006684227699126605
0.07097062772003154,-0.19148201093987538,-0.6661880228461905,-0.011435308871526214,-0.03971279346052566,0.02260916174581326,-0.02051392577558253,0.042334928021718274,0.9891696220783477,-0.0014987411126674726,-0.000992150655654421,0.0004769407589727851
0.09532250730191269,-0.14536102927847233,-0.47413405640591655,-0.01720729170589433,-0.06629278005857939,0.023747215510576916,-0.01728509556471922,0.035348210610146,0.9837766703392626,-0.001972875169073389,-0.0008968281483525081,0.0003315797296943128
0.045115942013124244,-0.0748935319971273,-0.24660709616424203,-0.007389410000668256,-0.05496989309707585,0.052283314471365756,-0.024041392414374464,0.03680765372262079,0.9789799331319498,-0.0022194822652376314,-0.000851712206339384,0.0002566861976971855
0.06482205296897592,-0.057513588931201565,-0.019917069416502932,-0.047853832291499976,-0.044310392804101956,0.01990005231839541,-0.011762332264808217,0.0354752585629827,0.982352867785179,-0.002239399334654134,-0.0007868901533704079,0.00019917260876598392
0.01827500592627687,-0.022075563874584533,0.26400797034087364,-0.028446200562349352,-0.020514837055970497,0.02539712000225109,-0.01732311733972337,0.035143600282585986,0.9735754104419185,-0.00197539136431326,-0.0007686151474441311,0.00017709704489139938
-0.04543032949828089,0.09074071038182535,0.471536597890713,-0.0678548583588936,-0.06255479343830439,-0.012101949927024845,-0.02155169342399197,0.0418446085865329,0.9702775828314376,-0.0015038547664225474,-0.000814045476942412,0.0002678377552732247
0.010737188735082802,0.15539942689851582,0.7150433654232775,-0.04992005210993532,-0.03895508133029181,0.02542882047616017,-0.01898598530524777,0.03807462029114013,0.9859640566384523,-0.0007888114009992698,-0.0008033082882073292,0.00042323718217174056
-0.048381049407435914,0.19046049316243596,0.7838208939292917,-0.04332908788033344,-0.01686466216967798,0.04115263807566521,-0.02073407314175201,0.04988633975805431,0.97985852796006,-4.990507069978056e-06,-0.0008516893376147651,0.0006136976753341766
-0.12035253526371505,0.13754452410727908,0.904179169899311,0.006714185860379323,-0.06911051992096255,0.00773299201096065,-0.011486711590735142,0.04569950228102502,0.9803500338813015,0.0008991886628293331,-0.0009720418728784802,0.0007512421994414556
-0.12180682414647692,0.19599525442058213,0.833940541486137,-0.06374171457928328,0.009586742436103314,0.014332109487019807,-0.01900171902731105,0.04596131029168997,0.9857367032062982,0.00173312920431547,-0.0010938486970249572,0.0009472374538620377
-0.1566983446200747,0.23688163180175048,0.6170422764361866,0.0013297849298424536,-0.02338959229601794,-0.038450451881363326,-0.017158436719885383,0.04273590305791475,0.9884918486846581,0.002350171480751657,-0.0012505470416450317,0.001184119085663788
-0.21142561206752863,0.2840762680910391,0.6683511118446206,-0.015669105603353887,0.018581563647816123,-0.021194885758728105,-0.015010671984024601,0.037230037466376396,0.9841040420686255,0.0030185225925962776,-0.0014619726537125604,0.0014681953537548271
-0.18027867540794557,0.2302471795192494,0.3280824899918191,-0.0004774193610729109,0.028253095720109284,-0.04649172945960333,-0.021526470258603287,0.0422955078233768,0.9909967516343916,0.003346605082588097,-0.001642251329120506,0.0016984425332740765
-0.21672877985289563,0.25245716813359276,0.2093726198977879,0.0032717423742349098,0.05546434761536742,-0.030983353022865534,-0.016796719274403307,0.03752461738525414,0.9837945990651357,0.0035559777024858847,-0.0018589801089734016,0.0019508997014076692
-0.22854961665634743,0.21810413985929175,-0.06892195387042287,0.018193764371601234,0.05375468239484516,-0.0069080762102306115,-0.016335016781100015,0.04738139639842591,0.9827169684162701,0.0034870557486154623,-0.0020875297256297493,0.002169003841266961
-0.24893251920807352,0.1621121638323166,-0.20636101040772653,0.012652257510079227,0.002188039332556453,-0.01365037840471934,-0.0254188177064418,0.04121165715607295,0.9823325757758902,0.003280694738207735,-0.0023364622448378224,0.0023311160050992776
-0.17262843978916798,0.10759321713304412,-0.42692016859675425,0.04866437835427932,0.038710579802931334,-0.03519870000338898,-0.01632547340117343,0.040461315943508255,0.9746278683489177,0.0028537745696109815,-0.0025090906846269904,0.002438709222232322
-0.10525087876651104,-0.050358190919955644,-0.44775507710828744,0.011343168868545743,0.05929576032982786,-0.023128491801408198,-0.017757604031640322,0.039743142215437316,0.9857600386852,0.0024060194925026937,-0.002614341563393501,0.0023883510313123663
-0.13285584084086755,-0.031133893022338884,-0.5036752999172834,0.04087441492673134,0.05213981144038649,-0.013776760755634535,-0.016818108101446343,0.04776638769050575,0.9686774011257183,0.0019023441925854101,-0.0027471974042343685,0.0023572171382900274
0.049826115532891346,-0.12413220662301543,-0.3696288706964212,5.277769867807411e-05,0.06256473366416965,0.03403640627831289,-0.017228247245331164,0.03185259351199822,0.977898139649978,0.001532715321888989,-0.0026973712887014777,0.002233084931667012
0.012246348779693994,-0.20402056441000224,-0.31504391481166755,0.003728430270846175,0.06346951729388625,0.07469031115314359,-0.016048315524089116,0.048168088028467594,0.9808687166120913,0.0012176714070773215,-0.0026851249399217833,0.0020290643672570097
0.07036812793103907,-0.16034035999478657,-0.142328294167896,-0.026679170067288885,0.05258182455391685,0.06797134997426323,-0.010594533118582414,0.03800019877255868,0.9767299034481518,0.0010753431129094254,-0.0026147568119907444,0.0018687240072622234
0.08536550527203686,-0.0910080533898507,-0.11160073798420529,-0.00774935007138499,0.027393404684834137,0.0076455015915793175,-0.023115188431382404,0.03185355821540442,0.9783445760097766,0.00096374237492522,-0.0025293913067187075,0.0017777159538723724
0.17032233637863453,-0.12148667273752342,0.15886200676125473,-0.00013830560333440503,-0.01489107579539551,0.07600979377069603,-0.018864135449057805,0.035075607264905564,0.98972486544118,0.0011226043816864749,-0.002359068970340073,0.0016562292811348489
0.08152458081555036,-0.027650641652860047,0.3359221870911575,-0.042443912356208244,0.002974704531980613,0.06541473931274952,-0.013755325841515167,0.030533991185985758,0.9859727315199828,0.0014585265687776326,-0.0022775443895245227,0.001628578639481989
0.02751083653829138,-0.07933261513431686,0.4411387100093493,-0.0554480228483874,0.010762507187289612,0.012106192442576795,-0.014618160240941917,0.042006702780511655,0.9769480917354515,0.0018996652787869818,-0.0022500335529862313,0.001549246024347672
0.14615321457595307,0.06585088645046545,0.5332174844530551,-0.08234412632126016,-0.02813913337856143,0.03089301852052282,-0.01465946037553826,0.03349636708374125,0.9779540102717588,0.0024328827632400366,-0.0021038803384102783,0.0016150969107981375
0.20665741220652448,0.0062764341871774905,0.4657283318684103,-0.0704187804124392,-0.0010686322006246583,0.05102764578809794,-0.003121631213431503,0.03947960545744177,0.9738414314811423,0.0028986110951084473,-0.001897222926203754,0.001621373344985315
0.1946609572156053,0.044169343729025444,0.41218507810948146,-0.10021568834976168,-0.0010669431336774431,0.0312450706548442,-0.013751202051540977,0.04425481137908682,0.9836760253328399,0.003310796173217929,-0.0017025619689881484,0.0016655426887143402
0.19931044030299316,0.025506286458185187,0.3314935097877365,-0.08562901404043224,-0.0201141926254899,-0.015044408260532516,-0.011098888972169894,0.03517012582566645,0.9788269471828186,0.0036422896830056654,-0.0015032515286851553,0.0016910489751725257
0.2387734374107999,0.1691959392526152,-0.007615577443731314,-0.05832534064574976,-0.08505823025775024,0.01486152294720933,-0.01821997512645721,0.03713520273415135,0.970167929037172,0.003634674105561934,-0.0012644780912743556,0.0018602449144251407
0.17992457251705032,0.11821132051628455,-0.08420319952657314,-0.028697801010547176,-0.048176445805337816,-0.04723209098528513,-0.021579554900405792,0.031903426747739216,0.9804287813037539,0.003550470906035361,-0.0010845535187573052,0.0019784562349414252
0.17726654298569416,0.1219410944113913,-0.3415410401548836,0.011673182897535916,0.018441371175443373,-0.01409212227952653,-0.018116302444336808,0.03642204211917427,0.9820443607836298,0.0032089298658804772,-0.000907286975771611,0.0021003973293528167
0.07043381060285707,0.2069970896769459,-0.5659563948243842,-0.04358426009548352,-0.024990225903273124,0.010361950775353719,-0.01291398355167001,0.05117654435129498,0.984589776391829,0.0026429734710560933,-0.0008368531651687539,0.0023073944190297626
0.03273833916282709,0.1835291258882178,-0.6671938905627439,0.010757222194760269,-0.04702332484633687,-0.012214917724310019,-0.014368063887658742,0.04213772275117748,0.9793319059243468,0.001975779580493349,-0.0008041148260059267,0.00249092354491798
0.12470476665428971,0.15135851336308928,-0.7274861292709304,0.0011376739771185706,0.025089429436276074,-0.02023588764882093,-0.014313717531332051,0.03686506916132015,0.9777599367370012,0.0012482934512224185,-0.000679410059351637,0.0026422820582810698
0.02188426900390831,0.040568666111817864,-0.767515305509273,0.006796419561163291,0.008828184070491098,0.012061543564504966,-0.01732882286140662,0.035069980518691354,0.9894792339609301,0.0004807781457131454,-0.0006575257903477287,0.0026828507243928873
-0.04357542161840686,0.004720843543440208,-0.7776912514656156,0.03046707777999963,0.03870505241627788,0.019991844335171018,-0.01805259876207239,0.037853989807340276,0.979505465771721,-0.0002969131057524702,-0.0007011012119661356,0.002687571567936328
-0.0730478341147219,-0.050293779349751266,-0.614670555818734,0.03268514394374655,0.029484464349277702,0.03393373230753999,-0.01700871772980898,0.03865518482272623,0.9829949760783991,-0.0009115836615712043,-0.0007741490460808576,0.0026372777885865766
-0.09990658957887277,-0.06651489325219412,-0.4359577735517417,0.04030026464948032,0.039219696113685254,0.032697042509318854,-0.012412264125079439,0.03584639656448135,0.9766241092003068,-0.001347541435122946,-0.0008740556356597305,0.002570762895334382
-0.12310366770575865,-0.082199137117861,-0.25501200894089576,0.033179887800193805,0.04172522731047131,0.04376036326055845,-0.011755581082430508,0.04052789647629942,0.9826960058107637,-0.0016025534440638417,-0.000997159303365489,0.002488563758216521
-0.1639287461906136,-0.18009523273221334,-0.03369395634260908,0.013089475596835194,0.05080155102463438,0.04241608077050848,-0.020914373276406918,0.03304526142384296,0.9718929734354667,-0.0016362474004064508,-0.0011610880495561027,0.0023084685254843077
-0.18172353275422354,-0.13831584303186417,0.21832327081762243,0.006435187577470533,0.08254427296267695,0.03677617862397235,-0.011994771995502756,0.032954503500258886,0.9767854532940389,-0.0014179241295888285,-0.0013428115823103262,0.0021701526824524434
-0.12262304323151457,-0.20611646774063228,0.5114895335918824,0.04352813311994808,0.054247902508613534,0.03460901425691282,-0.018982786698095798,0.03953040845480547,0.9729791053014577,-0.000906434595996946,-0.0014654346255418408,0.001964036214711811
-0.13513544003778172,-0.26083140339535615,0.6508625833328644,0.015553805373426776,-0.0011782145459120433,0.026860223623403755,-0.013306647075648815,0.031768259682547116,0.9759203092863936,-0.00025557201266408145,-0.0016005700655796224,0.0017032048113164548
-0.044852937539043014,-0.19841303417084144,0.7221817985897426,-0.0019942070737935212,0.03295696642896422,0.0036122592354222976,-0.016532540952944576,0.04118764169909206,0.9851222404854347,0.00046660978592566113,-0.0016454230031186655,0.0015047917771456136
-0.06470847267148142,-0.12903822041050877,0.7377186663502672,-0.0019818923258298204,0.038800611630288084,0.0027545733187064343,-0.007664611616200759,0.037401290801966094,0.9757329912876599,0.0012043284522759285,-0.001710131475790147,0.0013757535567351048
-0.043931311393843375,-0.07278972157666824,0.8231763320957849,0.0016663943806866054,0.030792686164090435,0.008468941639057679,-0.017504157970067942,0.028262339409429023,0.9823106489425553,0.0020275047843717133,-0.0017540627871839903,0.0013029638351584366
-0.06508078987439017,-0.056291204823574685,0.6594140589149169,-0.021803843474516103,-0.011654839356190584,0.010110408475504819,-0.014440347573622538,0.03787762776883058,0.9862304600070875,0.00268691884328663,-0.0018191435770583805,0.0012466726303348619
-0.009479131338755595,-0.04842657605746161,0.5417825247921978,-0.047992544960797585,0.010284729592619574,0.024984820065473715,-0.012219457606588956,0.0288317024679682,0.9784310325802587,0.003228701368078828,-0.001828622708397136,0.0011982460542774003
0.039900514457795494,0.005050362923038657,0.38621414883197297,-0.01741654661522308,-0.0037698543046042346,-0.013231026686689221,-0.019540632121730888,0.04065060773771608,0.9834625600638565,0.003614915516910801,-0.0017887221939393407,0.001203296417200439
0.0821295946607338,0.10513000164671317,0.054187288503134784,-0.014565899965799161,0.020981040046218535,0.00046024152937746386,-0.01545293870627907,0.035865648650891827,0.9810739811270766,0.0036691028054139357,-0.0017065925992786068,0.0013084264188471522
0.06796884443762401,0.21394885922490964,-0.09644925112161022,-0.03735882657277247,-0.05192498254754162,-0.0031949773956348373,-0.016338797736086427,0.04628912638085074,0.9789255852629951,0.0035726535542923254,-0.0016386237548409828,0.001522375278072062
0.14091384141044186,0.20602273424107995,-0.28272882036785213,-0.02577541296712947,-0.051411163418762604,-0.03201912415036824,-0.017491568207642777,0.04231381882278836,0.9820198513743005,0.0032899247339244738,-0.001497709913430541,0.0017283980123131417
0.10538862505289921,0.24368967829355087,-0.39097421877152194,-0.015558078038616975,-0.049299252792666226,-0.015241967695471708,-0.017037154160891483,0.031576407605425356,0.9873928613069813,0.002898950515152952,-0.0013923212883776414,0.001972087690606693
0.14914235711075302,0.24713612871840962,-0.4249808643447148,-0.010570557414815012,-0.05230443705713957,-0.02883805696484619,-0.009193918725535554,0.02669785454129326,0.9749317494028271,0.002473969650808237,-0.0012431789312668884,0.0022192238193251023
0.0911433637478281,0.23572450564016045,-0.5505350375311389,-0.011956352778297624,-0.057018721885163,0.00835189912104319,-0.017661615490435358,0.03294680146746554,0.9732470393188877,0.0019234346132770983,-0.0011520355675190602,0.002454948324965263
0.024447026893744478,0.2333577611079878,-0.4058954444908323,-0.0024260442790665013,-0.08872473973837348,0.0027665521463649326,-0.011751113402142375,0.0305358407974417,0.9728784487585684,0.001517539168786266,-0.001127588540625316,0.0026883060860732506
0.10760401001722644,0.2221140822952969,-0.2715425276719549,0.0058868017530831415,-0.03423817425861732,-0.024000737733906756,-0.012923893086308643,0.0456897245010847,0.9828651678815176,0.001245996641114311,-0.0010199845306080894,0.0029104201683685473
0.10982627420438665,0.25720372968103394,-0.17377450908698092,-0.017398505585945544,-0.008464907195093201,0.013628692924640556,-0.021394911644774372,0.03642743726941577,0.9834649026392017,0.00107222213202733,-0.000910158256403703,0.0031676238980495814
0.07870528021770273,0.11970884663249846,0.003186374038353131,0.0259776990070452,-0.01477925704308466,0.05391723689374458,-0.011726737960637421,0.04106315940227801,0.9750579473577482,0.001075408506065683,-0.0008314529761860002,0.00328733274468208
0.04310647875362142,0.07972377272189979,0.2022661183482644,-0.010056480877443864,0.04538104295948805,0.02699510435333792,-0.021302159857291596,0.034887046046287375,0.9669881638531685,0.0012776746244139475,-0.0007883464974323788,0.0033670565174039797
-0.023908445329209604,-0.01782655545085328,0.3492012819443956,0.00344991133281314,0.018547198597752713,0.047566351642200834,-0.011005581366020792,0.035329080926386335,0.9742195806162878,0.0016268759063583433,-0.0008122549427615884,0.0033492299619531265
-0.07805455386111892,0.0019058485058680227,0.4678963791053345,0.04460724839348505,0.055090501575592914,0.055217608517215196,-0.01659288695938699,0.03597858568718483,0.9802578021240962,0.0020947722854636774,-0.0008903094966227073,0.003351135810458995
-0.048555687005195344,-0.015024355096824316,0.5175851195857598,0.031417850101291195,0.04427522419325984,0.02652332305947084,-0.013925425770859161,0.041587806663068196,0.9771101177264688,0.0026123574050494376,-0.0009388651836279027,0.0033361114553621704
-0.08561897878570593,-0.04040961131756636,0.43206185278608344,0.03754282331916349,0.06361349624380921,0.05750672112377119,-0.02034844367509235,0.0375257121456107,0.9782707106716881,0.003044419257835521,-0.0010244841624136086,0.003295701844044604
-0.15909494441662192,-0.13085740782348612,0.4424050412599716,-0.00689919564835487,0.058548787020791776,0.016603271354983143,-0.013174366356822821,0.03059248868507628,0.9746775257557941,0.003486824299095493,-0.0011835791068302304,0.003164844436221118
-0.1056589311291558,-0.12510607571270707,0.3112040512976754,-0.03555875828256639,0.08376504825266098,0.026623400038811404,-0.009060215674231546,0.0439023916004998,0.982290007834709,0.0037980283503931686,-0.0012892380379593863,0.0030397383605084106
-0.21483169154178158,-0.15565470062729594,0.08159302595771649,-0.029352083351624966,0.058332355789364056,0.05331032490816306,-0.017637944039557703,0.03423550215233085,0.9788608751000969,0.003879621376350885,-0.001504069729501168,0.0028840836598811146
-0.21177021695969542,-0.10776508972614007,-0.20621581883424944,-0.034616788002289955,0.06536447659886724,0.030298154102412607,-0.016546564437761684,0.033330835774708294,0.9800026279103684,0.0036734055575166355,-0.001715839946460863,0.0027763185701549747
-0.11290575375537056,-0.08919564815432231,-0.3568078489061149,-0.046356148844828915,0.05855921259642202,0.0079532367546932,-0.01114470261635409,0.021368866942147607,0.9777910750582806,0.0033165977086105206,-0.0018287457002162336,0.0026871229220006526
-0.14373290442216227,-0.0633248880259566,-0.5367735965565508,-0.03483196556574067,0.03911884555937102,0.014197903209047933,-0.01092626513103237,0.03859545110654209,0.9795430662528891,0.0027798241120539696,-0.001972478604638396,0.002623798033974696
-0.1879839696600541,-0.016205341756824723,-0.7509696774066121,-0.07183194454326686,0.04491995663576163,-0.003575935860764202,-0.025401276233595622,0.035834681032670936,0.979139606423629,0.0020288544346473572,-0.00216046257429845,0.002607592692217871
-0.1388722765625292,0.043694093390567006,-0.8082173763008091,-0.06161010345735024,0.0722460441384686,-0.007968656742137885,-0.0030588486021870843,0.03573451815813639,0.9721319422046255,0.0012206370583465482,-0.002299334850860979,0.002651286785608438
-0.11906263005280716,0.052805651631912004,-0.8788621719300079,-0.08904030885745609,0.01227313176712317,0.0013518149869536974,-0.010398095100840334,0.033125148310886636,0.9785632440573037,0.0003417748864165401,-0.0024183974809137863,0.0027040924372403507
-0.22115891920276404,0.0927532385247984,-0.7331545943647477,-0.05732734247570174,0.016188288618450345,-0.027352734241526115,-0.009460736472875524,0.03216667642354171,0.9805811296050282,-0.0003913797079482077,-0.0026395564001165505,0.0027968456757651488
-0.10114847624143777,0.21077639735107837,-0.6286699503037304,-0.05992032665340212,0.02366840243728661,-0.010460250981997833,-0.013566988225554822,0.03309747205260398,0.9823250042274151,-0.001020049658251938,-0.002740704876357988,0.003007622073116227
-0.02381067232906473,0.27335619786561904,-0.5263838299028327,-0.06559365413528656,0.013181826017429957,-0.013644621057277586,-0.022029502474300893,0.03716290417043371,0.9785555898311339,-0.0015464334881547708,-0.0027645155486870528,0.0032809782709818467
0.0010322043036406388,0.09609136404265237,-0.20544950654240746,-0.043500206465281625,-0.015901080154856154,-0.03336666019826271,-0.009282070108444484,0.03794353385650947,0.9715746087866162,-0.0017518829946971783,-0.002763483344383412,0.003377069635024498
0.06695656294414415,0.08212795926284419,0.02629441988892716,-0.029008148465729234,-0.0683268199478104,-0.01307319305425214,-0.015384066414413356,0.033492754279778374,0.9722701331746887,-0.0017255885748082508,-0.002696526781439268,0.0034591975942873422
0.14329693526672738,0.0708530470102132,0.3003598425876497,-0.016527847900528456,-0.01262649688358146,0.04418692375104787,-0.009740417887583152,0.0392916915047484,0.974076890064021,-0.0014252287322206014,-0.0025532298461725406,0.003530050641297556
0.10836365024327357,0.07279706624072738,0.47955158894370287,0.03828408661772578,-0.06734053982650762,0.027703871777626968,-0.013455539892574859,0.034050352070354915,0.9771259139171111,-0.0009456771432768984,-0.002444866195929267,0.0036028477075382838
0.10102917247856569,0.07185734993833647,0.633767719340121,0.013709723933704333,0.008707699231940648,-0.0003441258529845465,-0.011072307816223311,0.03182143952947997,0.9754934320866661,-0.00031190942393677736,-0.002343837023450701,0.0036747050574766197
0.18476455112660234,0.0047744492751331385,0.744283875932156,0.02160407570482529,-0.01299625492866046,-0.0002962006452465072,-0.01603797268670618,0.03523113043527224,0.9704120258439024,0.0004323744519953786,-0.002159072472324099,0.003679479506751753
0.16774959474132156,-0.06983412179389535,0.7907681107777383,-0.00739088561213571,0.009622113021496584,0.03041435869761004,-0.007741051960070453,0.02733773632041092,0.9703082159920704,0.0012231425627731171,-0.001991322877582777,0.0036096453849578576
0.18089764591120683,-0.1068163516259378,0.7771613906652898,0.021513640766921256,-0.021135653934469197,0.06350352850766178,-0.01790442153810509,0.035193013359312714,0.9653903947432927,0.0020003039534384065,-0.00181042523167157,0.0035028290333319195
0.17220066980801293,-0.21035460808261314,0.674977125035896,0.03546682375743454,-0.026128178138195318,0.025596072882451845,-0.0006337366214156145,0.026212404895387093,0.9602118749642982,0.002675281078474303,-0.0016382245618635572,0.0032924744252493063
0.27879057744670055,-0.22736977530495142,0.4955721054995754,0.024815394829161196,0.01831681214046107,0.050153861838308826,-0.0005704297054552453,0.028677717121167068,0.9750766459945154,0.0031708531839738786,-0.0013594339844168566,0.003065104649944355
0.055736834019823364,-0.24188278632096663,0.28414300524504,0.060682363948219485,0.020190166387245852,0.023799349586811763,-0.0034947998138478223,0.023615076977088333,0.9872630731178573,0.0034549961892189184,-0.0013036971503970333,0.002823221863623389
0.11810573104573371,-0.3236975611046914,0.07214334516229666,0.02145048691070036,0.017815800635292596,0.017622504191890164,-0.005178567423465274,0.03272427965255999,0.9845722466476547,0.003527139534381215,-0.0011855914193512997,0.0024995243025186975
0.108163247766764,-0.29807772291958345,-0.0028163846124266423,0.04007670256009773,0.03465344171151301,-0.027628444848611926,-0.011875912545056787,0.041538514394029974,0.9706236824539628,0.0035243231497687887,-0.0010774281715845355,0.002201446579599114
0.04136686839131296,-0.27413374695074794,-0.3293394980423976,0.003777048987711369,0.09175098743588933,0.009005201357265917,-0.0055171934751328715,0.03279459787207525,0.9761909102314692,0.003194983651726391,-0.0010360613031932227,0.001927312832648366
0.08580169309379088,-0.15057023141702008,-0.44641090031276437,-0.008897743254139723,0.05438224387031204,-0.024175295067738238,-0.011727117669545989,0.036486699986566375,0.9680451152120891,0.0027485727514136265,-0.000950259610099432,0.001776742601231346
0.048681914844912244,-0.12522150902315338,-0.3349267651173882,-0.0231056004034342,0.05767563468890039,-0.006111356017571354,-0.01890968708158013,0.04491829391459979,0.9687341499566648,0.002413645986296238,-0.0009015776952545195,0.0016515210922081924
-0.02271326875696576,-0.05002479406255307,-0.46640615894648857,-0.03157933757923106,0.050267746534483015,-0.043135825902014306,-0.0035215166213835546,0.03506411726503081,0.9692340863441811,0.0019472398273497494,-0.0009242909640114855,0.0016014962981456392
-0.06189909958329992,-0.09911957472821716,-0.4846002345533702,-0.005498838439172942,0.05754444098169024,-0.0239977947817493,-0.005288389955571824,0.029104056507841036,0.9740207755452838,0.0014626395927963792,-0.0009861900635947853,0.0015023767234174222
-0.07932644074126115,-0.01812331788259796,-0.2633956960555022,-0.09181132714227482,0.016876024560473674,-0.018259384238656973,-0.010983764790243917,0.029677720406708522,0.9741628595054304,0.0011992438967408769,-0.0010655165043360465,0.0014842534055348243
-0.09840222298988285,0.14186504658931212,-0.1865722263687368,-0.08796783885575923,-0.02912382288853581,-0.023338758374432923,-0.016847120086249726,0.032703472028684434,0.976265625992434,0.00101267167037214,-0.0011639187273259292,0.0016261184521241365
-0.11043080149239429,0.037285612415567326,0.07287008252631792,-0.058183036593257145,-0.0014217735561186957,-0.004694552185191778,-0.013545908475545099,0.029419499121289584,0.9782452276998231,0.0010855417528984582,-0.0012743495288183235,0.0016634040645397037
-0.12203567778935911,0.26413653347353505,0.19318841430151404,-0.04341768456832116,0.008626801261036196,-0.008795351390938117,-0.01961392025186661,0.02967650543753798,0.9731718428152912,0.0012787301671999722,-0.0013963852066076828,0.001927540598013239
-0.1014796235318221,0.1528336506546774,0.32878086533825845,-0.02367884877293272,-0.03668856675710759,-0.006034708886167186,-0.005675660453677796,0.037275357757843706,0.9749644320706552,0.0016075110325382308,-0.0014978648301395049,0.002080374248667916
-0.07146599491348671,0.28886775328314584,0.5245384668974846,-0.01976053101337306,-0.02962853491921668,0.04971900520117913,-0.018310071324201687,0.03736120005394865,0.9692416086080832,0.0021320494994357155,-0.0015693308250529917,0.002369242001951062
-0.14955836319448285,0.20642636356194255,0.5196157262516489,-0.027361659798760554,-0.04731057359298396,0.048631181798916255,-0.008751427541460032,0.023876472340306935,0.9679155101175115,0.0026516652256873643,-0.0017188891882474744,0.0025756683655130046
-0.12280780436839729,0.2772040102866727,0.5156860519908583,0.010690893903177272,-0.00889387916155783,0.021043630088720233,-0.01429570192407189,0.027899791942329357,0.9670705338117757,0.003167351277678223,-0.0018416969926158717,0.002852872375799677
-0.1321753795132578,0.34429653080934164,0.4028966189338582,0.020461625657061965,-0.027118626618688375,0.05411800932335186,-0.017102007871160712,0.0295495140987563,0.977739112088637,0.0035702478966120805,-0.00197387237212913,0.003197168906609019
0.013777524503640216,0.04871065350026424,0.2167921440576076,0.011801727472634438,-0.029725051971700927,0.03176445665111326,-0.008667577101818463,0.034743072045672264,0.9727308896519967,0.0037870400406696883,-0.0019600948476254892,0.003245879560109283
0.01257855934013042,0.1340646531952737,0.07659824772207896,0.03360698097052277,-0.028354995505041267,0.02390674093487817,-0.011418822186461994,0.037340294399088925,0.9649924626858138,0.0038636382883917675,-0.001947516288285359,0.003379944213304557
0.051386382856189225,-0.036082292483524056,-0.10808503410630538,0.023425458458517928,-0.03700842256343077,0.06635924842945991,-0.005448967518058626,0.04501124623026557,0.973960334670537,0.003755553254285462,-0.0018961299054291699,0.0033438619208210328
-0.012123184845857365,0.012138210997480428,-0.3703850133970724,0.007368485970552204,-0.02544719451191144,0.0070240567059502105,-0.01586764660685178,0.02904873426105693,0.9679594695628887,0.0033851682408883896,-0.0019082530902750272,0.003356000131818513
0.15818977268138856,-0.06711694305424207,-0.4839512846054151,0.03004541218140598,-0.04424745420125245,0.05287654242947494,-0.013205524495509468,0.02917335857630009,0.9824333494845602,0.0029012169562829745,-0.0017500633175936385,0.003288883188764271
0.06618510120776132,-0.09361156551110786,-0.6739606536297819,0.012765656523581933,-0.053898984435413584,0.020984355649753046,-0.021246121471458657,0.034068964014462674,0.9711653093546464,0.0022272563026531924,-0.0016838782163858775,0.0031952716232531635
0.11462341158089569,-0.17238671803812178,-0.7885505456552185,0.002368894400547635,0.004163305130195858,0.012753498382208787,-0.020118235541141644,0.027588355693195926,0.9773949948933818,0.0014387057569979738,-0.001569254804804982,0.003022884905215042
0.15266089360945395,-0.11224220515403706,-0.8000618073532456,0.02148284582001191,0.019313544707942817,0.016204182410558605,-9.376871795016041e-05,0.030167172096224614,0.9793604125543482,0.0006386439496447282,-0.0014165939111955277,0.0029106427000610046
0.06772229086515641,-0.21830114341931195,-0.7433263244985862,-0.06867498143402101,0.048393038534064445,0.011545934327027437,0.0014453904639301265,0.02866855295984539,0.9690691740806037,-0.00010468237485385801,-0.0013488716203303712,0.002692341556641693
0.08090019626508635,-0.08405555175571025,-0.674308416332287,-0.06019180645687075,0.06608991355751108,-0.02309283478862225,-0.00839648549625967,0.017506459218783008,0.9741523583501247,-0.000778990791186145,-0.001267971424065285,0.0026082860048859827
0.1005275182737135,-0.13670203478443654,-0.42896626607144117,-0.06734114679583061,0.07503430729513103,0.003448752758434346,-0.012866426335493852,0.03110110678775932,0.976467857200175,-0.0012079570572575862,-0.0011674439057915715,0.002471583970101546
0.20387606442017636,-0.1485749537109087,-0.1817483509820916,-0.06130445594951707,0.030683340342232433,-0.010492748811422885,-0.010126347789258099,0.029442577412588135,0.9742067330157556,-0.001389705408239678,-0.0009635678413713951,0.0023230090163906367
0.06118560024059609,0.03058481365440696,0.040418501144598745,-0.06742954871459929,0.04828560314384772,-0.03715418566783845,-0.004152711945613141,0.03657921209459665,0.9753630809567064,-0.001349286907095079,-0.0009023822411307989,0.002353593830045044
0.09202208571937659,-0.0008405314017530625,0.3208021463428188,-0.09796805085542185,0.0670793433809189,-0.012274230440535985,-0.010978671475366974,0.030118419895397843,0.9668380967599028,-0.0010284847607522603,-0.0008103601554114224,0.002352753298643291
0.04164129478512458,0.1348493422046113,0.5224463254260507,-0.08972076323708751,0.10763469384006502,0.02394994343723817,-0.007104368576097341,0.023684381198120975,0.9761851839687073,-0.0005060384353262095,-0.0007687188606262979,0.0024876026408479023
-0.030067453723406558,0.14396901627449493,0.723111980023747,-0.08590396060931133,0.0835862747828429,0.03652273653925558,-0.008241802323563467,0.028534018030929212,0.9709130346290924,0.00021707354469753748,-0.0007987863143497044,0.0026315716571223974
-0.1253016234361436,0.08398083617450214,0.8185957226761181,-0.014698311471342948,0.0710534349260363,0.024750947859845704,-0.010907246727114591,0.01923473843615001,0.9750200590447432,0.0010356692673736557,-0.000924087937785848,0.0027155524932968994
-0.061873257603429946,0.1388999869495335,0.8224029607272187,-0.019733933214443652,0.03364758069734622,-0.00603271289188439,-0.010578990091529406,0.023500453576463846,0.9778017900928075,0.0018580722281008747,-0.000985961195389278,0.002854452480246433
-0.20684617341707956,0.15753192323469134,0.7037660836264262,-0.05319687347842278,0.015007441423229257,0.03412797074049891,-0.006365951213540675,0.032596715952183324,0.9764750279561872,0.0025618383117273005,-0.0011928073688063576,0.003011984403481124
-0.08670731763258935,0.2172295869226131,0.7333242074651538,-0.03940663583135704,0.03880242135362502,0.046339368818286056,-0.01260121624842112,0.028045883961505817,0.9748038212234906,0.0032951625191924546,-0.0012795146864389472,0.003229213990403737
-0.16749681956348225,0.1480814026782598,0.47503224643451164,-0.04112927394403315,-0.00895042226149994,0.04674642850113373,-0.005342044187795904,0.033757787550872484,0.9762001998840114,0.0037701947656269665,-0.0014470115060024294,0.0033772953930819973
-0.3079976922552535,0.10398982644680176,0.2741074900881444,-0.042097806489480735,-0.001371331252726293,0.04838425245773403,-0.00984220100132607,0.019172708903398117,0.9763610491134712,0.004044302255715111,-0.001755009198257683,0.0034812852195287985
-0.2036066101194359,0.04375881806189911,0.046593525741058475,0.007198591031541008,-0.007685342317985621,0.037820206482098766,-0.0067307894994119745,0.027656054076525636,0.9803260357286565,0.0040908957814561695,-0.0019586158083771186,0.003525044037590698
-0.15195629146281395,-9.973930955075282e-05,-0.1639807298763307,0.0014074528948171076,0.019077863282991818,0.02451607812232328,-0.0003308421501233179,0.026351260084680514,0.9726079141403524,0.003926915051579839,-0.0021105720998399326,0.003524944298281148
-0.1794083254115208,0.007425454765291543,-0.24114381683404656,0.029068941658106383,-0.025445368050726717,0.007107716055678457,-0.00797435792197029,0.033367801136877706,0.9735276929590309,0.003685771234745792,-0.002289980425251454,0.003532369753046439
-0.11494561394075628,-0.10721036430205286,-0.3683807071257633,0.005130789962849824,-0.07058587633443276,-0.02690257025688489,-0.0024168370954183137,0.031811385389492124,0.9772980860276207,0.0033173905276200283,-0.0024049260391922097,0.0034251593887443866
-0.15995608169323314,-0.17615356502100812,-0.4694793274371969,0.024848197811508994,-0.012876741353925126,0.00882538890190595,-0.015858207202247964,0.03151712686379111,0.9701157625586845,0.002847911200182831,-0.0025648821208854432,0.0032490058237233787
-0.14875939724380366,-0.22642900965224247,-0.4861613585033107,0.042462383053517766,-0.035811165526997854,-0.0032594552850736744,-0.009131769794559052,0.03587049568865259,0.9658214174983,0.0023617498416795206,-0.0027136415181292467,0.003022576814071136
-0.05597610494192753,-0.2568983883621182,-0.38085119161800396,0.042788817791527545,-0.017676822836930416,-0.004000694699985263,-0.006523155763499549,0.02617987775529198,0.9748940666123012,0.0019808986500615164,-0.0027696176230711743,0.0027656784257090177
-0.012965411886286518,-0.31278474860770694,-0.2813605413241916,0.03673159020110466,-0.015068182398185678,-0.04846324145600917,0.0030736733731454033,0.03455187731672861,0.9713280658100831,0.001699538108737325,-0.0027825830349574605,0.0024528936771013106
0.008453003317394993,-0.28398702925973246,-0.1326983462738279,-0.007579743977885238,-0.012112244894743163,-0.01312228458897577,-0.016223863287545395,0.02251089789361877,0.9662509242753838,0.001566839762463497,-0.0027741300316400652,0.002168906647841578
0.11877102708424803,-0.16559119831945868,0.06809224420389978,0.024661539457441796,0.01687581986271992,0.013455063739717476,-0.006786021416487345,0.02218229472835427,0.9747217576784605,0.001634932006667397,-0.0026553590045558175,0.002003315449522119
0.05835075296076815,-0.2136587608133258,0.2020932023979022,-0.020535585865327603,-0.021423673971709502,-0.024769357518757612,0.0010978518212832787,0.031204474154996484,0.9793053103887638,0.0018370252090652993,-0.002597008251595049,0.0017896566887087935
0.14281210946311507,-0.12782209763516905,0.3756257549039776,-0.0038902786578713777,0.006932434194019673,-0.023404405354360648,-0.009991070589309103,0.01977040210433427,0.9639316414351453,0.0022126509639692773,-0.002454196142131934,0.0016618345910736248
0.15697250639884677,-0.21958948989343358,0.46845270943640166,-0.027796120679891595,0.03829207944434559,-0.009247552362920687,-0.007010299270727569,0.030010608820810174,0.9771228005513438,0.0026811036734056787,-0.002297223635733087,0.001442245101180191
0.10112032720391617,-0.017663758213681192,0.5221172490390952,-0.06436056388061655,0.01843740198345863,0.03401759136247791,-0.004167312206893327,0.027505335635459014,0.9592567729440821,0.003203220922444774,-0.0021961033085291706,0.0014245813429665099
0.12363991965245874,0.0134867351355892,0.43517402904726266,-0.049964967277556324,0.0029680947900780352,-0.01695214600657896,-0.004783136276343043,0.032209340143729615,0.9698717268398975,0.003638394951492037,-0.0020724633888767117,0.001438068078102099
0.18875248046152093,0.06206707341106401,0.4007393819388032,-0.040246118308046946,0.05091351726741647,0.018262971305071124,0.002243726669968183,0.026403485111651106,0.9810069045203981,0.004039134333430841,-0.001883710908415191,0.001500135151513163
0.2754920950108879,0.15016978763507918,0.17461115042358277,-0.036089700429043206,0.06016105923628295,0.008541404381645206,-0.0032219828280850155,0.026830903480282796,0.9700939861636843,0.004213745483854422,-0.0016082188134043031,0.0016503049391482423
0.1997379458700087,0.16715354506778185,-0.0027672867211424694,-0.048875607610864194,0.03464419168448709,0.022747927488718664,0.0012955021512283263,0.028946266693305793,0.9721166972877433,0.004210978197133281,-0.0014084808675342943,0.001817458484216024
0.07569081397366328,0.1277170635206137,-0.21427460476527874,-0.010311461814393047,-0.008060765846456338,0.03993248311942652,-0.007022203613988579,0.022935309933791365,0.9754128536451955,0.003996703592368002,-0.001332790053560631,0.0019451755477366377
-0.011819930302119364,0.2884127635687521,-0.4506158720805903,-0.013367988210321336,0.03887898080469067,0.0726248885118505,-0.008803382222779583,0.02256547890247053,0.9629477918073039,0.003546087720287411,-0.00134460998386275,0.0022335883113053898
0.1366199625649779,0.2617320970464758,-0.5405654024726146,-0.029580864372198458,-0.016486854348651825,0.08362488121108497,-0.0061077631016352735,0.028315951037038677,0.9718223904932687,0.0030055223178147967,-0.0012079900212977723,0.002495320408351866
0.06698503526835607,0.2247003059700196,-0.7715201064038527,0.00045910616523650236,0.013653416389247637,0.055570883183872107,-0.01065285800518078,0.025644002690442327,0.971714860305405,0.002234002211410944,-0.001141004986029416,0.002720020714321885
0.09085395262671991,0.16849951954605352,-0.836037287787404,0.033997942455357644,-0.02014027409753274,0.03531539386783414,-0.0023177876995316626,0.023599858423089398,0.9806374005815943,0.0013979649236235397,-0.0010501510334026962,0.002888520233867939
-0.03516686514829015,0.10659510666153105,-0.7503642094793714,0.04348812335499877,-0.035492404330151495,0.08657742055187599,-0.006542553443238768,0.025067846051210672,0.965079215609757,0.0006476007141441682,-0.0010853178985509866,0.00299511534052947
-0.009921575919989347,0.136365197750108,-0.7633844905515685,-0.013032790098820893,-0.030463676539801775,0.02028476902210981,-0.007849741958458837,0.033299258803248875,0.9692824714762016,-0.00011578377640740034,-0.0010952394744709758,0.003131480538279578
-0.015368989328900087,0.1465074987439457,-0.6049784802869754,-0.0021264422767187444,-0.0334610151674979,0.008511754850298023,-0.0018749627005811846,0.022955424042950257,0.966480762605253,-0.0007207622566943758,-0.0011106084637998758,0.003277988037023524
-0.09871254551483924,0.026348634575922597,-0.44491416164636016,0.04813062717908864,-0.04916471914940793,-0.02465620094811629,-0.009964118477454542,0.022653836861198363,0.9658829822101677,-0.001165676418340736,-0.0012093210093147152,0.0033043366715994464
-0.11606789727117373,-0.09923574915492887,-0.12363780756745246,-0.0038062938313850846,-0.028878312469478185,0.030307255752885398,-0.00027014575056764174,0.01631950064982117,0.9766246816608647,-0.0012893142259081886,-0.0013253889065858889,0.0032051009224445173
-0.1073634487803109,-0.07136350025487237,0.1290873370662622,-0.013271104773120372,-0.05152353650097867,0.014678020612034917,-0.006391298239134805,0.024487115894608513,0.9710536804176494,-0.0011602268888419264,-0.0014327523553661998,0.003133737422189645
-0.08888049828189855,-0.12040424095341218,0.3674872981687864,-0.0035878452801274153,-0.02235844211728468,0.03858923917166256,0.0019190743447670931,0.027824832908628274,0.9680754708485044,-0.0007927395906731399,-0.0015216328536480984,0.0030133331812362326
-0.1129692655439006,-0.10207885471805614,0.5693534924257636,0.005106777296738916,-0.033093475877694324,-0.04023527766038637,-0.00571673931193196,0.028562320656438437,0.9681970912426723,-0.0002233860982473762,-0.001634602119191999,0.002911254326518177
-0.05935805210563897,-0.1239370110497654,0.7068230724219242,-0.016499129614756722,-0.04695522188053096,0.0166184089995792,-0.00046999846903102984,0.02476271678984008,0.9679033302281825,0.000483436974174548,-0.001693960171297638,0.0027873173154684115
-0.11122223478977578,-0.28497942001300997,0.7712250959498738,-0.03951861173179138,-0.042426488813041334,-0.008737561773273296,-0.002608087025699692,0.02884048336382494,0.968283726487332,0.0012546620701244218,-0.0018051824060874137,0.002502337895455401
-0.13172981932201142,-0.10484658203864877,0.7753086102284592,-0.05204849671376416,-0.048391403327357196,0.01057864969833671,0.00033739678814993833,0.027556546288131645,0.9642639252596059,0.0020299706803528815,-0.001936912225409425,0.0023974913134167525
