motionRotationRateX(rad/s),motionRotationRateY(rad/s),motionRotationRateZ(rad/s),motionUserAccelerationX(G),motionUserAccelerationY(G),motionUserAccelerationZ(G),motionGravityX(G),motionGravityY(G),motionGravityZ(G),motionYaw(rad),motionRoll(rad),motionPitch(rad)
0.1350452031297024,0.18616788441239226,0.589013495998611,0.028616618501776617,0.0034979331201574993,0.04600409641546682,-0.0018796433015675397,0.019277632465108326,1.0105142154035691,0.000589013495998611,0.00013504520312970238,0.00018616788441239227
0.24209883945260333,0.23349187945347885,0.3103588577200929,-0.01269471412909419,0.010996716677972949,0.05224671601908907,0.0018612125853456425,0.018082346256687563,0.9965522001322707,0.000899372353718704,0.00037714404258230573,0.0004196597638658711
0.1845590820055436,0.16045008370581168,0.10264902810062453,-0.020495618167250932,0.02954998315724957,0.023940945782835517,-0.004487922675929814,0.013459395822595506,1.0057664486516467,0.0010020213818193284,0.0005617031245878494,0.0005801098475716829
0.19643994249887062,0.1034038001651034,-0.027512678064709934,0.02207550548521399,0.019189005888790658,0.020624626791620818,-0.004424949585523018,0.01301268757324952,1.0058367444786698,0.0009745087037546185,0.00075814306708672,0.0006835136477367863
0.1555258003117756,0.1491609607009054,-0.25282113802495465,-0.014690629934135453,-0.0035127210318613945,0.05085387103586506,0.004554746370350334,0.022222258936007464,1.0056963572485265,0.0007216875657296639,0.0009136688673984958,0.0008326746084376917
0.2010586875601893,0.072571736105807,-0.39937076840174723,0.00305172031569291,-0.015085110667456965,0.019506524173761586,0.0017961457326755082,0.022747476094052487,0.9970303993887004,0.00032231679732791664,0.001114727554958685,0.0009052463445434988
0.12446072925509526,0.06856599985133399,-0.44053554270270856,-0.037569353469985405,0.015720960327150597,0.025230897244786464,-0.007004758567402022,0.01623009527350796,1.0090237603725734,-0.00011821874537479194,0.0012391882842137803,0.0009738123443948328
0.20578971960660633,-0.06940349259639766,-0.5396547146211567,-0.04415107887749695,-0.04231706233663043,0.02907292596233805,-0.005613440367368542,0.025895481671814626,1.0100594044395885,-0.0006578734599959487,0.0014449780038203867,0.0009044088517984351
0.060270491982910276,-0.13881699998131658,-0.566721860796907,-0.05708772910255891,-0.030077576817220498,0.013988052953316505,-0.011405190577262778,0.0074188614654108545,1.0018330122741075,-0.0012245953207928558,0.001505248495803297,0.0007655918518171185
0.060991453467095905,-0.09764267152038016,-0.2818148281288978,0.00373413312248172,-0.04775896726919314,-0.03599774108600199,0.003700246202951737,0.01220252128195098,0.9976690863431067,-0.0015064101489217535,0.0015662399492703928,0.0006679491802967384
-0.0068621031903268875,-0.1849296198601627,-0.15890527273773278,0.0027590333283139482,-0.060510855297693504,-0.014295127109231252,0.0024691443218709305,0.014192767879720007,0.9956912127570533,-0.001665315421659486,0.0015593778460800658,0.0004830195604365756
0.054256993084592045,-0.16630255606922828,0.011202556223578894,-0.001967205636710571,-0.0076910398306141645,0.008042470853706104,-0.006543016048542071,0.018092630094504285,1.0023513227660477,-0.0016541128654359073,0.001613634839164658,0.00031671700436734736
-0.017459237350816913,-0.11921310676489269,0.08081318559922249,0.0024078740710459477,-0.03224034983182256,-0.0005787649531887422,0.002023572792202768,0.01570342820062079,1.0003148355573783,-0.0015732996798366848,0.001596175601813841,0.00019750389760245465
0.002466806532931874,-0.127476640334794,0.2882928700669098,0.05225583105051254,-0.005507244601845462,-0.0033141179973108868,0.008577421330219166,0.016772841723131454,1.0009014126749438,-0.0012850068097697749,0.001598642408346773,7.002725726766065e-05
-0.10182897845868032,-0.11159263710225525,0.35584292628959174,0.03599884932005904,-0.016606578402994635,-0.03391183269326202,-0.009172127565778081,0.020023020538921993,0.9932457264342675,-0.0009291638834801832,0.0014968134298880926,-4.15653798345946e-05
-0.055823105935177086,-0.11316233425562328,0.48041281413691045,0.04352546481973206,0.02139961312566946,-0.006390929192891007,-0.0046762294919197546,0.024702308635412243,1.0001467612608927,-0.0004487510693432727,0.0014409903239529153,-0.00015472771409021788
-0.07132611162905463,0.039217031133379175,0.4726265221193394,0.03895270775208892,-0.015479226359805379,0.014818326641412614,-0.009531911119577997,0.02124789447077405,1.0056979145556637,2.3875452776066678e-05,0.0013696642123238608,-0.0001155106829568387
-0.09964010974983936,0.024273764237170384,0.37805429591172984,0.04329887685010316,0.035016456620581254,-0.007958955745800122,0.002891605602948895,0.01733485226509526,1.0040509714477577,0.0004019297486877965,0.0012700241025740213,-9.123691871966831e-05
-0.11257978462942503,0.11112239726569932,0.32802268791654676,0.05915354321745601,0.03564162691767885,0.04243141637416394,-0.002456489002897541,0.016471290670250917,0.9979005315622218,0.0007299524366043432,0.0011574443179445963,1.9885478546031012e-05
-0.10546249476681922,0.13919318711473747,0.12023730730304034,0.0129044226669175,-0.013816757866344516,0.028423359721612675,-0.004091734222025216,0.022196543260656093,0.9994217418944822,0.0008501897439073836,0.001051981823177777,0.00015907866566076847
-0.14486847165239375,0.19075004445165594,0.00642441070665202,0.032756145811726624,0.014017694914767008,-0.006869336578043108,-0.0010890453669439527,0.025927724897065497,0.9926208012247912,0.0008566141546140357,0.0009071133515253833,0.0003498287101124245
-0.1376778258519616,0.14070332409051037,-0.284325372514036,0.03769269516184999,0.04480257857243279,0.020802026361558472,-0.0051356432724221565,0.01951466375714123,0.9966314564550517,0.0005722887820999997,0.0007694355256734218,0.0004905320342029348
-0.04338066174506395,0.13252325062106035,-0.6080327632618807,0.002768340494905923,0.05485242233958816,0.02325483105343786,-0.004483880457904359,0.013688912005638883,0.9982525334962403,-3.5743981161881044e-05,0.000726054863928358,0.0006230552848239952
-0.06165077766072842,0.08033361348836532,-0.741364226221004,0.010922755289880702,0.03191016179402698,0.02088926335597867,-0.0012265541936271934,0.017251403622088986,1.00311438938518,-0.000777108207382885,0.0006644040862676294,0.0007033888983123606
0.002403389474810287,0.0759236039426254,-0.6742744545033226,0.002624949264166225,0.0031686431438850953,0.044493311380093666,-0.005775300516973418,0.018672248928330363,0.9964100008656032,-0.0014513826618862075,0.0006668074757424397,0.000779312502254986
0.08017347684973998,0.07495201612554897,-0.8316904723443588,-0.01845826840437079,-0.016400097885124677,0.019032127485998702,-0.005194276218758765,0.012809985314351615,0.994755923642688,-0.0022830731342305664,0.0007469809525921797,0.000854264518380535
0.014580938878782323,-0.02820827374013317,-0.7738098011310716,-0.05696111178909897,0.005005778268789149,-0.028966292210120675,-0.003756273996898465,0.01972911954059356,1.0037180678799051,-0.003056882935361638,0.0007615618914709621,0.0008260562446404017
0.03277408684250201,-0.03059308295842976,-0.6803670876593199,-0.053162225204887115,-0.02474977055000776,-0.04021879758227266,-0.0026411799107986097,0.016534798405544837,0.9978101895718117,-0.0037372500230209577,0.0007943359783134642,0.0007954631616819719
0.06680103685742063,-0.032665868609103005,-0.44674436155970765,-0.04777883289033522,-0.03381050165267241,-0.02337241524911666,-0.00021374430498461274,0.020851740203832826,0.995721747419813,-0.004183994384580665,0.0008611370151708847,0.0007627972930728689
0.10018116130169123,-0.17204553939423506,-0.3814551393122552,-0.062072008675322594,-0.03992962725727407,-0.021230353826038724,-0.0004297847086466495,0.009958220040980608,1.003971505382569,-0.0045654495238929204,0.0009613181764725759,0.0005907517536786339
0.1376346306393843,-0.2558101907597121,0.013969750976173458,-0.056510872824426565,-0.025932390931475296,-0.0071689664000948745,-0.010967694970761614,0.005947645534301167,1.0021960518694832,-0.004551479772916748,0.0010989528071119602,0.00033494156291892177
0.11268147917157183,-0.24704906860166764,0.2619337942852744,-0.04762936587576106,-0.013853339730597155,0.007132264624574466,0.0034463179332263187,0.012503998490024908,0.9988571906140028,-0.004289545978631473,0.001211634286283532,8.789249431725411e-05
0.20741711762540743,-0.3123511832355464,0.43562842489006737,0.027815446811845446,-0.03372848841601035,0.0106951386022655,-0.003421401182814162,0.014398820866817147,0.998130269142852,-0.003853917553741406,0.0014190514039089394,-0.00022445868891829228
0.12214540315928757,-0.18887792765546277,0.6437698875935545,-0.012820487125800833,-0.05592572385679575,-0.028579314561404286,-0.005498690437431045,0.0050876302658751735,1.0017761572505626,-0.0032101476661478517,0.0015411968070682268,-0.0004133366165737551
0.12315424698985827,-0.2335522385890205,0.7373459491312468,0.030937175567986825,-0.07335735552409618,0.006606634412505761,-0.008481337992033383,0.010861504461540645,1.0025639048364627,-0.0024728017170166042,0.0016643510540580852,-0.0006468888551627756
0.06409717588325155,-0.24259099355744318,0.7352132310257511,0.009302706874893912,-0.038675351977196196,0.005865617143657511,0.005859108882667048,0.020132873978523404,1.0009059145392354,-0.0017375884859908532,0.0017284482299413366,-0.0008894798487202188
0.08594584638306549,-0.19258556556537496,0.822435128306024,0.07686547461265812,-0.012915012488112443,-0.013995897327278429,0.007589658457642422,0.01619246813960897,1.000455550245401,-0.0009151533576848292,0.001814394076324402,-0.0010820654142855936
-0.00017135899363970863,-0.16779825117939262,0.7185671879652205,0.04932998650653965,-0.018182026652517197,-0.01929351369700357,0.004998481259084444,0.014027800849288515,0.9968099419693565,-0.00019658616971960876,0.0018142227173307626,-0.0012498636654649864
-0.05282007329939564,-0.005870599356227343,0.5706718554133475,0.06903630279481351,-0.02437884412210113,0.03130146197548871,-0.0038479372110909052,0.007868015659444177,0.9970999899200108,0.00037408568569373884,0.0017614026440313669,-0.0012557342648212137
-0.014774519733459258,0.09669813709152791,0.3886833591636459,0.03869349813069652,-0.027369325497176113,0.006975084698226471,-0.002856907123378022,0.019208290724756077,0.9989645262188287,0.0007627690448573848,0.0017466281242979075,-0.0011590361277296856
-0.09145774272646404,0.007206705377394623,0.12530971245037728,0.10090968885388382,0.0008877210619757207,0.02613935027602167,0.0027555109687221685,0.010679767835283611,0.9950080130826888,0.000888078757307762,0.0016551703815714436,-0.0011518294223522912
-0.10751689180599872,0.18255657141251155,0.010247591846062942,0.10419506371623008,0.028644387694290792,0.03311171666018488,-0.006025476200227188,0.013050761342332686,0.9944128619995596,0.000898326349153825,0.0015476534897654447,-0.0009692728509397797
-0.09968552105899364,0.17285492532099883,-0.24514192321043665,0.04863647907594455,0.02112948831475113,0.05192597016757701,-0.0022370700911187825,0.014421774577878311,0.9993437455862672,0.0006531844259433884,0.0014479679687064515,-0.0007964179256187807
-0.15925872581044437,0.2797776499182033,-0.3637173655991363,0.08709759636775209,0.02411166480731457,0.07101644663075526,-0.003929152775552249,0.013049683773795876,1.0047286636634751,0.000289467060344252,0.001288709242896007,-0.0005166402757005773
-0.1869682360106836,0.1597840726710183,-0.48611073598214294,0.025171812000917622,0.020377180394726645,0.04088257455567154,0.004407124169480497,0.019460672669449786,0.989405623537206,-0.00019664367563789094,0.0011017410068853233,-0.0003568562030295591
-0.21202532060387602,0.2612503685163558,-0.4446426313579638,0.050901072165825303,0.091679750528939,0.02293143902669728,0.001873662803716829,0.01468540220722349,0.9978014471102469,-0.0006412863069958548,0.0008897156862814473,-9.560583451320327e-05
-0.1382189021370661,0.2228122950921659,-0.44203479720765826,0.017928473216242417,0.02538082001607106,-0.016052892163099804,-0.006118886016648728,0.013309297465771433,1.0011094133485627,-0.0010833211042035132,0.0007514967841443812,0.00012720646057896265
-0.19467466705614886,0.2475765692232723,-0.34667254502580147,0.03603625247473753,0.024237053197163776,0.025404597985439405,0.002075387857795637,0.01099289720620442,1.0050962494952767,-0.0014299936492293147,0.0005568221170882323,0.000374783029802235
-0.165681394678024,0.18285741722039925,-0.1393672538675406,0.0011877543925357913,0.045298432756304165,0.007876138329970611,-0.005689697013618273,0.013391745960157018,1.0087218328829317,-0.0015693609030968552,0.0003911407224102083,0.0005576404470226343
-0.12757353947907424,0.13398364520605963,-0.10160478551703292,0.003953644108633889,0.033660785103146976,-0.011670273404100468,-0.008519766834901122,0.009989121136000707,0.9984204975769655,-0.001670965688613888,0.00026356718293113403,0.0006916240922286939
-0.09918256741506148,0.07483012042955228,0.14014405990363132,0.002197403599268939,0.05172297478911942,0.01631482266979794,-0.007337726404689541,0.011792605461455248,1.009559358683443,-0.0015308216287102567,0.00016438461551607252,0.0007664542126582462
-0.032155756702307,0.09624322504104865,0.28084988365857877,-0.03273819030124439,0.044258076190164274,-0.03496941035481335,-0.005293919581144986,0.008943472213771135,1.0019613515935135,-0.0012499717450516782,0.00013222885881376554,0.0008626974376992948
-0.04519288307286208,-0.036895748690643326,0.4428565129026367,-0.028092602308439952,-0.010488870578098308,-0.02649475012221627,-0.010075920840054447,0.007960941868092064,1.0037411642310825,-0.0008071152321490415,8.703597574090345e-05,0.0008258016890086515
0.05995276477631191,-0.03626872779258184,0.5018721854451993,-0.046631997959061526,-0.011226431670682883,-0.016763191278297236,-0.0088582156410487,0.005683613312145173,0.9943293578832549,-0.0003052430467038421,0.0001469887405172154,0.0007895329612160698
0.023962000253287243,-0.084837936582895,0.4842168750169096,-0.02395301977507725,-0.02351828523447221,-0.019765601455526007,-0.013606242693182355,0.008713493116701014,1.0019091847049333,0.00017897382831306752,0.0001709507407705026,0.0007046950246331747
0.08969409941881054,-0.09851203189358018,0.3830377208739167,0.029776255808126567,0.00040260422626166824,0.007837954696618946,-0.010620690411020393,0.008190763608281746,1.0041306581195537,0.0005620115491869843,0.0002606448401893131,0.0006061829927395946
0.09828352564556425,-0.1980089845120066,0.28518549629824685,0.017435890688598715,-0.014830167725893966,0.01285698399733836,-0.005454237782736634,0.01882665472604466,0.9961664576246253,0.0008471970454852311,0.00035892836583487737,0.00040817400822758796
0.2325266230025593,-0.11648204911656983,0.1234834152414377,-0.006570884287539644,-0.03729661458028354,0.032037788485630776,-0.0015347141335705482,0.014445094189552712,0.986570285722509,0.0009706804607266689,0.0005914549888374367,0.0002916919591110181
0.14378443662334373,-0.11754368620721023,-0.10704432801323968,0.058811604854129944,-0.030009112883465264,0.028396175177223835,-0.0022934120549209557,0.008618990894421107,1.0003281932876564,0.0008636361327134291,0.0007352394254607804,0.00017414827290380787
0.16481650229348893,-0.15980779198932604,-0.2630294923197264,0.04464152349115573,-0.05910458880645141,0.022483515132257513,-0.004832269014255911,0.006976880556251625,0.9984930332961759,0.0006006066403937026,0.0009000559277542692,1.4340480914481813e-05
0.1914890267583097,-0.0775659587893615,-0.48524658597069437,0.06201495825792974,-0.05136106869742384,0.02284838036422874,-0.014745459323405607,0.011972802439416941,1.006273239382556,0.00011536005442300823,0.001091544954512579,-6.322547787487969e-05
0.17561961787288421,0.08102766511717255,-0.6740210835931315,0.060845464405127295,-0.06019528404742632,0.04147025365559399,-0.011521441353089183,0.018412787354215865,0.9968444085270161,-0.0005586610291701234,0.0012671645723854631,1.7802187242292865e-05
0.19635551606201995,0.002912261138038226,-0.8878179323404315,0.061588921979127506,-0.02693435147151576,0.0288018906976467,-0.008320697450835255,0.012487835480077134,0.9959946312624899,-0.0014464789615105547,0.0014635200884474831,2.0714448380331092e-05
0.2251615472362241,0.04762493199560058,-0.825578331392145,0.011650179374593275,-0.020964528119877156,0.03121342887873487,-0.0026360838115485454,-0.0002918051250821469,0.993646011936991,-0.0022720572929026996,0.0016886816356837073,6.833938037593169e-05
0.1556237568951055,0.12317158236092657,-0.7470756018293077,0.06842532090781077,-0.0361939398015591,0.03568389615720657,-0.01035099221464475,0.012427505094910411,0.9963358562426864,-0.003019132894732008,0.0018443053925788129,0.00019151096273685827
0.13208788059700147,0.10635338678821314,-0.6763929472987448,-0.0075305170771360775,-7.288311353420215e-05,0.021423330709792736,-0.013781672457445993,0.013116295442899915,1.0128039304779222,-0.0036955258420307523,0.0019763932731758143,0.00029786434952507144
0.08366748835567726,0.1546899973371385,-0.47375038067948794,0.04632766074222794,0.020798330338390285,0.01651060513051464,-0.0005573222137455532,0.0187137054949,0.9915185131259836,-0.004169276222710241,0.0020600607615314914,0.00045255434686220994
0.03887918366636273,0.13101605682316503,-0.2752383826421312,0.0144580155624963,-0.013240263668377958,-0.014533738733221177,-0.01158898967927274,0.006278397853658238,0.9927576383316513,-0.004444514605352372,0.002098939945197854,0.000583570403685375
0.033346490025655574,0.1593668137209127,-0.005794497037422188,0.01463778749735388,0.007561411202065311,0.01930363089160455,-0.0136689263953499,0.008015402789778745,0.9991446326826953,-0.004450309102389794,0.0021322864352235093,0.0007429372174062877
-0.0034486093979803536,0.11340321557566073,0.2979736745525715,-0.013347150308988202,0.029591906795713385,-0.03789155703759891,-0.007007829347264084,0.009376004163812379,1.0092707496924127,-0.004152335427837223,0.0021288378258255292,0.0008563404329819483
0.019534717947047996,0.16919086882093223,0.49713444429314163,-0.008884883756765135,0.022540134390170635,-0.013372243233969168,-0.008509489851412038,0.003106978762849297,1.0030871519613445,-0.0036552009835440803,0.0021483725437725777,0.0010255313018028805
-0.10568160489793699,0.03497030197471803,0.5843532548812144,-0.0404494514190296,-0.0035852223903751895,-0.035976819835468375,-0.010874032501848324,0.002455881486877618,1.007122293550562,-0.0030708477286628664,0.0020426909388746406,0.0010605016037775986
-0.01702766583380308,-0.030270180032145804,0.6891464700740608,-0.04305077108791876,0.013930032354539146,-0.005993226392075781,-0.008485515740710235,0.008527263902489613,0.9974163400817404,-0.0023817012585888053,0.002025663273040838,0.0010302314237454527
-0.10731071242472477,-0.027988630234131333,0.8350422971174967,-0.04469002068986011,0.009869070294451093,-0.008428442454551885,-0.013230676567583012,-0.0013831151975569151,0.9923717529835253,-0.0015466589614713084,0.001918352560616113,0.0010022427935113215
-0.1038999524643961,-0.19290369764796178,0.8423858873459559,-0.015151646352019179,0.010414380302840793,-0.021752276404727613,-0.011272157607254276,-0.00045169348962218,0.9970566001211418,-0.0007042730741253526,0.0018144526081517167,0.0008093390958633597
-0.16308329629629725,-0.09881044146077522,0.615711612355231,-0.03638723410385629,0.0039093084207644764,0.016316819807453968,-0.00900783625687784,0.01001304883842732,0.9986592879361064,-8.856146177012159e-05,0.0016513693118554197,0.0007105286544025844
-0.08480036468605986,-0.2602162727026884,0.5273583852182978,-0.06634294813203581,0.029018173111740056,-0.009588297253145367,-0.019119056660025575,0.008224947997153736,0.9993174443592442,0.00043879692344817625,0.0015665689471693598,0.00045031238169989605
-0.1448954564078842,-0.1853227742400663,0.4504887947443634,-0.039355524927673025,-0.01613537822597643,0.0220186210657696,-0.0042766820465043815,0.011785403617094993,0.9981723104039882,0.0008892857181925396,0.0014216734907614758,0.0002649896074598297
-0.06778145158691946,-0.1837198008968505,0.11454373261826199,-0.001414238022623738,-0.0563049121699367,0.0005429649097697213,-0.01602840722667566,0.00765366653706856,1.0021752151359353,0.0010038294508108014,0.0013538920391745562,8.126980656297919e-05
-0.05165791420854557,-0.269451278886259,0.03334102895196456,0.028318955886199617,-0.029803231637063155,0.0334367658715351,-0.013969682308298651,0.005190282982213885,0.9956409910738104,0.0010371704797627662,0.0013022341249660106,-0.00018818147232327985
-0.05504484309931233,-0.2435936315022973,-0.30342979826062527,0.00586864684478161,-0.005456210683097625,0.015710618435361236,-0.0043857824093741955,0.011384056067602729,0.9945435417750422,0.0007337406815021408,0.0012471892818666985,-0.00043177510382557717
-0.10852777108067262,-0.1926273193459492,-0.4320050278842587,0.08182992012418873,-0.0510852545200944,0.04180128351692276,-0.006650770383273908,0.0026247724833854897,0.9931347267359671,0.00030173565361788206,0.0011386615107860257,-0.0006244024231715265
0.11316850370691375,-0.11028182862116984,-0.5118388581617601,0.055673401798086795,-0.061906144691984126,0.04491653555436607,-0.00917111543111133,0.0028727292795301777,1.0001611679549627,-0.00021010320454387804,0.0012518300144929394,-0.0007346842517926963
-0.00818630362646211,-0.12673186307234752,-0.5496087900713684,0.07310403427173436,-0.06235118325000094,0.06520394090031185,-0.018258709029739188,0.004017009495587225,0.9996427333917632,-0.0007597119946152464,0.0012436437108664775,-0.0008614161148650438
0.07709862273470387,-0.022349434347540373,-0.5148651951809396,0.04872931879431048,-0.045138794045089005,0.032985606621392355,-0.012855799041282999,0.006391998631261825,1.0045487633557122,-0.0012745771897961864,0.0013207423336011812,-0.0008837655492125842
0.051558213871169066,0.032922509843013203,-0.3370036929192604,0.10125958593866163,-0.06096460338078675,0.1038957688034711,-0.011017431546994787,0.003606525969514818,1.0068040008889152,-0.0016115808827154466,0.0013723005474723503,-0.000850843039369571
0.14904307939496733,0.055852244648962567,-0.16822315747558333,0.0709198707534023,-0.08049483950412867,0.008493518083361214,-0.010763095075413181,-0.0036857340891514076,0.9930093043898697,-0.0017798040401910298,0.0015213436268673175,-0.0007949907947206084
0.09325630434855628,0.11489581105751648,-0.03376822897681257,0.061584067107110466,-0.056692326963013406,0.032795041582278806,-0.004446876889129971,0.0022063164754282305,0.9991406450850502,-0.0018135722691678424,0.001614599931215874,-0.000680094983663092
0.0795103206490556,0.2121107515504267,0.15148876143568757,0.06294398421186075,-0.035650089031313656,0.024943515033737432,-0.000290566327414336,0.003181174170816174,0.9979728398071254,-0.001662083507732155,0.0016941102518649295,-0.0004679842321126653
0.13804571657656645,0.2408445001999468,0.3921444511226657,0.08646621175713459,-0.013242736748390715,0.02087918509737205,-0.007295422797224846,0.003712659904134764,0.9912922958796411,-0.0012699390566094893,0.001832155968441496,-0.00022713973191271848
0.041920545142299585,0.21468414049006765,0.481011296535726,0.05523113826670994,-0.024271066509119567,-0.008561290206785881,-0.013148896385348528,0.0006910749202175613,0.9963111491497822,-0.0007889277600737632,0.0018740765135837956,-1.2455591422650818e-05
0.06474119371500167,0.25140063849203137,0.4786672262961431,0.013833276335094338,-0.006885743211284249,-0.00034804003889426713,-0.004511706315838088,0.005265601989524757,1.0067608555289338,-0.0003102605337776201,0.001938817707298797,0.00023894504706938058
0.09308142805503689,0.20030112311893397,0.49967509722161696,0.006396331958580909,0.011272113265508137,-0.02136859321679483,-0.013638037452557115,-0.005515731148243193,0.9957397648304639,0.0001894145634439969,0.002031899135353834,0.0004392461701883146
0.1034771966805888,0.2585105657029622,0.32794262910521765,0.0313749507123536,0.005220385566089373,0.024912508544115086,-0.023914655054778043,0.004415007135997141,0.9948835901282431,0.0005173571925492146,0.0021353763320344234,0.0006977567358912767
-0.04077194684431875,0.15062485977819154,0.27939960362164906,-0.013552958229193016,0.027826217947742128,-0.0251419661424968,-0.017149418949583863,0.01109976116103654,0.9985932279334119,0.0007967567961708636,0.002094604385190104,0.0008483815956694682
-0.057349120587767394,0.15490741093084012,0.08176475316802025,-0.006951056940673385,0.04592111871582381,-0.01280164140380287,-0.022866501943923354,-0.0010993795161501996,1.0033866508752782,0.0008785215493388838,0.002037255264602337,0.0010032890066003085
-0.04622262246879838,-0.028348731780538775,-0.14217922660413437,-0.008073198255339453,0.01743001859708757,-0.018352469666165036,-0.0130307416052824,0.0020218623383541166,0.9972792495128104,0.0007363423227347495,0.001991032642133539,0.0009749402748197696
-0.18638023354843342,0.009671543436494782,-0.33794038468604926,-0.09487858933815048,0.0493217407181878,-0.01471578143504767,-0.01210727716798684,0.0002977901591223117,0.9994152356983649,0.0003984019380487002,0.001804652408585105,0.0009846118182562644
-0.0614187209672818,-0.02814405885257015,-0.5413340087109455,0.00022595160225046158,0.020801828496277066,-0.019428069399291016,-0.01928303638866887,0.00018113186109563616,0.9873277100241324,-0.00014293207066224536,0.0017432336876178232,0.0009564677594036943
-0.19503709106921804,-0.10430544376796361,-0.7513771495685787,-0.03712254485662174,0.018087190151559088,0.02948870526567756,-0.015693630144929402,-0.00401132680867919,1.0015859731369217,-0.0008943092202308242,0.0015481965965486052,0.0008521623156357308
-0.18890026418076772,-0.15415274828845796,-0.7108306889194336,-0.019258377163943477,0.020826675254423742,0.009400806967631124,-0.01865776339951461,0.010887815095631768,0.9998033710408829,-0.001605139909150258,0.0013592963323678375,0.0006980095673472729
-0.16998108580864174,-0.15474580420741757,-0.7710467761105531,0.029068382381458324,0.05405264062170042,0.012347730075903939,-0.012263463620295696,0.002657930119464587,1.0030942196794002,-0.0023761866852608105,0.0011893152465591956,0.0005432637631398552
-0.18555459788655984,-0.11766715768485053,-0.7840259960635557,0.03892495104558384,-0.01634849400082273,0.012483176075837975,-0.015997886882152992,-0.00282601601111585,0.9893055329128932,-0.003160212681324366,0.0010037606486726358,0.0004255966054550048
-0.2304847262737049,-0.1975936304694969,-0.7263177046313775,0.03189034259174868,-0.0010071362708040186,0.03889921911273602,-0.00678230789892796,-0.0035963158053627267,0.9971038145734763,-0.003886530385955744,0.000773275922398931,0.00022800297498550782
-0.09747426297062457,-0.08691003587751996,-0.5757981452299912,0.04793658577785359,-0.00223258000550025,0.031734611927814974,-0.011084662567090226,0.00043336424986037224,1.0034094506089324,-0.004462328531185735,0.0006758016594283064,0.00014109293910798788
-0.27817832071688786,-0.07106281232266619,-0.14348225617730187,0.06254200768505686,0.011982441153652237,0.027803349263784673,-0.0040097575321074354,-0.010913569113369449,0.9957759026334557,-0.004605810787363037,0.00039762333871141856,7.003012678532168e-05
-0.1876034280641096,-0.0566866654837086,0.0062327374388684055,0.07861401820290488,0.0188385365421325,0.005821858653608389,-0.014407652844566002,0.00498784679910269,0.9987876345535762,-0.004599578049924169,0.00021001991064730895,1.3343461301613083e-05
-0.13572849250594424,-0.009764368105178988,0.29786010688911085,0.08493929741750077,-0.03590621872050971,0.021841549138542214,-0.001511650937144485,-0.0030465690597862743,0.9964557607085741,-0.004301717943035058,7.42914181413647e-05,3.5790931964340947e-06
-0.11598876101672283,0.048045353060502304,0.4422434875812167,0.05606647441034016,-0.02219111968900225,-0.009012302653988022,-0.01232005427710709,0.0012656107347945086,0.9965495260718938,-0.0038594744554538416,-4.1697342875358135e-05,5.1624446256936405e-05
0.02105333473533255,0.1624451849333218,0.6480900355769174,0.03551200850406303,-0.038251807248820185,-0.003453900017936601,-0.015073663329528801,0.001298608306850009,1.0042818039395989,-0.0032113844198769243,-2.064400814002558e-05,0.0002140696311902582
-0.07255773058658702,0.13547352507603558,0.7635764197947967,0.037909959457821926,-0.03947464366006576,-0.016100261657961065,-0.0004858535923828837,0.003746114194894069,0.9912999039934387,-0.0024478080000821275,-9.32017387266126e-05,0.0003495431562662938
0.11398032300529903,0.09873873989847502,0.8266259492435653,0.035191413979136645,-0.03078663722426607,-0.05408765271854891,-0.021769762524062264,0.0011817718430075642,0.99813595542344,-0.0016211820508385622,2.0778584278686438e-05,0.00044828189616476883
0.06632291086177311,0.1318307869819824,0.7846759212672862,0.018827120766976353,-0.06459899001598622,0.015357128807798512,-0.0154878261916754,0.0022335778642680743,0.9996163516298132,-0.000836506129571276,8.710149514045955e-05,0.0005801126831467512
0.04987955309444407,0.09488340617996129,0.6336870161811988,-0.014581198311992992,-0.028602931064591424,-0.016013895425901904,-0.02114637645157679,0.00341212556056086,1.0030179927253287,-0.00020281911339007708,0.00013698104823490362,0.0006749960893267126
0.04437068495654416,0.042140813006765726,0.47214086648864056,-0.00023440747674207014,-0.0119009344886585,-0.023314506267182004,-0.022108700875511166,-0.0035352960160582115,0.9976874025282458,0.0002693217530985635,0.00018135173319144777,0.0007171369023334783
0.15361451982004787,0.04406747062409152,0.3121154252779365,-0.05425887159940204,-0.030389760335562045,-0.016663714823798116,-0.023348686084608886,0.008672058679036702,1.0031110045905542,0.0005814371783765,0.00033496625301149567,0.0007612043729575699
0.14677609024752242,0.060537913383907245,0.02006463738873679,-0.03335160914109513,0.00411238399826878,0.02378535900027045,-0.01002438939576173,-0.0005212698434677303,0.9979626143855428,0.0006015018157652368,0.00048174234325901806,0.0008217422863414771
0.1979742751647321,0.06315581682368593,-0.14471394947367322,-0.041488269841867736,-0.031592508859404976,0.013838344653804442,-0.019848088316848735,-0.0026262547828563207,0.9988023894840036,0.0004567878662915636,0.0006797166184237503,0.000884898103165163
0.1666373790999557,-0.004357927812906046,-0.29198025797484733,-0.04808310387544527,0.012139988549238714,0.007972881862664639,-0.014570834440830405,-0.006892505987040174,0.9985800177194054,0.00016480760831671622,0.0008463539975237059,0.000880540175352257
0.2239665196577173,-0.1581889865662772,-0.3966920850718521,-0.035240529364590316,0.04315592865959589,-0.0025385924507095956,-0.008930980659906607,-0.003922801343811951,1.0014181034209757,-0.0002318844767551359,0.0010703205171814232,0.0007223511887859799
0.1589304559723108,-0.192609671009901,-0.41527627131637557,-0.03550303026660562,0.016287435191088696,0.011114021242166722,-0.011166911941854011,-0.001078776492432452,1.000818505963988,-0.0006471607480715115,0.0012292509731537341,0.0005297415177760789
0.12513070784672145,-0.24200548771382033,-0.5095333005129299,0.0011594102496267841,0.003405795088099569,-0.004430022400573009,-0.011506582300033503,-0.0028120937347712767,0.992512426743596,-0.0011566940485844414,0.0013543816810004557,0.0002877360300622584
0.16330388696603867,-0.34910670921437587,-0.42481176855316105,-0.04325672277178022,-0.00546962153615383,0.032026078592029626,-0.007599083193922191,0.005648421213488818,0.9991304483434111,-0.0015815058171376026,0.001517685567966494,-6.137067915211741e-05
0.0990235048369111,-0.2555835353602699,-0.39617629511711994,-0.013772852625931337,0.02859604674695985,0.05802043493523907,-0.0057125087875349,-0.005638994160615651,1.0007160107392972,-0.001977682112254722,0.0016167090728034053,-0.00031695421451238733
0.09174339548551158,-0.21280603749943586,-0.13913826992063089,0.0007490178422257278,0.03487122881605412,0.06008179366453714,-0.02010925991111316,-0.0004926777684505501,1.0052884632065995,-0.0021168203821753536,0.0017084524682889166,-0.0005297602520118232
0.0757139819311198,-0.2471119895988097,-0.021068937348782797,0.016816076886945138,0.008716559873398325,0.059433627581654276,-0.01152494870036704,-0.0097170268719713,0.9929033755571854,-0.0021378893195241363,0.0017841664502200366,-0.0007768722416106329
-0.023081444340564156,-0.26410018884527986,0.179260338357534,0.0052224832229834164,-0.007544734791322252,0.03367979377742346,-0.015391873392710347,0.006626799965964644,1.0006054878111201,-0.001958628981166602,0.0017610850058794724,-0.0010409724304559127
-0.03790888896029689,-0.20126671760007836,0.36349281615322454,0.022826935820918454,-0.04616452754034713,0.04940398830957376,-0.014853440793370195,-0.010457275428337149,0.9961401730705901,-0.0015951361650133776,0.0017231761169191754,-0.001242239148055991
-0.027203339713226082,-0.12325588970092993,0.4699406493612926,0.060443011264424064,-0.01495514760896735,0.04734019187855127,-0.021766156995485498,0.005682599075980195,0.9988049683413588,-0.0011251955156520849,0.0016959727772059494,-0.0013654950377569213
-0.20014079009887065,-0.011164353551401468,0.4259520980686417,0.03954269001832951,-0.04112447695298054,-0.022413434314664707,-0.016956679153278042,-0.005567635559113532,0.9924440252131729,-0.0006992434175834433,0.0014958319871070788,-0.0013766593913083225
-0.10758316627911423,0.009672649824173558,0.5109525642913424,0.07136750591148643,-0.04928124504096601,0.019091473711423952,-0.01649825448250301,-0.016260690369141753,0.9977101810830553,-0.00018829085329210085,0.0013882488208279645,-0.001366986741484149
-0.12220022397005038,0.11074484912112059,0.38788295716529053,0.06792529622365862,-0.012443805278849937,0.045941510134234115,-0.007320282961364589,0.0014728942355393612,0.9993370491703812,0.0001995921038731897,0.001266048596857914,-0.0012562418923630287
-0.09676888302021633,0.13576149527095682,0.3053081861490685,0.07346741295679435,-0.08722898603272194,-0.008976308083833729,-0.020334522158763475,-0.005074900494244594,0.9928568633217336,0.0005049002900222582,0.0011692797138376978,-0.0011204803970920718
-0.14616106579261195,0.19899831237149246,0.12749321359777857,0.09655353642024768,-0.08884947770331307,-0.0591884873234036,-0.02657115704230285,-0.00795281981875607,1.004916123810918,0.0006323935036200368,0.0010231186480450859,-0.0009214820847205795
-0.047866696569781306,0.18091834320576486,-0.0772898022558661,0.0432448971930805,-0.05273451918929438,-0.028286546523758324,-0.01475968391276532,-0.002676155881363487,0.9899157802429965,0.0005551037013641707,0.0009752519514753046,-0.0007405637415148146
-0.11547512325421458,0.21387258589408903,-0.43017191973712304,0.07028579066106207,-0.06434086291710235,-0.04904742997761253,-0.02109772766792876,-0.002761322007042736,1.0002889959812735,0.0001249317816270476,0.0008597768282210899,-0.0005266911556207255
-0.08127479696108876,0.19292468585621705,-0.538311613153965,0.027660469325379675,-0.0636809324329096,-0.023622033800199567,-0.015595915294789826,-0.004209091458552404,0.9854230878320377,-0.0004133798315269175,0.0007785020312600012,-0.0003337664697645084
-0.06592915301228855,0.26763700413317043,-0.7786981853616911,0.015533587552286577,-0.04206215503301853,-0.03130628491433722,-0.011677799240054002,-0.0008053021801217005,0.9962541885849834,-0.0011920780168886086,0.0007125728782477127,-6.612946563133799e-05
0.04800225181108395,0.2009742782879568,-0.7353885773349387,0.019457475686298496,-0.034436248760896994,0.017714617794499888,-0.015563609236794182,-0.0054160710252235,0.9998908626217092,-0.0019274665942235472,0.0007605751300587966,0.00013484481265661882
-0.07723083272631312,0.010629769030948366,-0.7465035118723425,-0.008296003522070314,-0.049313355792712246,0.02175488145122876,-0.017303114986614885,-0.003628350860535073,1.0010191448480839,-0.00267397010609589,0.0006833442973324835,0.00014547458168756718
0.1271235823881561,0.15044696785594086,-0.7102534715956046,-0.03131565158704129,-0.030729949687768612,0.02053735176810219,-0.01601145544383174,-0.009683774491324253,0.9968922129588316,-0.003384223577691494,0.0008104678797206396,0.00029592154954350807
0.13637956032206294,0.11950872654960691,-0.6457384054266628,-0.028468944073780846,-0.0063249930340686066,0.045303982569128126,-0.01107281441367701,-0.003444934550290218,0.9961737834665864,-0.0040299619831181575,0.0009468474400427025,0.00041543027609311495
0.0623950167478247,-0.01794857483224449,-0.4122222418651226,-0.06063700259125851,0.007606929725215953,0.01542219508179632,-0.021163700214560863,-0.010057382040583956,1.0001817035150227,-0.0044421842249832795,0.0010092424567905273,0.00039748170126087043
0.15032640287468807,-0.011348542244432387,-0.23155462364371143,-0.01775169316646926,0.024880215363046382,0.03234925436355895,-0.011827903845520814,-0.013290506293943455,1.0020601350971379,-0.004673738848626991,0.0011595688596652152,0.00038613315901643813
0.11780983379120663,-0.0895390921280908,0.045544488900499516,-0.08400059207464104,0.013273863595504445,0.07663381899435168,-0.02057185517014945,-0.00889634829626847,1.004166978663893,-0.004628194359726492,0.0012773786934564219,0.0002965940668883473
0.19002254102263677,-0.2140320529635356,0.28738019557590383,0.002512353518170472,0.03984968135150602,0.043776056251071664,-0.012618020823927675,-0.009440976367056441,0.9907766873766659,-0.004340814164150588,0.0014674012344790587,8.256201392481166e-05
0.15303722672220949,-0.05122849062456607,0.4182087797084218,0.006436472134999215,0.057718221801333916,0.04049116464907186,-0.023421929937397615,-0.003620154470892845,0.9961891240641428,-0.0039226053844421665,0.0016204384612012682,3.13335233002456e-05
0.19874566379716505,-0.16107883318666646,0.6423342369554998,0.037353023722354196,0.04299232674559978,0.007918874356661196,-0.013071413516133763,-0.015721534487924398,0.9861860471182724,-0.0032802711474866665,0.0018191841249984332,-0.00012974530988642087
0.008218280241554424,-0.138841291409328,0.888697714354311,0.060980230486853026,0.04073966390294555,0.0074999074680204125,-0.01637018544036441,-0.0031837753354218533,0.990277313062383,-0.0023915734331323556,0.0018274024052399877,-0.0002685866012957489
0.06551186809759549,-0.15969186976371916,0.811251635064863,0.04783262797516482,0.03623312234180044,-0.012894486538406769,-0.015454293562186229,-0.011963007132426382,0.993555090578758,-0.0015803217980674925,0.001892914273337583,-0.0004282784710594681
-0.050501575625561734,-0.11563696602760745,0.7787605828037331,0.027073194817758807,0.024312204959572342,0.03166093400143196,-0.011217955157315839,-0.021368578311861668,1.001361368749007,-0.0008015612152637596,0.0018424126977120215,-0.0005439154370870755
-0.026202253283480945,-0.05661658263349496,0.6588830702737246,0.09136495476946432,0.011487488828130308,-0.04186724884521909,-0.020193119176687965,-0.015276789197774313,0.9945922257438342,-0.00014267814499003496,0.0018162104444285404,-0.0006005320197205705
0.06821875568815809,-0.06836402475597012,0.4736308684309298,0.029347860677189655,0.016167672500947243,2.384653434089022e-05,-0.01628724397093408,-0.010973024749532745,0.995512007852441,0.0003309527234408949,0.0018844292001166986,-0.0006688960444765406
-0.0468470105156434,0.10295758941151596,0.2918378422327357,0.016979716260757477,0.021846601971054015,-0.012281815369822967,-0.014719186917934083,-0.007409487817515722,0.9984168849336694,0.0006227905656736306,0.0018375821896010553,-0.0005659384550650246
-0.054796394351863564,0.10682802523424312,0.05601413231336151,0.09013140393185483,-0.014851793382504613,-0.05914503312735191,-0.017803807933588683,-0.010492139609510951,0.993523584681804,0.0006788046979869921,0.0017827857952491914,-0.00045911042983078147
-0.10515995592325154,0.12925337486875632,-0.23543305971396444,0.059449278190596005,-0.008464887796777565,-0.004582246441847531,-0.012797222048401172,-0.01606811190421925,0.9868624308282884,0.00044337163827302766,0.00167762583932594,-0.0003298570549620252
-0.132365546353009,0.12677773010622148,-0.2673576968821811,0.0008691544969439847,-0.020062646431563774,-0.030032441512025033,-0.01480383401758712,-0.014107615443099209,0.9930653581225598,0.00017601394139084653,0.0015452602929729312,-0.00020307932485580371
-0.19571856456115302,0.11410413055627225,-0.35261520565265836,-0.0005064111170235211,0.011208834955852924,-0.04593266672491395,-0.019423703854243336,-0.016373507815127558,0.9961503155111984,-0.00017660126426181184,0.001349541728411778,-8.897519429953144e-05
-0.21621341857628323,0.1986574947148289,-0.5419346650529152,0.023933340645350305,-0.016370106790473397,-0.0045075436595852555,-0.010290870506259348,-0.009309428511687113,0.999054949339007,-0.0007185359293147271,0.001133328309835495,0.00010968230041529747
-0.2134321360550737,0.167266487694513,-0.5025026969824571,-0.01908530072498341,-0.021176286141669894,-0.018762551851953933,-0.013854862725639419,-0.011249911797327407,0.9956391562829079,-0.0012210386262971843,0.0009198961737804213,0.0002769487881098105
-0.31060171923081903,0.09500082771084453,-0.346066675293653,-0.030607000639714502,-0.01916209519102218,0.004074982305286166,-0.020946336011730193,-0.007921546246332687,0.9988884978922136,-0.0015671053015908374,0.0006092944545496022,0.000371949615820655
-0.17789431136773987,0.02563508009526517,-0.3286266812941677,0.010143416507791513,-0.048420768899667566,0.008694177418640512,-0.021064971691132542,-0.020034581221127827,1.0012108530815547,-0.0018957319828850053,0.00043140014318186233,0.0003975846959159202
-0.14485519504030356,-0.04423886067867315,-0.1160673309692351,0.0029977001979800185,-0.0076683934898666,0.011144566415512097,-0.01796738948019236,-0.014046406809161503,1.0021478917103466,-0.0020117993138542407,0.00028654494814155877,0.000353345835237247
-0.15950175127113672,-0.023705552013970052,0.24131882925644602,-0.04462610691928955,-0.027678400732860146,0.013356231015773554,-0.014699601147550229,-0.0014251149727432712,0.9973641481329771,-0.0017704804845977942,0.00012704319687042203,0.00032964028322327694
-0.10654238237564811,-0.09179845012447288,0.24220428909807865,-0.05433770274620605,-0.025714382280683748,0.059269941571402675,-0.028070691972811194,-0.008556255174104521,0.9907740881382031,-0.0015282761954997157,2.0500814494773896e-05,0.00023784183309880406
-0.04156293309244888,-0.0790146662635314,0.3600983154950414,-0.03284724973502824,-0.04182380690511008,0.0533774050585294,-0.021071862245622592,-0.013433987842931266,0.9901918660866593,-0.0011681778800046742,-2.1062118597674984e-05,0.00015882716683527265
0.012640161265052328,-0.13490197726753264,0.49564434771776944,-0.05743285918978085,-0.01754629713279235,0.05273862913221824,-0.02002185753838145,-0.017081944396869435,0.990614420454165,-0.0006725335322869047,-8.421957332622656e-06,2.3925189567740007e-05
-0.044291512696300925,-0.21583302990255643,0.5298421260513657,-0.08209524334729178,-0.036668114961148704,0.038001501549446044,-0.024387214286660013,-0.006797851477558302,0.9909559165362097,-0.0001426914062355389,-5.271347002892359e-05,-0.00019190784033481644
0.012648793948884629,-0.24550571390970882,0.4367873022104508,-0.0805163724506717,0.0014177828856614194,0.041455912381914636,-0.022371576223289308,-0.004864337791167641,0.9967837327750873,0.00029409589597491196,-4.006467608003896e-05,-0.00043741355424452527
0.12011789520712576,-0.3038930138195798,0.29538353935238415,-0.011868361176604956,0.001596650634122873,0.018730043738516347,-0.016639349001815046,-0.018461819461435026,1.005680040337472,0.0005894794353272961,8.005321912708682e-05,-0.000741306568064105
0.1451625356518955,-0.19516089615460944,0.2537046864723072,0.023830942283476812,0.01041463434117733,0.009956692630936508,-0.019832847710715477,-0.018179290689980636,0.997258246583391,0.0008431841217996032,0.00022521575477898233,-0.0009364674642187144
0.20742454475845634,-0.22372765650259813,0.06973191068463865,0.02368846874713185,-0.005958637412402697,0.05013969128002586,-0.019501662869231367,-0.011705082057325029,0.9957344086777131,0.000912916032484242,0.00043264029953743867,-0.0011601951207213127
0.2268115279260522,-0.15580699210314078,-0.19109245091174792,0.056170011439972245,0.03705349751678541,0.02471250004224792,-0.02440428606159563,-0.011427478066022366,1.000919268775989,0.0007218235815724941,0.0006594518274634909,-0.0013160021128244535
0.2921821759719476,-0.07979353448463392,-0.31385328909223814,0.07308102317856467,0.033755956806322825,-0.012144689815896397,-0.01863903516652115,-0.011064476348684465,0.9919222010250202,0.00040797029248025596,0.0009516340034354386,-0.0013957956473090874
0.17425533714531158,-0.10122944663032997,-0.5111336803296574,0.0948380606007286,0.05233649636270184,-0.037104633499500286,-0.02515144322728078,-0.004450652147747721,1.0012301702630568,-0.00010316338784940155,0.00112588934058075,-0.0014970250939394176
0.2591969009909608,-0.04951292407660572,-0.6848059904910271,0.07959964931265513,0.04627479498564423,-0.0452704836606116,-0.010394948966374884,-0.018713728052060674,1.0008143161564818,-0.0007879693783404287,0.001385086241571711,-0.0015465380180160232
0.1355521966258758,0.1666854894218907,-0.8141680561168165,0.08613267007254351,0.008839624971880001,-0.02549066977381978,-0.009031734957665636,-0.013845434174011167,0.9962242497339906,-0.0016021374344572454,0.0015206384381975867,-0.0013798525285941324
0.2722626866353818,0.1414423052563472,-0.9061157178777466,0.08035643981732331,0.01743765669837346,-0.009634946620285518,-0.020171777990124706,-0.010626838323428554,1.006352288347995,-0.002508253152334992,0.0017929011248329686,-0.0012384102233377852
0.1611553888186679,0.15458096691670442,-0.7512629118210233,0.07220078721264929,-0.007451141169386938,-0.0060071113277320055,-0.02347502292613542,-0.010868433440272447,1.0014137836788295,-0.003259516064156015,0.0019540565136516364,-0.001083829256421081
0.13826011604354738,0.26653335590298144,-0.6906589253717049,0.03836977539278826,-0.031191886415840506,-6.250674222949351e-06,-0.013645977801080234,-0.017846963764758667,0.9960184207602996,-0.00395017498952772,0.002092316629695184,-0.0008172959005180993
0.12830365891931061,0.2235172842698448,-0.5195073292308875,0.08249657862980839,-0.03788558190611465,0.010502423720826845,-0.01501263122768636,-0.017836499443810102,0.9950268261338798,-0.004469682318758608,0.0022206202886144943,-0.0005937786162482546
-0.01226567037140696,0.26527861558675897,-0.14653896718481665,0.03829714883107628,-0.028331817200166743,-0.009500339778565606,-0.008655474819261138,-0.017277604617669733,0.9935389306009832,-0.0046162212859434245,0.0022083546182430874,-0.0003285000006614956
-0.032567312643875065,0.2206368983680399,0.12946262448687823,0.02275728021161767,0.03330959405098548,0.04873610330025925,-0.007377851065122931,-0.006650444736040503,0.9949979598754973,-0.004486758661456545,0.0021757873055992124,-0.0001078631022934557
-0.009936348591604905,0.22694539890074697,0.23033526063201032,0.006143178188943631,-0.030524090652845948,0.021032568486991622,-0.02827060239761657,-0.020245940446377356,0.9950956173786245,-0.0042564234008245355,0.0021658509570076073,0.0001190822966072913
-0.02887359126895533,0.18228832482716018,0.5218516648755561,-0.0235468660344996,-0.05205201857738037,0.03566809787174015,-0.012395876198416287,-0.017160598782917844,0.9939598857391365,-0.0037345717359489796,0.002136977365738652,0.0003013706214344515
0.025489455279120887,0.11641521032327798,0.6951492122952778,-0.0102672297469519,-0.04789325141214455,0.019289498929521004,-0.019353604115803367,-0.011846863721489687,0.9944399953594829,-0.003039422523653701,0.0021624668210177725,0.0004177858317577294
-0.1343522610039245,0.11070273060032464,0.7785662621741063,-0.007301774941361057,-0.04604314363331898,0.03880163257592935,-0.015546793226874373,-0.021352861644673437,0.9894996664313457,-0.002260856261479595,0.0020281145600138484,0.0005284885623580541
-0.03418064473768087,0.015095806053251136,0.750439328403534,-0.03744725895779327,-0.052766404266085226,0.07168787966887397,-0.014453442030099095,-0.01480298275378368,0.9925735068027998,-0.001510416933076061,0.001993933915276167,0.0005435843684113052
-0.12497030432559192,0.01650203520428394,0.8224545059196555,-0.004591041166335439,-0.028916991741005642,0.005507681144885467,-0.01471283485497511,-0.0257745981117601,0.9873797505087372,-0.0006879624271564054,0.0018689636109505755,0.0005600864036155892
-0.12648267603342672,-0.07380812414306091,0.5795018813774462,-0.030953180721721187,-0.03826252438303807,-0.003914618993471095,-0.013439558283710934,-0.015497390284570414,0.9973898376420895,-0.00010846054577895914,0.0017424809349171487,0.00048627827947252827
-0.11529531266185536,-0.18043524832375826,0.3797956156465009,-0.04896914068430108,-0.0449845362012245,-0.0072438361975763355,-0.02129102479238828,-0.016381563424603226,0.9956693808277165,0.00027133506986754175,0.0016271856222552933,0.00030584303114877
-0.10965566454045234,-0.10303528862831599,0.2010690293387798,0.01741095994851126,-0.0037790579566967537,-0.005680975101964225,-0.023301620913640807,-0.01600800865173562,0.9946073498853629,0.00047240409920632154,0.001517529957714841,0.00020280774252045403
-0.05558324068166554,-0.11930679723022844,0.07100500816783453,0.004381471035981738,0.010560538908130074,-0.01840416152323101,-0.012649460191448327,-0.021352913643048137,0.9996024280307368,0.000543409107374156,0.0014619467170331754,8.350094529022557e-05
-0.07403392132845658,-0.04782711722394829,-0.16579793585128566,0.029438413252211915,0.006689560814708488,-0.036813386572354126,-0.02298874064756861,-0.016051394478223645,0.9908043050988211,0.0003776111715228704,0.0013879127957047187,3.5673828066277266e-05
-0.0954809532283793,-0.139528474158449,-0.35685053483952894,0.041917869262305035,0.026220925599652823,-0.02332472306063449,-0.009368446602734894,-0.017566588381185622,0.9915184246272477,2.076063668334144e-05,0.0012924318424763393,-0.00010385464609217173
-0.015922639598138902,-0.10806061388454113,-0.41345010491310513,0.01645643984036848,0.04816201088890018,0.004871918934681524,-0.022541918790397453,-0.011056635897329768,0.987616842090375,-0.0003926894682297637,0.0012765092028782005,-0.00021191525997671284
0.04460195019745593,-0.06022595787247757,-0.4760442014612218,0.0343346164733237,0.03485614349698159,-0.030632697257720047,-0.020668084725581674,-0.014543480448405642,1.0000881205117313,-0.0008687336696909855,0.0013211111530756563,-0.00027214121784919045
-0.015043825029205385,0.00619852036247362,-0.5846012096268413,0.0721972610657734,0.03157067038213788,-0.027931420821632795,-0.019759079204616045,-0.025157598477692666,0.9979505953009984,-0.001453334879317827,0.001306067328046451,-0.00026594269748671684
0.09929138604977797,0.04844397616009102,-0.37905490628375477,0.09165619933124562,0.02839391696742282,-0.014661438396414298,-0.02655470948345231,-0.02225515929329923,1.001520560336953,-0.0018323897856015816,0.001405358714096229,-0.00021749872132662581
0.1457641239763384,0.06380915334130803,-0.22111655122032733,0.05597730726396696,0.036956591876847016,-0.0015573471864619125,-0.02658192139408191,-0.02135310995634649,1.0027349639230514,-0.002053506336821909,0.0015511228380725673,-0.0001536895679853178
0.1732195033588573,0.08802689382455589,-0.1186800247882885,0.038156510045903355,0.0696502679806875,0.02194601980007616,-0.014371760852962075,-0.01754802407296013,0.9926495649237158,-0.0021721863616101975,0.0017243423414314244,-6.56626741607619e-05
0.12825302367782715,0.16076689891477844,0.05291411501517311,0.07677511389672673,0.029606865305215408,0.009536213390346049,-0.027572269853607452,-0.019473701743940804,0.9911647066462831,-0.0021192722465950245,0.001852595365109252,9.510422475401653e-05
0.03063495157302326,0.14011555711791676,0.31951802556969555,0.01996023379440621,0.03345246562497454,0.015365324805930187,-0.006413155258274454,-0.019672084033361632,0.9856919723548019,-0.0017997542210253289,0.0018832303166822753,0.00023521978187193333
0.13751176847327667,0.09275073466888051,0.338933604425643,0.026120146674224194,0.011007185789913752,0.005829194888744704,-0.019520742347379213,-0.004894358580514771,0.9891280130969267,-0.0014608206165996859,0.0020207420851555517,0.0003279705165408138
0.1395709409677057,0.07737568659369001,0.45554680573168843,-0.003341338560153463,-0.00037456595529809875,0.04942722440197934,-0.024234724637146116,-0.021724243949590938,0.9929418560011612,-0.0010052738108679974,0.0021603130261232573,0.0004053462031345038
0.04417612759439413,0.11322915690821848,0.5096468961861442,-0.004038995665972453,-0.019720989723654252,0.024714079092826087,-0.017024049561450635,-0.012381684386180803,0.984209880202702,-0.000495626914681853,0.0022044891537176515,0.0005185753600427223
0.048595804099319684,0.099593400314454,0.46170208495478354,-0.04216312829571516,-0.009782681777822993,0.028537176716277285,-0.03147106095805813,-0.02024858437120147,0.9890759835673499,-3.3924829727069504e-05,0.002253084957816971,0.0006181687603571762
0.04558972437749101,0.16441748716972202,0.34747970313472987,-0.04271108310655421,-0.030890351601823678,0.051501078988979314,-0.02086498847791198,-0.030579671441868298,0.9939962866916237,0.0003135548734076604,0.002298674682194462,0.0007825862475268982
0.07397317036058322,-0.005825310439389153,0.20923248295087177,-0.05691128110492929,-0.0024267768307796164,0.07714190259384718,-0.020258723863192385,-0.01890519714088224,0.9988252618238912,0.0005227873563585322,0.002372647852555045,0.0007767609370875091
-0.05308875690139585,-0.05306553402727353,0.0826147072931816,-0.03670016887352853,-0.035572394083460086,0.05678404912425831,-0.025597149635403077,-0.01443994251866067,0.9907200874053788,0.0006054020636517138,0.002319559095653649,0.0007236954030602356
-0.033302740765064814,-0.1284986693348349,-0.16647876285291147,-0.04819383114362007,-0.03770744160193018,0.03514356470854037,-0.022458379332479232,-0.017042627012240373,0.994892590651738,0.00043892330079880223,0.002286256354888584,0.0005951967337254006
-0.09102310214316824,-0.13173851804895947,-0.4174968226249304,-0.031094679455890818,-0.041527747655457505,0.008219177251864702,-0.011701944748741207,-0.019102365984794232,1.0035184869803184,2.1426478173871834e-05,0.0021952332527454157,0.00046345821567644115
-0.12441219684662376,-0.1893124740815083,-0.6374378002085919,-0.058285381926968166,-0.029311847807182656,0.04932744745810428,-0.018447632235964066,-0.020437228810767184,0.9851162806241979,-0.0006160113220347201,0.002070821055898792,0.0002741457415949328
-0.09572323809946434,-0.2619197651172388,-0.7674385160704189,-0.035249025970947465,-0.0035626904631547293,0.008693433571915163,-0.01739760533018215,-0.023201371856411728,0.9995224634768222,-0.0013834498381051392,0.0019750978177993277,1.2225976477694025e-05
-0.21262554501049258,-0.2952324651611149,-0.7626657149339152,-0.00481017478676587,-0.04893859553000577,-0.004313411883838934,-0.023359365455480202,-0.016418598987348654,0.9959433647105463,-0.002146115553039054,0.001762472272788835,-0.00028300648868342086
-0.1744085573762682,-0.2676340207167583,-0.8791265375977637,0.015802935673195302,-0.015859820360529762,0.00572277615672297,-0.026071757889980694,-0.023241962631792568,1.0003183591129405,-0.003025242090636818,0.0015880637154125667,-0.0005506405094001792
-0.18692351608253832,-0.27221512236131373,-0.6196518797039944,-0.013244430670231996,-0.045066711072489676,-0.01916260549952334,-0.020688819907196336,-0.02444326952010939,0.9987661677829317,-0.003644893970340812,0.0014011401993300285,-0.0008228556317614929
-0.2529110820475234,-0.21299887769198145,-0.5867829087701826,0.03902302903399145,0.01894080685707175,-0.027648136107793188,-0.031799619788549935,-0.019358522757121677,0.9905614988540528,-0.004231676879110994,0.001148229117282505,-0.0010358545094534743
-0.11463699732514658,-0.15134915782401487,-0.4477299775604005,0.03220585519284425,0.00034124544129853374,-0.025534353293547994,-0.025022793207458392,-0.02308161414328354,0.9938321265200392,-0.004679406856671395,0.0010335921199573583,-0.0011872036672774893
-0.11369928813159588,-0.1258312457293138,-0.13784126052201306,0.08021051447321788,-0.02008156142279411,-0.022911298937110844,-0.025827673470360704,-0.015345932915344694,0.9864658121587917,-0.004817248117193407,0.0009198928318257624,-0.0013130349130068032
-0.12429937080345925,0.026127176422072323,0.06922095968691752,0.1096453781231133,-0.009629460586586265,-0.02744482117554905,-0.02978467982406175,-0.019582318869736194,0.9910990631556309,-0.004748027157506491,0.0007955934610223032,-0.001286907736584731
-0.10650496351190178,0.07729945671147803,0.3287716758478098,0.02680256378154425,0.03654034491867803,-0.02325819347658291,-0.01636966270733448,-0.02597647989344877,0.9938050057867879,-0.004419255481658681,0.0006890884975104015,-0.0012096082798732529
-0.059023589111209716,0.07653774422444966,0.4869173027401237,0.06833849581731725,-0.010687528950192642,0.02828268405917265,-0.020292407966781785,-0.027977619551582737,0.9951215269769059,-0.003932338178918557,0.0006300649083991918,-0.0011330705356488032
0.011504013719550541,0.10001033850628996,0.7003788303325428,0.0848815205787466,0.028268571198769184,0.029663880099156013,-0.02276157945139401,-0.02528873294749702,0.997495405096817,-0.0032319593485860137,0.0006415689221187424,-0.0010330601971425132
0.020307041898299644,0.19057317343073002,0.7010541333784359,0.07364040316564127,0.01191809872949107,0.006606567397411707,-0.016330722360624075,-0.010897214742648759,1.0014073003908506,-0.0025309052152075783,0.000661875964017042,-0.0008424870237117832
0.02530431845406262,0.2205850091621464,0.7837651304820755,0.08310441810981728,0.012151417624277263,0.0462074695942763,-0.027928958749793474,-0.023940514028738705,0.9912591875563892,-0.0017471400847255025,0.0006871802824711047,-0.0006219020145496368
0.06793845580351818,0.24368182428338003,0.712015178329986,0.053739171064402444,-0.0038735684810343547,0.03800789747546558,-0.02644651724574667,-0.019126336880088857,0.9991048141647676,-0.0010351249063955167,0.0007551187382746228,-0.00037822019026625666
0.12292744611272469,0.2320594498740447,0.600117799583634,0.027620916036335784,-0.017538028709111045,0.02632723345459132,-0.014162236036730759,-0.029610461194602,0.9946613534142679,-0.00043500710681188264,0.0008780461843873475,-0.00014616074039221195
0.10704648079223641,0.1899502634070079,0.4107609407596244,0.0031533664716047755,-0.017485449114553075,0.0066906306668885526,-0.00836129049861336,-0.028661550168317035,0.986731432571757,-2.424616605225821e-05,0.0009850926651795839,4.3789523014795966e-05
0.18534156216823766,0.21297882293709747,0.2398211163899678,-0.014470929733684317,-0.00617277000484,0.03393413114281771,-0.016365874042027922,-0.024351630664380612,0.9924599909832192,0.0002155749503377096,0.0011704342273478217,0.0002567683459518935
0.14639848180973525,0.15597744642219807,0.06403244804082847,-0.01836095713608346,-0.033359525709574206,0.05811860329658596,-0.01744704802897966,-0.015066718763630823,0.993734710299124,0.0002796073983785381,0.0013168327091575569,0.0004127457923740916
0.14419243328480064,0.11157057611081107,-0.1594961348730476,-0.025230162985322806,-0.028388328997999257,0.013145669553758689,-0.022731317950257547,-0.030188023402260688,0.9889149384884365,0.0001201112635054905,0.0014610251424423577,0.0005243163684849026
0.3324350809621065,0.07399914258598146,-0.2787824272251858,-0.013562766193276139,-0.04978800096497936,0.023905616793292905,-0.02263268163207232,-0.027044565530425484,0.9878385251252364,-0.00015867116371969534,0.001793460223404464,0.0005983155110708842
0.2647461679726557,0.011232904312044333,-0.47063927846405856,-0.028094158001811014,-0.039151835576038234,-0.009386006946018923,-0.018717567191807286,-0.019548360127778386,0.9876133067976209,-0.0006293104421837539,0.0020582063913771194,0.0006095484153829285
0.16520453813901276,-0.03466109849700171,-0.47838441177793045,-0.037924882028661386,-0.047387958444503615,0.004872232867377398,-0.013004191295593244,-0.016254218258491698,0.9902089112088029,-0.0011076948539616843,0.0022234109295161323,0.0005748873168859267
0.17482852755138492,-0.10194695896567563,-0.45573767831817474,-0.041380573526976105,-0.06838287455020145,-0.023521226603014325,-0.017749951232222016,-0.02218986329506621,0.9885458818017023,-0.001563432532279859,0.0023982394570675174,0.0004729403579202512
0.1549628061684756,-0.10280633580379994,-0.33691710049519935,-0.028278339801581634,-0.07593145114755194,-0.07344470434228424,-0.015106075892371625,-0.021156640201370876,0.9989632631925002,-0.0019003496327750587,0.002553202263235993,0.00037013402211645124
0.07346554465739016,-0.17563661559615112,-0.2908453587369915,-0.01594373921120797,-0.03443028030673453,-0.041971692174344974,-0.024489422461751863,-0.02917907578342296,0.980497674920249,-0.00219119499151205,0.002626667807893383,0.00019449740652030008
0.05704119457243276,-0.20201180714758182,-0.05562673282405976,-0.008334537367722935,-0.06403432390235303,-0.02420369479200877,-0.016835281539779572,-0.03146692611931702,0.9932514202786186,-0.00224682172433611,0.0026837090024658156,-7.514400627281759e-06
-0.0011566489809302742,-0.1880271871911843,0.04560420819715761,0.03210788962662486,-0.029799460830918233,-0.001608877456529335,-0.023287470547383143,-0.030738673042154316,0.9952782838338673,-0.0022012175161389524,0.0026825523534848854,-0.00019554158781846608
0.036899457465751365,-0.15991147032131026,0.22502594596070064,0.05769189738760616,-0.029484047469852434,-0.02008675837636554,-0.019240045517676403,-0.029532945156067393,0.9877640558359237,-0.001976191570178252,0.002719451810950637,-0.00035545305813977635
0.008641243246728963,-0.15815577342111656,0.3690340051113701,0.017130060230868167,-0.02842139343112776,-0.00799592722643168,-0.01687096763116546,-0.024194104479507917,0.9913599023263896,-0.0016071575650668816,0.002728093054197366,-0.0005136088315608929
-0.002578473782489321,-0.1381278061427514,0.49119996470665345,0.07106611573337149,0.001016441540821966,-0.010403414752140289,-0.022614717371158582,-0.031575630457583694,0.9907500719367708,-0.0011159576003602282,0.0027255145804148764,-0.0006517366377036443
-0.08153105253004655,0.0068689404029249924,0.4437475885834218,0.06753967725272136,0.03138009832986383,0.04320006571411628,-0.025051632942154275,-0.024380112524299245,0.9920146286109058,-0.0006722100117768063,0.00264398352788483,-0.0006448676973007194
-0.007218497643574295,0.08773191787815027,0.4071471191091168,0.058724594301370885,0.027502646857011204,0.05247333809670714,-0.01816016847295607,-0.02736208374948578,0.9956569491558123,-0.00026506289266768954,0.0026367650302412554,-0.0005571357794225692
-0.11693476045686667,0.09761393621671942,0.3142547063297989,0.08334560392935735,0.02732606205787876,0.018398515612243364,-0.020653123294336797,-0.028752121040609042,0.9951497672117681,4.919181366210939e-05,0.002519830269784389,-0.00045952184320584966
-0.01889140325216372,0.08621907262704995,0.18550928306309217,0.0433988801324321,0.06517210392352128,0.009282379883826275,-0.019303938394328257,-0.021667067522747187,0.9892233812726043,0.00023470109672520155,0.0025009388665322256,-0.0003733027705787997
-0.12731041313341412,0.05631011515661792,-0.05798359984902912,0.045510826435022994,0.005094002979761551,0.008772269352816385,-0.01670340822552584,-0.031039474249404765,0.9846412448234314,0.00017671749687617243,0.002373628453398811,-0.00031699265542218174
-0.15246813783919883,0.1587269539126259,-0.21765890381424752,0.02793202275240589,0.019715614342020987,0.05951440277876408,-0.013456445424658384,-0.01921720213215012,0.9929289106938264,-4.0941406938075074e-05,0.002221160315559612,-0.00015826570150955587
0.019036848253531774,0.07682618637930137,-0.4546509861684119,0.012606748900154566,0.03344901872487786,0.049755761265103185,-0.016679508388712547,-0.022392244632702597,0.9887600901416462,-0.0004955923931064869,0.002240197163813144,-8.143951513025448e-05
-0.02109053564189264,0.13339180379850574,-0.5868339666476006,0.006158561586914059,0.0693085861345088,0.028203030582210117,-0.017338302419059964,-0.03164703346404827,0.9893444003487132,-0.0010824263597540875,0.002219106628171251,5.195228866825126e-05
-0.0018964939901586347,0.07361756016760987,-0.7433538515573986,-0.016437294441168086,0.05552881125499378,0.04359828062827351,-0.022501270538962365,-0.02083473435669131,0.9930399582545555,-0.0018257802113114863,0.0022172101341810927,0.00012556984883586113
-0.01521003818688907,-0.0333387474229971,-0.7297183942398489,-0.020993224215172974,-0.00403628142085783,0.005976340463515755,-0.02173417694893886,-0.03253581384002874,0.989686747128474,-0.002555498605551335,0.002202000095994204,9.223110141286405e-05
-0.010433698210319985,0.09170594164336077,-0.7950486946453089,-0.054255645339603385,0.013470748525110082,0.037724181042688716,-0.017727260629079363,-0.020677258817637635,0.9933348963644921,-0.0033505473001966437,0.002191566397783884,0.00018393704305622483
0.01939481365114567,-0.08779379714285371,-0.7721743032889171,-0.060919985836176374,-0.013558284784336048,0.005058266053487413,-0.021815031897101548,-0.02562533309317514,1.0043046420000146,-0.00412272160348556,0.0022109612114350296,9.614324591337113e-05
0.08268595336213962,-0.10170196859238897,-0.5734029417047647,-0.06505054557891729,0.002223629680778474,-0.01757894611975047,-0.017745211622999312,-0.03533227154051055,0.9951084570405085,-0.0046961245451903255,0.0022936471647971688,-5.5587226790178585e-06
0.08745810441813393,-0.14407398510010513,-0.3560301053981064,-0.058057527866912054,0.011188652134593607,-0.010705468264435027,-0.02407252939135293,-0.03405951007879609,0.9983424357102273,-0.005052154650588433,0.002381105269215303,-0.00014963270777912298
0.017728146220851393,-0.20601544336261302,-0.1577051596633856,-0.025439379501315723,0.0033897009898458935,-0.016929151874321688,-0.010344338539224479,-0.029752756346532083,0.9941109569472779,-0.005209859810251818,0.002398833415436154,-0.000355648151141736
0.19130746128893006,-0.19902002660498014,0.20620464590232954,-0.045909445353451594,-0.01888013686620802,-0.004797602335305207,-0.019018550064668183,-0.023533469198400627,0.9918804610896614,-0.005003655164349488,0.0025901408767250843,-0.0005546681777467161
0.09377483122876089,-0.2773327367902926,0.36127196261979083,-0.011155681635158315,-0.03922693418076917,0.010583625820649556,-0.01934197972592555,-0.028869756030947283,0.9940634128030504,-0.004642383201729698,0.002683915707953845,-0.0008320009145370088
0.16287934952614752,-0.2333688929752756,0.5487262503018527,-0.0038279336503814713,-0.03712727670434013,0.011449202772556852,-0.02238930905295787,-0.029137562048791397,0.9937576856751633,-0.004093656951427846,0.0028467950574799926,-0.0010653698075122843
0.059634672566094525,-0.22788396428902916,0.7341042190760767,-0.0012942548752209685,-0.023821569002980224,-0.0034623606200444978,-0.010404665739575391,-0.028101052688744042,0.9956230657397364,-0.0033595527323517687,0.002906429730046087,-0.0012932537718013137
0.07929941669419896,-0.281664336538312,0.7625817900260132,0.050869423812462546,0.009502430305924448,-0.00442668276681831,-0.026228920058129046,-0.03841904520711016,0.9915436032174397,-0.0025969709423257553,0.002985729146740286,-0.0015749181083396257
0.09175142509120039,-0.16874413666550608,0.852223070277985,0.055882353981670595,-0.058853506316995985,-0.004942704726070519,-0.02346946397032872,-0.024463505454231222,0.98464276529384,-0.0017447478720477698,0.0030774805718314863,-0.0017436622450051316
0.05616173601587135,-0.1773880471421712,0.7731505708118029,0.05588488545095038,0.0009587957548768036,-0.021437407415256717,-0.015677544537365282,-0.0220266254345641,0.9837810510416224,-0.0009715973012359669,0.0031336423078473577,-0.0019210502921473028
-0.026516030387224283,-0.12317914367331746,0.6100672308692764,0.06615352424421721,-0.019900691639210922,0.020614143853614816,-0.01873755678283627,-0.02491766899078472,0.9933651831200466,-0.0003615300703666905,0.003107126277460133,-0.0020442294358206203
-0.023943359215754263,0.00783971808965658,0.4491316621352045,0.07804171032110399,-0.0010843035603397087,0.009878660258729398,-0.022809227211101,-0.031120736236585202,0.9853651368764805,8.760159176851401e-05,0.0030831829182443793,-0.0020363897177309636
-0.049066603820104124,0.04009594916508036,0.18912969201097535,0.04991599883078192,-0.005764645431062577,0.05534527452167716,-0.022654588214525474,-0.03356660867826748,0.9943651887098036,0.00027673128377948933,0.003034116314424275,-0.0019962937685658834
-0.11775695007344206,0.13647220582729347,-0.07138499591660417,0.06407639046749643,0.02679270503756087,0.028750255817046086,-0.021356580732645795,-0.034688446940549685,0.9975631126224866,0.0002053462878628852,0.0029163593643508332,-0.0018598215627385899
-0.1894465691503059,0.18929383133791997,-0.2130937295822451,0.08571495951311643,0.013051187334575692,0.046945514583960186,-0.01937861836125898,-0.03508108697804399,0.9897031753905661,-7.747441719359927e-06,0.002726912795200527,-0.0016705277314006698
-0.18929774905352964,0.1469810622339597,-0.3779566116388111,0.03690776299123525,0.000246805434604762,0.019036310387080112,-0.012107566719018067,-0.01822844560290595,0.9967996847527676,-0.0003857040533581711,0.0025376150461469977,-0.0015235466691667099
-0.19428764888645883,0.27357267101404364,-0.5504299747274202,0.04259057041879543,0.027511144883377723,0.00954103310039696,-0.01683553319227007,-0.03008050553285092,0.9919739701964032,-0.0009361340280855913,0.002343327397260539,-0.0012499739981526663
-0.18495238512335097,0.26376204205366127,-0.5429731303556765,0.036425367991997956,0.044454458613686465,0.027656346903168857,-0.014729502823655934,-0.025297341606701534,0.9907450546274438,-0.0014791071584412676,0.0021583750121371877,-0.0009862119560990052
-0.11467059412345657,0.21868138821487226,-0.5221907437717227,0.08787102289311599,0.02317760826813933,0.012418547184826868,-0.022001602901375643,-0.025706208918736175,0.9909157089714442,-0.0020012979022129905,0.002043704418013731,-0.0007675305678841327
-0.1401830415397014,0.2190263637130662,-0.42465537915093676,0.028686901116969296,-0.019350325595332923,0.004187088208875665,-0.01723485390174863,-0.029374216951671347,0.9863330998775142,-0.002425953281363927,0.00190352137647403,-0.0005485042041710667
-0.2058496491272299,0.22669532246655877,-0.17721953389251272,0.02355786564222596,0.01650147019793025,-0.012851716518700334,-0.027569935037678166,-0.03487765494339025,0.9856299032678326,-0.00260317281525644,0.0016976717273467997,-0.00032180888170450783
-0.06308498633431514,0.13187636536331,-0.047090830207565784,-0.02611093098330671,0.015296611600317919,-0.002691876191751057,-0.018867010127165497,-0.027757258008432054,0.9821384482706678,-0.002650263645464006,0.0016345867410124848,-0.00018993251634119785
-0.12414498681532855,0.19191344796143117,0.15059002253218798,-0.011576037232921612,0.005134407680661636,-0.011155739964908493,-0.019168819823916824,-0.035893924735794655,0.9866285997836336,-0.002499673622931818,0.0015104417541971563,1.9809316202333282e-06
-0.057371790701788536,0.10800425964912892,0.29305256132043755,-0.059423803568102104,-0.012599966629417422,-0.07067216800716021,-0.01063168335579889,-0.027599590904986936,1.0009263345495913,-0.0022066210616113803,0.0014530699634953677,0.00010998519126936226
-0.09546116438669557,-0.00940021251016049,0.4485639398388626,-0.032509065891283495,0.014140007145014163,-0.032541030896181544,-0.011930208384960218,-0.035924532917843255,0.9826976748582634,-0.0017580571217725176,0.0013576087991086722,0.00010058497875920178
-0.03478209132237592,-0.07445288829796541,0.47786844415398577,-0.013716670608039614,-0.06973638927605746,-0.004429746424353483,-0.02098892096173184,-0.03304921216107394,0.9842168089440978,-0.0012801886776185318,0.0013228267077862962,2.6132090461236354e-05
0.07265949981322262,-0.11306008512793572,0.5618140041440833,-0.04662885904630837,-0.03007116741240771,-0.03968560631025967,-0.023760233051119177,-0.03318506178098245,0.9860063961402327,-0.0007183746734744485,0.0013954862075995188,-8.692799466669938e-05
0.022301731459811416,-0.16134299660365262,0.38441414294543713,-0.0019440503790771231,-0.03857937048924732,-0.045355960095972044,-0.023600024854271186,-0.02412782966682616,0.9861757772090259,-0.0003339605305290114,0.0014177879390593303,-0.000248270991270352
0.10037314915736528,-0.14372721067063174,0.3239357789661749,0.010328363847783503,-0.006187113793444352,-0.004753335023365033,-0.02110104849863347,-0.04341897582707856,0.9912502373379346,-1.0024751562836443e-05,0.0015181610882166955,-0.00039199820194098375
0.1503881348076959,-0.11941684172605474,0.11373154145639292,0.0005645413399206593,-0.053796448888661724,0.018942437734734932,-0.013094600944771445,-0.019719689366437344,0.986778985566034,0.00010370678989355647,0.0016685492230243916,-0.0005114150436670385
0.10704193673060397,-0.20074857021967435,0.016594699742274753,0.007877009311673941,-0.04772771245553508,0.009943557630315786,-0.01750347743717786,-0.035527472874705146,0.9887797490792343,0.00012030148963583124,0.0017755911597549954,-0.000712163613886713
0.09113519311016093,-0.08419988282325758,-0.23656601178017217,0.021322612444045524,-0.05474457529031743,0.054891922382099924,-0.01696190845880849,-0.03223828819852349,0.985458968410692,-0.00011626452214434093,0.0018667263528651561,-0.0007963634967099705
0.22614215755058287,-0.03577064198722657,-0.4072971551956973,0.03785470489758436,-0.053343432799576214,0.07424015417592868,-0.015469080847274113,-0.029677677568292902,0.9872643685608794,-0.0005235616773400382,0.0020928685104157395,-0.000832134138697197
0.3199196475637588,-0.010375367460021878,-0.7003211187331132,0.044900867864506144,-0.015407239230555179,0.004993478885748163,-0.02446829441457471,-0.03022806599294702,0.9892759790362232,-0.0012238827960731518,0.0024127881579794983,-0.000842509506157219
0.2053781377056722,0.0025784070263968296,-0.7854337905779419,0.06452672266184115,-0.06599666291430242,0.03926831266174299,-0.023014427757974645,-0.027769119756598303,0.9888353111043746,-0.0020093165866510937,0.0026181662956851703,-0.0008399310991308222
0.202858818774555,0.077463221542027,-0.8952260492011648,0.04304354759110826,-0.04822174079356716,0.0018598280968328395,-0.016838822598277826,-0.029055723195669486,0.9993455069520286,-0.0029045426358522584,0.002821025114459725,-0.0007624678775887951
0.11416443294056372,0.15263972182683622,-0.7776818699297077,0.08140692679894143,-0.00939717662637235,0.05838536992033808,-0.02330468453777176,-0.022042118474522063,0.9892342184595597,-0.003682224505781966,0.0029351895474002887,-0.000609828155761959
0.19857064042468647,0.12177573927013566,-0.7207443035032575,0.0733677855917686,-0.007997685325701834,0.026632806300853684,-0.027011435921502826,-0.028687807813331467,0.9882597753370499,-0.004402968809285223,0.0031337601878249754,-0.0004880524164918233
0.08522781819774691,0.14596928207075308,-0.5063516420123783,0.03529482822367541,-0.007122466421568462,0.023675443154421563,-0.02476086352140859,-0.03305046982840948,0.9767568615463003,-0.004909320451297602,0.0032189880060227217,-0.0003420831344210702
0.12457488888416617,0.2502299768258867,-0.327721124366121,0.01054078032402318,0.008499747473358212,0.04769013079013081,-0.01404393870874393,-0.03534578282576619,0.9903743798040918,-0.005237041575663723,0.003343562894906888,-9.185315759518347e-05
0.0659159501802769,0.15934602964414457,-0.18342226621748753,-0.0076509285173189355,0.03863045161386166,-0.010935048300395366,-0.021153179290912476,-0.03559121583801271,0.9792322636573845,-0.00542046384188121,0.0034094788450871657,6.74928720489611e-05
0.03403843802762829,0.0779244820404984,0.09020953372735653,-0.005276910448438197,0.039002458708307174,-0.02485175816834303,-0.01811978959902787,-0.026346134512404355,0.9917989754208082,-0.0053302543081538535,0.003443517283114794,0.0001454173540894595
0.0009220766689281949,0.13069126314735283,0.4062667523199778,-0.015503314352062881,0.022022034696735533,-0.046702419672159975,-0.024377182606244826,-0.02415091982608204,0.9896852669131531,-0.004923987555833877,0.0034444393597837216,0.00027610861723681234
-0.02876262242060246,0.06481964017753719,0.6209501432238091,-0.04112109008014934,0.045690663127925496,0.01805725497877758,-0.017282285050012974,-0.02802016926129932,0.9928952186725591,-0.004303037412610067,0.0034156767373631188,0.0003409282574143495
-0.06533243144851562,-0.035343690585577556,0.6371824451052118,-0.05383329694783274,0.04204548005727386,0.009422954292020063,-0.020491255305973323,-0.04897568924140866,0.9856660142658985,-0.0036658549675048554,0.003350344305914603,0.000305584566828772
-0.0520539912165034,-0.11103488085931597,0.8048875405960166,-0.04416114054970665,0.05193884671938158,-0.018692111453306043,-0.016875541868459507,-0.044501406912571206,0.9889053585975953,-0.0028609674269088384,0.0032982903146980998,0.00019454968596945599
-0.14202184500280096,-0.10373979941320949,0.7562960900093475,-0.05098280336517033,0.033064175179616614,-0.037217701348845944,-0.02145842159730237,-0.03341469819435422,0.9920814654560632,-0.0021046713368994907,0.003156268469695299,9.080988655624651e-05
-0.12485012413938697,-0.1671850821955005,0.6737983928569206,-0.06067761500623334,0.009973324989015622,0.008457118806412344,-0.016509324959713814,-0.034320737543664964,0.9839869479996424,-0.0014308729440425704,0.003031418345555912,-7.6375195639254e-05
-0.04472206343980739,-0.2627290739975917,0.5540471656132613,-0.03970155862879084,0.04030414751033845,0.05232689096752798,-0.021626786918073355,-0.03349727513136771,0.9916167889034708,-0.0008768257784293091,0.002986696282116105,-0.00033910426963684574
-0.0960805067334534,-0.23871163911542437,0.40319864261449806,-0.04308452633652022,0.029084958425346873,-0.0006557691720430487,-0.019353566754220147,-0.027446799177680455,0.9913197059489903,-0.00047362713581481096,0.0028906157753826513,-0.0005778159087522701
-0.10477513450203228,-0.25637390771518764,0.1534021240868027,-0.03202421406983939,0.03676850014757582,-0.012542827562718553,-0.020269833820575445,-0.027803903502325082,0.987755775743431,-0.00032022501172800826,0.002785840640880619,-0.0008341898164674577
-0.02277621053031529,-0.25123151839713403,-0.11879143379596854,-0.0010235373830502076,-0.027816605185527497,0.04364522553528155,-0.01873897990101071,-0.03304577405504538,0.9962543485674347,-0.00043901644552397684,0.0027630644303503035,-0.0010854213348645918
-0.008450553140392884,-0.20859732071648956,-0.21424808912621537,0.0046499117766297445,-0.01254851766003974,0.0025180670664919445,-0.01743283451633672,-0.041645874396283145,0.99087089307093,-0.0006532645346501923,0.0027546138772099106,-0.0012940186555810815
-0.08069567739570788,-0.27988555473263294,-0.3865428028154988,0.018398593770793465,-0.024510585060206463,0.02256189129253397,-0.021259920756868746,-0.04027776303608165,0.9798536933674039,-0.001039807337465691,0.0026739181998142025,-0.0015739042103137145
0.039922191669547476,-0.20439456241352932,-0.5079990540931701,0.06959498727000946,-0.03518436825806885,-0.020314480644876544,-0.01933999913526611,-0.03389900529643256,0.9930991123755467,-0.0015478063915588614,0.0027138403914837503,-0.0017782987727272435
0.03955393308221035,-0.1197657307019555,-0.5084795051960707,0.05411957165298332,-0.06361245223350076,0.02646736974992487,-0.017765239332000804,-0.032255580580811107,0.9847962251540809,-0.002056285896754932,0.0027533943245659606,-0.001898064503429199
0.09099552336778226,0.02606203870693065,-0.47380118504399726,0.10890045725106562,-0.057524291398949476,0.004459546007686716,-0.016114262022396988,-0.04052891216461857,0.9920061587151389,-0.0025300870817989295,0.0028443898479337433,-0.0018720024647222685
0.08044632097417384,0.13875683518568593,-0.35972882983874943,0.09078346142162269,-0.031908413374125214,0.05027294233963963,-0.018987415045751087,-0.031241565708592368,0.9894262574691833,-0.002889815911637679,0.002924836168907917,-0.0017332456295365826
0.11845214752826122,0.09282977422086891,-0.23081249099490536,0.0638449728427746,-0.0461351656456716,-0.0013821570645774894,-0.022995807734451368,-0.043406988859879224,0.9746706676008915,-0.0031206284026325842,0.003043288316436178,-0.0016404158553157138
0.024414278237425036,0.15123532874918794,-0.04162576270626925,0.10120301835175113,-0.04932635740896721,0.025350442774899628,-0.01808109542882507,-0.04806096525387417,0.9908343454637071,-0.0031622541653388535,0.0030677025946736027,-0.001489180526566526
0.07267875475407495,0.08328020784034179,0.12492698809417825,0.05742256734649908,0.00104075032888347,-0.0014191252144578614,-0.015113738283517563,-0.03921998044520403,0.9866322724607736,-0.003037327177244675,0.0031403813494276776,-0.0014059003187261842
0.14633130352385165,0.27078687276491403,0.3251783041057993,0.10151241592021268,0.026632017048082695,-0.005753484145280546,-0.02508247940422843,-0.02807732538067519,0.9853737417869955,-0.0027121488731388756,0.00328671265295153,-0.00113511344596127
0.22446913147205239,0.268268484263002,0.4840965828120342,0.0541925933428126,-0.01424306235693004,-0.005795959893310684,-0.024974781763767426,-0.027428632880517348,0.9854903003986636,-0.0022280522903268415,0.003511181784423582,-0.0008668449616982681
0.10580007533396216,0.26293695834298236,0.4812835215101904,0.046448859405304556,-0.03498144337755502,-0.023573277323281974,-0.021628424500445283,-0.04311128626414497,0.991475890551351,-0.0017467687688166506,0.0036169818597575443,-0.0006039080033552857
0.03609385092655752,0.17903607590958948,0.46085572925126417,0.021532455052297925,0.0110322937188031,-0.03939486790414499,-0.01922820548385175,-0.04282466952499765,0.9828552413108318,-0.0012859130395653864,0.0036530757106841014,-0.00042487192744569615
0.04820400318189877,0.299350714423503,0.3643483261663855,0.01204205862210182,-0.031270157329897755,-0.043869806437726706,-0.02919959370755641,-0.031522309963901575,0.9929579919092063,-0.0009215647133990009,0.003701279713866,-0.00012552121302219317
-0.028968631544070526,0.23798183485890723,0.33913393011979776,-0.010501273668696576,-0.01047145783553482,-0.015719286833539764,-0.01529231768041189,-0.037624295209213406,0.979723225701454,-0.0005824307832792031,0.00367231108232193,0.00011246062183671408
0.037312806663202774,0.13242037422839448,0.09643414836848122,-0.034619759473561405,0.029210801320149214,-0.059361298306263084,-0.019022458259784856,-0.028681939546721588,0.9887297300471216,-0.0004859966349107219,0.0037096238889851325,0.00024488099606510854
-0.05119747672103951,0.11027654077888407,0.041648696097819835,-0.016327588545630135,-0.004362104507742257,0.019321773023364137,-0.029811613470957548,-0.03188257270840702,0.9910431421956556,-0.0004443479388129021,0.0036584264122640924,0.0003551575368439927
-0.0375059973618091,0.011831459542023555,-0.15397151957465816,-0.006025536835001009,0.017523195550655405,-0.0025589426751881673,-0.023567558638111056,-0.031115079808268886,0.9908500097474382,-0.0005983194583875602,0.003620920414902284,0.00036698899638601623
-0.12327346743123621,-0.0046993531839964325,-0.49490312814193427,-0.04995831332083922,-0.008408925450952837,-0.001661437718989361,-0.019449528569539815,-0.03989671499435208,0.9879603840508806,-0.0010932225865294945,0.003497646947471048,0.0003622896432020198
-0.09015207192946229,-0.14751179966870345,-0.7302465710107531,0.008675106478485468,0.017978307967485656,0.021090534622989904,-0.026753477883997807,-0.03365761867513619,0.9859353943524441,-0.0018234691575402476,0.003407494875541586,0.0002147778435333163
-0.23869427344516814,-0.22662070356489705,-0.7381343956010412,-0.0028949633010669808,0.0329036258412996,0.01409504556244998,-0.012981962151301027,-0.02588321354587731,0.9841487265873838,-0.002561603553141289,0.0031688006020964173,-1.184286003158072e-05
-0.17794894454195803,-0.20245170276757996,-0.7183666454686372,-0.013916171934161748,-0.009877843145513786,0.03133301632917288,-0.016842875563861427,-0.03534143715406242,0.9807157294447201,-0.003279970198609926,0.0029908516575544593,-0.0002142945627991607
-0.162223692868456,-0.18920509912092962,-0.8472420518592175,-0.002892051346506691,-0.0072454064420916005,0.01915970873002073,-0.014328164602668173,-0.03636432457683714,0.9833285643810595,-0.004127212250469144,0.002828627964686003,-0.00040349966192009033
-0.19975273215287956,-0.17556206582463177,-0.5976729004366336,0.05549973924649002,-0.03303585842737745,0.05364811972103432,-0.022805586965388855,-0.03840350392506326,0.9818790083493858,-0.004724885150905777,0.002628875232533124,-0.0005790617277447221
-0.16347126424739392,-0.10589744797885668,-0.6028851993008225,0.04857549201005174,-0.041522996351755964,0.04607169555774406,-0.015544294092760542,-0.04431952657294346,0.9809882129739494,-0.0053277703502066,0.00246540396828573,-0.0006849591757235788
-0.14929200511684748,-0.10755569186741346,-0.3677736756801393,0.06273173471811067,-0.05253845516590829,0.04996857251772916,-0.020844354144770667,-0.041888465468964714,0.9955621449435474,-0.005695544025886739,0.0023161119631688824,-0.0007925148675909922
-0.09484053671306682,-0.057747841877891525,-0.040626316202981426,0.04267243147625928,-0.028327023897344025,0.07174131731293094,-0.018442768236452373,-0.040935820913145037,0.9778751614719828,-0.005736170342089721,0.0022212714264558155,-0.0008502627094688838
-0.08641785559172659,-0.06665344329896945,0.24328525221272526,0.06347450843763881,-0.0787584107524007,0.019567174332583516,-0.015654871156076753,-0.04478025929462642,0.9920284594346294,-0.005492885089876995,0.0021348535708640886,-0.0009169161527678532
-0.06391129771477766,-0.025296720270216934,0.4257904781696827,0.0604481476758275,-0.06144850058527761,0.024987195665718942,-0.017707256602462553,-0.04435729328298058,0.9801469230241395,-0.005067094611707313,0.002070942273149311,-0.0009422128730380701
-0.0049714375727083066,0.07748366359757011,0.6404947228684588,0.047291033986412614,-0.04851212149100585,-0.014445750683995702,-0.013252056317080419,-0.04896100510944307,0.9811472335707923,-0.004426599888838854,0.0020659708355766026,-0.0008647292094405
-0.06914363645079676,0.08638662858563097,0.802275194511492,0.046621133705933474,-0.037818234943786715,0.020534197134294066,-0.016535307290774914,-0.040711908272819376,0.9809938306371899,-0.003624324694327361,0.001996827199125806,-0.0007783425808548691
-0.002691832827843667,0.13734120621142115,0.8682013910724741,0.057013260636719465,-0.043903151266057865,0.0008867817859533385,-0.019482189104705942,-0.03350145683498761,0.9805620854750728,-0.0027561233032548874,0.0019941353662979626,-0.000641001374643448
0.005638538747926261,0.1756027169953902,0.7687204197812962,0.0545663526543981,-0.048404679808400936,-0.005228488684146769,-0.012887336926907602,-0.038537701288637136,0.9906569078571881,-0.0019874028834735917,0.0019997739050458888,-0.00046539865764805776
0.1290422575704966,0.22554904584923657,0.671147691603599,0.0035716221457715025,-0.05038831551891308,-0.013468094035713715,-0.011767983564563943,-0.03859151315298344,0.9889125498108889,-0.0013162551918699924,0.0021288161626163856,-0.00023984961179882123
0.1528195720740252,0.13452776073966713,0.6120805796672781,-0.03233791403603546,-0.010800105165112414,-0.024186775030864867,-0.016532102087829063,-0.03327323373631321,0.9847357175802616,-0.0007041746122027142,0.0022816357346904107,-0.00010532185105915408
0.22175397610375508,0.1907374040685458,0.3936378143371575,0.012514717260974062,-0.03570462849243632,0.0375781571610071,-0.010222712765518428,-0.028736902515687918,0.9993634128052827,-0.0003105367978655567,0.0025033897107941657,8.541555300939175e-05
0.1917288865520219,0.08622671353398105,0.1867487416638524,-2.3084840896425013e-05,-0.02381019262644163,-0.008824176778241372,-0.018012956001473533,-0.025888741265862134,0.9856708245732234,-0.00012378805620170426,0.002695118597346188,0.0001716422665433728
0.15661396448428078,0.050620103499793394,-0.08269737650333743,-0.03543643734526852,0.03189252354893289,0.0012229351590528296,-0.017407257120257393,-0.03660556134599995,0.9859815888654391,-0.00020648543270504168,0.0028517325618304685,0.0002222623700431662
0.19422347330405262,0.01339412349039628,-0.2110552109546135,-0.014568319923612981,0.023037141514140772,-0.021036418197800562,-0.016676859013828562,-0.03880890119269914,0.9821816872431947,-0.0004175406436596552,0.003045956035134521,0.00023565649353356248
0.09647425109578257,-0.057194114132809025,-0.4354439629659182,-0.04692802718768729,0.03351709187894952,0.026792785054998845,-0.017278249678406517,-0.039536124893279685,0.9815137972172665,-0.0008529846066255733,0.0031424302862303037,0.00017846237940075344
0.15133363527223098,-0.17955318198234987,-0.4605900463873788,-0.07048783136166153,0.045608170302787535,0.014056696856626506,-0.01811184151974924,-0.03458461066720864,0.9827994089571008,-0.0013135746530129524,0.0032937639215025343,-1.0908025815964395e-06
0.0429221616021368,-0.1383005812692767,-0.4882065726878315,-0.07313283807623672,0.037610562087455585,0.032182606453105715,-0.020062616466177012,-0.03839108707276869,0.9896510540759057,-0.0018017812257007837,0.0033366860831046717,-0.00013939138385087315
0.1412107481943918,-0.240257669414982,-0.44366414382386005,-0.06396391560255482,0.014170021389220099,0.046632593172222014,-0.021387484059792728,-0.038441193071118374,0.9881753753876191,-0.002245445369524644,0.0034778968312990637,-0.0003796490532658552
0.08416808302085789,-0.23071819498251636,-0.3107043234242886,-0.024722500059996606,0.04876204300272131,0.02981592529016374,-0.015790973381469717,-0.03817693137178476,0.9917000534763516,-0.002556149692948933,0.0035620649143199208,-0.0006103672482483716
0.05901581474602278,-0.24473140902007678,-0.24678395129841627,-0.01889885202071876,0.041593788909440835,0.01925194697145201,-0.010280333812622087,-0.04252135034731569,0.981588864744676,-0.0028029336442473487,0.003621080729065944,-0.0008550986572684483
-0.01092460865224338,-0.18834433307703613,0.003401726386884303,-0.004406694182445299,0.020560265858520423,-0.015444130673092788,-0.012127644657110699,-0.04953677789211456,0.9880489272737056,-0.002799531917860465,0.0036101561204137005,-0.0010434429903454845
-0.03165502718177776,-0.1972562285458072,0.14883589460817734,0.022152156044715248,0.009607658056425583,0.01918617392784059,-0.014184205109840038,-0.04128615001650998,0.986555982433003,-0.0026506960232522874,0.003578501093231922,-0.0012406992188912919
8.57192978683044e-05,-0.2391993495168273,0.26837931657258846,0.05778832098790978,0.022391529908245552,0.006922945493160656,-0.009804123357636724,-0.03071578347118818,0.9871264402685374,-0.002382316706679699,0.003578586812529791,-0.0014798985684081193
-0.12533643892018753,-0.027595909229791146,0.36206291778986993,0.04414673215652575,-0.013094596764269807,-0.010290545789747954,-0.01587843701972823,-0.03101305205680808,0.9805634693425487,-0.002020253788889829,0.003453250373609603,-0.0015074944776379102
-0.05886552933565799,-0.02546190134473319,0.5732697367567572,0.052395280112443134,0.0013206548636006217,0.032691980765385674,-0.02084281404965599,-0.0334278105465978,0.9796155309899395,-0.0014469840521330718,0.003394384844273945,-0.0015329563789826435
-0.13662066313328802,-0.024943079183593085,0.48262601848353354,0.06510481159798319,-0.01096579249443897,0.014210292157917906,-0.017569427734923603,-0.04065569373372736,0.9874316673479838,-0.0009643580336495381,0.0032577641811406574,-0.0015578994581662367
-0.18741196795441945,0.012286644780884995,0.4025791578171516,0.09708157814404451,-0.01734244693000883,-0.050418513719934464,-0.016048323220997477,-0.04219898147117453,0.989026893764955,-0.0005617788758323865,0.003070352213186238,-0.001545612813385352
-0.05766692777131385,0.16813711094600836,0.23839506393345966,0.07692547766262708,-0.01502760093747529,-0.017639477532475342,-0.018229334037572043,-0.03018182749489101,0.9814978047664211,-0.00032338381189892684,0.003012685285414924,-0.0013774757024393434
-0.05009633680058125,0.12909872804850103,0.16461217059611144,0.07943048662787568,-0.017136450707090745,-0.04179973163406963,-0.012538467754153718,-0.0437778875978972,0.9875610922799536,-0.00015877164130281542,0.0029625889486143433,-0.0012483769743908424
-0.12668505853548961,0.25255619841960647,-0.04580994168456858,0.09666162367805434,-0.04830989960744746,-0.020225270351865478,-0.010832073774575061,-0.038221707845494474,0.9904393059266363,-0.00020458158298738402,0.0028359038900788534,-0.000995820775971236
-0.11187364073135819,0.29035876276915146,-0.26991944837206766,0.11118263343789177,-0.018965321746536486,-0.04276893926249129,-0.024090744806316646,-0.030026718130483927,0.9825598983957402,-0.0004745010313594517,0.002724030249347495,-0.0007054620132020844
-0.07792534038503823,0.2209728498215379,-0.5106155554815307,0.053686077674989896,-0.04071848557353145,-0.0338753117303597,-0.01607717347702737,-0.03790897036088103,0.9771012159574078,-0.0009851165868409823,0.0026461049089624568,-0.00048448916338054656
-0.07965159183117826,0.21043634674873696,-0.6361934980291806,0.03715377567060861,0.001014986637419499,0.0024909015230996697,-0.029784624554966208,-0.04004963556392571,0.9776526568812108,-0.0016213100848701631,0.0025664533171312785,-0.00027405281663180954
-0.04514962338244875,0.20108426434327015,-0.8155857191995417,-0.011921958005954364,-0.04143546343717666,0.008102996487833433,-0.015645417324737395,-0.03283561942279292,0.9807652671040444,-0.002436895804069705,0.00252130369374883,-7.296855228853939e-05
0.03200934119668323,0.14215592240538089,-0.8055397448656234,0.005661301520453526,-0.055922612806055635,0.03187669448819252,-0.015619245916998852,-0.0383263452973758,0.9818440232496606,-0.0032424355489353283,0.0025533130349455133,6.918737011684151e-05
0.13336637055833891,0.15265528469449602,-0.780858370502367,-0.011881251314209825,0.00026888465087212144,0.007994355149458218,-0.006141779385752581,-0.03775616488852418,0.9838195523024058,-0.004023293919437696,0.002686679405503852,0.00022184265481133754
0.04616333294450435,0.10679015253266949,-0.6556651937751806,-0.0038138959967125383,0.00013507492062728946,-0.006320106107447912,-0.007558292076177526,-0.03121309159825294,0.9838472522239496,-0.0046789591132128765,0.002732842738448356,0.00032863280734400706
0.13050627056815056,0.06786637459201803,-0.5772208144621387,-0.034586422046937015,0.023843780870451373,0.05063561722426872,-0.010193982686589935,-0.05155993761707375,0.9824905799386686,-0.005256179927675016,0.002863349009016507,0.0003964991819360251
0.11586860465891359,-0.05784231796577474,-0.18614677331645513,-0.02408450466059068,0.01376905533113238,0.058368583890202476,-0.019570000974804574,-0.03708878604765712,0.9871745461282109,-0.0054423267009914705,0.0029792176136754205,0.00033865686397025033
0.03315237321181183,-0.029422187582500786,0.0502876390844635,-0.013607195031500532,0.061163084252052614,0.05761114736893103,-0.019773834729192502,-0.04276127911172161,0.9799004359348373,-0.005392039061907008,0.0030123699868872325,0.0003092346763877495
0.11294839866588496,-0.15315734804203368,0.17326285916439518,0.0180807755766956,0.01589875734106764,0.03260501026945624,-0.020080974265519212,-0.0400115034809491,0.9899535561859051,-0.005218776202742612,0.0031253183855531174,0.00015607732834571581
0.10436214085270892,-0.09710826625289751,0.4811633616244325,0.020068728261441904,0.044042890353942564,0.02557283068516667,-0.006881450594820744,-0.038455328674157255,0.9882563421351588,-0.004737612841118181,0.003229680526405826,5.89690620928183e-05
0.16900412085406843,-0.2186065794340408,0.5708356243428646,0.024860977376655782,0.01389444664243652,0.054407339428497084,-0.018980007271831068,-0.042441201688165606,0.9878158264440299,-0.0041667772167753156,0.003398684647259895,-0.0001596375173412225
0.1547553758665046,-0.07836555563609,0.7666175794143253,0.025929983285250424,0.033230134121210085,0.02021462437731679,-0.016268337536903828,-0.03796398865544865,0.9801099932250268,-0.00340015963736099,0.0035534400231264,-0.00023800307297731248
0.08091435970149688,-0.16088696712640088,0.7132983783340333,0.014663320214061425,0.03365611448279641,0.02414840323480722,-0.018751451750827253,-0.03722153886084804,0.9827510830777272,-0.0026868612590269566,0.003634354382827896,-0.0003988900401037134
0.09265296584639351,-0.08339951668029556,0.7770930006408049,0.04872514868558392,0.03131227498580366,0.07965559517570918,-0.020455034529294168,-0.03817185811845043,0.9868730494684955,-0.0019097682583861517,0.00372700734867429,-0.00048228955678400893
-0.0003383771034230123,-0.04391971823805603,0.673527690581719,0.027682287353289703,0.02291116113052272,0.054985391581266106,-0.012412092616322994,-0.03867184764249777,0.9821848478255917,-0.001236240567804433,0.0037266689715708674,-0.0005262092750220649
0.02529141255499579,-0.0910549131290957,0.5956183899332089,0.04514681344459419,-0.06605196982527421,0.019635144193744555,-0.01321890401799765,-0.0398557154996113,0.9796142102525086,-0.0006406221778712239,0.0037519603841258626,-0.0006172641881511607
-0.05480919978923812,0.05110879149712118,0.42439256935154634,0.08759374188259324,-0.012304849525302487,-0.01682659720647467,-0.025018308645820123,-0.03979517686453487,0.9793391437014228,-0.00021622960851967757,0.0036971511843366246,-0.0005661553966540394
-0.041178228830552895,0.03159007466006204,0.21123360651234174,0.06182192319637615,-0.03238036332685158,-0.02349111591578726,-0.02031453337021697,-0.038945356186812746,0.9795081188946507,-4.996002007335798e-06,0.0036559729555060714,-0.0005345653219939775
-0.06617817902074674,0.08205391245458356,-0.02350325589105303,0.05088350426591373,-0.03810600255501096,0.002154463994018401,-0.012437720197833643,-0.04409021135989307,0.9770816389168869,-2.8499257898388832e-05,0.0035897947764853243,-0.0004525114095393939
-0.1140216847169973,0.09597791517990271,-0.25680872561799584,0.04524762939303713,-0.04500713323855935,0.01722660122147158,-0.013982989329089382,-0.03306236743405916,0.9971634622692866,-0.00028530798351638465,0.003475773091768327,-0.0003565334943594912
-0.20135542050371563,0.22034415423929393,-0.38106492034747635,0.02510200945676161,-0.027142291173371753,-0.020962314492452755,-0.015534300304148069,-0.03990233875728904,0.9729754279377584,-0.0006663729038638611,0.003274417671264611,-0.00013618934012019724
-0.20041630543263572,0.0982766362567785,-0.46047899141372195,-0.029450321503005895,-0.0480757591212991,-0.015619056572022652,-0.010408438744090729,-0.04149647980320137,0.9777583631038983,-0.001126851895277583,0.0030740013658319756,-3.7912703863418734e-05
-0.1530823234490784,0.163670091237603,-0.5456981538098218,-0.02612168755024413,-0.0654254927867454,0.001292238973425364,-0.020558650823594295,-0.03753220760646015,0.9855676864003545,-0.0016725500490874048,0.002920919042382897,0.0001257573873741843
-0.14554029037265498,0.093005983742204,-0.38687021852284026,-0.003096524726287757,-0.08526168445680662,-0.021103155712653435,-0.016224574608616846,-0.04011570603823667,0.9791057832415977,-0.002059420267610245,0.0027753787520102425,0.00021876337111638826
-0.17055341317707232,0.13709646659002284,-0.2991257383204906,-0.04745855146232505,-0.023239388484270908,-0.012999885360409061,-0.010565037405718423,-0.03335896697959781,0.9806794077774214,-0.0023585460059307355,0.0026048253388331697,0.0003558598377064111
-0.17592036909786854,0.14867785412578005,-0.14604479382046237,-0.04275235697114589,-0.062296903399545425,-0.0023039450746116814,-0.016306786005533123,-0.0351275030398801,0.9843390610040756,-0.0025045907997511985,0.0024289049697353016,0.0005045376918321911
-0.12960187280282415,-0.039110201968582975,-0.11113486197622478,-0.0737330739793379,-0.04507454802968711,0.037987147879854036,-0.011402149339990366,-0.03916404885446443,0.9874499988211941,-0.002615725661727423,0.0022993030969324767,0.00046542748986360815
-0.12214315972752454,-0.0588493883121852,0.18915783923340865,-0.06846191885660978,0.009194392002004555,0.03651612409313475,-0.01860009159523177,-0.03496100323801177,0.9808462133309015,-0.0024265678224940144,0.0021771599372049522,0.000406578101551423
-0.08811160194367172,-0.13721103549885433,0.3677926587501934,-0.05495244391220375,-0.03559136253106914,0.05551995651583031,-0.01689174276497567,-0.03850506380874506,0.9867484993906617,-0.002058775163743821,0.0020890483352612806,0.00026936706605256865
0.051640961606219574,-0.12081426893571326,0.4330242620061264,-0.0328912272115051,-0.01735394538604245,-0.002809572190275148,-0.02158653255480314,-0.04547679032038523,0.9735762772930889,-0.0016257509017376947,0.0021406892968675,0.00014855279711685536
-0.021689793175658015,-0.22012006423996539,0.46681688815045297,-0.021265998428235487,0.0044889527537678355,-0.0018029165965235214,-0.022863723906253446,-0.035280713621245095,0.9789584839921064,-0.0011589340135872415,0.002118999503691842,-7.156726712311005e-05
0.06223616306527836,-0.19495380837715,0.4185365898999292,-0.04717251353166868,-0.020889243151466126,0.03194400983080288,-0.014859877854243189,-0.04925509868981531,0.9843874235993879,-0.0007403974236873124,0.002181235666757121,-0.0002665210755002601
0.08292616858433512,-0.2682743386334811,0.34049670271063104,-0.012143975919428824,-0.012743682816082149,-0.002152233391486326,-0.010131580299180494,-0.05735896027409157,0.9917042163164301,-0.0003999007209766813,0.002264161835341456,-0.0005347954141337413
0.053208417574536766,-0.1442499468269436,0.27898494700863224,-0.03059877736785557,0.021035579283848638,-0.009422005331839707,-0.012856763401554143,-0.036305510653903805,0.9769362121265966,-0.00012091577396804902,0.0023173702529159924,-0.0006790453609606848
0.0806449970086831,-0.3296843833287873,0.07986952826295413,0.01612316486154402,0.028739490682680325,0.017698676770192812,-0.006381930145741344,-0.03759748174588131,0.9759808431112167,-4.104624570509491e-05,0.002398015249924676,-0.0010087297442894722
0.15800923330821504,-0.17786560661613895,-0.12986996349668248,0.05088899718504902,0.04505194772124275,-0.022306838885068306,-0.01404745540797804,-0.03795032789571367,0.9833199236209886,-0.0001709162092017774,0.0025560244832328913,-0.0011865953509056111
0.08813328088958879,-0.14901558055096792,-0.2627749604657412,0.045916043137084195,0.024949424885999886,-0.02741657790401153,-0.022583780468096025,-0.03290409690972886,0.9818036538372,-0.00043369116966751863,0.00264415776412248,-0.001335610931456579
0.27088405986875286,-0.09405145177451052,-0.5877320652143606,0.08657831284652966,0.05271321061059686,-0.029197229305330863,-0.010161266799292969,-0.0399922444515347,0.9778703986490392,-0.0010214232348818792,0.002915041823991233,-0.0014296623832310896
0.17102494315335853,-0.01595689278301251,-0.7029187655301549,0.08672851956798086,-0.0021116343309380767,-0.030979062714725947,-0.017173563442448834,-0.04177569146764048,0.9753039163269457,-0.001724342000412034,0.003086066767144591,-0.001445619276014102
0.16058741732163073,0.03838166799575837,-0.708218702625132,0.08064551278735836,0.034301345114929466,-0.01365160164422253,-0.01104973894057661,-0.03591600939116928,0.9787426673194858,-0.002432560703037166,0.0032466541844662217,-0.0014072376080183436
0.22334185589170727,0.10814052603261314,-0.8294330867758088,0.07242730316638893,0.03565435817106945,-0.048787708201263554,-0.023004310253501442,-0.04348193729325635,0.9838430726366305,-0.003261993789812975,0.003469996040357929,-0.0012990970819857306
0.14028822948646386,0.17260801913064083,-0.7657071995044665,0.064088506846378,0.026296702668854338,-0.022834620479689406,-0.012849446925282329,-0.041116266678466525,0.9794956184022903,-0.004027700989317441,0.0036102842698443934,-0.0011264890628550895
0.15103756642001856,0.2797511306716042,-0.658025232182458,0.03900603522924183,0.00683744797184778,0.012030461798782787,-0.007857590585372155,-0.03867459889415408,0.9869421559341932,-0.004685726221499899,0.0037613218362644116,-0.0008467379321834853
0.0650397339487942,0.10428490341059066,-0.43662924255728736,0.03225837639476369,-0.013059329400064254,0.041013589962867844,-0.008365049441625326,-0.03828548980470314,0.980330938585517,-0.005122355464057185,0.0038263615702132064,-0.0007424530287728946
0.06120538508525838,0.3334319074338702,-0.33756619120213704,0.06547105749472631,-0.013335906461518866,-0.018250895443271145,-0.012417113381447563,-0.04162304646878935,0.9839432658632277,-0.005459921655259322,0.0038875669552984648,-0.0004090211213390244
0.07043815526820268,0.36707550349865414,-0.0028105539957282598,0.06165760575426657,0.006416254857564001,0.026116494369897,-0.011315575963766526,-0.04241903394750965,0.9822527880564599,-0.005462732209255051,0.003958005110566667,-4.1945617840370213e-05
-0.04633496401236464,0.15383078893087687,0.2579921629515762,-0.004937461702267984,-0.03761729441256684,0.025535075871646346,-0.013439926510857044,-0.045573937014783,0.9787667479162347,-0.005204740046303474,0.0039116701465543025,0.00011188517109050667
-0.01279106341521571,0.2072781987372013,0.4337960960876607,0.003940768556558576,-0.011608973330844964,0.035632819376204314,-0.012340134449128464,-0.04391691256400049,0.9848753277291112,-0.004770943950215814,0.003898879083139087,0.00031916336982770803
-0.174970865273116,0.22696183872675763,0.6735514368950561,-0.04138330904207445,-0.01184646602694428,0.027862229960886893,-0.0076089868653531475,-0.03089128065821485,0.974547957351611,-0.004097392513320758,0.0037239082178659707,0.0005461252085544658
-0.02748440316760903,0.15635095347347086,0.8091540840641506,-0.03936759196107898,-0.07044397622007066,0.06212940609235793,-0.014386089063847167,-0.04131928177405065,0.9777911665972608,-0.003288238429256607,0.0036964238146983616,0.0007024761620279366
-0.12735164134192858,0.1367105978245677,0.8362038309226614,-0.02135414040971568,-0.03712443847976862,0.061554636585430096,-0.01378951238929688,-0.039048804829320015,0.9784141892069234,-0.0024520345983339454,0.0035690721733564338,0.0008391867598525043
-0.11526299423987123,0.021673595396671793,0.8645165946354219,-0.0399995461676437,-0.05078611710420019,0.09549897613504783,-0.018320723292937664,-0.047454106104370355,0.9823159602211539,-0.0015875180036985235,0.0034538091791165623,0.0008608603552491761
-0.11857215348383089,-0.14040447227595623,0.6602540398897719,-0.0672482745583334,-0.05604545140199774,0.01360596116980571,-0.0070820349099191575,-0.027183304684158624,0.9834870200566059,-0.0009272639638087517,0.0033352370256327316,0.0007204558829732199
-0.15484986180845495,-0.030981607340058837,0.543524611643542,0.009761660285160444,-0.0034473893744713423,-0.0020277767584506775,-0.011806969787646757,-0.04430731692696296,0.9761815935740764,-0.0003837393521652095,0.0031803871638242764,0.0006894742756331611
-0.14788424240239867,-0.09535021710498238,0.3441518489203863,-0.01813646922597961,-0.002092289699736758,0.06552778486824462,-0.016414106396080583,-0.045874985537170405,0.9754016192096536,-3.9587503244823186e-05,0.003032502921421878,0.0005941240585281786
-0.05928562336692461,-0.0779242763453571,0.09645035177955753,-0.029329321723876447,0.001894116849627878,0.014293239823031885,-0.005878986276122315,-0.04030413819148239,0.9804995729531417,5.6862848534734344e-05,0.0029732172980549533,0.0005161997821828215
-0.036121288535333536,-0.22269270626469326,-0.04875481408406241,0.006785999175734284,-0.017029935904641892,-0.0026775600334139685,-0.010386894449109943,-0.04445822216582867,0.9723430609197677,8.108034450671939e-06,0.0029370960095196196,0.0002935070759181282
-0.0784477193329251,-0.20065311956506568,-0.26686016773469556,0.014610467450060432,0.016240934839058797,0.002376519652163898,-0.013756215779231307,-0.03816750977858753,0.9849950847913335,-0.00025875213328402363,0.002858648290186695,9.285395635306251e-05
0.01383760884029248,-0.12338615375678019,-0.4671263857266798,0.036142439448960784,-0.008059380284218716,-0.03541983702101283,-0.005471828562787643,-0.04754621368281417,0.9787613511705128,-0.0007258785190107035,0.0028724858990269875,-3.0532197403717686e-05
0.04190967284152772,-0.03112635669803917,-0.4487661102504593,0.030843405198667424,0.024128648632773947,-0.003914113966071286,-0.011531898101980662,-0.034297319790533395,0.9739574106108921,-0.001174644629261163,0.0029143955718685154,-6.165855410175685e-05
0.025228736301403164,0.021579237694082473,-0.5114645305438377,0.05141887806237648,0.011757575171288616,-0.014423946395879005,-0.017560945249194444,-0.03527682856284428,0.9737830903887119,-0.0016861091598050005,0.0029396243081699185,-4.007931640767438e-05
0.007093314969898887,-0.04140793549384738,-0.444044999539245,0.06835264557087393,0.04616754272660607,0.009841654190290748,-0.0048105952332561505,-0.040562077184546276,0.981220002385294,-0.0021301541593442457,0.0029467176231398173,-8.148725190152176e-05
0.0850476856811451,0.018516615316858373,-0.3259108326795772,0.02385818142802111,0.01574033773105177,0.009067251681790732,-0.01369189896372493,-0.04823781177711166,0.9810093181332883,-0.002456064992023823,0.0030317653088209624,-6.297063658466339e-05
0.11877966957038186,0.21128086151354036,-0.12583181523384568,0.03332257982670972,0.023247746603136957,0.016247564738868875,0.005720914712131353,-0.04401200913484064,0.9756613950733729,-0.0025818968072576685,0.003150544978391344,0.00014831022492887698
0.10858850847440162,0.08869499699260644,0.06500746053634589,0.05729131705071037,0.016903134132573463,0.008115400042626106,-0.011496395552743103,-0.03962763505629985,0.9788588305045104,-0.0025168893467213227,0.003259133486865746,0.0002370052219214834
0.08681852309532868,0.16995923391481882,0.18112426561327,0.01957089757444655,0.0026830284266915723,0.04385035615587838,-0.019232937832422036,-0.04598132961240606,0.973706803599415,-0.002335765081108052,0.003345952009961075,0.00040696445583630225
0.13149658686650872,0.13032308226530373,0.3276927671108755,0.01651555571683151,-0.0029128372655920914,0.03056569443764212,-0.0002707943467170886,-0.045155392112396435,0.977985404504655,-0.0020080723139971764,0.0034774485968275836,0.000537287538101606
0.15737724081166687,0.17122356189126567,0.34958412057508,-0.005355166428770947,-0.008793917388778848,0.014691161253036574,-0.009211086456213713,-0.03465627479232845,0.9865798464395991,-0.0016584881934220965,0.0036348258376392504,0.0007085110999928717
0.0465043721559402,0.09359550294945491,0.4596986681608124,-0.018810971470967094,-0.042680054363222884,0.013832648058427871,-0.007536364674147782,-0.039113670678348686,0.9897796068099481,-0.0011987895252612841,0.0036813302097951904,0.0008021066029423266
0.045330986453940736,0.06561164219518464,0.4320626594878739,-0.03471320924503124,-0.02599772918876015,0.018572481190872663,-0.0067931448161289215,-0.0392560799149752,0.9779926825266914,-0.0007667268657734102,0.0037266611962491316,0.0008677182451375114
0.15768336667379773,0.04637786961054396,0.40745460870956907,-0.06264503560401351,-0.024920005333835198,0.04426758409673246,-0.015391087371844917,-0.037218906788011895,0.9811353880441404,-0.0003592722570638412,0.0038843445629229284,0.0009140961147480552
0.01396664469754544,-0.010919726617795368,0.2471500717781791,-0.03832935241562877,-0.04070414260158525,0.0032670931966078693,-0.019306842141250103,-0.040657781494402113,0.9808625624818308,-0.00011212218528566204,0.0038983112076204744,0.0009031763881302599
-0.09051303716778802,-0.05406902911753009,0.02458193587216137,-0.032923307603700186,-0.06007246778815893,0.027998073076117826,0.0014102074151533823,-0.04011765298932388,0.9702204320804549,-8.754024941350067e-05,0.0038077981704526865,0.0008491073590127298
-0.08737666131291802,-0.07105624689075324,-0.13759186702107068,-0.060397025724629745,-0.05141529516434356,0.0012251118776885773,-0.016060234764002763,-0.03752064663056001,0.9730010691840002,-0.00022513211643457136,0.0037204215091397683,0.0007780511121219764
-0.1321221886995006,-0.060193041293540694,-0.3614889950684946,-0.03632894066615614,-0.06150253081553329,-0.0156015469092832,6.212968050088412e-05,-0.03573510422059992,0.9670969012097262,-0.000586621111503066,0.0035882993204402673,0.0007178580708284357
-0.10885505101486899,-0.21894332119060353,-0.6683819288689772,-0.059362634532600406,-0.05332082484099518,-0.021455958584449535,-0.005379843624047954,-0.037267944429234916,0.9808452516532693,-0.0012550030403720431,0.0034794442694253986,0.0004989147496378322
-0.13694119003849267,-0.27106719938737805,-0.6514590230048799,-0.0508643167226647,-0.06895196635196152,-0.00902018013207921,-0.007020065211507741,-0.032433954393331514,0.9882516008848565,-0.0019064620633769233,0.0033425030793869056,0.00022784755025045405
-0.19954076961803643,-0.2453790281276226,-0.7470642900633406,-0.01867898566226056,-0.009667360150869376,-0.0012032059277284329,-0.010120497704874463,-0.039589174577438664,0.9837786814325258,-0.0026535263534402643,0.0031429623097688694,-1.753147787716855e-05
-0.09743796039520877,-0.28977639436488806,-0.8244328000030764,-0.0029390970457295607,0.011137982575296754,-0.036193109873998104,0.0038815699222789716,-0.046423612427191195,0.9785968356073821,-0.0034779591534433406,0.003045524349373661,-0.0003073078722420566
-0.18415701211829377,-0.3144953846241712,-0.7418599324557538,0.0030699930011343912,-0.03070562865378013,-0.06804318454761228,-0.011009541455888696,-0.034220826949417964,0.9778167851244719,-0.004219819085899095,0.002861367337255367,-0.0006218032568662277
-0.2065766445313249,-0.1633119949019727,-0.6460348193846669,0.03593894636150299,0.01069512282827929,0.03546765301914797,-0.010752660493097624,-0.040861033902743364,0.9764622440189268,-0.004865853905283761,0.002654790692724042,-0.0007851152517682003
-0.2315932419220441,-0.16747836659994517,-0.5175101425307341,0.01286487035742102,0.03574886946126152,-0.003436065185280295,-0.003945666140928897,-0.0434514748220658,0.9834473408629589,-0.005383364047814496,0.002423197450801998,-0.0009525936183681456
-0.19899233301656857,-0.11043904548736433,-0.11403625408920355,0.046747400758223444,-0.0015542787897620805,-0.0024844094632352366,-0.010557269136050892,-0.0360176985826548,0.9791522264771404,-0.0054974003019036995,0.002224205117785429,-0.0010630326638555098
-0.1908451808962386,-0.14679180436858547,0.07173212027409182,0.08342594447962651,-0.01577424677806944,0.018587344855028255,-0.012131667110656311,-0.03769600820236413,0.9783112065446131,-0.005425668181629608,0.00203335993688919,-0.0012098244682240953
-0.11226854986579476,-0.020613953554146976,0.3277123913419305,0.09102448577818563,0.06579050791706806,-0.0030234573469416857,-0.007242427902942776,-0.0459130274273587,0.972407509918781,-0.005097955790287677,0.0019210913870233955,-0.0012304384217782423
-0.10972945561377695,0.0051580535139160305,0.4910484966180947,0.09204099353189825,0.04115001352797925,0.002737953633170736,-0.003394800122278014,-0.036134560195463364,0.9808543071267821,-0.004606907293669583,0.0018113619314096185,-0.0012252803682643264
0.004504161656717708,0.12861320302164161,0.7271199522356478,0.09499654088615242,0.03441664500583198,0.043234534024190904,0.002684001531509994,-0.03008355276186174,0.9770240575727078,-0.0038797873414339354,0.0018158660930663363,-0.0010966671652426847
-0.019615667041614635,0.18629886643985835,0.7190920393679645,0.062262023502030917,0.0466025044537184,0.05328157853372443,0.0038228885323662344,-0.0378034758925932,0.9796839091064529,-0.0031606953020659706,0.0017962504260247217,-0.0009103682988028264
0.08443020854401502,0.22480388437387983,0.804121046077901,0.027054248416964743,0.03652746305905588,0.04746147937238155,-0.01542834024063008,-0.04066791705666661,0.9826195675003809,-0.0023565742559880695,0.0018806806345687368,-0.0006855644144289466
0.10492164020285755,0.21204696340166188,0.8078050043226284,0.044448867783720064,0.09891264858369289,0.05963107821698741,-0.0011416033315355713,-0.04769771339385041,0.9693749404092444,-0.0015487692516654408,0.001985602274771594,-0.00047351745102728476
0.14498946424510356,0.21170240862688133,0.6347332058496574,0.04874600387344456,0.02278381515145307,0.021467051716653564,-0.011154133996967679,-0.02905878758016603,0.9759964784667837,-0.0009140360458157834,0.0021305917390166975,-0.0002618150424004034
0.18457310234984825,0.234177735864128,0.5400909786564251,0.037402695557697756,0.03190071390667013,0.042490627176878785,-0.010784774413823802,-0.04186212991502316,0.9751966657221526,-0.0003739450671593583,0.0023151648413665456,-2.7637306536275387e-05
0.2569157009635865,0.23646351318680375,0.3105917321460167,-0.0036290361935830615,0.04195526338278958,0.0802002872456574,-0.008690396757595753,-0.04627872879895848,0.974681249938725,-6.335333501334156e-05,0.0025720805423301322,0.00020882620665052835
0.14105985829914147,0.15724307742773505,0.09087284406267171,-0.025806028045449264,0.03199720828525012,0.05798649984612071,-0.008888293396749236,-0.03864502778735129,0.9716658582598164,2.751950904933015e-05,0.002713140400629274,0.00036606928407826347
0.22635721331751163,0.0944339175218618,-0.1576924069638832,-0.035010672048442125,0.018299302669085433,0.006166217900659946,-0.011099606521371505,-0.03411748317308062,0.9735380381372769,-0.00013017289791455305,0.0029394976139467855,0.0004605032016001253
0.20531834171821167,0.04353879778472915,-0.28033252826674687,-0.03677153609317588,-0.02140965360491874,0.01665572994320939,-0.01725660046279139,-0.03293764039220224,0.9716087691387912,-0.00041050542618129997,0.003144815955664997,0.0005040419993848545
0.2278765451144868,-0.0009053567206508129,-0.3350377791572415,-0.06861277562984931,-0.02406587922106236,0.049099001801013,0.0017270518406645409,-0.04243581024621369,0.981151005478089,-0.0007455432053385414,0.0033726925007794835,0.0005031366426642036
0.16893326887254204,-0.045023806351215966,-0.4794245811257802,-0.042231366003152374,-0.07101882829041549,0.018347248822803884,-0.0008912680585311233,-0.03952385148996889,0.9788389793957281,-0.0012249677864643216,0.0035416257696520258,0.00045811283631298766
0.19655270802731717,-0.1225975539514247,-0.4590521599821398,-0.028028338600248018,-0.03353774785897727,0.0046216604145941104,-0.005343052056183444,-0.038984683312627104,0.978417798949041,-0.0016840199464464613,0.003738178477679343,0.00033551528236156294
0.0565326237233267,-0.13127981683290618,-0.38562994791646055,-0.024847603250132015,-0.033688454784354956,-0.001528773207012793,-0.009976371948588556,-0.03405849684418899,0.9671680705094253,-0.002069649894362922,0.0037947111014026698,0.00020423546552865673
0.039458604585620366,-0.08075322372800155,-0.35012226077525077,-0.020601847921433238,-0.019495772716540752,-0.012108687123149544,0.0011595620496491306,-0.0359306716099716,0.9864727667730427,-0.002419772155138173,0.00383416970598829,0.0001234822418006552
0.026914792767515926,-0.1643819193534317,-0.1451852183163779,-0.016906958579675824,0.0038451417418978694,-0.02313990929559575,-0.005211421168916476,-0.037494291883743314,0.9746115484812785,-0.002564957373454551,0.0038610844987558056,-4.08996775527765e-05
0.01643112358028425,-0.20679110010369717,0.029407522773113898,-0.0026942110123037,-0.013526078751069183,-0.028961379344926756,-0.007647143607839843,-0.03422487410199163,0.9853030336451761,-0.0025355498506814365,0.00387751562233609,-0.00024769077765647373
-0.010289884310072526,-0.23890975744275098,0.1104899813463706,0.00950065656970868,-0.0003160344657755325,0.010747864430647522,-0.012869639918113412,-0.045559956375134894,0.9802512752846595,-0.002425059869335066,0.003867225738026017,-0.00048660053509922465
-0.07627981274549939,-0.023591433743952298,0.38945489148243373,0.04546333976375109,-0.01478897061300825,0.00023532309947432717,-0.0018346641626179336,-0.03659487645634307,0.9752730826870261,-0.002035604977852632,0.003790945925280518,-0.000510191968843177
-0.1137642884005392,-0.019079918287399744,0.4100636496602689,0.04003265626642026,0.019275729855782985,0.01612576617710973,-0.006074749201448317,-0.03753992177207652,0.9865732609899364,-0.0016255413281923631,0.003677181636879979,-0.0005292718871305768
-0.11921797123314418,-0.015501423999961864,0.5251444695788082,0.10923151377835653,0.0020090101781613454,0.02027309648137277,-0.0029738502574554303,-0.038845614538502465,0.979120029159977,-0.001100396858613555,0.0035579636656468345,-0.0005447733111305387
-0.18262110349065658,0.07030451861928212,0.43417588825031184,0.041661399263342065,0.032378599220933266,0.044938518063248584,-0.0033132141891729695,-0.03979065565300825,0.975067351263189,-0.000666220970363243,0.003375342562156178,-0.0004744687925112565
-0.1255873759883952,0.08502235990587943,0.4728798777662949,0.05574415674669203,0.032463016114143935,0.032561435440286855,-0.0008544319728788037,-0.037817264244211446,0.9741795617263599,-0.0001933410925969481,0.0032497551861677826,-0.00038944643260537714
-0.11651468804758776,0.09584198127385381,0.21878904306070635,0.035721395760846646,0.029565513207654676,0.04520238303543133,-0.0028216467423559273,-0.04128370903890106,0.9812208848526248,2.5447950463758254e-05,0.0031332404981201955,-0.0002936044513315233
-0.08827288794268077,0.07202032695244776,0.13010605011931375,0.026718449200622007,-0.005635432323436992,0.03530952813384114,-0.005308871348754598,-0.02474009501163335,0.9733046724085711,0.00015555400058307202,0.003044967610177515,-0.00022158412437907555
-0.08928217680666387,0.2350224541559508,-0.17879227817108156,0.05325305452004634,0.048362778462194715,0.013828833239189738,-0.0008868079231363641,-0.031524498197647556,0.9740205601402023,-2.323827758800956e-05,0.002955685433370851,1.3438329776875257e-05
0.0027264010813110445,0.13183597809470632,-0.3858027986339053,0.028481095964192245,0.03308018464593216,0.026498872042151407,0.0012185523973136324,-0.032796666912189444,0.9728548619260777,-0.0004090410762219149,0.0029584118344521616,0.0001452743078715816
-0.02065776191971233,0.12483476936571156,-0.5003961014292837,-0.04113174526680151,0.03629982119574071,0.03855035512711627,0.004320418848449845,-0.040850484057766145,0.9719876705619289,-0.0009094371776511986,0.0029377540725324496,0.00027010907723729315
0.0009255649084849368,0.12074693053817524,-0.7591529561069649,-0.0410629889420574,0.02311197907223967,0.03388282087460239,-0.008889830484200029,-0.042927976817086315,0.9722198974589921,-0.0016685901337581636,0.0029386796374409347,0.0003908560077754684
0.010686996379415187,0.08570721001463204,-0.7976294066901246,-0.036811538761493644,0.019307199192376303,0.04130632386816941,0.0023982103733539185,-0.039140725558824536,0.9844809159307609,-0.002466219540448288,0.0029493666338203496,0.00047656321779010046
0.04579944481464462,0.06383905419729788,-0.7859650343630379,-0.05575972366712767,0.0269188373127491,-0.005870591124877573,-0.01097753138596594,-0.03744815602064224,0.9805829782992058,-0.003252184574811326,0.0029951660786349944,0.0005404022719873984
0.037052252717485176,0.006080496212892257,-0.7277669774861905,-0.08387131152776091,-0.018173286855081808,-0.0012176923788842584,0.002159384250535645,-0.0451979334350988,0.9766482670911373,-0.0039799515522975165,0.00303221833135248,0.0005464827682002906
0.07516512586485201,-0.09685875241089534,-0.6093000247077436,-0.0559449031742353,-0.009281585808017084,-0.016660456150038645,-0.005740898841810865,-0.03549216921698995,0.9726607293564143,-0.004589251577005261,0.0031073834572173317,0.00044962401578939527
0.17833255451541685,-0.12303479670915342,-0.42202076261117705,-0.09622684767872518,-0.043851997121853455,0.011578239138049775,0.0015446435311773851,-0.03241641784027735,0.9725680106935497,-0.005011272339616437,0.0032857160117327486,0.00032658921908024186
0.10091784802299524,-0.14765457638496698,-0.1448580760654691,-0.0522572491370618,-0.02556514380964664,-0.018039693331256643,0.004925066540584325,-0.048939709750665306,0.9734184845772982,-0.0051561304156819065,0.003386633859755744,0.00017893464269527488
0.051034742190408364,-0.24221625697764784,0.0760207758563469,-0.03223331625126708,-0.03943597841950156,-0.01967024290226966,-0.0012666755060529364,-0.04219636615688796,0.9841231605242791,-0.00508010963982556,0.0034376686019461523,-6.328161428237298e-05
0.1459003491439654,-0.17190668160273098,0.3574472940812054,-0.01781751020043394,-0.0625311841770659,-0.02741309774899023,-0.002274982006350722,-0.03148760563067095,0.9765598277769985,-0.004722662345744354,0.0035835689510901173,-0.00023518829588510396
0.14880177097155212,-0.2513491894739809,0.5458698663760555,-0.023746646529059622,-0.051203877731511395,-0.027427844655445392,-0.0024052086496126317,-0.0356882491245533,0.9787698740251997,-0.004176792479368299,0.0037323707220616696,-0.0004865374853590848
0.10360518647558319,-0.17289978201444606,0.7218589343202639,0.02565988905054302,-0.06509208739149094,-0.04549402329766349,-0.0041410079941081425,-0.04182004082975371,0.9759583552751345,-0.003454933545048035,0.003835975908537253,-0.000659437267373531
-0.008234203020777223,-0.2904508999592528,0.8423189412971027,0.019173896369199403,-0.059301638099108746,-0.03319781773966481,0.003959161016767918,-0.03374102073031812,0.9704580724368888,-0.002612614603750932,0.003827741705516476,-0.0009498881673327838
0.11352687255595223,-0.16134338970495843,0.8000379922671809,0.04619294313829841,-0.04011367483116174,0.005609858264331062,-0.002076529888494102,-0.04031736169233053,0.9753262087113569,-0.0018125766114837514,0.003941268578072428,-0.0011112315570377422
0.03666432342413762,-0.18469891172793845,0.814758102351161,0.029793554089546787,-0.03496705171272264,0.013771868357294144,-0.012288556904568992,-0.038454410566492576,0.9693614514858504,-0.0009978185091325902,0.003977932901496566,-0.0012959304687656808
-0.01955621447773232,-0.11557130249252985,0.6389133782279381,0.08768103648273722,-0.06987833620387848,0.026814038068171564,0.003133888288439751,-0.0428947623439142,0.9806445834280606,-0.00035890513090465205,0.003958376687018833,-0.0014115017712582106
0.016358457951432454,0.018411611792713833,0.41083968195524967,0.06657011812657142,-0.013671166320106782,0.051321887634398475,0.0029966963447503998,-0.03704143488131147,0.9708521642351963,5.193455105059763e-05,0.003974735144970266,-0.0013930901594654968
-0.1644822193044795,0.03101856958189748,0.255637216022475,0.10360674567455634,-0.01579871727383903,0.04189922374609393,-0.000820437704139252,-0.0319597520725972,0.97166326689805,0.0003075717670730727,0.0038102529256657867,-0.0013620715898835995
-0.09769637228635206,0.2229485758612863,0.022070670962922048,0.10043509630782374,-0.006326073162007617,0.03820595246759006,-0.004851621723020783,-0.03936198527508721,0.978516137095727,0.0003296424380359947,0.0037125565533794344,-0.0011391230140223132
-0.15608887333035157,0.18227410086316645,-0.13051543957788322,0.07539029847697538,-0.009185889721173778,0.043311080363992276,-0.00658603338968149,-0.03367000059470251,0.9708862628139063,0.00019912699845811145,0.0035564676800490832,-0.0009568489131591467
-0.08639107323918481,0.17080506758411193,-0.33016199334219437,0.07139395155069962,0.022930813047933193,0.051801452836956655,-0.00458615513456611,-0.03706872839000225,0.9732102545678274,-0.0001310349948840829,0.0034700766068098982,-0.0007860438455750346
-0.16189074411295698,0.2576056639396378,-0.42919779588637547,0.04939455495842529,0.02237794595273835,0.03593445061433642,0.00046029162918690086,-0.031345105434815834,0.9610448378704027,-0.0005602327907704585,0.0033081858626969416,-0.0005284381816353968
-0.22411644201182146,0.2383025154942595,-0.44404286111214564,0.023820806295945858,0.06534881656858983,0.05899972431610347,-0.00962585603750968,-0.03897536206700838,0.9725481447899536,-0.001004275651882604,0.0030840694206851196,-0.00029013566614113727
-0.13584575729116433,0.28687984374850417,-0.4114683546958584,0.03781612704647218,0.009608903978551481,0.02980615220875233,0.0018395706838891998,-0.028804183060161526,0.977060524919987,-0.0014157440065784626,0.0029482236633939555,-3.2558223926331124e-06
-0.2974455857256951,0.2186550302875665,-0.39252216040151705,0.02208988364889408,0.027493714103314904,0.02625794797593204,0.0002059602404331014,-0.03308952129168038,0.9708850722661606,-0.0018082661669799795,0.00265077807766826,0.0002153992078949334
-0.14939498150848016,0.22048601624829942,-0.22998563592583507,-0.03517462274075149,0.025696525764739863,-0.004222419338166309,0.006405176108311783,-0.03519466158299236,0.9767415741036533,-0.002038251802905815,0.00250138309615978,0.00043588522414323284
-0.21199980390169126,0.16878440365697325,-0.126405888730529,-0.01674290767671306,0.048522487784523054,0.024811358686316426,0.0036007087085771546,-0.034928530671565906,0.9737925700988882,-0.0021646576916363436,0.002289383292258089,0.0006046696278002061
-0.14973271214726314,0.11288535289056273,-0.0135354157475878,-0.007408322817776677,0.06152436732342031,0.024984064389275716,-0.0033951537625279537,-0.038571422999046215,0.9792408025967609,-0.0021781931073839313,0.0021396505801108256,0.0007175549806907688
-0.10859486067173613,0.10248335844247684,0.17337056509566512,-0.001865780078827834,0.04089160482987461,-0.03644995517520435,-0.008108678684237345,-0.03880769047718628,0.9700550851337875,-0.0020048225422882662,0.00203105571943909,0.0008200383391332457
-0.02052049533534507,-0.08327178092698015,0.3589845132114335,-0.019417726882127916,0.00023163473476582293,-0.0042033185184940855,-0.0036347080393067444,-0.034763629611365934,0.9724506856517134,-0.001645838029076833,0.0020105352241037446,0.0007367665582062655
0.07680460155264017,-0.04677629797567659,0.49782735259294775,-0.06323974207894661,0.003917608880546718,-0.014845519873236178,0.0075032193032995,-0.04198094105420797,0.9662386968342631,-0.0011480106764838848,0.002087339825656385,0.000689990260230589
-0.06751606084851593,-0.12677745500642146,0.48556413195793324,-0.04937591034396229,-0.013620561820393964,-0.004942531922968016,0.0021944509248970146,-0.03890750627219852,0.9730552246452905,-0.0006624465445259517,0.002019823764807869,0.0005632128052241674
0.07314833660310437,-0.18906561671810793,0.5160588057472958,-0.02750053576390918,0.0030718186487705664,0.0027327371863282,0.003834894170416628,-0.04049618848593371,0.9713365507812908,-0.00014638773877865584,0.002092972101410973,0.00037414718850605947
0.1899317718035538,-0.1851193944879092,0.4481523269753854,0.017477902643940665,-0.024844131970308374,-0.04493899863693778,-0.0021721863121338765,-0.03286076803433881,0.9781737236366195,0.00030176458819672954,0.002282903873214527,0.00018902779401815023
0.09444343959094859,-0.1805422726956508,0.16963832469633716,-0.011092014497689474,-0.051484026461309965,0.02211229116716401,0.0035230468669494187,-0.03269379581453566,0.9701783687273086,0.00047140291289306675,0.0023773473128054752,8.48552132249944e-06
0.11858020361137128,-0.15419301327692309,0.11448316014273983,0.03420948629535856,-0.01709123257253292,0.036660314546911786,-0.006376135204059859,-0.029197979687620643,0.9711124041782182,0.0005858860730358065,0.002495927516416847,-0.00014570749195442364
0.1793259448405506,-0.10616599107604031,-0.27227660371944634,0.011942893800467903,-0.00695682298700654,0.04592873064877607,0.0060260980313401975,-0.037117617143623806,0.9697842471403745,0.0003136094693163602,0.0026752534612573976,-0.000251873483030464
0.22014566826694398,-0.0641655219971546,-0.3229171585114017,0.04479469443366258,-0.036947622257728414,0.008338610743926162,-0.004301699372521133,-0.039389556734465106,0.973225167587344,-9.307689195041492e-06,0.0028953991295243412,-0.00031603900502761857
0.21818898229870062,-0.06745701604685864,-0.5942770891803196,0.02256420164777866,-0.0298182711348935,0.03055196517124461,-0.008271344275881866,-0.0426026702316099,0.982961213871859,-0.0006035847783753612,0.003113588111823042,-0.0003834960210744773
0.16959794228609953,0.06901269849855417,-0.7412658702651919,0.041511470293969,-0.05903695472445537,0.02201611118485111,0.01303761184659958,-0.03380601818315965,0.9554594536784567,-0.001344850648640553,0.003283186054109141,-0.00031448332257592306
0.13980511003368684,0.02414021865658992,-0.8055896783024196,0.023146446311810974,-0.06488459647115952,-0.006442838731838851,0.0025255462594192457,-0.028080490532212128,0.9726384169986555,-0.0021504403269429723,0.003422991164142828,-0.00029034310391933314
0.2209268027584911,-0.006846881897436402,-0.8437616268500451,0.07125476118261558,-0.05396769599678601,0.01597082391126614,0.0025122413886202078,-0.035340330518567296,0.9786790732289993,-0.0029942019537930174,0.0036439179669013194,-0.00029718998581676953
0.10235061920782856,0.10098632562846688,-0.6644849340605827,0.021489020863054972,-0.01015285627278961,0.0009242910225924633,-0.007248569557401269,-0.034736035536520736,0.9701640788804384,-0.0036586868878535996,0.003746268586109148,-0.00019620366018830262
0.022533260021753945,0.1427202160924876,-0.6224504422201913,-0.005737449293273588,-0.007229469735927266,0.02170540991112123,0.005338937194230085,-0.03480130445301948,0.9753016072675514,-0.004281137330073791,0.0037688018461309023,-5.348344409581499e-05
0.013003543219911762,0.0009830069161438082,-0.4170284232200412,-0.019969942784053226,0.01791908691042595,-0.026362035292382104,0.006781072331523886,-0.03340034576789089,0.9784834067039666,-0.004698165753293833,0.0037818053893508142,-5.250043717967118e-05
0.02055685820431528,0.20405576609574477,-0.21720309997417586,-0.003358329506041725,0.010408617290570956,-0.022446144681813142,0.0014792441798085725,-0.029584439334885342,0.9711456673287822,-0.004915368853268009,0.003802362247555129,0.0001515553289160736
0.08253747446605753,0.12675643705395573,0.0648262487801628,-0.02552482522850641,0.040255729817427185,-0.02190756566112432,0.007049905738657706,-0.024872156199170506,0.9691938050918446,-0.004850542604487847,0.0038848997220211866,0.0002783117659700294
-0.07273539652994375,0.04787533261252529,0.3088833872407162,-0.01750266776666581,0.04240395959312958,-0.00351156142205113,0.00857745583507526,-0.031874113056769265,0.9770639463815008,-0.00454165921724713,0.003812164325491243,0.00032618709858255464
0.022726518794442388,0.015092539620976321,0.5154971108584574,-0.047610678617917034,0.02094203787461595,0.031218613160662052,0.005477961666106029,-0.0314409634248917,0.9747940688728215,-0.004026162106388673,0.0038348908442856853,0.000341279638203531
-0.012275475428744381,0.04441558119484993,0.6995151178204284,-0.02936334283960222,0.007514440177665917,-0.021180621092113813,-0.007857438587905014,-0.03535445175272491,0.9719358075368193,-0.0033266469885682437,0.003822615368856941,0.00038569521939838095
-0.08189273549493364,-0.004458909777574072,0.7458508373504202,-0.066716596426051,-0.01285972857067686,-0.04794766850842868,-0.002660168357421466,-0.03459213481975924,0.9752344448173313,-0.0025807961512178236,0.003740722633362007,0.0003812363096208069
-0.22326946701342815,-0.13000453621524158,0.8854329281660742,-0.0408074628714904,0.04978173367298327,-0.038029644126995284,0.011656445254029937,-0.03455370272040137,0.9769105274416808,-0.0016953632230517495,0.0035174531663485793,0.0002512317734055652
-0.1675830848470775,-0.21390919071499703,0.7459232506888928,-0.07845897594482588,-0.004103106672572512,-0.0056859568466618386,0.0037578460915305735,-0.03567112294745155,0.9717745439248886,-0.0009494399723628566,0.003349870081501502,3.732258269056821e-05
-0.14250789942895567,-0.1893286884498237,0.6451059502577005,-0.0833340987451745,-0.02319806599813458,-0.03784410629625032,0.0039041521590612487,-0.033095130799294444,0.9734978208009679,-0.00030433402210515605,0.0032073621820725463,-0.00015200610575925551
-0.027292121654161172,-0.21356976648374448,0.49148631749618915,-0.05973631314128509,0.00012398811592063703,0.020630240673480137,-0.0005648419380023103,-0.030499909911896255,0.974513872676556,0.00018715229539103314,0.0031800700604183853,-0.000365575872243
-0.12040360432157635,-0.22090643479725988,0.33792650707333094,-0.05262473255011911,-0.04206519866535287,0.014704329562435774,0.0005296140688261794,-0.033197170501765946,0.9695233126185279,0.000525078802464364,0.0030596664560968087,-0.0005864823070402599
-0.11167605395957418,-0.27615606873144166,0.07143814206247634,-0.039292972834363685,-0.019617374664774614,0.017337272268874642,0.009803634982863347,-0.0348073792079235,0.9777037450899301,0.0005965169445268404,0.0029479904021372347,-0.0008626383757717016
-0.045017952391207434,-0.24307194747649552,-0.18188995329553148,0.010667563016414939,-0.03822847694463448,-0.004057832279875885,0.01145599476945203,-0.032663765190091495,0.9665407015614121,0.0004146269912313089,0.002902972449746027,-0.001105710323248197
-0.09303281873421261,-0.2081555537008706,-0.38368522578345293,0.014147912785754509,-0.021178667297823174,0.0562549829768794,0.00807277159134048,-0.037981180350472,0.9709704530304886,3.094176544785593e-05,0.002809939631011815,-0.0013138658769490678
-0.0022484268246739034,-0.12235883832498758,-0.42974624300490155,0.038321714095904694,-0.029386248297800406,0.028577253996719072,0.006967516258992799,-0.029052497857615423,0.9753958156469915,-0.00039880447755704566,0.002807691204187141,-0.0014362247152740553
-0.010707676580891213,-0.052273083429943086,-0.4440540595840335,0.06002139931012557,-0.028409534112384022,0.0501490789086393,0.007465530946909318,-0.035021460195759,0.966207852526737,-0.000842858537141079,0.0027969835276062498,-0.0014884977987039986
0.17533347677287703,0.021248715274563887,-0.4675389129144404,0.026744855192745436,-0.048285460294335746,0.044286483179558196,0.004103148455536767,-0.0386161413542928,0.9757784722894672,-0.0013103974500555196,0.0029723170043791263,-0.0014672490834294347
0.0322268968304116,0.07210121513848766,-0.39020625517569796,0.07914164399649891,-0.06892282502210154,0.013238889687569344,-0.0014408669939804924,-0.03041737571128344,0.9723052470252889,-0.0017006037052312174,0.003004543901209538,-0.001395147868290947
0.18171293100777572,0.15935418832412535,-0.2520235033040247,0.04678181792049494,-0.06923322538900131,0.035209168958121664,-0.002399317386475552,-0.03005316278191363,0.977911743867169,-0.0019526272085352422,0.003186256832217314,-0.0012357936799668214
0.05364666601407217,0.18117197680247688,-0.18321604501177585,0.058215786004782215,-0.05338028138909546,0.008462066309986681,0.011395555377176568,-0.03679288919213159,0.9742819721929803,-0.002135843253547018,0.0032399034982313864,-0.0010546217031643446
0.12517290818955107,0.15705382666082982,0.08646134340688459,0.02667430243531057,0.005033562271725672,0.011096972346532537,0.004778960684811226,-0.029257715554924603,0.9703364918074147,-0.0020493819101401337,0.0033650764064209375,-0.0008975678765035148
0.13640812127741186,0.2920144885124042,0.2802592873179867,0.0687415130721078,-0.03014918516299302,0.023685120623959666,0.007450596768852907,-0.029087575315726553,0.9722408412903928,-0.0017691226228221469,0.003501484527698349,-0.0006055533879911106
0.11336578181346843,0.1808248271463767,0.38001176014908533,0.010098312952982469,-0.011005119704546904,0.020227653500564276,0.006240500324441527,-0.02226336834494704,0.9723530054718044,-0.0013891108626730613,0.003614850309511818,-0.00042472856084473386
0.09731178615981821,0.35964759439964133,0.5203235366716386,0.006133283234251377,0.02774666079991915,-0.001986758451411698,0.00661543025006002,-0.03319278375633436,0.9810644868150673,-0.0008687873260014228,0.003712162095671636,-6.508096644509254e-05
0.11384577971907132,0.19671484561973424,0.5472269204844911,-0.007074185361450479,0.014094696732924017,-0.02536868875830263,0.007153761652740247,-0.03216861834695981,0.9713043768204711,-0.0003215604055169317,0.003826007875390707,0.0001316338791746417
0.06869854450165142,0.25809028566098824,0.42983268873611147,-0.001560499786652749,0.005050299918201148,-0.024466661561021577,0.009036875610870002,-0.03480899127193326,0.9701239141948409,0.00010827228321917981,0.0038947064198923582,0.00038972416483562994
0.012621350863237483,0.24648056524671136,0.36834503901478927,-0.015363861094003237,0.04444245742900098,-0.02611568313240248,0.0018327108412436901,-0.029184098749999478,0.9697696298124431,0.00047661732223396903,0.003907327770755596,0.0006362047300823413
-0.04223363668043607,0.15408720594339062,0.19076307928078556,-0.006905968635822787,0.029354535477761585,-0.054293721676566674,0.011702916644374194,-0.031552166153427944,0.9716244771527432,0.0006673804015147547,0.00386509413407516,0.0007902919360257319
-0.051970446233579784,-0.014610667808375347,-0.10186400991076498,-0.03320301585615113,0.04963679833346838,-0.006453836694686433,0.0022223779405740936,-0.026465371404768668,0.9649419898845331,0.0005655163916039898,0.0038131236878415804,0.0007756812682173566
-0.0854300594482992,-0.0192279439417556,-0.23187686188008197,-0.016241613864714944,0.05757786775598918,-0.0356715912953574,0.007228288863923879,-0.03344984713854726,0.9686332194351343,0.0003336395297239078,0.0037276936283932812,0.000756453324275601
-0.11737375309007966,-0.01243353324869165,-0.479618794077885,-0.028652953844896193,0.038329073322110246,0.006063961025996806,0.00023571374192605642,-0.02879510448145254,0.9654199873258889,-0.00014597926435397723,0.003610319875303201,0.0007440197910269092
-0.13241539796398763,-0.04678719753141919,-0.6061516671812688,-0.05212817279807164,0.050226272229039956,-0.017177302676886254,0.005436967462425568,-0.03221710857517358,0.9660070983868758,-0.000752130931535246,0.0034779044773392137,0.00069723259349549
-0.223599877683354,-0.12197396426288801,-0.7118229757448009,-0.04019184013178569,0.07434218908096062,-0.004856255267195606,0.0030901710429544877,-0.04011300244332012,0.9743688156208279,-0.001463953907280047,0.0032543045996558592,0.000575258629232602
-0.22290885734548468,-0.13597782484699256,-0.8194439294583452,0.01246597970550266,0.02350930985773218,0.03890981307910413,0.006629351032805399,-0.02763233528999836,0.970413701809934,-0.0022833978367383925,0.003031395742310375,0.0004392808043856094
-0.14734869264734554,-0.21889995087267122,-0.8434302159924074,0.017803430509507764,0.05435353554016772,0.03062788115064971,0.01030397750030734,-0.03938394687636397,0.9665072323355434,-0.0031268280527308,0.002884047049663029,0.00022038085351293817
-0.2915984653188635,-0.06739180432587981,-0.7089787403389751,0.021652443867730607,0.006975678359349493,-0.005153094726900355,0.007125669962501789,-0.0313115039185887,0.9693994181405448,-0.0038358067930697754,0.0025924485843441657,0.00015298904918705837
-0.12772826541060742,-0.150424628850873,-0.4567078525168582,0.03605762045503846,0.044972977994409344,0.021270333679208026,0.01666786595175837,-0.031103033604963446,0.9688550086203574,-0.0042925146455866335,0.0024647203189335585,2.5644203361853694e-06
-0.1955634454698945,-0.06880989001237393,-0.46380603525316966,0.03684450482178786,-0.018045785075116144,0.03500999607143917,0.010961065537007434,-0.03029438963185434,0.9702833226938702,-0.004756320680839803,0.0022691568734636634,-6.624546967618857e-05
-0.07293034540553757,-0.0032319003835664523,-0.11279092318414492,0.04270471977863734,-0.018093348073755986,0.012307595295575367,0.005956821940063051,-0.029884070487342387,0.9624190708922471,-0.004869111604023948,0.0021962265280581258,-6.947737005975501e-05
-0.06680434802428767,-0.07764118841129866,0.10382951494693816,0.04254101970770416,0.011811339927730712,0.010759873949736497,0.0067859004002479,-0.029800607073985342,0.9644331605929942,-0.004765282089077009,0.0021294221800338387,-0.0001471185584710537
-0.10646597285366335,0.026824063320712514,0.34910718934208934,0.0775984237418589,0.006171151741963487,0.014048210454264302,0.009222296511316664,-0.028039144845539023,0.9626171808743555,-0.0044161748997349195,0.002022956207180175,-0.00012029449515034115
-0.06595171717634975,0.07732444080067902,0.5681491311826437,0.03265496044485245,-0.013040473961822348,0.0009692547969682684,0.010971867224647762,-0.0302639713715927,0.9652616757688949,-0.0038480257685522762,0.0019570044900038253,-4.2970054349662144e-05
0.055779713788362884,0.09056858891589807,0.7064220051844982,0.041351931751449085,-0.05336164253460918,-0.02867196491624962,0.0013964605257194684,-0.01650688765426201,0.9660813439597752,-0.003141603763367778,0.0020127842037921885,4.7598534566235936e-05
0.07996671550670656,0.17389176939557227,0.8306613988412159,-0.006433155499502186,-0.03008120589987248,-0.01626906571490158,0.01086616383320162,-0.03116164880970386,0.9644576769250325,-0.0023109423645265616,0.002092750919298895,0.00022149030396180822
0.10412629129198182,0.11753591424643435,0.7976479957274324,-0.012513982559448402,-0.029456570361178498,-0.02858885896497109,0.0017583054574791456,-0.03542629713715114,0.9733880905464973,-0.0015132943687991294,0.002196877210590877,0.0003390262182082426
0.14742943620133026,0.15419484547966456,0.641619704914285,0.0387789359178587,-0.04230054045433082,0.007876895278225332,0.010613573784172423,-0.03622614225295289,0.9787015035669843,-0.0008716746638848443,0.0023443066467922075,0.0004932210636879071
0.07610214472120466,0.1237958877884348,0.6677830878339566,0.00018980033902133613,-0.00523532704691802,-0.029667209010725573,0.013530059186402547,-0.025746881295531213,0.9735655668315686,-0.00020389157605088762,0.002420408791513412,0.0006170169514763419
0.16149196824789958,0.22322500222606934,0.47990546625078706,-0.030926616153024045,-0.02742285552730761,-0.022982541037644584,0.009643165260446408,-0.036857696389198266,0.9665467122239222,0.0002760138901998995,0.0025819007597613114,0.0008402419537024112
0.13604790596347227,0.04891041524410404,0.19074768657261912,-0.03843393562491146,-0.029671994428206363,-0.015734985217747577,-0.0033696095777292073,-0.03480888261791452,0.970360844587578,0.00046676157677251863,0.002717948665724784,0.0008891523689465152
0.13246314348644198,0.06712149406931261,0.006366404627606229,-0.07825824141613079,-0.028075747785652562,-0.020142898322666192,-0.0005383711547460208,-0.03538883811765389,0.9689141953425259,0.0004731279814001249,0.0028504118092112255,0.000956273863015828
0.19571898992643355,0.0626153879932415,-0.13665188416512286,-0.06763782557262804,0.04637863242905986,-0.0189434567016434,0.011300940525240213,-0.02619350709941978,0.9661386642611433,0.000336476097235002,0.003046130799137659,0.0010188892510090693
0.16590481962126247,-0.11758749970254764,-0.30335223852870763,-0.09243666588718652,0.008745958431172896,0.014985255535606881,-0.003667832973037662,-0.021684136037233483,0.9757430089979894,3.3123858706294366e-05,0.003212035618758922,0.0009013017513065215
0.1665995377299957,-0.12452849644160151,-0.3921387563462919,-0.06920174617979827,0.014524385354733098,0.02582693912848255,0.011763638190389744,-0.032915144634699946,0.9790923026863441,-0.0003590148976399976,0.003378635156488918,0.0007767732548649201
0.1337301583681016,-0.22200467302242444,-0.47693058332646304,-0.04543975795647731,0.007193590559306582,0.06827052150631595,0.013751319844093784,-0.02594223193510799,0.9616431595364494,-0.0008359454809664607,0.003512365314857019,0.0005547685818424957
0.07563707752534744,-0.3073404842617964,-0.4320033511505956,-0.04167543935654281,0.05650865841187348,0.05026757759464664,0.014615666794541435,-0.04109348607203128,0.9761316676725817,-0.0012679488321170563,0.003588002392382367,0.0002474280975806993
0.18334506590311178,-0.2762861673988282,-0.31487365062498895,-0.007111093241929963,0.0005939626459126263,0.05735084060658111,0.007844633574847427,-0.03148809569183674,0.9659127080857454,-0.0015828224827420453,0.0037713474582854786,-2.885806981812894e-05
0.08116496507224209,-0.27696056212941295,-0.2590597036042824,-0.018379032393038213,0.0008734804621274557,0.060690146671104124,0.011356413890468871,-0.024606907144187222,0.9674934642773076,-0.0018418821863463277,0.003852512423357721,-0.0003058186319475419
-0.025333224768770618,-0.2687668924119559,-0.055703650079648365,-0.05742666818960498,0.013136463288737143,0.033829570675595326,0.010319860225158416,-0.029035018612930383,0.9701560427294044,-0.001897585836425976,0.0038271791985889504,-0.0005745855243594977
0.0163061806073719,-0.23761042323481063,0.002185063391246661,0.048262933779238106,0.011909525869592551,0.020866331979338598,0.0020223893406037,-0.022356870550140334,0.9764187028290641,-0.0018954007730347293,0.0038434853791963217,-0.0008121959475943084
0.04635576820976721,-0.1873232699450638,0.19239281252289397,0.009074563684920831,0.016846359910845207,0.021646359487555257,0.013222421542009503,-0.038345795178175025,0.9700245820926937,-0.0017030079605118355,0.003889841147406089,-0.000999519217539372
-0.008087161564234967,-0.1939258365868108,0.4185116212542528,0.04417825113848478,-0.01942879660687127,0.04891957027389534,0.016560114805630653,-0.030706866837722877,0.9706187052927723,-0.0012844963392575825,0.003881753985841854,-0.0011934450541261831
-0.10028129702608218,-0.06464665874732126,0.5051695373709191,0.055423066946019436,0.015034168499410907,0.05542227415368876,0.013164757939665463,-0.024619713031064583,0.972761497881757,-0.0007793268018866635,0.0037814726888157715,-0.0012580917128735044
-0.1179859400402155,0.038488246150686564,0.47478465879960047,0.06724169656661128,-0.038899501759939184,0.03265718777096763,0.007313391011083907,-0.024533250452803478,0.9734887773031864,-0.000304542143087063,0.003663486748775556,-0.0012196034667228178
-0.15183390863752688,0.10854972938840848,0.4156715085070348,0.06844344295206367,-0.05449908518183256,0.0056144156770716845,0.013636395573123317,-0.023999653959863598,0.9709273177509714,0.00011112936541997183,0.003511652840138029,-0.0011110537373344093
-0.147815624533812,0.09684459958374675,0.3149881722114481,0.06960073507293,-0.06377956234388149,0.03426642530797397,0.016533664509737804,-0.02539620501998337,0.9733970926428942,0.00042611753763141996,0.0033638372156042174,-0.0010142091377506625
-0.14308050693238247,0.20408485110322702,0.17535382727583582,0.03844024059602832,-0.06264998046960116,-0.014831363793119877,0.015985158424881612,-0.03200315068518791,0.9652598345707251,0.0006014713649072558,0.0032207567086718347,-0.0008101242866474352
-0.17258221797297535,0.1748853848902369,-0.14053207766939524,0.10931852944467053,-0.07372952927867314,-0.033514411515487556,0.015396390506230387,-0.030026203361072742,0.9595159549752723,0.0004609392872378605,0.0030481744906988594,-0.0006352389017571985
-0.11172872714021381,0.2199656040387887,-0.22795059614394905,0.060050357196319924,-0.03600424994069252,-0.007624440139055737,0.0024103914908617553,-0.014396145808426233,0.9772525897603866,0.00023298869109391143,0.0029364457635586458,-0.0004152732977184097
-0.05650534055073609,0.26815923117345575,-0.45451382686159864,0.03508497320482709,-0.06908602457140893,0.013603120482751805,0.01246801183081758,-0.03212174068092617,0.9628785813545171,-0.00022152513576768722,0.0028799404230079096,-0.00014711406654495396
-0.06827557443410201,0.23235875249192894,-0.6197847574307398,0.056503668049976294,-0.04721573704651355,-0.026202421328927243,0.013812000715367007,-0.032748841286695564,0.9653373567103875,-0.000841309893198427,0.0028116648485738078,8.5244685946975e-05
-0.013347275084319038,0.17192125965227603,-0.7606366656058421,-0.01646278809490539,-0.058294306025302486,-0.03841792831936221,0.015883487617790803,-0.022117012710703175,0.9662886965795455,-0.0016019465588042693,0.002798317573489489,0.000257165945599251
0.07846862994981937,0.23671411641864476,-0.8761773658138947,0.008443819248369578,-0.052341082011499736,0.002972441642424801,0.013374303725527052,-0.030657656238972836,0.965366808577696,-0.0024781239246181638,0.002876786203439308,0.0004938800620178958
0.11528762093701664,0.11724624762808333,-0.8465014190300784,-0.03211546247097509,0.0036571121062838738,0.02501680009383632,0.01866150920830394,-0.016244437967417626,0.9641956081709939,-0.0033246253436482417,0.002992073824376325,0.0006111263096459791
0.05296577757905192,0.08050189448616102,-0.6348327565390562,-0.022378496961866445,0.024927162748119305,-0.04228974976593069,0.0018676668897119365,-0.011376834624206406,0.9700845325823915,-0.003959458100187298,0.003045039601955377,0.0006916282041321402
0.11864022377152228,0.09819323429578126,-0.576369612880042,-0.028031838527027026,0.029946567371926754,0.04321660937414213,0.01390334308116019,-0.026096693039432024,0.9700781904103485,-0.00453582771306734,0.003163679825726899,0.0007898214384279216
0.08808795890376935,0.019532079635931517,-0.29901984602402604,-0.08565587341139234,-0.013453915634326727,0.0015362907636672588,0.013610843975967613,-0.023187033486577188,0.9707473455424934,-0.004834847559091367,0.0032517677846306686,0.0008093535180638532
0.08540141391879306,-0.04746256943380998,-0.1428538266301245,-0.06619706859717527,-0.00018236051065743779,0.04652758179052038,0.015833265735420186,-0.033699255020531206,0.9703744488477724,-0.004977701385721491,0.003337169198549462,0.0007618909486300431
0.06227415593143799,-0.16555094812020277,0.1583756373615409,-0.0009269823857072255,0.07505706946469072,-0.007173271151563914,0.01913367518113826,-0.01925899555141233,0.9654460067808612,-0.004819325748359951,0.0033994433544808998,0.0005963400005098403
0.11669670686765628,-0.18287730294982796,0.37552012662862566,-0.02974832890560927,0.03746758732285366,0.001412035076836066,0.007084573556583022,-0.035450641965883656,0.9653789274059124,-0.004443805621731325,0.0035161400613485556,0.0004134626975600123
0.15480681450462092,-0.12939020240232008,0.5810942465381943,0.025577213848188108,0.01980514585558544,0.038946143788362635,0.019171149869303798,-0.030794963623207033,0.9730078441620299,-0.00386271137519313,0.003670946875853177,0.00028407249515769226
0.03190167204503604,-0.12283909697443196,0.7202434988206277,0.02337478382206579,0.07114957337781562,0.044401252131431125,0.015804938867200247,-0.02334353484557367,0.9647464511622051,-0.0031424678763725027,0.003702848547898213,0.00016123339818326028
0.05688479214474465,-0.1302702094702261,0.8741372946632714,0.004737452375027916,0.050438565546170544,0.01181717501998027,0.010896179971684565,-0.0210368198083689,0.9645888001368882,-0.0022683305817092314,0.003759733340042957,3.096318871303416e-05
0.029090910123837785,-0.14092460012573255,0.8930308906022812,0.014228292916230578,0.05752841122113499,0.050932140003821895,0.007389113598836077,-0.03103260487039346,0.9718844038462102,-0.00137529969110695,0.003788824250166795,-0.00010996141141269838
0.02632256029734266,-0.10901148294219268,0.7391559744964078,0.06290462770715838,-0.003882476593603954,-0.02648139703758539,0.013015264609431525,-0.026163195718288953,0.9670860377855607,-0.0006361437166105422,0.0038151468104641374,-0.00021897289435489107
-0.005092801923680704,-0.03476198362441659,0.5702290071892039,0.0789487229652469,0.02713727978512646,-0.035038679095400295,0.013562212769327422,-0.031595211121403975,0.9645958475937221,-6.591470942133826e-05,0.0038100540085404568,-0.00025373487797930767
-0.02567940394629072,-0.05731500224140266,0.34250937259894826,0.034858484471965795,0.04394906133427826,-0.027144275885342253,0.013939419318582263,-0.024708714603410488,0.9645855037299623,0.00027659466317761,0.003784374604594166,-0.0003110498802207104
0.00419545049646243,0.049417479922135424,0.12814880806990575,0.07139863215714808,0.0025522801831989158,-0.03267571332249194,0.009197906356203739,-0.026962997898676087,0.9726256944866902,0.0004047434712475158,0.003788570055090629,-0.00026163240029857497
-0.15364135606286639,0.02226524963274712,0.04550582480791082,0.057505485800674855,0.03012292941929804,-0.021930273822662202,0.015478032676139026,-0.02597278045049148,0.9698790703062304,0.0004502492960554266,0.0036349286990277627,-0.00023936715066582784
-0.18304055538063002,0.0710445041083517,-0.28181593082943374,0.053634055972817854,-0.03056143007459044,-0.04147772767699178,0.010501834045009217,-0.019372703904975763,0.9680745905107868,0.00016843336522599285,0.0034518881436471326,-0.00016832264655747612
-0.15093505281467576,0.15030042765452667,-0.38686291058647787,0.021164309761615433,-0.015256984359089865,-0.011404456430834072,0.018710109840971212,-0.021054859003987368,0.9610033624594162,-0.00021842954536048506,0.0033009530908324567,-1.8022218902949445e-05
-0.11116291554265775,0.17868317507731202,-0.4557616025753585,-0.0071418376559115055,0.012503729093118893,-0.0053968332675779634,0.0212754663350666,-0.01949012226983174,0.9679823327220535,-0.0006741911479358436,0.003189790175289799,0.00016066095617436258
-0.25389873393789175,0.16325679245437535,-0.6140814249966442,-0.029081931555909057,-0.04898690992727358,0.024605500494674443,0.008758137742708495,-0.022774849200423282,0.9656579398542424,-0.001288272572932488,0.002935891441351907,0.00032391774862873795
-0.17245342269690211,0.07780262127830526,-0.5173590887376829,-0.048788837339462016,-0.023996974685381374,-0.0074293110182196715,0.013216774201687475,-0.018376413110697768,0.9621033964468998,-0.0018056316616701707,0.0027634380186550046,0.00040172036990704325
-0.19026105390330572,0.011458984434332145,-0.4269933746833406,0.0015060974188419065,-0.018897821191197445,0.019781632461210008,0.0178738247708258,-0.02196823122120474,0.9636015522203493,-0.0022326250363535116,0.0025731769647516986,0.0004131793543413753
-0.12741193463780093,0.054631899683349514,-0.25485768952573534,-0.04872417242730068,-0.0276444121500822,0.03557367304945398,0.014487572913559859,-0.02408080215658913,0.9700343992068903,-0.002487482725879247,0.0024457650301138983,0.0004678112540247249
-0.11645495701198386,-0.08281764174271239,-0.04269675684518052,-0.08133244462790772,-0.031176649913540383,0.03263186729642648,0.006440203645848001,-0.018601600895875633,0.9727100095903882,-0.0025301794827244277,0.002329310073101914,0.0003849936122820125
-0.11555266517980513,-0.00671991617034607,0.16922108489877696,-0.04437278069601279,-0.03850617061566083,0.036018059421620716,0.017620946739687747,-0.02340159627293461,0.9611553266523379,-0.0023609583978256507,0.002213757407922109,0.0003782736961116664
-0.06273065657021601,-0.15478841353505549,0.25253315469403176,-0.07595023208139516,-0.010345799430133137,0.0040203393123712915,0.010361699722593034,-0.022761431387071804,0.9617306917478361,-0.002108425243131619,0.0021510267513518925,0.00022348528257661092
-0.07913682051287022,-0.05314507377912961,0.38692163850522426,-0.07707697581975965,-0.008607721664030671,0.04920582899278984,0.014485983469897129,-0.015601601349272617,0.969802569247321,-0.0017215036046263944,0.0020718899308390226,0.0001703402087974813
0.026367212946566028,-0.24307764690568373,0.47522902375243103,-0.016190420040181615,-0.027092395020293387,0.05876464417555654,0.0086059630101292,-0.015900947080530005,0.9642309831498502,-0.0012462745808739636,0.0020982571437855885,-7.273743810820244e-05
0.09220186088950626,-0.2090568088063972,0.45314851409794143,-0.0738469561211991,0.03170168635443149,0.042221928597350356,0.017641172360247294,-0.02208498637401405,0.968985956633514,-0.0007931260667760221,0.002190459004675095,-0.00028179424691459964
0.07066437873258175,-0.2817559983697843,0.4524029049494124,-0.029062723565089835,-0.0011172527540242137,0.021838476697926365,0.011654449024641557,-0.01606240076537976,0.964054425871319,-0.00034072316182660965,0.0022611233834076766,-0.000563550245284384
0.08207310954812692,-0.25749176304055005,0.33452545774913395,-0.029851813426320362,-0.004966980284394013,-0.0038301471523545707,0.018352720577963822,-0.026644420968934806,0.968998254600251,-6.1977040774757185e-06,0.002343196492955803,-0.000821042008324934
0.12460153309076043,-0.2270392484668236,0.018535347300228294,-0.016108763837196196,0.01580462302828684,0.02998482960213101,0.012866555067044752,-0.021536615811351835,0.9591904638794913,1.2337643222752577e-05,0.002467798026046564,-0.0010480812567917575
0.19241779399467984,-0.16620717462991194,-0.030454033259654657,-0.013381682540183572,0.012320099195476279,0.01247460035809939,0.011624625098525129,-0.02366478159927338,0.9687518050082539,-1.8116390036902082e-05,0.0026602158200412437,-0.0012142884314216694
0.17233162075847355,-0.11549219525476508,-0.26949297959632873,0.03299105211714459,0.025226701935492306,0.031046779510963976,0.01618124348491836,-0.01973988172649666,0.9554552058566763,-0.0002876093696332308,0.0028325474407997174,-0.0013297806266764347
0.12988576604840593,-0.07467225537315716,-0.4674424910995931,0.028065879664926695,0.003447761328926394,-0.03299506795854803,0.008836912224109681,-0.01588305267588053,0.9705244548659472,-0.000755051860732824,0.0029624332068481237,-0.0014044528820495918
0.23196058926158977,0.0011365588404379026,-0.5949952378213644,0.06804584451215306,0.03292647730051034,-0.018732978095332253,0.02328810328668567,-0.01660195618265388,0.9656743668416581,-0.0013500470985541883,0.003194393796109713,-0.0014033163232091538
0.13832707924157783,-0.010258967497396587,-0.8478498366341313,0.062196904052350045,0.04524554709834186,-0.03870416099079937,0.015312623720069815,-0.017106062117747803,0.9679974618977029,-0.00219789693518832,0.003332720875351291,-0.0014135752907065502
0.1910726437355643,0.1113836329242376,-0.872330518844702,0.05963693360831442,0.011741218802341764,0.007847780189110502,0.011640250447975325,-0.018340137701488925,0.9669239420446752,-0.003070227454033022,0.003523793519086856,-0.0013021916577823124
0.06703119735375075,0.12382206835709332,-0.7920671368486554,0.04699756025013397,-0.0284545962763746,0.014266322085838062,0.012561301714533095,-0.0196473437177628,0.9571563451026022,-0.0038622945908816774,0.0035908247164406063,-0.001178369589425219
0.13352545735501797,0.2334724860021664,-0.7958748105294474,0.08739095498072719,-0.027669418581475168,0.03231837387358901,0.014731747057096562,-0.012666990466642228,0.9724671620347897,-0.004658169401411125,0.0037243501737956237,-0.0009448971034230528
0.09665813491721074,0.229482536229552,-0.5334568843914491,0.06432362111914187,-0.014860591868534176,0.010411922705923962,0.019708319993326548,-0.026227520752589235,0.9672531032678374,-0.005191626285802574,0.0038210083087128347,-0.0007154145671935007
-0.022407098159483566,0.2739535218020069,-0.26907763581428995,0.023990141366716133,-0.06794041520448427,0.02295468953013558,0.010341312392475661,-0.021650220708325396,0.969310170154558,-0.005460703921616864,0.003798601210553351,-0.0004414610453914937
0.05026284826311456,0.2640998072637027,-0.04425113313582217,-0.003441694703088316,-0.06141996583362036,0.0233779579809063,0.013054114051891394,-0.016080986123672304,0.96148050331859,-0.005504955054752687,0.003848864058816466,-0.00017736123812779104
-0.048623633082410876,0.2749382541920164,0.19269271922980927,-0.02870574219147197,-0.07620023916100914,0.03310984881293422,0.014734025327153058,-0.010318556207978797,0.9666287299930267,-0.0053122623355228785,0.003800240425734055,9.757701606422537e-05
-0.025187260910136983,0.177216792610044,0.4116046720884805,0.017408465241901767,-0.045319117616534746,0.028375606655030985,0.022776890151029988,-0.019507262711658827,0.9588238359972547,-0.004900657663434397,0.0037750531648239184,0.0002747938086742694
-0.07589158015500869,0.10381271532250844,0.5951471303903095,-0.00018508453251766242,-0.006343038733876851,0.04364061645845239,0.02014260983480095,-0.018902388348704238,0.9660681402280218,-0.004305510533044087,0.0036991615846689095,0.0003786065239967779
-0.1483765744995293,0.17380638378455981,0.7261531013134527,-0.008160523451385272,-0.07417691632376192,0.07560494599786652,0.023179507699265328,-0.023866554464252503,0.9605730705918439,-0.0035793574317306343,0.00355078501016938,0.0005524129077813377
-0.1461019943067583,0.13656796745501074,0.8218624204095563,-0.03916469746185689,-0.029394686792263598,0.03616059156322162,0.01546498741378637,-0.019943333567191874,0.9902561714254948,-0.002757495011321078,0.003404683015862622,0.0006889808752363485
-0.15380471529467735,0.014058805588398861,0.7275429418591421,-0.024749301433794,-0.05129219074053338,0.028705404484747878,0.02255413945713914,-0.01351293183757955,0.9681950994859062,-0.0020299520694619356,0.0032508783005679442,0.0007030396808247474
-0.06880897569288852,0.0038689869075271763,0.7817557620302847,-0.020666169329632694,-0.05852274017157948,0.026342820259856473,0.021806697206377432,-0.008975530211281097,0.9717731239019906,-0.001248196307431651,0.003182069324875056,0.0007069086677322744
-0.07332614214506072,-0.1548399038801313,0.5348870535029742,-0.03926339547153022,0.008835476169482834,0.011758290756278038,0.01903345919764038,-0.01815591367271508,0.9638206208977623,-0.0007133092539286768,0.0031087431827299954,0.0005520687638521431
-0.0020295505112794404,-0.14520313874905513,0.40462281016399215,-0.03838389983020567,0.03168108087768572,0.010895258170464602,0.019513367572134146,-0.020501422215421863,0.9670135192397337,-0.0003086864437646846,0.003106713632218716,0.00040686562510308796
-0.11176173887002033,-0.137295086728927,0.16992278538492986,-0.041436115998261476,0.008319131939092637,-0.006813451160221808,0.012733612895624925,-0.015974442802960835,0.9694953700708353,-0.0001387636583797547,0.0029949518933486954,0.000269570538374161
-0.0934258345699199,-0.23153002176029747,-0.09916847531858602,-0.002262918193595016,0.018963717446512835,0.0110923724733449,0.02492548540899328,-0.024212835215353674,0.9595552386013014,-0.00023793213369834075,0.002901526058778776,3.804051661386354e-05
-0.03848683601234075,-0.218462875910024,-0.17579277915903907,0.012344422005739342,0.023989992809738583,0.0017521372082425126,0.014635092175654039,-0.009777353106434641,0.9615067068487706,-0.00041372491285737977,0.002863039222766435,-0.0001804223592961605
-0.03479490581032546,-0.12369490302623999,-0.33175821733287264,0.004739881773140276,0.029611512611285883,0.01884311588341645,0.018735569728441204,-0.021924352668811143,0.969682926425349,-0.0007454831301902526,0.0028282443169561095,-0.00030411726232240047
-0.01796989215033884,-0.12990393077221773,-0.5425230997102883,0.017531972284158925,0.04748345541163509,-0.027761857596045166,0.01939616360987231,-0.014016753044724845,0.9636811642687428,-0.0012880062299005408,0.00281027442480577,-0.00043402119309461813
0.038113728790383876,-0.08000013816058896,-0.4970666067601068,0.02718449007560505,0.060158814082144504,-0.021484628990278358,0.009230935994924375,-0.01390537631791195,0.9609843451674497,-0.0017850728366606478,0.002848388153596154,-0.0005140213312552071
0.09274424006526391,-0.039097111459273165,-0.4418354035999882,0.05260183650953843,0.08341025803179644,-0.019365194470874827,0.015906499533592015,-0.012075888367775532,0.9615192387108503,-0.0022269082402606357,0.002941132393661418,-0.0005531184427144803
-0.015440422424890188,-0.03400942438052837,-0.445762202435695,0.011030604795682429,0.0405965043047082,-0.01462751982812911,0.017252565073295166,-0.013750489178446923,0.9585134031798888,-0.0026726704426963312,0.002925691971236528,-0.0005871278670950086
0.07206725194879342,0.058267223796584285,-0.3023250634421071,0.014393459727371063,0.051908999062008195,0.011970682844088315,0.01574182862930555,-0.014828365228134239,0.9547809308070293,-0.002974995506138438,0.0029977592231853214,-0.0005288606432984243
0.044855768651770184,0.10484888615003822,-0.07146623099463406,0.009052923720202048,0.04345873705602688,-0.033465519945949616,0.01618499611878262,-0.012512040438263346,0.9560491060567292,-0.003046461737133072,0.0030426149918370915,-0.0004240117571483861
0.10691104647088985,0.10649504071251659,0.08232152914804092,0.018698129330031184,0.05942814800646776,0.018804637448797144,0.023916363153437308,-0.010294320127474355,0.9647106013101107,-0.002964140207985031,0.0031495260383079815,-0.0003175167164358695
0.13170493555618434,0.1260523248865365,0.25251175878828175,0.016123363697612653,0.07893976838511586,0.06009553905895622,0.012388366272606997,-0.005297854060068798,0.9677927100455589,-0.0027116284491967495,0.003281230973864166,-0.000191464391549333
0.15416564952552533,0.14189060193980677,0.3596240306138244,-0.02531880482902639,0.042889292428684216,0.05719964060418596,0.010250744778829255,-0.019604743132768953,0.9769820684223286,-0.002352004418582925,0.0034353966233896917,-4.9573789609526216e-05
0.06728402711130843,0.1768836063481707,0.4797465000754599,-0.000420553704120483,0.027832666655061972,0.06305464300250922,0.013731886884048004,-0.023099037906297117,0.9641334561347699,-0.001872257918507465,0.0035026806505009996,0.0001273098167386445
0.07068129290083082,0.10902900348957204,0.44577569769807074,-0.0038111977661413137,0.020155183506583258,0.060803873201106716,0.02045473376601432,-0.02144956175189227,0.9578937910686017,-0.0014264822208093942,0.0035733619434018303,0.00023633882022821656
-0.03797612824735237,-0.013087985767003665,0.47311940977949796,-0.037954499400129176,0.0180576133822186,0.03521831821423329,0.021010380009307102,-0.022592424670935394,0.9641047133977058,-0.0009533628110298962,0.003535385815154478,0.00022325083446121286
-0.030310232410364867,-0.026664753278182997,0.3039646160194308,-0.03462081291084005,0.03284689406631653,0.03239460762889814,0.019899864745281957,-0.01933507369084033,0.967715337787436,-0.0006493981950104655,0.0035050755827441132,0.00019658608118302987
-0.013657252563377072,0.017843568877122268,0.15696991418134454,-0.08303999909876585,-0.0556874933473527,0.029944884022203112,0.021496049756555845,-0.019780003404010312,0.969305467024452,-0.0004924282808291209,0.003491418330180736,0.00021442965006015211
-0.11893504547019407,-0.11188577057372467,-0.1634714428759424,-0.08639475629175786,-0.014544520796693529,0.01684684655171563,0.018283685911863124,-0.015038715436278396,0.9687742665033194,-0.0006558997237050633,0.0033724832847105424,0.00010254387948642745
-0.031919914539433436,-0.13762378340881432,-0.3300486780578421,-0.05790788377826287,-0.08049909865783726,0.05133573070512861,0.014479245947756698,-0.00849088394342206,0.9669268790744587,-0.0009859484017629052,0.003340563370171109,-3.507990392238686e-05
-0.09471731308557983,-0.09199839752055608,-0.4959163383827724,-0.06433682615830345,-0.009875628192230004,0.05320819101665867,0.012408684651821832,-0.009443362828175714,0.9644940336506156,-0.0014818647401456777,0.003245846057085529,-0.00012707830144294293
-0.1864628790752197,-0.18855864030291614,-0.6457172862427126,-0.07278097645249575,-0.015655857957275757,0.023416801603096896,0.010888352204850037,-0.015495922185467794,0.9676564084358523,-0.0021275820263883904,0.0030593831780103093,-0.00031563694174585914
-0.2338315041732713,-0.34059717033902825,-0.805208834389677,-0.014280203451644052,-0.03333495935725117,0.021995374690900293,0.01612688358646346,-0.014872722264340662,0.9580032607333352,-0.0029327908607780675,0.0028255516738370377,-0.0006562341120848874
-0.21319046852695328,-0.18443123876660933,-0.8385463446692927,-0.02197925535342934,-0.069801963624228,0.0040159514849956186,0.021267573527011332,-0.0019479003176365636,0.9538417591648046,-0.00377133720544736,0.0026123612053100846,-0.0008406653508514968
-0.2287658120418758,-0.2370821124162535,-0.7986018844866141,0.002615161996267917,-0.009416404422320898,0.003520787688960374,0.018572839625125966,-0.008835908196478639,0.9743043432101828,-0.004569939089933975,0.002383595393268209,-0.0010777474632677501
-0.24303811550895138,-0.20413026687203062,-0.6859990243437367,-0.0078010593818216845,0.0033524492816779513,-0.05394376209306786,0.01756476616134615,-0.010754049948473296,0.9635586813505604,-0.0052559381142777105,0.0021405572777592574,-0.001281877730139781
-0.2436685269693513,-0.16965809111330377,-0.40033363498675845,0.05582192491914171,0.00583644584317364,-0.006525385086701476,0.012234209853321028,-0.010817536209438903,0.9664192042385019,-0.005656271749264469,0.0018968887507899064,-0.0014515358212530845
-0.17392917723276907,-0.09191213372487678,-0.264963448066156,0.033956442615875895,0.0024681422677428947,-0.01997913593516059,0.030467792939885392,-0.012678450886617783,0.9496971485485017,-0.0059212351973306245,0.0017229595735571372,-0.0015434479549779612
-0.10708729562990668,-0.0788796039358675,-0.030003966160119376,0.06962701887215922,0.0037961443233266896,-0.008566141787956729,0.013503828061681069,-0.0010234124238272333,0.9713867661300424,-0.005951239163490744,0.0016158722779272307,-0.0016223275589138286
-0.14490046941918425,-0.07958094979128115,0.16086683550994815,0.046284657238545975,0.026071937402675677,0.002375669694289583,0.018293159651138136,-0.011794944305784497,0.9693982247030236,-0.005790372327980796,0.0014709718085080465,-0.00170190850870511
-0.05832129499821005,0.068007219955903,0.3913987712304454,0.06599344970607243,0.01458294038601465,-0.009529963422488021,0.02276346075617852,-0.009905565355947225,0.9557477300103148,-0.005398973556750351,0.0014126505135098363,-0.001633901288749207
-0.05705736600038462,0.05053314362791175,0.6246591855304966,0.07419320912989488,0.048172138390386345,-0.009253057894197126,0.01801760685627916,-0.018702194053549958,0.9619463157137292,-0.004774314371219854,0.0013555931475094517,-0.0015833681451212951
0.024805641696320147,0.25095954947302246,0.8120346928623345,0.09916003120616708,0.029484058532851975,0.00457693719676021,0.013828126740242653,-0.013445738332837161,0.9648213157674286,-0.0039622796783575194,0.0013803987892057716,-0.0013324085956482727
-0.0007731574893144605,0.1928396673399163,0.8046888193741539,0.042838120396066826,-0.006655656401212873,-0.0032471036020252243,0.021962292136746966,-0.012823039115197797,0.9571288195691178,-0.0031575908589833654,0.0013796256317164573,-0.001139568928308356
0.08556467172995023,0.23531703990896527,0.7851445899806301,0.044869939371032654,0.026008590361786318,0.007149298008283999,0.011276672931041324,-0.007443268860033631,0.965849320881825,-0.0023724462690027353,0.0014651903034464077,-0.000904251888399391
0.11226317285765967,0.21920910353973616,0.6655376640540699,0.03951100953110786,0.023542704809639322,0.012223809308990705,0.0267394411728032,-0.013555869661950899,0.9685916957982591,-0.0017069086049486652,0.0015774534763040673,-0.0006850427848596548
0.198908878056624,0.2623773272748204,0.46765190277662194,-0.015076982379340527,0.03896310502216215,0.003697083185994909,0.019494411587990906,-0.009243006545042044,0.9649428522685596,-0.0012392567021720434,0.0017763623543606913,-0.0004226654575848344
0.18561591292575016,0.24862685434527781,0.37404366902010505,-0.044929405875292726,0.01558166212268509,0.040215426187065154,0.01686951619108633,-0.01232089423280308,0.9554492177887776,-0.0008652130331519383,0.0019619782672864418,-0.00017403860323955656
0.18856196502734018,0.16367522414780994,0.12829884487007737,-0.03513345818034774,-0.030890570751258742,0.0064787335059937525,0.011107262063212891,-0.014596644859688368,0.9580554609379129,-0.000736914188281861,0.0021505402323137818,-1.0363379091746617e-05
0.1185960803016167,0.17184266879238022,-0.050175961744818864,-0.007749563628668148,0.005922289806753787,-0.01990179412292712,0.012481172572130583,-0.01460399061181777,0.962579081900238,-0.0007870901500266798,0.002269136312615398,0.00016147928970063362
0.16372977238411604,0.10264646222206503,-0.24850044631566756,-0.0018978627828797703,-0.05913082558454167,0.0008468896681974921,0.01803176934917622,-0.009568376170819364,0.9619094332773519,-0.0010355905963423473,0.0024328660849995145,0.0002641257519226986
0.14507074958594618,0.0400612124927412,-0.43989947705416327,-0.06045561019070419,-0.03824101441379404,-0.02249119607821857,0.027806420860051275,-0.00798971895339991,0.9619704604199216,-0.0014754900733965105,0.002577936834585461,0.0003041869644154398
0.1308020497805264,-0.044564095403145425,-0.4663011924865713,-0.06839034590252267,-0.029213076835282,0.02007343896369968,0.019557286618911783,-0.009277088617649656,0.9617531892934601,-0.001941791265883082,0.002708738884365987,0.00025962286901229435
0.14956106272347808,0.04666277346115874,-0.5513688424847699,-0.01166096134868523,-0.018332224723206968,-0.0142912938350111,0.02017670448023997,-0.01227599741162199,0.9540163279392815,-0.0024931601083678524,0.0028582999470894654,0.0003062856424734532
0.13468923939117558,-0.04690224511237264,-0.43204093536148863,-0.048453386709463385,-0.010418708808993711,-0.052416553343226306,0.020420210875420817,-0.008603477740785933,0.967024844880678,-0.0029252010437293406,0.002992989186480641,0.00025938339736108053
0.10708567487695787,-0.09808960354058183,-0.3377615892485059,-0.036385218118130724,-0.020776251056884153,-0.015310324362514985,0.03035742773953405,-0.00933106909045753,0.9660932719870898,-0.0032629626329778467,0.003100074861357599,0.0001612937938204987
0.12013899004436615,-0.0968180212581101,-0.11407218790567741,0.010651169736754479,-0.04451880857360297,-0.025889347968677756,0.01637707384892073,-0.012729466487916147,0.9655295286838996,-0.003377034820883524,0.0032202138514019654,6.447577256238858e-05
0.0511493868688636,-0.13769472153705542,-0.051454215808191095,0.019065974010263928,-0.023360243556014876,-0.030341058409692,0.02645743890843595,-0.006907137728289974,0.9650271453937047,-0.003428489036691715,0.003271363238270829,-7.321894897466685e-05
-0.06027931443174114,-0.15641295978380587,0.1022113207314907,0.023804403355975154,-0.021633016324585776,0.010763692094632576,0.01668254472119643,0.0019268314837637334,0.9614191685655947,-0.003326277715960224,0.003211083923839088,-0.00022963190875847277
-0.025118439852865018,-0.23807440963432794,0.298397835767231,-0.01796489134776693,-0.02994522361183523,-0.03293168783664795,0.01520197760655313,-0.007674782590121254,0.9597657603778522,-0.0030278798801929934,0.0031859654839862224,-0.00046770631839280065
-0.03468265832383881,-0.1383144866175698,0.4591057887235915,0.00043343200619899887,-0.006731471232554818,0.016485080562466857,0.018365851349105993,-0.014034159350187148,0.9576746893449929,-0.0025687740914694017,0.003151282825662384,-0.0006060208050103704
-0.025875566792749043,0.05888339436925734,0.36038033070723763,0.05469536843703945,0.04323098908760426,-0.0020482312110787545,0.01838431008461268,0.0008122482829263774,0.9704392697055567,-0.002208393760762164,0.003125407258869635,-0.0005471374106411131
-0.10765003174175693,0.05778205643469253,0.5227274077889436,0.04202761543726916,0.03160910871345557,0.016449633007463806,0.021659474859086546,-4.642205649924187e-05,0.962584227786547,-0.0016856663529732205,0.0030177572271278784,-0.0004893553542064205
-0.11737805388358356,0.05845168452233548,0.40006517867026403,0.0198194149879425,0.07038087366590721,0.011939245423942126,0.007271124550248231,0.0010292131840857113,0.9543462498965387,-0.0012856011743029563,0.0029003791732442954,-0.00043090366968408505
-0.06447157496659187,0.016977077763609197,0.2242034013127898,0.024416506319163832,0.016580012929879775,0.021957039796939998,0.019671233153932127,-0.006145749645630531,0.9624657010609485,-0.0010613977729901666,0.0028359075982777033,-0.0004139265919204758
-0.10243462475021581,0.15120413625022952,0.07975403981387864,0.04590059610262274,0.03768420481771032,0.03362576202634867,0.01597833987289591,-0.009653524585380512,0.952153344557167,-0.0009816437331762878,0.0027334729735274876,-0.00026272245567024634
-0.17424032560425756,0.13075708988730558,-0.14597959818670234,0.043542868387661256,0.0583909170134928,0.008409929883956826,0.015391705560956145,-0.010001825397827884,0.9637778057265006,-0.0011276233313629901,0.00255923264792323,-0.00013196536578294075
-0.16834950264167556,0.18415852904509894,-0.383099659114362,-0.00013516311024996258,0.06716176365885042,0.05456179809700912,0.012571225193386298,0.00036862048513828117,0.9632160214532852,-0.0015107229904773524,0.0023908831452815545,5.21931632621582e-05
0.020335652104765192,0.09528381907763511,-0.6136516038681465,-0.02813452342907318,0.04958997657336655,0.0482225345249379,0.017263983854836823,0.002891224552452761,0.9597551381175007,-0.0021243745943454987,0.00241121879738632,0.0001474769823397933
-0.11889774575566484,0.10418167565840092,-0.6494275329128694,-0.03459456408195575,0.06500670079597153,0.011580195951112251,0.016542105431037717,-0.0095405754463937,0.9577311552637414,-0.0027738021272583685,0.0022923210516306546,0.0002516586579981942
-0.02121690037068195,0.13479001688685271,-0.8098662648714631,-0.01611051677098342,0.05961308515706666,0.04811090662318919,0.01702836901883561,-0.01733965802558098,0.9652048477467216,-0.003583668392129831,0.0022711041512599728,0.00038644867488504695
0.054403148988750295,0.1393835194794599,-0.8333074537195068,-0.028518148399043177,0.008799004310813287,0.055842045756497594,0.011004113804496785,-0.004628349956995099,0.9619419981683918,-0.004416975845849338,0.0023255073002487235,0.0005258321943645069
-0.040865426554408585,-0.03059237952880391,-0.7323985687130893,-0.06030412316914387,0.04294733066065692,0.004384008419612212,0.01972276594921796,-0.008860893387103528,0.9526132116835981,-0.005149374414562428,0.002284641873694315,0.0004952398148357029
0.014800479696635872,-0.10119131251842925,-0.6519830432606489,-0.08041125251109082,0.03973520945527795,-0.007031186947629451,0.0153079820491482,-0.0076760024824173295,0.9683060084703209,-0.005801357457823076,0.0022994423533909507,0.00039404850231727364
0.027779227877970575,-0.06284659979510343,-0.5470727105684914,-0.049731716936839754,0.014255097343169355,0.022751934640113013,0.011124296964643083,-0.005130733077778218,0.9575525304489171,-0.006348430168391567,0.0023272215812689214,0.0003312019025221702
0.18368673347587294,-0.2181598434754086,-0.21939946964016951,-0.03622077891342889,-0.038123937082801804,0.0019187840579901853,0.016591250115345613,-0.0016901366173160742,0.9556261518912917,-0.006567829638031736,0.0025109083147447945,0.00011304205904676161
0.2035477634027943,-0.25685746860482744,0.06712222882370221,-0.09087309553852746,-0.0156536117890952,-0.013380996785481507,0.01549350594372296,-0.007444094847223574,0.9689760438253984,-0.006500707409208034,0.0027144560781475887,-0.00014381540955806586
0.08032926077412642,-0.22032324834414124,0.27133192554711577,-0.05581292579335739,-0.008765389063195473,0.0035805826523791617,0.019600628216512195,-0.0026585767794985553,0.9674464614896708,-0.006229375483660919,0.0027947853389217155,-0.0003641386579022071
0.13732542724945926,-0.15276375102973405,0.43370856348085496,-0.014327139115831403,-0.040435064359359875,-0.006693661419126475,0.01661768267644108,-0.003769328772646209,0.9600121337604534,-0.005795666920180064,0.0029321107661711746,-0.0005169024089319412
0.11460144351917609,-0.28816931860122336,0.5854571169803855,-0.020084075838997583,-0.008235792067182427,0.01937810920426248,0.01220705836162634,-0.014464818218701074,0.9558186319412036,-0.005210209803199678,0.00304671220969035,-0.0008050717275331645
0.07083551791875017,-0.2504288254157884,0.7290621020106852,-0.014337584266911962,-0.013208608477254911,-0.004461916228045516,0.015041750608298076,-1.2646257566036913e-05,0.957499094088443,-0.004481147701188993,0.0031175477276091006,-0.001055500552948953
-0.013501567537486395,-0.19724550378143327,0.8199805556804062,0.01608339496298656,-0.024007981853350333,0.010982359745566987,0.010878249959167089,-0.0047919222896979745,0.959827099053626,-0.0036611671455085873,0.0031040461600716144,-0.0012527460567303863
0.1403057813013397,-0.17960221062709517,0.8503407878363177,0.035547390448379276,-0.023074738968732182,0.031798085085465964,0.025224366418237956,-0.008655522294271403,0.9680627413773786,-0.002810826357672269,0.0032443519413729543,-0.0014323482673574816
-0.08003764905641253,-0.18405073120756948,0.6492825866182788,0.019100404169685455,-0.01438921776306701,-0.0317184330173901,0.026054481206579053,-0.005765451819107539,0.9684241139649464,-0.0021615437710539908,0.0031643142923165413,-0.001616398998565051
-0.019460579716653156,-0.003889742264200205,0.4962499450051647,0.05381433664054229,-0.01163989889074133,0.046553250068711576,0.026685421483695158,-0.0009198321326419421,0.9627467053651069,-0.001665293826048826,0.0031448537125998884,-0.0016202887408292511
-0.09221045005945433,0.03253824769482545,0.37561213580767644,0.06590154393761252,-0.029555888645055286,0.018909908066335853,0.016666511894304955,-0.0015026448585282238,0.9651353208041125,-0.0012896816902411492,0.0030526432625404346,-0.0015877504931344256
-0.04812795016859544,0.10397320657130589,0.09385614909677839,0.0511055824911767,-0.004264001310682313,0.04209437990792698,0.026125424799043947,0.0016892464466614718,0.9608060805037193,-0.0011958255411443708,0.003004515312371839,-0.0014837772865631197
-0.08495588447234498,0.13784360773060875,-0.01605995022681085,0.04343274441285876,0.013860943576198295,0.06602348258897198,0.021698218032630903,0.0008509342547936784,0.9574572195015059,-0.0012118854913711818,0.002919559427899494,-0.001345933678832511
-0.19408564163092876,0.26154974734795966,-0.2821169096008553,0.042327605228393766,0.048170184396324166,0.024686214863571386,0.015575026486260874,-0.006989034457299063,0.9542870391157933,-0.0014940024009720372,0.002725473786268565,-0.0010843839314845511
-0.20512524326020348,0.20352727177358929,-0.35500622956539096,0.024213175768435232,0.03980724056103567,0.017278849707131,0.016565008051805465,-0.01570156899858644,0.963373571955336,-0.0018490086305374281,0.0025203485430083617,-0.0008808566597109619
-0.2532868917188727,0.1970255040676437,-0.4644833532307075,0.04844257541869296,0.05990835886298788,0.018745734174959734,0.018868718884695677,-0.00012447700338605696,0.9662300612020527,-0.0023134919837681355,0.0022670616512894893,-0.0006838311556433181
-0.17895062754936358,0.32689912450932546,-0.45678477828049824,-0.0022322365107686256,0.004838675434763905,-0.017332549817422917,0.02026112217945631,0.0026267891404111493,0.9591444109393454,-0.0027702767620486337,0.002088111023740126,-0.00035693203113399265
-0.15345803477863884,0.13708599045418945,-0.4400176023548941,0.006518530348059315,0.026052256883101716,0.04670507244921535,0.021582848726338987,-0.0013391382044303022,0.9676050065278347,-0.003210294364403528,0.001934652988961487,-0.00021984604067980316
-0.19697792087507524,0.20429919300581872,-0.3237638568940954,-0.01905341349772587,0.0725791698867242,-0.0071708051939588634,0.019778074783257195,0.0031771642054792557,0.9597127046355792,-0.003534058221297623,0.0017376750680864117,-1.5546847673984455e-05
-0.1709832200930791,0.1686438742444385,-0.14548168662969038,-0.038545400309959045,0.01193229414990378,0.0183282010521124,0.018062303665535736,-0.004933010575602467,0.9620263768295951,-0.003679539907927313,0.0015666918479933325,0.00015309702657045405
-0.04823012853757058,0.11835019577835842,0.04669933485185687,-0.0074636698266744815,0.005206996480996422,-0.027953625198953655,0.026582478790170283,-0.0014538320216255173,0.9604727964999805,-0.0036328405730754565,0.001518461719455762,0.00027144722234881245
-0.06336991857390584,-0.0016788137849247514,0.20765891743371884,-0.04486147155743604,0.007042035768472388,-0.02510741570253336,0.0192694481398907,-0.004125567017013069,0.9677312402906337,-0.0034251816556417377,0.001455091800881856,0.00026976840856388773
-0.010305173157549773,-0.04008867730137325,0.2523900836556398,-0.059401266627604,0.04365353614983543,-0.008729232064075934,0.01899877319857278,0.004164846424513567,0.963983313275909,-0.003172791571986098,0.0014447866277243063,0.00022967973126251448
-0.13818018358551637,0.0060843406149758555,0.4531784834778478,-0.06130840576651065,-0.01997423602315594,-0.048582456305614447,0.01878232774444727,-0.003672623551694082,0.9611994232241828,-0.0027196130885082503,0.00130660644413879,0.00023576407187749033
0.02889691322251762,-0.019950862908000452,0.4616132960447673,-0.0355570541155885,-0.005280354440404917,-0.024630985436449822,0.019316664541549095,0.011379627985775584,0.9618458424414994,-0.002257999792463483,0.0013355033573613077,0.00021581320896948988
0.053900155643504394,-0.1385692638311306,0.4519934535109385,-0.018882887280010766,-0.01791578381195983,0.002120983528569766,0.013083749386799683,-0.0012286147061283741,0.9554901717139768,-0.0018060063389525442,0.001389403513004812,7.724394513835925e-05
0.021525736240603256,-0.18542838425498415,0.41759902879745675,-0.000481328190933804,-0.0725062085250102,-0.01160956690342699,0.014892792660232457,0.005473201347658071,0.950239529190391,-0.0013884073101550877,0.001410929249245415,-0.00010818443911662489
0.06446361445390529,-0.23406688266304476,0.335195359634121,-0.018002658313534713,-0.040757726744957465,-0.00693464222795292,0.03214984244449489,-0.0007625264320570678,0.958721663581746,-0.0010532119505209665,0.0014753928636993202,-0.0003422513217796697
0.13096421339771558,-0.10382194110419664,0.0618207419213013,-0.007230362022425907,-0.05590596420965988,0.035699831292401646,0.011678654490153198,0.00857217109419431,0.9603816576422413,-0.0009913912085996654,0.001606357077097036,-0.0004460732628838663
0.10177873242013562,-0.08280000052289149,-0.04731070331547496,0.011585158850139245,-0.03327517818919568,0.051809197496226846,0.021299687719614185,0.00858242341968582,0.9639809393928246,-0.0010387019119151401,0.0017081358095171716,-0.0005288732634067578
0.14232650430169203,-0.22821334015364042,-0.4025479170045495,0.02258560927271367,-0.011452991886792777,0.06425944318824207,0.021662694720483,0.000666809299252797,0.9604821959103896,-0.00144124982891969,0.0018504623138188637,-0.0007570866035603983
0.16586223287007767,-0.1717632393016158,-0.48952894244223577,0.01178875222983718,-0.04991817605338163,0.02695983049428549,0.025022171850886503,0.003859839879199271,0.9589251081206002,-0.0019307787713619255,0.0020163245466889414,-0.000928849842862014
0.2137455891889305,-0.009996653306535128,-0.6788417774007243,0.06142938080806491,-0.044239013480274016,0.03382950936567817,0.021800147341799053,0.009056771955661473,0.946507027713613,-0.00260962054876265,0.0022300701358778717,-0.0009388464961685491
0.14748652146730534,0.041361058570926465,-0.7822156513103441,0.034035511370114443,0.020881630655020956,0.03813049403372548,0.029427481040060356,0.004409206194956803,0.9638547319583605,-0.0033918362000729947,0.002377556657345177,-0.0008974854375976227
0.14491213072797088,0.05000247036892155,-0.750364756912104,0.04192893541022194,-0.03405199793545871,0.06115336666019874,0.021177492344472464,-0.001515571593290081,0.9622481151814628,-0.004142200956985098,0.002522468788073148,-0.0008474829672287011
0.19174992000865915,0.10692587350259762,-0.7901291941941234,0.033673420598723275,-0.03576270109880254,0.019283387816937524,0.0267238630576755,0.003638808648467478,0.9652366970730678,-0.0049323301511792214,0.002714218708081807,-0.0007405570937261035
0.03737827862773431,0.12389317811153265,-0.5771136896150317,0.02389020487184603,0.03023987207923068,0.014447357255967954,0.0251889893126917,-0.00025229491840269517,0.9612785559569967,-0.005509443840794253,0.002751596986709541,-0.0006166639156145709
0.09898288164416909,0.15111322556436113,-0.45969629520705796,-0.016326844887400178,0.013307224864891177,0.01518870541050437,0.02770282692792746,0.004444042403633964,0.9668515748815564,-0.005969140136001311,0.0028505798683537103,-0.0004655506900502097
0.07402290946469743,0.10932046398157266,-0.2505015164787121,-0.010251558977789076,0.031023453043739872,0.0018578813441804953,0.020120022450146293,-4.8137282809617484e-05,0.9583398844062881,-0.006219641652480023,0.002924602777818408,-0.00035623022606863703
0.042049709875253236,0.13681456155795318,-0.03145486821945739,0.020809711384968968,0.07983084712949574,0.02920288079692831,0.021987473851011855,0.0059533134920028786,0.9608653135976697,-0.00625109652069948,0.0029666524876936612,-0.0002194156645106838
-0.03262894414054136,0.07937734383164927,0.350168319126513,-0.007446308730876627,0.015263205438372212,0.019322553688975567,0.018153502248495164,-0.004654717734193157,0.9622464675756548,-0.005900928201572968,0.00293402354355312,-0.0001400383206790345
-0.08865198632694127,0.03671390653193177,0.5505956017411034,-0.04903925334612057,0.0453883698876713,-0.013850497249315604,0.020798743637703666,-0.0011208142109163793,0.9643194541506731,-0.005350332599831864,0.002845371557226178,-0.00010332441414710276
0.003879358912583883,-0.06227568752126812,0.6490279791845883,-0.07009993249027291,0.028101765190281708,-0.01334132431259128,0.021074713895950333,0.0007227048252933729,0.9630784430151265,-0.0047013046206472765,0.0028492509161387623,-0.00016560010166837087
-0.12680940369580457,-0.03810170313076147,0.8050280946169177,-0.11444663792248935,0.06046179276746704,-0.06312677799906888,0.009611747957228006,0.004087368346953984,0.9633609625743278,-0.0038962765260303583,0.0027224415124429578,-0.00020370180479913235
-0.1542852300520361,-0.04839879645547574,0.8213416231837494,-0.08349169448213455,0.041030578601251706,-0.021775675148296265,0.019281293393401615,-0.0024724783180722623,0.9622939401469084,-0.003074934902846609,0.0025681562823909217,-0.0002521006012546081
-0.11092706903773096,-0.15311824162976567,0.7598596395249058,-0.07435019454279132,0.024518512704677867,0.014475963508070034,0.02444380687154843,0.0008700122764098454,0.9599635794574146,-0.0023150752633217036,0.002457229213353191,-0.0004052188428843738
-0.14797492362168554,-0.2006349369741796,0.7121785438440685,-0.0741099552927101,0.056358356638260554,-0.01619194635504638,0.013240140311913132,0.009377129843163313,0.9654108586092657,-0.0016028967194776347,0.0023092542897315054,-0.0006058537798585534
-0.0609730326968149,-0.16262763453718587,0.475078772295731,-0.06371555945770474,0.033922240164741366,-0.021642285552883188,0.015055232397582904,0.010171441387720134,0.9525107038746886,-0.0011278179471819036,0.0022482812570346904,-0.0007684814143957393
-0.11045531789858329,-0.1960989080075571,0.20223306131158109,-0.033890526445499725,-0.0005311606231432502,0.034940888331782355,0.025760242215552308,-0.006783559860793885,0.9577144726604948,-0.0009255848858703225,0.002137825939136107,-0.0009645803224032964
-0.02723624159253886,-0.17114586696908918,0.09968575499504313,-0.05131560563913502,-0.00915614904056464,-0.007389943705480946,0.026691922297150592,0.0031496348558841068,0.968797719165934,-0.0008258991308752795,0.0021105896975435684,-0.0011357261893723857
-0.0395163671029129,-0.13870927070861133,-0.11562087228366508,-0.009221482867488844,0.00893081073159985,0.052782667556435216,0.01686592623118565,0.012656189247030197,0.9574541146760469,-0.0009415200031589445,0.0020710733304406554,-0.001274435460080997
-0.05322397857619399,-0.21555134802014064,-0.32158822053470865,0.00023515371734683307,-0.03794168208056711,0.0853132804474359,0.020832392268385083,0.008410687906429865,0.9604050858798798,-0.0012631082236936534,0.0020178493518644616,-0.0014899868081011377
0.0426724568615473,-0.23282250905355922,-0.46205693448736074,0.0012321870949427664,-0.008145354777768773,0.02916658372896693,0.019564117549100153,0.008715562166140525,0.9677139405958247,-0.0017251651581810142,0.002060521808726009,-0.0017228093171546969
-0.011232805354678067,-0.1528776904620559,-0.5582637768134818,0.06701335183125899,0.00753638781325278,0.057688487515005875,0.025830382895465243,0.009697707930335071,0.960123791153121,-0.002283428934994496,0.0020492890033713307,-0.0018756870076167527
0.0302005190258344,-0.04320157404608867,-0.5023675800735428,0.06037870935689184,-0.010495275879134337,-0.001669546916088541,0.017269106796967172,0.002280300634744053,0.9565644935017734,-0.0027857965150680387,0.0020794895223971654,-0.0019188885816628415
0.09294583462551564,0.06071868044575764,-0.46113011511847024,0.0380499195378276,-0.03866829712445499,-0.00619237342665001,0.018032156772023997,0.008342906990427001,0.9667056071472968,-0.0032469266301865087,0.002172435357022681,-0.0018581699012170838
0.09880356443944883,0.010632537602832073,-0.2574189041214011,0.06842734845020015,-0.02076983574841846,0.006219668744735602,0.026617986260048652,0.009829041409673816,0.9592472747658288,-0.0035043455343079094,0.0022712389214621298,-0.0018475373636142518
0.07209832730386401,0.13105987160593732,-0.12049573555142681,0.030327102014700742,-0.04908786128647298,0.030912523068619704,0.014885473368774719,0.008203201785909412,0.9595692014197306,-0.0036248412698593364,0.0023433372487659935,-0.0017164774920083146
0.041153592356588095,0.13526222983451958,0.009239819581457503,0.0407012751663978,-0.017075553375442375,0.005701204821406231,0.01739952270935125,0.005896872227913182,0.9507533264406084,-0.003615601450277879,0.002384490841122582,-0.001581215262173795
0.11313101800064317,0.20592321252483867,0.2273724010445767,0.07258967068530715,-0.020360321229273642,-0.00717931220266854,0.02054021369190884,0.00782164265436942,0.9599994410593242,-0.0033882290492333027,0.0024976218591232255,-0.0013752920496489564
0.07585971784368867,0.23207003157289013,0.3444062683926702,0.04201148108106294,-0.027351789262289438,-0.03787157567795414,0.027480191484168623,0.0025581836436114206,0.9640322700734488,-0.003043822780840633,0.002573481576966914,-0.0011432220180760662
0.09922471818417246,0.2681858522159128,0.4383202210560057,0.027104759950641398,0.013924973875695443,-0.02188816115550648,0.013878867197973013,0.01152631435652233,0.958444704768891,-0.0026055025597846275,0.0026727062951510867,-0.0008750361658601533
0.06071223615807016,0.33915370263106975,0.49106867656293335,0.02690860950438171,-0.02989868869056321,-0.03748373044154484,0.01627729559324137,0.0014752684899766106,0.9541740389609568,-0.002114433883221694,0.002733418531309157,-0.0005358824632290836
0.023701861523272187,0.2471306272528564,0.5522586367047825,0.004776116116378062,-0.00626442239499648,-0.04578647407918306,0.022776256017238736,0.004766837638831581,0.958160584264484,-0.0015621752465169113,0.002757120392832429,-0.0002887518359762271
0.01647200104033448,0.17154242317738128,0.4121971963071537,-0.026404202103649868,0.0029837161652190884,-0.04735331124795726,0.023530739640367622,0.012453027562810016,0.9574692290767619,-0.0011499780502097576,0.0027735923938727635,-0.00011720941279884584
-0.005718947437433287,0.1192144112682068,0.22305101612370445,-0.014006369292074689,0.019587774994181576,-0.020319871744231714,0.020835474557941214,0.010691124486832486,0.9592597406552268,-0.0009269270340860532,0.0027678734464353302,2.0049984693609607e-06
-0.0032948318606576057,0.08583276209393438,0.08904742132391588,-0.07535469526717484,0.05919983720819737,-0.03279564668031849,0.019175015752653745,0.007014597799410986,0.9579228422803815,-0.0008378796127621373,0.0027645786145746726,8.783776056329535e-05
-0.04891754022174041,-0.0006653366462107194,-0.12482901035427123,-0.060359863864576965,0.04968245129015164,-0.01046286577689966,0.020387029330559005,0.001068305521818181,0.9688169617511491,-0.0009627086231164085,0.0027156610743529317,8.717242391708463e-05
-0.003741824316505535,-0.00834840772454239,-0.365185444166479,-0.05065715357544971,0.035794695108616215,-0.036006815093547896,0.012181792497704597,0.009594978714275098,0.9619892991286515,-0.0013278940672828874,0.002711919250036426,7.882401619254225e-05
-0.12229507865768188,-0.17488229123301918,-0.5823998922680992,-0.03572175191919269,0.03164970432259299,0.02000759749580508,0.020203831620817896,0.0068695375428092535,0.951760228742316,-0.0019102939595509864,0.0025896241713787445,-9.605827504047695e-05
-0.18404161296241006,-0.11428001933824146,-0.7315509651416575,-0.04766028530248276,0.02490436997169447,0.025334958088907792,0.02708514625308174,0.012617028614824933,0.9608028066765167,-0.0026418449246926445,0.0024055825584163347,-0.0002103382943787184
-0.17934013640696975,-0.13978533849084462,-0.8478933451584448,-0.06840133181113756,0.04537281332744813,0.025612380988336396,0.013050823930431346,0.00782608676281703,0.9602298847283839,-0.0034897382698510894,0.0022262424220093648,-0.0003501236328695631
-0.1574729979640308,-0.20287734781955133,-0.8032619382034091,-0.06062596561763415,-0.02702519734926681,0.041547221237585086,0.01570756818945028,0.0018498755697862988,0.9663866222895258,-0.004293000208054498,0.0020687694240453343,-0.0005530009806891144
-0.14201330332824894,-0.16862255372979043,-0.7774284341315569,-0.011720262052206602,0.01513746462480161,0.06279594673397725,0.017618911161145247,0.0038782853712623295,0.9596190586945845,-0.005070428642186056,0.0019267561207170854,-0.0007216235344189049
-0.12329596998381975,-0.08715646372169096,-0.6363988810611668,-0.0079847723626792,-0.020397107833048038,0.018213250284861385,0.017908383114069483,0.008855433324951072,0.9594605720106099,-0.005706827523247223,0.0018034601507332653,-0.0008087799981405958
-0.2209027344917218,-0.05893345026768679,-0.3955403369437846,-0.005603487693615001,-0.009861024694668867,0.048684002200024425,0.028758775605827833,0.011727424361301303,0.9696846906773791,-0.006102367860191007,0.0015825574162415435,-0.0008677134484082826
-0.09697729357250798,-0.10323835705010564,-0.11365371535211218,0.00018816800351931402,-0.01859735163717704,0.018550453786483838,0.014865577499125298,0.005557056184304015,0.955011325220346,-0.006216021575543119,0.0014855801226690358,-0.0009709518054583883
-0.1331345815539886,-0.01261517769219938,0.07744785252373698,0.03082340846244082,-0.021503601597068413,0.041158922191845096,0.013838951063153849,0.007776679435788716,0.9643298221091469,-0.006138573723019382,0.001352445541115047,-0.0009835669831505876
-0.1431707629651037,-0.060375227819413506,0.30106030538301076,0.057263269987317775,-0.01001150863439926,0.026960806240336012,0.023324490545462744,0.015723794400338633,0.9606471210447028,-0.005837513417636371,0.0012092747781499431,-0.001043942210970001
-0.07508895707494138,0.03943091933517959,0.5211225233322409,0.03326459105471314,-0.07234592794310435,0.023045656253019825,0.016205704286356565,0.017501673674857054,0.9578099285692397,-0.00531639089430413,0.0011341858210750018,-0.0010045112916348214
0.027633990288340696,0.10348985657014595,0.7402304606265327,0.05250485361622703,-0.025537756772319897,0.031395579619955,0.023348447839011653,0.013529747726181388,0.9570604707458291,-0.0045761604336775966,0.0011618198113633425,-0.0009010214350646754
0.03184240891620065,0.19469134690537476,0.8060988778233381,0.01079180905546318,-0.04502881758546469,0.02199226581656672,0.018394086894419393,0.010911404826996008,0.9670799109917576,-0.003770061555854259,0.0011936622202795432,-0.0007063300881593007
-0.006545522085129957,0.19975215524323475,0.8235953774637617,0.016214265062560296,-0.0485143784611953,0.019651082810592097,0.021643051526924622,0.009420621369269473,0.9626020693767433,-0.0029464661783904973,0.001187116698194413,-0.0005065779329160659
0.030072764358613308,0.16174367041535415,0.7786039649404763,0.02122246800438317,0.008183873166528913,-0.015944047311582422,0.01147635944826275,0.015414602389709665,0.9632687812075621,-0.0021678622134500207,0.0012171894625530265,-0.00034483426250071173
0.06138261711014186,0.1032828155086726,0.5848453033760403,-0.0234206387897328,-0.00964338141020962,0.00237910610228065,0.02156105645896398,0.011327103453591775,0.9647000207846974,-0.0015830169100739804,0.0012785720796631684,-0.00024155144699203915
0.11193144692125251,0.18675172728469652,0.4990122225494636,-0.034396215959614215,-0.021678751897098624,-0.002682021928701062,0.020338025297703365,0.01769972414932834,0.9619489036117096,-0.0010840046875245169,0.0013905035265844208,-5.4799719707342634e-05
0.1704396481701388,0.07488132799040745,0.23699676530188607,-0.05615626826347232,0.01713748023919792,-0.01880583493633553,0.017937648134169176,0.018152316505864043,0.9549229477376545,-0.0008470079222226307,0.0015609431747545597,2.0081608283064824e-05
0.12929367712945483,0.06696081548876541,0.07992140007740056,-0.04860493242188417,0.008758311923398805,-0.005260668829658699,0.01301560978630828,0.01552875480976847,0.9523581011758088,-0.0007670865221452303,0.0016902368518840146,8.704242377183025e-05
0.16801955821380457,-0.010830772245440396,-0.17584241029592448,-0.05130405907219223,0.012434173746104433,-0.004571456872698372,0.020227470882789363,0.011179397454755212,0.9679039718969799,-0.0009429289324411547,0.0018582564100978192,7.621165152638984e-05
0.2510766099174257,0.031390058260127404,-0.2853719630618804,-0.06759360596704408,0.019484897769571664,0.03292239690736423,0.022726762179462977,0.011754364104243346,0.9612351830427024,-0.0012283008955030353,0.0021093330200152452,0.00010760170978651724
0.25229204991977977,-0.14277731440734429,-0.4394212862352971,-0.08037974971831857,0.046746802073491106,0.028710939807784296,0.01641324639936767,0.005826213215948395,0.9605810613560762,-0.0016677221817383325,0.002361625069935025,-3.5175604620827046e-05
0.23345802715701552,-0.1222727522872119,-0.5426736785451605,-0.1026806557283011,0.035480180476744935,0.013004630075770768,0.01647329369015857,0.013969530312741103,0.9691975551771893,-0.0022103958602834924,0.0025950830970920403,-0.00015744835690803896
0.05767375809110131,-0.2094682019964379,-0.49447646400584944,-0.06640537274519563,0.055656282295505496,0.017790955444173112,0.022961167852932673,0.014002071315788588,0.9548430643152369,-0.0027048723242893424,0.0026527568551831414,-0.00036691655890447685
0.19031841896085883,-0.20846303625953913,-0.3075905397069756,-0.05831571984866587,0.07253809026035918,0.04952025271806854,0.02750305844482316,0.007720259464310094,0.9475379076424173,-0.0030124628639963177,0.0028430752741440005,-0.0005753795951640159
0.08698515726950501,-0.17488717408791712,-0.3889253223762828,-0.03579136316187377,0.05664021907225881,0.059416139060564234,0.023609529281189524,0.02661564888321067,0.9510883183165434,-0.0034013881863726005,0.002930060431413505,-0.0007502667692519331
0.05366764710220172,-0.34057079964735193,-0.11583523553582348,-0.02213079955682625,0.09105063509076819,0.03865908063867204,0.020017485385238766,0.017762728119086052,0.957482670691777,-0.0035172234219084243,0.0029837280785157067,-0.001090837568899285
0.06420096911559023,-0.23421836234829901,0.0065267444799089885,0.02402673848389137,0.04655854893770421,0.04267761809912849,0.017612028193714758,0.010965502654854485,0.960714339599489,-0.003510696677428515,0.003047929047631297,-0.0013250559312475842
0.01710178535187143,-0.23996543670131704,0.2861485551246068,-0.0044560923620227295,0.06609103241640474,0.050344375824350106,0.018647898458702405,0.02562454451415945,0.9670782966838791,-0.003224548122303908,0.0030650308329831684,-0.0015650213679489012
-0.13073588134734837,-0.1327329787992996,0.4018955120313573,-0.0064324172250206455,0.04996424637869218,0.013603278114524166,0.012114450649042596,0.013058805276958222,0.9643280559485143,-0.0028226526102725505,0.0029342949516358197,-0.001697754346748201
-0.09848147027908194,-0.06556503454474052,0.4677890548864025,0.015484039338457134,0.0513369086378698,0.010245880087134026,0.017925744155403055,0.019875818864204534,0.9472953073939058,-0.0023548635553861485,0.0028358134813567374,-0.0017633193812929414
-0.10752821784411049,-0.056584145158530205,0.5365911630979568,0.03571110365666938,0.05032994921512875,0.009206125250703908,0.0242521211359043,0.016346962518633035,0.9741000670013926,-0.0018182723922881912,0.002728285263512627,-0.0018199035264514715
-0.16622177906229144,0.00582448971477759,0.47473314530031696,0.07622077030336291,-0.034006798217410324,-0.017968412059760165,0.0188051626716047,0.013784280774308287,0.958036669925531,-0.0013435392469878743,0.0025620634844503356,-0.001814079036736694
-0.06688398251529423,0.10198212053830981,0.3680179961404135,0.030624075385095373,-0.002285835561110623,0.016798811252958012,0.015433044642238741,0.014592233064688398,0.966221385527647,-0.0009755212508474608,0.0024951795019350414,-0.0017120969161983843
-0.04743380929880052,0.0905728513832958,0.18828480145280935,0.031021946929563518,-0.01725555700944986,-0.03192937573173345,0.014923373981800575,0.02364365545069135,0.9628057293519604,-0.0007872364493946515,0.0024477456926362408,-0.0016215240648150882
-0.10824439493268664,0.21100302595765566,0.006415248114975885,0.056303861583513665,-0.01841182496449969,-0.02553427038463605,0.018306627151053356,0.021024587467497986,0.9600959923081506,-0.0007808212012796756,0.0023395012977035544,-0.0014105210388574328
-0.08187764722304502,0.1915669450741257,-0.21186985918719609,0.05528332014691187,-0.03209743590373533,0.010758570517050021,0.012243636739689227,0.016214032385249814,0.9588778764553401,-0.0009926910604668715,0.0022576236504805096,-0.001218954093783307
-0.07848299799993005,0.2813326809983625,-0.40136726148032575,-0.005083020192033836,-0.036245992779364584,-0.06268816624022151,0.013824683208690625,0.0067566311736175205,0.9544954528294363,-0.0013940583219471973,0.002179140652480579,-0.0009376214127849446
-0.05130548416224273,0.18929019081929424,-0.6747665858245016,-0.0236289327216311,-0.04629435321967766,-0.016204790499622646,0.02598145484366433,0.018712155593544687,0.9536124032184327,-0.002068824907771699,0.002127835168318336,-0.0007483312219656504
0.020813448507590405,0.21026754219940547,-0.6798747389766258,-0.01862071667714025,-0.019107196706782893,-0.026354969383787515,0.013086052357150765,0.011138971907565787,0.9592152621487147,-0.002748699646748325,0.002148648616825927,-0.0005380636797662448
-0.08481633987595873,0.17372355433053516,-0.7144422321094743,-0.003949429820643073,0.0027789324844193003,-0.0038860256392128263,0.014207321234269946,0.020245203035858646,0.9531004877827224,-0.0034631418788577985,0.002063832276949968,-0.00036434012543570967
0.04595730744424025,0.15432158862845,-0.8279046611204867,-0.026892982540246226,-0.01910571439532156,-0.01762274536641354,0.019619457634099342,0.014162416665159702,0.9682763131020197,-0.004291046539978286,0.0021097895843942083,-0.00021001853680725963
0.05000853316513997,0.18219174912729025,-0.6828021611047346,-0.05495852474743752,-0.008102782208551214,0.009747318269670794,0.015900977204643577,0.014865546070819113,0.9605170683096985,-0.004973848701083021,0.002159798117559348,-2.7826787679969407e-05
0.0397075070982769,0.10355928731262115,-0.6020320102659925,-0.03220461758844377,-0.007317445703431526,0.027746576288971522,0.01849928343771441,0.014901810953715358,0.9704917522868622,-0.005575880711349014,0.0021995056246576256,7.573249963265175e-05
0.06830600342012258,-0.012585075202221577,-0.42547598942864856,-0.04792389235101692,-0.005171463636508267,0.04070191436367734,0.02231609485073245,0.02337389872036926,0.9578462438916947,-0.006001356700777663,0.002267811628077748,6.314742443043018e-05
0.18943172794529023,-0.0645743486129863,-0.178851212364433,-0.0522018525141409,0.0173832350857705,0.0604378917455695,0.010211206852537558,0.009618614850550858,0.9570681451525227,-0.006180207913142095,0.0024572433560230383,-1.426924182556133e-06
0.05165544342021237,-0.04665379782036426,0.09475311903426646,-0.07834148475313331,0.03514754323681812,3.5049224661130515e-05,0.021662023106991314,0.022316924958214496,0.9629717971800601,-0.006085454794107829,0.0025088987994432506,-4.8080722002920396e-05
0.10589524818711181,-0.175572097617159,0.3009336185013024,-0.054263534999817085,0.05793870703934807,0.04510102049935564,0.014922319439137004,0.020517311232629922,0.9587180401695228,-0.005784521175606526,0.0026147940476303625,-0.00022365281962007937
0.18267764028980188,-0.14302552552019257,0.57301419849529,0.010010104962252067,0.011441290982331695,0.04232670862686933,0.01634665879783134,0.018619847191798242,0.9648771418457696,-0.005211506977111236,0.0027974716879201646,-0.000366678345140272
0.03665509178876632,-0.179972015732753,0.6798913563509803,-0.02448743941737473,0.03493094368140008,0.04006243010451201,0.027329571540215966,0.016919519088924855,0.9672003687028963,-0.004531615620760255,0.002834126779708931,-0.000546650360873025
0.055233095225940984,-0.15385587443102988,0.7461257271586411,-0.024898759873738817,0.05704480128423596,0.03530732860671402,0.010647365334841789,0.02176842427990377,0.9655028792588817,-0.0037854898936016145,0.0028893598749348717,-0.0007005062353040549
0.05388545140931617,-0.08929167165599278,0.8118262903138855,-0.0018373664558025589,0.0056106518317881205,0.009808550348247189,0.0205546715669826,0.017311669800795765,0.9668273515248413,-0.0029736636032877285,0.002943245326344188,-0.0007897979069600476
0.0423265229499618,-0.12650369714875662,0.723850785048567,0.018305447576749706,0.04821436803654135,-0.013568273388171738,0.023181284529674242,0.017441695156525654,0.9640916014622978,-0.0022498128182391612,0.0029855718492941496,-0.0009163016041088042
-0.011935178040986805,-0.011618479813740396,0.6174725983720144,0.04134031191833905,0.006115073888081566,0.012718349441679237,0.014062770995217296,0.020180592220523385,0.9572571169199435,-0.001632340219867147,0.002973636671253163,-0.0009279200839225447
-0.08250639409192334,0.08901960512702806,0.4552468061839972,0.04075272439467992,0.019938427277707144,-0.019648897493074663,0.014080377317489748,0.028634874333581577,0.9657007333174323,-0.0011770934136831497,0.0028911302771612393,-0.0008389004787955165
-0.053719996647846324,0.06096133965255516,0.18966599131689227,0.015882894204716343,-0.00848727044614833,0.001722940188398683,0.015513591128767285,0.01264550534716952,0.963488618823919,-0.0009874274223662573,0.002837410280513393,-0.0007779391391429615
-0.11020052118932905,0.07172494963536374,0.10310470240282826,0.05215756243118888,-0.0048460060733275115,-0.029515010060780146,0.013846874968580248,0.02288663885384723,0.9569115267746543,-0.0008843227199634293,0.0027272097593240645,-0.0007062141895075977
-0.10470908461835277,0.1645516773230613,-0.12747992233802283,0.036659835350275095,0.008818512942462036,0.0011202435385688873,0.017563050857607832,0.019840645919642505,0.957545437357656,-0.001011802642301452,0.0026225006747057113,-0.0005416625121845365
-0.1144349067505068,0.08612431060693297,-0.35906365695504405,0.001828074175046341,-0.033991143534198014,-0.01320406376256479,0.02162958727604092,0.01962510029311846,0.9595410660421079,-0.001370866299256496,0.002508065767955205,-0.0004555382015776035
-0.24274713892292468,0.22052970462412655,-0.4437113655208083,-0.004082160584241752,-0.018166140199931995,-0.00875593106834765,0.015285571621699393,0.013264920087305652,0.9655579207116456,-0.0018145776647773043,0.00226531862903228,-0.00023500849695347692
-0.13748328092352075,0.11549161505454379,-0.46321019166370053,-0.0034886625998988043,-0.037036045475431045,-0.0088568323497789,0.021679020139816495,0.012292026414166273,0.9605858561711693,-0.002277787856441005,0.002127835348108759,-0.0001195168818989331
-0.19988698157526508,0.23520088653114335,-0.465990298948263,-0.008696860686746471,-0.06026821315031729,-0.005445414795667321,0.023975136920687937,0.02294124245047321,0.9599739365459501,-0.002743778155389268,0.0019279483665334937,0.00011568400463221026
-0.1456330670173133,0.07433603437455275,-0.3099993146958881,-0.07485483779255424,-0.0468922288917029,0.005426001362395453,0.019058546538908636,0.015064971626694547,0.959207681374626,-0.003053777470085156,0.0017823152995161805,0.00019002003900676302
-0.14861769736668995,0.09797635655151046,-0.27739036305428044,-0.0558714400852318,-0.04496773066857641,0.04110687005514024,0.01946316579738741,0.02666309575448149,0.9582382393661366,-0.0033311678331394362,0.0016336976021494908,0.0002879963955582735
-0.06654629429796156,-0.052837477294787896,-0.04779431774458075,-0.06821038705154259,-0.0633920834871606,-0.00662175921232497,0.013797808831820392,0.016670961968323014,0.9541872042417688,-0.003378962150884017,0.0015671513078515291,0.00023515891826348564
-0.12557013598175268,-0.044857360696754014,0.013004447361029195,-0.08598649482664406,-0.01812965457472049,0.016186818005577315,0.0035839186434170264,0.024673604976037825,0.9639850340784799,-0.003365957703522988,0.0014415811718697762,0.00019030155756673164
-0.11303404497083692,-0.1399683547283409,0.18756117977035047,-0.08915805976295609,-0.004519317007739247,0.05329039807832712,0.01955778929313232,0.019206367386132003,0.9549242492615773,-0.003178396523752637,0.0013285471268989395,5.033320283839071e-05
-0.08263024014340074,-0.20898447615481475,0.4561344525066309,-0.05538931005797576,0.009471105058335184,0.04911376020353702,0.020541502563577924,0.019133979868920063,0.9603521054525195,-0.0027222620712460065,0.0012459168867555387,-0.00015865127331642404
-0.06874140444347085,-0.1326672295618139,0.447003510191059,-0.06037500087839425,0.03339993116290407,0.05756719357378986,0.017700545841656055,0.01785149888512199,0.9579726771006103,-0.0022752585610549473,0.0011771754823120678,-0.00029131850287823796
0.055046556322363646,-0.2795173714980503,0.4405062580260518,-0.01958357805952272,0.0355102789971686,0.025019455513629694,0.020965721244883436,0.024771079945823254,0.963851875555167,-0.0018347523030288956,0.0012322220386344314,-0.0005708358743762883
0.005344038794214689,-0.27840921442778693,0.4530301931453412,-0.060403063565105726,0.015410847579551135,-0.006772236833127944,0.01360346312822578,0.026330509818749372,0.958313687315888,-0.0013817221098835547,0.0012375660774286462,-0.0008492450888040753
0.12849321369862743,-0.2900165638902198,0.4102104629248186,-0.031031928100536267,0.029519186189948126,-0.010731275344334401,0.018864614536616208,0.021340067315370664,0.9549963122471328,-0.000971511646958736,0.0013660592911272735,-0.001139261652694295
0.11320428982832854,-0.18854826363772723,0.15915417685569627,-0.010843019181518209,0.062233422402595884,-0.003554340711677784,0.023559371731712887,0.026038257834801355,0.9649781656203422,-0.0008123574701030397,0.0014792635809556022,-0.001327809916332022
0.06883740287448134,-0.16853234986419954,-0.004121425070438006,0.017998107781274815,0.05924392135945312,0.008603323407205057,0.019452968031543363,0.023309185185747792,0.9559060463412162,-0.0008164788951734776,0.0015481009838300835,-0.0014963422661962216
0.23846916179313374,-0.1170023922563937,-0.3020321307536578,0.04357721107341651,0.05464171124110516,-0.01992774701326598,0.022763746862345863,0.01673833173841973,0.9608140663002616,-0.0011185110259271354,0.0017865701456232172,-0.0016133446584526154
0.02758954025731622,-0.1599894270273429,-0.4477439542279013,0.032733460418287175,0.038454497419296484,-0.028110203043200145,0.022720456482536226,0.02546487521616458,0.9664146156462533,-0.0015662549801550366,0.0018141596858805337,-0.0017733340854799583
0.18433108107893692,-0.0017872252832874663,-0.5616160047064291,0.020576584152244094,0.04368598783019354,-0.017953854526247023,0.009791827092731253,0.022231665027400323,0.9564001606198211,-0.002127870984861466,0.0019984907669594707,-0.0017751213107632458
0.19631310754390827,-0.036189711192955956,-0.7762296512143495,0.03627136042439897,0.06185972716899609,-0.027071487830402904,0.01941810210497197,0.010824412397576318,0.9595387839420109,-0.0029041006360758155,0.002194803874503379,-0.0018113110219562017
0.06943479478431111,0.029886764112119456,-0.8669898640762834,0.05727682338128539,0.0049350600483260175,-0.03526429533255016,0.012585246929504476,0.022102970155623382,0.9579062507783992,-0.003771090500152099,0.00226423866928769,-0.0017814242578440822
0.17888073892861348,0.09232925388990604,-0.8390676642395869,0.07653592038663684,-0.010836400818660922,-0.0424326837210472,0.010129804046879201,0.015749659865251557,0.9607254852737008,-0.004610158164391686,0.0024431194082163033,-0.0016890950039541762
0.10487153461243168,0.14550947850822227,-0.7513360147515753,0.020655052252009892,0.040618862039286587,0.003180262461981,0.014160532350972175,0.018219181036614917,0.9597322729684287,-0.005361494179143261,0.002547990942828735,-0.001543585525445954
0.09656733478489068,0.21154702479914875,-0.5393935273039114,0.017948271487901145,0.006227744398824358,0.013922162361042144,0.024280566533680936,0.02329122411556725,0.9646832473328198,-0.005900887706447172,0.002644558277613626,-0.0013320385006468053
0.1387144482549278,0.20260104438435303,-0.353256226558349,0.04520409328161233,0.016381819821070318,-0.01807896865026732,0.012711125895245236,0.0243183706897884,0.9569845839991905,-0.006254143933005521,0.0027832727258685535,-0.0011294374562624521
0.0505995555214899,0.2615070889372815,-0.1047273931578005,-0.009253334552700023,0.029227911989320156,0.005695826820480613,0.0065587903106705415,0.020677055877619366,0.9664663199053843,-0.006358871326163321,0.0028338722813900435,-0.0008679303673251705
-0.0052227198191716236,0.12439741342724187,0.1225654104644103,-0.02043556497170907,-0.030756746876222818,0.0374551647851981,0.008045971926727742,0.027646056425803884,0.9681262195409371,-0.00623630591569891,0.0028286495615708718,-0.0007435329538979288
-0.02870252255633436,0.233208975850017,0.33333821648777695,0.010235295755208658,-0.05047241839262807,0.010581802900185578,0.017579446447381193,0.02459354460043518,0.9613933947577206,-0.005902967699211135,0.0027999470390145374,-0.0005103239780479118
0.031948083198248524,0.13751914150816996,0.5317850117814716,-0.030401422539341354,-0.027218789820328094,0.04796878157524452,0.011311360847672883,0.023202221256926298,0.9561680095607373,-0.005371182687429662,0.002831895122212786,-0.0003728048365397418
-0.05581453402639854,0.11130245994934126,0.7385674613990051,-0.0433449695076349,-0.0377824346508793,0.03900317822534134,0.0048068983226216815,0.025694462342792167,0.9599215337685157,-0.004632615226030657,0.0027760805881863874,-0.00026150237659040056
-0.13442007325194827,0.05998330451780942,0.8747142224832904,-0.018561808337805887,-0.024678974626650634,0.023247862282005725,0.007914013742627596,0.03165741333107085,0.9595113103720514,-0.0037579010035473665,0.0026416605149344394,-0.00020151907207259113
-0.12940011825730116,0.07778765970090151,0.7664276815789808,-0.07227874768487713,-0.011240086130994736,0.08225501654899825,0.015690326549128757,0.015034564948230916,0.9690064486568566,-0.0029914733219683857,0.002512260396677138,-0.0001237314123716896
-0.1681658976714534,0.0037022393579581453,0.6973006664694372,-0.0776488275687751,-0.011238310017798563,0.03622911040555733,0.018668735307251424,0.03243715110863402,0.9596379567913611,-0.0022941726554989482,0.0023440944990056846,-0.00012002917301373146
-0.1338288718503119,-0.07567525238495534,0.5614848226637017,-0.017398098297149472,-0.010891906756653021,0.047508340448432114,0.012457717838680021,0.023009043575783154,0.9670772677994708,-0.0017326878328352464,0.0022102656271553727,-0.00019570442539868684
-0.03203552306789954,-0.14062503237985896,0.472221147135042,-0.03949400811697677,0.0165870500084168,0.006772167621579962,0.017845598993772277,0.0223497171775568,0.960730294927847,-0.0012604666857002045,0.002178230104087473,-0.00033632945777854577
-0.10043723386379921,-0.09970793453367728,0.22325910582837083,-0.021882517210221296,0.01684108171248946,0.05136751087310664,0.01908918576564008,0.0243848489603693,0.9604122314080609,-0.0010372075798718336,0.0020777928702236737,-0.0004360373923122231
-0.1357449129252405,-0.06766358951760991,0.035978515377289605,-0.03095123727094591,0.007992935099748322,0.0501677158694134,0.01050924469498487,0.0221129409706443,0.9584214060729678,-0.0010012290644945442,0.0019420479572984331,-0.000503700981829833
-0.03164522135264343,-0.15176934614620327,-0.21053698266843687,-0.015012293117440383,0.032126425795310554,-0.0273236385475703,0.013734390892856777,0.02149464994729867,0.9588985321700567,-0.0012117660471629812,0.0019104027359457898,-0.0006554703279760362
-0.043834718897329844,-0.21041987312165145,-0.31837922480925823,-0.015051877826646446,-0.004642476413658789,-0.007715673787755036,0.011250201495374323,0.031080043683862604,0.9646634517900113,-0.0015301452719722393,0.00186656801704846,-0.0008658902010976878
0.02719711561605662,-0.1432908239019714,-0.46557792342283877,0.016292214601137226,0.05294279963982507,0.016959228757370028,0.016858572046212852,0.02779305472596269,0.9565730269126147,-0.001995723195395078,0.0018937651326645167,-0.001009181024999659
0.01729281649948771,-0.04940500447281278,-0.5650062605192699,0.035492741994775326,0.03565372190381797,-0.021752014674251918,0.011014004530098832,0.01755420090860411,0.9650361710236006,-0.002560729455914348,0.0019110579491640042,-0.0010585860294724718
0.12038882567108834,-0.05302113475139797,-0.42670045024845593,0.028931009447135066,0.012595621619403929,-0.004406889184665723,0.00791973438713465,0.030660552643396746,0.9674535752306082,-0.0029874299061628043,0.0020314467748350925,-0.0011116071642238699
0.03442306222262233,-0.02680728617569242,-0.38479441864631037,0.04898756866779383,0.027383504647692805,-0.04389626562382188,0.014158447708456907,0.030078869471282455,0.9573020913734922,-0.0033722243248091146,0.002065869837057715,-0.0011384144503995624
0.04076987243076007,0.015424056159973748,-0.2622304632986913,0.04005650270492655,0.05328013515811207,-0.021541955355666685,0.019356585108579044,0.020159677985274547,0.9663133599674864,-0.0036344547881078056,0.002106639709488475,-0.0011229903942395886
0.15012444320328294,0.10035050869897759,-0.06835619727084037,0.0011242751998386293,0.01184206365418203,0.006534437746971146,0.016266524732328397,0.02862917640274015,0.965527256423758,-0.003702810985378646,0.0022567641526917578,-0.0010226398855406112
0.021230971903152956,0.05625204992734556,0.029211644134022788,0.010992331738450682,0.02821325583670507,-0.0041254665860812525,0.01865609651783112,0.030974742533331618,0.9646449690868063,-0.0036735993412446233,0.0022779951245949113,-0.0009663878356132656
0.10517264573488441,0.14451543676801035,0.28030152061690367,-0.0062312600414372015,0.028933609239682696,0.007931757327243803,0.01812474876469716,0.019994826641865936,0.957131728341025,-0.0033932978206277194,0.0023831677703297954,-0.0008218723988452552
0.14274076666341107,0.1561649134785366,0.3648249196217174,0.004497406190932937,0.0022635048849812362,-0.008237687653782329,0.013647571964848905,0.029585887133546953,0.9597284095577712,-0.0030284729010060024,0.0025259085369932067,-0.0006657074853667187
-0.008847747157926647,0.12319885606010185,0.4664258639498543,-0.015834562568242623,-0.02546378516239506,0.04079522553165894,0.010356045184986855,0.024926415255221324,0.9597352853055643,-0.0025620470370561477,0.0025170607898352803,-0.0005425086293066168
0.0751502427404189,0.07372278687873603,0.5454522769048696,-0.0371207058310802,-0.01915094668989541,0.004650057714745035,0.008900967969199803,0.031154582248039263,0.9708064873750838,-0.0020165947601512783,0.002592211032575699,-0.0004687858424278808
-0.02178852878847548,0.13375371291113328,0.4755572041717441,-0.032997296416991145,-0.05491210127363768,0.0636318053972204,0.005222183417912878,0.023916392145853962,0.9603170300730128,-0.0015410375559795338,0.0025704225037872235,-0.00033503212951674756
-0.0670810152995377,-0.019412340199571228,0.327474473484867,-0.10212968309276924,-0.04393768028432651,0.017974621959323138,0.019008058644642785,0.03393613285383187,0.9594654221127557,-0.0012135630824946669,0.0025033414884876857,-0.0003544444697163188
-0.06322313208101567,-0.0021686887078047994,0.16749628458230503,-0.08545591831765394,-0.06185421639812457,0.043919202657366214,0.011311857562615792,0.02764680093547393,0.9546569942079021,-0.0010460667979123618,0.00244011835640667,-0.0003566131584241236
-0.0558069332566686,-0.031815448782069815,-0.14547758829891042,-0.08865713243607148,-0.04392088169155576,0.035969238758602605,0.004345090879576135,0.025928836302106583,0.9555524753699506,-0.001191544386211272,0.0023843114231500017,-0.00038842860720619344
-0.11263042545735627,-0.11215646397100527,-0.2806606803628416,-0.07402793056320611,-0.06912445762019188,-0.005514665058792823,0.018944121587912692,0.025528799706148884,0.9570063713823036,-0.0014722050665741137,0.0022716809976926454,-0.0005005850711771986
-0.06002712068925746,-0.11193119035592371,-0.44240710032411606,-0.06450027656216463,-0.040209210500663665,-0.006149664804732573,0.01314687825352554,0.03364885616019472,0.9622494381829162,-0.0019146121668982296,0.002211653877003388,-0.0006125162615331224
-0.13442575604556636,-0.2609079930396202,-0.66167538364348,-0.06795903372896114,-0.014798734296142955,-0.01289726495379358,0.017416937602510715,0.02579956513929376,0.9533383682187496,-0.00257628755054171,0.0020772281209578214,-0.0008734242545727425
-0.18305964962550175,-0.2729898649846575,-0.8131232071303827,-0.08295124661967225,-0.0067671543188994,-0.020114052988299685,0.011172433703932777,0.034853489327680065,0.957145466846921,-0.003389410757672093,0.0018941684713323196,-0.0011464141195574001
-0.23709869696930355,-0.2711954726144338,-0.7897907646892912,-0.03430648997154554,-0.0468056321694602,-0.04550441002137085,0.008415331735093162,0.030753488274162195,0.9511863945822905,-0.004179201522361384,0.0016570697743630161,-0.001417609592171834
-0.1758420708671256,-0.09608981834346311,-0.7375028016104599,-0.023684112629875822,-0.02489266344613527,-0.014067218676330111,0.014511514146599671,0.022892717582942538,0.9675176007325464,-0.004916704323971843,0.0014812277034958906,-0.0015136994105152972
-0.09321074379825176,-0.20551529869159083,-0.7418983208325525,-0.038525385344855764,0.016795558780938333,-0.04115387164161568,0.014826529671162747,0.030084294614610846,0.9610571446881478,-0.005658602644804396,0.0013880169596976388,-0.0017192147092068878
-0.2142613924265224,-0.16323066353901605,-0.5122099715250288,0.00177796231176113,0.025500822058219165,-0.02943505488106133,0.010683954340974413,0.030321567152399524,0.9620944656782855,-0.006170812616329425,0.0011737555672711166,-0.0018824453727459044
-0.19524609883479307,-0.11847659336289774,-0.3098102618400127,0.03061061164494015,0.010526164013497387,-0.00388258909232928,0.01855072514745724,0.023128602354841064,0.9551100525865273,-0.0064806228781694375,0.0009785094684363234,-0.002000921966108802
-0.19635788376067143,-0.08827592141890751,-0.14562165056597143,0.06921198541236448,0.023619465247653154,-0.0067203654880212075,0.016609584386266703,0.030392137370886748,0.9663843066461318,-0.0066262445287354095,0.0007821515846756521,-0.00208919788752771
-0.06604657121200283,0.01918910948027313,0.11805609482685439,0.02410241096635976,0.044052278586576024,-0.022460147881279063,0.01460474280224831,0.033192205853870345,0.9681112777431301,-0.006508188433908555,0.0007161050134636491,-0.0020700087780474367
-0.045654675116120674,-0.05034027888316599,0.472014714808664,0.06752592214174438,0.012856737848660338,0.020532352947215553,0.006129281437395424,0.03625187972858189,0.9609489917752607,-0.00603617371909989,0.0006704503383475284,-0.0021203490569306027
-0.07279623747463614,0.11080559799604875,0.5376755620923406,0.03180755432175644,0.06483581461860971,0.023609990578729492,0.005322605344127103,0.03616182987837797,0.9582374593290799,-0.005498498157007549,0.0005976541008728924,-0.002009543458934554
-0.04153523699514487,0.17353340090887204,0.7045561830614064,0.02529004480640685,0.07825877079146894,0.006743390863399085,0.017469289644387348,0.04281357680922627,0.9634132446088713,-0.004793941973946143,0.0005561188638777474,-0.001836010058025682
-0.01850291254598235,0.24615584042162636,0.8970610742391448,0.01987248302903203,0.04846539217860881,0.020256048777937897,0.0004293270507006071,0.03099881397874823,0.964345237027205,-0.003896880899706998,0.0005376159513317651,-0.0015898542176040554
0.04942152595065233,0.1783402098104931,0.7794010520655108,0.04621290225551766,0.02497036788466593,0.05855802763538097,0.010812552434151785,0.033891596083725335,0.9650424323000719,-0.003117479847641487,0.0005870374772824175,-0.0014115140077935622
0.14474970515752678,0.19869019136637558,0.7937610824888975,0.024133834936705834,0.07639433752705323,0.0598330388733145,0.011896625620447751,0.028217323874463858,0.9640299940933855,-0.0023237187651525895,0.0007317871824399442,-0.0012128238164271865
0.1306363925146742,0.20245637746156042,0.5471926326845008,0.0010664606381708911,0.045355741289003236,0.017190439600792418,0.008610351749015265,0.040794766753463996,0.9655505580565629,-0.001776526132468089,0.0008624235749546185,-0.001010367438965626
0.2133288054910979,0.2584071798779621,0.4161274947241381,0.0018295583227773572,0.046478442949812925,0.027193710286048584,0.010777388730698813,0.02704327037749236,0.9572877452553975,-0.001360398637743951,0.0010757523804457165,-0.000751960259087664
0.139774232444984,0.22975970512146263,0.24896695897562057,-0.020603363061593903,-0.0037327422622611614,0.05842578648338801,0.012950125165883654,0.040817660545766445,0.9653310659670539,-0.0011114316787683306,0.0012155266128907004,-0.0005222005539662014
0.07801748741981107,0.12019140522787145,-0.036384676876806965,-0.03166641081108158,-0.01361082406378694,0.015707852971537546,0.007806752561121382,0.040298899428177534,0.9585233992533562,-0.0011478163556451375,0.0012935441003105114,-0.00040200914873832997
0.3080494789900761,0.20215513745974517,-0.2043281979468228,-0.04987117962114462,0.01133909372435089,0.047969513472203296,0.015043700194128951,0.02794168081032855,0.9482639076089683,-0.0013521445535919603,0.0016015935793005876,-0.00019985401127858477
0.19414111977636814,0.07277804646350575,-0.3285080199965409,-0.07105584958662121,0.014779028786744478,0.061962018584294,0.013442398796345074,0.03716890487564869,0.9585200576839913,-0.0016806525735885013,0.0017957346990769554,-0.00012707596481507902
0.20873665664684854,0.0102776717100958,-0.5024051671242219,-0.019738749875931813,-0.03581083820748151,0.021592506285582992,0.009523184868501015,0.03439123981675028,0.958087155144025,-0.002183057740712723,0.002004471355723804,-0.00011679829310498323
0.11860605012790981,-0.056446818973117985,-0.39138201016348667,-0.024839823726295732,-0.020912933653012077,-0.01311408412728419,0.00618336662224409,0.030167170135128974,0.9620838236282988,-0.0025744397508762097,0.0021230774058517135,-0.0001732451120781012
0.06828861879185447,-0.048191854334755584,-0.41407283183634547,-0.016720938255999546,-0.0541612635714256,0.0012192954227304448,0.00975435687364377,0.03166674142182459,0.9650908319632954,-0.0029885125827125553,0.002191366024643568,-0.00022143696641285682
0.10967748408792519,-0.10666536389683078,-0.3854897268502079,-0.05183239691921325,-0.037707405236520046,0.012516175119216042,0.02065274745651427,0.033791049111728665,0.9618874476456719,-0.0033740023095627635,0.002301043508731493,-0.00032810233030968757
-0.020573863299362227,-0.058442903832197204,-0.23983639902307166,-0.04475607363694583,-0.027773840389864506,-0.00978484613044313,0.006203589089940278,0.03438391347649223,0.9709893570314312,-0.0036138387085858353,0.002280469645432131,-0.0003865452341418848
0.025695439749777706,-0.2079685442025202,0.02798780173306517,-0.027923299408012282,-0.00963896797518701,-0.003131098361172719,0.017535578255987123,0.04016790719033673,0.9583440518927394,-0.0035858509068527698,0.0023061650851819086,-0.0005945137783444051
0.05200670632475428,-0.21581352831070333,0.10038800181202671,0.0138671675298175,-0.056403219387631466,-0.027280640482756448,0.0009963187333907348,0.035668481291214124,0.9510539790916603,-0.003485462905040743,0.002358171791506663,-0.0008103273066551084
-0.005740354772129974,-0.15818582799921385,0.25688834757815826,0.003876575128334144,0.018768158738035088,-0.02191782014970222,0.0053584613802834385,0.029077585116981643,0.9624061044143027,-0.0032285745574625845,0.0023524314367345334,-0.0009685131346543223
-0.04286314598032721,-0.06699455842429769,0.4577922587348535,0.002968765967605572,-0.0033680189207894546,0.016406705024686746,0.006839028597069764,0.03675877189264477,0.9583157358369996,-0.002770782298727731,0.0023095682907542064,-0.0010355076930786199
0.0018436295098847033,-0.07224604229286458,0.4149956536833903,0.028620989050056236,0.03409671879854471,-0.008973371866060795,0.014187028246780068,0.024415296387510915,0.9556357033804274,-0.002355786645044341,0.002311411920264091,-0.0011077537353714844
-0.07937436511861683,0.05044365328996792,0.48729154825303306,0.010979281045134667,0.03024971484054941,-0.038970271067480904,0.009607405120480245,0.031332726957792344,0.9596008623397311,-0.0018684950967913076,0.002232037555145474,-0.0010573100820815164
-0.19622719873726022,0.01910912463729438,0.439737853827445,-0.0006389887770643175,0.04071323027297211,0.013820139690065845,0.015769643339127896,0.03192530541723657,0.9571961383355925,-0.0014287572429638627,0.002035810356408214,-0.0010382009574442222
-0.12072160997936676,0.12893843825712947,0.28595116102130774,0.026038279900917075,0.07025617005050981,0.03236207317953517,0.0074443770036371915,0.0367788520440389,0.9577141936013576,-0.001142806081942555,0.0019150887464288472,-0.0009092625191870927
-0.023689503812020826,0.07590782002379937,0.0774582053080919,0.0064698326433518406,0.018736525302361473,0.0516502269788544,0.008726232155090176,0.04245083837443962,0.9687758613544593,-0.001065347876634463,0.0018913992426168261,-0.0008333546991632934
-0.11826829204116657,0.19331368349660338,-0.05022901067445065,0.0066294535637026475,0.039582139756863095,0.06556460869637744,0.007239712000467791,0.0347939810298972,0.9618104384334488,-0.0011155768873089137,0.0017731309505756598,-0.00064004101566669
-0.004033485444572507,0.2140889301396088,-0.23720855779329741,-0.059223358859266065,0.017328765750866067,0.033989169292546015,0.018902362266497538,0.032006522525729234,0.9598877509258997,-0.0013527854451022114,0.0017690974651310871,-0.00042595208552708114
-0.023292573757746134,0.1234044772585569,-0.5047929106919682,-0.03744374648153008,0.033056547200753586,0.0425421471083668,0.0030560395335223938,0.0304289390715836,0.9692286373110208,-0.0018575783557941796,0.0017458048913733413,-0.00030254760826852416
-0.06576228009692539,0.1559666663468547,-0.6990783026251937,-0.03518583257977884,0.04522082941991701,0.026485195703415405,0.00600281102790182,0.03820167748787875,0.9597894570463847,-0.0025566566584193733,0.0016800426112764156,-0.00014658094192166948
-0.07060681733497606,0.11646697579693735,-0.7053097784307382,-0.07879555628362643,0.04706222091598674,0.023916209507956088,0.0035401959848323436,0.03315756019953928,0.9551427379848291,-0.0032619664368501115,0.0016094357939414397,-3.0113966124732138e-05
0.02198045315135679,0.08720240790449205,-0.7898818641247158,-0.09071096347076942,0.008896164459986738,0.0045431514510209225,0.011182448795950633,0.031720135882242324,0.9546879028980603,-0.004051848300974828,0.0016314162470927964,5.7088441779759916e-05
0.09167940064495655,0.07324436470662822,-0.8073692841996776,-0.07030816915383478,-0.01673629130670413,0.00689895993394947,0.0024963883112314863,0.03909612934496136,0.9609472796707623,-0.004859217585174505,0.0017230956477377532,0.00013033280648638813
-0.014369317441605411,0.004688069685250935,-0.6507796312209752,-0.06368601084892457,-0.0010173323073720915,-0.024265960120512582,0.017197396292394418,0.0402887470063754,0.9531633403721036,-0.0055099972163954805,0.001708726330296148,0.00013502087617163906
0.08549172336162195,-0.07159622511854041,-0.518444145825818,-0.0982274899115732,-0.02943333053801447,0.022189102601597635,0.00837497102955408,0.029747382372319754,0.9555399148735852,-0.006028441362221297,0.0017942180536577698,6.342465105309865e-05
0.003190450796629496,-0.11665004492633055,-0.23278137994427228,-0.08406403154186255,-0.033306510698632344,-0.07115360243146822,0.009918064889513939,0.027162187394924757,0.9595237835561464,-0.006261222742165571,0.0017974085044543992,-5.3225393873231915e-05
0.0930190553602638,-0.2501664385423208,-0.03959699024208832,-0.0778017411688256,-0.01653814645385561,-0.015414937611462407,0.010055959798524337,0.034256249629435444,0.9671178883307361,-0.006300819732407659,0.0018904275598146628,-0.0003033918324155527
0.03772806275458836,-0.22748008565202374,0.11765055750298534,-0.0945652686736201,-0.026821738984682274,-0.021154853067918013,0.007524128250693339,0.029143154612376806,0.9679456539788928,-0.006183169174904674,0.0019281556225692513,-0.0005308719180675764
0.13814949709399724,-0.2964856395833681,0.3854335052465348,-0.026648528898687317,-0.024315020725044108,-0.01790769716260414,0.008116422526044761,0.02855735927019762,0.9648134826899274,-0.005797735669658139,0.0020663051196632485,-0.0008273575576509444
0.07218915256172988,-0.251449792369353,0.5816807350150626,-0.03855507513794443,-0.04979706768880339,-0.043972875612415835,0.007815136867833913,0.029836776055393248,0.9615247876607662,-0.005216054934643076,0.002138494272224978,-0.0010788073500202975
0.14217508008398633,-0.18790604518113618,0.7596723443311174,-0.02150463710238852,-0.022341501809523955,-0.04642687602309955,0.009870784157361302,0.040369236906839606,0.958721321396739,-0.004456382590311958,0.002280669352308965,-0.0012667133952014337
0.04310024773092568,-0.21259271233689617,0.7965791682158125,0.006506495148728376,-0.039094237353725164,0.008555764243945262,0.003045523952339547,0.03848415727834993,0.9635445849330854,-0.003659803422096146,0.0023237696000398904,-0.00147930610753833
0.012922809692170186,-0.2864388060434991,0.7484999208239006,-0.015930861287272335,-0.03944758822290178,0.03366783810858255,0.0020794975368795187,0.047614378886492885,0.9705423267327401,-0.0029113035012722456,0.0023366924097320604,-0.001765744913581829
-0.062168728262659935,-0.16680253821325883,0.7450820251966189,0.047915477814378896,-0.04792457024594615,0.021916955335225585,0.011026968238367015,0.03221103540069477,0.9623695489215036,-0.0021662214760756263,0.002274523681469401,-0.0019325474517950876
-0.0021907693158298887,-0.03141219584786091,0.6199852836958077,0.061857403970082096,-0.058140374325298866,0.04367014797916908,0.006794505936498878,0.04216298921471631,0.9593826896232432,-0.0015462361923798186,0.002272332912153571,-0.0019639596476429487
-0.0307725039784247,-0.018514122315980153,0.38044822003794443,0.05133417684817025,-0.03673739485532367,0.027027294438204043,-0.003346468145751065,0.03807366073515871,0.9609348519333032,-0.001165787972341874,0.002241560408175146,-0.0019824737699589284
-0.04272532640542618,0.10634519780578619,0.1824206659646774,0.06133254295924283,0.010418266312312883,0.04933205547977564,0.004191277506440615,0.03291511011697787,0.9604204633426839,-0.0009833673063771966,0.0021988350817697204,-0.0018761285721531425
-0.08607527756265036,0.07402317405987585,-0.08440529165990167,0.0448547043224744,-0.00042028192230018566,0.07110848486309937,0.01409827457728828,0.03505393776343618,0.9645287281682373,-0.0010677725980370984,0.00211275980420707,-0.0018021053980932667
-0.12422384920302035,0.19767897573076282,-0.25410183470286885,0.06380022416806132,-0.004135806403481794,0.04133385606872453,0.005527438130749326,0.03307098473857921,0.9579978283848407,-0.0013218744327399673,0.0019885359550040494,-0.0016044264223625039
-0.13659973162791395,0.2385277101775421,-0.4000152545643594,0.021548226086137934,0.030239257582999852,0.06942785610489367,0.003555037858917373,0.03725874953995067,0.9638786324341421,-0.0017218896873043268,0.0018519362233761355,-0.001365898712184962
-0.14702069590028638,0.27906192104701755,-0.44282650979932336,0.02585306978615541,0.052367767363272234,0.008467778333976874,-0.0013835490834269949,0.04098618682254677,0.9647203091813649,-0.0021647161971036504,0.001704915527475849,-0.001086836791137944
-0.14529255579848918,0.22079940808327383,-0.4821785632250462,0.01347575883313354,0.061079086261947246,0.022150005475781113,0.003131450208210695,0.03429645832698439,0.9636317739820298,-0.0026468947603286966,0.0015596229716773602,-0.0008660373830546704
-0.2576769131627747,0.27893617604054805,-0.46873667583304596,-0.0024270413305182773,0.055765096715388394,0.037038503457988495,3.178748315354595e-05,0.040466959856698015,0.956512620853687,-0.003115631436161743,0.0013019460585145853,-0.0005871012070141225
-0.20125235723682885,0.28934265661103986,-0.37127200852745734,0.005240217291956438,0.05609307772990925,0.05512519682745224,0.007876296124464596,0.042665998126631036,0.9612290236338739,-0.0034869034446892,0.0011006937012777566,-0.00029775855040308256
-0.2397096689374962,0.07934301217856753,-0.3002010029959871,0.01430862930775479,0.04490988072381625,0.00837466196736411,0.0058562292225465915,0.043863321112302,0.9593752159796729,-0.0037871044476851866,0.0008609840323402602,-0.000218415538224515
-0.12780871917129105,0.13993294509940507,0.03537546999297325,-0.04281771085356416,0.06427345091290433,-0.020688027431125994,0.0036717217177175774,0.030611983732380697,0.9616729953876997,-0.0037517289776922134,0.0007331753131689691,-7.848259312510991e-05
-0.04002993236941489,0.0016034834500913697,0.04162619552885301,-0.03944189755841028,0.04181793303293407,0.031086395657738457,0.0015570013689272144,0.03631300010207174,0.9587425298597241,-0.0037101027821633604,0.0006931453807995543,-7.687910967501855e-05
-0.04075428861968315,-0.01018662292337344,0.3156079633608179,-0.06963950025952874,0.035844210830443916,-0.01339954167327338,0.012879135106756624,0.04018704623880642,0.968325867095511,-0.0033944948188025428,0.0006523910921798712,-8.706573259839199e-05
-0.07335118202193311,-0.060016357382796766,0.4188669192960247,-0.03394073830594836,0.04891613419098965,0.0005406904286636115,0.0015989850159274094,0.031286407425283866,0.9630774251065445,-0.002975627899506518,0.000579039910157938,-0.00014708208998118875
0.016345766767299638,-0.07513796778580553,0.4720819323676651,-0.06219571061457606,0.03413722242847538,-0.018739836506851994,0.0014960068302464213,0.030251472872089496,0.9540863795819077,-0.0025035459671388528,0.0005953856769252376,-0.00022222005776699428
0.047970271586115304,-0.09341942064047237,0.48738164333760714,0.01718339946963171,0.004703389524850729,-0.0060704865918131765,0.0036673953682780573,0.0367456419229855,0.9555628201263519,-0.0020161643238012458,0.000643355948511353,-0.0003156394784074667
0.08008441984132467,-0.09598616468286722,0.3942922232264929,-0.07020925510722598,-0.007475227977886168,-0.014973740444964174,0.004244683454952283,0.03489028539233474,0.968269779221449,-0.0016218721005747526,0.0007234403683526776,-0.0004116256430903339
0.04385266297152788,-0.13868965037444703,0.33032431645032834,0.017060668977765606,-0.015844243969306185,0.048077539769333245,0.007048363981510548,0.03616986164862327,0.9613804717653023,-0.0012915477841244246,0.0007672930313242054,-0.000550315293464781
0.19428036914789676,-0.11881714536955658,0.06587603656071664,0.00585177042269641,-0.05618577367781404,0.034159106134832945,0.009168027651964061,0.034750386726746,0.9603668719707289,-0.001225671747563708,0.0009615734004721022,-0.0006691324388343376
0.1038382483538525,-0.18463000922037828,-0.06423143597088504,-0.0245440987607103,0.0015362267962758637,0.053071162969280924,0.008671162911983898,0.04798118349695274,0.9679939755072999,-0.0012899031835345931,0.0010654116488259546,-0.0008537624480547158
0.15868204876805914,-0.059458911905658426,-0.32589422231114606,0.05507280841771572,-0.03652615204963193,0.008492205996859785,0.016420088387223884,0.03494715323110211,0.9616292814184483,-0.0016157974058457392,0.0012240936975940137,-0.0009132213599603742
0.22979275291620505,-0.22309647604774605,-0.5161612811670611,-0.0011540305867426479,-0.005855962859827351,-0.007215689338601101,-0.004316602231843487,0.040256262111494884,0.9564470704442701,-0.0021319586870128,0.001453886450510219,-0.0011363178360081203
0.1708822895444829,0.0416345985787161,-0.6807015391922125,0.01700418604360189,-0.0199771720116142,0.02635716367135637,0.005179011671788862,0.039992876903227954,0.956820604364004,-0.002812660226205013,0.0016247687400547017,-0.0010946832374294042
0.18639150716904104,0.07879136979731806,-0.7806823863487955,-0.0001941305751426408,0.011223945958551203,0.08302223866571136,0.0012990492942012676,0.02902665509573467,0.9656327139659506,-0.0035933426125538087,0.0018111602472237424,-0.001015891867632086
0.17561392349667804,0.09525544436544728,-0.7922702110002371,0.02152104208196661,-8.95250400728036e-05,0.02414879354639084,0.013827057206247526,0.044871213862519375,0.9726790519996138,-0.004385612823554046,0.0019867741707204206,-0.0009206364232666388
0.1539209053260695,0.20185523892508356,-0.7844012910567071,0.01836563475392547,0.014783877887341059,0.04705281676202146,0.004532800480652965,0.04073854955422142,0.9667664147248121,-0.005170014114610753,0.00214069507604649,-0.0007187811843415553
0.1313913412972117,0.04609334208003191,-0.6336687884045274,0.027537715615376896,-0.00731153582623538,-0.0011520201327959965,-0.006617196677152132,0.0384623047862143,0.9606962306744096,-0.005803682903015282,0.0022720864173437017,-0.0006726878422615234
0.10685607180517699,0.18307896436916687,-0.45784818590355975,0.048338610031133586,-0.01299305907465214,-0.005443199388581746,0.005578474516472763,0.04303175031776562,0.9615094209531146,-0.00626153108891884,0.0023789424891488787,-0.0004896088778923565
0.06853681625374956,0.1581547488425933,-0.2723644576585959,-0.02412729103645289,0.023463266983495018,0.000521293650465415,0.004617674862191528,0.03757175748063099,0.9629229751828106,-0.006533895546577436,0.0024474793054026283,-0.0003314541290497632
-0.009264183171240649,0.15365265177287632,-0.008109661446068478,-0.0834533653806661,-0.01098012193388791,0.03529402028833012,0.006948219158322144,0.04228545243903059,0.9526185820478025,-0.006542005208023505,0.0024382151222313874,-0.00017780147727688682
-0.07218956759913536,0.06549970191777417,0.30452524762432603,-0.029969597631270262,0.023409612507894494,0.006921651743980852,-0.0005823114326650616,0.028558850163859464,0.9628738442126756,-0.006237479960399178,0.002366025554632252,-0.00011230177535911264
0.01413929638166083,0.10135577292224637,0.376791488248588,-0.06738397845096047,0.012532709285491404,-0.06272496430861134,0.004550211946445568,0.04209081226380812,0.965715273744931,-0.0058606884721505905,0.0023801648510139127,-1.0946002436866262e-05
-0.011263399929771753,0.05340240783487124,0.6791429192299756,-0.031303107175553,0.02094029212848873,-0.012660013221133486,0.0014342615787625618,0.0389836032622477,0.9716980747832451,-0.005181545552920615,0.002368901451084141,4.245640539800498e-05
-0.06660338287467475,-0.0467819080624857,0.8283114762473487,-0.07661450109052745,0.048767978931738384,-0.050608816037723936,-0.0006946079918715973,0.03912305401555761,0.9683258660992929,-0.004353234076673267,0.0023022980682094662,-4.325502664480722e-06
-0.08416479916180077,-0.07348292239224385,0.8332757644736147,-0.09562387530169472,0.04427934361040846,-0.039994965704415374,0.004251223522926997,0.033975621633904315,0.9725608643140489,-0.0035199583121996517,0.0022181332690476654,-7.780842505672458e-05
-0.15218450628254382,-0.18469276181595737,0.8816575583198704,-0.10106747614776679,0.025117350320148082,-0.012014205012193005,0.00317683035384137,0.03715226956695201,0.9713534481247128,-0.002638300753879781,0.002065948762765121,-0.000262501186872682
-0.22625367247687836,-0.1908245303290142,0.7851193003165146,-0.06444071614718397,0.02756981517323738,0.012468469698541053,0.0075383802274843195,0.037064206478644016,0.9699635431224114,-0.0018531814535632668,0.0018396950902882432,-0.0004533257172016962
-0.1226783214798472,-0.16756706601537696,0.5375871617835128,-0.07440580204539854,0.001714975497722062,0.02026751964456644,0.0022981760719457947,0.03266661970540139,0.9631608620024328,-0.0013155942917797538,0.0017170167688083959,-0.0006208927832170733
-0.18914773560162024,-0.19333569125752822,0.34825145008768676,-0.027948061576138418,0.051475448481834274,0.010054652284013501,0.005057775870280924,0.040210203585554,0.9647941558366069,-0.0009673428416920671,0.0015278690332067755,-0.0008142284744746015
-0.07812460950761661,-0.2150573259538409,0.17096072763502257,-0.04706358019526932,-0.0009969681686343383,0.02101278383779439,-0.00412395358600058,0.046340075938316114,0.9547592793710536,-0.0007963821140570446,0.0014497444236991589,-0.0010292858004284425
-0.006390105136862209,-0.2022518510157366,-0.0932889479584497,0.0017834183133308788,-0.028536601193875723,0.0513675068601046,0.008760675605401416,0.03142226004032789,0.9638023802519484,-0.0008896710620154942,0.0014433543185622965,-0.001231537651444179
-0.07073096184044317,-0.18163327081580813,-0.12586921142504173,-0.036974689385660606,-0.008095638006623898,0.0021003511263757765,-0.0022231085346170083,0.04103346977703362,0.9660221782687302,-0.001015540273440536,0.0013726233567218533,-0.0014131709222599872
-0.041692633531016224,-0.22105947055308095,-0.3558341621654973,-0.027369847281550938,-0.008266365153029004,0.0774152003217003,0.0060522867614759245,0.036532622661663045,0.9618155488670239,-0.001371374435606033,0.0013309307231908372,-0.001634230392813068
-0.03496153321461506,-0.12812275532004974,-0.4730212185820113,0.03926849051458975,-0.05413074111581557,0.03092747092754969,0.0027279066960105365,0.036006849309462706,0.9555653928610627,-0.0018443956541880444,0.0012959691899762222,-0.0017623531481331179
0.040002850251582296,-0.03639374101685488,-0.5573662477713686,0.026165848858155233,-0.07032504074353257,0.052812974020629136,0.0019685545393778297,0.03911083858664364,0.9712290398424742,-0.002401761901959413,0.0013359720402278043,-0.0017987468891499726
0.06095138878697603,-0.08667141114624094,-0.43287160598415964,0.039604695227521365,-0.06715461436752063,0.03670527197645009,0.004963235083463871,0.03923625670161848,0.9653870692448137,-0.0028346335079435727,0.0013969234290147803,-0.0018854183002962135
0.036563472122104534,-0.02219617076720548,-0.3933740109239672,0.030114615238580056,-0.054320482237537104,0.01977343788343419,-0.0096638741574945,0.03975870484655516,0.9720016998641559,-0.0032280075188675403,0.001433486901136885,-0.0019076144710634191
0.14161400585737932,0.037197771072190716,-0.154977671304744,0.029890211702683897,-0.03762039997880417,0.046020140978592416,-0.0019571019140946656,0.033228657626732556,0.9671516804996818,-0.003382985190172284,0.0015751009069942643,-0.0018704166999912284
0.23438420541198463,0.07630997236960332,-0.1320670348814244,0.061320435520535926,-0.06237426690448337,0.03364529033196744,0.004515617027574344,0.044379297709825544,0.9703254294839201,-0.003515052225053708,0.0018094851124062492,-0.0017941067276216255
0.16880596550509733,0.15447366189815684,0.2217971283063242,0.04131447585189055,-0.029401127872634564,0.017910991108683168,0.01026985320330427,0.039381076538308475,0.9693412912188545,-0.0032932550967473845,0.0019782910779113463,-0.0016396330657234685
0.10617674431648373,0.20952327397538142,0.29372528984713575,0.010242426596094908,-0.01489188304874209,0.00787165375631487,0.00041198891980009206,0.041989239580006624,0.9601716067099004,-0.002999529806900249,0.00208446782222783,-0.001430109791748087
0.09599841664676316,0.3187797684774766,0.3505794160340363,0.034510777383961425,0.007058002288250627,0.032977205973998606,-0.011779994629203549,0.0451368409710729,0.9610669661189448,-0.002648950390866212,0.002180466238874593,-0.0011113300232706105
0.0618945963941219,0.22848167433157016,0.48748636221454356,0.02794844127962101,0.02446549894342083,0.039226173530649874,-0.0013035882854848945,0.029500996274609684,0.9615132644711234,-0.0021614640286516684,0.002242360835268715,-0.0008828483489390403
0.039009618927730805,0.16252658444957988,0.48441079479167437,-0.01238671512511173,0.031666733018144586,0.0153275683250644,-0.00014389861311188412,0.04230065831439918,0.9588669312019914,-0.0016770532338599943,0.0022813704541964457,-0.0007203217644894605
0.08087224878495008,0.20942356151892377,0.4098410598790995,-0.004113105436424765,0.06999983162136725,-0.006883618875936999,0.005578485367092739,0.03836822351784276,0.9725681194379886,-0.0012672121739808943,0.002362242702981396,-0.0005108982029705366
0.05247270566483502,0.15096417912467286,0.3450006090903525,-0.0564558700769127,0.06510414809980818,-0.045301180785092016,0.00014724038073059213,0.04432329711559558,0.9639979004093763,-0.0009222115648905419,0.002414715408646231,-0.00035993402384586383
-0.07999732284756281,0.07329955810399491,0.12017565472631021,-0.034513089782391065,0.05478803561601916,0.00236994686444633,-0.006603759988756901,0.03526104416758392,0.9661283533821738,-0.0008020359101642316,0.0023347180857986676,-0.0002866344657418689
-0.04257421424312629,0.027486732595811872,-0.06873996111873937,-0.04919008409561262,0.03576019917939404,0.00783340912909651,0.004471697428374141,0.04398224363607198,0.9572201550720943,-0.000870775871282971,0.0022921438715555412,-0.00025914773314605704
-0.040559492730837615,0.04876392686364184,-0.3318096935964234,-0.07095545188159047,0.043944254746746625,0.01608698798164073,0.002370161520540885,0.03406729106683205,0.9680129435329812,-0.0012025855648793945,0.002251584378824704,-0.0002103838062824152
-0.13745942823809076,-0.11611647724610322,-0.4993134246958137,-0.012988714276013795,0.02854730744624895,-0.014908190180415648,-0.004092509611022361,0.041389199491515115,0.9619177047842796,-0.0017018989895752083,0.0021141249505866135,-0.0003265002835285185
-0.15670897610516923,-0.1711488402099735,-0.7391798928965175,-0.04474200411450356,0.05730923949291597,0.032385942185007,0.002876726685057799,0.040834239834124576,0.9703150044698422,-0.0024410788824717256,0.001957415974481444,-0.000497649123738492
-0.13522717555971397,-0.1055532368851127,-0.7701751134976641,-0.053462186259767036,0.05566853662773794,0.05351643043978839,-0.003581274584805663,0.03866966066508235,0.9606284955192769,-0.0032112539959693897,0.0018221887989217302,-0.0006032023606236047
-0.14774806082210287,-0.17482289228340792,-0.8503302860832535,-0.03112544821619133,0.059732048058949765,0.008218214034468386,-0.0024647761882447853,0.03431917214836311,0.9707606204671441,-0.004061584282052643,0.0016744407380996273,-0.0007780252529070126
-0.16794938465809608,-0.080631974800053,-0.7129896583523109,-0.037318075691050945,0.038554441031383876,0.04521967216245508,-0.00374767227134866,0.037667936508889124,0.9688513366487645,-0.004774573940404954,0.0015064913534415312,-0.0008586572277070657
-0.17494494620446144,-0.1504654441891307,-0.655603499616595,-0.031027588213642328,0.04467481584365902,0.016584593733480008,-0.0027743875695272744,0.0441565888571569,0.9618646689071974,-0.00543017744002155,0.0013315464072370699,-0.0010091226718961963
-0.1599643303223243,-0.12630027936346613,-0.4510493434305021,-0.0054638656587431365,0.03512403362511394,0.029459599162820163,0.0031837165797722177,0.04701095621390774,0.971328627798669,-0.005881226783452052,0.0011715820769147454,-0.0011354229512596625
-0.17432997254118945,-0.05292962605422657,-0.24557270090711383,0.00567385573898971,-0.016625995654122434,0.008767515153531412,-0.010404361316250497,0.04937171928097914,0.9700299604251792,-0.006126799484359166,0.0009972521043735561,-0.0011883525773138891
-0.18982069339196422,-0.125559245774559,0.07427777014724621,0.004494143341584544,-0.015275931700529703,0.014679899239370992,0.003919921049708324,0.0422627258392529,0.9667808669069393,-0.0060525217142119205,0.0008074314109815916,-0.001313911823088448
-0.18093754476670398,0.011648983037377708,0.16909256015592755,0.0496702295950445,-0.012615751282725143,0.007049308536419017,-0.000844329558865436,0.04091271020783701,0.9594115961386344,-0.005883429154055992,0.0006264938662148877,-0.0013022628400510704
-0.04816184820592623,0.024402962646599614,0.46200783177369614,0.009771042712691405,-0.03219757526394203,0.013309808653547014,-0.00380154057608886,0.04192602443917727,0.9684274427843717,-0.005421421322282296,0.0005783320180089615,-0.0012778598774044708
-0.033543511920540704,0.1299232277309275,0.6044422495870729,0.003104053349361008,-0.026515202340411187,0.013762046325044458,-0.001872385330655373,0.04934882462234169,0.9648043505515269,-0.004816979072695223,0.0005447885060884208,-0.0011479366496735433
0.02113651027050533,0.08708577715217587,0.673721288880398,-0.008924214440707866,-0.01691667704919509,0.011737909831710453,-0.006646089496422657,0.04233316214355999,0.964768682785162,-0.004143257783814824,0.0005659250163589261,-0.0010608508725213676
0.000749445885667048,0.14868465769640674,0.7678463505898383,-0.020981505973914467,-0.02439375855408919,-0.03279800540540563,-0.010384753107895543,0.040188887191875196,0.9649389483287419,-0.0033754114332249854,0.0005666744622445933,-0.0009121662148249608
0.08061060567962591,0.13502711415845864,0.8406450069129068,0.0126069496585695,-0.01873897679205615,-0.017677525560724494,-0.006754864932420313,0.038398161620966126,0.9644672740775176,-0.0025347664263120784,0.000647285067924219,-0.0007771391006665021
0.1132470280686948,0.16751169162917834,0.6867960742349696,-0.01693567510947554,-0.03249846603116883,-0.049381411841247454,-0.011953165538630798,0.038996536527123336,0.9603380596753656,-0.001847970352077109,0.0007605320959929139,-0.0006096274090373237
0.19748617309258032,0.11976123942026591,0.5214637377635973,-0.022956830353376995,0.003107603239839516,-0.02930762098311658,-0.00936357731695306,0.041747289007972505,0.9571378900486147,-0.0013265066143135116,0.0009580182690854943,-0.0004898661696170579
0.20092136174705927,0.11295181892238632,0.370562614596358,-0.030459243175404715,0.009308607110225756,-0.02300285963736566,-0.01083866923409264,0.03607689859272048,0.9561548963184562,-0.0009559439997171536,0.0011589396308325536,-0.00037691435069467155
0.14391905853008957,0.13990747631997064,0.12566827910483805,-0.06987454287026804,-0.006453010142934668,-0.03637175166302035,0.003269745480018592,0.03671968839964453,0.9663090875201987,-0.0008302757206123156,0.001302858689362643,-0.0002370068743747009
0.20989482950134886,-0.003779158115431459,-0.060675234354520706,-0.043487775575906065,-0.009007233034938113,0.0014483605133456066,-0.009394729237813738,0.039549558972648474,0.9527424774434256,-0.0008909509549668362,0.0015127535188639918,-0.00024078603249013232
0.15330221240258596,-0.026592810525396755,-0.25559490482864167,-0.09174539836466684,0.04885284240375517,-0.003060214191394267,-0.003304112683918022,0.03762486447813848,0.9685420352950203,-0.0011465458597954782,0.001666055731266578,-0.00026737884301552905
0.060777155493951115,0.005016222890361563,-0.3805489910048477,-0.10340007598269985,0.06539869645342235,0.01374092069973701,0.0023617173120072193,0.042881645706575794,0.9674913459351705,-0.0015270948508003257,0.001726832886760529,-0.00026236262012516745
0.24647467350364372,-0.13363246834305528,-0.5015134436132412,-0.07203280095670622,0.03965628395300897,0.04568907733832933,0.0009045202490933243,0.043282591437269646,0.9634966926281988,-0.002028608294413567,0.0019733075602641724,-0.0003959950884682227
0.12951455497082043,-0.3073213670983034,-0.44190257208650946,-0.07042233397782838,0.030244087476306625,0.022278876222734022,-0.004945430067087333,0.041238291246667357,0.9701929826071963,-0.002470510866500077,0.002102822115234993,-0.0007033164555665262
0.16890488384477004,-0.2586807132488346,-0.49025286791426587,-0.06040448230855919,0.058685763889377636,0.05578044215617819,-0.005046320076775737,0.04238693237878629,0.9638102205514283,-0.002960763734414342,0.002271726999079763,-0.0009619971688153609
0.060956845760771275,-0.3022812833563686,-0.3267011180942113,-0.029685572840702036,0.045137792566802885,0.07326100945094949,-0.0028162318455428803,0.04053616451727805,0.9672538601728703,-0.0032874648525085537,0.0023326838448405342,-0.0012642784521717295
0.021977419072311592,-0.2078419071703245,-0.11937105097212565,-0.032245961032463855,0.027246157465554303,0.07492289559224065,0.006720755338847861,0.020996633416080802,0.9554208230565373,-0.003406835903480679,0.002354661263912846,-0.001472120359342054
0.0007448882049440816,-0.24177109043368952,-0.0024924097975525337,-0.011181697798100451,0.04452674959403348,0.04349519720930118,-0.0018983983634435616,0.035587305613663744,0.9540534392012522,-0.0034093283132782316,0.0023554061521177897,-0.001713891449775744
0.004930315395300004,-0.1601602941480994,0.15861867719130424,0.02684190074111284,0.00100270348022075,0.02492712839145663,-0.0007456270576117487,0.04351106621732857,0.9641369875661567,-0.003250709636086928,0.00236033646751309,-0.0018740517439238434
-0.02896413590079487,-0.13870056870900754,0.4349465800382706,0.02108856837313093,-0.005803565018617711,0.02478309585150553,0.007122326558661248,0.03578695343491533,0.9674791904411789,-0.0028157630560486572,0.002331372331612295,-0.0020127523126328506
-0.040917286506010286,-0.08548798765360541,0.5040996403018003,0.03967775463895632,0.005435529157957591,-0.0001314540581726798,-0.002943290249490107,0.04426380316690577,0.9701677086799657,-0.002311663415746857,0.002290455045106285,-0.002098240300286456
-0.10853059331254457,-0.10865517999748187,0.49773659781992624,0.012480364197647148,-0.009471723852169486,0.036668496724116297,0.0012842790763943207,0.04454954132144676,0.9645817962463712,-0.0018139268179269306,0.0021819244517937405,-0.0022068954802839376
-0.09989684159114902,0.035412263965729704,0.43389097040431823,0.12255590389232687,-0.008388956139337862,0.02878819894135256,-0.002188807092912958,0.03866759646320853,0.9667528476814279,-0.0013800358475226126,0.0020820276102025913,-0.0021714832163182082
-0.15010862326826382,0.13879811154281135,0.3062995631167123,0.01955316432488705,-0.005516569021527888,0.007418509392328727,-0.00238388249739843,0.037044996797715904,0.9695033195722097,-0.0010737362844059001,0.0019319189869343276,-0.002032685104775397
-0.046478584392234804,0.06800012700334172,0.29466353098189163,0.03950422828287582,-0.06702337450811945,-0.0300592833463688,-0.009638416447424636,0.0400473148559813,0.9649856423493313,-0.0007790727534240085,0.0018854404025420925,-0.001964684977772055
-0.1704504783636533,0.1695754624349934,0.13680763687203384,0.03371890772363368,-0.03969360065720362,-0.015638855426405654,-0.010589343412913278,0.03977993480835601,0.9686132533824259,-0.0006422651165519746,0.0017149899241784392,-0.0017951095153370617
-0.13731989609823653,0.23777636067147476,-0.11330800315170365,0.07845874645311066,-0.004540672043843016,0.015766182657178704,-0.007626831216445668,0.04313463010324991,0.9600856368023624,-0.0007555731197036782,0.0015776700280802029,-0.001557333154665587
-0.1027449850430908,0.2486489004567015,-0.42446890568544293,0.012571470701196278,-0.053998674258168254,-0.0006047684936075562,-0.0007770388315923365,0.028292672180249986,0.9575004602793021,-0.0011800420253891214,0.001474925043037112,-0.0013086842542088856
0.0476261447661482,0.3169652193853329,-0.5334425074690717,0.019732569616671004,-0.05325929193247912,0.0044604233487848515,-0.001135645363037824,0.03632547904534391,0.9631664256792921,-0.0017134845328581928,0.0015225511878032602,-0.0009917190348235525
-0.002450897528458333,0.2750870115555761,-0.7172240612657789,-0.01496244761185537,-0.07820178128017527,0.05887914964884502,0.00123690358688139,0.03493043390313276,0.9697628305907189,-0.002430708594123972,0.0015201002902748017,-0.0007166320232679764
-0.050315975707898114,0.23593870002440887,-0.7825513106370005,-0.03891563020154346,-0.023562050230981915,0.005061736164586355,-0.005605383579730565,0.027396483221422938,0.9623873855573374,-0.0032132599047609723,0.0014697843145669038,-0.0004806933232435675
0.054067331300975977,0.21765456198070304,-0.725024512189482,-0.01984330550445504,-0.004404245652473841,-0.03766145265881304,-0.0029817738247793113,0.037508498364419864,0.96925037974025,-0.003938284416950454,0.0015238516458678797,-0.0002630387612628645
0.06635499084819874,0.1681171875429615,-0.7272389354955391,-0.05653846880529379,0.006416881791904052,-0.009021351777409514,-0.00308089982388526,0.032478135991169235,0.9609153956827476,-0.004665523352445993,0.0015902066367160786,-9.492157371990295e-05
0.07918635123680527,0.08159468124499492,-0.6141356670915001,-0.045918045699395504,-0.014341751971787713,0.026281586945826316,-0.00644851461708276,0.038031249102387685,0.9631918318607015,-0.005279659019537493,0.0016693929879528836,-1.3326892474908037e-05
0.11878212529235735,0.008055747902142588,-0.4585677745530396,-0.04192412535299246,0.017838164518368456,0.026629370325916453,-0.007638649337826512,0.037520413602441925,0.9673689302345443,-0.005738226794090533,0.0017881751132452408,-5.271144572765449e-06
0.10465719273463904,0.01670728625862339,-0.20927602854469068,-0.016947765357315618,0.0334810743183954,0.027149868722118158,-0.013575661549858863,0.04221764188585261,0.9628761513208427,-0.005947502822635224,0.00189283230597988,1.1436141685857942e-05
0.11915299581262315,-0.11020738654711887,-0.011361565678399289,-0.07724770712374991,0.0399537385750303,0.029590026807339194,-0.007032794610591853,0.03868943285185398,0.9637781870486611,-0.005958864388313624,0.002011985301792503,-9.877124486126093e-05
0.04263858750932335,-0.11707436628782131,0.2955416246293028,-0.04863180863697251,0.025169913773514168,0.016550421317368183,-0.006909328350360976,0.031471457195956606,0.9532808199867626,-0.005663322763684321,0.0020546238893018264,-0.00021584561114908223
0.17639854545235678,-0.19260699709380713,0.48311829675365797,-0.03864429657189046,0.05463042049751676,0.036707109276535456,-0.0008363407864303988,0.04164896916061342,0.9705742263957686,-0.005180204466930662,0.002231022434754183,-0.00040845260824288934
0.07858707977442136,-0.11767338403322153,0.6288297101963449,-0.0253372432221859,0.040372846254397424,0.05174866780772342,-0.00046201300937055104,0.0520022179392019,0.9658403027617233,-0.004551374756734317,0.002309609514528605,-0.0005261259922761109
0.02502564296415581,-0.09231595740015701,0.8151772544877159,0.03799513920341175,0.020209676271825797,0.05121594198287305,-0.006016838794775641,0.045263654308447435,0.9617621558133956,-0.0037361975022466008,0.002334635157492761,-0.0006184419496762679
0.03584044600435059,-0.1760748970424823,0.7129016631986507,-0.005011446796482015,0.06965686157352055,0.042063271996950195,0.003453343573494352,0.04326891333779335,0.9757075054754819,-0.0030232958390479505,0.0023704756034971116,-0.0007945168467187503
0.010152306469681557,-0.11217354257321682,0.7532971126808826,-0.041303039465741334,0.05476159869784046,-0.020250332924372345,-0.0060315333126793,0.038878929369247,0.9626546908267269,-0.0022699987263670677,0.0023806279099667926,-0.0009066903892919672
-0.03627009611482678,-0.08987878119764431,0.7001941957512301,0.013660378595525569,0.057566947371515326,-0.01034886645085469,-0.0019344869386689768,0.037384132543632514,0.9640787346965312,-0.0015698045306158375,0.002344357813851966,-0.0009965691704896115
0.003531976416257028,0.024955814919590272,0.5657944418431041,0.02086550044891065,0.02706110746849387,-0.023917915607887634,-0.007716799199594546,0.037018703799455634,0.9619037593829585,-0.0010040100887727334,0.002347889790268223,-0.000971613355570021
-0.02059497921166383,0.086116045760785,0.331162941463003,0.02054710191264244,0.0410683535965344,-0.011646662311874912,-0.013034237657703646,0.04100378544579071,0.9722879879890566,-0.0006728471473097302,0.002327294811056559,-0.0008854973098092362
-0.1874270059828675,0.04249852048300913,0.06332831453583816,0.009382173409944869,0.039112936915176165,-0.028556199991391182,-0.009576345827288054,0.034100348318919636,0.9739947237988301,-0.000609518832773892,0.0021398678050736915,-0.0008429987893262269
-0.15003283093341735,-0.03975513588380407,-0.11512918702190955,-0.008012482484965068,0.043838304182764645,-0.032032017788167375,-0.00019646596556454742,0.04086020272571222,0.9735520588513543,-0.0007246480197958015,0.0019898349741402743,-0.000882753925210031
-0.1714794563836996,0.1842622821424703,-0.2762176451462002,0.05285064160236697,0.015681592264517964,0.003880660271889049,-0.00900390386762277,0.0364177247077614,0.9735614053600004,-0.0010008656649420015,0.0018183555177565744,-0.0006984916430675607
-0.17818104563897777,0.15030351707157322,-0.3462349887151693,0.004456003039184076,-0.0011376469864277008,-0.018138844676683502,-0.010131253910260157,0.031139972859726993,0.9640102462176792,-0.0013471006536571709,0.0016401744721175966,-0.0005481881259959874
-0.10433768346738892,0.15391773682437143,-0.44316611703943765,-0.019317879371816976,-0.04307296824866546,-0.010098567486898668,-0.00793465403884702,0.036299041183710315,0.9754163196886493,-0.0017902667706966085,0.0015358367886502077,-0.000394270389171616
-0.22549776304976343,0.18518788706519348,-0.4439941309533,0.012519665979794193,-0.02227907863823697,0.005035915897741652,-0.009977059299267262,0.04591816686520889,0.9661337143922708,-0.0022342609016499084,0.0013103390256004443,-0.00020908250210642252
-0.113742104488048,0.09950520850740496,-0.4206872873059657,-0.06187087717472571,-0.05106386874917622,0.020724940853545655,-0.0021757106907649877,0.04032749354081615,0.9594563009357486,-0.0026549481889558742,0.0011965969211123963,-0.00010957729359901755
-0.18214728204652436,0.050406516842590524,-0.35531278521025356,-0.045715112491165055,-0.03914046377621424,0.03149829898450791,0.0011681568476067956,0.02184549205126784,0.9650949978075324,-0.0030102609741661283,0.0010144496390658718,-5.917077675642703e-05
-0.08553364947459056,0.016491394837065715,-0.21408394393456015,-0.09377740318718755,0.01844486528868261,0.05891964855519332,-0.008343726739329514,0.036211306148350796,0.968915290369099,-0.0032243449181006884,0.0009289159895912813,-4.267938191936132e-05
-0.14783210504950933,0.0024678970261601645,0.01228824239517855,-0.06169790482997396,-0.036947478171871426,0.010730210265576709,-0.005785076818469537,0.04406616806930394,0.9641196914693986,-0.00321205667570551,0.0007810838845417719,-4.021148489320115e-05
-0.12319417759368778,-0.034910203942021205,0.2305686865113009,-0.10353850572352857,-0.05743461734179914,0.049362529905149354,-0.003741598583362653,0.038027454908041866,0.9681367761669445,-0.002981487989194209,0.0006578897069480841,-7.512168883522236e-05
-0.07006244390364452,-0.05378874118435037,0.32240989065836856,-0.07139781704073186,0.012879978472575555,0.044627967999021405,-0.00817151275412519,0.0421066790707161,0.9701438885753857,-0.00265907809853584,0.0005878272630444395,-0.00012891043001957275
0.027884430760366626,-0.15807362605387373,0.4747680397064692,-0.03742941615729905,-0.00887172297980893,0.0415704338883022,-0.013216749345902827,0.037478668468956554,0.969572834482882,-0.0021843100588293707,0.0006157116938048062,-0.0002869840560734465
0.014550763139059317,-0.22139894358519566,0.4566820781928604,-0.06625670597443285,0.028125130125345066,0.06075912195605843,-0.01098698881566321,0.04034126899808098,0.9708544379050946,-0.0017276279806365102,0.0006302624569438655,-0.0005083829996586421
0.0554065773441085,-0.19941058469797796,0.4429916365530931,-0.10006537619396044,-0.0028439080593942647,0.06689889398954493,-0.006991894977178687,0.03956347623255314,0.9667377137195244,-0.0012846363440834174,0.0006856690342879739,-0.0007077935843566201
0.11160223693228938,-0.29540172467276077,0.4509170737975289,-0.04081431701804013,0.01889274350229398,0.022321432434536225,-0.007194825455745733,0.03612199878200726,0.9640608981182958,-0.0008337192702858883,0.0007972712712202633,-0.001003195309029381
0.0748288453151402,-0.17997233157324996,0.27719591779948927,-0.01543956175875505,0.05673986274149164,0.05956736357526466,-0.01823634387518449,0.0421722836666928,0.9604059876468782,-0.0005565233524863991,0.0008721001165354035,-0.0011831676406026308
0.15881029880720282,-0.21410349826808928,0.04000663611643531,0.010142398820619335,0.009944196702066206,-0.011866566239914169,-0.011569654859379662,0.04693502435379502,0.9673765324099347,-0.0005165167163699639,0.0010309104153426063,-0.0013972711388707203
0.1363280112213811,-0.19812488303370704,-0.19593470706044439,0.03829833833853944,0.03442331396236882,0.01960834043015329,-0.013182363266679941,0.041162006351417084,0.965190282263767,-0.0007124514234304082,0.0011672384265639874,-0.0015953960219044273
0.24779194390597217,-0.18340211758606684,-0.32725061994673044,0.054430870334428325,0.04276808390336935,-0.018067448640884838,-0.005196272112436642,0.039719055991562786,0.9673443960979229,-0.0010397020433771385,0.0014150303704699597,-0.001778798139490494
0.20669970227920378,-0.05198195093506214,-0.5217541478860926,0.03383641343586619,0.019395186350652613,-0.019531553085122784,-0.01320895953138152,0.03494285105105337,0.9576437654965277,-0.0015614561912632313,0.0016217300727491635,-0.0018307800904255559
0.2188702860771478,-0.030233390351677967,-0.6803933559076284,0.03236933521343373,0.03330563592407575,-0.009778111014307924,-0.01213312821997858,0.0438082740009104,0.9604649276319197,-0.0022418495471708596,0.0018406003588263113,-0.001861013480777234
0.08515660444912727,0.04300306426260136,-0.805059260775239,0.028312356033236327,0.021598542623528325,-0.0207491921710374,-0.012417104626653715,0.03651944629044299,0.9706675675600029,-0.0030469088079460986,0.0019257569632754386,-0.0018180104165146328
0.19634625124598265,0.03193769577349083,-0.8626268664236539,0.04075466865889438,0.023337146916558395,-0.06925058662036133,-0.006088848786492321,0.04183465776420262,0.9600009944441447,-0.003909535674369752,0.002122103214521421,-0.0017860727207411418
0.1342893143259343,0.14297076098097652,-0.753024571098364,0.05773644212616933,0.03989971444131704,0.003454729741965876,-0.005309748970466533,0.04279523859824866,0.9672891276820081,-0.004662560245468117,0.0022563925288473555,-0.0016431019597601655
0.04983709576284781,0.1800605201378815,-0.5565362694559028,0.014005395280361724,0.04659409705691817,0.012063972566008255,-0.007794165387242534,0.043878827184527104,0.964146392113902,-0.005219096514924019,0.0023062296246102038,-0.0014630414396222839
0.09002584860285368,0.2550142231369278,-0.47258641131121926,0.011950768414355382,-0.007376162429081527,-5.9463275251910724e-05,-0.00483764335900909,0.043925476655805304,0.9638899658256999,-0.005691682926235238,0.002396255473213057,-0.0012080272164853559
-0.016742775414772558,0.23751536031545545,-0.1965337785300786,0.02882678351127372,-0.027745574645611528,0.005790462987163682,-0.004299862690983936,0.04369720923884042,0.9688495421840903,-0.005888216704765317,0.0023795126977982847,-0.0009705118561699005
0.047976925010360744,0.12590734783061597,0.12782162998577978,-0.009662634952302272,-0.024213913466320704,0.010484838485509086,-0.019635316129472828,0.0325178907402572,0.9686273711205047,-0.0057603950747795365,0.002427489622808645,-0.0008446045083392844
0.05354040893613544,0.21097039471337015,0.28477808101201596,-0.0039562261598671405,-0.04328530353882947,-0.009773801206847269,-0.0077306327430380125,0.03445422907893765,0.9712776923607631,-0.0054756169937675205,0.002481030031744781,-0.0006336341136259143
-0.12460473928425,0.13147814122941925,0.5102179146184692,-0.041474032514592786,-0.07373066982866786,-0.0069280573882189635,-0.012645177437080518,0.031836876141148836,0.9630981625353459,-0.004965399079149052,0.0023564252924605307,-0.000502155972396495
-0.069563311208201,0.10739116003695358,0.6216394533970837,-0.031452002042688984,-0.04374339937744352,0.0483452424370111,-0.01718549437790612,0.03144880191242756,0.9642479574805582,-0.0043437596257519685,0.0022868619812523297,-0.00039476481235954143
-0.09665959853590646,0.15059949225666788,0.8149527899497866,-0.06199025713499449,-0.019382186659394996,0.053958471405877735,-0.012605562697494922,0.046222132151316334,0.9743486078306661,-0.0035288068358021816,0.0021902023827164233,-0.0002441653201028736
-0.19551325871527236,-0.02817826097474528,0.7809286066224236,-0.09061949143480308,-0.06596893705007321,0.04240980244208163,-0.007457290113535924,0.03361263883772806,0.9676716681594961,-0.002747878229179758,0.001994689124001151,-0.00027234358107761883
-0.07017398485679152,0.008387122652151236,0.6974316299022022,-0.03579745509195528,-0.049655432588407766,0.03341256494246574,-0.003939621998859634,0.03285536538116482,0.9706868093053134,-0.0020504465992775556,0.0019245151391443596,-0.00026395645842546754
-0.08504531397499626,-0.07889581360815442,0.611083191968081,-0.06740308154680405,-0.03287607408122818,0.03474883568832665,-0.01804517965239437,0.03815342471630291,0.9664344519804516,-0.0014393634073094747,0.0018394698251693632,-0.000342852272033622
-0.015360495937925586,-0.1301644298890522,0.49638733005917235,-0.05348060759268055,-0.0035107766263994845,0.025169628693561243,-0.008330976487026315,0.03464667443353766,0.9712591264049907,-0.0009429760772503023,0.0018241093292314374,-0.0004730167019226742
-0.07413457443798938,-0.17441438567679235,0.2110377667007749,-0.05431070438090105,0.047858577492178374,-0.013888697835019588,-0.0016978347932915649,0.049628889099569404,0.9566021576042241,-0.0007319383105495273,0.0017499747547934483,-0.0006474310875994666
-0.12020390201789263,-0.13296904709468405,0.004504773434834991,-0.019278052395223746,-0.004209976548130747,-0.002738978500169447,-0.002474680409779724,0.03689409139782914,0.9748660802678587,-0.0007274335371146923,0.0016297708527755557,-0.0007804001346941506
-0.03436748252512599,-0.13195752704177782,-0.11050860942508964,-0.011807719953441688,0.025201798386857488,-0.021251521526352617,-0.028996984175407817,0.040427964931233074,0.9668959473762733,-0.000837942146539782,0.0015954033702504297,-0.0009123576617359283
0.026110277235607493,-0.22126599161847094,-0.311397959012545,0.004411511962169606,0.03401479562897071,-0.027500650509601023,-0.0009376052308453509,0.03423965630710413,0.9629912536984218,-0.0011493401055523269,0.0016215136474860372,-0.0011336236533543993
-0.02747329992343211,-0.06620845669163,-0.47166581719265566,-0.006095298478139688,0.03694622029977007,-0.003289644702020129,-0.007127879880462478,0.029770789577498975,0.9639869963718692,-0.0016210059227449827,0.001594040347562605,-0.0011998321100460294
0.06036713094955083,-0.14027578518593764,-0.503993882940324,0.013509223951832103,0.04915514748477695,0.0038541105414695003,-0.023570607748363212,0.0343753880303967,0.9680453135042837,-0.0021249998056853065,0.0016544074785121558,-0.001340107895231967
-0.061119543741828083,-0.026814193724052422,-0.4023819201668571,0.0298671899956537,0.04564962604618959,-0.07319862297385589,-0.015962132610254857,0.03436609695108454,0.9688752026935376,-0.0025273817258521635,0.0015932879347703276,-0.0013669220889560194
0.13843561562824885,-0.05405797668466108,-0.3531279300189414,0.056203761351681626,0.11210378602274543,-0.027140246068764258,-0.005944661974822234,0.03426713779899791,0.9701972237355635,-0.002880509655871105,0.0017317235503985764,-0.0014209800656406807
0.1267587768921103,0.0240829251913455,-0.2937124381749836,0.031546288641290124,0.07191981469041683,-0.021388154942254906,-0.010531226440630556,0.02982687774894651,0.963592219690399,-0.0031742220940460886,0.0018584823272906868,-0.0013968971404493351
-0.012900637218740948,0.027323805682836128,-0.09115779807782362,0.0016898317950640573,0.044939318105832946,0.016829445209251247,-0.015301117468315221,0.038441688927360086,0.9739757121177991,-0.0032653798921239126,0.0018455816900719458,-0.001369573334766499
0.12990271311544985,0.0951433441811306,0.053215549966374356,0.019864293870165965,0.07254401242781397,-0.02523504956628269,-0.012197219121323589,0.03601054541104174,0.9670630059022851,-0.003212164342157538,0.001975484403187396,-0.0012744299905853684
0.02246802899570899,0.13285774360304733,0.13636593559253643,0.0008365514777343326,0.04684573740386918,-0.04533907906131774,-0.009897637624736725,0.029917194025471106,0.9668774770189056,-0.0030757984065650015,0.0019979524321831047,-0.0011415722469823209
0.08043226242321808,0.09898584564970364,0.2708150348898531,-0.048601019667228136,0.03420695805922595,0.041188230863663744,-0.015620777888306805,0.03808943973156669,0.9686825180824205,-0.0028049833716751486,0.0020783846946063225,-0.0010425864013326172
0.12772503954211606,0.1619983031521923,0.4153596744816905,-0.059758202160654,0.019790630201856056,0.05314399366535176,-0.013456718658538883,0.04129959012011677,0.9731929766587734,-0.002389623697193458,0.0022061097341484386,-0.0008805880981804248
0.071912487325318,0.14956095018989798,0.4217964628958694,-0.03882148167556964,0.008459075091842565,0.005388143836390526,-0.008432738478068042,0.04340648235915358,0.9697744182677839,-0.0019678272342975884,0.0022780222214737566,-0.0007310271479905269
0.11214716717033602,0.22200316690581173,0.47788932622116176,-0.051071224712663815,-0.02065409620593124,0.04327004574772623,-0.016517101782309366,0.02524483651443699,0.9672974489421494,-0.0014899379080764268,0.0023901693886440928,-0.000509023981084715
0.029020406350841993,0.09773440823975049,0.34622720368530424,-0.06948072014618768,-0.03860046429538576,0.07821880386602284,-0.0198931161051792,0.03361930118169999,0.9684558366973914,-0.0011437107043911225,0.002419189794994935,-0.00041128957284496456
-0.007007010695573683,0.05866911071048056,0.24069285510692356,-0.05532288030045326,-0.005219555151342294,0.024988570995888554,-0.016389387470248512,0.03034649087932798,0.9762358634809182,-0.000903017849284199,0.0024121827842993613,-0.000352620462134484
0.012238497730653719,-0.13153821379059413,0.049547841790462746,-0.09762054729026659,-0.02218767285753955,0.04474787610705468,-0.0177415181322441,0.03386443344085287,0.9754826099454061,-0.0008534700074937362,0.0024244212820300147,-0.00048415867592507816
-0.08687829415637924,-0.19513640561994544,-0.1522244422774364,-0.10851950625760323,-0.004403076290433835,0.04671176962030143,-0.01641489712399508,0.0439934665634347,0.9721007563223324,-0.0010056944497711727,0.0023375429878736355,-0.0006792950815450237
-0.10399963862233695,-0.16957933614768608,-0.43850771995989,-0.09492043546547657,-0.041076890139524584,7.979916591718643e-05,-0.022120931023472692,0.03333836866019115,0.971080552455608,-0.0014442021697310629,0.0022335433492512986,-0.0008488744176927097
-0.1263056052619038,-0.11663247971252429,-0.5589610336208222,-0.08402137002142891,-0.044261602634335866,0.008439934572076665,-0.012398076907967358,0.034522082838266056,0.9819716234333514,-0.002003163203351885,0.0021072377439893954,-0.000965506897405234
-0.1581348609226345,-0.11653198411612326,-0.7678166935774527,-0.06259709286897168,-0.0036235932038992313,-0.023186093410688433,-0.009330183502862303,0.03267381592178674,0.9727873826199086,-0.002770979896929338,0.0019491028830667606,-0.0010820388815213572
-0.11969333179549253,-0.27949869539743866,-0.769986858764417,-0.06384330239576241,-0.019982649245763,-0.0010925280111682128,-0.017818296477245175,0.044869803736599365,0.9714392178311548,-0.0035409667556937554,0.0018294095512712682,-0.001361537576918796
-0.2150152069526982,-0.276722014181436,-0.7527706796734983,-0.07492026573585846,0.009639518379423607,-0.02065298770984636,-0.01711042996754298,0.02516134925852886,0.9695922378915947,-0.004293737435367254,0.0016143943443185699,-0.001638259591100232
-0.22639864569146773,-0.21048291259788177,-0.7068136741919573,-0.06646241188189919,0.0008402451322055077,-0.0057060557616827896,-0.014877894883002594,0.033797449274784196,0.9724533145922248,-0.005000551109559211,0.001387995698627102,-0.001848742503698114
-0.23316740624921173,-0.21484993943012307,-0.6092009420216173,0.004455870489634046,0.045862452476873664,0.00021913448912245885,-0.018587317030795688,0.03216943708952464,0.9555097681545999,-0.005609752051580829,0.0011548282923778902,-0.0020635924431282367
-0.2712827354324363,-0.17029888043647692,-0.37837231149377687,-0.004608678626435991,0.03148041172946247,0.01525651526676901,-0.009201151918278673,0.027808869303588873,0.975941500085397,-0.005988124363074606,0.0008835455569454541,-0.0022338913235647137
-0.0856362555259459,-0.07892357738127535,-0.2393366940200134,-0.008315529162017558,0.03195012385023799,0.03659105445714614,-0.01865208764871058,0.04184215863350739,0.9645110952570899,-0.00622746105709462,0.0007979093014195081,-0.002312814900945989
-0.16989676688499264,0.0783193535237312,0.002277151795961052,0.05504026605660691,0.04594495328795635,-0.0012570458790275591,-0.016926434801921974,0.027230971459692166,0.9673466948938445,-0.0062251839052986585,0.0006280125345345155,-0.0022344955474222577
-0.1084990855016036,0.07809265055457565,0.3485754640229337,0.08043950015962635,0.029023522657716315,-0.005443209768670526,-0.018200868622641808,0.03386376428963957,0.9640034532301065,-0.0058766084412757245,0.0005195134490329119,-0.002156402896867682
0.009281694823103773,0.16751884221786972,0.599571080192193,0.05047498395607737,0.004149979593155611,0.0006660283458755929,-0.009434166921359396,0.03568093245649907,0.9673896982787699,-0.005277037361083531,0.0005287951438560157,-0.0019888840546498122
-0.03107912397994904,0.05467299014253528,0.6432502637008862,0.05628803614756787,0.044521886119761586,-0.003671095015190695,-0.015713399330950065,0.03223266700619156,0.9694376753037016,-0.004633787097382645,0.0004977160198760667,-0.001934211064507277
0.03800597814407955,0.23754596720915125,0.7944884393405328,0.050942197448346785,0.07411839299481056,0.03145726321355618,-0.004678335890281439,0.027227727725731142,0.9756537159470201,-0.0038392986580421127,0.0005357219980201462,-0.0016966650972981255
-0.012728917081928887,0.18047216772884123,0.833518839766045,-0.009949495705298482,-0.014781484710038682,0.018127810146031507,-0.012960358380204895,0.034968612532718116,0.977720066146512,-0.0030057798182760677,0.0005229930809382173,-0.0015161929295692844
0.15294309588395982,0.3225380767038497,0.7302607757638496,0.04217017805650857,0.03412359148640562,0.041969872022592246,-0.009021743286088308,0.03191071508205236,0.9810481726908861,-0.002275519042512218,0.0006759361768221772,-0.0011936548528654345
0.11520469511234062,0.3131289509830665,0.6214984505432187,0.035397002258969926,-0.013928748401346431,0.014158954545683175,-0.016519393963982686,0.03967217512245061,0.9719218672752711,-0.0016540205919689994,0.0007911408719345177,-0.000880525901882368
0.10094861896823185,0.2677363371119241,0.49182602671637377,0.032723999816179176,0.00712523229803504,0.02213720850438239,-0.019694680373523628,0.0381176475370861,0.97038351291778,-0.0011621945652526256,0.0008920894909027496,-0.0006127895647704439
0.12159731416414277,0.18019570175581168,0.2627740458783285,-0.027079824428973102,-0.0006758423354966073,0.03622213431580539,-0.015230335624189854,0.045165735283858775,0.9754449428021402,-0.000899420519374297,0.0010136868050668925,-0.0004325938630146322
0.25975814768407346,0.15386514421341274,0.047601322683567926,-0.053982394783606585,0.0027397282182070656,0.01896311887486212,-0.01854210797620284,0.035900597484685666,0.9673447773017854,-0.0008518191966907292,0.0012734449527509659,-0.00027872871880121945
0.16097532707523182,0.10978013917053142,-0.2043860450398321,-0.014754652430898331,-0.017391053618691137,-0.024777533183921265,-0.02522129731468844,0.03820244363660488,0.9668547579515566,-0.0010562052417305613,0.0014344202798261976,-0.00016894857963068805
0.14025489302261576,0.10976557196687342,-0.3272071666949967,-0.03953684789005606,-0.0023972629750098192,0.004458990889211931,-0.010242211498951713,0.03336609473537662,0.9699165738524129,-0.001383412408425558,0.0015746751728488136,-5.918300766381463e-05
0.1568006151248661,0.03796894741166538,-0.45860992141467505,-0.0360544595498494,-0.013160421347622023,-0.02037659441276466,-0.015226650734756781,0.04362310835672418,0.9716521792653783,-0.001842022329840233,0.0017314757879736795,-2.1214060252149248e-05
0.16247195574846882,0.031879836712585735,-0.5077731826323454,-0.06675165781936257,-0.044953574211556636,0.01077980004746885,-0.01897182563686045,0.03501861401598472,0.9615559734342713,-0.0023497955124725787,0.001893947743722148,1.066577646043649e-05
0.14496456845187036,-0.005793902134947543,-0.5019613181739296,-0.044958028645243626,-0.021257805362372605,-0.0005418387274349467,-0.013668292125722929,0.03435642098736255,0.9772939765680156,-0.002851756830646508,0.0020389123121740188,4.871874325488947e-06
0.13111822212864052,-0.1554987629053888,-0.40094645557485453,-0.0647322564752425,-0.04894354714373471,-0.07066096382888712,-0.015393710198760976,0.03747312293066829,0.9732286946199488,-0.0032527032862213626,0.0021700305343026593,-0.00015062688857989988
0.09065874493062884,-0.11920596057425809,-0.3108893100609935,-0.034379913821244015,-0.04931823110370528,-0.011424196619406265,-0.00865752586721583,0.031445603151909904,0.9760885169770342,-0.003563592596282356,0.0022606892792332877,-0.000269832849154158
0.07682767103443744,-0.13040806585268255,-0.107200703677311,-0.03002950308127054,-0.05816078575552201,-0.019246949150787077,-0.013619881541376057,0.03207159976881917,0.9643144172792072,-0.003670793299959667,0.002337516950267725,-0.00040024091500684054
0.0013358790230313337,-0.1524775062998115,0.05227157642616892,0.03582436641696542,-7.967688888219516e-05,-0.053383577364091446,-0.016645424598984857,0.03716739201748527,0.968910937127781,-0.0036185217235334983,0.0023388528292907565,-0.000552718421306652
0.07724951433059223,-0.08763951019911514,0.19427651928341433,0.01171548245432764,-0.02276500816716903,-0.00011677470995512772,-0.012469924338832625,0.03802681210340176,0.9687269344467824,-0.0034242452042500837,0.0024161023436213487,-0.0006403579315057673
-0.06974996364035478,-0.079457802217153,0.2855040995991316,-0.03178166800958173,-0.054352888721559474,-0.03502940700805352,-0.016192493204143014,0.03724764652463708,0.9713617534567296,-0.0031387411046509524,0.002346352379980994,-0.0007198157337229204
-0.010179031308577072,-0.09048271287706354,0.5086318694848969,0.01953044790474625,0.016457720015740963,0.023304502092291055,-0.015168483879635998,0.033757213669185535,0.9722774139784743,-0.0026301092351660553,0.002336173348672417,-0.0008102984465999839
-0.11980793781474354,-0.026944589707871877,0.5286763014028072,0.03225128440378623,0.008541426975702194,-0.001915947684186299,-0.010031154105173083,0.03540521051410015,0.976863024527917,-0.002101432933763248,0.0022163654108576735,-0.0008372430363078557
-0.17168842714289875,0.008971043068011896,0.4203562186897525,0.017228613832015575,0.022285714009728404,-0.00882442223958558,-0.02207855066092061,0.03874927261153575,0.9730788614478091,-0.0016810767150734957,0.0020446769837147746,-0.0008282719932398438
-0.18980243439869365,0.03480748432585536,0.38741840098996827,0.002714067135662919,0.033443396419669494,0.07354091307839399,-0.020625119566884252,0.028370510519397582,0.9689482971450583,-0.0012936583140835275,0.001854874549316081,-0.0007934645089139886
-0.09938349727785621,0.10155445585550883,0.152580232089624,0.03232905890301918,0.03955630842209862,0.008075887143040217,-0.018477952438203982,0.03373972524377666,0.9836638925556639,-0.0011410780819939037,0.0017554910520382245,-0.0006919100530584797
-0.053454288189097046,0.07364118934209393,-0.009999139521232046,-0.009127720387017377,0.10687394088355825,0.028423876714592296,-0.017818083866415077,0.01906727820689487,0.9714677636226773,-0.0011510772215151354,0.0017020367638491277,-0.0006182688637163857
-0.1471688679128383,0.17091879335629884,-0.23457319084226136,0.009838470823743744,0.08916789123104707,0.035138283345444596,-0.010741365259665386,0.03721613003937955,0.9683318925364174,-0.001385650412357397,0.0015548678959362893,-0.0004473500703600869
-0.11648591964427804,0.21586281786603956,-0.4329004602951506,-0.03626637587191903,0.07089707137278442,0.038093740724205,-0.023668026547298777,0.029491712708021794,0.9635107272526972,-0.0018185508726525472,0.0014383819762920113,-0.00023148725249404732
-0.03591794448526641,0.14149626658486664,-0.5728898523592735,-0.04060539877921225,0.06013848591109726,0.05821539307101234,-0.016811842768545544,0.029513465052944575,0.9734591239368482,-0.002391440725011821,0.0014024640318067447,-8.999098590918065e-05
-0.028311570153598167,0.15690993730631736,-0.7554969333860392,-0.025186883634166754,0.0738305927670935,0.03992417268677295,-0.019487389714256113,0.03257240238715206,0.9765316007525766,-0.0031469376583978595,0.0013741524616531467,6.691895139713672e-05
-0.0280556132479801,0.08266825675598748,-0.8230863095552367,-0.047611505164476854,0.04990637430009439,0.051418291936995264,-0.008299582233464232,0.036164720888684186,0.9674486993214638,-0.003970023967953097,0.0013460968484051666,0.00014958720815312423
-0.032820104692816814,-0.01876416133204596,-0.7704463829443889,-0.06753140601217247,0.053376583791515414,0.03008779764475142,-0.012450588791194052,0.04491483863555064,0.9763443875037237,-0.004740470350897486,0.0013132767437123499,0.00013082304682107826
0.0659144646636009,0.06730512269383078,-0.7239380147881557,-0.07633637024631272,0.039010371115464515,-0.019933341297583528,-0.015743530839994174,0.025076122216737093,0.973708621742919,-0.005464408365685642,0.001379191208375951,0.00019812816951490905
0.10447244271415417,-0.1917796873077951,-0.6071936046960024,-0.07767659845455581,0.02053899924715939,0.015793800956546707,-0.012159276009369394,0.02847854534070215,0.9644946473628868,-0.006071601970381644,0.001483663651090105,6.348482207113927e-06
0.11555641170922924,-0.13307925447830904,-0.36646874127882534,-0.09486950679564735,0.0268536334108582,0.0019158134901151851,-0.023666515112360786,0.033753504233872904,0.9765610926641198,-0.00643807071166047,0.001599220062799334,-0.00012673077227119513
0.10731397376460464,-0.21589682069068844,-0.09299118388862693,-0.10465908186932289,-0.009728924491611985,-0.020980302251511818,-0.006996945218073593,0.028859603204049594,0.972178676096379,-0.006531061895549095,0.001706534036563939,-0.00034262759296188356
0.0645228161818126,-0.1448642871528807,0.16223274522131925,-0.05420738081580142,-0.00841836876532013,0.029562366313863317,-0.02140821259184808,0.036555251065159056,0.9679447355693542,-0.006368829150327777,0.0017710568527457516,-0.0004874918801147643
0.12786318985117967,-0.23183966333607348,0.29403143271545146,-0.02277117272779132,-0.03584644926324257,-0.0006184894827606629,-0.010977990358934854,0.0314180955489111,0.9784312372457831,-0.006074797717612326,0.001898920042596931,-0.0007193315434508377
0.11787670633433907,-0.1333450685336775,0.5033512755183331,-0.02638002002923046,-0.03824197598613028,0.007728390954199993,-0.01456759999951912,0.03656432390337007,0.9784075946304868,-0.005571446442093993,0.0020167967489312703,-0.0008526766119845153
0.03320545304361856,-0.24230955237977855,0.7610068079500343,-0.016771958643130323,-0.0740408940136107,0.012413856020653763,-0.016066662392214593,0.03077520573661776,0.9680509409935911,-0.004810439634143959,0.002050002201974889,-0.0010949861643642937
0.06031106805137739,-0.2561167941850794,0.7869665198660595,-0.028830883916051424,-0.014512352061595696,-0.009684796337695459,-0.011373908190333992,0.03462115595437259,0.975328881152313,-0.004023473114277899,0.0021103132700262665,-0.0013511029585493734
0.06635541436057012,-0.2623222906560364,0.7093641437066642,0.029505713202555857,-0.006938916521361977,0.018423614287849138,-0.012528176954792938,0.026989360406296473,0.9749497834149281,-0.003314108970571235,0.0021766686843868364,-0.0016134252492054095
0.016975802944268703,-0.08302083543171676,0.713554310606407,0.036524372755385365,0.004279000655125405,0.01956768986720219,-0.01703454078955481,0.041339583116496874,0.9736657022771777,-0.002600554659964828,0.0021936444873311054,-0.0016964460846371262
-0.10139428505253878,-0.11360909213494469,0.5983058515086785,0.05435341036140129,-0.03359952489814286,0.009252452053223408,-0.019739115675370053,0.023030846848083875,0.9714989957469006,-0.0020022488084561496,0.0020922502022785662,-0.001810055176772071
-0.07380255852940404,-0.03073999779747069,0.42557802455099036,0.06860690865535808,0.004425874565188299,0.001997439681226258,-0.017074952514716284,0.027866195748122817,0.9734072229088849,-0.0015766707839051592,0.002018447643749162,-0.0018407951745695419
-0.10975433566018714,0.10961795230454971,0.2669180210657798,0.08441192750950889,0.003571302304909135,0.031181388202462468,-0.0182624069634076,0.024178174954122233,0.9789139929409696,-0.0013097527628393793,0.001908693308088975,-0.001731177222264992
-0.08254905060855314,0.16255155514561279,-0.025942145509330335,0.030896908729189272,0.026503283210253876,0.04444402678963796,-0.016035993395034517,0.03515587587311554,0.9763394543810837,-0.0013356949083487097,0.0018261442574804218,-0.0015686256671193792
-0.016394939335001302,0.1393533041515583,-0.1386102225140346,0.023710909027025277,0.006513577599715785,0.03250511567798083,-0.012759874447558123,0.03372593774706868,0.9647266650873789,-0.0014743051308627442,0.0018097493181454206,-0.0014292723629678213
-0.15260866108073926,0.18861376421347698,-0.3295920898146596,0.044918142459781964,0.019670462986202026,0.025443010913869697,-0.015576147489031376,0.024809662636169835,0.9637210896486782,-0.001803897220677404,0.0016571406570646812,-0.0012406585987543442
-0.23074673612090085,0.15691795640352774,-0.5092372473940161,0.012774699986995012,0.0007442757415615639,0.024195277275162352,-0.01705010160735457,0.03575810786475079,0.9652252882439835,-0.0023131344680714194,0.0014263939209437804,-0.0010837406423508166
-0.19299356294700776,0.15575275014503792,-0.5083570687412492,-0.0037496882380731074,0.02104851650452027,0.010562520613143934,-0.02129903531878211,0.027150986953469583,0.967792330242948,-0.002821491536812669,0.0012334003579967728,-0.0009279878922057785
-0.18759004803191082,0.2819057389610781,-0.4480941827064265,0.028196473988170233,0.036885471635795836,0.03867266417019633,-0.01645995594947703,0.032450676028723244,0.9708801566678389,-0.0032695857195190955,0.001045810309964862,-0.0006460821532447004
-0.14798834962217577,0.26793195796191505,-0.38471369941357364,-0.030964737249102897,0.03945276570121477,0.003973016192747746,-0.026616229792663697,0.033494338711142796,0.9724651950775361,-0.0036542994189326695,0.0008978219603426862,-0.0003781501952827853
-0.11271548505551954,0.21132720193907722,-0.23518289846234808,-0.02469441465235428,-0.00089682076293582,-0.01995123972689381,-0.022176710832629246,0.029028188848772098,0.9744736764172455,-0.003889482317395018,0.0007851064752871667,-0.00016682299334370805
-0.08573922753536153,0.15961407099052136,-0.11363051027947972,-0.06889338877876669,0.017288693238752272,-0.05402810680195578,-0.015209852758290992,0.03466989102489353,0.9747051288324458,-0.004003112827674497,0.0006993672477518051,-7.208922353186682e-06
-0.09849771976070254,0.06704739324038203,0.1158665104801664,-0.04405215448408902,0.023550393273012844,-0.02758469600808796,-0.013866299399677847,0.02926740279128928,0.9747042066429487,-0.003887246317194331,0.0006008695279911025,5.983847088719536e-05
-0.0914420365587828,0.11200528847660156,0.23755108635897926,-0.0273415770781665,0.03986801497402373,-0.038505271380607366,-0.018446000804597434,0.03154818643002564,0.9807383762905714,-0.003649695230835352,0.0005094274914323198,0.00017184375936379694
0.012575729257769196,-0.09205834329585698,0.5060289595229475,-0.028710983201212677,-0.014786733063101878,-0.039769113989667954,-0.01738745563165347,0.028349692226319282,0.9667098011960518,-0.0031436662713124047,0.0005220032206900889,7.978541606793994e-05
-0.03349538628167108,-0.08134979414463869,0.4113141460987112,-0.03028786797418679,0.0019396941202659964,-0.0062332141661290644,-0.01659010078392389,0.020244262351401462,0.9768361948735725,-0.002732352125213693,0.0004885078344084178,-1.5643780766987498e-06
0.023903999681820182,-0.09391840687760152,0.6175338945889537,-0.04745883538959802,-0.028840860455991994,-0.018298921734448033,-0.015082497082370012,0.0288320120484408,0.9768851067176515,-0.0021148182306247394,0.000512411834090238,-9.548278495430027e-05
0.04818213565725139,-0.13161327066908649,0.4046543918343114,-0.015380444961455828,-0.035441325007762106,-0.045947407046992426,-0.01954426299531061,0.024944920956556302,0.9689994530264275,-0.0017101638387904282,0.0005605939697474893,-0.00022709605562338674
-0.0032427783481257383,-0.148730530127078,0.39825893484787406,-0.01850548260334807,-0.05159845410092468,0.009479864021351406,-0.02349882820102353,0.03613742239196155,0.9780551291728988,-0.0013119049039425539,0.0005573511913993637,-0.00037582658575046474
0.18462898329981292,-0.17537597585083023,0.21579293871603633,-0.024096908267976003,-0.06057303655673075,-0.024086169392291724,-0.01669422890637266,0.022217285286413403,0.9773224618056988,-0.0010961119652265175,0.0007419801746991766,-0.0005512025616012951
0.18312217602344627,-0.11546193595164986,-0.06313634421232038,0.0043529598079811785,-0.052558893611255764,0.03207168235323764,-0.008883914000947657,0.03502461428786774,0.9753168023916661,-0.001159248309438838,0.000925102350722623,-0.000666664497552945
0.06246479400808683,-0.1724014589130704,-0.20875526123447727,0.025659734337168113,-0.022967394388023858,0.018685947085473918,-0.02333230651764874,0.02786628620432025,0.9635181192074416,-0.001368003570673315,0.0009875671447307098,-0.0008390659564660153
0.22975238984697202,-0.08886534647865844,-0.4669640276167279,-0.009184073222951054,-0.05727621222975871,0.03843066899289318,-0.019398471999222892,0.030651053476974097,0.9804991005207887,-0.0018349675982900428,0.0012173195345776817,-0.0009279313029446736
0.17422203747097767,-0.020840332273073255,-0.6091909204704268,0.0029307423685442716,-0.05607597358235129,0.04254495831090152,-0.020738259939871526,0.021579635145315773,0.9768872614922715,-0.0024441585187604696,0.0013915415720486596,-0.0009487716352177468
0.23041469615643034,-0.010883576508299818,-0.7424066516630106,0.02473768738226243,-0.027000461864725288,0.043790109708560176,-0.00678341572827266,0.02679372179654345,0.9778454277725295,-0.0031865651704234806,0.00162195626820509,-0.0009596552117260466
0.1777333646181454,0.049365226732307387,-0.8271996014052955,0.002965436525044768,-0.022380174347660663,0.05175850202591845,-0.02369467051895606,0.024872313882242605,0.9589476900971156,-0.004013764771828776,0.0017996896328232354,-0.0009102899849937395
