motionRotationRateX(rad/s),motionRotationRateY(rad/s),motionRotationRateZ(rad/s),motionUserAccelerationX(G),motionUserAccelerationY(G),motionUserAccelerationZ(G),motionGravityX(G),motionGravityY(G),motionGravityZ(G),motionYaw(rad),motionRoll(rad),motionPitch(rad)
0.25265614730606595,0.24528571304680083,0.7138205687479942,-0.025386927409474444,0.0006965798347325653,-0.025012443274965004,-0.021100461617235958,0.007474136830722575,0.981597417503949,0.0007138205687479942,0.0002526561473060659,0.00024528571304680084
0.1465661034437981,0.12875166606101912,0.7216049750705327,-0.004015257969129757,-0.042368762857298306,0.024065139620257584,-0.020156232719288212,-0.003139302787744062,0.9800137554758063,0.001435425543818527,0.0003992222507498641,0.00037403737910782003
0.18531839250591103,0.19603574199486132,0.5494935480755115,-0.03895559419611354,0.016067237008202503,0.00936219587731061,-0.006578730512573218,0.005509018605410826,0.9831695515421289,0.0019849190918940383,0.0005845406432557752,0.0005700731211026813
0.2774329807158285,0.18717435606452743,0.30873393201983523,-0.025792077470145232,-0.045746262373533665,0.007604801672131413,-0.019477009686082694,0.010538746916118783,0.982152700779982,0.0022936530239138736,0.0008619736239716037,0.0007572474771672087
0.1211035518511312,0.2365730164679237,0.04057535415609771,0.019594904997007084,-0.056347004853054786,0.022990039275437486,-0.02453489828828584,0.009351179731183466,0.9772069116937737,0.0023342283780699714,0.0009830771758227348,0.0009938204936351324
0.18306237185778398,0.23857561183019782,-0.15722038457239965,-0.004992502983082766,-0.01157629861979853,0.03605299635780761,-0.014592852044637623,-0.001302118242681759,0.9776319867670263,0.002177007993497572,0.0011661395476805188,0.0012323961054653302
0.09559392906610888,0.19107623901484883,-0.26958172002536174,-0.00014740528225347382,-0.04143796187822629,0.00029483032977934386,-0.023183499395562315,0.004678507074005905,0.9802686006702478,0.0019074262734722098,0.0012617334767466278,0.001423472344480179
0.11799106707807136,0.2632353677313628,-0.44360783843302337,0.031311765804877614,-0.04271260663933349,0.028372434281295378,-0.018636573704104972,-0.002063483403146638,0.9792846430152855,0.0014638184350391865,0.0013797245438246992,0.001686707712211542
0.1751643674104118,0.19898949964323384,-0.5093815701229293,0.029255789180630216,-0.041985802535450104,0.01747416491761114,-0.014935789517109097,0.004135430774038248,0.9853707307384374,0.0009544368649162572,0.0015548889112351107,0.0018856972118547759
0.07105196254082219,0.050253841238587414,-0.4917145795306747,0.09032159909139162,-0.01230048952618713,0.03483046488544331,-0.023947591658876582,-0.0006111877080308462,0.9799344131026696,0.0004627222853855825,0.0016259408737759329,0.001935951053093363
0.008721309433028512,0.07618032035236841,-0.44763349917762046,0.07099304686364172,-0.04024960620302767,-0.007435270251305635,-0.011668521102707805,-0.0014007428283146633,0.9718330536717746,1.5088786207962057e-05,0.0016346621832089615,0.0020121313734457313
-0.07311665103523798,-0.037631422346391497,-0.3941157371401787,0.04248519453362106,-0.011090848435519822,0.019919880985400665,-0.013587467041263122,0.004539308492001335,0.9731155170272433,-0.0003790269509322167,0.0015615455321737236,0.00197449995109934
-0.06526323248014965,-0.12118617609430024,-0.21985004123537244,0.028547899428667943,-0.03840844428327427,-0.004699397950435731,-0.017419982380821403,-0.0010806452651105506,0.9779051089860775,-0.0005988769921675892,0.0014962822996935738,0.0018533137750050398
-0.1064714108786327,-0.13810789300398504,-0.043650410793490385,0.046290174321048996,-0.000926312192998725,-0.02031074922517888,-0.010392118061065454,-0.001625980323594184,0.9827849930382151,-0.0006425274029610796,0.0013898108888149414,0.0017152058820010547
-0.16486150666560714,-0.19182216904256105,0.15599588192790192,0.051193926407184086,0.01865759775045739,0.0006720562748927811,-0.02102515603286415,0.0039048812436506203,0.9756251174564792,-0.00048653152103317766,0.0012249493821493342,0.0015233837129584938
-0.20738837419354117,-0.10632028486948662,0.3426055671165152,0.0190331940343055,0.03632808295402927,0.011054437391020145,-0.015105709686279348,-0.00546158938030162,0.9825833736317853,-0.00014392595391666247,0.0010175610079557929,0.0014170634280890073
-0.1522121822587597,-0.1912743107517433,0.44648388374919645,-0.02114269105707454,-0.01619207738290545,-0.03133803748835426,-0.017644333374117627,0.00013499345155186917,0.9755668884674014,0.000302557929832534,0.0008653488256970331,0.0012257891173372637
-0.11317204178180221,-0.07913615080773018,0.5470341611806642,-0.04615213151664384,0.013880928030956776,-0.038746183355103735,-0.02218877837427702,-0.006141034600059473,0.9802713416199998,0.0008495920910131983,0.0007521767839152311,0.0011466529665295337
-0.051375849172252006,-0.10683524565030607,0.4105839219133171,-0.03906630600480018,0.05488286822634911,-0.00947538834343971,-0.02199883859016797,-0.005431881272321136,0.9816254928559578,0.0012601760129265155,0.000700800934742979,0.0010398177208792276
-0.12200784479320544,-0.09669798640272935,0.4065422837256545,-0.036966662112510706,0.04226958097480006,-0.03836533069766736,-0.008764207191115304,0.006995791967932012,0.9739118014751968,0.00166671829665217,0.0005787930899497735,0.0009431197344764981
-0.0593779099055451,-0.05913536277028762,0.21487852225741597,-0.061222490616256287,0.018464143955113733,-0.026159765788919938,-0.013581872660589054,-0.0011404903514450697,0.9816817855222358,0.0018815968189095857,0.0005194151800442284,0.0008839843717062105
-0.12270888414312606,0.08985221669807174,0.15603249196867847,-0.036221306750493044,0.01885662854902676,0.03658956034655455,-0.0143890452769927,-0.0028459491364725737,0.9878567620493066,0.0020376293108782645,0.0003967062959011023,0.0009738365884042823
-0.055017305071424945,0.05416189547040237,-0.15080475472206792,-0.04599532138513254,0.01895679960501773,0.03244372906843578,-0.021920318670635975,0.004793935338134939,0.9788666528602289,0.0018868245561561967,0.00034168899082967735,0.0010279984838746845
-0.10349280618917156,0.07020947971801823,-0.3854721525711276,-0.04743938963406602,-0.0019936447561465153,0.0135013323538808,-0.015210903512492553,0.008418132836736786,0.9803120102867877,0.001501352403585069,0.00023819618464050577,0.0010982079635927027
0.13862427425345497,0.1641013079871727,-0.5399714757660765,-0.03338132990041355,0.007504761282005825,0.10134781812074202,-0.020546705460284094,0.001395263154694166,0.9812720962036934,0.0009613809278189924,0.0003768204588939608,0.0012623092715798754
0.0697044138548073,0.17202583982449815,-0.6941091770610577,-0.05887954129070222,-0.003360692567843349,0.016679308370063275,-0.010171517643857982,0.005039649081762715,0.9805337481518019,0.00026727175075793474,0.0004465248727487681,0.0014343351114043737
0.08955310479143815,0.10668260091014226,-0.811387591489536,-0.025652497659318485,-0.04544132017096324,0.05965777645498156,-0.012551619994493201,-0.003023130154675451,0.9802762329494463,-0.0005441158407316013,0.0005360779775402063,0.001541017712314516
0.12313966239654783,0.1452443368952507,-0.7860582923919193,-0.019130227800064754,-0.04254714490924368,0.03135540148807694,-0.013973217797133942,-0.00019415989107021605,0.9799652578115311,-0.0013301741331235208,0.0006592176399367541,0.0016862620492097667
0.22594654627662336,0.04064918820277583,-0.688037490012133,0.027514374603746103,-0.05047230136796695,0.08008047619586194,-0.014433966324594621,-0.0006304722668925514,0.9724695980263915,-0.002018211623135654,0.0008851641862133775,0.0017269112374125426
0.09397608115600417,0.08841045209164042,-0.5878633355427697,0.017044944885214713,-0.05362411314604594,0.028484869613163252,-0.01891398753596865,0.0007511031717964687,0.9826468474224992,-0.0026060749586784234,0.0009791402673693817,0.0018153216895041829
0.0666352162213446,0.06006494648951102,-0.44926240830034353,0.05527821563258693,-0.048258614563931906,0.026062783100660777,-0.015990678832112887,0.0037540388288111242,0.9750826690995713,-0.003055337366978767,0.0010457754835907264,0.001875386635993694
0.19467823964174746,0.014607294242072928,-0.13035249789685818,0.06374788674417509,-0.052856465905775384,-0.013057460525110589,-0.010670669774823609,-0.008617745030430396,0.9824153534636086,-0.0031856898648756253,0.0012404537232324738,0.0018899939302357669
0.030440285657174777,-0.10705049192012639,0.06096080692493082,0.08886740323486217,-0.0711211779337473,0.055650028379389004,-0.01599410653923785,-0.005921669513465742,0.9841141722684378,-0.0031247290579506943,0.0012708940088896486,0.0017829434383156409
0.12527998818609312,-0.1494699441167482,0.23539358438908425,0.058582397664476954,-0.027563074308666686,-0.007132204762264083,-0.02248034727130492,-0.004098347952367199,0.9827181336869307,-0.00288933547356161,0.0013961739970757418,0.0016334734941988926
0.03573817439006321,-0.15372090522631063,0.5078715706008782,0.09271156634958817,-0.04937852490863649,0.007195291525445317,-0.01195060619084422,-0.006723617905266415,0.9763406522441813,-0.0023814639029607313,0.0014319121714658047,0.0014797525889725818
0.028908733237431896,-0.14849754120780678,0.6662123364494184,0.058979585159777935,-0.01302281216879055,-0.008149668429721814,-0.021570370295907085,-0.0009246238168817296,0.9824113701723037,-0.0017152515665113128,0.0014608209047032366,0.001331255047764775
-0.08958568671561606,-0.23073552359819183,0.7576489638185072,0.053650625687023334,-0.00438356707415092,-0.02282529946251849,-0.018268208868201314,-0.0011876322283669962,0.9798414178030641,-0.0009576026026928057,0.0013712352179876203,0.001100519524166583
0.06257333818146968,-0.27518272284802897,0.8298451256814176,0.05916617258206362,-0.04382651627746716,-0.05735782825635712,-0.020435228950678327,-0.0021820746344832047,0.9780356384933551,-0.0001277574770113881,0.0014338085561690901,0.000825336801318554
-0.10670042239129171,-0.20359281763773293,0.686865324167875,0.0723823226715088,-0.021039491182164655,-0.015819123229287628,-0.031057522566767914,-0.004689220762465338,0.9913782144920339,0.000559107847156487,0.0013271081337777983,0.0006217439836808211
-0.1513265579185007,-0.2249000865646514,0.7364531924482535,0.016598521665597506,-0.00792703106500575,-0.012808283342658688,-0.017081266807771157,0.00386249762320689,0.9766446072650442,0.0012955610396047407,0.0011757815758592978,0.0003968438971161697
-0.11984883344986401,-0.19003129480056072,0.5252081502305168,-0.01757680899250727,0.017938726626106002,0.0047533922981958555,-0.007038091576126551,-0.001993745715191761,0.9836844810472083,0.0018207691898352576,0.001055932742409434,0.0002068126023156089
-0.19548712002729746,-0.11578049326211498,0.21062166120677406,-0.015598672883690243,0.03644383879160755,0.04828235629656531,-0.016245652732965073,-0.004028325169455651,0.9889149132534304,0.0020313908510420317,0.0008604456223821364,9.103210905349394e-05
-0.1606804836708813,-0.10090910343568915,0.10752884136845395,-0.01720564809898356,0.03353216590776821,0.025750217338285718,-0.00297198293996964,-0.003144892958014281,0.9832752496188317,0.0021389196924104857,0.0006997651387112551,-9.87699438219522e-06
-0.24543504733176183,-0.0769263258003459,-0.10535635757272488,0.017855141115933802,0.02622749802525094,0.03724068839369919,-0.018496792458496884,4.379312213513044e-05,0.9783608713719067,0.0020335633348377608,0.00045433009137949335,-8.680332018254113e-05
-0.18031815249029381,0.023683509216536038,-0.23245605918474488,-0.01830514941522114,0.0745631801955039,0.020051093120809608,-0.01656497302566126,-0.0028083486534899787,0.9787554623167009,0.0018011072756530157,0.0002740119388891995,-6.311981096600509e-05
-0.2065884362039614,0.14465853330576506,-0.3452106650623323,-0.04379610215457776,0.034481544605785876,0.00426213714014184,-0.018134179279362554,-0.008399071000611895,0.9746020712524744,0.0014558966105906836,6.742350268523812e-05,8.153872233975998e-05
-0.19918247821955912,0.236974277021616,-0.4006159098451181,-0.030231406636266053,0.05719062919853589,0.027076897748344653,-0.017251480980075614,0.004536149305292011,0.9821293921345938,0.0010552807007455653,-0.000131758975534321,0.000318512999361376
-0.18383009444280807,0.1402110814791297,-0.4971856180878539,0.009103567311271037,0.03820509383475593,0.017581597917442918,-0.015642571323909747,-0.0021680657248687786,0.9823884091112294,0.0005580950826577115,-0.00031558906997712914,0.0004587240808405057
-0.07114750133290834,0.3048818577046042,-0.39253028503131654,-0.01878533137144933,0.03198135927743744,0.02830873294730249,-0.009879806392930911,-0.01043771717208202,0.9805587988627353,0.00016556479762639493,-0.00038673657131003746,0.00076360593854511
-0.09457190377503277,0.23086005974257415,-0.31870814413815596,-0.007733077101008283,0.03922021840477436,0.014098438088525388,-0.02156359505234776,-0.013956654849971585,0.9890063889013541,-0.00015314334651176105,-0.00048130847508507025,0.000994465998287684
-0.05008299458711995,0.25076693072572326,-0.09303865407557317,0.001043839201581076,0.047678130248900184,-0.01683353496235903,-0.017263133147705594,-0.0016327107511555647,0.9817757223671635,-0.00024618200058733417,-0.0005313914696721902,0.0012452329290134076
0.016650259945233135,0.3142411140903684,-0.061439930002543316,0.03581129149970454,0.013167342371214974,0.03349194229280976,-0.01416467467268087,0.0011867035010582616,0.9742872645099079,-0.00030762193058987756,-0.000514741209726957,0.001559474043103776
0.08821156786055437,0.18891488859517241,0.15055059569348356,0.0234189253050799,-0.01267828066400796,-0.0037755937677875825,-0.0107789731590622,-0.0032153993382016766,0.9896947762352701,-0.00015707133489639398,-0.0004265296418664026,0.0017483889316989483
0.030506743693564466,0.1547424144536787,0.33396490412118607,0.06164443957906199,0.017120570626653037,-0.01638828386978209,-0.02790360746805502,-0.00261106248054725,0.9764450714680518,0.0001768935692247921,-0.0003960228981728382,0.0019031313461526271
0.11718737973198474,0.08853523568710156,0.4505957590340235,0.07303495974454019,-0.011218926650507517,-0.03960705267438708,-0.024041203700289674,-0.002684094364079932,0.9850000773124379,0.0006274893282588157,-0.0002788355184408534,0.0019916665818397283
0.09464938106680706,0.06556589525855928,0.5014523858498673,0.06822522968230577,-0.024833739250072234,-0.03290517711275012,-0.01678023215332902,-0.006048460171180182,0.9857306463923997,0.001128941714108683,-0.00018418613737404636,0.002057232477098288
0.1505134903360349,0.023018189782130466,0.5273098714402173,0.051797050329375594,-0.01295730523546132,-0.04412923240477048,-0.01132013102596479,-0.014678291822811973,0.9822205571597636,0.0016562515855489002,-3.367264703801146e-05,0.0020802506668804186
0.22590357729913874,-0.07480002853218495,0.34830355187061623,0.02464732683637305,-0.030179513997821514,-0.051414655978759626,-0.019252521210322032,-0.009963792079695657,0.9873625019196225,0.0020045551374195166,0.0001922309302611273,0.002005450638348234
0.07834449551307987,-0.02125696808570611,0.171118496881873,0.0406603216218088,0.011699181500273645,-0.022026454185284573,-0.013436394387201601,-0.002694881161658536,0.9831565839323075,0.0021756736343013896,0.00027057542577420713,0.0019841936702625278
0.14541774135226113,-0.15683032522841042,0.022657880419396603,0.02096325520063552,-0.03592999968932526,-0.0296026233830144,-0.006823166594889327,-0.003935635559278688,0.9810499926563776,0.002198331514720786,0.00041599316712646834,0.001827363345034117
0.17115632532227937,-0.12135210366636809,-0.20004419510292595,0.00537647224566392,-0.009368443569772029,0.002229401755845772,-0.016591417234158478,-0.008042038861000817,0.972499431616106,0.00199828731961786,0.0005871494924487477,0.0017060112413677488
0.1859752468017938,-0.15089749517770398,-0.3591407761944723,0.0011894754153844896,-0.01807578531464888,-0.010624249644035482,-0.017713937929719033,-0.010002431621803788,0.9743394935516844,0.001639146543423388,0.0007731247392505415,0.001555113746190045
0.20474283407734536,-0.08855226187371672,-0.5033436933136214,9.22367338412073e-05,-0.011265865408553812,0.009295990291790445,-0.014143188578533477,-0.006590013207716229,0.9968428314127754,0.0011358028501097666,0.000977867573327887,0.0014665614843163283
0.04527752177868789,-0.16311196093382757,-0.6516400897429185,-0.036736085998556205,-0.01947663690842676,0.01938783270565885,-0.015531023428765485,-0.00937240949276491,0.9868268674334526,0.00048416276036684805,0.0010231450951065748,0.0013034495233825005
0.15902903692320608,-0.06885346192009117,-0.750104558839958,-0.06474100010716667,-0.011205208867840225,0.035395878571200606,-0.015082940780295808,-0.008251637557329392,0.9895072306514168,-0.00026594179847310996,0.001182174132029781,0.0012345960614624095
0.0857596443406832,0.05556933306196752,-0.8368178383778704,-0.06653887252712418,0.013825430090526291,0.01947615438224832,-0.017190884938901724,-0.0073898788876697406,0.9958807483293841,-0.0011027596368509802,0.0012679337763704642,0.001290165394524377
0.017525135915090643,-0.077801734797425,-0.7531640579997769,-0.02000328175420038,-0.006303549412626602,0.06075779582745653,-0.01749899862849171,-0.012133935220362031,0.9815861076165773,-0.0018559236948507572,0.001285458912285555,0.001212363659726952
-0.07167361742606207,-0.007590469180943742,-0.5907296500255014,-0.045041278358751664,0.0054125271973714814,0.02303020905419112,-0.021161568929612854,-0.004444261899472251,0.9827693775222038,-0.0024466533448762586,0.001213785294859493,0.0012047731905460086
-0.0610407085900387,0.17204267954630661,-0.45180729549612547,-0.07287322489889268,0.021347431828814323,0.04844667093087038,-0.012998436329675803,-0.009464447834725623,0.9752993616512493,-0.0028984606403723843,0.0011527445862694542,0.001376815870092315
-0.014639227511439958,0.10561382366136342,-0.21345511307931217,-0.021200571979284297,0.04789768523773303,0.021567879148035513,-0.02118848097205309,-0.006399257114251396,0.982176042855951,-0.0031119157534516967,0.0011381053587580141,0.0014824296937536786
-0.08290499609893383,0.14265075456287651,0.08665144077335346,-0.040988153610059454,0.024487714972497115,0.03866245477857455,-0.019999596280194723,-0.008715754763050365,0.9821191321628933,-0.003025264312678343,0.0010552003626590803,0.001625080448316555
-0.10900075289751666,0.13537327552734088,0.25165253445475305,0.023534049559636765,0.021648598601578944,0.0521177328093728,-0.021826778725602427,-0.001517561482513012,0.9818189822785399,-0.00277361177822359,0.0009461996097615637,0.001760453723843896
-0.15548427342659402,0.22611128301636158,0.5792736558490035,-0.00018228928579600186,-0.0055468644714266315,0.03710404692644703,-0.017391196323333948,-0.006709870001544252,0.9891050569020351,-0.0021943381223745863,0.0007907153363349696,0.0019865650068602576
-0.08030655555592742,0.060921111325103874,0.674288884030514,0.02382136334991573,0.0428488030661526,0.03810952599731993,-0.015553115975710134,-0.00758172157482348,0.9875003529437277,-0.0015200492383440724,0.0007104087807790423,0.0020474861181853615
-0.11747214366492827,0.16371674494131,0.8154160800355226,0.047314915841431555,0.02280131061149137,0.0019011158085189377,-0.02110298390163354,-0.007958319960390068,0.988599148713065,-0.0007046331583085497,0.000592936637114114,0.0022112028631266715
-0.11147593768163216,-0.0010912878571945478,0.8237301886597781,0.07725424252097915,0.015673563853159742,0.01806329305906101,-0.016857169264737674,0.0004103712517758394,0.9779724674338792,0.00011909703035122844,0.0004814606994324818,0.002210111575269477
-0.08916541278334385,-0.0539468007074404,0.8210298107814314,0.05349136288173764,-0.047696814665636425,-0.020438068074602175,-0.014637387179607797,-0.010424726075293966,0.98428849636254,0.00094012684113266,0.00039229528664913794,0.0021561647745620364
-0.09380846655258429,-0.08586805668183428,0.5473335014946679,0.10179816897734464,-0.021476426248445514,-0.02009039073946417,-0.023212504833142113,-0.00957880396311413,0.985936110252587,0.001487460342627328,0.00029848682009655364,0.002070296717880202
-0.07732893264474541,-0.09699036546893297,0.5320852557709781,0.06892813096300349,-0.05646741621096961,-0.010162254234612268,-0.01908239654616202,-0.010068355365485244,0.9936320284633464,0.002019545598398306,0.00022115788745180823,0.001973306352411269
-0.0831679705965951,-0.17626687194131327,0.32643078573190654,0.07738376057310038,-0.030217459030627832,0.004976939646852084,-0.0061805714267172025,-0.020616057524877406,0.9849492459003143,0.0023459763841302125,0.00013798991685521313,0.0017970394804699558
-0.014460650658105164,-0.2243101931311585,0.0669542232132587,0.08348213406335381,-0.04540566316315777,-0.01980212533829854,-0.01866502088926077,-0.010514520552268565,0.9836208198016119,0.0024129306073434713,0.00012352926619710797,0.0015727292873387974
-0.04226020519380957,-0.26614180079205674,-0.12495358848774288,0.09608381455781381,-0.04548182224486412,0.010257527623138049,-0.011497202292765817,-0.006091417298254249,0.9899460528152678,0.002287977018855728,8.12690610032984e-05,0.0013065874865467407
0.0871069548652967,-0.2866769240709636,-0.29047132846580526,0.06163170250549913,-0.0717515106147919,0.007650645576739012,-0.017493714776258374,-0.008791796942638815,0.9832952686058637,0.0019975056903899224,0.0001683760158685951,0.001019910562475777
0.05459006455892976,-0.2937252894901742,-0.4770656086180967,0.08877968387111135,-0.0771745755295953,0.017179421636980587,-0.013871938109004538,-0.004003000254437407,0.9870104132790997,0.001520440081771826,0.00022296608042752486,0.0007261852729856027
0.08291025170879981,-0.2299020251035422,-0.48834162676431603,0.06778162949397452,-0.06555646846422995,0.000717202475276164,-0.018774684909039545,-0.007822863491462318,0.98693572508185,0.00103209845500751,0.00030587633213632464,0.0004962832478820606
0.10906729531208467,-0.24409674533723985,-0.43860672227247105,0.026613684944333738,-0.040517366669481,0.01665124019032255,-0.024212040731015336,-0.009432522300702854,0.982206556406711,0.0005934917327350389,0.0004149436274484093,0.00025218650254482075
0.07720008679026467,-0.2973482588376049,-0.4875932038813505,-0.008676196353648715,-0.043322208838333605,0.02746976141359108,-0.016822740106935512,-0.007690239782742514,0.9814235180153503,0.00010589852885368833,0.000492143714238674,-4.516175629278419e-05
0.05655351404019559,-0.12469078511970086,-0.25736218842594105,0.016876021660679454,-0.023523361212369216,0.038990858451833504,-0.012322589953908244,-0.010502091317408134,0.9845527729003934,-0.00015146365957225273,0.0005486972282788696,-0.00016985254141248506
0.110507024619494,-0.028464582968552803,-0.11319982307784279,-0.05645879720319318,-0.03801243233675357,0.016532687522844293,-0.011053733457490288,-0.01392014905218225,0.9826197608751843,-0.00026466348265009556,0.0006592042528983636,-0.00019831712438103788
0.1704612127277551,-0.011483213606027477,0.08830352548333416,-0.007924768848321629,-0.006049765626921643,0.0046982757247169635,-0.013642764832487579,-0.013350447603169948,0.9773654317270364,-0.0001763599571667614,0.0008296654656261187,-0.00020980033798706534
0.10296152284375262,0.007535423186201748,0.17007387496264964,-0.04369346748272878,0.03352188022502689,-0.016719840543930997,-0.01815712420394425,-0.024813486641324448,0.9885376773969428,-6.286082204111754e-06,0.0009326269884698713,-0.0002022649148008636
0.09276252997011854,0.15957574877679692,0.3345054061616772,-0.0025787106473566003,0.023099285832294068,0.03415323020293419,-0.00958057494807729,-0.00511312879399351,0.9878549097405277,0.00032821932395756545,0.0010253895184399898,-4.2689166024066644e-05
-0.056529288100866576,0.11352099268608934,0.39740139161767607,-0.05200375674381312,0.03388844506890659,0.029893905766443497,-0.0177027933955559,-0.01426967389159058,0.981362221781778,0.0007256207155752415,0.0009688602303391232,7.08318266620227e-05
-0.03833688921184643,0.2014356749356127,0.4297215606414721,-0.03059715596105388,0.041779465516276586,-0.03820718693795958,-0.017307090048971498,-0.018685055370862826,0.9809500546490644,0.0011553422762167135,0.0009305233411272768,0.0002722675015976354
-0.07183825518672819,0.2404362973911533,0.49932602277480115,0.001197925381690156,0.029002645942352693,-0.00551097901511138,-0.018814661712279333,-0.015488528071978596,0.9876649158922521,0.0016546682989915147,0.0008586850859405486,0.0005127037989887887
-0.02908217830480081,0.3005250815557202,0.3360301549590919,0.01622120654596915,0.0749120860972804,-0.02273251269049982,-0.01593815661285773,-0.005059977758952517,0.994055035361782,0.0019906984539506067,0.000829602907635748,0.0008132288805445089
-0.08195370143008404,0.2707918484679371,0.17895375876523054,0.00434342208194286,0.04984399303347312,0.0026004757954135923,-0.015209771475713157,-0.01367496457963409,0.9904711386083138,0.002169652212715837,0.0007476492062056638,0.001084020729012446
-0.15682308414962043,0.2332540457465914,0.06564443591622272,0.022706260226644882,0.044091912355578536,-0.0302430441393721,-0.012173644894811134,-0.012937483997840924,0.9914430372751094,0.0022352966486320603,0.0005908261220560434,0.0013172747747590375
-0.27419985008183845,0.22984522450063435,-0.2141955832790311,0.05959131048496116,0.049729162604447756,-0.016726447136391015,-0.02031256055556709,-0.0039790705113298755,0.9839900101044193,0.002021101065353029,0.0003166262719742049,0.001547119999259672
-0.2353755327392172,0.08809073691346511,-0.3648589623031311,0.06957199529679263,0.048161585982674456,-0.03482918392843112,-0.015757161977730083,-0.010420254304119251,0.9876620978064357,0.001656242103049898,8.125073923498769e-05,0.001635210736173137
-0.15881554620545746,0.16153544641757006,-0.6420068491044885,0.04818758996681684,-0.00385205484814068,-0.035885172681561654,-0.017365044966126446,-0.016225329942816107,0.984995166760592,0.0010142352539454092,-7.756480697046978e-05,0.001796746182590707
-0.20085901388630506,-0.10740893525536027,-0.7471423479020123,0.04518296672805956,0.01278386820403075,-4.3248978439235086e-05,-0.011130510444483446,-0.023470231506752686,0.9820990751558466,0.0002670929060433971,-0.0002784238208567749,0.0016893372473353468
-0.1816057851202995,0.045399986461367337,-0.8471192600421698,0.0280822306504877,0.04642994509595067,0.014986387962436969,-0.011661370980209107,-0.011962240758165224,0.9867799534635594,-0.0005800263539987727,-0.00046002960597707444,0.001734737233796714
-0.13130253446425666,-0.10741862428480954,-0.7815386811698936,0.05473987511587511,0.0249867967160476,-0.021804396674680683,-0.018226754529981674,-0.01873432702443996,0.9815349897927516,-0.0013615650351686665,-0.0005913321404413311,0.0016273186095119045
-0.08367561996688525,-0.0907417853141339,-0.7424052271503995,0.056539679341138585,-0.019412609894728976,0.037101230057527586,-0.010522716307353039,-0.012229102763474543,0.9822200980261943,-0.002103970262319066,-0.0006750077604082162,0.0015365768241977704
-0.14196132821803162,-0.06940757562133355,-0.5559264720059839,0.03098754715766231,-0.010664487825404502,0.005088334724990939,-0.013149867217748183,-0.01595483950632675,0.9837922582913509,-0.00265989673432505,-0.0008169690886262479,0.0014671692485764372
-0.04474835313138203,-0.1245250259186621,-0.3826772585899227,-0.004931880123836916,-0.03801186671922878,-0.01291146104172424,-0.008825854120681563,-0.013854636873099027,0.9843971873756033,-0.0030425739929149723,-0.0008617174417576298,0.0013426442226577749
0.03944038283486292,-0.1332477289154085,-0.24175716009728576,0.03389844487694328,-0.02863023867957928,0.04117116175551665,-0.015925560579958545,-0.011603517293735814,0.9860139893954698,-0.003284331153012259,-0.000822277058922767,0.0012093964937423662
0.06977899241853844,-0.09674697775306909,0.0878204626803103,-0.059152076706029164,-0.046849139132441917,0.055838784890546396,-0.009645313464078537,-0.02491295069368826,0.9759016444336447,-0.0031965106903319484,-0.0007524980665042285,0.0011126495159892971
0.018276031461863206,-0.178568929884967,0.27186392465330683,-0.013458000587738165,-0.0468560779625522,0.01729272258262951,-0.008174761269124354,-0.015806522989119675,0.981642908693278,-0.0029246467656786415,-0.0007342220350423654,0.0009340805861043302
0.09301308358619062,-0.13571681833580074,0.5678674941253622,-0.03822636774488629,-0.04662557430571776,0.006940493342180233,-0.012056733394999186,-0.016724151047048573,0.9942305358396033,-0.0023567792715532792,-0.0006412089514561747,0.0007983637677685294
0.14731007659989132,-0.019513179194932874,0.7338957881062885,-0.04139943459744888,0.003424096364383962,0.03292613650652978,-0.0018133047898794327,-0.01537622128983616,0.9864033360903746,-0.0016228834834469904,-0.0004938988748562833,0.0007788505885735965
0.14218026645395498,0.00427619470752689,0.8277593343604335,-0.07070402146373968,-0.033614678809397495,0.02411556186328015,-0.009745804019782159,-0.01447610931754225,0.9893258600990295,-0.0007951241490865568,-0.00035171860840232835,0.0007831267832811234
0.15222727359619623,0.043162182218764715,0.8062931758639631,-0.057786649129166506,0.006237648175796657,0.05618528757802343,-0.003289366613220105,-0.016419853327051905,0.9886709218564972,1.1169026777406277e-05,-0.00019949133480613214,0.000826288965499888
0.09957669591845536,0.15361529197112078,0.677301400227313,-0.04413236067321011,-0.01716692685682845,0.02013036985694763,0.0006061369126930741,-0.020600473218261035,0.9861199104278577,0.0006884704270047194,-9.991463888767675e-05,0.000979904257471009
0.14734070345319542,0.18015128180955733,0.636605450767759,-0.0427083919508739,-0.011313169496707772,0.025488758836929047,-0.020266815850736905,-0.02318914542543834,0.9823176594153569,0.0013250758777724782,4.742606456551868e-05,0.0011600555392805663
0.15534447446584151,0.1039452696702572,0.4693834389578417,-0.06414454236804425,0.015038232751737003,0.006539620264501668,-0.006042867164232291,-0.025661129112870898,0.9840538903943601,0.0017944593167303201,0.00020277053903136022,0.0012640008089508236
0.12187217206992038,0.17242950359307355,0.23507280321782326,0.02159356289346081,-0.012136788809316054,0.02665601964152039,-0.009117745972988305,-0.01730425747074753,0.9966661763125727,0.002029532119948143,0.0003246427111012806,0.001436430312543897
0.17035405289333921,0.07168929398140328,0.03222902848894743,0.017813061266340448,0.032183380716420865,-0.02762056402761503,-0.010380274730757597,-0.015448630272289557,0.9842785360013921,0.0020617611484370904,0.0004949967639946198,0.0015081196065253005
0.18426946894291885,0.04820101399801863,-0.2584611001193722,0.023645727558279407,0.019299323211734352,-0.01421087636038749,-0.014798986713420245,-0.01997139366710339,0.995623905318406,0.0018033000483177184,0.0006792662329375386,0.0015563206205233193
0.0989838856335946,0.045236784052079544,-0.332142299367358,0.042536106192925055,0.011956434019667278,-0.04392042739502946,-0.01584815747305464,-0.014286265234514057,0.9850095419609443,0.0014711577489503603,0.0007782501185711332,0.0016015574045753986
-0.0131384249846217,0.038730424610936356,-0.45077297384239795,0.09010164106263954,0.0063077086391863275,0.006105618366057197,-0.016553802441945546,-0.019190537951342453,0.985560645115578,0.0010203847751079622,0.0007651116935865116,0.0016402878291863349
0.05035422877330059,-0.04095948669707439,-0.5487908721329593,0.054660537265527984,0.05741274744296453,0.016764966088827916,-6.766672865674353e-05,-0.019224029088490746,0.9876090758092938,0.00047159390297500295,0.0008154659223598123,0.0015993283424892606
0.03516800714086092,-0.04535687731196001,-0.44945430707850037,0.05960221097613846,0.011565885008895722,0.018213994707549273,-0.008642845876258748,-0.026164259851305834,0.9864166958405367,2.213959589650255e-05,0.0008506339295006731,0.0015539714651773007
-0.00036975285902606306,-0.12097162621700841,-0.41528054500232703,0.10119796221142678,0.0031983867509123845,0.005524753491071067,-0.017770811746308984,-0.021366717093337685,0.982674573660703,-0.00039314094910582447,0.000850264176641647,0.0014329998389602924
-0.07310799823552949,-0.11798610461354742,-0.25038279453083245,0.09418025237678274,0.013304179797890153,-0.014299765657323911,-0.01613272771279224,-0.01472277338737097,0.9873662977693656,-0.000643523743636657,0.0007771561784061176,0.001315013734346745
-0.12167379424306321,-0.18409020973698134,-0.07369347486273259,0.06100907169650455,-0.030704617773629893,0.020647267930016887,-0.020889546201642666,-0.012514209929212396,0.9801465129854592,-0.0007172172184993896,0.0006554823841630543,0.0011309235246097632
-0.04681046605153499,-0.2846892465669771,0.09591761803237597,0.0951822647505561,-0.001150911195870589,0.014383332658828074,-0.004702529267343717,-0.02062878062349695,0.9893991997838716,-0.0006212996004670136,0.0006086719181115194,0.0008462342780427862
-0.08683763448745863,-0.20863054905480594,0.18583874123377997,0.06809382999215545,-0.034154190020802756,0.050015420370135406,-0.010324855970280537,-0.015516382389671903,0.9887708220787704,-0.00043546085923323364,0.0005218342836240608,0.0006376037289879804
-0.14324493290533688,-0.2869526096525241,0.3651349861306645,0.030508353749847957,-0.06975593429502287,0.0242859363438281,-0.007898432923527494,-0.012954185081033237,0.9913585728474579,-7.032587310256917e-05,0.0003785893507187238,0.00035065111933545623
-0.18301714837423,-0.20955395073853297,0.5669458033583777,0.043106494551017574,-0.059821001949577124,0.02254694263198973,-0.010324793203625027,-0.02488704971281786,0.9853017412933105,0.0004966199302558086,0.00019557220234449378,0.00014109716859692325
-0.09899510268440359,-0.21724357271752343,0.5581574191125309,0.024667211288541355,-0.07626842749300108,0.07114955809510184,-0.005490157751300881,-0.018786181605730066,0.9915468494257325,0.0010547773493683394,9.657709966009022e-05,-7.614640412060018e-05
-0.13941229369464597,-0.086847999861067,0.4909480502688703,0.001527690355623803,-0.05556657133890718,0.037580268482412936,-0.012105228585857084,-0.01959454556598252,0.9900779765366782,0.00154572539963721,-4.2835194034555776e-05,-0.0001629944039816672
-0.06375324384152459,-0.05737145902397598,0.35982292905534724,-0.0016349850261935216,-0.07333759505211214,0.03530667953158592,-0.008535183645124844,-0.015343355144340366,0.9886314210120754,0.0019055483286925569,-0.00010658843787608036,-0.00022036586300564314
-0.05268039036674639,-0.05998922936866785,0.14224046775025795,-0.006548008605343046,-0.07319822286997255,-0.005307860873410489,-0.008533173692637033,-0.025065775688297973,0.997948396386778,0.002047788796442815,-0.00015926882824282673,-0.000280355092374311
0.060416217690842385,0.018889578240826495,-0.017294161347543614,-0.007011769627650511,-0.04440552813145517,-0.02618012091384766,-0.015595538939793983,-0.019482839701105537,0.9904859090499273,0.002030494635095272,-9.885261055198436e-05,-0.00026146551413348454
-0.011899387389457856,0.24933764880703532,-0.24401199674433124,-0.02546480311041225,-0.042197591698314385,0.008636553788958936,-0.013299481467385448,-0.02252360532647446,0.98588129451665,0.0017864826383509403,-0.00011075199794144222,-1.2127865326449189e-05
0.11099425727147728,0.09658885064030802,-0.43729957876728526,-0.0313606944022866,-0.009792033339330403,0.009994467986532913,-0.011088664226586558,-0.019277319881338677,0.9959507630666179,0.0013491830595836552,2.422593300350773e-07,8.446098531385884e-05
0.04893161981774861,0.16676218135311727,-0.6798178751798004,-0.015774931727078653,-0.00013469911039697396,-0.05066010220753241,-0.007858639870993805,-0.015464817661011439,0.9908890191699447,0.0006693651844038545,4.917387914778369e-05,0.0002512231666669761
0.03813181192556875,0.20100100072574573,-0.6999341081093586,0.011840922160643096,-0.010789907219059317,-0.037783879666112845,-0.002410628793016737,-0.01435433165474012,0.9973005850569071,-3.0568923705504124e-05,8.730569107335244e-05,0.00045222416739272185
0.03999004154777711,0.19528632473120552,-0.9331943980989915,0.011594664508264085,0.009637878054454693,-0.04535312121714747,-0.008662798113927837,-0.015758414633847303,0.9791999370821345,-0.0009637633218044957,0.00012729573262112954,0.0006475104921239273
0.0628556273793607,0.2007392286648482,-0.7623244269881999,0.004844922634677354,-0.017233834290964263,-0.014162834272792984,-0.009568434584400693,-0.02702854795603863,0.987040002169648,-0.0017260877487926957,0.00019015136000049025,0.0008482497207887755
0.1316149805103922,0.2290475117252365,-0.6787138641509376,0.025193428980164096,0.03510422125767787,0.003908194062097295,-0.007467996790708328,-0.02460932344731891,0.9871205677600401,-0.002404801612943633,0.0003217663405108825,0.001077297232514012
0.11991798152487024,0.22646645432189877,-0.46098223313682096,0.06929362953211166,0.03810414297352457,-0.01696979477944268,-0.009690860049056824,-0.017379671541098287,0.9792371400211768,-0.002865783846080454,0.0004416843220357527,0.001303763686835911
0.02465327530571919,0.08991369891560193,-0.37399155498929254,0.06101012195519997,0.055656493923902206,-0.007221726864613866,-0.008906354931576297,-0.01955357761773845,0.9895764531850288,-0.0032397754010697467,0.0004663375973414719,0.0013936773857515128
0.14465003189099093,0.09024899797731167,-0.14589453280570328,0.05633871600013708,0.03477147648922883,-0.02832842901630224,-0.0011002546549061893,-0.024056968884939876,0.9869560896801233,-0.00338566993387545,0.0006109876292324629,0.0014839263837288248
0.14781976054752877,0.021799560572240848,0.13590232931474536,0.0799310006772111,0.03670159406266477,0.002259883085264796,-0.009681737890743732,-0.02749080323839643,0.9788877809922346,-0.003249767604560704,0.0007588073897799916,0.0015057259443010654
-0.02857719920151118,-0.05007669258532768,0.39583197527152025,0.046206727045885305,0.03596709327794007,0.06110559750738513,-0.007142986346666057,-0.042606976403841326,0.9851185683722488,-0.0028539356292891843,0.0007302301905784805,0.0014556492517157375
0.07508061037455799,-0.001805634702864288,0.5699065746761585,0.05960451716317523,0.06711324686835146,0.048727538737769305,-0.01156341911061188,-0.031207806813796184,0.9959491292790761,-0.0022840290546130254,0.0008053108009530385,0.0014538436170128733
0.07477739041562301,-0.12676645178265258,0.6685375782745577,0.08271600385266213,0.03844795603886233,0.06299041005219437,-0.0019200421515243767,-0.024927694771175145,0.9936280886880655,-0.001615491476338468,0.0008800881913686616,0.0013270771652302206
-0.11819689950338,-0.18800309129023857,0.8289354392021169,0.047181687324678645,-0.004642081095736831,0.040007776649410014,-0.01266652705903952,-0.02501452638412388,0.9855929210664325,-0.0007865560371363511,0.0007618912918652816,0.001139074073939982
-0.0901851845281963,-0.1050934716690658,0.8085448112295305,0.05294240610619406,0.029259457655912202,0.0417751345195909,-0.008353942806896478,-0.021669907811389263,0.985514133994402,2.1988774093179564e-05,0.0006717061073370854,0.0010339806022709164
-0.13945044977848814,-0.09456454829859776,0.6940670770872562,0.0037592091750968254,-0.002628856524368204,0.044692389757244544,-0.0029666777281543884,-0.020878693337814398,0.9935895905350043,0.0007160558511804358,0.0005322556575585973,0.0009394160539723187
-0.08425278642945075,-0.13357279519111437,0.5332028757064388,-0.019564577710011688,0.01836926030230938,0.0453736544416911,-0.01209344025959581,-0.012752713134733149,0.9795241964068828,0.0012492587268868745,0.0004480028711291465,0.0008058432587812044
-0.17236544477398527,-0.167027494440335,0.5403176733131521,-0.0015228862069346961,-0.002122982102297234,0.059006727448711056,-0.0033081406032501827,-0.028057299096944203,0.9923865846103361,0.0017895764002000267,0.0002756374263551612,0.0006388157643408694
-0.19274487249360078,-0.1046817471310008,0.2556181037802305,-0.07405865253848704,0.0032940654949600414,0.00936424993476677,-0.01777669578466684,-0.034123833360669334,0.9803263313954619,0.002045194503980257,8.289255386156042e-05,0.0005341340172098686
-0.16431553973014135,-0.08205011572678275,0.02853401126063029,-0.04372353513935802,-0.007889335760260737,0.010935298642897124,-0.012874394243886741,-0.029171595937580515,0.9977614012211588,0.0020737285152408872,-8.142298586858094e-05,0.00045208390148308587
-0.11643484749159373,-0.009620535782888379,-0.19904874300971076,-0.0328087703594269,-0.01519901728018222,-0.010912845920870258,-0.007768811135775544,-0.01630193827114019,0.9929094523570571,0.0018746797722311765,-0.00019785783336017466,0.00044246336570019754
-0.18777263877634046,0.0707999918061123,-0.31994792722380894,-0.04399767101824381,-0.01438214078524588,-0.04199666248159358,0.0048674725340306585,-0.024779070833962545,0.9804633776726698,0.0015547318450073676,-0.00038563047213651514,0.0005132633575063098
-0.195636356339839,0.07858788931718448,-0.5034239268163271,-0.09460822999516508,-0.02159927964272645,0.010002613560905938,-0.006335960281824066,-0.01993889705556021,0.9878470899002412,0.0010513079181910406,-0.0005812668284763542,0.0005918512468234944
-0.16876439926869036,0.11440890053754615,-0.4850203982357697,-0.07237011580986591,-0.050316601318614415,0.023078138718683437,-0.006111754103466404,-0.027971691575562417,0.9914017649569862,0.0005662875199552708,-0.0007500312277450446,0.0007062601473610406
-0.1004808817578391,0.11556870779232922,-0.45586529715706275,-0.03662653525761253,-0.0557155430337366,0.0025162483428935213,-0.0010889971163646423,-0.027820496022061807,0.9799464565493032,0.00011042222279820807,-0.0008505121095028836,0.0008218288551533697
-0.16146549989661133,0.18176995250963934,-0.42624485838780973,-0.01043459698981739,-0.04400909408818953,-0.006554335462677708,-0.012141132706843832,-0.03403972716839924,0.9897287138768741,-0.0003158226355896017,-0.001011977609399495,0.0010035988076630092
-0.06612833160671708,0.16619264139155984,-0.2471276331234144,0.007103648258166506,-0.005915619674887994,0.029857442956139853,-0.02175747147633801,-0.027277220231526445,0.9924197613357101,-0.0005629502687130161,-0.0010781059410062122,0.001169791449054569
-0.07083448911966743,0.04855002400470146,-0.09388872759700773,0.0146748877552511,-0.05718905083159656,0.007770851900710064,0.0021971734877469073,-0.025723205862967356,0.9797343491922516,-0.0006568389963100239,-0.0011489404301258798,0.0012183414730592703
-0.044164579429878566,0.021677764033637248,0.06684685617813256,0.04739234975926941,-0.0048471296622182355,0.02167194175538404,-0.0033297647058103557,-0.021593290056737866,0.9938726053583022,-0.0005899921401318913,-0.0011931050095557584,0.0012400192370929076
-0.039893526905431034,0.047502420364387773,0.24119424605118495,0.058314289230265076,-0.0018850092742967875,0.01592650773794705,-0.008460148319155552,-0.023278454029842667,0.9895832584152225,-0.00034879789408070636,-0.0012329985364611894,0.0012875216574572952
0.062117801876845874,0.05803415792059495,0.3176504896948663,0.06146791048061437,0.03509930954974034,0.02614060775160785,-0.00582745935177372,-0.016300356482839378,0.9948557403420919,-3.114740438584002e-05,-0.0011708807345843437,0.0013455558153778902
0.16797378479309683,0.012765139176469681,0.5243386594539996,0.0859769939318358,0.014166163568266672,0.02367108972965045,-0.0007338033940858003,-0.027156397655290387,0.9891638746079626,0.0004931912550681597,-0.0010029069497912468,0.0013583209545543597
0.05457724566204385,-0.06095297630812478,0.5643697334235867,0.06946833148613102,0.013288090347744579,0.04728776333361696,-0.006520807669727783,-0.02532547689268591,0.985115375797589,0.0010575609884917465,-0.0009483297041292029,0.0012973679782462351
0.19200961885926773,-0.15480505035259304,0.40045620497986495,0.09793332196838508,0.04906022866980234,0.010864910560718281,-0.0050298123340068775,-0.026766146877566715,0.9846915382262044,0.0014580171934716114,-0.0007563200852699352,0.001142562927893642
0.15134971518334212,-0.12498254948163853,0.3815453819199664,0.06652496136776927,0.02072257225028893,0.04059927353355638,0.004542902065305936,-0.03031306568599236,0.9889688234918648,0.0018395625753915776,-0.000604970370086593,0.0010175803784120035
0.13883179969628356,-0.25923719108944526,0.16392244428536504,0.08719235952098925,0.015003460648425391,0.012109137508982388,-0.011730857579686487,-0.024938007329498923,0.9896495996845701,0.002003485019676943,-0.00046613857039030937,0.0007583431873225582
0.20235405138639984,-0.2616903097549924,-0.03585926848334186,0.07693064315348543,0.00559020917439839,0.033966855940129825,-0.0028061328529263743,-0.028512941392522674,0.9959774865297182,0.001967625751193601,-0.00026378451900390955,0.0004966528775675657
0.2380426949100931,-0.31592751281580445,-0.3102607100738421,0.04897703833079514,0.014425930736250817,0.06433663288077177,-0.011381161218762838,-0.018965832911549158,0.9893244165260789,0.0016573650411197587,-2.5741824093816428e-05,0.00018072536475176128
0.23086530450776888,-0.25487632476420985,-0.4828442655453881,0.052990392403033416,-0.00616818827321244,0.021852405006748187,0.00266633576700836,-0.03137566907381151,0.9829828846491592,0.0011745207755743704,0.00020512348041395244,-7.415096001244859e-05
0.15305801699793703,-0.25139601699913416,-0.607584292092173,0.05566988195617874,-0.015456355050841818,0.02221762647010893,-0.0035626936209524783,-0.029273555732230692,0.9885587821612332,0.0005669364834821975,0.0003581814974118895,-0.00032554697701158276
0.10982170031541037,-0.0997370760168966,-0.800373536158901,-0.010699985759879304,0.010195657601559277,0.007984656600387418,-0.008340635344218564,-0.03393852606822333,0.9832902104234587,-0.00023343705267670346,0.0004680031977272999,-0.00042528405302847934
0.10047888289127448,-0.05611590015371916,-0.8468009808564312,0.015152183667387704,-0.027687909153736166,-0.06425433591935044,-0.012287442496928104,-0.026172496480959158,0.9927239892094396,-0.0010802380335331345,0.0005684820806185744,-0.0004813999531821985
0.1637092174888216,-0.054294787405073375,-0.8190248298561945,0.006639816374241695,-0.04682400447898352,-0.026186963690070557,-0.006413440681232259,-0.0346458749314561,0.9939366011769395,-0.0018992628633893293,0.000732191298107396,-0.0005356947405872718
0.0030988035075551357,0.028726949343868664,-0.8608768368296187,-0.027137227826776557,-0.06571411746539305,-0.01797388542708251,-0.003612039273156251,-0.0281920148246057,0.9948514980139159,-0.002760139700218948,0.000735290101614951,-0.0005069677912434032
0.036658018667264064,0.04341811537111461,-0.5305668087896923,-0.01110314931023907,-0.04804055957922165,-0.0692848530218621,0.0013744496174082,-0.03413869355594167,0.989650124966916,-0.0032907065090086404,0.0007719481202822151,-0.00046354967587228864
-0.07228625389962326,0.013690770627221377,-0.3054743597901958,-0.03235601646376746,-0.06723763889231638,-0.03083448792422991,-0.009763116531618305,-0.03335381352145749,0.987726037775249,-0.003596180868798836,0.0006996618663825918,-0.00044985890524506725
-0.10873401580126427,0.14571261720251877,-0.07476130269369397,0.001596945454716836,-0.0649853199248014,-0.021599797820653147,-0.008295348814855,-0.03240140569330501,0.9887338373689696,-0.00367094217149253,0.0005909278505813275,-0.0003041462880425485
-0.009483637221660512,0.2535316516428968,0.2039482062146095,-0.07110048277457282,-0.07362346874015352,-0.037091853345705604,-0.006534455570775136,-0.02506958400578407,0.9908930022684543,-0.0034669939652779203,0.0005814442133596669,-5.061463639965164e-05
-0.10501127418651955,0.2631211337021302,0.376712008938994,0.0225636470031702,-0.04903409119875333,-0.022479480457231568,-0.007802049666889115,-0.029329494601476172,0.9888657883765362,-0.0030902819563389267,0.00047643293917314734,0.00021250649730247858
-0.10246330428746207,0.23290364167974154,0.6786843672444762,-0.016716373234605515,-0.07298265000099706,0.034100664432127906,-0.006375594174460434,-0.02960934002886397,0.9995215496584892,-0.00241159758909445,0.0003739696348856853,0.0004454101389822201
-0.08844075230249016,0.27684849878960865,0.6976811051889549,0.020014710525320504,-0.030499896388648858,-0.053607975282862354,-0.008405242317223288,-0.026321525572739726,0.9897048987039736,-0.0017139164839054953,0.00028552888258319507,0.0007222586377718288
-0.14873452992353453,0.19793675436659416,0.7975997138052414,0.014327345931321497,-0.03977152972489019,0.03344048056434267,-0.0014700932775539828,-0.032571486493764915,0.9910851381283234,-0.0009163167701002539,0.00013679435265966057,0.000920195392138423
-0.11563183560083683,0.1307522535194847,0.7892484487060529,0.07153780691978721,-0.0034538943450028708,0.05982211724168436,-0.005846754226187107,-0.03923647829637145,0.9879010643526313,-0.00012706832139420087,2.116251705882373e-05,0.0010509476456579078
-0.10730941621782102,0.17083053219625777,0.7361247452165088,0.04565240425320298,0.0035407458374544292,0.042404225981903354,-0.0032541582501285893,-0.03503828711533194,0.9880751493037115,0.000609056423822308,-8.61468991589973e-05,0.0012217781778541654
-0.04036158254697641,0.05573972113909453,0.5771845530652007,0.044843611724652684,0.0074691262485614964,0.07488173128782208,-0.001662675864501048,-0.031108467011217958,0.9854150241383366,0.0011862409768875087,-0.0001265084817059737,0.00127751789899326
-0.01348678667389102,0.07578969038136833,0.39768768943860167,0.07981926383184514,0.03316547156662646,0.0390322264646035,-0.009957101837172274,-0.030058032024920734,0.9866984988615067,0.0015839286663261105,-0.00013999526837986474,0.0013533075893746283
-0.03096994213485909,-0.11685500819475284,0.15993305901017094,0.06981248874094387,0.05694582983577559,0.027453807215910522,3.2301247063256776e-05,-0.027153199510813783,1.0012625774779338,0.001743861725336281,-0.00017096521051472384,0.0012364525811798756
0.1171253909100027,-0.0989284347075896,-0.04259537408608885,0.04233743596528809,0.05893886400294946,0.04069608883620409,-0.0017642027897390752,-0.0308060498710636,0.9946815612447583,0.0017012663512501924,-5.383981960472113e-05,0.001137524146472286
0.04843577735768461,-0.08380597753361556,-0.31810646107083373,0.019488730110848125,0.01290629028768564,0.026415665107689314,-0.0016345708649222013,-0.025127394337977425,0.9903281898303248,0.0013831598901793585,-5.404042247036521e-06,0.0010537181689386705
0.07745418961659067,-0.1151957955055027,-0.33046378477060306,0.004214285353321542,0.03008898508807258,0.014266079245738968,-0.003228948675884841,-0.02853576050260692,0.9887999596745897,0.0010526961054087554,7.205014736955414e-05,0.0009385223734331675
0.1534154125245167,-0.16109607137309184,-0.5103099829186448,0.03769150346539273,0.033000849673877904,0.013026537205591986,-0.003785634829002291,-0.03751461504350753,0.998319288247215,0.0005423861224901106,0.00022546555989407088,0.0007774263020600759
0.06499669813845413,-0.13646590528459732,-0.5169665768735496,0.005114338896681808,0.05331242407699792,-0.00815986465070259,-0.0020439310296331953,-0.04334032338868906,0.9880242303280814,2.5419545616560902e-05,0.000290462258032525,0.0006409603967754785
0.08880063282281624,-0.12825597269208247,-0.5081767912982489,-0.014995575054452717,0.025571039097345517,-0.01711623541947676,-0.0017095884181542505,-0.03577001177368543,0.9837461893747271,-0.000482757245681688,0.0003792628908553413,0.000512704424083396
0.12675835396548787,-0.17608180955251715,-0.3384860338254221,-0.022401834124764045,0.01817369592766402,-0.029213194787287414,-0.007964052986207467,-0.030172066111200782,0.9946977069391681,-0.0008212432795071102,0.0005060212448208291,0.00033662261453087884
0.03975314446133009,-0.0876167926757451,-0.24826279334265716,-0.08250974463585586,0.006456978126617488,-0.0026926397379684313,0.005938375889921652,-0.02913354983493406,0.9877473506496735,-0.0010695060728497672,0.0005457743892821592,0.00024900582185513376
0.08400894088844517,-0.01746891415544454,-0.16590788775959986,-0.05791821795648798,0.01773395367629274,-0.03275915825479591,-0.0052918107641206,-0.031642741569932194,0.986022751722882,-0.001235413960609367,0.0006297833301706044,0.0002315369076996892
0.1703526351223252,0.04077789317439719,0.13590784523210633,-0.061210760055377046,0.014532386370191865,-0.03679660744903603,-0.0013542944719220763,-0.030640309398996233,0.987037023524821,-0.0010995061153772608,0.0008001359652929296,0.0002723148008740864
0.13582212189930465,0.05837722795336532,0.24957351503971523,-0.035002477089440175,-0.03223226196992732,-0.030187203470550643,0.004263434182740749,-0.024763865237099905,0.9946329277163589,-0.0008499326003375455,0.0009359580871922341,0.0003306920288274517
0.06433105206282674,0.0744456038380604,0.40769783355701616,-0.07888945558872415,-0.027449034928518443,0.0006683314839265025,-0.0031461623668859007,-0.03142092231022377,0.9920952617481043,-0.0004422347667805293,0.001000289139255061,0.00040513763266551207
0.045859550861704214,0.06804154650496005,0.5192661059041042,-0.019081510293449417,-0.06300885997495956,0.016651952378994608,-0.00012703161379511965,-0.029865243849668502,0.9877525662562148,7.703133912357485e-05,0.001046148690116765,0.0004731791791704722
-0.018936975322090037,0.18202450103652554,0.4446293444206779,0.008737914280118185,-0.07920549088838835,0.025711208530382695,-0.012142664470526759,-0.023754847243004654,0.9950807966918959,0.0005216606835442528,0.001027211714794675,0.0006552036802069978
-0.09445444715803374,0.1814742827602182,0.4302971936426794,-0.04572487386744453,-0.025913394294038432,0.022329337957803067,-0.010970046104794406,-0.04091601990152577,0.9886535073845609,0.0009519578771869322,0.0009327572676366412,0.000836677962967216
-0.030248941420358763,0.18758980959983063,0.277492032738232,0.006547941809796679,-0.03129004513029201,0.03524949019060485,-0.0010634370006767238,-0.02343208218233705,0.984670815446732,0.0012294499099251644,0.0009025083262162825,0.0010242677725670463
-0.17747487035589388,0.06897373988450062,0.18795618853515184,0.03432832175405767,-0.033830572731713526,0.02837857407143645,0.00013736268083237586,-0.04489653467949339,0.9863674680490272,0.001417406098460316,0.0007250334558603886,0.001093241512451547
-0.1125686576540908,0.0881941374271739,-0.05753475202224399,0.0592743490550214,-0.002988090528418943,0.041408000670398674,0.004846234068860436,-0.03635056689692443,0.9930742249229256,0.0013598713464380721,0.0006124647982062979,0.001181435649878721
-0.19793567473542273,0.004820596042609891,-0.27770718421247786,0.014163858348558015,-0.0636841933752312,0.041455691416810984,0.003446993769614495,-0.035134866728950706,0.9891036972205013,0.0010821641622255941,0.00041452912347087514,0.001186256245921331
-0.20572525434212796,-0.01373239530964594,-0.5375870352472887,0.07697682118151712,-0.06555877959488607,0.01583081286042938,-0.008393409736200839,-0.04062349591190368,0.9936049915732849,0.0005445771269783056,0.0002088038691287472,0.001172523850611685
-0.1633888204907963,0.0625643909184726,-0.615635611760589,0.07491810247059771,-0.039014384462528105,0.004232022535758129,0.0060338031851263334,-0.03339849433462523,0.9986975997242115,-7.10584847822835e-05,4.541504863795085e-05,0.0012350882415301575
-0.0899500436401702,-0.08342522458983079,-0.7258471524741787,0.07843530056188097,-0.050869317656808855,0.04602897542941039,-0.0061346995702694146,-0.03294635159099897,0.9900423673435373,-0.0007969056372564622,-4.453499500221936e-05,0.0011516630169403266
-0.10546696325038003,-0.20805177599307037,-0.8498930388298709,0.12578116667678393,-0.012587517871562759,0.013229304436684991,0.004257689207362725,-0.02910573335573872,1.0065805170957742,-0.0016467986760863333,-0.0001500019582525994,0.0009436112409472562
-0.13603571236322903,-0.22387867235748837,-0.7813694633818761,0.07595921104892689,0.018995886157839044,0.022719558917224505,-0.0021891101877273386,-0.029381417238362465,0.994686468052333,-0.002428168139468209,-0.00028603767061582844,0.000719732568589768
-0.12269414433706381,-0.2553977175739309,-0.6612229839414754,0.08110818531566401,0.019881545416498635,-0.029312102960138288,0.013774101772287519,-0.032166562831309,0.9924800935494905,-0.0030893911234096847,-0.0004087318149528923,0.0004643348510158369
-0.058217303395205186,-0.24477680273868024,-0.4205145533987868,0.05820240661059591,0.03958112601648841,-0.023547221435270813,-0.0026309798428094332,-0.02755520467268887,0.9867440516077612,-0.003509905676808471,-0.0004669491183480975,0.0002195580482771567
0.004111339940572015,-0.3163503489256096,-0.2885771200465207,0.05150999700839528,0.029609624653162248,-0.04945379150759099,7.625314540613969e-05,-0.03003480140421146,0.9917307621609812,-0.0037984827968549923,-0.0004628377784075255,-9.679230064845292e-05
-0.10165680081778135,-0.21110932360528079,-0.060977196635083,0.04247748440875758,0.015096744696189627,-0.013209027133302806,0.0013635437318870551,-0.034995339488741714,0.9922863153185841,-0.0038594599934900758,-0.0005644945792253068,-0.00030790162425373374
0.012395903704511881,-0.28824595077674087,0.18339862832163256,0.03385855552079106,0.011338153962583152,-0.039930025832792176,-0.0005149461786216298,-0.0328857424495579,0.9973831356915902,-0.003676061365168443,-0.0005520986755207949,-0.0005961475750304746
0.007946677707288262,-0.21989810944760577,0.4192014657724896,-0.013996243657906093,0.027008163100532168,-0.03731668794917006,-0.004162639636290161,-0.0367692594586489,0.9906608329183307,-0.003256859899395953,-0.0005441519978135066,-0.0008160456844780805
0.08198389066847427,0.006595192360309393,0.6511323149349033,-0.007807588908134305,-0.018047558304041766,0.017157263525953717,0.01196925256355598,-0.03982687863365843,0.9958566260028346,-0.0026057275844610503,-0.0004621681071450323,-0.000809450492117771
0.06589673486323691,-0.038847857483003914,0.7085170014228339,-0.016573635065423517,-0.05849543709799217,-0.0018005641402196945,-0.0019790781050125243,-0.03166777122144203,0.993959686261169,-0.0018972105830382163,-0.00039627137228179536,-0.0008482983496007749
0.06708637021266776,0.10808476806702512,0.8543972407476349,-0.05919251765265842,0.00400187379624058,0.006819337379099129,-0.0020327641024297503,-0.04140881130812338,0.9986780767889991,-0.0010428133422905814,-0.00032918500206912754,-0.0007402135815337497
0.109478474929077,0.06707536817069773,0.7276829494267262,-0.04727568071081419,-0.008817388683721769,-0.02011891789945027,0.0007781209140979452,-0.03495779767597109,0.9991267924145341,-0.00031513039286385527,-0.00021970652714005056,-0.000673138213363052
0.15750090874105552,0.06251853110261721,0.744388031753127,-0.008386823512654422,0.00792771535421536,-0.02254666234898247,0.002416722281225177,-0.04561592789475029,0.9955809151175007,0.00042925763888927173,-6.220561839899502e-05,-0.000610619682260435
0.215085151671004,0.15504144626719518,0.6112375392328072,-0.029748478815819338,-0.019128099927040655,0.044322621635390386,-0.0018485257476175403,-0.033875435380381895,0.9977919542997054,0.001040495178122079,0.000152879533272009,-0.0004555782359932397
0.14805152031577123,0.3576882322810808,0.41480450230299,0.04053823186441459,-0.03551635404419201,-0.010804681342941413,0.006468467776633725,-0.03796880943523541,0.9996387161546313,0.001455299680425069,0.0003009310535877802,-9.789000371215884e-05
0.1355624017991269,0.18443148243666124,0.1773460035473177,0.018684241541914996,-0.05508024007731138,0.031122205206710274,0.002589831551048043,-0.03159565191498885,0.9967612165029434,0.0016326456839723868,0.00043649345538690715,8.65414787245024e-05
0.17659699680097476,0.33019421338996635,-0.02917982735622295,0.020899176984220842,-0.0702256528214608,0.029572201113284693,0.002051777706287084,-0.0356508580680698,0.9955169582261295,0.001603465856616164,0.0006130904521878819,0.0004167356921144688
0.14863420260422638,0.24780581566283955,-0.25470267156622367,0.05472502896967379,-0.062446749083180875,0.029117605455581355,0.004866813405181823,-0.035277407199070916,0.9962273579623414,0.00134876318504994,0.0007617246547921082,0.0006645415077773083
0.18602132775884994,0.20674454306972012,-0.433979392872637,0.051725754686537534,-0.03803085400444069,0.03769468389310443,-0.0020417298971670563,-0.03447864641319182,1.0022927160881419,0.0009147837921773031,0.0009477459825509582,0.0008712860508470285
0.11962849474288594,0.12452566169704665,-0.45913017621615326,0.04976399984917665,-0.045534342975234995,0.02153964690888472,-0.0005990521374712224,-0.037896093855070756,0.9948503448072549,0.0004556536159611498,0.0010673744772938443,0.000995811712544075
-0.0034696679900317953,0.06703256558507714,-0.49044689166771294,0.024765724099039634,-0.03126239860286431,0.012129977082046299,0.0023406444806277553,-0.03776993981239906,0.997984626615182,-3.479327570656321e-05,0.0010639048093038122,0.0010628442781291524
-0.02025012065917325,0.079686564475596,-0.40843684773766536,0.06981817827224142,-0.04065042908655182,0.03361200108943959,0.007225159443705569,-0.037865222811524345,0.9910108782758544,-0.00044323012344422855,0.0010436546886446391,0.0011425308426047482
0.013189669412162895,0.05957108633617691,-0.35621107534453356,0.08400909496176223,-0.051681054437532334,0.040912734829989854,0.0014807175319971934,-0.03575705641515667,1.0019491244722927,-0.0007994411987887623,0.001056844358056802,0.0012021019289409252
-0.09078738625363486,-0.04293803345146108,-0.19648061410758294,0.03979924452209322,6.36143314163215e-05,-0.024221414583125066,0.0012390776855866737,-0.038011668344096056,0.996744263425887,-0.0009959218128963452,0.0009660569718031672,0.001159163895489464
-0.08955446068040745,-0.06107005513648222,-0.018815484954632304,0.006971571488994056,0.009673054518481612,0.005997380652234907,-0.007593115558830601,-0.03306940803532758,0.9928217469196081,-0.0010147372978509775,0.0008765025111227596,0.001098093840352982
-0.17260123796506666,-0.1469932483033647,0.1700971295709292,0.010732104742111353,0.003655257623881647,0.0059081464769077,-0.000394426297800482,-0.04426435356931219,0.9942496807266387,-0.0008446401682800482,0.0007039012731576929,0.0009511005920496172
-0.16713477024729528,-0.046803524285307624,0.34501141703161975,0.053513942496512375,0.022353595436014638,-0.0009844817649627084,-0.0050554601745903816,-0.04300436326293243,0.9935595838662753,-0.0004996287512484285,0.0005367665029103976,0.0009042970677643096
-0.055519496255642946,-0.141031881519455,0.37672777320484,0.0047446233465227635,0.0315436125675948,-0.01692064320361765,-0.0036860857648747304,-0.026157844827499697,0.9947276213086957,-0.0001229009780435884,0.00048124700665475473,0.0007632651862448546
-0.10532361443538323,-0.04960990275361399,0.5178634905398737,0.016865255341041947,0.020892159159897696,-0.024439453004470812,0.005273956881118586,-0.037862685415154085,0.9958025893886392,0.00039496251249628527,0.00037592339221937147,0.0007136552834912406
-0.1348365289856741,-0.16567284702229182,0.47831831434047073,-0.026525778392530563,0.031776044960746784,0.005169079239422801,0.020163097138817365,-0.04085578542394516,0.9938207121393118,0.0008732808268367561,0.00024108686323369733,0.0005479824364689488
-0.11510599567243011,-0.09063117732768709,0.4508451909239675,-0.04939394042432079,0.0231411574469783,0.001374574748859594,0.004663562194088739,-0.03599917881693416,0.9869149825199114,0.0013241260177607236,0.0001259808675612672,0.0004573512591412616
0.004857653520488475,0.001290341115160215,0.36274764875558735,-0.00631564881750965,0.03785124397054978,-0.03689915315299109,0.005479599761113684,-0.032124715765987216,1.0037776012687745,0.0016868736665163109,0.0001308385210817557,0.0004586416002564219
-0.08145138687392232,0.0033284333175154887,0.022263501677508096,-0.06218693214818339,0.06292157428064703,0.0038451216284107765,0.00013657875870652387,-0.032842702152666416,0.9962871805530668,0.0017091371681938192,4.9387134207833343e-05,0.0004619700335739374
-0.0037506468509758174,0.06568790243193681,-0.0312534353413974,-0.061171194513067,0.05578982544997213,0.016840032816939892,-0.001179772275413651,-0.039875485471247835,0.996361802061317,0.0016778837328524218,4.5636487356857536e-05,0.0005276579360058742
0.0417165134219078,0.03828025696820277,-0.30788695780653363,-0.04389647120882402,0.04453758247818582,0.0007096176039475491,0.014465902483729823,-0.03878362331581294,0.9948152661350645,0.001369996775045888,8.735300077876533e-05,0.000565938192974077
0.09516086636401887,0.09861914145297371,-0.5426664468073855,-0.05143569025015806,0.04506675933072671,0.023222491851561007,0.00028113780696373703,-0.037973799123673116,0.9996451622928157,0.0008273303282385025,0.0001825138671427842,0.0006645573344270507
0.014984383677041913,0.10054618651177827,-0.6875275336019561,-0.01864486520614082,0.009693482899592194,0.041474295100026676,-0.005568784396581131,-0.03483216467361454,0.9953952948882315,0.00013980279463654633,0.00019749825081982612,0.000765103520938829
0.012130148532768559,0.14766453241684105,-0.8233225553277309,-0.010645876156753895,-0.01618542161817228,0.016271653110259264,0.005780860791133046,-0.03624469585200153,0.9936486428071413,-0.0006835197606911846,0.0002096283993525947,0.00091276805335567
0.04374369933187102,0.13969950906706435,-0.7921662678092987,0.007039683202349049,-0.005806344049343233,0.036080429027887405,0.0025265201162994145,-0.041139246591043954,0.9940171804253759,-0.0014756860285004836,0.0002533720986844657,0.0010524675624227345
0.14071235235109472,0.10661997076645277,-0.8277494252834939,0.003006419686279165,-0.013794567639372975,0.007711916243972808,0.007776702130969609,-0.03918295443514701,1.0015574261439966,-0.0023034354537839774,0.0003940844510355605,0.0011590875331891873
0.20505097343418158,0.1294321524393489,-0.6160295012774744,2.148238884744011e-06,-0.0073447531483072865,-0.003373491048383453,0.012757443161922935,-0.038042125314798635,0.9963612602110737,-0.002919464955061452,0.0005991354244697421,0.0012885196856285363
0.14827252453901552,0.009573388874454941,-0.46684228161229224,0.03320951308141671,-0.017788815337531412,0.025819697737292903,0.006886018893218967,-0.029384720048276768,0.995221916788156,-0.0033863072366737443,0.0007474079490087576,0.0012980930745029912
0.07547619992877724,-0.09027010446689439,-0.2674748012428138,0.049156329728443526,-0.013096054854414087,0.028112642834139424,0.006297125109640181,-0.03776013997986147,0.9932682976820078,-0.0036537820379165583,0.0008228841489375347,0.0012078229700360967
0.14657460728534943,-0.0722335697318838,-0.12395946695863977,0.08071759646215564,-0.07674335081719454,-0.028143166459956785,0.00858192830377824,-0.020407256174069167,0.9938907182382186,-0.003777741504875198,0.0009694587562228841,0.001135589400304213
0.05038470603549276,-0.0019492543793415418,0.15942877259605892,0.06534873171588179,-0.05324763306882262,0.0060986410908486135,0.01892845703181266,-0.03837341346122103,1.0009440970570926,-0.0036183127322791395,0.001019843462258377,0.0011336401459248714
0.008508944184598556,-0.12882422481770014,0.44582280873269076,0.05469378625573565,-0.03766563315246315,-0.020312435943078598,0.01691834135451906,-0.04551865266098964,0.9910066074989697,-0.003172489923546448,0.0010283524064429754,0.0010048159211071713
0.002246050224265451,-0.23484936920025903,0.6342485632224761,0.0589114297593743,-0.022665351297171427,-0.06932545878828876,0.004066674568071606,-0.0354214917055665,0.9989838763892781,-0.002538241360323972,0.0010305984566672409,0.0007699665519069123
-0.04123007396338359,-0.2079470251955294,0.8038209505770968,0.08318994650561151,0.015068785081978273,-0.056167687792630976,0.010515930808393905,-0.032015300952637646,0.9992153840834687,-0.0017344204097468755,0.0009893683827038571,0.0005620195267113828
-0.07997052607994903,-0.25324545617835276,0.6799687382719244,0.07909263845593689,-0.03949229993355974,-0.014840364574729136,0.014817566296576143,-0.03494860704563161,0.9968071229771162,-0.001054451671474951,0.0009093978566239081,0.00030877407053303004
-0.024260353393705483,-0.23234963200813571,0.7570562052798461,0.04225304411854189,-0.02633070932700711,-0.05611392371699738,0.009474269856518567,-0.0364124893489397,0.9948259797409591,-0.0002973954661951049,0.0008851375032302028,7.64244385248943e-05
-0.13495266052931829,-0.19663208275409863,0.7375181651152427,0.029580767664498693,-0.012409062772340811,-0.029951044223185945,0.005795201559467986,-0.03936523818859752,0.988411532742883,0.00044012269892013784,0.0007501848427008844,-0.00012020764422920434
-0.21146573746516573,-0.19965019377152396,0.5311826942090948,0.034352002792455524,-0.010867079981814489,-0.010927983188153445,0.003757192031263302,-0.03896196162981372,0.9991883818716277,0.0009713053931292326,0.0005387191052357187,-0.0003198578380007283
-0.1338004328671144,-0.16056916066134896,0.3311847975238626,0.010337861114057021,-0.006509287501576521,0.00950520489999742,0.0068587250213764574,-0.04924294925273952,0.9879381720443462,0.0013024901906530954,0.00040491867236860425,-0.0004804269986620773
-0.22087724421161892,-0.04418361714824767,0.064519650456111,0.017285485322240095,0.01808765422220006,0.014854300490075452,0.0007854995386139419,-0.03337850521240346,0.9967931891995725,0.0013670098411092063,0.00018404142815698534,-0.0005246106158103249
-0.2286336207559261,-0.026616743857295455,-0.023226772128076494,-0.020498672835337038,0.041020001073845694,0.053053056360922106,0.011080027895084284,-0.03963662682685845,0.996264805588164,0.0013437830689811297,-4.459219259894079e-05,-0.0005512273596676205
-0.1556429310482659,0.02211113070494794,-0.27892727053547933,-0.041568766182465584,0.025848038063860285,0.01493597137689657,0.013676461388161653,-0.032075102404894265,0.9998895943412562,0.0010648557984456505,-0.00020023512364720673,-0.0005291162289626725
-0.21520396139456538,0.07879325059660304,-0.3459234638995185,-0.0070011667315492045,0.006121207645544551,0.0410712485791575,0.004855332815113441,-0.04053522619609163,0.9916157553836459,0.0007189323345461319,-0.0004154390850417721,-0.0004503229783660695
-0.18897892350069728,0.1093450951900416,-0.4095409113465747,-0.03475526350867536,0.016935893563802488,0.053656646799981486,0.004705326592735712,-0.038203829808755876,0.9914131954128007,0.0003093914231995571,-0.0006044180085424694,-0.00034097788317602793
-0.14539860162568696,0.12751894089206722,-0.4312813535600698,-0.04024866579020726,-0.004577288090521937,0.06160415494871414,0.0017950358399705518,-0.03175371532290342,0.9988563266443696,-0.00012188993036051271,-0.0007498166101681564,-0.00021345894228396069
-0.13340995999920352,0.25275875864092845,-0.44304804798705266,0.000854849036026421,0.029221950015238595,0.06820962940533462,0.009527786045773395,-0.031382464244934925,0.9953735477457514,-0.0005649379783475655,-0.0008832265701673599,3.9299816356967775e-05
-0.10771786825348918,0.3030810862787961,-0.3563421677366657,0.022163116570068232,0.03075689695071508,0.035496868552666754,0.007255825253586887,-0.033917202130317126,0.9861859794752396,-0.0009212801460842312,-0.000990944438420849,0.00034238090263576386
-0.15969135150665154,0.27054065365997954,-0.20933921074367162,0.008807899203047925,-0.03991054771281306,0.051701797394929125,0.00021006518408429268,-0.04753940254806452,0.9962842370938175,-0.001130619356827903,-0.0011506357899275005,0.0006129215562957435
-0.02156568326117275,0.26735389966941736,0.08004934058397584,-0.0022553321460253156,-0.013324449167164926,0.012698268327807084,0.022118124782371653,-0.04462830547839799,1.0053974917931865,-0.001050570016243927,-0.0011722014731886735,0.0008802754559651608
0.09949614062662242,0.17598832144743237,0.1545236588437631,0.060816515084606136,-0.04331919145247642,0.02096648478739309,-0.0012317126696414988,-0.034795932337584906,0.9991451084510572,-0.000896046357400164,-0.001072705332562051,0.0010562637774125933
0.09203837658459792,0.1519858467079151,0.3666815523028043,0.04846067151985318,-0.03569087770659054,0.023422362613180488,0.0005767613942516863,-0.041851171701456455,0.9905170750602417,-0.0005293648050973598,-0.000980666955977453,0.0012082496241205085
0.08087424851318699,0.07324238429179653,0.4538123458488768,0.053669751882746336,-0.04661688813886872,0.0241866858957453,0.012588943815742045,-0.03804680446994274,0.9988362326209975,-7.555245924848292e-05,-0.0008997927074642662,0.0012814920084123049
0.1506204100901721,0.06741254410010782,0.4703058285289917,0.04630948869260584,-0.07793554526440215,0.008548235160459227,0.011292146918015325,-0.037433966800974765,1.0014443753492592,0.0003947533692805088,-0.000749172297374094,0.0013489045525124127
0.18316426056623714,0.06879067180164421,0.47056761194960306,0.0783415386181137,-0.030983185006007302,-0.006742670703093782,0.004550128809776725,-0.03724480869806392,0.9879475890484772,0.000865320981230112,-0.0005660080368078568,0.001417695224314057
0.13430976519604787,-0.06168100385973508,0.46346057880156666,0.030948316065075178,-0.05978529417929558,-0.013532513461237105,0.0043427010670691844,-0.04385796180881353,0.995177570460072,0.0013287815600316786,-0.000431698271611809,0.001356014220454322
0.24230439025161732,-0.08009578476944851,0.27719929876309557,0.02252349592921342,-0.06514185964253325,-0.0018032898815324109,0.010640099794331174,-0.033517613767998514,1.0031543642505774,0.0016059808587947741,-0.00018939388136019166,0.0012759184356848732
0.19570428504347154,-0.08191022522740009,0.0745947044726527,0.07447957280490308,-0.049810159539132995,0.0327196802790498,0.010355306095937461,-0.04130580146333621,0.9890772286754902,0.001680575563267427,6.3104036832798975e-06,0.0011940082104574734
0.16983024382671053,-0.0841032010024137,-0.15031912454208554,0.006529531341039266,-0.06350548448773864,0.010045785930396086,0.005058859661543115,-0.03578490208096911,0.9953399453478329,0.0015302564387253415,0.00017614064750999043,0.0011099050094550596
0.24594468230176353,-0.22716358231437409,-0.3133009509201125,0.02827594012159404,-0.041589174236266485,0.006440905411997535,0.0136610443690659,-0.03981978741051458,0.9957049451091122,0.0012169554878052288,0.00042208532981175397,0.0008827414271406855
0.059489447821812355,-0.17079972007645502,-0.5493378314057806,0.021153045709290268,-0.06477981332280315,-0.021517924307968755,0.01166402475035027,-0.029228341590773657,0.9947440161577905,0.000667617656399448,0.0004815747776335663,0.0007119417070642304
0.07663052615689567,-0.1666683826122068,-0.6565160416388603,-0.017348597466656793,-0.06411905881171609,-0.003536157872054026,0.015599792310287531,-0.03163783289445229,1.0037416167454072,1.1101614760587686e-05,0.000558205303790462,0.0005452733244520236
0.1317887993976376,-0.14492909155499262,-0.6675098457595483,-0.05278885238660211,-0.024748606163977654,0.014007063619506026,0.008780571706537968,-0.02826907185179912,1.0030142096971728,-0.0006564082309989607,0.0006899941031880996,0.000400344232897031
0.10174583257985631,-0.08480520885699401,-0.7914281207383747,-0.033606557166580855,-0.004427277788798644,0.0447042229993407,0.013192593686087196,-0.030708884586268994,0.9954306610765283,-0.0014478363517373355,0.000791739935767956,0.000315539024040037
0.11341974751076767,-0.11342593824195388,-0.6877722790980172,-0.025929501541028497,-0.018045830480581303,0.012006969743157373,0.008111860207396075,-0.039689113203593585,0.9918973296376723,-0.0021356086308353525,0.0009051596832787237,0.0002021130857980831
-0.09909939773741111,0.004695135136092616,-0.6865190733924451,-0.050363867729473474,0.01673469424239465,0.04556516525679186,0.012069849159920414,-0.041731152896821826,1.0033874122397484,-0.002822127704227798,0.0008060602855413126,0.00020680822093417574
0.012848275930267362,0.06675965847908,-0.4426253268710145,-0.07112760512590802,0.023802514652649737,0.03454795736966426,0.01126440449759692,-0.04478136101960877,1.0009366660683647,-0.0032647530310988128,0.00081890856147158,0.0002735678794132557
-0.1121206247781143,0.05495555094547866,-0.19112124305422168,-0.0445719483331246,0.03883419803570255,0.03612596539352466,0.013826260840989181,-0.037814914797117835,0.9970172593822574,-0.0034558742741530343,0.0007067879366934658,0.0003285234303587344
-0.05929773541465246,0.10941829218923566,0.06388030646239888,-0.06869038016816158,0.05545724407075773,0.01923632393021594,0.012293361344275925,-0.03906515097293141,1.0004147927399347,-0.003391993967690635,0.0006474902012788133,0.00043794172254797004
-0.09977368531222582,0.14928174701136393,0.3085043203362838,-0.04719165910502292,0.07791595890537265,0.004253854373380717,0.0003613603732286752,-0.03944179568565066,1.0004166361568954,-0.003083489647354351,0.0005477165159665874,0.000587223469559334
-0.06960925527919326,0.1571216376751904,0.47551387951552126,-0.01689642279019215,0.05015504465960429,-0.011917438350898759,0.0067822671741021995,-0.04341097162222033,0.9928447413529544,-0.00260797576783883,0.00047810726068739417,0.0007443451072345243
-0.12470824534174954,0.0654072745302436,0.6950583589119197,0.0071487578977130544,0.017416086510976002,0.01067039314227021,0.01043972594213773,-0.03749847400778898,0.9942857952170598,-0.0019129174089269107,0.0003533990153456447,0.000809752381764768
-0.06570028124089294,0.14799995916240993,0.7242160623784935,-2.2615619270692153e-05,0.04384498982997735,-0.01187541441143986,0.0124642630119356,-0.04124966264655386,0.9973219050613892,-0.001188701346548417,0.00028769873410475173,0.000957752340927178
-0.14201909251444336,0.11209088355873348,0.8892092023434481,0.04634736714287643,0.05028848777649843,-0.039509492849913126,0.014364853702427533,-0.04178880916220441,0.9876647218579798,-0.00029949214420496877,0.00014567964159030835,0.0010698432244859114
-0.09336842080714425,-0.00204462658583901,0.7405246385883503,0.06718867472075654,-0.009494953797383654,-0.019240721471719152,0.013091721379979599,-0.03859158909453061,0.9956556060339398,0.0004410324943833815,5.231122078316411e-05,0.0010677985979000723
-0.06130885505638271,0.05634351278208172,0.7410990704589513,0.06490736836035052,-0.01828704832368703,0.04146942814883429,0.006932156687069363,-0.03983425787550422,0.9934445050947565,0.001182131564842333,-8.997634273218605e-06,0.001124142110682154
0.03039062149288793,-0.05519143955253124,0.5729991204162916,0.034719936836602586,-0.03524867901887892,-0.03150560766179467,0.015153117028231768,-0.046608688661454026,0.9983002459002317,0.0017551306852586247,2.139298721966933e-05,0.001068950671129623
0.01766454413922404,-0.11535489019774452,0.3750578050711582,0.08435871276813806,-0.02728127879693572,0.008051739127929473,0.006623810979009471,-0.04344823351978851,0.9918492282827274,0.002130188490329783,3.905753135889337e-05,0.0009535957809318784
0.01600261992022064,-0.14585214494323018,0.20752459839265475,0.11843755842515898,-0.016475994670327582,-0.07150664793605731,0.0170913891602138,-0.03687751062777035,0.9996635138235389,0.0023377130887224378,5.5060151279114e-05,0.0008077436359886482
0.06291353631592786,-0.2627399547930647,-0.04769775517687205,0.0867600519725892,-0.0005487746120005433,-0.017584853612546317,0.017530618618859947,-0.03980909775518174,0.9986654303732414,0.0022900153335455656,0.00011797368759504189,0.0005450036811955834
0.1084326035492963,-0.2567025291571553,-0.33729807856496974,0.06940489390747238,-0.01662628112700054,0.01634263549909886,0.010935480937374365,-0.04931206015995108,0.997079596288831,0.0019527172549805962,0.0002264062911443382,0.0002883011520384281
0.0973666644663639,-0.22235154375519178,-0.38222863593091455,0.04986260539368947,-0.028754501463662648,0.00801828127869621,0.007850635296050781,-0.036133212530917086,0.9999705340188922,0.0015704886190496814,0.00032377295561070206,6.594960828323631e-05
0.05006901384174462,-0.28175971502361197,-0.5692481676435912,0.05474462592706686,-0.035243364056278946,0.005501768695907086,0.007714895247093578,-0.03990130143296088,1.0006218247090821,0.0010012404514060903,0.0003738419694524467,-0.00021581010674037566
0.13762482817703534,-0.23960595461988574,-0.4933434201228013,0.03202858093487595,-0.025788992960553325,0.0277924226701452,0.005829065180558612,-0.04498866011536835,0.9965058034546884,0.000507897031283289,0.000511466797629482,-0.0004554160613602614
0.11256053853733188,-0.15932045573483813,-0.4507702437843784,0.026598037760187196,-0.020061201049149907,0.056501858967630665,0.006789394625335306,-0.043049475493558885,0.9979073757539518,5.7126787498910484e-05,0.0006240273361668139,-0.0006147365170950995
0.09600189541170652,-0.12381880161575298,-0.2884545701011097,-0.02379674378353168,0.0032018111813203144,0.08598433638509213,0.010603242439519149,-0.0389026215236419,0.9943717894357287,-0.00023132778260219922,0.0007200292315785204,-0.0007385553187108525
0.06765129892739713,-0.07894702822913084,-0.2015879348374946,-0.011631001037724166,-0.01587032599927386,0.06809505264156893,0.008810965331384748,-0.05079475097379555,0.9943479794499622,-0.00043291571743969383,0.0007876805305059176,-0.0008175023469399834
0.11538449488619758,-0.013486173788317513,-0.025409731905319685,-0.03246939971854846,-0.0021408583247391174,0.03746390505183041,0.0036606474971498017,-0.0376708800374787,1.0057365880636813,-0.00045832544934501355,0.0009030650253921153,-0.0008309885207283008
0.09129257187060556,0.04024010613230405,0.20752149661553526,-0.021382689444875494,-0.00737785461347115,0.040783517668243695,0.009393968636155206,-0.03486066337651438,0.9968565287104916,-0.0002508039527294783,0.0009943575972627208,-0.0007907484145959968
-0.0022453861255138305,0.14890581777060002,0.3885336019278796,-0.06935022856091155,0.010736770869147722,0.0361814537607515,0.01237744475819719,-0.03536136373938169,0.9978429951635573,0.00013772964919840134,0.000992112211137207,-0.0006418425968253967
-0.0390466721605416,0.25983733863415714,0.44193781083479594,-0.035961861078149374,0.009977111381186496,0.01644595112927235,0.01031813657300262,-0.03406183385980764,0.9975490780333892,0.0005796674600331973,0.0009530655389766654,-0.0003820052581912396
0.06652523946436434,0.22021784506575903,0.5987888113814199,-0.011274460857986977,-0.003580502108240345,0.022308540725026124,0.00763934089111384,-0.043750598066690585,0.9998259522939383,0.0011784562714146172,0.0010195907784410296,-0.0001617874131254805
-0.014131735884823443,0.29505793743082653,0.4610190581741743,0.0009947866239135485,0.04087049793160601,0.010857310999048422,0.0002577286990811372,-0.03469789064502165,0.9952815008723954,0.0016394753295887914,0.0010054590425562062,0.00013327052430534602
-0.08226165091394151,0.22982583802493292,0.4271401620514602,-0.0024192184742936503,0.05418583850657383,-0.01661577383281143,0.018040136913620976,-0.038522023870330685,0.9957951404269645,0.0020666154916402515,0.0009231973916422648,0.000363096362330279
-0.08859582258384635,0.2162524810029166,0.2717842626190321,-0.03252946721365749,0.022385050096537594,0.016162582124756478,0.012213653475477032,-0.04407491828566425,1.0027515389540171,0.002338399754259284,0.0008346015690584184,0.0005793488433331956
-0.1644242101680188,0.19343149879329669,0.05550334934495324,0.03610704459778069,0.02620832474961935,0.0014675213015872737,0.014113520281172175,-0.03757823729154906,0.9906621701973611,0.0023939031036042373,0.0006701773588903996,0.0007727803421264923
-0.17211137677605975,0.15557825887562593,-0.07905547010149203,0.06656470461172098,0.031126285813502783,-0.02394127987963137,0.01351191966003208,-0.03774296321143779,0.9990652707985259,0.002314847633502745,0.0004980659821143398,0.0009283586010021182
-0.17819635449005408,0.14115310217204913,-0.39430630439659586,0.02767319215751476,0.003555216096392224,-0.009837342817232116,0.015191959833539347,-0.0322342796215511,0.9940577825377187,0.0019205413291061497,0.00031986962762428574,0.0010695117031741673
-0.1427261779705225,0.1443869590899306,-0.6427523171540708,0.04258896681502745,0.0013735460405415014,-0.031176561115275704,0.014004837816144835,-0.03396175517151616,0.9881487213337786,0.0012777890119520787,0.00017714344965376322,0.0012138986622640979
-0.2523881726545001,0.09482767157273364,-0.7052172553266178,0.07033989389861385,-0.01644351034393282,-0.0196134485512946,0.013391257467581357,-0.04341028530662884,0.9978190956239076,0.000572571756625461,-7.524472300073688e-05,0.0013087263338368315
-0.2268346351068824,-0.029407495040373877,-0.8039834353468697,0.07005713224043987,-0.033039886452473084,0.010511588970663968,0.016810472491841404,-0.0382628164882431,0.9924837163458292,-0.0002314116787214088,-0.0003020793581076193,0.0012793188387964576
-0.22121225950096435,-0.07115913661876261,-0.7650044814994177,0.07054278130380595,-0.021213827992078903,0.012923576194587068,0.017978672510827895,-0.03832414208058317,0.991619907324269,-0.0009964161602208266,-0.0005232916176085836,0.0012081597021776948
-0.10360650682336088,-0.09860884423213624,-0.8177862515190423,0.0603950200267033,-0.030041249746383683,0.0006754522299207474,0.020100500311724008,-0.03872416532492975,1.0112959709172697,-0.0018142024117398688,-0.0006268981244319445,0.0011095508579455587
-0.11936083253626423,-0.11896789570725332,-0.6108295723446437,-0.0021886487304301344,-0.028986803014990667,0.02450517322649539,0.009118682968606653,-0.041510646461848405,1.0010575783663413,-0.0024250319840845125,-0.0007462589569682087,0.0009905829622383054
-0.123810001881687,-0.12084452152835111,-0.4303075382539623,0.004894624306022876,-0.05268353081518067,0.023242800434607795,0.01461911901874671,-0.031217749497688938,1.0012101517235024,-0.0028553395223384747,-0.0008700689588498957,0.0008697384407099543
-0.05526139478067277,-0.17013544199655584,-0.20463121687849442,0.011728364875780243,-0.07946611248925133,0.009658703627725937,0.00543825189879708,-0.043110455861837704,0.9981404038309528,-0.0030599707392169693,-0.0009253303536305687,0.0006996029987133985
-0.035600330743246436,-0.15088069339508076,0.07914059462625206,-0.017978318184576444,-0.03362516461710647,0.029003771600765955,0.01115075317241541,-0.0316656634928707,0.9924653036828505,-0.002980830144590717,-0.000960930684373815,0.0005487223053183177
-0.03370879232525345,-0.05639280193669719,0.2776124126682275,-0.023391922672430697,-0.06816015818850864,0.04125958905554045,0.012665011298781196,-0.04712332470129924,0.9976376382335296,-0.0027032177319224896,-0.0009946394766990685,0.0004923295033816205
0.12767658296715992,-0.09796180978404802,0.5017151390833349,-0.04565622428322031,-0.06366016442502626,0.03642989214510962,0.01744603050005338,-0.041907080313315755,0.9967178823841808,-0.002201502592839154,-0.0008669628937319086,0.00039436769359757246
0.09724136931355616,-0.07047544182665934,0.6926017015284004,-0.06100893280797601,-0.05211322761554407,-0.008300240457135124,0.013243551732603902,-0.03617680398436135,0.9889011659279277,-0.001508900891310754,-0.0007697215244183525,0.00032389225177091314
0.19307902724090453,-0.0029921243714081595,0.775692841081219,-0.06251795758879874,-0.0672594103856216,0.022055024086766965,0.017287045264954722,-0.04526248783520463,1.007507316859006,-0.0007332080502295348,-0.0005766424971774479,0.000320900127399505
0.09158380500290716,0.049440036743891226,0.7532520024209887,-0.08116182369601486,-0.026200372292028658,0.010939990389542738,0.012287456557677363,-0.043670985860309874,0.9981317976869936,2.004395219145394e-05,-0.00048505869217454074,0.00037034016414339623
0.1988792400310081,0.015826041624655784,0.7567504275628617,-0.06972039856882793,0.001961672892005142,-0.03658450003778301,0.01121381197487899,-0.037317832253375774,0.9944426908454462,0.0007767943797543157,-0.0002861794521435326,0.00038616620576805203
0.11937566089219372,0.09947611102428078,0.6550411411133188,-0.04874940124598324,-0.0074144506334883455,-0.02376009514077359,0.010180417473118994,-0.04863018397362987,0.9992499699140297,0.0014318355208676344,-0.00016680379125133887,0.00048564231679233276
0.3005325690714761,0.16166375293806473,0.4768449131468281,-0.03664989946286775,0.039327863825698826,-0.005847996377308961,0.01773304948146395,-0.034458976238765524,0.9917683141671202,0.0019086804340144627,0.00013372877782013721,0.0006473060697303975
0.10310305811433895,0.2441017087332235,0.28719901865401065,-0.009448791721483083,0.04840052631627801,0.005596209004541592,0.012475164885822882,-0.03258370273057061,0.9939991294477037,0.002195879452668473,0.0002368318359344762,0.000891407778463621
0.2525771616245461,0.12303366511047757,0.09468780357265721,-0.009475838261551638,0.04942515717787959,-0.05904076263826483,0.0023218116934643693,-0.03236172456834058,1.0063974785604235,0.0022905672562411306,0.0004894089975590222,0.0010144414435740985
0.149768164759002,0.16387958531188154,-0.1324764191982894,0.04777851619443781,-0.00031052814319292455,-0.008054625772750979,0.017719545491257233,-0.03833306115234676,0.9961429717183254,0.002158090837042841,0.0006391771623180244,0.00117832102888598
0.11743721191831852,0.10521296422469988,-0.2559500046881354,0.056686376846087114,0.07145388829866589,-0.06374210484039156,0.009980482710402905,-0.042090273686247334,0.998677018341429,0.0019021408323547054,0.0007566143742363427,0.00128353399311068
0.12383644049108193,0.10767684951023732,-0.38159825395923996,0.038451314493188914,0.03986448410051909,0.006178837601999615,0.015678196319045528,-0.04175303367803759,0.9993112279218376,0.0015205425783954658,0.0008804508147274246,0.0013912108426209174
0.021643113396274033,-0.024702831271614118,-0.5961524595510329,0.06635212806804114,0.0773888154959749,-0.019635472481709937,0.009151518299417686,-0.038492667677286006,0.997948945319078,0.0009243901188444328,0.0009020939281236986,0.0013665080113493032
0.067730768295984,-0.00023930967234754574,-0.5513999139096608,0.09712187226284437,0.028436672018500624,-0.02023694861363655,0.014954984460009403,-0.03926907870894257,0.9961513967573196,0.0003729902049347719,0.0009698246964196825,0.0013662687016769556
0.03829442559231552,-0.041344937950357166,-0.5309138186787107,0.0664284602862606,0.03215171933532042,0.011363960522130206,0.0006129337824892327,-0.04180465627156203,1.010215368170892,-0.00015792361374393884,0.0010081191220119982,0.0013249237637265982
-0.03150296031661435,-0.09016886405455735,-0.3135150750466135,0.06620935891271809,0.02928113259703827,-0.004294198518495532,0.014879629892965231,-0.03196932275643818,0.9951896350538298,-0.0004714386887905524,0.0009766161616953839,0.001234754899672041
-0.048012944166363286,-0.1337230791480109,-0.158673993106302,0.10457694105367013,-2.1470036040009514e-05,0.03555269557351355,0.01075469333906602,-0.04110454653069194,0.9944498375159696,-0.0006301126818968544,0.0009286032175290205,0.0011010318205240302
0.006447368716519977,-0.22193993667874307,0.039554169874907355,0.08563303453037992,-0.02348810724897818,0.03179458165877221,0.008873741355037493,-0.0326707404619086,1.0013968182828739,-0.000590558512021947,0.0009350505862455405,0.000879091883845287
-0.06948220102304029,-0.22110924898724418,0.2430713522169429,0.08287429583283139,-0.04897289909761555,-0.03485042696257304,0.019114603401239768,-0.039340053224124275,0.9925431679551033,-0.00034748715980500414,0.0008655683852225002,0.000657982634858043
-0.1461367524941448,-0.2689627173119856,0.34815318645086657,0.054520172266909334,0.04846618139093499,0.029697248458937682,0.014780999937272929,-0.03963169791432923,1.0040975891733928,6.660266458624609e-07,0.0007194316327283554,0.00038901991754605725
-0.07955913566274633,-0.3374262294132149,0.4234309788884738,0.028181838341413232,-0.052584429506753176,0.05145223160277294,0.014233892348457323,-0.03721147296701564,0.9980095458966112,0.0004240970055343363,0.000639872497065609,5.1593688132842374e-05
-0.13592523094432032,-0.19346144044314362,0.4934548657496553,-0.009089583733452084,-0.05947518331940427,0.06775778381497996,0.011912368336741998,-0.03725589164397322,0.9996833349109926,0.0009175518712839916,0.0005039472661212888,-0.00014186775231030124
-0.13540368600275735,-0.16906297279258517,0.4477159218194368,0.005524188592921271,-0.020240171881089293,0.04911354162049989,0.02008558979104933,-0.04048248521032308,1.0005387927373002,0.0013652677931034285,0.0003685435801185314,-0.00031093072510288643
-0.06285662247641592,-0.06295960037878046,0.31388946141077556,0.01414384041541205,-0.06330810060112091,0.05722178026702864,0.013517295838051599,-0.03691376188426372,0.9973860998580689,0.0016791572545142041,0.00030568695764211546,-0.00037389032548166694
-0.11260577565041238,-0.005997458632127403,0.2798030192094318,0.0037264481240423704,-0.06787976130115816,0.010347369952688033,0.023207284484423746,-0.03627589552802874,1.0036847395308859,0.001958960273723636,0.00019308118199170307,-0.0003798877841137943
-0.04001536450543007,-0.029817358230753366,0.06621645183627514,-0.007014635010710771,-0.09174037714994268,0.033836930546689084,0.02199341243124944,-0.0314229791878677,1.0023771806203334,0.002025176725559911,0.000153065817486273,-0.00040970514234454767
0.01525462359075255,0.1900494116611296,-0.0989554744654446,-0.016130514479423957,-0.024824210654883175,0.025098834357381757,0.023048435087502386,-0.03930703683971335,1.001732527264771,0.0019262212510944663,0.00016832044107702559,-0.0002196557306834181
0.09940906727569629,0.15815473682393924,-0.43528555297987603,0.012891626704123178,-0.04665428145713363,-0.030791112383300692,0.020837731280637727,-0.04354129277952131,0.9916003838017708,0.0014909356981145903,0.00026772950835272187,-6.150099385947885e-05
0.06757321450237966,0.12966699680692595,-0.642607721951673,-0.05799091810321953,-0.005515942273175697,0.01687010808869945,0.013041430711906962,-0.04299774910386291,0.9974499894111837,0.0008483279761629173,0.00033530272285510156,6.816600294744711e-05
-0.004923040336541493,0.17196367580289254,-0.7571700555020859,-0.014601845236648871,-0.012085747293620172,-0.0034927730905751717,0.01640948501319943,-0.027741462716545935,0.9986578369151895,9.115792066083129e-05,0.00033037968251856006,0.00024012967875033966
0.023185301181534154,0.14544089335627447,-0.7803939922323003,-0.027588821379318337,-0.0006599629634932609,-0.018167180540426715,0.015205731992180256,-0.04895041207671006,1.0079235209419541,-0.0006892360715714691,0.00035356498370009426,0.0003855705721066141
0.17917360362738416,0.28577600155465654,-0.7719014885180538,0.03425576662591061,-0.0034383980715412057,-0.018428079658958603,0.020485091475967783,-0.04547066483267616,0.992185546410207,-0.0014611375600895229,0.0005327385873274784,0.0006713465736612707
0.08096786839743302,0.21545005523314,-0.7356015108494737,0.004836719428782254,0.007344677413007152,-0.03064094508170763,0.016313819754207808,-0.03935967512703721,0.9960849363132982,-0.0021967390709389965,0.0006137064557249114,0.0008867966288944106
0.04432063484415018,0.17522997737948418,-0.6086969596361489,0.0482433098545098,0.0009022681664086589,0.007470781613375728,0.01522248363326981,-0.04253266147228102,1.0047037492115232,-0.0028054360305751454,0.0006580270905690616,0.0010620266062738948
0.0649861792732482,0.1458510393098388,-0.3836208334628196,0.02969101372032681,0.007002701435802483,0.0072572003274338345,0.024800094476983087,-0.03532916915912443,0.9946216525797542,-0.0031890568640379653,0.0007230132698423097,0.0012078776455837336
0.13804335616440389,0.11372381347919526,-0.21089844830846577,0.05515121689052151,0.003248916673998065,0.02017308813086608,0.014943436648404026,-0.03573190304378271,0.9960465421253311,-0.0033999553123464313,0.0008610566260067137,0.001321601459062929
0.09052864526676577,0.10036084848123228,0.11036942948468462,0.0493500435520247,0.05531479594123021,0.017550648665115503,0.013528302782034634,-0.04202670677836381,1.0077239594541234,-0.003289585882861746,0.0009515852712734794,0.0014219623075441615
0.09312815088105547,-0.05706623747113505,0.39863589304542957,0.052228093659893664,0.014689084031529649,0.026907182615520574,0.014710043259646784,-0.031798238990919964,1.0012018363535347,-0.0028909499898163164,0.001044713422154535,0.0013648960700730264
0.03500789565945536,-0.08339642068286263,0.4742796559175879,0.056171512745303846,-0.02732067060009926,0.022324908868340057,0.022144575635067366,-0.04479610207277409,1.0036813520438685,-0.0024166703338987286,0.0010797213178139903,0.001281499649390164
-0.04463544166944874,-0.05912256949033644,0.6770190968353854,0.0610160085958687,0.016544465837429495,0.053257976824335106,0.017795293825114394,-0.042927224288011115,1.0030225578899779,-0.001739651237063343,0.0010350858761445415,0.0012223770798998274
-0.10872415688729282,-0.14439684218776952,0.7247214604162825,0.030128829050166284,-0.01291077902776943,0.0449410015110754,0.019215941641901154,-0.03133923362765678,1.0000133305669547,-0.0010149297766470604,0.0009263617192572486,0.001077980237712058
-0.09812576505648016,-0.1145408863952132,0.7702140257533011,0.03710371499468477,-0.007050207763873188,0.034787435190452846,0.018170282274813796,-0.04568812466950606,0.999902962941149,-0.00024471575089375934,0.0008282359542007684,0.0009634393513168449
-0.08636314875176003,-0.1746413138073557,0.7839789076140025,0.025203004610488577,-0.021437677780981622,0.024641377698438327,0.006091769129208131,-0.03738519673982403,1.0038964430530157,0.0005392631567202432,0.0007418728054490085,0.0007887980375094891
-0.1760562549287962,-0.07550671511144819,0.5721362267558314,-0.019424436145582008,0.003911540802109927,-0.0142345320436132,0.011777495294278361,-0.031235878485974478,0.9952454762732876,0.0011113993834760744,0.0005658165505202122,0.0007132913223980409
-0.1019821361686615,-0.12101366669761043,0.44403052685139277,0.011561618577191218,-0.042759075495551,-0.026466017905048725,0.015792317727653972,-0.05202991327986434,1.0081674078314744,0.0015554299103274676,0.0004638344143515507,0.0005922776557004304
-0.21340684746242,-0.0451299311171524,0.3244233762290036,-0.02467707638727641,-0.02672929106318576,-0.0030351792550493747,0.01882382698807227,-0.040677694833441434,0.9968436528445034,0.0018798532865564712,0.00025042756688913075,0.000547147724583278
-0.25715859997330315,-0.03962139353764793,0.0707573467171276,-0.05897532730607272,-0.03506091993164735,0.02061012102968557,0.012391812683984552,-0.034205995958717844,1.0046458112387822,0.0019506106332735987,-6.731033084172444e-06,0.00050752633104563
-0.18768187062409297,0.0068638112500763425,-0.10785491804866967,-0.045292562205087324,-0.08066248490251599,-0.027320077171701013,0.012300203779522375,-0.0402477123301857,1.0020759825832046,0.0018427557152249292,-0.00019441290370826543,0.0005143901422957063
-0.15159950311389295,-0.008909511833140212,-0.3729670584881223,-0.039871661482362125,-0.051185525530868664,-0.033564850889666605,0.015876298000921073,-0.03855356117267283,0.9968254977386811,0.0014697886567368067,-0.0003460124068221584,0.0005054806304625662
-0.10906271136594946,0.12257717596620979,-0.42981184720964755,-0.04743413075798994,-0.06911578843426108,-0.04462683806407545,0.024130388907372288,-0.03786159245722108,1.0019957095991514,0.0010399768095271592,-0.00045507511818810784,0.0006280578064287759
-0.23551088225823524,0.11589247646119585,-0.40334549294063027,-0.04930144820737875,-0.07453456824953456,-0.05330802889694238,0.0067951535047509615,-0.037188725282956345,1.0002304908097817,0.0006366313165865289,-0.0006905860004463431,0.0007439502828899717
-0.07266875193494585,0.08975239858264973,-0.511297730075379,-0.11233019183079748,-0.06842816982478296,-0.045220009618491444,0.004361539738560715,-0.042731445858721254,0.9907802213666408,0.00012533358651114977,-0.0007632547523812889,0.0008337026814726215
-0.10051042082580977,0.05219507237305099,-0.4308963493756094,-0.0490986040012497,-0.0197414742515566,-0.017903135165243694,0.02635513705630415,-0.03481960650206963,0.9991891098961095,-0.00030556276286445964,-0.0008637651732070987,0.0008858977538456725
-0.10378870146979935,0.15763538570088811,-0.25671735652152095,-2.940891001891946e-06,0.0265688706738113,-0.02717541283927743,0.010084909178379863,-0.037323517176665114,0.993393639814622,-0.0005622801193859806,-0.0009675538746768981,0.0010435331395465606
-0.006844761669267473,0.20825168256888504,-0.16382960795790202,-0.015600019563654902,-0.031341998554423586,-0.019740589121600156,0.015767928061620928,-0.0442757091251339,1.00218884568985,-0.0007261097273438826,-0.0009743986363461654,0.0012517848221154457
0.06289652474534538,0.07116720593983555,0.08708340978868548,0.032488019108080496,0.000714105753475908,-0.011637292021224087,0.01034775209746204,-0.0408193438060131,0.9989576439771783,-0.0006390263175551972,-0.0009115021116008203,0.0013229520280552815
-0.03800112936010453,0.03160668841933823,0.14113430108422165,0.057096859106190466,0.014187171890816013,0.016254733714014938,0.01639502621267753,-0.045501653139520384,1.0040660337319618,-0.0004978920164709755,-0.0009495032409609248,0.0013545587164746197
0.05640337818586867,0.012949898336945983,0.2535007728749997,0.052309320920972305,0.008270796983466272,0.029823969871050945,0.017282833136253978,-0.03731051113052066,0.9962083348934062,-0.00024439124359597575,-0.0008930998627750561,0.0013675086148115657
0.08487122754361331,0.024821996242343818,0.47410616753513396,0.03138783705841523,0.056636357363762435,-0.005837223851834274,0.026071688297502067,-0.035869336745375964,0.9932257741094856,0.00022971492393915823,-0.0008082286352314428,0.0013923306110539095
0.16769351101634725,-0.1656544339347056,0.4493316759953814,0.06024097449209745,0.08024419321928927,0.02411637246362515,0.02167590995642935,-0.03720373777520337,0.9943369785027965,0.0006790465999345396,-0.0006405351242150955,0.0012266761771192037
0.2290875412190004,-0.16421306723933782,0.4370665266126176,0.09263682099752844,0.02997160341996994,0.04295302230106529,0.01171038316799192,-0.035456293365236126,1.009831005628737,0.0011161131265471573,-0.0004114475829960951,0.0010624631098798659
0.18145117817301343,-0.22743856851731367,0.40729406895747644,0.10352730819434626,0.07975612694355425,0.05617495199773708,0.008638897582199899,-0.037478023247346975,1.0148876732493781,0.0015234071955046336,-0.00022999640482308163,0.0008350245413625522
0.17329008229759005,-0.1922241600291076,0.24347800726574645,0.0318227497183165,0.03466830763180471,0.04968283999637049,0.020729185190392907,-0.03427383298111406,1.0097612169060877,0.00176688520277038,-5.67063225254916e-05,0.0006428003813334447
0.20811821947461195,-0.24858791119703738,-0.03469877107095346,0.06621424158954012,0.02414677042415906,0.0604907970691645,0.015684041539683634,-0.038661971944272004,0.9920655902291649,0.0017321864316994268,0.00015141189694912037,0.0003942124701364072
0.17009033329107948,-0.2668552544788422,-0.16793285405776537,0.023199911733801537,0.036304286908005856,0.0102162769582265,0.014717179574268604,-0.03445051269787856,0.992892879571381,0.0015642535776416615,0.0003215022302401999,0.00012735721565756497
0.06711915295457287,-0.25202537995287905,-0.4168845214054455,0.04007669055521847,0.04991504574801833,0.03924704717772126,0.024306480628067104,-0.044325023711971966,0.9944630921285561,0.0011473690562362159,0.00038862138319477275,-0.00012466816429531407
0.17032642996696928,-0.18456306628649163,-0.569552787960456,0.0197163241517158,0.022233503268744494,0.0632469836819087,0.009649497764627675,-0.044817087492766396,1.0036701677228101,0.0005778162682757597,0.000558947813161742,-0.0003092312305818057
0.1661681274526748,-0.13140180656742134,-0.728837588988811,0.054695029778880674,0.029724159034274535,0.014052636109212178,0.016648557705207536,-0.03733195811105305,1.0103492708608102,-0.00015102132071305132,0.0007251159406144169,-0.000440633037149227
0.1404750121032384,-0.08598014377197385,-0.8734086775502238,-0.017471260948867123,0.009604871891916172,0.006176329131540878,0.02168169463934902,-0.03427597542758942,1.00434415110046,-0.001024429998263275,0.0008655909527176553,-0.000526613180921201
0.005629503921025278,-0.0478243604747578,-0.8406193397499312,0.002319456591639667,0.022301278468845998,0.007308101327623724,0.01267324047372944,-0.039014431696632136,1.0007799268988427,-0.0018650493380132063,0.0008712204566386806,-0.0005744375413959588
0.0535058441139215,0.05319259754651888,-0.8471503517167164,-0.007371102370661206,-0.0033083809628533497,-0.019611300665864487,0.025111510461756664,-0.034371389957177256,0.9952174323825886,-0.0027121996897299227,0.000924726300752602,-0.0005212449438494399
0.0635177717465733,0.011210978772157196,-0.5862956992975769,-0.03668084830957564,0.008733544886930657,-0.030948991550658618,0.013608183031656798,-0.03594296317210947,0.998420886280023,-0.0032984953890274997,0.0009882440724991752,-0.0005100339650772828
0.07907126420663135,0.13278536244033218,-0.3781675894753343,-0.03167973916401629,-0.045313127546525354,-0.011602097172003287,0.018359134938196284,-0.04766601871278403,1.000301453557138,-0.0036766629785028337,0.0010673153367058066,-0.00037724860263695055
-0.04201040026686803,0.27614495939702327,-0.19218059067041476,-0.03137993546815998,-0.036491494141640615,-0.044046741404208695,0.015288685226387563,-0.025733441486607764,1.0042804383219002,-0.0038688435691732487,0.0010253049364389386,-0.00010110364323992728
-0.04061929113959021,0.1255329988028615,0.08702141191445245,-0.03998761612306983,-0.03447403068432853,0.0010406605856432202,0.005097946263173352,-0.043571266238788875,0.9973803135009727,-0.0037818221572587965,0.0009846856452993484,2.4429355562934245e-05
-0.1475380888286972,0.21342583112934585,0.29071170938767726,-0.03244740058413724,-0.051230106900243585,0.010318351263993334,0.01673809085294376,-0.041928168739619395,1.0018898220703862,-0.003491110447871119,0.0008371475564706512,0.0002378551866922801
-0.16305689442995494,0.20272290484257993,0.6040664989055806,-0.01262712610469231,-0.051769523876807354,-0.025970167502187384,0.02284417380907844,-0.03138235445354706,1.0012672790072452,-0.0028870439489655387,0.0006740906620406963,0.00044057809153486005
-0.06864224077139858,0.2598847421839192,0.6453966743386511,-0.01466697556508658,-0.019447323374524417,0.0168594506237865,0.013751163140178331,-0.036956209529873656,1.0004012356052507,-0.0022416472746268875,0.0006054484212692977,0.0007004628337187793
-0.20358764947715663,0.29347481769058703,0.7815207076334294,0.01063629621729946,-0.007583737159011045,0.016379828771103687,0.01582310256458997,-0.04081778991343097,0.9979296694500243,-0.0014601265669934582,0.000401860771792141,0.0009939376514093664
-0.09223602919377147,0.21904342268651797,0.7528953135846627,0.028179269704331128,-0.011228742452162311,0.05623307769248618,0.016421397077851434,-0.039249656715384704,1.0005188748645133,-0.0007072312534087954,0.0003096247425983696,0.0012129810740958843
-0.017283015639070518,0.1402883638478905,0.7660120896827474,0.04464757975746331,0.015779360905764872,0.05704260412290802,0.02172279895509338,-0.04122581112171659,0.9994414361529632,5.878083627395203e-05,0.00029234172695929907,0.0013532694379437748
-0.02926959238011273,0.12383235894608507,0.6793601349395482,0.05662904102252281,-0.019290128191090133,0.049571293485923366,0.017281779600101695,-0.040746075476054175,0.9960182534410302,0.0007381409712135002,0.00026307213457918633,0.0014771017968898596
-0.005002988100159901,0.030322378119831843,0.36106647460486685,0.046572541681793644,0.002646771147167987,0.05630468936440579,0.0192336443635862,-0.0327181707620937,1.0043563333278052,0.0010992074458183669,0.00025806914647902643,0.0015074241750096917
-0.013071023815398344,-0.0018353219464760113,0.2800693846137345,0.0339240299223462,-0.006474300214038099,0.021577584672117033,0.019335512912909626,-0.03907444710256406,1.0078131019036498,0.0013792768304321016,0.0002449981226636281,0.0015055888530632157
-0.0023537505566344416,-0.03202682532729208,0.10975851215428235,0.05266113575530615,0.025043084551625183,0.028537975488485044,0.01657296815505018,-0.04184426204864815,1.00079599291083,0.0014890353425863838,0.0002426443721069936,0.0014735620277359235
0.14198513824123687,-0.021217728471435132,-0.16006266296189028,0.05114322573890001,0.03523486180014524,0.01086830043355236,0.027673248478202017,-0.0402194312306684,0.999720878723341,0.0013289726796244937,0.00038462951034823047,0.0014523442992644884
0.12355096490982545,-0.11127322055969213,-0.36197925794056157,0.013698355259774394,0.05336021433926859,-0.012683465052021543,0.014132916286944018,-0.03711249699555137,1.003749816917013,0.0009669934216839321,0.0005081804752580559,0.001341071078704796
0.12587019414806752,-0.13876906980587567,-0.44508339541883685,-0.010386291145535378,0.0017216629589379456,-0.0002084554281391645,0.022807732626582315,-0.039996677926092496,1.0008873053247946,0.000521910026265095,0.0006340506694061235,0.0012023020088989204
0.103382965571483,-0.05779717403447299,-0.5176529243685731,-0.015018239427026823,0.029178461232391442,-0.012280674565232066,0.02570464966611924,-0.03770574491799828,1.0056671659979741,4.257101896521954e-06,0.0007374336349776064,0.0011445048348644475
0.08448403620856362,-0.2300529177593551,-0.38493190509322983,-0.02514877151068441,0.0448054899420084,-0.022234615402917962,0.018666100791181413,-0.03433885477543515,1.0005014459809138,-0.0003806748031967079,0.00082191767118617,0.0009144519171050922
0.16373035664986368,-0.12028769862984474,-0.35741013286073925,-0.012935560769480103,-0.011398916674378484,-0.025041666972347693,0.01969303454964583,-0.038396276779640276,1.0029045487903245,-0.0007380849360574471,0.0009856480278360338,0.0007941642184752474
0.09582872548298832,-0.11576919225632976,-0.224075350436743,-0.034068095072079745,-0.024911757713022443,-0.02584264533672355,0.02207109089277568,-0.04020261819451811,1.008644842047588,-0.0009621602864941901,0.001081476753319022,0.0006783950262189177
0.10265972826872122,-0.051022559481426144,-0.0022952965814135307,-0.056943182002053366,-0.03934890932759643,-0.009684293319035022,0.017592659179405706,-0.03929896905915413,1.0063193483404864,-0.0009644555830756037,0.0011841364815877433,0.0006273724667374917
0.11006973498690358,0.0328712544959917,0.13731759406296531,-0.023885384458979753,-0.007309442795752265,-0.036589980625915904,0.009997379368156166,-0.0287642554462649,0.9991998795871129,-0.0008271379890126383,0.0012942062165746467,0.0006602437212334833
0.06843585169390562,0.09489524215304568,0.23723989230844053,-0.06324347068038748,-0.04390386497828352,-0.045177101756833725,0.01825913006753365,-0.024759328605311236,1.005393992184872,-0.0005898980967041978,0.0013626420682685523,0.000755138963386529
0.10252168311520352,0.06615250156820875,0.3805149462006717,-0.030402178264038557,-0.02848492074785357,0.0016711454535880757,0.027762377582548334,-0.03531168789488277,0.9946504556054907,-0.00020938315050352606,0.0014651637513837558,0.0008212914649547378
-0.06043311501017354,0.1531898180721647,0.5757833612178722,-0.026045969492580243,-0.049525799233580955,0.014712197976050355,0.022404202103983296,-0.03182508194240882,0.9989870420236439,0.00036640021071434616,0.0014047306363735824,0.0009744812830269024
-0.02945496598205922,0.10248067756414447,0.460166622184126,-0.015414193761135894,-0.014377563988150209,0.015220039431472173,0.019971491487228907,-0.040055477615419825,1.0041616676594933,0.0008265668328984722,0.0013752756703915231,0.001076961960591047
0.03263500936999171,0.09317118382236843,0.44689081158415034,-0.01690156062055969,-0.03751041201749588,-0.004076380795328018,0.02339208407666608,-0.03821230628891317,1.0076444732341703,0.0012734576444826224,0.0014079106797615147,0.0011701331444134153
-0.05632792514005562,0.14950071383565125,0.30466512885915187,-0.003833424926008441,-0.06967213401859589,0.02599938713699504,0.018913155814140718,-0.03291638207354278,0.9962398394491382,0.0015781227733417742,0.001351582754621459,0.0013196338582490666
-0.13567181810660847,0.11627296375772271,0.1095385238386595,0.011989733741299236,-0.05734827699577239,0.04274717304335111,0.019806016250552876,-0.04688805381622143,0.9998615786199542,0.001687661297180434,0.0012159109365148504,0.0014359068220067893
-0.11455870435967763,0.16206835935624903,-0.04394596448672979,0.04662295098225161,-0.030721767961243124,0.021914248025517086,0.017525256670240897,-0.031109615508385133,1.000014248772311,0.001643715332693704,0.0011013522321551728,0.0015979751813630383
-0.17260844612033419,0.1479042194363991,-0.2576062280898948,0.0300470714875771,-0.06071680937943809,0.03156837789655955,0.0220908517838307,-0.03769758423410047,0.999538672766958,0.0013861091046038093,0.0009287437860348386,0.0017458794007994374
-0.11545938850965164,-0.029092418946874286,-0.45614369024797896,0.05418265127298719,-0.006624802174089746,0.044602385668447084,0.01704382265542658,-0.04016517731495364,0.9939190118060092,0.0009299654143558302,0.000813284397525187,0.0017167869818525633
-0.1503085690321192,-0.13936178685614092,-0.5802965922690018,0.1028897194921342,-0.024738173679416064,0.06898281637514744,0.01816848901670491,-0.032735143089751166,1.0025036342274962,0.00034966882208682854,0.0006629758284930677,0.0015774251949964221
-0.22541281655096262,-0.1735769069667573,-0.7413205593852543,0.0879892535644285,0.007867967882186203,0.044996458756549174,0.024159370995925987,-0.027363158161319564,0.9936216819492824,-0.0003916517372984259,0.00043756301194210504,0.001403848288029665
-0.16432538219820927,-0.19933782310269776,-0.7621726130048428,0.09610169856957816,-0.0005420722913396141,0.02208283280886814,0.018811808643587814,-0.036038884437131054,1.0056881119928047,-0.001153824350303269,0.00027323762974389577,0.0012045104649269674
-0.1383779348369599,-0.19321437622011559,-0.796158805292934,0.04961132942746224,0.004222652909786219,0.021083040269703195,0.022627680475309313,-0.03291070400082992,1.0067473466334123,-0.001949983155596203,0.00013485969490693587,0.0010112960887068516
-0.11173784699703226,-0.24491914579711177,-0.7143459769074302,0.058239655492468886,0.011281816170418207,0.002705633899555795,0.023058384003832706,-0.0319997135398466,0.9968047381653198,-0.002664329132503633,2.31218479099036e-05,0.0007663769429097399
-0.08853457587564882,-0.30672019987108945,-0.5868812288177311,0.06284766618852514,0.06846661495719636,-0.0011284158571880296,0.01945163687603896,-0.03296396245170436,0.9936503937871519,-0.0032512103613213644,-6.541272796574522e-05,0.0004596567430386504
-0.04270235644658077,-0.16684729455558836,-0.27979291285569374,0.041939838226204465,0.03469467805575875,0.013605698735307674,0.018103305595319932,-0.03904244927033375,0.9998331828450597,-0.0035310032741770574,-0.000108115084412326,0.00029280944848306204
-0.011922917761053052,-0.20257706437011685,-0.14903580644647485,0.003216233063045599,0.10663175424072077,-0.04552604976676746,0.013267022235256266,-0.03283550583808967,0.9973925893978696,-0.0036800390806235326,-0.00012003800217337904,9.023238411294516e-05
-0.02554051046800139,-0.12088326825252711,0.1649501011284491,0.02737952000511072,0.049917502196529503,0.01508022437773326,0.014397994780629291,-0.032925563261316744,0.9989415621959032,-0.003515088979495084,-0.00014557851264138043,-3.065088413958196e-05
0.025138100347737575,-0.23996025669317622,0.3088503579669986,0.018869067355817407,0.02911013863136714,0.03097937902899145,0.02293882342858257,-0.04738729229605415,1.0004452483520418,-0.003206238621528085,-0.00012044041229364288,-0.0002706111408327582
0.07095122279537719,-0.04335517501143706,0.5574012102058759,-0.021480090989360483,0.011148773372006248,-0.0085614970171846,0.022858954146826864,-0.029342510246264695,0.9953333490438975,-0.002648837411322209,-4.9489189498265685e-05,-0.00031396631584419525
0.11997891527965229,-0.046685019237560424,0.8117505979245128,-0.010241315429339069,0.061967151056062604,-0.025043196664477248,0.014968376429840603,-0.041039379156848466,1.008276785642269,-0.0018370868133976963,7.04897257813866e-05,-0.0003606513350817556
0.1320170894445244,0.006900840387537088,0.8334104241905301,0.007468696767596582,0.026000629740571206,0.02022673217723643,0.021910697502926884,-0.03276974453728131,0.9967722684238001,-0.001003676389207166,0.00020250681522591106,-0.0003537504946942186
0.21612895948934843,0.0891180207672141,0.7451327912972798,-0.005701653984063884,0.03748363217473181,0.009300606999798514,0.021020587092899223,-0.025711198152502373,1.0046515920338321,-0.00025854359790988623,0.0004186357747152595,-0.00026463247392700446
0.1360524688758232,0.11296956339877406,0.6960520119295435,-0.040126255332675026,0.05778283301520322,0.0006685033767563821,0.02462584898352639,-0.03440727951557196,0.9955212332579642,0.0004375084140196573,0.0005546882435910828,-0.0001516629105282304
0.10768037804276309,0.18598143340205556,0.6864674184285426,-0.05269316865731072,0.014778016606811634,-0.0009303250216573661,0.030784379735847262,-0.038306091421479734,1.0002731082555272,0.0011239758324482,0.0006623686216338458,3.431852287382517e-05
0.27743901818924677,0.27067862703928824,0.43682911821356474,-0.018021521516457736,-0.0014231188094972046,0.016803447792131925,0.0228389058931612,-0.030166293996752053,1.0022133248187104,0.0015608049506617644,0.0009398076398230926,0.00030499714991311344
0.141250292317764,0.15644587268303012,0.21122311596461665,0.03486655042462195,0.007728802627191998,0.033582835621957435,0.01651786200221404,-0.025838236260471034,1.0006351539990537,0.0017720280666263814,0.0010810579321408568,0.00046144302259614356
0.2142806222421486,0.31917971823031877,-0.026682943199954255,0.02684014347922331,-0.007892184992974876,0.05030843251377323,0.0236950556837481,-0.03827559647373312,0.9986822161960623,0.001745345123426427,0.0012953385543830055,0.0007806227408264624
0.1702241783055839,0.25597749415009546,-0.20287701489665194,0.012629898827152573,-0.05454533732848106,0.038267580408718645,0.014773896773708089,-0.044414670145153726,0.9974815300701805,0.0015424681085297752,0.0014655627326885892,0.0010366002349765577
0.07969306560919194,0.20580590674887275,-0.2825989286705435,0.05607005489191907,-0.005805506438659833,0.039269418627055214,0.03109524686902538,-0.026586425849722605,0.9979069087099801,0.0012598691798592317,0.0015452557982977811,0.0012424061417254306
0.07924237249916752,0.21449552373937422,-0.48500076269404624,0.058599855223745966,-0.034251483951178566,0.018682166322649296,0.013860243040909218,-0.02811124893536787,0.9965591210090077,0.0007748684171651854,0.001624498170796949,0.0014569016654648048
0.03981699270588161,0.13958554403149906,-0.52168036499984,0.005023033215239879,-0.0010871435150138333,0.03557720869748428,0.022187896671075888,-0.030339290174382052,1.0015938659234234,0.00025318805216534534,0.0016643151635028304,0.0015964872094963037
0.03595287237460895,0.04678147394147979,-0.44122777865260526,0.06868016188925252,-0.018213369822270908,0.006005476717298944,0.02000698397102957,-0.04114357273403302,1.0090784958955752,-0.00018803972648725992,0.0017002680358774393,0.0016432686834377834
-0.04801786304636251,-0.02193540911663331,-0.43026449966049746,0.05043670350434066,0.0008912106081372874,0.03783831273119902,0.017930771715561563,-0.02903602017412131,1.0017119026456427,-0.0006183042261477574,0.0016522501728310766,0.0016213332743211504
-0.050622105301080154,0.03026104298208887,-0.29002576495827015,0.027353320995931116,-0.0205690554778074,-0.020940784646439607,0.017616902400708172,-0.02673574823887531,1.002887299420825,-0.0009083299911060276,0.0016016280675299963,0.001651594317303239
-0.07011918291193989,-0.1523207236066255,-0.07993726165857559,0.039292026304416,-0.038609855016230446,-0.008023387250552039,0.02680886068730704,-0.020999857182533485,1.0053122984821954,-0.0009882672527646032,0.0015315088846180565,0.0014992735936966135
-0.03856001066630273,-0.12887090535012605,0.09814882605132538,0.0351504044204298,0.01121461185526779,0.021511870423030557,0.02283130257287054,-0.033066601612461353,0.9976382276726514,-0.0008901184267132777,0.0014929488739517539,0.0013704026883464876
-0.12301385009710135,-0.20773923571955913,0.224185884510539,-0.0022704729046809403,0.027488536311529838,-0.005483179427213351,0.019235661264211234,-0.03074081573113927,0.9908637633775921,-0.0006659325422027388,0.0013699350238546525,0.0011626634526269283
-0.15725924097980093,-0.12955921815682916,0.414661225365028,-0.0037365851965824714,0.0040594114621531514,-0.012729581435106942,0.028656015857430446,-0.04217532081899869,0.999891941880279,-0.0002512713168377108,0.0012126757828748516,0.0010331042344700993
-0.13886642476634004,-0.15137566992963303,0.48398619941562254,-0.023499066173486988,0.01709099753868472,-0.020098394990818703,0.01939841286470779,-0.026445334126271706,1.0041435958829448,0.00023271488257791174,0.0010738093581085116,0.0008817285645404662
-0.09159676359544323,-0.18589769106494855,0.4021787015294704,-0.015947179152420672,-0.018899150028755442,-0.02052473434531784,0.023662211216552348,-0.026440415738046234,1.009911522623914,0.0006348935841073822,0.0009822125945130684,0.0006958308734755175
-0.1783144968821257,-0.13837435742094314,0.48143172777372956,-0.05112661740840726,0.02445414487496862,-0.01807321849883236,0.013281041701580634,-0.02901574893458821,0.9949498943642469,0.001116325311881112,0.0008038980976309428,0.0005574565160545744
-0.024508529494153754,-0.057598538306210395,0.3085389407572373,-0.08958408716364888,0.0024662898412564694,-0.01685729219477427,0.01354259515709808,-0.024969612850378707,1.0053405827976316,0.0014248642526383493,0.000779389568136789,0.000499857977748364
-0.056900959872628165,-0.002504504308622195,0.20809871384919804,-0.07141453255579246,0.03542484813593388,-0.02609087967684729,0.023519890158825916,-0.034688606941307466,1.0011371221983494,0.0016329629664875473,0.0007224886082641609,0.0004973534734397417
-0.012816529239370822,-0.05932976781539524,0.06668774314731307,-0.08406944801140218,0.027169802835834776,0.028119102215988602,0.021504286086765,-0.031741622035787787,0.9978780228045582,0.0016996507096348605,0.00070967207902479,0.00043802370562434655
0.004249972780771867,0.040105894464190474,-0.24724927697813814,-0.08920800316700432,0.014192630930881838,-0.005203309018458771,0.030689721135007453,-0.03141676078376382,0.994582034643654,0.0014524014326567222,0.000713922051805562,0.000478129600088537
-0.00928987874823001,0.1162976522583047,-0.480948188759397,-0.033445491620030555,0.03215572713737149,0.04757054230971774,0.01642073097627287,-0.0248949632363921,0.996882018168294,0.0009714532438973252,0.0007046321730573319,0.0005944272523468417
-0.0023405848531971515,0.1912290395867956,-0.5640359724296371,-0.030604855352748286,0.0012114226752916253,0.03535840475867058,0.023316414062584664,-0.02465164662180485,1.0026571688826917,0.00040741727146768804,0.0007022915882041348,0.0007856562919336374
0.038563031474558584,0.1886193913794312,-0.7912818806158827,-0.052194106704460765,-0.00961684863201514,0.02690542956494145,0.018698844266630852,-0.028539502419567906,1.00589358671333,-0.00038386460914819465,0.0007408546196786933,0.0009742756833130685
0.02082257249342845,0.12973961462974837,-0.7249670248165804,-0.04188827765362573,-0.016896910533949042,0.0757506556116004,0.02415759308515918,-0.028668874786050423,0.9861472554189672,-0.001108831633964775,0.0007616771921721218,0.0011040152979428168
0.12026590748294501,0.18303288680047847,-0.8186040115807571,-0.0007614267118551937,-0.044184405026498084,0.01735822588361683,0.023748603175158516,-0.027107365972120108,1.0023192395367817,-0.0019274356455455323,0.0008819430996550668,0.0012870481847432954
0.10485983049764577,0.09541066500786756,-0.7367939502229373,-0.0071502667771045705,-0.020674609345250332,0.028987829307544496,0.01975430327204845,-0.031410344452795835,0.9968772998932642,-0.00266422959576847,0.0009868029301527126,0.0013824588497511631
0.0432505018290547,-0.07271323827133563,-0.44249794578051904,0.031520971927097546,-0.0650643753534516,0.024518142634478234,0.016175805219404656,-0.022784470074441683,0.9973319159371915,-0.0031067275415489885,0.0010300534319817674,0.0013097456114798275
0.08010065531122518,0.08911896955270718,-0.3250540858300491,0.0526860923516478,-0.04236077873722058,0.030933361185134026,0.018168197834056096,-0.031716968064173415,1.0018029703729292,-0.0034317816273790377,0.0011101540872929924,0.0013988645810325347
0.1263514204361479,-0.0097922177472065,-0.024546705582979736,0.0691570152398242,-0.028071919128814394,0.006727946683707646,0.014285347150926407,-0.027173156182153223,1.0093132322459588,-0.003456328332962017,0.0012365055077291404,0.0013890723632853281
0.1374490181661402,-0.07749618473734121,0.15183840017803776,0.07777866897587739,-0.07200524836696401,0.03915233303660798,0.021657408299330067,-0.03216515446967067,0.9961055148402796,-0.0033044899327839793,0.0013739545258952806,0.001311576178547987
-0.004962389005656959,-0.1385057277429425,0.3859459449195464,0.05890980394526847,-0.0747562681469648,-0.025853880281397006,0.00577246015762653,-0.024311754971571654,0.9992034018520884,-0.0029185439878644326,0.0013689921368896236,0.0011730704508050446
0.12523006738126796,-0.17106626063249414,0.4555606247903674,0.0749649745010176,-0.0627817930448782,0.0763903292605221,0.016893941051433926,-0.02940528587587697,0.9917905772824688,-0.002462983363074066,0.0014942222042708916,0.0010020041901725501
-0.04972225301314535,-0.22049566912538324,0.7797803431038947,0.09384332449727802,0.002593287837340532,-0.03133849224784132,0.024301920121243048,-0.01843514050889815,1.0018466358661067,-0.0016832030199701708,0.0014444999512577463,0.0007815085210471671
-0.11702421039255495,-0.25677562430272893,0.8245810833258093,0.01709999060473125,-0.03606773094902373,0.04654105199503367,0.024163396743688937,-0.029260179304072768,0.9961900262943086,-0.0008586219366443614,0.001327475740865191,0.0005247328967444381
0.009188502824458336,-0.2809732072967902,0.8001899416004118,0.0532539222830991,-0.03683899253699726,0.009452982317221683,0.011682309225976708,-0.023800280190180392,1.0075059230433991,-5.8431995043949584e-05,0.0013366642436896496,0.00024375968944764792
-0.15100386862521595,-0.2387496985205485,0.7580931492542526,0.008733001920636998,0.0061345995754668505,-0.011961975273855044,0.022636800132446174,-0.03149808449910794,1.0014126000712,0.0006996611542103031,0.0011856603750644336,5.009990927099417e-06
-0.061363113475672845,-0.2583536067176953,0.5949671588774603,0.04491304411970004,-0.04408073097672315,-0.0004250552189162104,0.01399514342681408,-0.02973958573156736,0.9981798733705683,0.0012946283130877635,0.0011242972615887606,-0.0002533436157905959
-0.18581308966917853,-0.23147569431059803,0.36514475647329037,0.017859051571190367,0.002210405415305503,-0.006128566605044633,0.017787443631592147,-0.028270699052511613,0.9981994298426383,0.0016597730695610538,0.0009384841719195821,-0.0004848193101011939
-0.18668484787123169,-0.11566916622700864,0.214379270397154,0.003192438931931144,0.05921787185050757,0.0157040947429139,0.02348600158703415,-0.02615991817739711,1.001388982021689,0.0018741523399582079,0.0007517993240483503,-0.0006004884763282026
-0.24444910320669413,-0.023554847111518736,-0.024917175694990055,-0.041300161074156724,0.01967511605372754,0.0014705648516444795,0.014756911321790106,-0.03150499244726418,1.0030050644173432,0.001849235164263218,0.0005073502208416562,-0.0006240433234397214
-0.1294421904176624,-0.041188644038506014,-0.17590431623492175,-0.02754547040395357,0.03921560749482587,0.037177110279626495,0.026742912749391872,-0.030481407196525503,0.9936893484763606,0.0016733308480282962,0.00037790803042399377,-0.0006652319674782274
-0.13181351875867367,0.0311919517082958,-0.3764236351372249,-0.030207073933321997,0.053486997361155524,0.032032254004135875,0.0208676627204372,-0.027035267581942933,0.9987741871407698,0.001296907212891071,0.00024609451166532017,-0.0006340400157699316
-0.20299676369621455,0.042152378264638274,-0.4828770357065417,-0.0860524712058626,0.054063507182745635,0.01200778356363349,0.02187074453426946,-0.02534174239530356,0.9994873127356219,0.0008140301771845294,4.309774796910557e-05,-0.0005918876375052934
-0.15712338612074647,0.11188781084204003,-0.5194705850957344,-0.032692664036056515,0.03549902815820842,0.04134904033674754,0.02491664430057544,-0.027369606054869045,1.000542225129176,0.0002945595920887949,-0.00011402563815164091,-0.0004799998266632533
-0.09773744498474954,0.15437020950631034,-0.5020789427532273,-0.01678674151973206,0.05264379157529279,0.03854586879794074,0.02395544366335789,-0.02793738213836161,1.0059957466558251,-0.00020751935066443242,-0.00021176308313639047,-0.000325629617156943
-0.11889596749769879,0.2846027429886469,-0.3923667786804592,-0.047837659062850174,0.06410806054184529,0.01281784126830919,0.02349098940134346,-0.033528649828063806,0.9923214979640615,-0.0005998861293448916,-0.0003306590506340892,-4.102687416829604e-05
0.0007138720600826792,0.17082177049633274,-0.20820497613109615,0.004032726857939836,0.005752652759677816,0.012332895861455527,0.016157181014321557,-0.024240638126244076,1.0042110402400397,-0.0008080911054759877,-0.0003299451785740066,0.00012979489632803672
-0.029058402641897966,0.26659598922150834,-0.09336148009434322,0.006557496055866594,0.007960216798632996,0.023194092966223802,0.013861454697196827,-0.022378419685205472,1.0012353933613536,-0.000901452585570331,-0.00035900358121590455,0.0003963908855495451
-0.00918760830997939,0.21266717449744257,0.06369258585773654,0.04467046308676677,0.005657922670209724,0.025843561036643738,0.017974168566687206,-0.021636232180097283,0.9969061461298793,-0.0008377599997125944,-0.00036819118952588395,0.0006090580600469877
-0.019840750255282383,0.2185664702738722,0.31581638024884906,0.020067447102800937,0.011929775333489066,-0.007903116605716161,0.021726314273803067,-0.02554034065349949,1.003408055449075,-0.0005219436194637454,-0.00038803193978116635,0.0008276245303208599
0.029430396810499894,0.19949621971505968,0.39933778729560954,0.04095903471897579,-0.010576058745364013,0.005130911183174764,0.01289426544314622,-0.029155816774587427,0.9974422053850681,-0.00012260583216813583,-0.00035860154297066637,0.0010271207500359195
0.14815115763133743,0.0924297974837797,0.5150173882504865,0.05026260756843589,-0.021748114955843497,0.0028873672552312563,0.022203679486820563,-0.027595559207811482,0.9902769250626208,0.00039241155608235075,-0.00021045038533932896,0.0011195505475196993
0.15884595789565253,0.09076346833873525,0.4806276413798274,-0.010325795310015495,-0.056490583203615795,0.0007649336204257878,0.021128169716428107,-0.025061988081741864,0.9821502710410447,0.0008730391974621782,-5.160442744367642e-05,0.0012103140158584347
0.20615658330919157,0.055745990418479885,0.4090313549473742,0.037168833690177136,-0.052442943113545394,-0.01918894571985872,0.01831244168695653,-0.02577341006877452,0.9932176438068605,0.0012820705524095525,0.00015455215586551518,0.0012660600062769144
0.15621983792273514,-0.0027059544891213094,0.2372460227827805,0.04047292179960261,-0.027968257713093067,-0.044906439894868776,0.019493996915898284,-0.029751022300073048,0.9965588772646885,0.0015193165751923327,0.0003107719937882503,0.0012633540517877932
0.1124582322479061,-0.13600719383438759,0.0963466246261114,-0.01752500802806744,-0.0418267943865773,-0.00548767294116659,0.019476077951490575,-0.03378173901597276,1.0001180895648947,0.0016156631998184444,0.00042323022603615634,0.0011273468579534056
0.16321420989033505,-0.2246419960223202,-0.09484590742987914,0.030932045956615136,-0.035884471304225944,-0.020922886134707233,0.021321978487322646,-0.027992283018869867,1.0022256472035747,0.001520817292388565,0.0005864444359264915,0.0009027048619310853
0.2703440735452397,-0.15535783038406992,-0.2572441003486874,0.004853785905172815,-0.025756748052286536,0.0014399923505051763,0.022808636328444667,-0.026442318659735883,0.9979281395722129,0.0012635731920398775,0.0008567885094717311,0.0007473470315470152
0.11581903138510463,-0.14275425913520254,-0.4797355558466203,-0.010679340770838097,0.028504559393659694,-0.011347887880948074,0.033395597392610846,-0.02335504181728419,0.9921468859752095,0.0007838376361932574,0.0009726075408568358,0.0006045927724118126
0.13606946653076546,-0.22824677366628515,-0.692878293668034,-0.013239063973475247,-0.020877060704628046,-0.00013458787095309115,0.019844950723133588,-0.02679155266498622,0.9972735506054987,9.095934252522331e-05,0.0011086770073876014,0.0003763459987455275
-0.0006218827052056203,-0.11050550456253225,-0.8915293787605789,-0.05004891350562296,0.024891998214763615,0.00832521144208807,0.015739382059500574,-0.02584234446894342,0.9980632424927116,-0.0008005700362353557,0.0011080551246823959,0.0002658404941829953
0.05564412709611896,-0.19647950017122365,-0.7929821015831018,-0.052827822972107016,0.03161280668108166,0.005332309603580733,0.009388638815746798,-0.023867851855359487,1.0078205044388326,-0.0015935521378184576,0.0011636992517785147,6.936099401177162e-05
0.027705799709908135,0.035068069953467756,-0.7499923514185564,-0.04500403035393813,0.02911477463489417,0.02780621807492692,0.01183862907648096,-0.016433081736660693,1.0018948441971889,-0.0023435444892370137,0.001191405051488423,0.00010442906396523938
0.028838810020096625,0.03119199856575055,-0.6479551700316171,-0.06584145999943529,0.0027624518852509628,0.024215126389471514,0.015049734960534791,-0.024938102856096912,0.9908059421213303,-0.002991499659268631,0.0012202438615085197,0.00013562106253098996
-0.032985770669183276,0.01606134129839456,-0.5727747119597284,-0.1040721231703914,0.027608803877088497,0.0587601153031251,0.022241179169097906,-0.03168888624836087,0.9974904274503922,-0.0035642743712283593,0.0011872580908393366,0.00015168240382938453
-0.11739349260592186,0.09923715976070957,-0.2664295148075672,-0.06189497426960637,0.02030216646728909,0.025773016377147052,0.01677625818360153,-0.027206752250954872,1.0025251572867564,-0.0038307038860359265,0.0010698645982334144,0.0002509195635900941
-0.10314149220520585,0.13635142260089952,-0.042575160423278816,-0.053073367355614506,0.06947278418293375,0.030497780501492565,0.020740180117278642,-0.014582236306590233,0.9991245192000041,-0.0038732790464592057,0.0009667231060282087,0.00038727098619099356
-0.10179488185673974,0.16730469910271514,0.20890353015086086,-0.023988671194576944,0.036168061325554376,0.0382958937848476,0.015001460861743763,-0.016289006614389732,0.990877150568435,-0.003664375516308345,0.000864928224171469,0.0005545756852937087
-0.15193313365315683,0.15532707223042327,0.3890276652005226,-0.033537854270890885,0.020180688980800606,0.06691865223870018,0.020893356286244363,-0.018598482869002977,1.0030643457265962,-0.003275347851107822,0.000712995090518312,0.0007099027575241321
-0.15229035735149657,0.18847229811413657,0.6046947266640235,-0.028951373791572175,0.054519569499350266,0.008079185471973406,0.0229319265727172,-0.019625138468959566,1.0007656484428773,-0.002670653124443799,0.0005607047331668154,0.0008983750556382686
-0.0670968618459262,0.06552780368134674,0.8303009661068169,-0.01081535617264076,0.0043425623418628,-0.014844944005577907,0.01651178108182641,-0.01940363043606746,0.9981390961605145,-0.0018403521583369817,0.0004936078713208892,0.0009639028593196153
-0.13555756791748808,0.08400745774733447,0.887864380092078,0.055168117813516666,0.013618087256592002,-0.022101028857103903,0.020649959626098925,-0.023998381005536803,0.9948677457303242,-0.0009524877782449035,0.0003580503034034012,0.0010479103170669497
-0.07383762399233204,0.1277978554310794,0.7978439509739982,0.04811420966390846,0.006970691147290662,-0.02050870608520182,0.016224541330610735,-0.018301577037722363,1.0039414129695639,-0.0001546438272709053,0.00028421267941106907,0.0011757081724980292
-0.0840688374943484,-0.02217460445376674,0.7260950609297594,0.08347758146442998,-0.010066257623565604,-0.021989565188134802,0.012217984389787214,-0.017940952104043038,0.9897797178080601,0.000571451233658854,0.0002001438419167207,0.0011535335680442624
-0.11003078193678906,-0.049971050901322506,0.4719765458131835,0.09612063866688422,-0.028740367274172673,0.03401385359675508,0.021095877851773828,-0.018083065745785425,0.991052972414288,0.0010434277794720375,9.011305997993163e-05,0.00110356251714294
-0.043261700619279655,-0.16127795987045485,0.43931127475805176,0.05609243150106261,-0.018522472727487856,0.006591792191117591,0.020340470999289335,-0.025131368014051574,0.9951246164867512,0.0014827390542300894,4.685135936065198e-05,0.0009422845572724851
0.012526623117623724,-0.06588536980181485,0.20576663698239608,0.05564418364940693,-0.055042814505953774,-0.017166387131995677,0.0211926318748574,-0.023594032961139884,1.0002840746252135,0.0016885056912124856,5.93779824782757e-05,0.0008763991874706704
0.10616828667122373,-0.19289673771087212,-0.025272471120251525,0.0661022571816117,-0.025381351302734986,0.030347724993122133,0.022950893491310687,-0.025010996634302958,0.9919263064919098,0.0016632332200922342,0.00016554626914949946,0.0006835024497597983
0.01640322805964701,-0.2928713137980711,-0.2588210673426068,0.07343191291668953,-0.05617706494897992,-0.013004568087065302,0.01687635977342886,-0.016648646271909866,0.9959967086928793,0.0014044121527496272,0.00018194949720914646,0.0003906311359617272
0.07071165265879464,-0.19935290546213635,-0.37554166430915714,0.022113720870561092,-0.02414425079768839,-0.001873164582216126,0.01719111856662767,-0.019948288623437022,0.9969868629884848,0.00102887048844047,0.0002526611498679411,0.00019127823049959082
0.13490372994512467,-0.29759133476739635,-0.40145351777887706,0.045640937212520896,-0.027708039995342253,0.00442014322576398,0.016588193699369185,-0.019333311589373074,1.0003826278636654,0.000627416970661593,0.0003875648798130658,-0.00010631310426780555
0.16417387846439999,-0.19938353324061647,-0.4772559301452949,0.0294831988797885,-0.032841628944964334,0.04146574542583505,0.01968407946830362,-0.01824572955008287,0.9972554997013897,0.0001501610405162981,0.0005517387582774659,-0.000305696637508422
0.08326975659642635,-0.15087423882400408,-0.3320771622613323,-0.01664052423453451,-0.038515425593524194,0.025445782709334244,0.017208225103226667,-0.028012663591883216,0.9972467461262352,-0.00018191612174503426,0.0006350085148738921,-0.00045657087633242617
0.10619759405745158,-0.05924813214220431,-0.3161924213127465,-0.030690842954910626,-0.005596291077974173,0.06109336187183043,0.018475148982997593,-0.01637170225727445,0.9950552922574132,-0.0004981085430577807,0.0007412061089313437,-0.0005158190084746304
0.15793486696133174,-0.08618237464454838,-0.2509621554710695,-0.012882376701947884,-0.0057024657978598375,0.041438963168010545,0.014185273847200964,-0.02331331852858833,1.004001489312196,-0.0007490706985288503,0.0008991409758926754,-0.0006020013831191788
0.11698550130086836,-0.031741849112986026,-0.0563116359770998,0.009585715107367897,-0.07003434686219295,0.05020483521642754,0.012592727762940879,-0.0226861690492533,1.0018268391745142,-0.0008053823345059501,0.0010161264771935438,-0.0006337432322321649
0.12154821170508383,-0.06244325046176112,0.10594616897746514,-0.04439645842597436,-0.01036398745039736,-0.0075883806713551525,0.013128580645919598,-0.02444186204766036,1.0016185434750686,-0.0006994361655284849,0.0011376746888986276,-0.000696186482693926
0.10313096040363282,0.07249337733867378,0.3365251252064362,-0.03464205916279652,0.020694150847541167,-0.01086221831341059,0.019695981330003363,-0.0196896204389956,0.9945806759311969,-0.0003629110403220487,0.0012408056493022604,-0.0006236931053552521
0.04575853639619297,0.11705524825165542,0.4707807464485417,-0.05209040220841046,0.033261698487766285,-0.017677742206773935,0.017338835368639782,-0.020249655217957244,0.9958787545820759,0.000107869706126493,0.0012865641856984534,-0.0005066378571035967
-0.0049140262201383044,0.18795828574329967,0.563472932248831,-0.03024847891270886,0.0506188702139299,-0.0016011193982957434,0.015024880670826347,-0.026696211296666474,1.0007944842425303,0.0006713426383753241,0.001281650159478315,-0.0003186795713602971
-0.07552380117849807,0.20564436367062294,0.47228592569423206,-0.03922586108353281,0.0742556802665359,-0.03293859419361566,0.020747992109048832,-0.028511337396637672,0.9954453559571058,0.001143628564069556,0.001206126358299817,-0.00011303520768967419
-0.08877453976668565,0.28390321692005754,0.4457372413528247,-0.021162497392563994,0.05946228818223702,0.013917085391470243,0.02465849065371127,-0.020402722001858414,0.9937204616662757,0.0015893658054223808,0.0011173518185331314,0.00017086800923038338
-0.1167359945490615,0.22408601191123917,0.3582689519243721,0.0452390163210065,0.007932668755836295,-0.02239340147878697,0.014832850381244413,-0.015144275008363751,0.9997664667224887,0.001947634757346753,0.0010006158239840698,0.00039495402114162256
-0.08100579120170831,0.25792158789645664,0.19641572645320482,0.011058192779417652,0.052846485183393,-0.011697857990119935,0.011823417782562497,-0.015450174920222947,0.9917531771429728,0.0021440504837999578,0.0009196100327823613,0.0006528756090380792
-0.15084730084428793,0.20244688684382034,-0.13722043321389193,-0.010407024933541552,0.06996493917790526,-0.036963059175490115,0.021905006962179098,-0.013857268694779244,0.9972148756144061,0.0020068300505860655,0.0007687627319380735,0.0008553224958818995
-0.16721992872102287,0.13871860234728262,-0.2674852139932009,0.04392808763366383,0.042361885574708685,-0.010908521057533043,0.017191846385387333,-0.01967170409964911,1.0026924580800634,0.0017393448365928645,0.0006015428032170506,0.0009940410982291821
-0.23139470933524367,0.08527830904823086,-0.5525420612573556,0.061161757139688036,0.036782316201434524,-0.06406929979462732,0.016132461234943652,-0.02027329778924439,0.9989263595843817,0.001186802775335509,0.00037014809388180694,0.0010793194072774132
-0.13265961695661355,0.0745411825959667,-0.6908447984986124,0.056184404341643165,0.01399714516476501,-0.02034306917438273,0.022072077174815997,-0.01888165026731722,0.9929330088562806,0.0004959579768368964,0.00023748847692519338,0.0011538605898733798
-0.21800267449704763,0.07173079258445905,-0.8336633945717131,0.03938818541639325,0.03318205326123699,-0.001585942880383523,0.015603881564213821,-0.014125016395594136,1.000500118031724,-0.0003377054177348167,1.948580242814574e-05,0.0012255913824578389
-0.18279374582237284,-0.07681313234989831,-0.8439633706364879,0.02083567558870143,-0.0028000730690876316,0.009615485162117922,0.018834550064880426,-0.009905024650266683,0.9951000283674855,-0.0011816687883713045,-0.00016330794339422712,0.0011487782501079405
-0.08927243688593138,-0.08578676779079643,-0.8490117547755146,0.013774327514022916,0.0065459737563824975,0.0020613571934751176,0.017582534535018186,-0.020089958456423862,1.002301064803079,-0.0020306805431468187,-0.0002525803802801585,0.001062991482317144
-0.08215016086005593,-0.10019668464329275,-0.7300987038962637,0.016954090714019772,-0.0053782816395048175,-0.015176254251233397,0.032935013940169414,-0.018936879693025092,1.0005861602619126,-0.002760779247043083,-0.0003347305411402145,0.0009627947976738513
-0.13017559301834197,-0.1451897954547574,-0.5463165180757166,-4.109503208258236e-05,-0.020056479633656657,0.04916161357868374,0.01597169254102155,-0.017272548358489525,0.9962720750468315,-0.0033070957651187994,-0.0004649061341585564,0.0008176050022190939
-0.10493695335204628,-0.2330878226585663,-0.27118170049713336,-0.01892467311377317,-0.016793131932843507,0.029444983215264384,0.021257225196270036,-0.018572176001675034,0.9942253719050602,-0.0035782774656159333,-0.0005698430875106027,0.0005845171795605275
-0.02651724464602294,-0.12372824042423872,-0.0364088508333097,0.0010014221273988947,-0.025629997023415355,0.03733613434675698,0.015249186674285488,-0.019967716725670895,0.9936952130029353,-0.003614686316449243,-0.0005963603321566255,0.0004607889391362888
-0.004753130730657827,-0.19542579290814824,0.13724273687244615,-0.019744120500483523,-0.0050122122163589276,0.09131097073919925,0.018681367523894807,-0.017510480718878375,1.0108565319112828,-0.0034774435795767965,-0.0006011134628872834,0.0002653631462281406
-0.007773430572872941,-0.16384872671579953,0.5692017990111629,-0.025867402297076503,-0.015626397898456542,0.049438168475299554,0.015379286801364349,-0.020653046559680185,0.9864176123765662,-0.0029082417805656336,-0.0006088868934601564,0.00010151441951234109
0.06046070777238477,-0.11581655795830245,0.6081426462172024,-0.07716861493836656,-0.004824612386460151,0.034825751050389514,0.020263586590754487,-0.012888947403612185,0.989039168123931,-0.002300099134348431,-0.0005484261856877716,-1.4302138445961372e-05
-1.1435999115461115e-05,-0.018930079030797926,0.6966680985719087,-0.08633796131505121,-0.03549762652294133,0.02871755458828036,0.015734922724837622,-0.008964218041998406,1.00331874511137,-0.0016034310357765228,-0.000548437621686887,-3.3232217476759294e-05
0.19384535838201625,-0.01048961436821963,0.8402349394709522,-0.06865459122663363,-0.029898876365417704,0.046177809510218215,0.01865692000250338,-0.017569482578269287,1.002205002346164,-0.0007631960963055706,-0.00035459226330487084,-4.372183184497892e-05
0.2103221083420163,0.01014960098743356,0.7935173748881199,-0.05967924851328956,-0.004304004066485207,0.008404662426483992,0.01228490799738526,-0.007650232733277296,0.9995388827636503,3.0321278582549407e-05,-0.0001442701549628545,-3.3572230857545364e-05
0.24859598462390553,0.1292646266629238,0.6653953956290175,-0.05988453984985821,0.01763592954442171,0.025963156883400555,0.012006527363827778,-0.01632069972400785,0.9877425984579693,0.000695716674211567,0.00010432582966105103,9.569239580537844e-05
0.20443461553402137,0.1361855315614702,0.5699928939471475,-0.04366000912300668,0.021294165888096423,0.028856080252036016,0.006503563370131733,-0.019083200195989525,1.0003611046914043,0.0012657095681587146,0.0003087604451950724,0.00023187792736684864
0.16425323999619593,0.1855097273964974,0.3280394620591446,-0.004806867999147559,0.002898342587887008,-0.0028434562371455075,0.01766650099622124,-0.01197902900693771,0.9927332276204915,0.0015937490302178595,0.0004730136851912683,0.00041738765476334605
0.2211894988190285,0.11646141201172673,0.13163397496873286,-0.02434592718827593,0.039511249446267625,0.012457745053851622,0.012515474223170868,-0.01984600869879377,0.997101695097532,0.001725383005186592,0.0006942031840102968,0.0005338490667750729
0.12427041135321065,0.1322222615366928,0.0016087805927495619,0.014025813428267952,0.015595146108545357,-0.01268907385364085,0.02666024382491764,-0.011919146190780043,0.9995942205103872,0.0017269917857793415,0.0008184735953635074,0.0006660713283117656
0.07207895201256248,0.1436282267795359,-0.2459158662994757,0.026227619424356502,0.04382500394371122,-0.0265614640097891,0.013242862933008005,-0.013582767143505021,1.0000565672560957,0.0014810759194798658,0.0008905525473760699,0.0008096995550913016
0.09823888184618827,0.006459464710082213,-0.36456463477409357,0.03466758899174904,0.03601938794163821,-0.04502889777371825,0.021757566621756808,-0.016683869150032036,0.9942337193507178,0.0011165112847057721,0.0009887914292222581,0.0008161590198013838
0.09260062859843289,-0.012300253676766803,-0.4994877223257909,0.06264619273806915,0.02341577587150161,-0.002770516737586052,0.021167859017049182,-0.017025250652117824,1.003875097448326,0.0006170235623799811,0.0010813920578206912,0.0008038587661246169
0.0033446572316583115,0.009801053470894931,-0.4853507965864689,0.04352972437524038,0.012612702348704376,0.0030892924146612042,0.014135844229499787,-0.01865451883897054,1.001477992970775,0.00013167276579351223,0.0010847367150523494,0.0008136598195955119
-0.04055579774530729,-0.09021005970631009,-0.47943696860927276,0.047032143158893286,0.019433079159457477,0.023607812724120457,0.011601488031577305,-0.008944702888478474,0.9925755239254836,-0.0003477642028157606,0.0010441809173070422,0.0007234497598892017
-0.04308748434347387,-0.15033406020037088,-0.3755348948382021,0.078207862221079,0.010260104219866154,0.029135314038132715,0.01453036308811236,-0.015027979886027509,0.9949399817508293,-0.0007232990976539627,0.0010010934329635682,0.0005731156996888309
-0.03349053051893572,-0.19049864443055126,-0.20790148297477595,0.03540932071142603,-0.021632489401125297,0.060085445019739836,0.020796365014922068,-0.012169570614201744,0.9935078054162132,-0.0009312005806287386,0.0009676029024446325,0.00038261705525827953
-0.08331325199251825,-0.16721373076914628,-0.047830814708926736,0.0727007603267298,0.001466503338742402,0.013487677975402698,0.026466771187129534,-0.013591658573415122,0.9969500249562677,-0.0009790313953376652,0.0008842896504521142,0.00021540332448913326
0.02590129122177283,-0.24591078205964828,0.20692221756373702,0.030396116107878318,0.002713371088315454,0.036974263026022705,0.008782034077898524,-0.014407809233783358,1.0003708625228827,-0.0007721091777739283,0.0009101909416738872,-3.0507457570515014e-05
-0.11415447596532763,-0.2487186096171805,0.34071655264939815,0.07077636644241439,-0.01241565540189082,0.018693097449972697,0.014943865898409292,-0.011525617421903413,0.9879330393830345,-0.0004313926251245301,0.0007960364657085596,-0.0002792260671876955
-0.07916478677926042,-0.24147589031559624,0.3234971967875355,0.017909057181270102,-0.03131425542347599,0.05114686413260499,0.011765555543061404,-0.010407527561863156,0.98722699686356,-0.0001078954283369945,0.0007168716789292991,-0.0005207019575032918
-0.17928086735666526,-0.28917788821659207,0.5677253535108661,0.039397568785434864,-0.052866982416284354,0.011526667326968885,0.012894672270782582,-0.012084601320810578,0.9929486053401768,0.00045982992517387163,0.0005375908115726338,-0.0008098798457198839
-0.07794286504932889,-0.15162885493011907,0.5128960724761924,-0.009130649875552527,-0.04539029817551345,0.04343377472225133,0.02315211278154657,-0.01353094283904366,1.0038332414187685,0.0009727259976500639,0.0004596479465233049,-0.000961508700650003
-0.11241827579323711,-0.16074824634231424,0.4648254548704364,-0.023846395869780157,-0.052252529310772816,0.0034918387532546034,0.010683883436506888,-0.017828756908345005,0.9982181475002946,0.0014375514525205005,0.0003472296707300678,-0.001122256946992317
-0.07255273083872177,-0.12099935731994603,0.27270843546377455,-0.012927002158872106,-0.046192733987643515,0.02517777167707021,0.0064081149468981635,-0.01522173975766769,1.0048765665199162,0.001710259887984275,0.000274676939891346,-0.0012432563043122632
0.028593696315105013,-0.07899466175015046,0.03272951421510127,-0.03266011091976479,-0.02640717335883349,0.02490527350087801,0.015368039801955266,-0.01354294153497202,0.9961720492622931,0.0017429894021993764,0.00030327063620645103,-0.0013222509660624137
-0.04021788323094189,-0.0052515988333337454,-0.1675778517671983,-0.04438934197022729,-0.041309345791583206,-0.03925219473068898,0.016168054435677655,-0.011740330689907288,0.9927004787316659,0.0015754115504321778,0.0002630527529755091,-0.0013275025648957473
-0.056052058753858144,0.020914749522435633,-0.2431172918906243,-0.051693520950780135,-0.0677627237092875,-0.043107952753063915,0.012076450495636411,-0.02032382206439735,0.9884881155734997,0.0013322942585415538,0.000207000694221651,-0.001306587815373312
-0.02190209880706413,0.12950475207656303,-0.5949222908294086,-0.048154811397520265,-0.005172665141178831,-0.017751313399428675,0.010686147120569294,-0.00833850218313809,0.9926838512194233,0.000737371967712145,0.00018509859541458685,-0.0011770830632967487
0.06426771936224161,0.1962160364918178,-0.7463041569992196,0.013752256597358598,-0.0021757285884274388,-0.023842017808406904,0.014805193477278638,-0.009637574100870164,0.9936879982655458,-8.932189287074621e-06,0.00024936631477682846,-0.000980867026804931
0.0837982973957555,0.29025963187889264,-0.8023815569820442,-0.057184612419893276,0.004513981973238513,-0.03347516064599481,0.0071639835234479825,-0.01395964585453879,0.984621710633438,-0.0008113137462691189,0.000333164612172584,-0.0006906073949260383
0.09944085668243328,0.25367697006444145,-0.8791271328350271,-0.036043709799030446,-0.010379162833605326,-0.03545748616683874,0.015931791355429575,-0.015437940263506606,0.9925009818981305,-0.001690440879104146,0.0004326054688550173,-0.00043693042486159684
0.04879418267466447,0.25587689192924556,-0.7486847564339968,0.024152959744216468,0.0073796089934035376,-0.03849250568544286,0.011993295932924811,-0.014096074486245305,0.9924155082999015,-0.0024391256355381433,0.00048139965152968174,-0.00018105353293235127
0.2068832549259782,0.2811377768446576,-0.6300758252007161,0.03506807059807587,0.019368843990875503,-0.007706101338607824,0.020575260870084797,-0.017087383547426664,0.9967317544061299,-0.003069201460738859,0.00068828290645566,0.00010008424391230635
0.18003864592675245,0.05588146598122451,-0.46126901204675164,0.005702973649545564,0.02986979769843822,-0.024586904730665757,0.015140130011002784,-0.01197142225125726,0.9963702325958869,-0.003530470472785611,0.0008683215523824124,0.00015596570989353088
0.11081495960160839,0.15937549322756397,-0.2844275163615297,-0.002065366721214968,0.037415131963259574,0.012296593287759857,0.012688003929595614,-0.010977803715746227,0.9981388089498007,-0.0038148979891471403,0.0009791365119840207,0.00031534120312109483
0.020388037346679086,0.10334220811133261,0.006013474307231837,0.06414923715312673,0.026782976196491875,0.004169706149406157,0.012213626166971345,-0.005293315498720173,0.9883826892991917,-0.0038088845148399083,0.0009995245493306998,0.00041868341123242744
0.14275807753171665,0.0714705703645507,0.32438610488334735,0.019802631848959508,0.09404302720157263,0.017425150635959896,0.003599779708483117,-0.007319210891758582,0.9907783556851011,-0.003484498409956561,0.0011422826268624165,0.0004901539815969782
0.09654935942430441,-0.1029069155297131,0.4025392340180563,0.028986727278558246,0.07905740734100349,0.05912508221528249,0.012553503343789381,-0.003259889421954443,1.0010401310144785,-0.0030819591759385047,0.0012388319862867208,0.000387247066067265
0.019403383082354758,-0.0951254559686424,0.7009024352877707,0.03486938975697255,0.05014919408031004,0.06082370426724813,0.012063019470601549,-0.008738972623166714,0.9950719066642507,-0.0023810567406507338,0.0012582353693690756,0.0002921216100986226
0.037653803577483165,-0.15105531279452644,0.8056838379142401,0.002048584081641612,0.03742004004956611,0.02617714787415651,0.013241013108690242,-0.013659960744492085,1.0005584595138537,-0.0015753729027364934,0.0012958891729465587,0.00014106629730409616
-0.07344306044603989,-0.19527995442683171,0.8102100422822304,0.029596763580474545,0.06644068975409183,0.0301819853888732,0.011936599718915062,-0.0002050153542541601,0.9955740662304339,-0.0007651628604542632,0.0012224461125005187,-5.421365712273557e-05
-0.1275369521756315,-0.04394667230859439,0.7939881118589974,-0.0029313762137513537,0.05305792215911042,0.06180554082515755,0.019933285570305763,-0.010305125054160055,0.9971720541852019,2.8825251404734242e-05,0.0010949091603248873,-9.816032943132996e-05
-0.10663135006643748,-0.17641745112890472,0.7037997705961125,-0.03645618712156801,-0.004100756724741758,0.013457844352301214,0.011350246634123515,-0.01624408579630475,0.9988355015908007,0.0007326250220008468,0.0009882778102584498,-0.0002745777805602347
-0.21212647115148286,-0.09394538704751024,0.4855562016486069,-0.05001125693144066,0.005819638621714314,0.06480884525385158,0.008378003794944317,-0.00721804137452383,0.9933652725496837,0.0012181812236494536,0.000776151339106967,-0.00036852316760774495
-0.21355744926149123,-0.078029660865956,0.2586206655327368,-0.022196748008642707,-0.011962049825356057,0.03035915561710968,0.004176122487461435,-0.01607196449600978,0.9927674885887845,0.0014768018891821904,0.0005625938898454756,-0.0004465528284737009
-0.15308498615272653,-0.14078855201419177,0.1607443422003194,-0.06531422275824786,-0.021681742495721284,0.0071146415006022295,0.010171738275642349,-0.008348887276810976,0.9926583586147113,0.0016375462313825099,0.00040950890369274916,-0.0005873413804878927
-0.17563597635736128,-0.05615182621182234,-0.14736495122846435,-0.055726636660459516,-0.025920999038133847,0.009836202576293338,0.007067325848583278,-0.010105037947266365,0.9956233915077534,0.0014901812801540455,0.00023387292733538785,-0.000643493206699715
-0.25122622444485876,0.016138654941123896,-0.321710207429827,-0.07247443057124404,-0.028624985659803096,0.028538957819643475,0.0057135780356290244,-0.004912728177337983,0.9988388774903663,0.0011684710727242185,-1.735329710947092e-05,-0.0006273545517585912
-0.19971383799690795,0.0757429023567194,-0.42987909304518646,-0.107200612695981,-0.02475988555124443,-0.04813609966068984,0.010544622639918197,-0.0025659377612867237,0.9938892690076142,0.000738591979679032,-0.00021706713510637887,-0.0005516116494018717
-0.22809150889762403,0.11187040875619471,-0.46799992679154195,-0.0524976119134651,-0.024397819045718888,0.010242923629858148,0.017694541549404953,-0.008759716797289752,1.001652043274567,0.00027059205288749007,-0.0004451586440040029,-0.000439741240645677
-0.16759418983219665,0.20782764401343887,-0.5128915637466838,-0.03701367589939862,0.0025236725260845425,0.011278779273841062,0.01657747598804461,-0.008918661675142901,1.0045788187530282,-0.0002422995108591937,-0.0006127528338361996,-0.00023191359663223815
-0.14500185971366292,0.18817766396396438,-0.4672750927289075,-0.008982588216369963,-0.03787314347708373,-0.018776682643493962,0.005391163387670611,-0.002949108806458718,0.9913920531128885,-0.0007095746035881012,-0.0007577546935498625,-4.373593266827375e-05
-0.03918786507873392,0.18229712436806875,-0.2780945645181618,-0.06829295292668247,0.0037785913756724393,-0.011061040612082353,0.011882885401250732,-0.010375418669986147,1.0016802700532206,-0.0009876691681062631,-0.0007969425586285965,0.000138561191699795
-0.0557150911639593,0.18818943270902344,-0.1841385418334493,-0.07604769061212585,-0.029668011731965566,-0.0020391703356583326,0.013712992227760958,-0.00602079507837197,0.9956019640241828,-0.0011718077099397125,-0.0008526576497925559,0.00032675062440881843
-0.021267215485355602,0.18349434208469034,-0.03105351964331458,0.017985273001376215,0.004645506233252458,0.016348716868254714,0.014418143881614992,-0.003437079869640807,0.9975483433193666,-0.001202861229583027,-0.0008739248652779114,0.0005102449664935088
0.010731694658790116,0.05764887772461834,0.1976014233565477,0.010755293487397167,0.028960634846627017,-0.005583152507146652,0.01940994140863462,-0.009898776406247266,0.994927872802529,-0.0010052598062264793,-0.0008631931706191212,0.000567893844218127
-0.01274916548004136,-0.03149135065960096,0.33318294141545296,0.009952166312140026,0.027185270988199534,0.016159742343157854,0.005439728653523797,-0.007250104227808498,1.0016457986413063,-0.0006720768648110264,-0.0008759423360991626,0.000536402493558526
0.09660978486523458,-0.03882421149076152,0.44066815970298373,0.053729404630162264,0.01616184894046033,0.021203921067922314,0.006755034660803522,-0.00504331589332157,0.9972395477873987,-0.00023140870510804254,-0.0007793325512339281,0.0004975782820677646
0.15374977440442233,-0.12929993052479327,0.5117438252803199,0.05198299406951558,0.033356396049919336,0.042116407885338755,0.007766724696729677,0.001304991918163488,0.9937164126594269,0.00028033512017227745,-0.0006255827768295057,0.0003682783515429713
0.16694760394119673,-0.16548325778100248,0.4719281504424648,0.04061351794569728,0.06397367104964652,0.08537972218843637,0.012806706611314559,-0.011196697476544847,0.9933199640547765,0.0007522632706147423,-0.000458635172888309,0.00020279509376196884
0.20625428616034802,-0.16464291590586813,0.43809968295859,0.06515047121208972,0.020188979746369563,0.018118235876844933,-0.0027395758714206936,-0.00569583843568109,0.9893523881136416,0.0011903629535733324,-0.00025238088672796093,3.815217785610068e-05
0.21923403807124509,-0.23464818936930754,0.19536263096292317,0.07435597556293627,0.042147700738878593,0.03271840137223751,0.00962062475515126,0.0020184320512080757,0.9924523196973324,0.0013857255845362553,-3.3146848656715856e-05,-0.0001964960115132069
0.2892679469927021,-0.20710549445279516,0.13445661530754946,0.05866587203173248,0.04662982507967135,0.011769807040833122,0.0017458661854443773,0.0003061450695860295,1.0013633606699512,0.0015201821998438048,0.0002561210983359862,-0.0004036015059660021
0.1315364293468684,-0.2360933958819256,-0.1748360624663964,0.047543278844085796,0.013964102283826078,0.010870999262444768,0.010539652172929535,-0.0057286326348572,1.000627899917631,0.0013453461373774084,0.0003876575276828547,-0.0006396949018479276
0.18219750192425116,-0.2305244225594318,-0.42233140037974054,0.038974507004641445,0.04901936641372527,-0.008858153799974207,0.020794721560669246,-0.0045074442087568905,0.9919634556670648,0.0009230147369976678,0.0005698550296071059,-0.0008702193244073596
0.168631968131452,-0.2866696561910228,-0.5781620962618388,-0.018948869585806292,0.04698075108183304,-0.026883058881830027,0.01484197131271876,-0.001653692066957493,0.9896245194690548,0.000344852640735829,0.0007384869977385579,-0.0011568889805983825
0.11358816192398355,-0.2349675446685603,-0.7116799170560373,-0.0016532598858508877,0.017738692320775316,0.01830538817688275,0.004098018185178079,-0.0013500660732824127,0.999823970861509,-0.0003668272763202083,0.0008520751596625414,-0.0013918565252669427
0.0704183810750186,-0.23561446807143027,-0.8241681152745689,-0.010452082695506806,0.007844082908685135,-0.006618422789701489,0.008027814197142297,0.0033402209176995466,0.9971610669799504,-0.001190995391594777,0.0009224935407375601,-0.0016274709933383731
0.09071432409525787,-0.06487619425754847,-0.8587384844245521,-0.03547876669497185,-0.05825846474235739,-0.018793769145637504,0.005563488802984118,0.002307126023373794,0.9850852298333611,-0.0020497338760193293,0.0010132078648328181,-0.0016923471875959215
0.05316924959456823,0.06029034666795952,-0.7165273093497347,-0.05431786587012548,-0.05877649972994261,-0.04289708512266597,0.016376281773169014,-0.010061226145531352,1.0093140006570587,-0.0027662611853690646,0.001066377114427386,-0.0016320568409279618
-0.04670575791752432,0.04487119685265443,-0.679733770522861,-0.058934994594765124,-0.041236067665521466,-0.029053097759561775,-0.0012150102768314283,-0.010924548583726235,0.9949232949656096,-0.0034459949558919255,0.001019671356509862,-0.0015871856440753075
-0.11205444921268079,0.11126320129929064,-0.5590640658608887,-0.05225241060528789,-0.05793613280688234,-0.04992671337537007,0.0074881381752206376,-0.0054671106230909415,1.0033228028676962,-0.004005059021752814,0.0009076169072971812,-0.0014759224427760165
-0.07980750412729552,0.13013933107913747,-0.24298157842861856,-0.026492504456596087,-0.03518252124673905,-0.023693712875370816,0.006091378119551307,-0.011810667275854406,0.9956347104657992,-0.004248040600181433,0.0008278094031698856,-0.001345783111696879
-0.1114428859466499,0.18991615851371457,0.117527267802744,-0.00890107562104778,-0.10502498451720038,-0.0101741540510856,0.0035976064507510603,0.004214747411168055,0.9895090565939806,-0.0041305133323786885,0.0007163665172232357,-0.0011558669531831645
-0.07041045938563295,0.2905019319178118,0.22252292613175664,-0.0044543299468759005,-0.03345108846260986,-0.019232232004149565,0.01764542565300912,-0.009626156858966457,0.9956317905389086,-0.003907990406246931,0.0006459560578376028,-0.0008653650212653526
-0.15196117294193623,0.25277177233215475,0.45185534707557434,-0.05122252499373981,-0.044573873608861746,-0.013559077263039185,0.0014106028530536888,-0.0034417625298850184,0.9872723821993749,-0.0034561350591713574,0.0004939948848956665,-0.000612593248933198
-0.12218105887870599,0.27862434500005806,0.6489661439790848,-0.026467339531398834,-0.04480106137537166,0.002376614045205866,0.0031584579059824236,-0.006100923258166894,0.9939289671293965,-0.0028071689151922723,0.0003718138260169605,-0.00033396890393313985
-0.19023876659995742,0.29388356249197944,0.8491789449874888,0.018112619061393116,0.013210099285257008,0.03898338920470011,0.016995538470800233,-0.009479602755955916,0.9890666492011032,-0.001957989970204783,0.00018157505941700304,-4.0085341441160386e-05
-0.1742329718148475,0.2551665623395251,0.7990135421446716,0.042821658073363036,-0.020570749332390687,0.036151251691423046,0.008407583165069168,0.004560543494017599,0.9934327057969515,-0.0011589764280601116,7.342087602155517e-06,0.00021508122089836475
-0.12344750205075944,0.1646856555703087,0.7308284161720368,0.0074588268998306475,-0.03533103405274358,0.007619946112782687,0.007915290272118722,-0.004025938903710519,0.9956426063070597,-0.00042814801188807483,-0.00011610541444860392,0.0003797668764686735
-0.07971662920251486,0.11818327524633998,0.6878468615349334,0.037683017128583365,0.01783681600809161,0.059474053645988824,0.005553073431113495,0.008593968712245232,0.9958277461616692,0.0002596988496468585,-0.00019582204365111875,0.0004979501517150134
-0.08216557418797303,0.041012195573955815,0.5216159180409343,0.015145919287069922,0.0276758989120102,0.058334724410075874,0.008555501377163696,0.006286770361828587,0.9869984522304538,0.0007813147676877929,-0.00027798761783909184,0.0005389623472889693
-0.011632994834073762,0.02671627465867448,0.3305625376469378,0.04320284470730983,0.02691320748464268,0.05075104475864989,0.0063068870875174834,-0.0005550589281539942,0.9910206784098092,0.0011118773053347306,-0.0002896206126731656,0.0005656786219476438
-0.06917379806047023,-0.06662470904893264,0.04406889155021032,0.020707085317144033,0.08624324787840118,0.07664870626475864,0.004665559267603969,-0.010814253271006193,0.9843154070151358,0.001155946196884941,-0.00035879441073363586,0.0004990539128987111
0.02596316212513249,-0.07547069401809801,-0.13994144529212557,0.02935709440913186,0.05024342292809606,0.038485832225313335,0.0012171642828031305,-0.001838111701106923,0.9972427415655006,0.0010160047515928156,-0.00033283124860850337,0.00042358321888061307
0.051237587801809134,-0.07722664656727674,-0.23877974561149343,-0.009684596472418407,0.07081152280193496,0.039010435664201176,0.008310796635636001,0.011493452736031928,0.9950990875161203,0.0007772250059813221,-0.00028159366080669415,0.00034635657231333635
0.015297194751781429,-0.22314170794491284,-0.39980941290491906,-0.03176540071662472,0.05889252436172921,0.031009398070571147,0.005009273699673897,0.0024059897243032375,0.9881570610843773,0.000377415593076403,-0.0002662964660549128,0.0001232148643684235
0.10902540233654323,-0.23756559792761917,-0.4485241861815027,0.04773301194672797,0.077141383539039,0.030049590660478173,0.005533538462880251,-0.0003704536870449525,1.001007069697177,-7.11085931050997e-05,-0.00015727106371836954,-0.00011435073355919569
0.009682914913823781,-0.14655931035586844,-0.4889723783697108,-0.028374188931989328,0.04189090196156616,-0.0005904715521827409,0.011061835746849914,-0.0023901684687834424,0.9962563751894558,-0.0005600809714748106,-0.00014758814880454576,-0.0002609100439150641
0.08247928552177311,-0.09298155344272528,-0.37453927034553247,-0.0018067131280838948,0.02174122708732964,-0.01640948326521846,0.005118970462960583,0.00530409773644094,0.9933431627817946,-0.000934620241820343,-6.510886328277263e-05,-0.00035389159735778943
0.14797532388951903,-0.07871265107730546,-0.2917081826693222,-0.027137932120953848,0.0509230585465893,0.010462695107845582,0.006981784621120824,0.0029176601814745887,0.9914483375422303,-0.0012263284244896653,8.28664606067464e-05,-0.0004326042484350949
0.00031722076122556175,-0.10762038989544051,-0.17245519728703623,-0.09991870666528294,0.03277259056277047,0.006285078536631102,0.015783201290641872,0.002689574060440598,0.9905725321944903,-0.0013987836217767018,8.318368136797198e-05,-0.0005402246383305354
0.117927628926794,0.03403807800941429,0.06151947262218501,-0.06612219706987141,0.033011197226927885,0.012775812034159043,0.00921606061453564,0.007151582922716384,0.9897593267145518,-0.0013372641491545165,0.00020111131029476598,-0.000506186560321121
0.011932727944613593,0.1256494799198528,0.15913501755946866,-0.10112110703950576,-0.005163725396389584,-0.0024515845647302536,0.00448194046969159,0.007083919474402941,0.9995202559088622,-0.0011781291315950482,0.0002130440382393796,-0.0003805370804012683
0.011973302917988236,0.039788903622430136,0.41727750075284886,-0.07851763444929605,0.007191466640795598,-0.03951313747280589,0.0015775335797012313,0.004059023542651649,0.9949675974881802,-0.0007608516308421991,0.00022501734115736778,-0.00034074817677883813
0.07367651726275529,0.08122014192000997,0.495281607964147,-0.10323511640439278,-0.04294962758373421,0.002749159953389743,0.0062824782184161924,-0.005860693599887121,0.9882950147908885,-0.0002655700228780521,0.0002986938584201231,-0.00025952803485882814
-0.05233579531667053,0.1403492410929577,0.47984877640840234,-0.08596151358039782,-0.027870100500064,0.007271594200131818,0.010766189862211239,-0.0026371047728514863,0.999968606474957,0.00021427875353035027,0.00024635806310345255,-0.00011917879376587043
0.01750210471370056,0.14540135954108754,0.46361113808002474,-0.057216790753283994,-0.03772379845861726,0.03867896558330483,0.0037588479471269702,-0.0006078096075096862,0.9929765276046666,0.000677889891610375,0.0002638601678171531,2.6222565775217116e-05
-0.10316008593024523,0.20459307507724778,0.3915230618903875,-0.0343336013301863,-0.016924317003192624,0.04231561692129031,0.006374310786268439,0.0024894101034440954,0.9887774722288711,0.0010694129535007626,0.0001607000818869079,0.00023081564085246492
-0.1229565689888685,0.14615188106230464,0.23293892815901443,-0.0047153623188267695,-0.03744805930892902,0.03926916698473767,0.0033941675040723754,0.010371381917908859,1.0031937143169345,0.001302351881659777,3.7743512898039376e-05,0.0003769675219147696
-0.10632994504253238,0.09021251847130835,0.11354011484501692,-0.008276355123625432,-0.05384712564733014,-0.010414523960834211,0.0043143785175796204,0.013339866565785603,0.9877850374754976,0.0014158919965047941,-6.858643214449301e-05,0.00046718004038607793
-0.1407916718031974,0.03563220950890848,-0.18383020648275827,0.032172646926180284,-0.03423603174270609,0.016279726544328514,-0.00015309521341774594,0.005235649252616274,0.9890772921333617,0.0012320617900220356,-0.00020937810394769043,0.0005028122498949865
-0.17311735284335097,-0.05688525672456893,-0.44127120283040644,0.06631603016127424,-0.0055205239730604086,0.0246711029479521,0.007166207702219625,0.006228624890402797,0.9931477872615275,0.0007907905871916293,-0.00038249545679104136,0.0004459269931704175
-0.20874280145387222,0.022096621376338825,-0.5750201773113667,0.06021420163724193,-0.008030083710201709,0.021756405896925013,0.006412921021312111,-0.0038782104505157436,0.9947009700005202,0.00021577040988026255,-0.0005912382582449136,0.00046802361454675634
-0.25835598220778666,-0.06717695783441407,-0.6759078392566384,0.06053373296848039,-0.01775410920486311,0.026237710756107945,0.01294466676046855,0.0017641393047688296,0.9892684091038173,-0.00046013742937637593,-0.0008495942404527004,0.0004008466567123423
-0.24794327764731464,-0.15203663509048101,-0.7505225297603135,0.07144337362529361,0.02213373478541034,0.04497928910366008,0.0059709417160157124,0.0013124215292576766,0.9819212555134121,-0.0012106599591366896,-0.001097537518100015,0.0002488100216218613
-0.10274441283938085,-0.18736613438719915,-0.8069030508510493,0.03412895619109014,0.04467828870251628,0.022247116644153096,0.0017436154481752517,0.0010948059125335382,0.9930803858446738,-0.002017563009987739,-0.001200281930939396,6.14438872346621e-05
-0.06235497689845254,-0.23095486012238287,-0.7809079542422525,0.07580112768449619,0.03881391645389092,-0.020841069518368463,0.012447357142383968,0.007376491521902362,0.9876304506856864,-0.0027984709642299914,-0.0012626369078378484,-0.0001695109728877208
-0.10593665649934071,-0.3272182973717875,-0.6223184412300244,0.022990721140235565,-0.019523057441597314,-0.02773487278065484,0.006886325020117314,0.0024228337127471917,0.991007191791867,-0.0034207894054600154,-0.001368573564337189,-0.0004967292702595082
-0.16004341547301731,-0.31594092716840133,-0.45959997279229764,0.06521416162190556,0.03563896093627681,-0.03700876565386569,0.005888602316650637,-0.004598423070079176,0.988693291047069,-0.003880389378252313,-0.0015286169798102063,-0.0008126701974279096
-0.07714894880042134,-0.24838620012224202,-0.3032632699619876,0.034881697956638834,0.030274976275451032,-0.02648660874844469,0.004749245933006925,0.009289754838382763,0.9872681857990919,-0.0041836526482143,-0.0016057659286106277,-0.0010610563975501518
-0.04080188447740994,-0.2219316297903093,0.014920232587933305,0.015075557180533054,-0.00764182723910088,-0.01106251977006461,0.005453361700905995,0.011293610338630028,0.991295590857939,-0.004168732415626367,-0.0016465678130880375,-0.0012829880273404612
0.010198495551074452,-0.17103688795126482,0.32368443355974497,0.000784115552973569,0.004915407109527516,-0.008083567559459286,0.00024739540423326586,0.006916726567292468,0.9894088066761509,-0.0038450479820666228,-0.0016363693175369632,-0.001454024915291726
0.03228025819552025,-0.039714892865887336,0.5048214848325419,-0.024934009879248143,0.042138136999050765,-0.03215587518459904,0.004019651696125868,0.004833403645178835,0.988310323547638,-0.0033402264972340807,-0.0016040890593414427,-0.0014937398081576133
0.13098518796984163,-0.07037725643781391,0.670398553640693,-0.05182811316733235,0.02332336768879318,-0.0197462955176854,0.003209762532074695,0.0013764940814057812,0.9972797656844495,-0.002669827943593388,-0.0014731038713716013,-0.0015641170645954274
0.14787355565573398,-0.027839363483502574,0.8376030031418027,-0.06288358380292541,0.013063931079342684,0.022173731785859026,0.005967516860610573,0.0018857453829624737,0.987417970161359,-0.001832224940451585,-0.0013252303157158672,-0.00159195642807893
0.23278802951871452,0.07364994640972387,0.770595886604731,-0.013194708060677487,-0.010844733436212554,-0.03144576015534092,0.00964402326158114,0.01162570913289373,0.9910708446794836,-0.0010616290538468542,-0.0010924422861971525,-0.0015183064816692061
0.15900852201495952,0.06612149953195108,0.7285983971579857,-0.0463449058890648,0.01392937447315486,0.021528325105210043,0.00876909978621813,0.002727514269061964,0.9920864547739349,-0.0003330306566888684,-0.0009334337641821931,-0.001452184982137255
0.195471335688352,0.1879420285078649,0.6692930640088124,-0.0670168695158456,-0.042163623311020776,0.029986175027335978,0.006372346479525679,0.016730994295227175,0.9837612111205002,0.0003362624073199441,-0.0007379624284938411,-0.0012642429536293901
0.22196207213324584,0.1857834277488345,0.45290159122384177,-0.027222862011566498,-0.04454503608690356,0.023307675507961853,-0.00492429774690348,0.011613968218027314,0.986565974362916,0.0007891639985437859,-0.0005160003563605953,-0.0010784595258805556
0.2287941999070674,0.253318377766368,0.24945023795149432,-0.02075625089551372,-0.04114704572582831,0.03716326262300538,0.001395922764898029,0.008762138885764397,0.9918967543074177,0.0010386142364952802,-0.0002872061564535279,-0.0008251411481141877
0.11166093434265348,0.24264737484663096,0.13821552877628884,-0.02238123032708495,-0.07158239326342959,0.05200799626390866,-0.005663294507018081,0.020834461868149544,0.9916493805151599,0.001176829765271569,-0.0001755452221108744,-0.0005824937732675565
0.16725704701184466,0.23632266088099527,-0.1867149835050214,-0.021112324923900753,-0.06282792224000215,0.04110184638501277,0.008734165381670302,0.013837969203906455,0.9880332545397316,0.0009901147817665476,-8.288175099029739e-06,-0.0003461711123865613
0.13009872393446342,0.24841420131755973,-0.3426706184533934,0.023907116095649293,-0.025645926757011155,0.034723146660212555,0.0025977345972918154,0.005504630632288321,0.9917834299855441,0.0006474441633131542,0.0001218105488354337,-9.775691106900155e-05
0.10784560324884598,0.21704824520116625,-0.4099919653797814,0.03907518527901176,-0.06284784067735806,0.030822857150889053,0.002340320861667104,0.002735765456604828,0.9931914186864833,0.00023745219793337277,0.0002296561520842797,0.0001192913341321647
0.06454653576160714,0.23033355931181307,-0.49162511734533126,0.03518551314079066,-0.0268304114773416,0.07733560179962529,-0.000476008595577618,0.00593108886797914,0.9947262852298138,-0.00025417291941195856,0.00029420268784588683,0.00034962489344397775
0.10738613015528296,0.11582168929184722,-0.5452742144127688,0.035578245083886004,-0.023788126700533718,0.024207879697995656,0.009148814986055192,0.007734427407558812,0.9950633597757914,-0.0007994471338247273,0.0004015888180011698,0.000465446582735825
-0.045076565343672756,0.01729676850951084,-0.3294187251152324,0.020187538953503517,-0.031745671766270224,0.0285542521782118,0.003213029076129593,0.004652850223276828,0.9977153882592906,-0.00112886585893996,0.00035651225265749705,0.00048274335124533587
-0.0784087931413186,-0.054063099179625235,-0.3244243244807683,0.04314448018673845,-0.04692094960551013,0.031132221252456724,0.0020088418575959764,0.0030186962875238584,0.992146889504921,-0.0014532901834207281,0.00027810345951617845,0.0004286802520657106
-0.09956285585596478,-0.05677393645604663,-0.1389498771027629,0.014652809235461795,-0.006242346591438691,0.00231786867703734,0.0030827280994513216,0.010014317377818993,0.9846024570407966,-0.0015922400605234911,0.00017854060366021365,0.000371906315609664
-0.09746963917873619,-0.044050009342391366,0.06882133126641765,-0.007841520338037648,-0.038097139077511465,-0.0005977442265504458,0.0033420303736549934,0.013474191849731417,0.9900068781225604,-0.0015234187292570735,8.107096448147747e-05,0.0003278563062672726
-0.08719105318606167,-0.09852431749971902,0.3184207767424707,0.027505751163298682,0.005134263812794061,0.002585827824307784,0.0015339121993345182,0.01851739744477774,0.9850784715066809,-0.0012049979525146028,-6.120088704584207e-06,0.00022933198876755358
-0.13177870390701363,-0.18368914830029143,0.342555985948971,-0.030193729949959273,0.03150180724258092,-0.02836162922616285,0.00839580177308806,0.009807889779191354,0.9955870073434601,-0.0008624419665656316,-0.00013789879261159782,4.564284046726214e-05
-0.06780951301207239,-0.1288636338923868,0.4153120176034049,-0.06302899730862549,0.053690549469408766,-0.0435466873394876,0.008219661997397243,0.012632201377477394,0.9981652509863111,-0.0004471299489622266,-0.00020570830562367023,-8.322079342512468e-05
-0.1107465834787678,-0.12449064950686368,0.5172029174438131,-0.014149365177565414,0.041149077736063314,-0.026271408966296525,0.002302848416355934,0.0005588308746353049,0.9912067507655801,7.007296848158645e-05,-0.000316454889102438,-0.00020771144293198836
-0.10502461811521661,-0.05932703032491098,0.5610719097421688,-0.08904065746667976,0.037718867963525214,0.02644775859805612,-0.0021801104992135592,0.014302640666146635,0.9969865585536446,0.0006311448782237553,-0.00042147950721765464,-0.00026703847325689937
-0.14597575456535333,-0.0570254198207056,0.37702157734741854,-0.0732761228699696,0.039340377257788404,-0.014128524755438585,0.003218344400861378,0.005159867213935303,0.9965823336900876,0.001008166455571174,-0.000567455261783008,-0.00032406389307760496
0.019643132824683884,-0.01578397254571872,0.20693524224186421,-0.0953235963856834,0.04435061923040957,0.006834929181406181,-0.0015174608968063668,0.011922361958864059,0.9925679107846687,0.001215101697813038,-0.0005478121289583241,-0.00033984786562332367
-0.04200796422273473,-0.03684598984173857,0.046019699283743457,-0.09174960942550338,0.06422706392073733,-0.014831812776623992,0.008468771071850368,0.010376730664402745,0.9936199599738494,0.0012611213970967815,-0.0005898200931810589,-0.0003766938554650623
0.06203704606282775,0.09780750216998088,-0.28075043321741006,-0.03220931739243799,0.054356273298820104,0.045810614236067554,0.009062694980755447,0.00957678858568241,0.9956671266662263,0.0009803709638793714,-0.0005277830471182311,-0.0002788863532950814
-0.014589157635176396,0.03586846956559002,-0.4252263570712695,-0.07363744483869586,0.0404172235168868,0.019272908768979843,0.004686476045496134,0.0035609725970192838,0.9838802567145298,0.0005551446068081018,-0.0005423722047534075,-0.00024301788372949135
0.07875584666415905,0.13354990071693124,-0.6676638553132894,-0.0550925838090284,0.04528611057274702,0.02087974036300212,-0.004843052607800894,0.007387764683121788,0.9920360093105653,-0.00011251924850518758,-0.0004636163580892485,-0.00010946798301256012
0.03888404473374965,0.12206110432368553,-0.7411082656776925,-0.033514337253104584,0.023373838223616,0.029820940532898327,-0.001494632506317991,0.006593057436840937,0.9935038036301914,-0.0008536275141828802,-0.0004247323133554989,1.2593121311125416e-05
0.16897714949300036,0.12385408235748108,-0.82657037697303,-0.04649013093757171,-0.013219658840069102,0.08276537012339868,-0.0002918940625216333,0.00858788812197818,0.9834971764601289,-0.0016801978911559102,-0.00025575516386249853,0.00013644720366860652
0.15251161230297391,0.16897637526447862,-0.930145878206501,0.005470348320553515,-0.018567913602116657,0.03877039892828762,-0.0036178719386338446,0.017662848509246175,1.0001669281994965,-0.0026103437693624112,-0.00010324355155952462,0.00030542357893308515
0.1498542373228393,0.1184305451583173,-0.7311898194620011,0.009577927450400741,0.006479040561618656,0.02182412106988718,-0.0010542126181952297,0.010179186646666009,0.9960044120644158,-0.0033415335888244122,4.66106857633147e-05,0.00042385412409140245
0.0807639838129797,-0.027515746459529977,-0.571583575936356,0.03456940307432787,-0.0410331818612893,-0.03969137547950518,0.0014989452305767077,0.008769926764987251,0.995981242350117,-0.003913117164760768,0.0001273746695762944,0.0003963383776318725
0.19831005668624976,0.02756390844166553,-0.41200249195814714,0.020603565583221184,-0.027512333895064953,0.036614291747155886,0.002846685300747981,0.015573666676555822,0.9924578488368976,-0.004325119656718915,0.0003256847262625442,0.000423902286073538
0.19404993367567167,-0.03373197218620707,-0.23760363125311657,0.05671319844676139,-0.026501391529242663,-0.013424206306800976,0.0065249093024110656,0.014149918978932358,0.9856060305278416,-0.004562723287972032,0.0005197346599382159,0.00039017031388733096
0.06610318148795472,-0.013300219174237744,0.14291261475059,0.056687929840328444,-0.04697544896598606,-0.025507176090680733,-0.0001471706438097294,0.022869260847768576,0.9839419590401804,-0.004419810673221442,0.0005858378414261706,0.0003768700947130932
0.0685317209964176,-0.1821433493376418,0.4157830414775862,0.08423482589685953,-0.05944131674307069,-0.03166796162019481,-0.0016643974429163594,0.01795392244885042,0.9897234987220318,-0.004004027631743855,0.0006543695624225882,0.00019472674537545138
0.07652183387612946,-0.08511378231196845,0.5589760554084983,0.05109781100878277,-0.047121555393928496,0.00668000993699863,-0.006729523943476403,0.0031440394341922043,0.9936388308206927,-0.0034450515763353572,0.0007308913962987176,0.00010961296306348293
-0.08752143742821572,-0.17284864670513242,0.68439093245121,0.09838496469929489,-0.055338881578072506,-0.027340208222147673,0.0013225415608939198,0.017304163319739156,0.9928021398964119,-0.0027606606438841472,0.000643369958870502,-6.32356836416495e-05
0.023180435844173272,-0.2515313075345492,0.7784476425022849,0.056321915127420505,-0.0007547736403664702,-0.058063876865427584,-0.002802717992014698,0.016898536120908372,0.9985756488335882,-0.001982213001381862,0.0006665503947146751,-0.00031476699117619875
-0.015641073090835643,-0.26974453776772794,0.8331519395205577,0.03550751543785606,0.0023404180971548314,-0.02990907129361421,-0.0017060309856120454,0.021954388088057507,0.9884056459546218,-0.001149061061861304,0.0006509093216238395,-0.0005845115289439267
-0.12069433164924448,-0.2756092028026575,0.7621209096583953,0.019211212159488816,-0.012733269395973749,-0.037823612073816786,-0.0036166210570293318,0.012853307222712244,0.9880936167080283,-0.0003869401522029089,0.000530214989974595,-0.0008601207317465841
-0.22497419227489288,-0.21130883020381547,0.6562278544395963,0.008624543864656574,-0.016704922655854916,-0.006866038280960713,-0.0036007165828547214,0.019516084132280783,0.9898669903761623,0.0002692877022366874,0.00030524079769970216,-0.0010714295619503997
-0.1339463942324264,-0.22707714345373342,0.4831369246114261,-0.019277319419487952,0.04168263207021207,-0.012702715098408144,0.002551623568302847,0.012449188590304453,0.9839814223672241,0.0007524246268481136,0.00017129440346727576,-0.0012985067054041332
-0.22108363382784074,-0.1483512304706525,0.22253478881601488,-0.007850644502270056,0.03385715229294595,-0.026059937797512242,-0.0014465302170377672,0.015862191632723854,0.9972059551571147,0.0009749594156641284,-4.978923036056502e-05,-0.0014468579358747856
-0.2551277900710124,-0.13546541997032016,0.003279620707938413,-0.033858487548294784,0.017813964286444148,0.014357560852266502,0.006522936355560663,0.009322739026478458,0.988380286332358,0.000978239036372067,-0.00030491702043157747,-0.001582323355845106
-0.17087854364526145,0.0105344630449005,-0.17323821163688288,-0.0042523401335174005,0.05726120531420631,0.02506314647024334,-0.007002486335682342,0.007912184981594364,0.9908305655680322,0.0008050008247351838,-0.00047579556407683883,-0.0015717888928002055
-0.1254790172063889,0.050273265552814195,-0.3051373457662421,-0.057721118100391294,0.037384584051415114,0.010004130308869074,0.004714892462492065,0.019319130713396377,0.9935696582762724,0.0004998634789689418,-0.0006012745812832278,-0.0015215156272473912
-0.18660697322109338,0.08281603844262561,-0.5125507540685785,-0.05346928784213271,0.03980560464011387,0.0027204469977664385,-0.00412808834825816,0.015175160975438789,0.9856684972786055,-1.2687275099636741e-05,-0.0007878815545043212,-0.0014386995888047657
-0.10501319713000044,0.14806730784548033,-0.5025604235762069,-0.057776083045036626,0.009135476257717018,0.051864520432627216,-0.002064026422384033,0.00893936230823767,0.9907520330970196,-0.0005152476986758437,-0.0008928947516343216,-0.0012906322809592852
-0.10518858105887044,0.17150010986626588,-0.4784224513310706,-0.00604991632002717,-0.005937560435147827,0.042027763068976924,0.000559304577731301,0.01960124901806959,0.9892600710921824,-0.0009936701500069143,-0.000998083332693192,-0.0011191321710930194
-0.1693020865646733,0.24845176278528858,-0.42143997335934685,-0.06356129816696482,-0.01441483475374572,0.04185101909382908,0.003094830178401565,0.0020356838253992333,0.9941085373201738,-0.0014151101233662612,-0.0011673854192578654,-0.0008706804083077308
-0.09745408263422567,0.19158996982551635,-0.20551450812180327,-0.02167888548823578,0.04985861188377064,0.05687350816780633,0.0031666989705060942,0.011849070977247288,0.9892067318817803,-0.0016206246314880643,-0.001264839501892091,-0.0006790904384822144
0.014959997522732228,0.28996569819075346,-0.05002563229125804,-0.004881993915579629,-0.01801021006401507,-0.003288868245599973,0.0029445612520119756,0.007779118730827511,0.9748131217850051,-0.0016706502637793223,-0.001249879504369359,-0.00038912474029146097
-0.021771882930390764,0.23989758857682245,0.0892512824396491,-0.021076247472902702,-0.010097038396721162,0.028575375516137487,-0.003451947730131277,0.022262545493265562,0.9843581190822682,-0.0015813989813396733,-0.00127165138729975,-0.0001492271517146385
0.08037255273740342,0.18059435768891025,0.3195429629889179,0.0660734640887664,-0.011824562074623002,0.031627835823870284,0.006527459197325046,0.014282356076550068,0.9814642869181572,-0.0012618560183507554,-0.0011912788345623461,3.136720597427176e-05
0.06058191372528492,0.18599502087421688,0.4162520685711665,0.004378175314749768,-0.030123704829892337,0.005682426383122153,0.0004141334169261244,0.017027730819776436,0.9985315389445407,-0.0008456039497795889,-0.0011306969208370614,0.00021736222684848864
0.1459532506854111,0.12636470988382234,0.4715888145831812,0.030601563204979323,-0.04000348799363399,-0.027258870977565006,-0.017498450694398794,0.018336894607441607,0.9959008544708983,-0.00037401513519640757,-0.00098474367015165,0.000343726936732311
0.16099215394962701,0.00563928508948696,0.4723845724229789,0.06704635356234574,-0.04570970203310338,-0.01892351241488919,-0.002613189452344367,0.021041001059646403,0.9780083298147831,9.836943722657133e-05,-0.000823751516202023,0.00034936622182179795
0.152268715039811,0.059023509120441284,0.4387700234501588,0.0254005003552204,-0.035528202477946844,-0.01942991200088289,-0.004808101529598489,0.020656476669646175,0.9836396940229366,0.0005371394606767301,-0.0006714828011622121,0.0004083897309422393
0.2110583437546545,-0.16680883023424814,0.372766883971054,0.031329183606883415,-0.06633261769060969,-0.04422471707458261,-0.004592720446004405,0.021367427540958647,0.9816997676597496,0.0009099063446477842,-0.0004604244574075576,0.0002415809007079911
0.08778004118015871,-0.044971320086702904,0.18152707334859536,0.013369843363284638,-0.05213902786303776,-0.004879229207014358,3.249937277160792e-05,0.016214621302098668,0.9896385531907039,0.0010914334179963796,-0.0003726444162273989,0.00019660958062128818
0.1373887009648913,-0.1349207957720926,-0.06692157230733381,0.007799101258318663,-0.08465237299919506,-0.00943618081225704,-0.0017393151592826615,0.021988168961476935,0.9837086501945954,0.001024511845689046,-0.00023525571526250758,6.16887848491956e-05
0.15856859036550383,-0.10120018801871519,-0.22900732260419882,0.016683249058584405,-0.06877117726577842,-0.017435471986682105,-0.0067789596972062495,0.014625590122457623,0.987092386896056,0.000795504523084847,-7.668712489700373e-05,-3.95114031695196e-05
0.2192614306334299,-0.08574756882542874,-0.3740783330600469,-0.028595726302026878,-0.04845019307365955,0.02162096584898575,0.003993874225734225,0.01607221902611681,0.9814653876412882,0.00042142619002480007,0.0001425743057364262,-0.00012525897199494834
0.07788379672791264,-0.16280041527121303,-0.7220040408374786,-0.08874952524970471,0.005081134298509225,-0.001179571349307634,-0.0100706089103312,0.01057742904623516,0.9904343712341053,-0.00030057785081267856,0.00022045810246433883,-0.0002880593872661614
0.1166725536698546,-0.13877489520833902,-0.6731058310459478,-0.05092107904752682,-0.006045153610460226,0.04628651056278003,-0.010532032187242864,0.026821906724046947,0.9798177475754918,-0.0009736836818586263,0.00033713065613419347,-0.0004268342824745004
0.10283382983645634,-0.074087696755428,-0.7812665295739465,-0.06158519829349511,0.025045851143812373,0.018025775259468066,-0.00932274175281709,0.013649928578002499,1.0006607216497607,-0.0017549502114325728,0.00043996448597064983,-0.0005009219792299285
0.06718633423792045,-0.10014596745651502,-0.815168794360156,-0.06850324060749384,0.03013207928786412,0.009593652708676558,-0.0017943747467782899,0.025849981680039394,0.9955980884488407,-0.002570119005792729,0.0005071508202085703,-0.0006010679466864435
0.018029606626748525,-0.018461432678218554,-0.7128492138421532,-0.08184918041281698,0.03800356849803044,0.013454862504741242,-0.0023021420440049144,0.021659628862630988,1.000415719992304,-0.0032829682196348826,0.0005251804268353188,-0.000619529379364662
-0.03840950515944658,0.022709083498955538,-0.5346794910615097,-0.09689280573565655,0.02275832673798675,0.034604133421821774,-0.008323924888261603,0.020146239590924493,0.9909701402468518,-0.003817647710696392,0.00048677092167587226,-0.0005968202958657066
-0.05128220901847224,0.028695011066064008,-0.3746358970488854,-0.08148708728522955,0.04997996540811247,0.009633459029078377,-0.0073611121049018185,0.02116114723317662,0.9956538891205516,-0.0041922836077452775,0.00043548871265740004,-0.0005681252847996426
-0.021404855197739145,0.09569113551132999,-0.09349567841543406,-0.033828537209022264,0.058065000823892564,0.02969687743288469,-0.004528447823177409,0.014175693556770768,0.9922634878952932,-0.004285779286160711,0.00041408385745966093,-0.0004724341492883125
-0.11924683146132099,0.17545114539815632,0.15432567547734505,-0.058570586174303024,0.09892570182135484,0.012396155117715283,-0.009973102352067685,0.027705049576926464,0.9827076778936991,-0.004131453610683366,0.0002948370259983399,-0.0002969830038901562
-0.20234683085255217,0.1829189709980171,0.3644081153487752,-0.030050207442582043,0.04731179334282071,0.00390754601135789,-0.0007598319679809631,0.01804358979221888,0.9857991835071812,-0.003767045495334591,9.249019514578772e-05,-0.00011406403289213911
-0.09046423318940844,0.14021439429653257,0.5120001294532784,-0.04691129792705103,0.06567408231528425,0.0025915457154071612,0.0029560422619661006,0.025090873797058374,0.9897110179799363,-0.0032550453658813125,2.025961956379274e-06,2.6150361404393474e-05
-0.04515399544347663,0.1338250830616541,0.7112868214416993,-0.014076702585447434,0.0430693415177876,0.01444912937562451,-0.005885017792742434,0.017483837459783172,0.9932820700165105,-0.0025437585444396133,-4.312803348709736e-05,0.0001599754444660476
-0.15759099553127057,0.08635118324119898,0.7065838384124626,-0.010371070976182785,0.024112275161196607,-0.02485600305729671,-0.003385584905702778,0.01321644461559313,0.987418080216723,-0.0018371747060271502,-0.00020071902901836792,0.0002463266277072466
-0.03553066682523759,-0.02245150068535337,0.8308989259609968,0.05209671692233184,0.04673321359353552,-0.017163798447483752,-0.004697996450433567,0.030463293249854598,0.9901540207739246,-0.0010062757800661537,-0.0002362496958436055,0.00022387512702189323
-0.0574063870253413,-0.03817539158178502,0.7272253595837966,0.009270081305216447,0.05749413142246643,-0.016646751128983076,0.0014755672896490865,0.017701095053810813,0.9856476195347246,-0.00027905042048235687,-0.0002936560828689468,0.0001856997354401082
-0.11313367014446898,-0.0018277166722323185,0.5892444751942528,0.058641896154893694,0.014960420625182906,-0.051772662733207984,0.0042215397088309695,0.02319938525104987,0.9851786662789953,0.000310194054711896,-0.0004067897530134158,0.00018387201876787586
-0.06749314492713662,-0.045887121957704356,0.4689091665701367,0.06477416922453835,-0.013535140685868623,-0.016269241833227394,-0.007392027957624085,0.0059225234013844125,0.9798126355459007,0.0007791032212820328,-0.0004742828979405525,0.0001379848968101715
-0.042702557845016795,-0.19176260940367412,0.17197973047061954,0.06580768864809791,0.0008059999690162613,-0.006672979870287582,-0.005563006489065647,0.020877417114949993,0.9893133876133847,0.0009510829517526522,-0.0005169854557855692,-5.377771259350265e-05
0.026734748956108133,-0.14444421811606736,0.02067587568796353,0.011215468791956222,-0.010187877962930856,0.0027225995140535645,-0.001554188291414205,0.02442247388719331,0.9845685217442881,0.0009717588274406157,-0.0004902507068294611,-0.00019822193070957
0.036824647885685825,-0.28365058972923274,-0.19838872498994206,0.011229621726957578,0.023171504465326422,-0.030247696579002635,-0.004240745519898794,0.022284361639107797,0.9805342864636184,0.0007733701024506736,-0.00045342605894377525,-0.0004818725204388028
0.11966657736226627,-0.27086312738123797,-0.35183695227809353,0.043917461630630476,-0.009556255445976079,-0.018854561740070795,-0.010644358419889328,0.021250752100822445,0.9839233865860034,0.0004215331501725801,-0.000333759481581509,-0.0007527356478200407
0.1276133224839983,-0.2556455430424266,-0.43744412501034696,0.010137177495395338,-0.044020568222433214,0.011489321836296324,-0.0152508246135404,0.020854121652244307,0.9882435951806435,-1.5910974837766877e-05,-0.0002061461590975107,-0.0010083811908624671
0.03211564538736053,-0.24971186121505815,-0.4098440748097862,0.0009207820025150925,0.0014898498860180485,0.020794909992040936,-0.009311477263287926,0.02643010926512839,0.9900867118617286,-0.0004257550496475531,-0.00017403051371015017,-0.0012580930520775255
0.04660512576566744,-0.24039168819911422,-0.4521822379031842,-0.010240310645979885,-0.005003559340197937,0.03279003248167595,-0.004805145838213427,0.015776294153470927,0.9857529046196242,-0.0008779372875507372,-0.00012742538794448274,-0.0014984847402766395
0.14223340054439376,-0.16028436131901783,-0.3233725278924036,-0.03787057787797482,0.0035553937072105987,0.03284049282612264,-0.008534024179329979,0.021227835516715466,0.9919449875212905,-0.0012013098154431408,1.4808012599911047e-05,-0.0016587691015956575
0.08552077683425681,-0.0768457927519354,-0.18749007867820555,-0.05479847298233334,0.0005657534988906697,0.04884884964103507,-0.011956397341731744,0.029751162726014736,0.9939841087599215,-0.0013887998941213464,0.00010032878943416785,-0.0017356148943475929
0.08967821084904042,-0.11831414247312166,-0.05013724741510936,-0.04121956942253967,0.01962047028391606,-0.0035802747774237188,-0.009702759390935713,0.015329885103766734,0.9850277953143147,-0.0014389371415364559,0.00019000700028320828,-0.0018539290368207147
0.10502374511455148,0.01895464279138506,0.006592489142335359,-0.08695096022264766,0.016461873910107935,0.060106146553527556,0.0022341184595944218,0.022376056841390993,0.9912588266407337,-0.0014323446523941204,0.00029503074539775974,-0.0018349743940293294
0.09595685543320173,0.1212375249160077,0.24578433330665667,-0.0627507113809706,0.010581457499522797,0.07302140650826336,-0.012680621760022458,0.017556564477526328,0.9829816891823999,-0.0011865603190874636,0.0003909876008309615,-0.0017137368691133217
-0.02820820989865632,0.11639058557348905,0.3394082324908025,-0.06579859453205956,0.025625062868910642,0.026722982478470665,-0.008729661274585227,0.024741944030836186,0.9797452892543859,-0.0008471520865966612,0.0003627793909323052,-0.0015973462835398328
-0.10483891029485985,0.1596572850690279,0.6040625922506432,-0.04888360704593905,0.026620523145868342,0.034166863812900676,-0.009854125568651007,0.023565523316858752,0.9814515321082012,-0.00024308949434601794,0.00025794048063744533,-0.0014376889984708049
-0.040782769952920954,0.1827825705710948,0.4471822116325753,0.006790926323531624,0.040049613091511976,0.05493388744162541,0.002390164650715748,0.018843169347936783,0.9817808359369486,0.00020409271728655744,0.00021715771068452438,-0.00125490642789971
-0.1080138845513498,0.33637435170441704,0.37905832891944075,-0.05042662595790076,0.03704255035649871,0.01287288345369205,-0.014870262204896578,0.0238465238208657,0.9838430764103866,0.0005831510462059982,0.00010914382613317459,-0.0009185320761952928
-0.09732381261095555,0.3195472276712645,0.21150671772211282,-0.010709737791571859,0.029140730781877462,0.009707400934520292,-0.011550968453746178,0.02421561708689119,0.995871100876213,0.0007946577639281109,1.1820013522219037e-05,-0.0005989848485240284
-0.13312814770061182,0.2277563465112293,0.1289432106408978,-0.0017478185645792427,0.029467984741256083,0.03310670547289137,-0.0074172046524958206,0.021001505987758705,0.9832698180955639,0.0009236009745690088,-0.0001213081341783928,-0.00037122850201279904
-0.19815866651997202,0.2710876617269931,-0.016929073435610547,0.01731114266365113,0.028476647361456768,0.03158662014563995,-0.007011608372626141,0.022125358215792375,0.9839335342990019,0.0009066719011333983,-0.00031946680069836484,-0.00010014084028580589
-0.07583928974077928,0.15521020127222884,-0.18762860888539806,0.012639522191754678,-0.013607553219962133,-0.033417684780987875,-0.0023592113305920467,0.02112780075818586,0.9865116256162024,0.0007190432922480002,-0.0003953060904391442,5.5069360986422955e-05
-0.18291171951318072,0.12504798146683316,-0.49458005637348074,0.0540702997157777,0.03435184634193901,-0.020925718117549154,-0.002991349168920644,0.013124685301112346,0.9790678397238616,0.0002244632358745194,-0.000578217809952325,0.0001801173424532561
-0.21457007051240207,0.030132604919494245,-0.5688921412038263,0.044048480479458835,0.01153033247245653,0.007214390458052821,-0.011717714661036521,0.02932019387195744,0.9863285212854934,-0.0003444289053293069,-0.000792787880464727,0.00021024994737275037
-0.1802710047358014,-0.061220002507792165,-0.7527256263088258,0.04571048117726844,-0.017534784045268426,0.0035775670807345304,-0.006745248370878603,0.030817687700004502,0.9888100837082996,-0.0010971545316381327,-0.0009730588852005283,0.0001490299448649582
-0.1496081859077542,-0.056287567921592584,-0.8336158665038795,0.0007621226261127281,-0.0033418928156950384,0.013810084096340864,-0.009292686736325965,0.01624969487251026,0.9928670201758683,-0.0019307703981420123,-0.0011226670711082824,9.27423769433656e-05
-0.18478095421702423,-0.0962120955946356,-0.7908893587142133,0.024442760137078204,-0.03456252699032086,-0.045587244168928245,-0.010830062076855624,0.03119761150431697,0.9919507186674058,-0.0027216597568562257,-0.0013074480253253069,-3.469718651270007e-06
-0.024023745999004364,-0.09460039643488775,-0.6464981484308043,0.0022990315306911785,-0.04258983715501162,-0.024743002595826215,-0.0035745685717105376,0.027320822584936746,0.9871243476533339,-0.0033681579052870303,-0.0013314717713243114,-9.807011508615777e-05
-0.17026072908541312,-0.1095496921270857,-0.5545902299026315,-0.017558868858876565,-0.03123614947341597,0.0570481442616412,-0.00749688531219653,0.019957967386703516,0.98411925600165,-0.003922748135189662,-0.0015017325004097245,-0.00020761980721324346
-0.13221288841828494,-0.15704415567716304,-0.39968050817578044,-0.02756168244237523,-0.014273222729055523,0.04265617721769858,-0.000909619437222434,0.02457736987198018,0.984335583910628,-0.004322428643365442,-0.0016339453888280092,-0.0003646639628904065
-0.10126800370939672,-0.19446444698318305,-0.0872624185251953,-0.03165891774983176,-0.03900292679982189,0.038214217241363826,-0.006615200339492994,0.022249637006376697,0.9871279787564141,-0.004409691061890638,-0.0017352133925374062,-0.0005591284098735896
0.011352303634906025,-0.1629729454832911,0.1642727364251469,-0.03655127696227405,-0.05923564487204432,0.007944645609157598,-0.00447155667123613,0.03054758064731428,0.9847843205159292,-0.00424541832546549,-0.0017238610889024999,-0.0007221013553568808
0.07131761584349261,-0.0314101756121026,0.3749247865369088,-0.03968061561536848,-0.04727242459736821,0.023585635842929213,-0.022790692560913737,0.021495802562458442,0.9844907453627819,-0.003870493538928581,-0.0016525434730590074,-0.0007535115309689833
0.07060631545602038,-0.03824830866146854,0.6318084113815285,-0.05166155804561204,-0.01732437797718752,0.03982385900861208,-0.008879238655457016,0.03685043944163151,0.9801986716828595,-0.0032386851275470526,-0.001581937157602987,-0.0007917598396304519
0.13997115033169208,0.041609036403084415,0.6245772072948736,-0.07207325563239025,-0.018135843892012726,-0.004983905053757034,-0.007273456757933823,0.032180015107386085,0.9881515141820632,-0.0026141079202521788,-0.001441966007271295,-0.0007501508032273674
0.16681440526911914,0.10334516558793966,0.8221487264545267,-0.0802716928820844,0.0027811959396490792,0.0009970410858217635,-0.0069229994055131075,0.020413308418868147,0.9862136970796507,-0.0017919591937976523,-0.0012751516020021757,-0.0006468056376394278
0.1504494451383256,0.034905690057540885,0.8425614142947633,-0.08686700896542542,0.002476761434234531,0.013870430486206065,-0.0019221510267270854,0.03488028362476339,0.9808701900165515,-0.0009493977795028887,-0.00112470215686385,-0.000611899947581887
0.20085662777211122,0.14066781321517358,0.6674716165352101,-0.07983169952021449,0.021644448017455614,0.009034792831482685,-0.006665890672517811,0.030486774534248556,0.9920233615121532,-0.00028192616296767863,-0.0009238455290917387,-0.0004712321343667133
0.17871144749596507,0.0900762056378594,0.5299332999404428,-0.08079767373018706,0.05807787054428929,-0.02189328793704866,-0.01592736806430613,0.026233207124191964,0.9855475232700198,0.0002480071369727642,-0.0007451340815957737,-0.000381155928728854
0.1677206773189162,0.19591406549732684,0.46054869788105185,-0.0604885824017726,0.0016990598054799546,0.0007992986552471121,-0.0072789111331005305,0.03051308624040795,0.977310904278663,0.0007085558348538162,-0.0005774134042768576,-0.0001852418632315271
0.15482519943306083,0.18969017465409554,0.25827514117133465,-0.028854838277812742,0.08656013031280871,-0.005296581937721692,-0.0058936191388161245,0.03190504538311578,0.989082266049808,0.0009668309760251508,-0.00042258820484379666,4.448311422568436e-06
0.17267768593135363,0.0433432613899241,0.052702328720040686,0.01251116476322239,0.06504490207473966,-0.06308133851451674,-0.01323717968214784,0.023636857848171267,0.9809208951170175,0.0010195333047451915,-0.000249910518912443,4.779157281249254e-05
0.19602624533473167,0.13431574712654037,-0.23649608561311017,-0.003196766284438393,0.10452567977973752,0.005439229078944145,-0.012352020985899865,0.031749283540819136,0.982161523611347,0.0007830372191320814,-5.388427357771136e-05,0.0001821073199390329
0.05762334060900676,0.03937056871695303,-0.35038517111384654,0.0009730492126877981,0.03560283839822685,-0.00116423975167383,-0.006463882793692047,0.025556157094276243,0.983202147310468,0.00043265204801823485,3.7390670312953954e-06,0.00022147788865598596
0.060373668865791444,0.016448804695553796,-0.44394804569837865,0.05190926484002627,0.06355241455793367,-0.01478773926508001,-0.010486329162521924,0.03193569085862077,0.988379043098792,-1.1295997680143833e-05,6.411273589708684e-05,0.00023792669335153977
0.057251614192415756,-0.051188013423298054,-0.5729488365226688,0.00491719768171783,0.05713735947298081,-0.013763517153614761,-0.005134974572893656,0.027326199110169695,0.983700439861232,-0.0005842448342028126,0.00012136435008950259,0.00018673867992824168
0.09737763001326372,-0.034394154270902214,-0.45611343890919614,0.07450588991156343,0.06724686007711218,0.0143751836784853,-0.009779509737497315,0.02311477461540571,0.9870069613989308,-0.0010403582731120086,0.0002187419801027663,0.0001523445256573395
0.004308727161974141,-0.16111466195003274,-0.36554250464032106,0.02936748066817426,0.052486663040965276,0.019797678920883542,-0.02172354279759921,0.03144504016904798,0.9759732858521356,-0.0014059007777523298,0.00022305070726474043,-8.770136292693271e-06
-0.08242153945929609,-0.2361085604333386,-0.1985659640502111,0.07103419029090849,0.042081555316758765,0.014298715963056118,-0.010623136784509041,0.026542182906508567,0.9782505452577959,-0.001604466741802541,0.00014062916780544437,-0.00024487869672603187
-0.11302437374831775,-0.252370143160845,-0.0905176420536018,0.04383079934263083,0.04118481891001349,0.06166913279794289,-0.013005910896101144,0.029349473372275926,0.9838529861878591,-0.001694984383856143,2.76047940571266e-05,-0.0004972488398868769
-0.04553867914900102,-0.2503123826464215,0.1700374286948786,0.051254301877741174,0.013579846790050101,-0.0043224954269361505,-0.008040228748213356,0.0307613883752624,0.9799931742057278,-0.0015249469551612644,-1.793388509187442e-05,-0.0007475612225332984
-0.11956056988262265,-0.23189024868166092,0.27872438144619655,0.07471532755484493,-0.004449752081294524,0.030462567170248707,-0.009105920508261554,0.03620301651436952,0.9825230707234367,-0.0012462225737150676,-0.0001374944549744971,-0.0009794514712149593
-0.1694152188033832,-0.19005170215535078,0.4812123349395216,0.002184860825224847,0.005722268065888702,0.05601143213770357,-0.01603785859796579,0.026816630217461394,0.9872000409753513,-0.000765010238775546,-0.00030690967377788024,-0.00116950317337031
-0.06696543082821843,-0.19976807762296434,0.5126778487762569,-0.016415425713296072,-0.02171958344268816,0.0463991194448151,-0.010436554201668566,0.024893128360782897,0.9793805015364496,-0.0002523323899992891,-0.0003738751046060987,-0.0013692712509932746
-0.09349618955451951,-0.1601130041753502,0.5041772561133395,-0.010250033691343509,-0.020239219313676254,0.05894731899616534,-0.008851244986340373,0.03750010763850238,0.9796452802900799,0.0002518448661140504,-0.00046737129416061824,-0.001529384255168625
-0.15040205027369252,-0.10410138329976601,0.3836014867245009,0.004368871997880037,-0.05090511184640023,0.01199551084503058,-0.009413536839700498,0.0294236724289036,0.9837962315383096,0.0006354463528385514,-0.0006177733444343108,-0.0016334856384683908
-0.13943032366197694,-0.04231186459334494,0.26111283770370913,-0.0347432948849046,-0.023084775807354452,0.027662722700085005,-0.006850813837065984,0.02681794655651943,0.972541595060603,0.0008965591905422606,-0.0007572036680962877,-0.0016757975030617359
-0.15535314198212113,0.031171383008358162,0.22768601117443943,-0.046622938939743015,-0.042584886015802514,0.047239004445601154,-0.016949758508661344,0.03149038103383205,0.9881366163054536,0.0011242452017166998,-0.0009125568100784089,-0.0016446261200533776
-0.058981346985885946,0.16351876324321277,-0.007878463410409813,-0.049703296093091806,-0.0222402337356382,-0.01474859221846154,-0.012719944594401808,0.028095157837889816,0.9836749117764453,0.0011163667383062902,-0.0009715381570642948,-0.0014811073568101647
0.0106642544092,0.1465180025949135,-0.27679376750064094,-0.07480270567358542,-0.03884555126749934,0.0014581269468924435,-0.023180320289637346,0.028608146000913475,0.9834149609665297,0.0008395729708056492,-0.0009608739026550948,-0.0013345893542152513
0.06803361061083733,0.17687380499099184,-0.4880808808384715,-0.0487930502657941,-0.011376881594511154,-0.012164027584997137,-0.006241041486843761,0.0429482198931491,0.9801784854512482,0.0003514920899671777,-0.0008928402920442575,-0.0011577155492242593
0.06924257414695097,0.18535513298071507,-0.6310097503803581,-0.05424996089055679,0.014365088805231893,-0.0003696279267525141,-0.011630976028558958,0.02527194937106863,0.9862457632138818,-0.00027951766041318043,-0.0008235977178973064,-0.0009723604162435442
0.01270415908558286,0.250342213380579,-0.8228532256432093,-0.010899510673791565,-0.007489026390569569,-0.0036291050145796557,-0.012772591259820556,0.02315306351934679,0.9819186715192327,-0.0011023708860563896,-0.0008108935588117235,-0.0007220182028629652
0.07856427956515223,0.30299268996587536,-0.8353179564026377,-0.010117526497927255,-0.006060797650816251,-0.010878075079494504,-0.012953228022804984,0.03660168022988104,0.9887817267517715,-0.0019376888424590276,-0.0007323292792465714,-0.00041902551289708977
0.1709946489315212,0.19156421607656532,-0.7640106712999425,-0.04006234040826136,0.03595258321437308,-0.01737575142249298,-0.010010501358327442,0.028707861500353545,0.9740217421184972,-0.0027016995137589704,-0.0005613346303150502,-0.0002274612968205245
0.08920385636612521,0.2875831227249667,-0.6619991436945218,-0.0066468845059855,0.045284188612358785,-0.006702956057222749,-0.007306644524508378,0.03232844342579867,0.9828178338957044,-0.0033636986574534923,-0.000472130773948925,6.012182590444226e-05
0.14899317612863333,0.17819195646065614,-0.5511316802964716,0.02117936534700729,0.040691446728043076,-0.005709820751816948,-0.014063732314867964,0.034052429065297,0.9826386004942059,-0.003914830337749964,-0.0003231375978202916,0.00023831378236509839
0.1373192166141896,0.14398707392329005,-0.24711799021664327,0.0005586333523228595,0.026201258032869535,0.003813848570736511,-0.010657597731577623,0.022239677897890383,0.9839081959474559,-0.0041619483279666065,-0.000185818381206102,0.00038230085628838847
0.12988335046613753,0.12762814867238145,-0.02818975170617532,0.005264207098116055,0.02404559040758893,0.04107179382410331,-0.010812609420473284,0.03681848667499883,0.9892952239958274,-0.004190138079672781,-5.5935030739964474e-05,0.0005099290049607699
0.09584726659075697,0.024464196478737807,0.14023662510931048,0.020715954392282694,0.028838237213105602,-0.00484888726197997,-0.023890555588265666,0.028434655513942784,0.975383016099334,-0.004049901454563471,3.99122358507925e-05,0.0005343932014395076
0.0864985214363731,0.01514191534817293,0.35176781763705206,0.03603107569438098,0.030829171286235232,0.032312250708861845,-0.016534035184788333,0.040860975380284055,0.9751542241826945,-0.003698133636926419,0.00012641075728716562,0.0005495351167876805
-0.045092308184352926,-0.10925807018199651,0.6330607995512744,0.04509914128330979,-0.008071385049125034,0.011256486615911035,-0.0109117830660041,0.027509737509257164,0.980286739002611,-0.0030650728373751443,8.13184491028127e-05,0.00044027704660568403
0.061158141699812825,-0.058220606603802245,0.7222430558772291,0.02050212634938165,-0.0006178016798884722,0.07163094570423574,-0.007014764113323591,0.03944319828555757,0.9725144921118098,-0.002342829781497915,0.0001424765908026255,0.0003820564400018818
-0.1247351130308412,-0.12072143257977852,0.7804072725552699,0.05346523222184971,0.035277863981093886,0.03424239728407744,-0.0064828891632142,0.0404709670068286,0.9934347648394958,-0.0015624225089426451,1.774147777178431e-05,0.00026133500742210326
-0.06026166070994533,-0.14800213489231703,0.8117355866731594,-0.023285041119443038,0.004750525889460194,0.004454761873158504,-0.019495309619383207,0.029411859685672698,0.9864940397362506,-0.0007506869222694858,-4.252018293816103e-05,0.00011333287252978622
-0.10808231596062726,-0.13913867640552025,0.7538522103879041,-0.010220151082606271,0.0151919061825454,0.02011988671255928,-0.00846807346581033,0.031028986541045172,0.9843381183473771,3.1652881184183194e-06,-0.0001506024988987883,-2.5805803875734033e-05
-0.1626080418691154,-0.14258801628844087,0.6145030720604207,-0.06265804427808694,0.0013353895800524923,-0.011472573850551651,-0.008392016744737578,0.030530635822711007,0.9855911931926569,0.000617668360178839,-0.00031321054076790373,-0.0001683938201641749
-0.20197527018565598,-0.09839677033648765,0.3926546510977556,-0.0227053364208413,-0.033937669252795455,-0.003404121500692789,-0.011586251328166885,0.03981865264092934,0.9879567005658884,0.0010103230112765947,-0.0005151858109535597,-0.00026679059050066257
-0.1492244909294611,-0.09468114978850428,0.07250717446117355,-0.04006830446289597,-0.0408721400207711,0.01248644150394789,-0.023840688977923574,0.03323628204330059,0.9784531587154235,0.0010828301857377684,-0.0006644103018830208,-0.00036147174028916686
-0.14821089278470592,-0.05742263697353092,0.008977723453539026,-0.06226392516540677,-0.020883698758908123,0.018487760459572664,-0.01651816901159938,0.035120778770642264,0.9796461533094115,0.0010918079091913073,-0.0008126211946677266,-0.0004188943772626978
-0.1929086477939029,-0.08038392372220965,-0.26296896167696177,-0.11660220224396223,-0.028022989539228944,0.004973690656732642,-0.013381443487931294,0.031856578238603876,0.9830873880423774,0.0008288389475143457,-0.0010055298424616296,-0.0004992783009849074
-0.19681839856373567,0.10862918764102232,-0.3607236572952529,-0.0688681275765346,-0.02389131988285633,-0.02488640600230272,-0.015192580465233002,0.03505100927407581,0.978779623410955,0.00046811529021909275,-0.0012023482410253652,-0.00039064911334388513
-0.11223970224101046,0.03320751430861402,-0.4726980206793354,-0.09581373735702003,-0.04173618532689951,-0.01517862869454528,-0.02494531941235307,0.03549175377813779,0.9765878223536659,-4.582730460242712e-06,-0.0013145879432663757,-0.00035744159903527105
-0.17101730215741925,0.19419636699230802,-0.3909038212560814,-0.06251008658674835,-0.033896140647458814,-0.011440066202624556,-0.015497581910451301,0.029936586297910288,0.9785026835421569,-0.0003954865517163241,-0.001485605245423795,-0.00016324523204296306
-0.1275266488903772,0.13119803726559404,-0.360623636843973,-0.08893128589574623,-0.03482136360969733,0.019277168983402246,-0.018932759769610244,0.04189669735903453,0.9829835590817599,-0.0007561101885602971,-0.0016131318943141725,-3.2047194777369004e-05
-0.10353111642966588,0.2079008139508831,-0.3784223045427567,-0.039555050501069014,-0.021784023865901857,-0.03307398173595451,-0.011412980758211122,0.03212877034359428,0.985556984513892,-0.0011345324931030538,-0.0017166630107438381,0.00017585361917351412
0.05497031099954666,0.19530482288675727,-0.2754335991913935,-0.03498912538675554,-0.023952344822460253,0.01640370661142513,-0.012054620668850689,0.03840938471665255,0.9745703790536012,-0.0014099660922944474,-0.0016616926997442914,0.0003711584420602714
-0.05931010648356272,0.1729576838887709,-0.10104360837186019,-0.02543773522632478,-0.0003466902621385194,-0.026489697581878843,-0.011925432923682967,0.027061861636728333,0.9799003013507469,-0.0015110097006663075,-0.0017210028062278543,0.0005441161259490422
0.0564841312453558,0.09910555926462229,0.14590346129678708,0.019813555848419036,0.009629844238938586,0.029276518110727713,-0.016473700480289344,0.036901155786382187,0.9805036058392762,-0.0013651062393695203,-0.0016645186749824983,0.0006432216852136646
-0.021811484176388236,-0.0006377842590660696,0.2679019314695119,0.023356369549721274,0.014990469153406898,0.003943734494973692,-0.014610828281460861,0.03891505921116117,0.9737449965701757,-0.0010972043079000085,-0.0016863301591588866,0.0006425839009545985
0.047978560811472774,-0.004608832949620473,0.3636735463534456,0.03419092450773469,0.05036006741511989,0.01284316402824426,-0.01521662595398273,0.03502894190314666,0.9828672221476302,-0.0007335307615465628,-0.001638351598347414,0.0006379750680049781
0.10953665957948269,-0.06545199715980357,0.4593142498960984,0.0635139447938189,0.015180568733113341,0.029643231046911377,-0.010313170098493864,0.03918683205248555,0.9800122649264332,-0.00027421651165046443,-0.0015288149387679313,0.0005725230708451745
0.14414140583943344,-0.11054001128064077,0.5092186355563018,0.09323793083309533,0.05698913517620439,0.02658704493160098,-0.017631627010753895,0.030377975968542092,0.9757795567961126,0.00023500212390583738,-0.0013846735329284979,0.0004619830595645337
0.15754060060266584,-0.21309497827321808,0.4234756193525127,0.0626053253066022,0.036317536397941524,0.05482728160981429,-0.018834028069362838,0.03638318569272511,0.9779852290915066,0.00065847774325835,-0.0012271329323258321,0.0002488880812913157
0.1783894811963842,-0.2125529899054033,0.28176581439492987,0.018410010024340673,0.03974916423142425,0.07216847383485488,-0.010322876628580347,0.026522217297295175,0.9829978150791568,0.00094024355765328,-0.0010487434511294478,3.6335091385912343e-05
0.15640880873113405,-0.36516210917301384,0.1145520203929391,0.01659159329481605,0.04080121631806113,0.003826168558948779,-0.011108099622346157,0.03497315064593998,0.9851354824008617,0.001054795578046219,-0.0008923346423983137,-0.0003288270177871015
0.24471919894200006,-0.2618307997268241,-0.08157200844256196,0.03874075764018867,0.06227466617611262,0.038284207789574476,-0.012964028716907178,0.030369419889834798,0.9818686296274102,0.0009732235696036572,-0.0006476154434563137,-0.0005906578175139257
0.1293653960958607,-0.2438754443999471,-0.27932643004585717,0.04471808291666109,0.0022354649216067505,0.013507598623092412,-0.0074776336053572895,0.03409284738301623,0.9896258490790615,0.0006938971395578,-0.0005182500473604531,-0.0008345332619138729
0.19263898139421928,-0.271139417028455,-0.47903699117323223,0.011964128372017725,0.043381183255864694,0.045183229875449246,-0.00501239852268107,0.04143470769484999,0.9855968670412731,0.00021486014838456775,-0.00032561106596623373,-0.001105672678942328
0.16661249175415946,-0.21765844809619864,-0.7347005190780705,0.0039833595859420055,0.03210478539938427,0.046481605273946826,-0.009380644908369653,0.043328658631253944,0.9827012657430534,-0.0005198403706935028,-0.00015899857421207422,-0.0013233311270385267
0.06412021435964206,-0.15417877253957074,-0.7634934356436572,-0.022371506868143806,0.0021097424529355315,0.005552468218947743,-0.01934945864830551,0.0283275997315578,0.9763554071656031,-0.00128333380633716,-9.487835985243216e-05,-0.0014775098995780975
0.05975119985055463,-0.060671315472992114,-0.8318739164940426,-0.015224103815444711,0.015206228861732509,-0.013253410075467006,-0.011535491297981476,0.04106518823108677,0.9854495423809343,-0.002115207722831203,-3.512716000187753e-05,-0.0015381812150510894
0.04360738526185802,0.002864658565399504,-0.8310692111119898,-0.03277092452589979,-0.022312752850725176,-0.038202003716057274,-0.015217417221085579,0.04193277793082323,0.9758752763314594,-0.002946276933943193,8.480225259980489e-06,-0.00153531655648569
0.08766511711159318,0.03309000120759643,-0.6971145430181372,-0.07275980625398186,-0.007612911327037904,0.02846043220590523,-0.01865708395130922,0.0366578982700886,0.9833769701649722,-0.0036433914769613304,9.614534237157367e-05,-0.0015022265552780934
-0.03813044879902702,0.08109635763469646,-0.4575146181902387,-0.04684219007322289,-0.039015229602098044,0.013703326629986518,-0.019627562287961142,0.04192096274433995,0.9673474795999929,-0.0041009060951515686,5.801489357254665e-05,-0.001421130197643397
0.11668090930608548,0.1566385860902931,-0.25510219694041,-0.08609008513814599,0.02160015495147014,-0.05182222858624719,-0.014651300958388723,0.033152017071135305,0.9770232495416088,-0.004356008292091979,0.00017469580287863214,-0.0012644916115531041
-0.03931248130430356,0.2715365237348534,-0.04116419316053195,-0.04188772223561515,-0.005450688573481501,0.0037407068115641318,-0.011988554343265368,0.032752142270398514,0.9724282302453177,-0.0043971724852525105,0.00013538332157432857,-0.0009929550878182507
-0.07811951909476718,0.2476616880751235,0.16418282562170716,-0.048746201860605264,-0.01873068055166899,-0.026626576687281148,-0.009250622702712426,0.03286766848138565,0.9779102361814742,-0.0042329896596308035,5.726380247956138e-05,-0.0007452933997431271
-0.06635630495951111,0.2576065570302864,0.37410315891184265,-0.029498462552096733,-0.04145005502146011,-0.008026693464314229,-0.012850494330894944,0.039078361801595775,0.9715702964000532,-0.0038588865007189604,-9.092502479949736e-06,-0.0004876868427128406
-0.19250572159576573,0.30000113927121236,0.5824205273022968,-0.014154622603014897,-0.024392936709487466,-0.015460680934138755,-0.013424597972451156,0.03511447012186343,0.9793335801363191,-0.0032764659734166642,-0.00020159822407571552,-0.0001876857034416283
-0.05910813970441639,0.24189592359699144,0.7555340003402262,-0.0023025730046528307,-0.01823361455799774,-0.023089858987076294,-0.017396136588340282,0.03211287962105233,0.981450828726263,-0.0025209319730764377,-0.0002607063637801319,5.421022015536317e-05
-0.16675163687534242,0.1746327938357862,0.8143903928690602,0.03261577500555814,-0.0019124275587347897,0.0226937895485867,-0.015356075497149173,0.03244279227706344,0.9757896142078804,-0.001706541580207377,-0.0004274580006554744,0.00022884301399114936
-0.05263062385005875,0.19659496633032952,0.7654490350120128,0.01557036098735473,0.008991363418414226,0.06673548844064292,-0.02398441253257189,0.03587776847254897,0.9773646405735603,-0.0009410925451953643,-0.0004800886245055331,0.0004254379803214789
-0.10130249016658224,0.13538762270471827,0.7468648252018546,0.026753545592889113,0.013702874593615778,0.01348918894720716,-0.013754295474270347,0.03171421239189075,0.9799869497093303,-0.00019422771999350952,-0.0005813911146721153,0.000560825603026197
-0.0880042067734742,0.06382513041694655,0.5750016810457471,0.054364645255431755,0.024067031404976107,0.05059281611075014,-0.014491910348667173,0.039389650170075306,0.9785787784573518,0.0003807739610522376,-0.0006693953214455896,0.0006246507334431437
0.05600995222792073,0.04359087847794742,0.24328165766652649,0.06670671453746033,0.021097084472466977,0.051907767949796936,-0.007148680548518964,0.04210992398725005,0.98547861978581,0.000624055618718764,-0.0006133853692176688,0.0006682416119210911
-0.002954844451593606,-0.1175629399368837,0.15681351382485625,0.025430929156162303,0.03734864895385204,0.04106441987377093,-0.016986903227184116,0.04108950578019214,0.9752368308504881,0.0007808691325436204,-0.0006163402136692625,0.0005506786719842074
-0.0417363853420092,-0.10538439271053451,-0.02492569625782303,0.008690022346121682,0.02203344530251826,0.06009275321698854,-0.010900011246552682,0.05086063360108409,0.9812747118890867,0.0007559434362857973,-0.0006580765990112716,0.00044529427927367287
0.09897344008361902,-0.15748897359842481,-0.23722580564712675,-0.0006092761328629747,0.015767081828675297,0.031195261517200874,-0.019295552665119547,0.038443211678747875,0.979814486887007,0.0005187176306386705,-0.0005591031589276525,0.0002878053056752481
0.020354493111740583,-0.17696918970058517,-0.36259116652276174,0.004637112976500055,0.07398777119543225,0.03921472272147176,-0.008505136874997722,0.044948216061117985,0.9704944424735622,0.00015612646411590877,-0.000538748665815912,0.00011083611597466292
0.15710711229493074,-0.15884109276575287,-0.48603293353427124,-0.023254564901427736,0.04303230111006824,-0.028877956687052606,-0.009808846623747779,0.0374732161865279,0.9787993669455715,-0.0003299064694183625,-0.0003816415535209813,-4.800497679108995e-05
0.10633938109016579,-0.18980888035745866,-0.49586786191633186,-0.06967944298160905,0.06629496351807998,0.0006565358751294877,-0.01146184207559674,0.035243258695861424,0.9778535333091861,-0.0008257743313346944,-0.0002753021724308155,-0.00023781385714854864
0.05482725098155286,-0.05347207515688435,-0.4483890110392211,-0.0272720610942581,0.018153278880719784,0.009178906006190939,-0.016885019107104556,0.037311246171563756,0.9757507877909586,-0.0012741633423739155,-0.00022047492144926259,-0.00029128593230543296
0.15082741172526423,-0.08076151977502893,-0.333504415275918,-0.046842051940005194,0.0637167810440969,-0.04108460871488618,-0.018361268474935476,0.0376268228570707,0.9870093466103952,-0.0016076677576498334,-6.964750972399835e-05,-0.00037204745208046196
0.12978782283740228,-0.0999795323003615,-0.22054747967371202,-0.05096126683777457,0.007802939810083846,-0.09731783337816408,-0.019168232723817204,0.03625526469041474,0.9844876596852674,-0.0018282152373235454,6.0140313113403935e-05,-0.00047202698438082345
-0.00574001096359765,-0.0997970888410796,0.02898364498577178,-0.0542153109115833,0.019247246878895688,-0.051992938851969345,-0.022239547928464807,0.03153822054091533,0.9741744594284755,-0.0017992315923377735,5.440030214980628e-05,-0.000571824073221903
0.06904601076724501,-0.001136553826277184,0.21950312942479003,-0.08033004146536275,-0.012887912043603728,-0.03730508100340138,-0.015099576248299417,0.032130153323987665,0.981089168539436,-0.0015797284629129838,0.0001234463129170513,-0.0005729606270481802
0.06051479081148435,0.05371098187043179,0.2854523243025474,-0.0774957667307413,-0.019499429345830377,-0.005125767574343791,-0.01874082719445263,0.04276882398157514,0.9815570131895066,-0.001294276138610436,0.00018396110372853564,-0.0005192496451777484
0.028556166579044036,0.07675978810270713,0.37245238343507026,-0.05666150782258594,-0.03315256349762886,-0.019090247497023205,-0.01564608779541306,0.041348227205930566,0.978492079473852,-0.0009218237551753658,0.00021251727030757966,-0.0004424898570750413
-0.02299617362846542,0.2505814616569869,0.42564828763388435,-0.09103579459358016,-0.04703526253536847,0.0023315078978468707,-0.01677011519892726,0.04614501642337828,0.9721972364342847,-0.0004961754675414814,0.00018952109667911426,-0.00019190839541805439
-0.013414131216739997,0.07316154814146344,0.5031674079102978,-0.06020908098344896,-0.02176365832341598,0.0008430501209191442,-0.023047165697943822,0.03536026074505273,0.9728511215582778,6.9919403688163964e-06,0.00017610696546237426,-0.00011874684727659095
-0.054289905368930524,0.15354572633870384,0.44230757381226987,-0.03814508457575007,-0.04329528053032441,0.020780617847554576,-0.012430425402070875,0.03496570625578805,0.9801774548903838,0.00044929951418108634,0.00012181706009344375,3.4798879062112905e-05
-0.10979437461047752,0.1329126325254592,0.30416044130934583,-0.0007757685374769115,-0.025662671436950973,0.03136225786872345,-0.01731408001655312,0.03172085875582626,0.9799974859669229,0.0007534599554904322,1.2022685482966214e-05,0.00016771151158757213
-0.14932293776585967,0.10143591841951849,0.130191769329509,-0.011895480957304524,-0.020748491642328015,0.0275369487186577,-0.013540543557554808,0.042816470133903564,0.975961631791012,0.0008836517248199411,-0.00013730025228289345,0.0002691474300070906
-0.1539370734126689,-0.014328109425112853,-0.12629169958965314,0.0018504391803871052,-0.00463944220251528,0.06168167503418064,-0.023734773300794793,0.033145076525962346,0.9838926294570938,0.000757360025230288,-0.0002912373256955624,0.0002548193205819778
-0.20473427326678448,0.025530257554682544,-0.40680894906746684,0.022659184010368927,-0.016447940691725126,0.07513589960917358,-0.02178303445644494,0.037519499887841,0.9847061533262285,0.0003505510761628212,-0.000495971598962347,0.0002803495781366603
-0.23323847337651207,-0.017536299776876357,-0.5373936278488176,0.05281670522766323,-0.04530180683868495,0.02389945212427578,-0.019980168843977804,0.03930697494907157,0.9845724794119001,-0.00018684255168599647,-0.000729210072338859,0.00026281327835978393
-0.2395948620336042,-0.048516298195380676,-0.5996453306542799,0.05037976079302872,-0.010489137610165771,0.04777461807157647,-0.016858004598473933,0.029989633849271592,0.9845191437578251,-0.0007864878823402764,-0.0009688049343724632,0.00021429698016440322
-0.1864348665424539,-0.1120771863243983,-0.7681568098888656,0.026722523773329142,0.007018908535740511,0.008966181882207524,-0.018643853001514585,0.04175686796012349,0.9769360357863104,-0.001554644692229142,-0.001155239800914917,0.00010221979384000494
-0.20760368611615543,-0.12513404518837934,-0.7959961975267783,0.030139448581907466,0.019355587865535068,-0.005211839991920918,-0.011357005607033665,0.042986717681334524,0.9702664227441996,-0.0023506408897559206,-0.0013628434870310725,-2.2914251348374396e-05
-0.15464350573485758,-0.31220664839711154,-0.7339717070650372,0.0530377390773195,0.0564031477172489,0.04175041754796956,-0.013057694784594839,0.039383592011815766,0.9752541579303472,-0.0030846125968209577,-0.0015174869927659302,-0.00033512089974548596
-0.05905383918297933,-0.2528317365664635,-0.7012937816796512,0.04487395190929278,0.062437676260498357,0.05205460920747484,-0.021936724213346838,0.037627975543798584,0.9762176157951438,-0.003785906378500609,-0.0015765408319489095,-0.0005879526363119494
-0.09749882902581587,-0.135705299952527,-0.47618617319139445,0.030007483652946004,0.044723505359235506,-0.003234957797151475,-0.003601366469104684,0.03796194519694384,0.9735686547596203,-0.004262092551692003,-0.0016740396609747255,-0.0007236579362644765
-0.04556030697858174,-0.19497742666236642,-0.23988801465292758,0.005787606687651376,0.10194920631061809,0.032726067971392464,-0.018806672821581088,0.04518475880421121,0.9747388795848648,-0.004501980566344931,-0.001719599967953307,-0.0009186353629268429
-0.024134619466644174,-0.28752294664231354,-0.05784267579390344,0.015572520748075946,0.04962874757768048,-0.02224657239796248,-0.011975591006763887,0.03850978088360508,0.9707913680101184,-0.004559823242138834,-0.0017437345874199513,-0.0012061583095691565
0.0853765387197471,-0.1789412159528644,0.2517416619060642,-0.00814142080331549,0.051904223614549064,-0.01694988207928591,-0.019902942599723986,0.03820066834703064,0.9800666325191335,-0.00430808158023277,-0.001658358048700204,-0.001385099525522021
0.13933318091880284,-0.1812939379616591,0.5217997511655051,-0.02297612795154732,0.03347265261448699,0.02068666792747168,-0.01540418853638677,0.034925864740346334,0.9845617244668871,-0.0037862818290672648,-0.0015190248677814013,-0.00156639346348368
0.07654891926022667,-0.09414378313315655,0.6264577860025174,-0.03419784063565788,0.01977720725742646,-0.028802620939253863,-0.013825309637909532,0.024419988048031763,0.9882560444828303,-0.003159824043064748,-0.0014424759485211745,-0.0016605372466168369
0.16247087836981514,0.08151732842592957,0.6867123642263371,-0.01852135668214975,0.020884434924387293,0.012144074723244835,-0.026142394945109414,0.04395263078005835,0.9775131321589438,-0.0024731116788384105,-0.0012800050701513594,-0.001579019918190907
0.25049843795236976,0.09815596672478905,0.822692459072839,-0.07615765183062853,0.0565970970184006,-0.007053370570144648,-0.00993187537103826,0.03851122278640022,0.9753398563945533,-0.0016504192197655714,-0.0010295066321989895,-0.0014808639514661181
0.11965534921372131,0.04503451842908296,0.7580802670039467,-0.06533669576257084,0.04183508280067745,-0.007323426511609837,-0.022617742588645805,0.03420239015611555,0.9759391400388424,-0.0008923389527616245,-0.0009098512829852682,-0.001435829433037035
0.22956927761571902,0.1329097140835112,0.6996486766858883,-0.060943969691370836,-0.0005631156547379326,0.0044025657066638834,-0.020500733863363044,0.04918341362515903,0.9828559240424904,-0.0001926902760757362,-0.0006802820053695491,-0.001302919718953524
0.10812970006606329,0.2100604334376697,0.497181405219647,-0.022755474571986435,0.009243276152317799,-0.02178661340565776,-0.02182435529770879,0.04088058922101206,0.9826975540358484,0.00030449112914391084,-0.0005721523053034858,-0.001092859285515854
0.18556013452783712,0.2258412967742763,0.34285316982120034,-0.046081834578148025,0.014146639517719588,0.052564172829849425,-0.021677162513499337,0.03770414881511936,0.9746993091884504,0.0006473442989651111,-0.00038659217077564867,-0.0008670179887415779
0.16634083391793186,0.2647801909010021,0.18203854886689613,-0.04301260550560663,-0.050694904687331704,0.03576083597694148,-0.021483382911529788,0.04387486194581174,0.9818457285185758,0.0008293828478320074,-0.00022025133685771683,-0.0006022377978405758
0.0761100154720171,0.2109829674499772,-0.08534283600937788,-0.01671575216517836,0.019023234923806205,0.02984200955003813,-0.024893764674481383,0.04067233726643348,0.9765628607346096,0.0007440400118226295,-0.0001441413213856997,-0.0003912548303905986
0.18082231188351905,0.21048831246381927,-0.3423933672273757,6.738290125993252e-05,0.0002441337153607174,0.0179523534523294,-0.015157953177240151,0.04062293798845529,0.9720035093348188,0.00040164664459525377,3.668099049781934e-05,-0.0001807665179267793
0.10906631700744228,0.1581620119767946,-0.38562464804286145,0.033380894811796444,-0.006749517773047257,0.0345108422073746,-0.018427440725101867,0.035883717885187086,0.9748344216302787,1.6021996552392336e-05,0.0001457473075052616,-2.2604505949984673e-05
0.0280844045101799,0.1333743078729818,-0.4788584285188055,0.0112152908335639,0.001240216237852196,0.040122259609453405,-0.019733944320037448,0.042454515170141385,0.9840494453632942,-0.00046283643196641316,0.00017383171201544153,0.00011076980192299712
0.05278214423935497,0.13111066527868975,-0.48082240580913693,0.011437665727282472,-0.06123230709191234,0.00933687169939327,-0.014000076276782427,0.04371904085476888,0.9790690217079907,-0.0009436588377755502,0.0002266138562547965,0.0002418804672016869
0.046252149433527276,0.05729961396413881,-0.3917857644351054,0.009767509024579131,-0.020345898778539304,0.02533423277051452,-0.010285674999756153,0.036045111172339314,0.9728533445372072,-0.0013354446022106553,0.00027286600568832375,0.0002991800811658257
-0.10801572550100016,-0.04303493966858896,-0.35016294682872073,0.01991930748924775,0.015303128202469339,0.0024434518432682496,-0.026954576211024116,0.029629770218969356,0.9800004730811696,-0.0016856075490393762,0.0001648502801873236,0.0002561451414972367
-0.19965689991460298,-0.008397156576814384,-0.18712234227404248,0.07295680917850869,-0.0026631883370894505,-0.013569365159475858,-0.01107232937531203,0.04389633635072982,0.9788101687575954,-0.0018727298913134187,-3.480661972727939e-05,0.00024774798492042233
-0.08049862986573406,-0.052915709589816694,-0.04706676881835028,0.0205407452090916,0.02037381859437228,-0.0008137949898299694,-0.01934098433145774,0.042329170949717554,0.9736175739677729,-0.0019197966601317692,-0.00011530524959301346,0.00019483227533060563
-0.13212414037492365,-0.13199850966225862,0.18330426056737537,0.012984727244582269,0.042652971949925976,-0.034590015727332134,-0.026014074125847116,0.04343720481964251,0.9713611659747412,-0.0017364923995643938,-0.0002474293899679371,6.2833765668347e-05
-0.04713423872038308,-0.16065412167883125,0.3341308211971024,-0.013100668796814322,0.03547445276692523,-0.05230655134123222,-0.01722935940524923,0.0394964789124015,0.9694647911632943,-0.0014023615783672915,-0.0002945636286883202,-9.782035601048426e-05
-0.1309203081916388,-0.07034885330723412,0.42487685533490316,-0.025670513853833992,0.02294974385526312,-0.02833482038307033,-0.019910218423000815,0.044116965454108606,0.966726800761766,-0.0009774847230323881,-0.00042548393687995897,-0.00016816920931771837
-0.09797288446430717,-0.06616018526284655,0.5250686404860998,-0.028076374091599576,0.04481997851110055,-0.02364494875784752,-0.015054903147166392,0.03607594112097174,0.9716039599221598,-0.0004524160825462884,-0.0005234568213442662,-0.0002343293945805649
-0.11252824192084343,-0.18574321905250224,0.43194300776786576,-0.046836147995634625,0.003194058625260892,-0.023138631600285266,-0.01866186403670424,0.03844314843625081,0.9739139728501945,-2.047307477842264e-05,-0.0006359850632651097,-0.00042007261363306717
-0.16073587582821477,-0.026732744999637438,0.4083983210295723,-0.0631767609425852,0.04756305908005782,0.013074608940315221,-0.01763525268415926,0.03417637665596081,0.9810304426263298,0.0003879252462511497,-0.0007967209390933244,-0.0004468053586327046
-0.0687731588670216,0.03923854507402347,0.2936604373819291,-0.07873432780777595,0.051590953032344226,0.008936160315934352,-0.021625019539823587,0.04523229979614657,0.9787783155579081,0.0006815856836330787,-0.0008654940979603461,-0.00040756681355868114
-0.10774251310759086,0.03529386046581853,0.058485866290984574,-0.09108715237949798,0.03617436928816933,0.007176336460977838,-0.024620010565613484,0.039244026723566326,0.9755668766310869,0.0007400715499240634,-0.000973236611067937,-0.0003722729530928626
-0.08390688576509434,0.02830638739975474,-0.1894649653818288,-0.07616519598945527,0.050820908576578915,0.01996131680623446,-0.015797189835531685,0.04066887589903143,0.9651427555684611,0.0005506065845422345,-0.0010571434968330313,-0.0003439665656931079
-0.04388653959335496,0.07418941534235197,-0.4187087872914099,-0.07907281656497504,0.025777433859555623,0.03145769323237207,-0.02215816335347942,0.04170704993925213,0.9759156764979681,0.00013189779725082464,-0.0011010300364263862,-0.0002697771503507559
-0.02104254127215887,0.20109812838783997,-0.5293527793561028,-0.029843905060318043,0.014360904553785447,0.048529447308503476,-0.017548033271344136,0.038377630949354626,0.9661397170100451,-0.0003974549821052782,-0.0011220725776985453,-6.867902196291593e-05
0.04878827618111273,0.18220194203335388,-0.6138082723418642,-0.03940455585148013,0.03840599986179689,0.04496496455042654,-0.012156532324589742,0.043711421860359076,0.978660626626926,-0.0010112632544471425,-0.0010732843015174324,0.00011352292007043796
0.062106333790097085,0.17724723855667834,-0.8165318230768331,-0.058760954938478965,-0.027357055474296232,0.04402634646410523,-0.020409817167539857,0.04791727873568543,0.9787297740485814,-0.001827795077523976,-0.0010111779677273354,0.0002907701586271163
0.11030071095783905,0.2535492299020965,-0.7939564136930781,-0.051470928918689714,0.009995723794257106,0.02071990117799525,-0.01613473023870176,0.04455258121766023,0.9744047753769015,-0.002621751491217054,-0.0009008772567694963,0.0005443193885292127
0.03630704696945987,0.079971224218796,-0.8772284526755917,-0.017949438430052644,-0.00032026024399957245,0.030631083298858892,-0.019811610536576492,0.0310636391736163,0.9781624586044407,-0.003498979943892646,-0.0008645702098000366,0.0006242906127480088
0.10228511167227586,0.08932936086703162,-0.6272219494199226,-0.013876848669015694,-0.01693757772265645,0.04522212564671728,-0.021504627958473497,0.04025386396541937,0.9790772705701324,-0.004126201893312568,-0.0007622850981277606,0.0007136199736150404
0.09009805583552224,0.058735388369450636,-0.5116079132203527,0.014875283354650258,-0.04725524817238113,0.03624794666796259,-0.027515070506349895,0.04050483810346543,0.9744821963519952,-0.00463780980653292,-0.0006721870422922384,0.000772355361984491
0.11303675386615794,-0.010832111823318391,-0.25231503397388233,0.018298881793570587,-0.035326817610456834,-0.005771224005371717,-0.019921491468750066,0.04596289301429156,0.9731381011419329,-0.004890124840506803,-0.0005591502884260804,0.0007615232501611727
0.1002057714049269,-0.14068827310667892,0.01939145561881274,0.04129910138613342,-0.058746544640930494,0.003585838700426786,-0.020566052065550577,0.037028049798374055,0.9671471120871379,-0.004870733384887991,-0.00045894451702115346,0.0006208349770544936
0.07492944668635412,-0.06450885665261907,0.18782572673262343,0.04754941327340371,-0.05176533248464962,-0.012606731581048516,-0.02411850723774989,0.03459222577119102,0.9719438697397078,-0.004682907658155367,-0.0003840150703347993,0.0005563261204018746
-0.0038418225700297334,-0.1954514517656094,0.6318192913284639,0.05833461544595182,-0.033211201776445556,0.02551280346823393,-0.029958784435738142,0.04399223544320756,0.9686647060482174,-0.004051088366826903,-0.0003878568929048291,0.0003608746686362652
0.012970264901230209,-0.23813051153980574,0.6352783397285169,0.048310216035711534,-0.04650676195892514,-0.0027795923383521614,-0.028152209709933606,0.03973692523370454,0.9685429219009124,-0.0034158100270983865,-0.00037488662800359883,0.00012274415709645942
-0.04409676997857585,-0.24942059341730222,0.8037614907679378,0.02729002182668444,-0.024533145288279882,-0.002969252628077266,-0.01089244725716872,0.03673209722882536,0.9698402383951807,-0.0026120485363304484,-0.0004189833979821747,-0.0001266764363208428
0.006732600240236614,-0.2594192656068289,0.8841939247029353,0.05896665795257263,-0.031453711986344834,-0.01415405781463278,-0.019646119692994454,0.0385671923946467,0.9636258998452554,-0.0017278546116275128,-0.0004122507977419381,-0.00038609570192767173
-0.08117631715924864,-0.2545988953126407,0.7935935713539094,0.02936931365258103,0.01501702822153755,-0.02402194167943618,-0.027031945708397218,0.032828123824648975,0.9782591670242674,-0.0009342610402736035,-0.0004934271149011868,-0.0006406945972403125
-0.11283164941429823,-0.18873786233458606,0.6188105604877734,-0.0045829005767354415,0.04632687367133686,-0.016721682701625468,-0.02287639708063368,0.04074900823821712,0.9743863480310189,-0.0003154504797858301,-0.0006062587643154851,-0.0008294324595748986
-0.20182967947180536,-0.14803123674552082,0.5186503507521184,-0.026911819520465813,0.0688997934257012,0.0076476620636324304,-0.019829255962394526,0.03839327976651014,0.9790247419816351,0.00020319987096628834,-0.0008080884437872905,-0.0009774636963204193
-0.19133960202290934,-0.16903971945746288,0.230049967336042,-0.053354262520376776,0.014665374867362989,-0.0004970346791484115,-0.017649074476788144,0.04258994710958699,0.9771592481795544,0.0004332498383023303,-0.0009994280458101997,-0.0011465034157778823
-0.16727933279705623,-0.129412917433448,0.08422722995193341,-0.06786888944339162,0.0270352841355291,0.022241987721144402,-0.02107199602521529,0.03891210282323139,0.9755729485216543,0.0005174770682542638,-0.001166707378607256,-0.0012759163332113303
-0.19070567869922087,-0.045736620461474704,-0.030909805176983024,-0.02644905693231448,0.050059278697201316,0.022283196702232846,-0.009811588113742605,0.040125116518888546,0.9769791161657708,0.0004865672630772807,-0.001357413057306477,-0.001321652953672805
-0.19149313106922533,-0.016183117887855973,-0.3507582929091424,-0.03548543794691337,0.07203126759823669,0.03157270889251494,-0.009586857355066043,0.037680876223393556,0.9736914652186522,0.00013580897016813833,-0.0015489061883757023,-0.0013378360715606608
-0.2605730912587788,0.08669419896193074,-0.4535047569640064,-0.06904653438222905,0.05571557989415717,0.03714759807647638,-0.01802395251143643,0.03869306942569401,0.9793922400169497,-0.0003176957867958681,-0.0018094792796344808,-0.0012511418725987301
-0.20232156839553372,0.10162459041582808,-0.39939020805866066,-0.029098952349166284,0.07846031679778966,0.022046763639386967,-0.021779502106301227,0.03432513814998209,0.9702477437152478,-0.0007170859948545287,-0.002011800848030015,-0.001149517282182902
-0.15549630322175184,0.2904113904808499,-0.49544732224501686,-0.03935025655445366,0.06665983618487523,0.026195791464608598,-0.01804396903977284,0.04514176650822151,0.9726255530269007,-0.0012125333170995456,-0.0021672971512517666,-0.0008591058917020521
-0.0594414171660976,0.2330273605187734,-0.46702952994503627,-0.03957684300249376,0.015202483437720071,0.047858894365361566,-0.02660929583283187,0.03977802121641624,0.9712601052479528,-0.001679562847044582,-0.0022267385684178647,-0.0006260785311832786
-0.16864615565439875,0.22200424591348758,-0.2915270895019295,-0.01580542224838002,0.04429348382038768,0.06108132350768492,-0.01497445042735768,0.030045492723025213,0.982671236872207,-0.0019710899365465114,-0.002395384724072263,-0.00040407428526979106
-0.09309931706762264,0.28277296173119804,-0.1750744316280618,-0.008476810030600359,0.009593394039192214,0.03580490097113098,-0.01911948591626814,0.03206803853789702,0.9693567901417274,-0.002146164368174573,-0.0024884840411398858,-0.00012130132353859302
-0.09385506283925647,0.1812528819110596,-0.1030910064194554,-0.0050531942216434644,0.013380430173252553,-0.0468126904896685,-0.026018694373722524,0.045185328173563716,0.9788848817020726,-0.0022492553745940285,-0.0025823391039791425,5.995155837246657e-05
0.047248583460890975,0.17814412834481524,0.13185564067917507,-0.0008075400453104748,0.006480341139555876,-0.015290564376393966,-0.022909601875879086,0.03978312616801031,0.9655596262695951,-0.0021173997339148536,-0.0025350905205182516,0.0002380956867172818
0.12426367054170756,0.19095170115740556,0.4370095960558842,0.012297035841251358,0.019914523644387117,-0.00672438787961384,-0.017124908162467933,0.039900395206676674,0.9728081008047761,-0.0016803901378589694,-0.002410826849976544,0.00042904738787468734
0.12069506616841655,0.1290774990274728,0.4616925831796451,-0.009885085777142696,-0.0042154292907417516,-0.03883946382729246,-0.028321277599797818,0.039986187099737204,0.9713292161118774,-0.0012186975546793245,-0.0022901317838081277,0.0005581248869021602
0.16059243452831248,0.11710028748786633,0.560241983838108,0.010743263801245288,-0.020234866289251724,-0.04585644077977193,-0.024465200465297106,0.04243519566592694,0.9670633715487316,-0.0006584555708412165,-0.0021295393492798153,0.0006752251743900266
0.11075399225618195,-0.1119450476357573,0.4264008359500603,0.06342305372948433,0.025560252456339284,-0.035033835018478884,-0.022328505073068262,0.04764890209932011,0.968776146608392,-0.00023205473489115613,-0.0020187853570236333,0.0005632801267542693
0.192676390917066,-0.001084433833826913,0.386436145480644,0.007542388124648169,-0.037541228256125145,-0.02068807311891927,-0.015123836415662832,0.04221823262022538,0.9745445567204235,0.00015438141058948785,-0.0018261089661065673,0.0005621956929204424
0.1501973810878036,-0.10928036958738029,0.23822769037780878,-0.020090956417029522,-0.014931677917560088,-0.013254507984159109,-0.011428059342080904,0.04152510353699287,0.9702778044203533,0.0003926091009672966,-0.0016759115850187639,0.00045291532333306206
0.19079340796881333,-0.17364492972902396,0.03384831475889957,0.024448336102860353,-0.006067618384364456,-0.028140262259224315,-0.018105381757504223,0.03712649851081141,0.9670652491027661,0.00042645741572619624,-0.0014851181770499503,0.0002792703936040381
0.20576956326201573,-0.22212470381414076,-0.14281844165170623,-0.0018626469406243691,-0.012627202336027172,-0.022391750622794096,-0.035798366805731535,0.03226335036348807,0.9763111570487063,0.00028363897407449,-0.0012793486137879346,5.714568978989734e-05
0.15653206057091545,-0.17755840592859204,-0.4171856278172511,-0.01563854676295546,-0.028653682021196114,-0.021195811698484966,-0.025578862177017922,0.042341482940030144,0.9716475954148113,-0.00013354665374276108,-0.0011228165532170189,-0.0001204127161386947
0.18840765556278882,-0.07377254480084705,-0.5022393721971424,-0.04038130552017358,-0.02289803432885332,0.016171900428683324,-0.00251359072820145,0.042736969406990795,0.9733409687317165,-0.0006357860259399036,-0.0009344088976542301,-0.00019418526093954177
0.11831815564125445,-0.08384069674546699,-0.6853835858643448,-0.03393467827682495,0.016246875576361175,0.025503556117712864,-0.019200770028819782,0.04544959516390181,0.9770822819563957,-0.0013211696118042484,-0.0008160907420129756,-0.0002780259576850087
0.10931356881758102,-0.02321952579701246,-0.8035956441498096,-0.03475263476663415,0.03291063072467269,0.044975954499518,-0.03301505652385481,0.04850158038726329,0.9792770575787518,-0.002124765255954058,-0.0007067771731953947,-0.00030124548348202124
0.15177689834381333,-0.06487738556275599,-0.8066629556882675,-0.08621123725210826,0.018966655566334333,0.03819126053266118,-0.008113627206182332,0.034130005392921,0.9600493547002925,-0.0029314282116423254,-0.0005550002748515812,-0.00036612286904477725
0.0545002603768122,-0.010705905788161777,-0.7685744094458214,-0.06995272323383875,0.0009356340356155776,0.016065024908656057,-0.026651162239962445,0.03684698056049455,0.9708744026776939,-0.003700002621088147,-0.000500500014474769,-0.00037682877483293897
-0.03566090701770502,-0.04286678745174456,-0.7045051413991601,-0.06286725938399501,0.033498875621672614,0.039419192258059524,-0.017096589833067714,0.04324487194981886,0.9629589335595439,-0.004404507762487307,-0.000536160921492474,-0.00041969556228468353
-0.054152798146032716,-9.979907882327888e-05,-0.48152849333572034,-0.09492604245401122,0.06789177589770376,0.06476984816750603,-0.025687530929509914,0.03989503337664209,0.9849059125246835,-0.0048860362558230275,-0.0005903137196385066,-0.0004197953613635068
-0.019352777434785348,0.10217549680306118,-0.21294239091047043,-0.04685270102957137,0.019728838946693153,0.011247598707227543,-0.008936450308796688,0.04709057835222033,0.9719615940941706,-0.005098978646733498,-0.0006096664970732921,-0.0003176198645604457
-0.034351818730699084,0.07227271619529096,0.030222181574313212,-0.04431222814462693,0.033503523726880105,0.03989659756100466,-0.027022294092395524,0.03888925096527254,0.9760059855570279,-0.005068756465159185,-0.0006440183158039911,-0.00024534714836515467
-0.10111338258812616,0.11058172359358691,0.3228495734255644,-0.07758270171589396,0.03870985623016723,0.040694119014115696,-0.022854067289935488,0.04984471011235923,0.967937115613783,-0.00474590689173362,-0.0007451316983921173,-0.0001347654247715678
-0.1804010187892625,0.15265814179638712,0.5371083518204742,-0.004435650785218612,0.05478644191831453,0.0668666537710407,-0.014671476863692252,0.04010110935253663,0.969228097232997,-0.004208798539913146,-0.0009255327171813799,1.789271702481934e-05
-0.15779531429828775,0.1956022406469351,0.654664628280228,-0.0422817309133572,0.01591250369118207,0.005748514570582634,-0.02267020962317158,0.04794004015546878,0.9764348150695354,-0.003554133911632918,-0.0010833280314796676,0.00021349495767175445
-0.10286599616290586,0.1103565531643276,0.7406336779731213,-0.014158223259589504,0.028044912401154812,0.00632258824314626,-0.017460182714741354,0.027746913131689636,0.9734463388057653,-0.002813500233659797,-0.0011861940276425738,0.00032385151083608204
-0.07505493149636999,0.00834213014594154,0.8499181008836738,0.030361150861338296,0.036888911104612274,0.03431491500232122,-0.015725007764441176,0.04219144206658688,0.9791924335467129,-0.001963582132776123,-0.0012612489591389436,0.00033219364098202364
-0.04021895291575691,-0.06096422393979903,0.7796110246578224,0.05248363502217407,-0.030457112715312776,-0.017853085846121858,-0.018978660692999843,0.039853720762214176,0.9665649672820698,-0.0011839711081183006,-0.0013014679120547006,0.0002712294170422246
-0.15965600237070787,-0.02532854810937188,0.6298217676934333,0.04547348896566315,-0.036930986452722976,0.010866705264196136,-0.02540469558308625,0.02924550031566483,0.9695798932545772,-0.0005541493404248673,-0.0014611239144254084,0.0002459008689328527
-0.002061889013481359,-0.11508448803069085,0.4388385040412252,0.038865495941456454,-0.021857170329475907,-0.0048493537473228675,-0.023768525387825538,0.03961257911768327,0.973169209607928,-0.0001153108363836421,-0.0014631858034388897,0.00013081638090216185
0.04990436142810392,-0.13354088752024013,0.2577926723711852,0.049863728568335236,-0.00845185967879399,-0.016614948326386707,-0.021734030382777436,0.033474848070451924,0.9738654574732031,0.00014248183598754313,-0.0014132814420107858,-2.724506618078271e-06
-0.0985412986890267,-0.19438317583770814,0.0914627681108384,0.04658036675893406,-0.02776353974438932,-0.0002026497140998739,-0.0168627405135275,0.03703884670912326,0.9725670602592218,0.00023394460409838152,-0.0015118227406998126,-0.00019710768245578643
0.03796557037079434,-0.22407207613220537,-0.05399570203265801,0.0657081419659523,-0.017249025427226727,-0.007139423578283158,-0.01572291936683482,0.041135516210822044,0.9637888488102714,0.00017994890206572353,-0.0014738571703290181,-0.00042117975858799183
0.09755323601538218,-0.18820381765242106,-0.3141887437572426,0.031631297233735756,-0.07447316144269163,0.04753439622187285,-0.01873691666549304,0.0389665859696875,0.965625169970213,-0.00013423984169151908,-0.001376303934313636,-0.0006093835762404128
0.018694036399206693,-0.20246343996003152,-0.4656951781147891,0.014465464949009103,-0.032703305756506866,-0.03155351672436758,-0.016231962884851316,0.041333117091109366,0.9719804850019594,-0.0005999350198063083,-0.0013576098979144293,-0.0008118470162004444
0.07678888396804083,-0.2253225845678744,-0.3893233135989288,-0.016427227892555844,-0.09314600934754443,0.011513562398001179,-0.02768049820671123,0.04030688380994395,0.962489961689968,-0.000989258333405237,-0.0012808210139463882,-0.0010371696007683187
0.13591311549509905,-0.2589937867648344,-0.5003875187062834,-0.014174910117165086,-0.0038069286695536575,0.018741947979975297,-0.018212528923732266,0.0512613958949328,0.9657107730081815,-0.0014896458521115204,-0.0011449078984512894,-0.0012961633875331533
0.09003261189272724,-0.2042793566119148,-0.4509994371206329,-0.019917543127231603,0.0014559937677576691,0.026287894516883,-0.02000344583916496,0.04075323039036135,0.9702620132248713,-0.0019406452892321534,-0.001054875286558562,-0.0015004427441450679
0.09447856829248952,-0.09297054446436231,-0.31100271245981354,-0.054130771679105884,-0.019127736849965642,0.05368368946025285,-0.017180075786262145,0.039986003232296174,0.9661295517328152,-0.002251648001691967,-0.0009603967182660726,-0.0015934132886094303
0.11167048455061931,-0.008770269588574887,-0.15388599464767477,-0.07808226760349127,-0.047773773019425037,0.023806823592389753,-0.015871253023936306,0.04149353300485816,0.9710911792555974,-0.002405533996339642,-0.0008487262337154531,-0.001602183558198005
0.0315272482875559,-0.06315486056309903,0.10180496015117735,-0.03212083153712853,0.005834960391862626,0.04067869569832926,-0.024863739442417473,0.039222237569277535,0.9694316256260025,-0.002303729036188464,-0.0008171989854278972,-0.0016653384187611043
0.014273628703835639,0.13008152927759964,0.13710645862960086,-0.07655945405473769,0.04391845284368189,0.03107694333134243,-0.020133106336182243,0.03139708676621761,0.9658738511461615,-0.0021666225775588636,-0.0008029253567240617,-0.0015352568894835045
0.058072445938770756,0.08429343634955322,0.38503232541600063,-0.08359781031573595,0.04079324765940862,0.0366884263361895,-0.012884817407751444,0.04273865185610796,0.965927402959106,-0.0017815902521428632,-0.0007448529107852908,-0.0014509634531339511
0.04974710969894931,0.20319614716889156,0.4550086198595844,-0.022956912890822634,0.07917714430236343,0.00906103365315598,-0.018010738730945178,0.04569453213553619,0.9760746679485782,-0.0013265816322832788,-0.0006951058010863415,-0.0012477673059650596
-0.008178725346307772,0.34202383081067655,0.46854276408104456,-0.03074286316314346,0.04418639172543426,0.009263141655662999,-0.0200043219076696,0.046977666353951224,0.9715413152917445,-0.0008580388682022342,-0.0007032845264326493,-0.000905743475154383
0.00288207311050271,0.1666599705049883,0.45143147221569024,-0.01765445216543782,0.09645551074496286,-0.008696682939516863,-0.025564164006521593,0.042607883207629794,0.9707929440265066,-0.0004066073959865438,-0.0007004024533221466,-0.0007390835046493948
-0.07265929350063297,0.27393419497569077,0.36298232223564525,-0.016451643285566725,0.018674817312557802,-0.034224516829572775,-0.016731700250456172,0.03777522869016964,0.9697663953565481,-4.362507375089858e-05,-0.0007730617468227796,-0.000465149309673704
-0.03664940102462104,0.23103210292620102,0.2293832094038121,0.012302375796612178,0.04460035185813293,0.01075135316983158,-0.026367396908136876,0.0403917977106741,0.9648908845375385,0.00018575813565291355,-0.0008097111478474006,-0.00023411720674750298
-0.14416931139233216,0.24543972868115665,0.01350162492248036,0.016282994666896245,0.03195122780058681,-0.04099713859487417,-0.020277568669243788,0.047965506438745836,0.9665422329234032,0.0001992597605753939,-0.0009538804592397328,1.1322521933653684e-05
-0.15577975732132043,0.16224977840193067,-0.1817382295312098,0.0030701429436296203,0.06823296116040212,-0.03717996806489891,-0.02181038879492653,0.0378694597928378,0.9572966916648114,1.752153104418408e-05,-0.0011096602165610529,0.00017357230033558438
-0.16262063778916305,0.031796372634097195,-0.426530963636932,-0.0022054599084948764,0.022812047508958946,-0.043701215328434496,-0.017355055777621066,0.03297633401249794,0.9660541448517823,-0.000409009432592748,-0.0012722808543502162,0.00020536867296968154
-0.2166018703387031,0.0591315786632897,-0.47824917841782194,-0.00047607292353439926,0.05901912651070477,-0.0145954988736021,-0.022282857020602592,0.04994420479319507,0.9660748792881203,-0.0008872586110105698,-0.0014888827246889193,0.0002645002516329713
-0.2222918720032359,0.05457392576810917,-0.674701534736444,0.024841311754732108,0.04328554568766617,-0.025659407255312593,-0.020898103648391342,0.033759531756466093,0.9718528916882264,-0.0015619601457470139,-0.001711174596692155,0.00031907417740108045
-0.21912438274019652,0.04651658373715281,-0.7791556720458328,0.004131251335419842,0.023258967927347225,0.02285602571092847,-0.0237750263735562,0.030942645132830713,0.9660310615301583,-0.0023411158177928464,-0.0019302989794323516,0.0003655907611382332
-0.1869318293516235,-0.0459830537079869,-0.8301693978249108,0.0047250490229103145,0.0075037378832542205,0.013295177905796604,-0.020428556380010347,0.04034807994627673,0.9729132040375541,-0.003171285215617758,-0.002117230808783975,0.0003196077074302463
-0.04290382518312426,-0.03733975106381335,-0.7048247888008536,0.00855211549331043,-0.02054994767481713,0.0077459435731696644,-0.018076860968393657,0.040745954987101755,0.9676222127933137,-0.0038761100044186116,-0.0021601346339670995,0.000282267956366433
-0.02524769822014475,-0.15674585592815143,-0.5913987665177577,0.02745976111665046,0.0044529559179557815,0.005486892403218077,-0.020850842120194578,0.04094109163047984,0.9696008569146859,-0.004467508770936369,-0.002185382332187244,0.00012552210043828156
-0.09030719049694252,-0.1760550094570505,-0.40427406666655435,-0.04495900800079375,-0.02419837708854726,0.030753587448040104,-0.02064414183271199,0.04298979046012323,0.9686397175180366,-0.004871782837602923,-0.0022756895226841863,-5.0532909018768946e-05
-0.05750663771227178,-0.13517864442101293,-0.19932126327878646,-0.029511248181052052,-0.0031576309330828365,0.05079422743777533,-0.018215772791691114,0.037736908070521,0.9722322049614968,-0.005071104100881709,-0.0023331961603964588,-0.0001857115534397819
-0.0982064528648601,-0.1556405419209504,0.08970299538697464,-0.07045115655401887,0.009249863231908052,0.044460162711359164,-0.01399406369293191,0.03775473072442612,0.9747020905805311,-0.004981401105494734,-0.0024314026132613185,-0.00034135209536073234
-0.0064999605873771946,-0.06168015984282126,0.39892329695395007,-0.07065617630219724,-0.026768283612832608,0.044747664072282006,-0.01523687839018513,0.03556984287187548,0.9636739479021275,-0.004582477808540784,-0.0024379025738486956,-0.0004030322552035536
0.038996750264527806,-0.14279058524493127,0.5385253496917832,-0.052731535994987935,0.008186484345669128,0.02639673372363091,-0.025388468421761096,0.0390637146842568,0.9773442541366624,-0.004043952458849001,-0.0023989058235841677,-0.0005458228404484848
0.08970080189785291,0.003645257984932024,0.6846216610108856,-0.09684386985637376,-0.010027528308250624,0.08813318293488762,-0.015041490924027642,0.041032229272261106,0.9642015237094996,-0.0033593307978381157,-0.0023092050216863146,-0.0005421775824635529
0.11269268476762348,0.06479992831551079,0.7969434275759926,-0.08972654166418462,0.004192607338051903,0.03330529400515972,-0.011997320152057626,0.04279837409272433,0.9675024899149393,-0.0025623873702621237,-0.002196512336918691,-0.0004773776541480421
0.17180509445635306,0.0704818432925077,0.8157662704249173,-0.08182069084300315,-0.02686368593529019,0.0020740054135523853,-0.015265520596190544,0.033716422303004506,0.9657177027719102,-0.0017466210998372063,-0.002024707242462338,-0.0004068958108555344
0.21372242317961218,0.13539431743850439,0.7355219828102257,-0.06628356768585834,-0.006129331295585352,-0.0007826007495598045,-0.030818173396314173,0.031914227526069844,0.9758399371632679,-0.0010110991170269804,-0.001810984819282726,-0.00027150149341703
0.15325212122840173,0.09498017042556467,0.6066403468347034,-0.08262688107293398,0.0018134205635886962,0.0047279262021875015,-0.017382764763515832,0.042509344347708575,0.9629357469887895,-0.000404458770192277,-0.001657732698054324,-0.00017652132299146535
0.2537302227432902,0.10684552444396075,0.5047774735143445,-0.034037300228322034,0.050393210872944835,0.0419627565724923,-0.011744297411641895,0.03537738187698726,0.971766901656949,0.0001003187033220676,-0.001404002475311034,-6.967579854750458e-05
0.1967769511545055,0.16833605199379417,0.31843493780714277,-0.05276404559955178,0.023158461231287914,-0.0075583557279540695,-0.020859236339576266,0.03303373143484636,0.9570766304795808,0.00041875364112921044,-0.0012072255241565284,9.86602534462896e-05
0.2077793506951085,0.11178067565932798,0.15179676298245542,-0.016828528824794454,0.04795303906773231,-0.016916618280498945,-0.004069117451702464,0.028644989600558793,0.972127097553833,0.0005705504041116659,-0.00099944617346142,0.00021044092910561755
0.12632400921328577,0.1376725517709597,-0.1335730870851065,-0.012178357246797916,0.03718330042766723,0.004578650484406697,-0.029424138903189415,0.0448677981908242,0.9670410377197827,0.0004369773170265593,-0.0008731221642481342,0.0003481134808765772
0.14596420766858814,0.10382274069844431,-0.31692944199142525,0.024140582504504137,0.032718895493669735,0.005716247223535293,-0.01774431727851817,0.03914335278717847,0.9660648240147135,0.00012004787503513404,-0.0007271579565795461,0.00045193622157502157
0.11194645225020225,0.042510812172672,-0.396763727612627,0.06595134983235482,0.009269829855253596,0.0027429324035630406,-0.014809626034232696,0.0404257391290527,0.9644186793422341,-0.000276715852577493,-0.0006152115043293439,0.0004944470337476936
0.12631417149921412,0.006991239103573951,-0.5332363947738606,0.03323266230849411,-0.002902529582021511,-0.002014845053178385,-0.017516922324275364,0.039817683360228784,0.9674843432264408,-0.0008099522473513538,-0.0004888973328301297,0.0005014382728512675
0.055600445264149756,-0.031878897913873945,-0.4486276754112544,0.04827900999659278,0.022949184921816444,-0.02195042766267588,-0.017557408432644694,0.03862462651482396,0.965982814433144,-0.001258579922762608,-0.00043329688756598,0.0004695593749373936
0.03228106051068929,-0.12009783413892637,-0.3544463078101704,0.04559263309012752,0.016734127204113856,-0.007682674080380645,-0.02347739358938948,0.0373762607022087,0.9602435927377793,-0.0016130262305727784,-0.00040101582705529064,0.0003494615407984672
-0.06167163111218064,-0.18703694364080647,-0.22743651093227107,0.04366078768722002,-0.004013056403810536,-0.016996347540712234,-0.021101932400152804,0.03707036923403048,0.9637143701753728,-0.0018404627415050494,-0.00046268745816747134,0.00016242459715766074
-0.009028825392342912,-0.1681773703893153,-0.0352636704080105,0.03807300326432197,0.006797170927134733,0.017314287673736967,-0.015304909698239742,0.03246577805774359,0.9715716030042783,-0.0018757264119130602,-0.00047171628355981425,-5.752773231654574e-06
-0.14457998642341155,-0.2223998500528385,0.03726741644086019,0.044240729169700586,0.03319798822512617,0.01901079487067231,-0.02868909182488551,0.028450961970828675,0.9655072024525374,-0.0018384589954721997,-0.0006162962699832258,-0.00022815262328449308
-0.12823718928195482,-0.228760306040368,0.21070918816832418,0.01814239695631887,0.014119533222950304,0.020756784936461783,-0.013540278388627362,0.04843265150980326,0.9635087795909903,-0.0016277498073038754,-0.0007445334592651806,-0.00045691292932486106
-0.09844066028514062,-0.2214244829142696,0.36240573658038033,0.005214533096521222,-0.024830561221105784,0.03839599283864127,-0.01858283675986559,0.03732008365809949,0.9676355589667126,-0.0012653440707234953,-0.0008429741195503213,-0.0006783374122391307
-0.1670839872541831,-0.2240049773001325,0.41223402245150337,-0.0582399390715153,-0.031428194651700145,0.018590432197920156,-0.015196265058506218,0.03486719925952095,0.9697875767679851,-0.0008531100482719918,-0.0010100581068045044,-0.0009023423895392631
-0.15240319298551813,-0.21408616951618842,0.5191780267108389,0.017306313755229855,-0.02513704220241139,0.021308003769972023,-0.013670035913637671,0.032973948774004204,0.9705369888525991,-0.00033393202156115293,-0.0011624612997900225,-0.0011164285590554517
-0.14182532022178962,-0.1808499343921922,0.4901147535182482,0.007799663622731844,-0.03607709832401561,0.012500116463690024,0.0008057066280430722,0.042149542397539146,0.9689176363663509,0.00015618273195709532,-0.001304286620011812,-0.001297278493447644
-0.06567200703877632,-0.10054784119594094,0.3850481972421925,-0.0249212079700558,-0.02867031592416332,0.01391516495811599,-0.010794926705310452,0.03754720124957593,0.9732150281105717,0.0005412309291992879,-0.0013699586270505884,-0.001397826334643585
-0.06936043596405417,-0.011828151842922689,0.21091625167621675,-0.06540772649727031,-0.03392562657122138,0.013054811056300259,-0.023739408393685706,0.03242756099419883,0.9673583533022548,0.0007521471808755046,-0.0014393190630146427,-0.0014096544864865075
0.006849498681387477,0.05510132905723052,0.05544321771882178,-0.07975577759827855,-0.032912221877433895,-0.03024716027344118,-0.006863639826672549,0.03514678777007302,0.9658744068102415,0.0008075903985943263,-0.0014324695643332553,-0.0013545531574292772
0.07571179351745136,0.10011974934597204,-0.17848900213271174,-0.08844492830981289,-0.04086158258705882,-0.002905488439126521,-0.031179683987851224,0.03814036126180681,0.9713647863634817,0.0006291013964616146,-0.0013567577708158039,-0.001254433408083305
0.028941159232184606,0.16611210844148272,-0.44299734174732813,-0.04305575511238828,-0.011891765065955791,-0.013988801522756495,-0.019771844505449897,0.034568916595479636,0.9633977207674491,0.00018610405471428644,-0.0013278166115836194,-0.0010883212996418224
0.019337483899968373,0.14545960760978932,-0.7343855795840881,-0.02545154204342727,-0.053950446968833624,-0.01619598681286248,-0.01662455335687445,0.04049479163985432,0.9648624557481715,-0.0005482815248698017,-0.0013084791276836507,-0.0009428616920320329
0.08374665585986638,0.20820531599043707,-0.7496780832343707,-0.039106093277836186,0.007941861747739231,-0.02465778176707331,-0.01905131188743719,0.046956232158465463,0.958861078880223,-0.0012979596081041725,-0.0012247324718237845,-0.0007346563760415958
0.045739941842936775,0.27859926823502634,-0.8048031759018975,-0.014466968546300089,-0.02703520053278434,-0.019991484235634766,-0.01596056037445531,0.03414144015964986,0.9758392917000057,-0.0021027627840060703,-0.0011789925299808476,-0.0004560571078065695
0.09917350668858721,0.21148720238258947,-0.8034201048199096,-0.010415950325449773,0.030946228734304807,-0.03251880210662018,-0.01815046521155443,0.03474106479762808,0.9771404011958184,-0.00290618288882598,-0.0010798190232922604,-0.00024456990542398
0.22461710870653784,0.24254588978414626,-0.737760160029543,-0.022000258709340394,0.016436951333822666,-0.009595353304589065,-0.010819630272555626,0.03192980690553242,0.9657820466603075,-0.0036439430488555227,-0.0008552019145857227,-2.0240156398337596e-06
0.10472470667422978,0.21013329483321827,-0.6089438325447796,0.025636920255459893,0.07043270596663677,0.01246413875345011,-0.01959061269883097,0.035224706007287915,0.9704184092632864,-0.0042528868814003026,-0.0007504772079114928,0.0002081092791933845
0.12386728638999692,0.1621267825302822,-0.4219104724240385,0.03462449789397382,0.05353960055753373,-0.010642320207175539,-0.01769289978623079,0.02610212999957804,0.9700429849345322,-0.004674797353824341,-0.0006266099215214959,0.0003702360617236668
0.09160905802484884,0.14932798441870598,-0.19221095519939324,0.0034783288388961844,0.0563279553014228,0.0006500724281419488,-0.008191841038330545,0.041311621340785275,0.9674365139409087,-0.0048670083090237345,-0.000535000863496647,0.0005195640461423727
0.06290709358596977,0.0742744247137636,0.12759066407036124,0.043600504359663214,0.066397939753803,0.03302243876709595,-0.01214268251199416,0.029054109342472628,0.9725114230704968,-0.004739417644953373,-0.00047209376991067724,0.0005938384708561364
0.08092188238258427,-0.04640634313882009,0.39949900930844456,0.024826926856613397,0.040370131125118114,0.019064563004948153,-0.0177660306766626,0.031602511864707625,0.9600545816726914,-0.004339918635644929,-0.00039117188752809296,0.0005474321277173163
-0.027239888897805327,-0.01945134512562129,0.4999786516060606,0.01889208957696728,0.07693229783296589,0.02385800099350354,-0.014487661038872885,0.03596132528271621,0.965399377393512,-0.003839939984038868,-0.0004184117764258983,0.0005279807825916948
-0.00735975303630482,-0.11130057840874563,0.7092824973918725,0.024440854933373286,0.06291794432809433,0.052508594946732524,-0.007417939319217243,0.042336733547299193,0.9558343779596219,-0.0031306574866469955,-0.00042577152946220317,0.0004166802041829493
-0.09499504379447157,-0.1851917605958983,0.8352831144756091,0.01301396876915232,0.03066515606766601,0.038562771346477086,-0.023635367335653027,0.031084691688959908,0.9611587942970486,-0.0022953743721713864,-0.0005207665732566746,0.00023148844358705095
0.005329851749368841,-0.1101346094838766,0.8025160743305076,0.01021209543104184,0.01170133752673044,0.07179853451031595,-0.02208054350073398,0.03432814257590299,0.9580310217519741,-0.0014928582978408788,-0.0005154367215073058,0.00012135383410317436
-0.052180847689277526,-0.20666724229881242,0.7824214518943181,-0.03953078921905207,0.014761797292226594,0.03537143333478171,-0.019446169400493096,0.03663374784429494,0.9569159773617454,-0.0007104368459465606,-0.0005676175691965834,-8.531340819563807e-05
-0.16194368205996731,-0.16207877679719598,0.6718832920545387,-0.026704705129886,0.010106894942404727,0.023091310130216834,-0.015416515054346613,0.03171198890611178,0.9635739709848751,-3.855355389202186e-05,-0.0007295612512565508,-0.00024739218499283407
-0.23667272031657827,-0.11263004991117846,0.4628617184968285,-0.07600578563491835,-0.019077776710750248,0.03212694336762225,-0.011589233505736346,0.03437029880623584,0.9678214644411532,0.0004243081646048067,-0.000966233971573129,-0.0003600222349040125
-0.14785553409325664,-0.09856193158777048,0.21414665795397098,-0.0693481575280813,-0.015255220050918079,0.03234715992372772,-0.020183532412032308,0.026922218261751972,0.9626170607679095,0.0006384548225587777,-0.0011140895056663857,-0.00045858416649178303
-0.1849234609609479,-0.08451743930326082,0.08239294714625524,-0.07813527822256887,-0.025261266436530233,0.020929472163060004,-0.02099477941142638,0.03213734063475823,0.9631642873784589,0.0007208477697050329,-0.0012990129666273333,-0.0005431016057950438
-0.0848727854383975,-0.05719868621494772,-0.1895074383664053,-0.06294009321712815,-0.022947774813210257,0.016488604220824633,-0.02277155163499643,0.04082828421193088,0.9621628189759447,0.0005313403313386276,-0.001383885752065731,-0.0006003002920099916
-0.12107324624225554,-0.00112727931602917,-0.3516900934364595,-0.0843622811589275,-0.02612649754342713,-0.013073283662914518,-0.020850732446968667,0.03865366565183865,0.9664852889077519,0.00017965023790216807,-0.0015049589983079864,-0.0006014275713260208
-0.14607316750069976,0.02661770472465269,-0.42449887482976817,-0.08748705036964845,-0.013528347921919613,0.014744729875698697,-0.019343637306212066,0.032254984029747004,0.9627077664495266,-0.0002448486369276001,-0.0016510321658086862,-0.0005748098666013682
-0.18193368725720416,0.10596698925040232,-0.5072624796987382,-0.04699359256528954,-0.021418303009280347,-0.04476560490769976,-0.026806992966885525,0.029306025060179763,0.9606448623389982,-0.0007521111166263384,-0.0018329658530658905,-0.0004688428773509658
-0.14530418559927535,0.1123385772073663,-0.4824577830409383,-0.07329984267698009,-0.010599791750121892,-0.028433541164453353,-0.0187205405347236,0.03320631177633913,0.970286736046099,-0.0012345688996672766,-0.0019782700386651655,-0.00035650430014359954
-0.08930004111308411,0.08723462812160189,-0.40641371858759373,-0.05997947463940846,-0.008386697689752939,-0.010642188553856345,-0.021085058057981925,0.026845679429225132,0.9612111530887034,-0.0016409826182548705,-0.00206757007977825,-0.00026926967202199766
-0.05234909941957473,0.13671479423847022,-0.2646276687429949,-0.0714818143019193,-0.010508543499088745,-0.021597704626074986,-0.016579914041839037,0.033075129647508854,0.9591615390525494,-0.0019056102869978654,-0.0021199191791978246,-0.00013255487778352743
-0.06375076868766177,0.10555858694117251,-0.08178785689009113,-0.020353112744994517,0.014799695154892056,-0.008189367891690709,-0.007192445116871036,0.031902929031209934,0.9691683478219506,-0.0019873981438879563,-0.0021836699478854863,-2.6996290842354917e-05
-0.05511265865213126,0.1191460909467868,-0.004636473405266975,-0.016749103629198125,-0.04559351524574944,-0.014685859000800052,-0.02357172104836571,0.03161336390381744,0.9569981086492955,-0.0019920346172932236,-0.002238782606537618,9.214980010443189e-05
0.13483438654944596,0.08353128493846958,0.24767216909146003,0.013998131703416853,0.010114622533130533,0.008264691587713079,-0.010455874766602568,0.03303302783644161,0.9715123311387175,-0.0017443624482017636,-0.002103948219988172,0.00017568108504290147
0.08420036724488485,0.07986331139646276,0.30502546716213164,0.038551685832765754,0.013149794919448354,0.0289116314578073,-0.0071075768429442136,0.03631426311768915,0.9601842749353526,-0.0014393369810396317,-0.002019747852743287,0.00025554439643936427
0.13509722309182376,-0.00606937376092009,0.4519875883137709,0.023589509185071605,0.03296504898497237,0.01513161290950098,-0.010541549999401234,0.02832786952447518,0.9656640533415922,-0.0009873493927258607,-0.0018846506296514632,0.0002494750226784441
0.1041165011041075,-0.14116935201831793,0.5092433541093528,0.03643265367023216,0.022200942618243714,0.01275239340998297,-0.013573149427821132,0.03819921580033649,0.9602394182682913,-0.00047810603861650795,-0.0017805341285473558,0.00010830567066012619
0.22824154075963216,-0.24336930022539713,0.43521182873211506,0.024115997476758626,0.048133431332546314,0.023387503208682714,-0.008633917873371488,0.03892623397356027,0.9652264232008709,-4.289420988439285e-05,-0.0015522925877877237,-0.00013506362956527092
0.22806202974248058,-0.25858583540719937,0.37543460354134583,0.044604590777486595,0.05168076446922421,0.054442081084495775,-0.011957382355891262,0.044186859899386685,0.9625062273737235,0.000332540393656953,-0.0013242305580452429,-0.00039364946497247034
0.19025519913689634,-0.2465893014066219,0.19815917303144628,0.030287691638562944,0.007201358098080381,0.05146052233965107,-0.009485862988737723,0.0345571756250016,0.960148393949083,0.0005306995666883993,-0.0011339753589083466,-0.0006402387663790924
0.19662937542392253,-0.31877001862757925,-0.11537624034874905,0.08262738984179291,0.03483440417760952,0.014785682383563842,-0.0143628300970901,0.04032721430701829,0.9569928665638824,0.0004153233263396502,-0.000937345983484424,-0.0009590087850066716
0.19196468116538554,-0.2791560210965168,-0.17600850467547136,0.05735948137277354,-0.001762714650537382,0.027348561768981136,-0.020174053404745623,0.03772994522448257,0.9622573340658918,0.00023931482166417883,-0.0007453813023190385,-0.0012381648061031885
0.1681797268666615,-0.23922176716386265,-0.42790586186972307,0.039609153490596516,0.025310166954566914,0.008303954371988737,-0.008969403564266148,0.03368476183567843,0.9672868132306773,-0.00018859104020554424,-0.0005772015754523769,-0.001477386573267051
0.16789270869525574,-0.2407512724623332,-0.6442373615919569,-0.02854758803191411,-0.0029086237287754193,0.025248587831551553,-0.0016551346871798121,0.02653120614367259,0.9682340138269925,-0.0008328284017975013,-0.0004093088667571212,-0.0017181378457293843
0.13300009335661955,-0.16192673904292051,-0.7684593713590255,-0.0213690229797251,-0.01955985721526253,-0.005467996630926682,-0.016319868649715456,0.03697604543755458,0.9612200208994818,-0.001601287773156527,-0.00027630877340050164,-0.001880064584772305
0.07726750324386292,-0.1509664597355545,-0.9063799653979616,-0.055669264759586175,-0.04758482538063821,-0.02113933730698027,-0.014418838209687894,0.033580834358444604,0.9611829282934023,-0.0025076677385544883,-0.0001990412701566387,-0.0020310310445078596
-0.0009677352031779718,-0.09798780971206139,-0.7903117171410778,-0.006141008594389416,-0.024511888920888167,0.008879650941964563,-0.013885117503884332,0.04120049279916341,0.963843686063871,-0.0032979794556955663,-0.00020000900535981672,-0.0021290188542199204
0.0183938032134242,0.07991062375623018,-0.6854395211580558,-0.03457195917380679,-0.05392962384724274,-0.04521223086207741,-0.021703051453510497,0.03584550839111474,0.9646736928825164,-0.003983418976853623,-0.0001816152021463925,-0.0020491082304636902
0.021795729418661446,0.0640122182403162,-0.5937844531102234,-0.07670307791937594,-0.06683154381524802,-0.021191557757577792,-0.01851150761697272,0.037303501954406695,0.9646021918177584,-0.004577203429963846,-0.00015981947272773105,-0.0019850960122233742
-0.01158307711569715,0.13045701616714195,-0.3972448116409594,-0.04873971843112707,-0.03769827736012573,0.0018314455972711068,-0.012659218171845748,0.029011985893721885,0.9624009976494289,-0.004974448241604805,-0.0001714025498434282,-0.001854638996056232
-0.008034540790112343,0.21549317327174472,-0.10791486444116469,-0.08235444767403038,-0.023854552703574318,-0.007266253118756944,-0.014562365049615528,0.03300478711739734,0.9626948758363528,-0.00508236310604597,-0.00017943709063354053,-0.0016391458227844877
-0.024005007087627192,0.2565541074822682,0.19289308004311165,-0.04848876339292937,-0.0345773574523085,-0.02848911607022636,-0.013919913310852888,0.02204134247501248,0.9630386391040153,-0.0048894700260028595,-0.00020344209772116774,-0.0013825917153022194
-0.07182792216290362,0.2246024247045751,0.4270734024907947,-0.039471751423709484,-0.06771206241462574,-0.020327538662859454,-0.013780924166023412,0.03430858610152397,0.95235162503015,-0.0044623966235120644,-0.0002752700198840713,-0.0011579892905976444
-0.10375685776844948,0.2989979972615524,0.6175935621638271,-0.00940292371744995,-0.03599792113103798,-0.021787254655023174,-0.01440402018529235,0.03750082791279907,0.9623523124055497,-0.003844803061348237,-0.0003790268776525209,-0.000858991293336092
-0.09800840572101832,0.22356797271453066,0.8193758957621974,0.008248459860114963,-0.01165692357926926,0.0467125163729755,-0.017560471144079583,0.038246728875379374,0.9682439713687155,-0.0030254271655860403,-0.0004770352833735392,-0.0006354233206215613
-0.1349012592863398,0.2690333115951581,0.8470377821871233,0.0013930057056451076,-0.018258158110737242,0.004492926377393234,-0.011465605822324004,0.02938680110190957,0.9712527971206428,-0.002178389383398917,-0.0006119365426598789,-0.0003663900090264032
-0.0600546438801865,0.130282457425912,0.8607687764612266,0.007708246776481865,0.0019379759036247772,0.05012194889163175,-0.01190547393674946,0.021966268055471423,0.9701221735596993,-0.0013176206069376902,-0.0006719911865400654,-0.0002361075516004912
-0.018695996463470144,0.1272488293285488,0.7413157835128426,-0.04360716177594463,-0.0017370203469084817,0.013938249383523315,-0.017856632327080908,0.028219722306351214,0.9646441187987357,-0.0005763048234248475,-0.0006906871830035356,-0.00010885872227194239
-0.009890054915266122,0.09909633122978499,0.5871291436487578,0.05813999060965718,0.010884442160392345,0.09762641565949536,-0.011288435866877581,0.030390534708554844,0.9582032380067201,1.0824320223910223e-05,-0.0007005772379188016,-9.762391042157384e-06
-0.007151889548505697,0.0501792203169404,0.47289899658698764,0.015861597147414985,0.01631239286638757,0.020564127297361845,-0.016385543872168545,0.03269497749427468,0.9613633368174337,0.0004837233168108979,-0.0007077291274673073,4.041682927478302e-05
-0.01690258867023626,-0.05908325369037349,0.16567128319925595,0.029206886145191492,0.051432545189938166,0.04670445876709452,-0.00990861628374087,0.020374163226469406,0.9602469981025358,0.0006493946000101538,-0.0007246317161375436,-1.8666424415590475e-05
0.0050340512788951755,-0.14456379006161296,0.01596322214985826,0.06656424152707568,0.06062185550790006,0.065648807523384,-0.01329510191468797,0.029868256717423533,0.9569655202788765,0.000665357822160012,-0.0007195976648586484,-0.00016323021447720343
0.0400904599256728,-0.08705586790169355,-0.22717183310149122,-0.01186443215702416,0.04176867279634828,0.020680176335670503,-0.011012929617049987,0.02507242797652895,0.9592551673373516,0.00043818598905852085,-0.0006795072049329755,-0.000250286082378897
0.03719736539873823,-0.14554504178945588,-0.3400806840458746,0.00013014864412297725,0.07125829454793647,0.03777874767680278,-0.012007987039498406,0.037360591542692556,0.9602762171560166,9.81053050126462e-05,-0.0006423098395342374,-0.0003958311241683529
0.10273495058994822,-0.1683029736188355,-0.4448549764284974,-0.0047353636359110645,0.028306171449940284,0.011831429040147385,-0.01307335336469833,0.018320764191481938,0.9569020644523327,-0.00034674967141585123,-0.0005395748889442891,-0.0005641340977871884
-0.02439325583383134,-0.0742764782053473,-0.4868387014877002,-0.00820777132399755,0.05151598426417574,0.0162316800088461,-0.011059561139380976,0.034925468203878034,0.9684952828780433,-0.0008335883729035514,-0.0005639681447781205,-0.0006384105759925357
0.0875621920963956,-0.1500765634035542,-0.4660383846146739,-0.04526872374173988,0.02353030158837878,0.02193018625603246,-0.008386950085912922,0.028930207032336987,0.9668325146354093,-0.0012996267575182251,-0.0004764059526817248,-0.0007884871393960901
0.11696400791561186,-0.13427043824142487,-0.3509764000076323,-0.03570367666665607,0.021509870615124008,-0.01484041836413435,-0.011897193699054296,0.01935846745514617,0.9634971237744402,-0.0016506031575258574,-0.000359441944766113,-0.0009227575776375148
0.22353614275247255,-0.15734531760125914,-0.20573180338491853,-0.07904948587596254,0.008682243992769127,0.01920147431985148,-0.011880022427876167,0.037844421672033064,0.9656077570390369,-0.0018563349609107761,-0.00013590580201364042,-0.0010801028952387738
0.09655679484335566,-0.08180446042559034,-0.13391710492230327,-0.0680615947676109,0.0135566624982872,-0.005678429614799434,-0.014071883633729113,0.03607199931028708,0.9651852367203078,-0.0019902520658330795,-3.934900717028476e-05,-0.0011619073556643643
0.0798686644144001,0.053653826134766214,0.10517238731786617,-0.0748297003819244,0.029153816081511207,0.026834674585442683,-0.02129661558606813,0.035433748423269906,0.9599449363032679,-0.0018850796785152132,4.0519657244115356e-05,-0.001108253529529598
0.015753886010021353,0.02418189090076695,0.2512892081746839,-0.08468397503212784,0.005301714050352144,-0.025737836037329508,-0.011934648946129892,0.029511495715538367,0.9725638667549164,-0.001633790470340529,5.627354325413671e-05,-0.0010840716386288308
0.10490484259890029,0.12556951405421546,0.40831924727756463,-0.07163451334731591,-0.014077005538694464,-0.016834355799135794,-0.01833475244814253,0.02554951194968906,0.9596832288814463,-0.0012254712230629645,0.00016117838585303702,-0.0009585021245746156
-0.04300517692437309,0.06772805287481656,0.457778969476463,-0.08656972155053133,-0.013963459484372276,-0.0020320440367594377,-0.014732098321398115,0.029093493762815174,0.9551437613667041,-0.0007676922535865013,0.00011817320892866393,-0.000890774071699799
0.054903615628085656,0.10631603709260054,0.5506382482833327,-0.062309568008644206,-0.058070923570298576,-0.014246631432089223,-0.01613122120357089,0.03135814340446937,0.9642478876102265,-0.00021705400530316855,0.00017307682455674957,-0.0007844580346071984
-0.10569184204563127,0.11092143612846586,0.4374069928548065,-0.06644182805128468,-0.009958503966482402,0.03591655748159602,-0.015287302759980118,0.025774968273502827,0.9662204893538864,0.00022035298755163795,6.738498251111831e-05,-0.0006735365984787326
-0.05981039459653644,0.1655791930203141,0.3715646370552111,-0.032049921459027755,-0.06856795443343724,0.022486207271388135,-0.014873209150123294,0.024056572445381227,0.9618478198042328,0.0005919176246068491,7.57458791458187e-06,-0.0005079574054584185
-0.134067509855718,0.11151841855608297,0.1159370922115679,0.017710002166566347,-0.03766900097746423,0.006183509953169011,-0.009067023392962984,0.030669121130622017,0.9695390076883623,0.000707854716818417,-0.0001264929219411361,-0.00039643898690233556
-0.1810972336475688,0.03521856028334746,-0.05472935146563336,0.020975790888209625,-0.022766374536791787,0.015681963762877775,-0.00972789306578162,0.02903756132789927,0.9641772495329463,0.0006531253653527836,-0.00030759015558870495,-0.0003612204266189881
-0.1267609079616901,0.07403331968861662,-0.28545925624913576,0.03461982943203935,-0.007909707564170934,0.0153265241842523,-0.0107333351878146,0.032546552285710406,0.9591297379488964,0.0003676661091036478,-0.0004343510635503951,-0.0002871871069303714
-0.12330290109942732,0.011818911358291703,-0.4449537368041697,0.009593361421393592,-0.005981296401001741,0.049204342964912426,-0.0051369028468967876,0.0353876537925186,0.9602231344463187,-7.728762770052195e-05,-0.0005576539646498224,-0.0002753681955720797
-0.19673872856711105,-0.050452912774751696,-0.6911881315247536,0.05744566245062707,-0.004449919185637728,0.03540697249973485,0.004212688151350575,0.03190912307417718,0.9638943190773155,-0.0007684757592252757,-0.0007543926932169335,-0.00032582110834683146
-0.18536939270272867,-0.1066851267849411,-0.8368783011504816,0.05504099098243246,0.0337032865545415,0.017021127257260744,-0.008437686222514423,0.021720187813174786,0.9635131967478607,-0.0016053540603757572,-0.0009397620859196621,-0.0004325062351317726
-0.1915942150290757,-0.20851660496585506,-0.8420561338357782,0.06779754868553134,0.05300226378804266,0.004211317943789239,-0.006329341185430824,0.027270254353569324,0.9691375619856735,-0.0024474101942115354,-0.0011313563009487377,-0.0006410228400976277
-0.14337203927023892,-0.15129491365994013,-0.7681431887079274,0.08101699532260025,0.020552842792336695,-0.002258313545187707,-0.009362275192165115,0.02912299170061491,0.9672043359211825,-0.003215553382919463,-0.0012747283402189766,-0.0007923177537575679
-0.17854817902026765,-0.24156462314704952,-0.7375147447929664,0.03739959713723261,0.025116737180285544,0.029103974256101027,-0.007418143186197193,0.031086249243556296,0.9551522892515262,-0.00395306812771243,-0.0014532765192392444,-0.0010338823769046174
-0.2211066030554456,-0.23773089511281364,-0.5277409838945772,0.028075840770635612,0.0291396201701904,-0.019432589948897558,-0.018673017645838206,0.03118226703325843,0.9621074264536722,-0.004480809111607006,-0.0016743831222946898,-0.0012716132720174311
-0.1480707942236289,-0.22968847126625638,-0.3575434878580145,0.03904771582874653,0.02344563769325491,-0.004266292284198522,-0.023967346924690554,0.02645238785402243,0.9566972906133385,-0.004838352599465021,-0.0018224539165183188,-0.0015013017432836874
-0.03435807828087745,-0.2719469703998282,-0.1645300173553552,-0.006526112535719173,0.04434701508689445,-0.03244563111696333,-0.02090705131205154,0.024140599337876177,0.9701656666659577,-0.005002882616820376,-0.0018568119947991965,-0.0017732487136835158
-0.03450610486655993,-0.10736429848367195,0.20728591635766472,-0.008131470023797448,0.061129017765619055,0.006027325025617624,-0.01335211604282003,0.031485642830520855,0.9579664420051837,-0.004795596700462711,-0.0018913180996657565,-0.0018806130121671876
0.04756054223245889,-0.14900072649107546,0.4336851362673023,-0.06435036843785369,-0.01752394596166111,-0.050863985513315446,-0.0032866519653562453,0.028179137952707548,0.9638057629323943,-0.004361911564195409,-0.0018437575574332976,-0.002029613738658263
0.06536708661698151,-0.08946974125312233,0.5987347655004962,-0.043163628107909274,0.023340989806722265,-0.0063186720053212495,-0.008735608105242602,0.02754659733371677,0.9592678104663479,-0.0037631767986949123,-0.001778390470816316,-0.0021190834799113853
0.08858491006954103,-0.04710451995876866,0.7417493479235863,-0.02062645256806521,0.049132946527445626,-0.031028533848930624,-0.011856720692474792,0.02246334255721699,0.952826123389349,-0.0030214274507713262,-0.001689805560746775,-0.0021661879998701537
0.1181685163515589,0.08954496071260873,0.7993758157575493,-0.046215272967971996,0.01844405896800235,0.037131448287934396,-0.006946846317034046,0.036332528419106454,0.9564044829638224,-0.0022220516350137764,-0.001571637044395216,-0.0020766430391575452
0.2131252870132435,0.15378910093661075,0.7553348040248159,-0.0372237134695953,0.009185726237676908,0.016910822129912427,-0.007918703842810472,0.026924825699733233,0.9613964695224944,-0.0014667168309889607,-0.0013585117573819726,-0.0019228539382209345
0.19293372921277313,0.16187413651109409,0.7842630991667712,-0.03439600279208667,-0.04108872772270099,-0.02044014537598208,-0.016349924350831036,0.025091041854475533,0.9654490067822511,-0.0006824537318221896,-0.0011655780281691994,-0.0017609798017098402
0.2599458953156911,0.1324501365474282,0.5785328438991603,-0.0211170614794272,-0.0047076199265859925,0.005381803323710977,-0.007119177092887025,0.026615533531836127,0.9652240169626836,-0.00010392088792302923,-0.0009056321328535084,-0.0016285296651624122
0.19079455451564584,0.2243024542089181,0.41291642060631745,-0.04643787603711985,-0.007344978717556537,0.04694969249233078,-0.005191096704785596,0.024556065538772053,0.9558785536100628,0.0003089955326832882,-0.0007148375783378625,-0.001404227210953494
0.08874183322892704,0.2456076661177742,0.161639806890938,-0.009647611626413906,-0.03084800111951092,0.05375589143442884,0.001262579204733891,0.01861403049415022,0.9640621284182708,0.0004706353395742262,-0.0006260957451089355,-0.0011586195448357198
0.11218607841077176,0.22844081110095427,-0.008312860709179446,0.028871610410354763,-0.053343073159840264,0.057158531876898386,-0.009527562364861568,0.026394187049998002,0.9672082243881246,0.0004623224788650468,-0.0005139096666981636,-0.0009301787337347655
0.14304100451346025,0.18881291273035722,-0.16795141982231412,-0.003876720694415749,-0.03446130596942905,0.05070838511389713,-0.000549028165045937,0.01748513200939405,0.964986689081497,0.00029437105904273265,-0.0003708686621847034,-0.0007413658210044084
0.12153329775872172,0.1330509733069054,-0.3635038886532316,-0.017813887926076535,-0.06462783042513458,0.040353874339241404,-0.010929489843316098,0.02510032391417034,0.9605787593139052,-6.913282961049894e-05,-0.00024933536442598163,-0.0006083148476975029
0.0526028058721687,0.23087093539942458,-0.44863289371852705,0.006754301513832675,-0.06521020891338654,0.06484447769832258,0.002839475509572779,0.01645995356151091,0.9625921378304596,-0.0005177657233290261,-0.00019673255855381296,-0.0003774439122980783
0.010142817046676939,0.14742868763248618,-0.4539058117203353,0.035328891547387754,-0.021150847049772832,0.019813127961938896,-0.011654752975194662,0.01349484349939748,0.9630785566970985,-0.0009716715350493615,-0.00018658974150713602,-0.00023001522466559212
-0.01439293401272608,0.0603677130552027,-0.4248470265110065,-0.003420110390643726,-0.008335848429893161,0.030353526651866948,-0.005353127368513514,0.02717127895574048,0.9692664553800792,-0.0013965185615603679,-0.0002009826755198621,-0.00016964751161038943
-0.025005284236028744,-0.026123935638668758,-0.3129797990158204,0.014548808804505353,-0.036192431797521546,0.008013965645364227,-0.007019519043473394,0.018427287726216324,0.9707531089568727,-0.0017094983605761883,-0.00022598795975589084,-0.00019577144724905818
-0.04979326361106584,-0.03104677406783523,-0.20367689985480072,0.019184441866250013,-0.03423885687500275,-0.0026842984553858487,-0.000889730816198051,0.02595520616714816,0.9654363007677987,-0.0019131752604309893,-0.00027578122336695667,-0.0002268182213168934
-0.12310405095977628,-0.08218577920394804,-0.03342168298845671,0.02018654316045789,-0.017149944261195944,-0.006376400752299874,-0.001450185371218454,0.02446881592938993,0.962444613479441,-0.001946596943419446,-0.0003988852743267329,-0.00030900400052084144
-0.0810844690745241,-0.14344095071801502,0.1392208004166759,0.04285921436480646,0.016010952880013758,-0.01906384606271136,-0.013321789305704539,0.024193999377683496,0.9619880791646184,-0.0018073761430027699,-0.000479969743401257,-0.0004524449512388565
-0.09520615331892766,-0.12765470207843765,0.3281341385811542,0.007132876779514904,9.839704853108026e-05,0.0014382866027145697,-0.009675717860077553,0.020161178343648466,0.9624727010398885,-0.0014792420044216154,-0.0005751758967201847,-0.0005800996533172941
-0.11820828240420009,-0.12855191834773683,0.3919431504969968,-0.0439583816441592,0.059438222811130884,-0.0418893936425628,0.002752480806179392,0.022477692840601627,0.9631029357757219,-0.0010872988539246187,-0.0006933841791243848,-0.000708651571665031
-0.14512086961735998,-0.11288658330594836,0.5066290976508492,0.04022976703953168,0.033334827088821496,-0.0039837290249519226,-0.0072680613031735775,0.01968688747728495,0.9594614646204523,-0.0005806697562737694,-0.0008385050487417447,-0.0008215381549709793
-0.07592084857301842,-0.16460270091337023,0.5949732486498618,-0.052105467741951,0.05684944626610762,-0.023011176429234413,-0.0035778884270058113,0.027527634046216998,0.9718502883798529,1.43034923760923e-05,-0.0009144258973147631,-0.0009861408558843494
-0.033188985779039726,-0.072071326016871,0.4463973117364678,-0.09811415316525686,0.0392149632045925,-0.005225553773419683,-0.012883030803700943,0.02022298748685019,0.95801711200558,0.00046070080411256015,-0.0009476148830938029,-0.0010582121819012206
-0.09654763877168224,0.0022497599960319067,0.25342620350944167,-0.09507354178873874,0.06776291363513191,-0.002975313054626212,-0.00864421301732569,0.02123004464485532,0.9684220169715945,0.0007141270076220018,-0.001044162521865485,-0.0010559624219051887
-0.08236318636624107,0.0062844161963668144,0.12343694156722407,-0.10101891039504877,0.0687862287092882,-0.0023994774512093725,-0.01084133929755817,0.026028969906650205,0.9509225216928143,0.0008375639491892259,-0.0011265257082317263,-0.0010496780057088217
-0.006513075151821594,0.13944577873833752,-0.03908346005202982,-0.10911533994716788,0.018769368586263768,0.03932766811859172,-0.002550767038201787,0.019030593194490207,0.9605031188989511,0.0007984804891371961,-0.0011330387833835478,-0.0009102322269704844
-0.05470561017200753,0.07145024352746446,-0.31395917532356227,-0.06917081607766046,0.0332964385001191,0.01458867910070805,-0.0033752856978012187,0.013014314070167107,0.9601539718185536,0.0004845213138136338,-0.0011877443935555555,-0.0008387819834430199
-0.03244560494908059,0.03555593540606171,-0.5312400671033519,-0.12562408187231833,0.036397164819220555,0.04173357635232172,-0.0008275670786665572,0.016497422873521822,0.962960180355099,-4.671875328971814e-05,-0.0012201899985046362,-0.0008032260480369581
0.02207971062443208,0.10012142725240972,-0.7179807523632225,-0.04149259614720412,0.02021966712360784,0.04574178667162696,-0.012254014502089374,0.026912184302601488,0.9599636992842732,-0.0007646995056529407,-0.001198110287880204,-0.0007031046207845484
0.08886927643550685,0.12039823315913531,-0.7782900115033045,-0.030405418720746355,0.03845925955159586,0.027364964490861787,-0.003966027248484412,0.021876954209536656,0.9686843105707825,-0.0015429895171562452,-0.0011092410114446971,-0.0005827063876254131
0.05258558202835818,0.17494615884906123,-0.7408308938710629,-0.03903272343134618,-0.000898510536225648,0.006496657407455369,-0.0064899390770012,0.022754773440052306,0.960512020331243,-0.0022838204110273083,-0.001056655429416339,-0.0004077602287763519
0.10532715647407509,0.17137098023770939,-0.8109103447787651,0.006426100210920388,0.015683149504941214,0.0103138793091167,-0.01869552182074873,0.0226021531202632,0.9565466196523311,-0.003094730755806073,-0.0009513282729422638,-0.00023638924853864246
0.02069037772843378,0.10988687525861793,-0.6438623092859536,-0.015715378945060206,0.002323289474510759,0.047574280940972075,-0.0040370784341731605,0.029893811754283534,0.9568330199023868,-0.003738593065092027,-0.0009306378952138299,-0.0001265023732800245
0.1417365075465511,0.07621748346475679,-0.5294783221208139,0.006120471999668154,-0.016867135464946587,0.024126337150831977,0.00022627106993895058,0.010405180195907662,0.9592681602727287,-0.004268071387212841,-0.0007889013876672789,-5.0284889815267714e-05
0.17301183865016306,0.10147669443440653,-0.317261918288555,0.048460662473416564,-0.005083660555942821,0.008238438209606154,0.0017394712814450082,0.019969911588657543,0.9652248564100967,-0.0045853333055013955,-0.000615889549017116,5.119180461913882e-05
0.051604728739150396,-0.07913072997215868,-0.02951960615470321,0.04450309219350914,-0.05433961337422323,-0.014994448133256929,-0.00617122502053412,0.020586672421779976,0.966101274371194,-0.004614852911656099,-0.0005642848202779656,-2.793892535301987e-05
0.09443851963693917,-0.09940081151093222,0.1274626912080921,0.0434242260961485,-0.025896686331713978,0.022400047032062588,-0.0017267128249967463,0.0201618773427366,0.9555330824741853,-0.004487390220448006,-0.0004698463006410264,-0.0001273397368639521
0.03967490060749242,-0.16868572978066532,0.5069463549439757,0.056475032724547264,-0.03893247622479489,-0.03684659590947593,-0.0030273742989179475,0.024087181781907836,0.9575150482361446,-0.003980443865504031,-0.00043017140003353405,-0.00029602546664461737
0.025171045394465755,-0.24636604892190733,0.6455344374559704,0.08342762930372971,-0.022213992530674312,-0.02190833332783946,-0.009434455414690871,0.024039910516035885,0.9561592311880686,-0.00333490942804806,-0.0004050003546390683,-0.0005423915155665247
-0.02282823670739119,-0.3191488545949037,0.8004295208881733,0.07667354779007167,-0.024212787918921133,-0.017329629385177188,-0.009996413288382593,0.01866008572433529,0.9600313208818015,-0.0025344799071598863,-0.0004278285913464595,-0.0008615403701614284
-0.05862016103169929,-0.1863636710690491,0.8003490506880053,0.049867530705137275,-0.0068934942969925495,-0.0532834059866558,-0.00563156074434261,0.011118253991762606,0.966240380935736,-0.0017341308564718814,-0.00048644875237815875,-0.0010479040412304775
-0.11586492330760903,-0.28571773702720094,0.8198630307956674,0.021558991363989533,-0.0001844010474845309,-0.03922703503974746,-0.006449873894675861,0.03193244031694995,0.9622596805883603,-0.0009142678256762138,-0.0006023136756857678,-0.0013336217782576782
-0.15882651167785997,-0.2505089412917437,0.7530484150301846,0.024474753506321827,0.010551682686724177,-0.027381628113570117,-0.00470868837054097,0.019182899290633437,0.9641256476754989,-0.00016121941064602921,-0.0007611401873636278,-0.0015841307195494218
-0.08558773739741597,-0.19194963967408527,0.5583933223437453,-0.018635542306688256,0.0193432688746305,0.0071089150429616225,-0.007116897662855096,0.019474887242286052,0.9650820388749844,0.0003971739116977161,-0.0008467279247610437,-0.0017760803592235073
-0.2361957311588662,-0.22521883416026126,0.3313232942645951,0.006919510266809075,0.034516322951221215,-0.009151539592903627,-0.0038441744344939544,0.025171867657293758,0.9583866922700903,0.0007284972059623113,-0.0010829236559199101,-0.0020012991933837684
-0.17662670850359297,-0.1561849825491352,0.11496554941899381,-0.011039911853016024,0.0038950298965114557,-0.018537451776634788,-0.01011654295584857,0.01671646914271045,0.9548889942835517,0.0008434627553813049,-0.001259550364423503,-0.0021574841759329035
-0.18861855449871326,-0.058205940587068045,-0.07297191035632415,-0.0025313950662393826,0.043576937428404044,-0.009893418932347674,0.0029551813774178603,0.0249634274145228,0.9583303366357162,0.000770490845024981,-0.0014481689189222164,-0.0022156901165199714
-0.19022435058513373,-0.012913483968120316,-0.23099454724027046,-0.06506484583090917,0.005417467484272443,0.015102551360248065,-0.013639726150484156,0.01679357955144465,0.9653477194919723,0.0005394962977847104,-0.00163839326950735,-0.002228603600488092
-0.15212146358049614,0.012520315627862197,-0.39330291263491984,-0.07163217241323373,-0.020184304636768458,0.008672458850504218,-0.004822890645001765,0.027292938833699033,0.9642292472010707,0.0001461933851497906,-0.001790514733087846,-0.0022160832848602294
-0.1867504272539136,0.15830730438302335,-0.4948085377237093,-0.0421785155887036,0.0728735685529549,0.05958591500323079,-0.005313013845092301,0.02024462089569483,0.9615846765010162,-0.00034861515257391876,-0.0019772651603417596,-0.002057775980477206
-0.11946711145798475,0.15943116288250683,-0.46208438894270765,-0.054897821342961964,0.010143027241067493,0.06338224546758363,-0.004849522316377761,0.01441087706820274,0.9659080773089581,-0.0008106995415166264,-0.002096732271799744,-0.0018983448175946991
-0.0315837788718652,0.2254158797263289,-0.4698735358686946,-0.02218519506276203,0.01345925282427592,0.04746118301802458,-0.008269062045304459,0.02850970755255116,0.9618666709404133,-0.0012805730773853212,-0.0021283160506716096,-0.0016729289378683704
-0.09808756237018566,0.24558481939417948,-0.37335236118096554,-0.005784346548657502,-0.022987685452902883,0.03929921551631399,-0.011481426252187815,0.020439072078593166,0.9594542896837577,-0.0016539254385662867,-0.0022264036130417953,-0.001427344118474191
-0.14878205472994607,0.2955411190083251,-0.15565067393511012,0.013826948811542877,-0.0040969217722122905,0.054094845805637205,-0.002601075715008656,0.014201532079050238,0.953244833461933,-0.0018095761125013967,-0.0023751856677717413,-0.0011318029994658659
-0.023702787827351593,0.25907254334873087,-0.0013296019174506499,-0.006328616132809188,-0.000775510975854537,0.04595958377680294,-0.004703823037553395,0.010028585625247156,0.967420989046766,-0.0018109057144188472,-0.002398888455599093,-0.0008727304561171349
0.010687068298811152,0.17991531215732653,0.09256860272867515,0.02254895847786834,-0.00996819428790785,0.0036075292548887247,-0.0016333407103086637,0.020370088643770663,0.9605599693170507,-0.0017183371116901722,-0.0023882013873002816,-0.0006928151439598085
0.07822017488567509,0.23672788581744453,0.24442698615501562,0.0056504982657339334,-0.048269816258181004,-0.0027478539426631175,-0.011681934028281934,0.02362007312181627,0.9587594326427794,-0.0014739101255351564,-0.0023099812124146068,-0.000456087258142364
0.003385062882104495,0.11503840337766877,0.37247570325648,0.02900749673946206,-0.04113233203608957,0.019564458007774746,0.005274687696183924,0.018452084079709354,0.9604795021668403,-0.0011014344222786763,-0.0023065961495325016,-0.00034104885476469516
0.14132560962604795,0.04644605739979956,0.48517846003329285,0.02909447973043454,-0.03130365762750818,0.0031725978331324355,-0.0035834568624874934,0.017983792998976025,0.9684632533344787,-0.0006162559622453834,-0.002165270539906454,-0.0002946027973648956
0.13287694590841284,-0.01568756594288547,0.5398209691512914,0.029806004791550413,-0.038196949061268144,0.004039175329117994,-0.018268396069678044,0.02394280366376251,0.9659097071962932,-7.643499309409197e-05,-0.002032393593998041,-0.00031029036330778106
0.20856025519119656,-0.13276360496033865,0.4848836667930752,0.06622248674502326,-0.04225925437662007,-0.029616755860251864,-0.001991935526675728,0.018957254434783456,0.9591236564239138,0.0004084486736989832,-0.0018238333388068445,-0.0004430539682681197
0.15990123790686853,-0.10071937296724907,0.32458331742492075,-0.0032080748291055984,-0.02887854081688066,-0.027843553712672976,-0.005171070973156802,0.012491544474146769,0.9632499373725922,0.0007330319911239042,-0.0016639321008999758,-0.0005437733412353688
0.22811291581480442,-0.09302981330625334,0.2013384135869809,0.013885688704778352,-0.04292705250808571,-0.0020433140705339616,-0.008353081791192714,0.012521376204389999,0.9670143667520628,0.0009343704047108849,-0.0014358191850851717,-0.0006368031545416221
0.11538157109095874,-0.20055949868232972,-0.08435375493064266,0.002537032646739242,-0.007104577590478756,-0.02113488147681236,0.0035977001982051807,0.01818859359683255,0.9625940944955848,0.0008500166497802423,-0.001320437613994213,-0.0008373626532239518
0.17493098132724064,-0.07232788606074667,-0.25784343174139607,-0.0001713539413681093,-0.03284716993034684,-0.03218131562393326,0.0022108272085563535,0.017735637074212218,0.9614388840448204,0.0005921732180388462,-0.0011455066326669723,-0.0009096905392846987
0.11183345575406535,-0.2527537765802523,-0.5352096442730438,-0.050384767193825925,-0.003379912609923634,-0.008145873723407996,-0.0006041283747820628,0.020478643427507798,0.9503623384695028,5.69635737658023e-05,-0.0010336731769129068,-0.0011624443158649508
0.11064593657007253,-0.17073022831958712,-0.7431691801726217,-0.04956977619914149,0.008271626174479126,0.008572333366435841,-0.0018030366726233013,0.016695484412370842,0.9670214758079998,-0.0006862056064068194,-0.0009230272403428345,-0.001333174544184538
