motionRotationRateX(rad/s),motionRotationRateY(rad/s),motionRotationRateZ(rad/s),motionUserAccelerationX(G),motionUserAccelerationY(G),motionUserAccelerationZ(G),motionGravityX(G),motionGravityY(G),motionGravityZ(G),motionYaw(rad),motionRoll(rad),motionPitch(rad)
0.42956592833874174,-0.07087490605679021,0.41759577785696156,0.03784356996595808,-0.012073080983231874,0.20014928952046396,-0.0006089439630554984,-0.006281990523627129,0.9936017113784903,0.0004175957778569616,0.00042956592833874173,-7.087490605679021e-05
0.3610418260262616,0.18432588269942934,0.4047566707340815,0.02576986637711652,0.09327651705518802,0.14581437226605443,0.0019451099974031449,-0.0017387454683141714,0.998437636097333,0.0008223524485910432,0.0007906077543650034,0.00011345097664263912
0.25694913523993845,0.018775652581407037,0.2756521858828598,0.08757672104277991,-0.057919099010779414,0.17598500717761717,0.006155569947360964,0.000435124946598658,0.9979404275201672,0.0010980046344739028,0.0010475568896049418,0.00013222662922404615
0.3994553971001496,-0.040509693918990175,0.14191966269387096,0.036624714042340675,-0.004525444126467171,0.11876049522632423,-0.00034747618305151274,-0.00010229748027174598,0.9920687198853719,0.0012399242971677738,0.0014470122867050914,9.1716935305056e-05
0.3975297758623717,0.1798666237180604,0.30724588442886835,0.09304802202981657,0.09338944412739207,0.08348144610157233,0.007458857647612958,0.00586881513830849,0.9972460463605274,0.001547170181596642,0.0018445420625674632,0.00027158355902311636
0.4865234860926054,0.156940545739952,0.04518180907070381,0.10241956802498887,0.035058539227720245,0.06368103116925534,0.0015147534175939106,-0.006470734109670459,0.9875899766429332,0.001592351990667346,0.0023310655486600686,0.0004285241047630684
0.35013884657877037,0.16649030282015273,-0.15241927268206779,0.09245299743483075,0.1101905161762307,0.056386678276445217,-0.003978322334240666,-0.0015224782937668633,0.9954675738314297,0.0014399327179852783,0.0026812043952388395,0.0005950144075832211
0.500799412639881,0.19014404436412866,-0.19093861193049125,0.13309247868440802,-0.00931499562860905,0.09581561408212946,0.0015613058008306872,5.826750431990574e-05,0.9898511141215948,0.0012489941060547871,0.00318200380787872,0.0007851584519473498
0.42180743198693277,0.21740144232169886,-0.21133108612617652,0.1081235624898803,0.08762634487724962,0.07977526699895211,0.006721324773719921,0.0074016749158174605,0.9965783961340282,0.0010376630199286103,0.003603811239865653,0.0010025598942690484
0.35515509231164233,0.1909505655996142,-0.369627264671458,0.1740520186730208,0.11038541753539878,0.08226415104087546,-0.0018201349223426135,0.0027760661188803775,1.0096679249003637,0.0006680357552571524,0.003958966332177296,0.001193510459868663
0.4536147649101897,0.3491849645604592,-0.2409682302575958,0.17018319007168625,0.09335255043850983,0.003540116467710559,0.0005144178092100172,0.0037122260742587614,1.0042076524223145,0.0004270675249995565,0.004412581097087485,0.0015426954244291222
0.3780904755461762,0.30826525572942887,-0.41397879286934747,0.1688794379902762,0.0017431662244631599,-0.03636305782329209,0.002622224518022821,-0.003544599211539646,0.9975398900177009,1.3088732130209003e-05,0.004790671572633662,0.0018509606801585512
0.2783865735167149,0.26734381072544083,-0.31782521781629613,0.1733711735301893,0.043033507407921445,-0.02379331554788501,-0.0040135675624078295,-0.002838145899690437,1.000507464845553,-0.00030473648568608716,0.005069058146150377,0.002118304490883992
0.42912225328850295,0.2095223660719857,-0.31987741138990566,0.066111728850019,0.0031022347213716427,-0.050751680798294334,-0.003020477473808864,0.0018437526160299876,0.9940640180239335,-0.0006246138970759929,0.00549818039943888,0.002327826856955978
0.3749480276931136,0.17371644325442398,-0.19933892684635837,0.04153762443694265,0.027786754958330283,-0.10666907694423375,0.0027933857341101687,-0.0009320277952904296,0.9953295062975436,-0.0008239528239223512,0.005873128427131993,0.002501543300210402
0.20891833202670268,0.1759357060287497,-0.3244443522684559,0.0629210776976302,0.07197118652337615,-0.021838946873559674,0.004442794217265358,0.005287793418337879,1.0108541702671752,-0.001148397176190807,0.006082046759158695,0.0026774790062391515
0.15858527564212763,0.2142072456380285,-0.1924996524979656,0.0487462601667375,-0.030279878484377694,-0.05662747829277585,0.0006493098869985157,-0.0017100677356654032,0.9981422314835844,-0.0013408968286887726,0.006240632034800822,0.0028916862518771802
0.08954564537621007,0.14210522823297586,-0.2578379909792883,0.04746243280335066,0.0585233881534921,-0.051117479287887735,0.0021170437540861684,-0.0006798331036836341,0.9951647134448441,-0.001598734819668061,0.006330177680177034,0.003033791480110156
-0.015866796329180824,0.18721654117950098,0.12166049162688411,0.049819874764806094,-0.06334608408762156,-0.025709013378662264,0.0017033251625539806,0.007045967389578156,0.9971288536519857,-0.0014770743280411768,0.006314310883847852,0.003221008021289657
0.030894611109104415,0.0387568849667245,-0.010955931421589288,0.01928515386835257,-0.012076689674947606,-0.07552666959513729,0.010297363623464489,0.002804304955879006,1.0051676716920022,-0.001488030259462766,0.006345205494956957,0.0032597649062563816
0.0342762480370791,-0.039033169217340985,0.14441811958979425,-0.024745616593496667,0.002150326181384058,-0.02232966841357742,0.006787234867575602,0.003777544455654078,1.0038036248250048,-0.0013436121398729718,0.0063794817429940354,0.0032207317370390406
0.019712470349400713,0.17693236254419592,0.09142423169875509,-0.053259995181691805,0.02251947433486826,-0.04413008345969446,-0.0012179681364117368,-0.0003353695809077961,0.9940216638711442,-0.0012521879081742167,0.006399194213343436,0.0033976640995832365
-0.16998190723250228,-0.1507242819977318,0.13798940360732964,-0.029132621638785466,-0.07841855698411164,-0.053354964484603924,0.003831591574215754,-0.005361394570700836,0.9991757626600798,-0.001114198504566887,0.006229212306110934,0.0032469398175855053
-0.08846692221547468,-0.19754106150864564,0.19388048836613664,0.03535907712287753,0.007485473994956504,-0.02450519761265181,0.007050557727688435,0.002292816343198108,1.0038171190486582,-0.0009203180162007503,0.006140745383895459,0.0030493987560768596
-0.22278378699294465,-0.1974353116831984,0.2774005715712796,-0.046153618949352215,-0.03390824055018432,-0.06899817194854072,0.007482251715450318,0.009997212345628344,0.9937786537976597,-0.0006429174446294706,0.005917961596902515,0.0028519634443936615
-0.2207680496308086,-0.28186488571670393,0.2427289752573102,-0.07798362141951112,-0.08097045247381136,-0.04900076731136458,0.007092110443368405,0.004343136094439834,0.9950067403801551,-0.00040018846937216044,0.005697193547271706,0.002570098558676957
-0.28662720376298617,-0.18402895567124772,0.24796091515097615,-0.0978001922956315,-0.04397445358506929,0.03981264354849201,0.009650503892049217,0.0051634996017093215,0.997486138073189,-0.00015222755422118433,0.00541056634350872,0.0023860696030057094
-0.16973304916622084,-0.007682337961754215,0.2904327316387474,-0.01682082993205645,-0.2162793361835704,0.020413185620697362,0.0050519818550746115,0.006303660502256515,0.9947866160041913,0.00013820517741756309,0.005240833294342499,0.0023783872650439556
-0.41200673272585514,-0.13590785250433643,0.3948122256420631,0.01166295052245877,-0.11918361057468767,-0.02577628084723118,-0.0008746328140756534,0.003960634072403907,0.9977660316427948,0.0005330174030596261,0.004828826561616643,0.0022424794125396187
-0.32585658478192575,-0.1601301112858707,0.12868191950687352,-0.10111778351861246,-0.061525051802700924,0.022757922355831094,0.002656972593048817,0.008547670628024678,1.0020063822564216,0.0006616993225664998,0.004502969976834717,0.002082349301253748
-0.12489428655792964,-0.18481387910301167,0.10206757186088163,-0.126952738094464,-0.07386507547549614,0.05998591299538171,0.013016062700533172,0.009452027908626027,0.9962476424629625,0.0007637668944273815,0.004378075690276788,0.0018975354221507366
-0.16242971208513612,-0.3447487122778947,-0.02164446517428875,-0.099119736532407,-0.13311044560615706,0.11491020425104363,0.007388985244614784,0.007760082462552536,0.9987203075004599,0.0007421224292530927,0.004215645978191652,0.0015527867098728417
-0.27108694372939085,-0.029843116309676565,-0.16983816493765522,-0.10207898383680528,-0.08255901549858144,0.059520030879258716,0.007622518943700651,-0.0008158090942245576,1.0031400857625594,0.0005722842643154374,0.0039445590344622606,0.001522943593563165
-0.21720889261105858,-0.230541332675577,-0.010461869172321784,0.007580305306658614,-0.03934574565647851,0.16843872655182646,0.012882026972182492,0.0021427035433328277,1.0012613216759751,0.0005618223951431156,0.0037273501418512017,0.0012924022608875882
-0.3169972431215283,-0.142760774181244,-0.1396194433938679,-0.03505233942483575,-0.08981193262410642,0.08558490305814578,0.008693090092364209,0.002509814332420271,0.9848001109534479,0.00042220295174924777,0.0034103528987296733,0.0011496414867063441
-0.09117732480943244,0.10981671187061019,-0.3476657977930945,-0.012192270199270749,-0.04343934770539414,0.01772762052128702,0.002445597408020342,0.0024015072819532877,1.005028135146801,7.453715395615324e-05,0.0033191755739202414,0.0012594581985769541
-0.1786827382282688,0.21060429575672418,-0.1667456922028958,-0.028726914724750433,-0.05690675247518618,0.022624342024150534,0.005137320634068835,0.001822503233585921,1.004376308290319,-9.220853824674258e-05,0.003140492835691972,0.0014700624943336784
0.060389160940417005,-0.047294542230130035,-0.32025032426522515,0.005070803947549658,-0.01855446277621581,0.056501205976516394,0.011848753592966527,0.00732837823604589,0.9946196731997576,-0.00041245886251196776,0.003200881996632389,0.0014227679521035485
-0.034409121885469046,0.021409672365208007,-0.4819937518238923,0.1155876643812852,-0.056540108668544406,0.11674279216506418,0.008030220017973357,0.006246173506014072,1.0033242969742238,-0.0008944526143358601,0.0031664728747469203,0.0014441776244687565
-0.008731603757970021,-0.10610639779071535,-0.601751282305243,0.04024274607997777,-0.06342801278443273,0.09133068512439396,0.005675541282403921,0.0028326685598842796,0.9985738331967235,-0.0014962038966411031,0.0031577412709889504,0.001338071226678041
-0.05947987629719277,0.045642311596842934,-0.5082993361801446,0.07107422052367218,0.036025259748060985,0.06472569623875266,-0.003278066236955789,-0.0033828654285364855,1.001498532807713,-0.002004503232821248,0.0030982613946917577,0.001383713538274884
0.053776641009471965,0.22532378901269662,-0.6951799613661617,0.1061125558044646,-0.04646897478055687,-0.05941564048499531,0.0027544938817880013,0.013472849172251306,0.996729298254244,-0.0026996831941874097,0.0031520380357012295,0.0016090373272875807
0.08840089288427581,0.12192033138077724,-0.6018681628173471,0.15352600316677092,0.011804810695793613,-0.05485300374422542,0.007432841821957069,0.007703465492194875,1.002908830466445,-0.003301551357004757,0.0032404389285855054,0.0017309576586683581
0.256526413997035,0.1310900772789572,-0.46649994205291534,0.09618903634018419,0.018443078352424334,0.024692863699506934,-0.002277010936019362,0.003099645456948792,0.9991509886325098,-0.0037680512990576724,0.00349696534258254,0.0018620477359473154
0.25105113941084356,0.3427022535480413,-0.6380088426582536,0.15623757422745815,0.04714094875926905,-0.0672210064758154,0.0014625403882781735,0.007263015158427531,1.001119849785993,-0.004406060141715926,0.0037480164819933843,0.0022047499894953565
0.10252525235032342,0.1674709887561732,-0.5956269907749056,0.06610208950833366,0.06351001889979438,-0.048997359726042154,0.007915265976859515,0.009274777534920235,0.9979189357779229,-0.005001687132490832,0.0038505417343437072,0.0023722209782515297
0.20110674465530107,0.21708541608826798,-0.4095569429210251,0.10026836121938038,0.045122903725575536,-0.08652438460351318,0.017989980484114484,0.012828332757857074,0.9996790228026761,-0.005411244075411857,0.004051648478999008,0.0025893063943397978
0.28667238209622625,0.17454478778445964,-0.3082335460079254,0.07889048104008876,0.0752427857975515,-0.1204709613470792,0.001993474199577283,0.0038942179913082527,1.00064188815349,-0.005719477621419783,0.004338320861095234,0.002763851182124257
0.36544674837744,0.0961365935585087,-0.15035149814742166,0.16892821159881066,0.0021046083761253947,-0.11347140028273402,0.009125824259132859,0.002240454906277785,1.0016970237147456,-0.005869829119567204,0.004703767609472675,0.002859987775682766
0.06830922451264668,0.28269698382522124,0.0847820158073662,0.09052786097397873,0.04220809873247902,-0.13108797365686928,0.01263162396479791,0.008517503650827585,1.0065587341583235,-0.005785047103759839,0.004772076833985322,0.003142684759507987
0.41286542087123174,0.0988856720854567,-0.00762027672002143,0.06453602104308269,0.1494158605871201,-0.14895885479368765,0.0021078163606794865,0.005558609858178534,1.0042260315610394,-0.005792667380479861,0.005184942254856554,0.0032415704315934438
0.2739569693798235,0.16902870974731665,0.19833028701601627,0.08912022865998229,0.0771724082602281,-0.1228386965320377,0.015120451346862209,0.016255102572221,0.9955695944297099,-0.005594337093463844,0.005458899224236377,0.0034105991413407605
0.4133720587449533,0.046574779742692196,0.13661350030488645,0.003478546080076606,0.09886192597187891,-0.1514489441267029,0.01096851676022233,0.010566289290893177,0.9930986403173266,-0.005457723593158957,0.005872271282981331,0.003457173921083452
0.27236124694636654,0.01595826772700941,0.42829984372997,0.019521110160041627,0.10097314925665866,-0.010646772023393725,0.008795969179705404,0.009230387468704356,0.9885700181154436,-0.0050294237494289875,0.006144632529927697,0.0034731321888104615
0.23026695954391133,-0.10934984441226417,0.5784169248655132,-0.07109577992980906,0.05284162643927664,-0.034345460277075524,0.0017957915961374794,0.013501216699128335,1.0036108686187233,-0.004451006824563474,0.006374899489471609,0.0033637823443981975
0.20973769021007968,0.028990244264353315,0.5655345749993108,-0.04919403043183307,0.16373724533806774,-0.01764301768609934,0.007196764230165267,0.01025921219428352,0.9945974883675931,-0.0038854722495641637,0.006584637179681688,0.003392772588662551
0.16778967588859883,-0.06384264854325014,0.5375400858127212,-0.0874697048866387,0.12982577490557412,-0.06099087177173288,0.003353377537918925,0.01183966074853502,0.9949221747253855,-0.0033479321637514417,0.006752426855570287,0.0033289299401193014
0.17737038762075485,-0.21701551648713735,0.5289377583627795,-0.09081631488586753,0.08119940817072237,-0.023195464817336274,0.005110201858460698,0.011874485875920129,1.0000941468099258,-0.0028189944053886623,0.006929797243191042,0.003111914423632164
0.08366122351206344,0.035885856425740936,0.3633511455108691,-0.09272363863646652,0.06411173420139674,0.006104852133962448,0.008202159358251722,0.014104949637927636,0.9923064280965763,-0.0024556432598777933,0.007013458466703104,0.003147800280057905
0.10711775606857749,-0.2827313462246537,0.5292233712998617,-0.053457403382688264,0.050477862052151226,0.04000807669248995,0.0001514245041094025,0.017603393174354404,1.0040363632241287,-0.0019264198885779315,0.007120576222771683,0.002865068933833251
-0.11521939763164253,-0.2917333143280369,0.3723348948517609,-0.09538943099491884,0.0179483240558257,0.021232940421796867,0.007978988145461939,0.012684513505298008,0.9973035803239789,-0.0015540849937261706,0.007005356825140039,0.002573335619505214
-0.15472123389687137,-0.08433953024554688,0.4458692673992844,-0.06399120421649364,-0.03410079872841433,-0.008200100310144476,0.01942935014449573,0.018473135321498434,0.9971389015532933,-0.0011082157263268865,0.006850635591243168,0.002488996089259667
-0.11588051333369621,-0.18971447332368435,0.46050241083031196,-0.10637385055082864,0.018839712627223296,0.13755575976198098,0.0081563093413244,0.00880065785911541,0.9961263776527484,-0.0006477133154965745,0.006734755077909472,0.0022992816159359826
-0.2769738740355372,-0.19764205845183874,0.3645469355855163,-0.09537683905861569,-0.01837416640874156,0.08142745270104852,0.013475855179555202,0.016683167494290704,0.9965953302430476,-0.00028316637991105813,0.006457781203873934,0.002101639557484144
-0.2487093529598105,-0.23542453462722307,0.09605236985784005,-0.09213870717148787,-0.04874463491556079,0.12270930632037959,0.00574983660918465,0.018729785573894063,0.9973881076497635,-0.00018711401005321805,0.006209071850914124,0.0018662150228569213
-0.28740068645023803,-0.4329120408765752,0.19419210769833378,-0.10356228270515251,-0.032254416412756,0.08092959434203932,0.000596247182281049,0.014662927782363425,0.9895588490601487,7.0780976451157435e-06,0.005921671164463887,0.001433302981980346
-0.2472862550034972,-0.28851680480988195,0.04636488720133896,-0.10142219795248703,0.020582550199577523,0.07381936088292311,0.00599510400240536,0.014120669271552852,0.9977851588279685,5.34429848464547e-05,0.005674384909460389,0.001144786177170464
-0.3211175739716712,-0.279517531692699,-0.06638149204094798,-0.09599348503246824,-0.030002401425880863,0.10142653853931756,0.010354139788605833,0.007849524684760977,1.0005382869964046,-1.2938507194493277e-05,0.0053532673354887185,0.000865268645477765
-0.2752211035683221,-0.38301057905855673,0.04234536463054886,-0.18092500201922562,-0.09461305133679736,0.18647236635931666,0.013969112592126381,0.013392124256040219,1.0122453467702937,2.9406857436055584e-05,0.005078046231920395,0.00048225806641920824
-0.5250600503474765,-0.10589477730899273,-0.24070936293757839,-0.10228054934032345,-0.039248482492073695,0.16664757290334292,0.011438318691495534,0.010342005503823859,1.0069028902087045,-0.0002113025055015228,0.004552986181572919,0.00037636328911021553
-0.5341713200412261,-0.3507224556588997,-0.27264049048117367,-0.08511064405551835,-0.06564248094329649,0.1743572995405243,0.0007061416187107532,0.013358294332323464,1.0003978297905074,-0.0004839429959826965,0.004018814861531693,2.5640833451315794e-05
-0.498230156480094,-0.2434170245788299,-0.40417638091767,-0.010831557700366885,-0.08126503563773949,0.03458041638081024,0.008268353247318613,0.010626590269321626,0.9985183937068997,-0.0008881193769003665,0.003520584705051599,-0.00021777619112751413
-0.5164732389413591,0.13434304448741957,-0.22287780463670842,-0.050120730630056676,-0.08047265779791059,0.0396105565067025,0.010478631817203493,0.012907710981081216,0.9915527298457648,-0.001110997181537075,0.0030041114661102397,-8.343314664009454e-05
-0.6156698599916909,-0.025141007039758443,-0.2734315857648379,-0.0563518429830402,-0.07984034337480676,0.03946937729662712,0.017702821984728234,0.011971685953683881,1.0007931051747598,-0.001384428767301913,0.0023884416061185493,-0.00010857415367985298
-0.398976181949154,-0.1355707725453594,-0.29330587390152163,0.046839226871897816,-0.0008110345654368592,0.08660900192825123,0.012797897497979716,0.009456804088830787,0.9897646866993561,-0.0016777346412034343,0.001989465424169395,-0.00024414492622521237
-0.4296729852392154,-0.14991424066467685,-0.21353533364675698,0.02653640929319294,-0.10364192926228259,0.12114990956404527,0.0027489195045003042,0.01683009249090342,0.9961448972706375,-0.0018912699748501916,0.0015597924389301797,-0.00039405916688988927
-0.2921331423136477,0.12842191318595791,-0.14709702185749102,0.07496423589477486,-0.12990785557307874,-0.02136798578853514,0.0027214501486326724,0.019416731222092982,0.9939718103258559,-0.0020383669967076828,0.0012676592966165319,-0.00026563725370393134
-0.3014215566350136,0.08416518644908438,-0.29694935162992,0.07790760024288669,-0.019021624198315257,0.010353760052336491,0.01475519431883067,0.016805711572481886,1.0010753852800425,-0.0023353163483376027,0.0009662377399815183,-0.00018147206725484694
-0.12109399879228491,0.22929330535582818,-0.19953408096370062,0.1083405548595587,-0.06727626121424267,0.04173913541454618,0.009378353114768959,0.007762895214386714,0.9919072920303024,-0.0025348504293013032,0.0008451437411892334,4.782123810098124e-05
-0.39351244328576074,0.02284021474063269,-0.18262679622214484,0.10552961328472736,-0.07587863363347122,-0.0447995930681226,0.0003522974808181558,0.01334844947167894,1.0005825886648927,-0.002717477225523448,0.00045163129790347264,7.066145284161393e-05
-0.3213725621770535,0.1926140971320904,-0.026932881916660073,0.11445175718238115,-0.017654456956745362,-0.03692932238318689,0.01781633620698283,0.01963100352930477,0.9948972201080847,-0.002744410107440108,0.00013025873572641917,0.00026327554997370437
-0.2741892173705104,0.3134894563599264,-0.07004505778930929,0.11903148472741054,-0.01788651965039582,-0.056445745305545754,0.0118738578120547,0.014099603905884094,0.9999953862125847,-0.0028144551652294174,-0.00014393048164409124,0.0005767650063336307
-0.20761716056286472,0.2366475209676457,0.16899786465825567,0.11979029096632468,0.05091071507025529,0.002747219062751041,0.01613151815508871,0.017463863249334494,0.9988466556069913,-0.0026454573005711616,-0.000351547642206956,0.0008134125273012764
0.02456342619317728,0.3905278727886764,0.14029244648590178,0.10493547660623503,0.06489145214157825,-0.10967005216464608,0.01326914554286527,0.008780017307818836,1.0064065426199402,-0.00250516485408526,-0.0003269842160137787,0.001203940400089953
-0.1919967257923189,0.33115616233274825,0.2391932684332152,0.13615846258034858,0.12373253527830232,-0.13481526656195783,0.005154710306419909,0.021894057416592082,1.0014737044343043,-0.0022659715856520445,-0.0005189809418060976,0.0015350965624227012
0.00963099344272859,0.24981879985237423,0.31007311880407107,0.11935082087884401,-0.05509110817010116,-0.1430251511039851,0.00991539879147456,0.018274189791213466,1.0020831686801104,-0.0019558984668479737,-0.000509349948363369,0.0017849153622750754
-0.03479372704605484,0.2745902095240345,0.33789629434687396,0.1799579491733326,-0.01833377845532099,-0.034338381792808,0.0029103127493213497,0.013533781400310172,1.004600101713184,-0.0016180021725010997,-0.0005441436754094239,0.00205950557179911
0.0297597756356359,0.22190183160782564,0.15444787714413852,0.07768266874915523,0.05708386311291618,-0.07145339464276623,0.006714389338802916,0.013976256385830494,0.9999916607300305,-0.0014635542953569613,-0.000514383899773788,0.0022814074034069355
0.17037183724809368,0.21039500663030955,0.48532964353472535,0.08724857999314328,-0.07521059649622572,-0.029755226997813168,0.007496294345182429,0.012392389566029798,0.985606992270406,-0.0009782246518222357,-0.0003440120625256943,0.0024918024100372455
0.15570654018410432,0.10034113738956615,0.17569890833159788,0.10178454789434704,0.058352828261698325,-0.08440616860714252,0.008817809314607378,0.018823944140697393,1.0018098863150233,-0.000802525743490638,-0.00018830552234158995,0.0025921435474268117
0.2524296838801909,0.21262750495329263,0.3249220748305542,0.08958362820630657,0.060363010352177886,-0.019897034122556008,0.004487652963901905,0.020506134383343824,1.001341748415541,-0.00047760366866008374,6.412416153860093e-05,0.0028047710523801048
0.4264025694090344,0.05210468138048602,0.11621711079667307,0.013386769181089933,0.09942717235785102,-0.06787974697767714,0.01897039342053515,0.015116509896545323,1.0023959861236318,-0.00036138655786341063,0.0004905267309476353,0.0028568757337605905
0.20497464425431305,-0.011171019728986015,0.0384333423250256,0.027954630717132143,0.028315309362980354,0.013147368231791296,0.009062017227118219,0.010981055824775054,1.0005896061484214,-0.00032295321553838506,0.0006955013752019483,0.002845704714031605
0.288447214084764,0.11398205009127212,0.047198181654816596,0.054105102129871865,0.022182885338050677,0.09396582825526266,0.008713308827653851,0.016807303511707374,0.9924025910229269,-0.00027575503388356846,0.0009839485892867124,0.002959686764122877
0.4309231905502799,0.13193692118819714,-0.010343102563733109,-0.0010682685138550894,-0.009226158589934415,0.15885054691177972,0.008399686858429517,0.01998225722478707,1.0063806233039094,-0.0002860981364473016,0.0014148717798369926,0.003091623685311074
0.39127178086637227,0.05900283109056351,0.09770271575091001,0.035103194790200284,0.04319314793152934,-0.0006577996645871168,0.008777140406047212,0.01572386102676565,0.9937822445258576,-0.00018839542069639154,0.0018061435607033647,0.0031506265164016377
0.4581508515574432,0.005166892640585834,-0.11209380435836805,-0.045855357095632286,0.0920064740749485,0.13459174356929937,0.015149571263789909,0.017661642682664378,1.0006193366143048,-0.00030048922505475963,0.002264294412260808,0.0031557934090422238
0.41008322132218433,-0.009343012607078816,-0.16283191397563176,-0.06711968974849267,0.037224566104150314,0.08439536283736912,0.010812303766247117,0.018271843027474623,0.9961863377931695,-0.0004633211390303914,0.002674377633582992,0.0031464503964351445
0.5771780643416997,-0.13011093236723598,-0.6003803582847618,-0.11139242311855639,0.01932821794543323,0.09243065075413533,0.01222987574971296,0.02726506228885113,0.9982872903781701,-0.001063701497315153,0.003251555697924692,0.003016339464067909
0.5647843062282467,-0.04482335714850176,-0.3155372925418243,-0.053119855616871894,0.02065519673518028,-0.02789501110399239,0.016812236106355904,0.01849515025661296,1.000155118137276,-0.0013792387898569774,0.0038163400041529385,0.0029715161069194065
0.4166034140536656,-0.14923116083580665,-0.4077222408342147,-0.0901963615277572,0.033879538597679115,0.04547989318215982,0.015031723751369935,0.021298121129194075,0.9994932880035882,-0.001786961030691192,0.004232943418206604,0.0028222849460836
0.546672458662321,-0.12874109436159822,-0.43746080063057263,-0.05356540497288429,-0.07868711948243552,0.057680412020417834,0.022065678690320067,0.020117188603026002,0.99487309486079,-0.0022244218313217648,0.004779615876868926,0.0026935438517220016
0.38518096059734463,-0.1613613257719849,-0.6440610098169562,-0.09502806000007348,-0.07204987254271236,0.1002527341307486,0.01767798970638504,0.024918621495843642,0.9973119451542735,-0.0028684828411387215,0.00516479683746627,0.002532182525950017
0.2523461614323763,-0.15231727924436894,-0.4581042201816635,-0.1501586379302325,-0.03748737466234661,0.13028522411282964,0.009533447344451962,0.012536578200872978,1.0029978486594295,-0.0033265870613203847,0.005417142998898646,0.0023798652467056478
0.270261300831726,-0.24049930075176856,-0.4416477028823558,-0.10179364125062706,-0.07596274302999297,0.040466530364282036,0.008462292235093354,0.014218993623400372,1.0039766408877766,-0.003768234764202741,0.0056874042997303725,0.0021393659459538793
0.24836809643088031,-0.3337905488401759,-0.42547883908648504,-0.06034354909842707,-0.0480550175845498,0.10038889973018811,-0.0038006540269635795,0.016636716345020442,1.0003567783070966,-0.004193713603289226,0.005935772396161252,0.001805575397113703
0.23637984509666532,-0.2072628773221482,-0.503522882124654,-0.057608676608381704,-0.1142195565081956,-0.015236085736730515,0.022095877351941996,0.019595586337963985,1.0016093556632701,-0.00469723648541388,0.0061721522412579175,0.0015983125197915546
0.1358233595070239,-0.00698273968934221,-0.3255509577207359,0.0028083628680352288,-0.07529186667365544,-0.022540295033398,0.021417416537837155,0.016139660257829952,0.9920760906411181,-0.005022787443134617,0.006307975600764942,0.0015913297801022125
0.03178194740133841,-0.05871258100425083,-0.3174820131079107,-0.02982054519428693,-0.10128218347539916,0.05089998407817078,0.011188261589442902,0.021504517716709852,1.005959713503785,-0.005340269456242527,0.006339757548166279,0.0015326171990979616
0.0893749297511284,-0.06356553760222239,-0.23626180510555955,-0.053181907741554374,-0.13234791347788816,0.036322927973434734,0.016667881896560894,0.02772475780768638,0.9990676818604495,-0.005576531261348086,0.0064291324779174085,0.0014690516614957391
0.04549333182944004,0.03287038896051386,-0.39739116107643396,0.014053979600835051,-0.13487307340237556,0.03513030501492505,0.020144820506578398,0.02459301491249918,1.0037148134568237,-0.00597392242242452,0.006474625809746848,0.001501922050456253
0.041754518792837016,0.0056870739937044884,-0.005068618895688312,-0.03637914827507982,-0.11080706738609464,-0.11980626535499354,0.005280020791238587,0.015741424962952673,1.0012903533478084,-0.005978991041320209,0.0065163803285396855,0.0015076091244499575
0.057318231511945,0.0012331362137205301,0.009817091283087019,0.06125586620076809,-0.10750704961700304,-0.1404526911736889,0.008885076246946007,0.015107193291818642,0.992170770142914,-0.005969173950037122,0.00657369856005163,0.001508842260663678
-0.06787763393275112,0.00609948925525268,0.09676680814250235,0.0454992517498417,-0.08531804648421766,-0.12411461147421325,0.006319886805824592,0.01995948059721694,0.9975968838762901,-0.00587240714189462,0.00650582092611888,0.0015149417499189307
-0.0005422859983997413,-0.02053642556110473,0.35399271036476093,0.04300642873465753,-0.08638622632077736,-0.14682438592219715,0.016351103270007158,0.025359629627935896,1.0024212105682293,-0.00551841443152986,0.00650527864012048,0.001494405324357826
-0.11482116121240332,0.18219403057787378,0.3892216845782311,0.0805844608313181,-0.1930035901824104,-0.08800158187853745,0.012861522266610293,0.015631007226689756,1.0039378783539417,-0.005129192746951628,0.006390457478908077,0.0016765993549356997
-0.25892470439071386,0.09790603789202482,0.4236649479688854,0.10264821584034797,-0.059849325804666745,-0.06228978466930971,0.014708128653107042,0.011956650324308248,0.9921462200477656,-0.004705527798982742,0.006131532774517362,0.0017745053928277248
-0.1843424491490294,0.1640084066889903,0.7213079918633231,0.11707763867285313,-0.12428085987946837,-0.1328400072088089,0.00814056322375403,0.021539090443174452,1.0075787589633092,-0.00398421980711942,0.005947190325368334,0.0019385137995167152
-0.35319653779879523,0.1483342790569877,0.5673585247866646,0.11459551556756399,-0.07575506192401471,-0.12333584332083504,0.00840478940605403,0.019155035159177748,0.9983985455852135,-0.0034168612823327546,0.0055939937875695385,0.002086848078573703
-0.14077464074156495,0.0942079704757108,0.6116259043015759,0.10155791865476223,-0.008346905450722301,-0.12009680947100114,0.0130970189127775,0.027301611748001983,0.9876573360593996,-0.002805235378031179,0.005453219146827973,0.002181056049049414
-0.23500457770717378,0.3644478935663791,0.5721047139658805,0.11337774342795842,-0.1098834844903929,-0.1823952213511826,0.01768965834287124,0.027561503314836103,0.9936371570588718,-0.0022331306640652982,0.0052182145691208,0.002545503942615793
-0.22248202245962195,0.32432158690916313,0.5204382441690536,0.11843216351238744,-0.04894106113421025,-0.057087794512248914,0.01645432382417795,0.01937389034817279,0.9972402555672152,-0.0017126924198962443,0.004995732546661177,0.0028698255295249563
-0.5414295464952451,0.3584283775889561,0.4905967145211254,0.08563347258188155,-0.0038624699417048186,-0.06605835907464012,0.016377331006754422,0.02557265283111416,0.9882941779866218,-0.0012220957053751189,0.004454303000165932,0.003228253907113912
-0.3841270740632867,0.20469540757848517,0.3591781595660649,0.15993371924481645,-0.09365808571104958,-0.049441604952860346,0.009531220045284962,0.013734920964959648,0.9998368426523533,-0.0008629175458090541,0.004070175926102646,0.003432949314692398
-0.20812367970286705,0.0774559156134755,0.40025834620149026,0.047661128930443816,-0.09925887398829297,-0.11279399806040208,0.014189972044353679,0.021894788031098972,0.9966650032657665,-0.00046265919960756374,0.0038620522463997786,0.0035104052303058728
-0.003058970784067805,0.11856312150611252,0.47364752520133735,0.10036165988653284,0.010658546354564693,-0.013097135317055109,0.02288950022804638,0.02476399374691833,1.0010328685848038,1.0988325593773607e-05,0.0038589932756157106,0.0036289683518119856
-0.44937667279981647,0.1115274524633667,0.2703797488581563,0.044178125645094275,0.014289808263521286,0.04496347289253325,0.022967013552723285,0.013484429704553297,1.0041957538823238,0.0002813680744519299,0.0034096166028158947,0.003740495804275353
-0.1298131809206682,0.05958089699189304,0.13004680258364124,0.03520167289679365,0.02268753265059251,-0.038230772131346055,0.010616723098544651,0.027166342829755212,0.9995906931066523,0.00041141487703557115,0.0032798034218952266,0.003800076701267245
-0.12921978407684862,-0.11894828631136929,-0.04377916818647121,-0.077114497671852,0.09283135244779703,0.035218068074661116,0.019450928038070536,0.031341589227590054,0.9965469974970291,0.0003676357088490999,0.0031505836378183773,0.003681128414955876
-0.12635952524119035,-0.1314857216556977,-0.09626341151272745,0.018946237426699084,0.02251684468062193,0.0651704438282247,0.009076285950573616,0.022953777565596384,0.9962735766230035,0.00027137229733637246,0.003024224112577187,0.0035496426933001785
-0.1230480165026179,-0.23161537661870646,-0.2113344664382685,-0.11897927317192086,0.08852534478669977,-0.000836625247654774,0.02099526273750293,0.024926252790228316,1.000153582526372,6.003783089810397e-05,0.0029011760960745694,0.003318027316681472
-0.2324029975848282,-0.33527445719137394,-0.1961206083254976,-0.036760889765754264,0.12182681482254913,0.07143069223732572,0.009871113398094888,0.017697446641163392,1.0014477883692874,-0.00013608277742739364,0.0026687730984897413,0.0029827528594900984
0.010114088603424783,-0.024240465904588532,-0.14191256328910076,-0.07199403820582934,0.029358647207976988,0.12249478496291066,0.01590233968233273,0.02645566508575212,0.9901184862234396,-0.0002779953407164944,0.002678887187093166,0.0029585123935855096
0.05145086446006894,-0.24756891643270443,-0.27954267968233887,-0.07337080384220088,0.07711537191871978,0.12758998145194583,0.01531451368645943,0.025089012304625066,0.9875328709141101,-0.0005575380203988333,0.002730338051553235,0.0027109434771528055
-0.05461939307921179,-0.25818040052672814,-0.28155204934331524,-0.07855019004615846,0.14448597215363823,0.08226631555663737,0.022589277524934594,0.0195117062432078,1.0075511905616468,-0.0008390900697421485,0.0026757186584740232,0.002452763076626077
0.14783662362285746,-0.3087705343599805,-0.3996340511240096,-0.10907252014700694,0.12424825927751486,0.16362783932167155,0.009696664364596208,0.017702458872819564,1.0010223672113359,-0.0012387241208661583,0.0028235552820968807,0.002143992542266097
0.24233841618575644,-0.46285412294626316,-0.24899507915614016,-0.17124503095434607,0.10128171472494087,0.07839656396922072,0.011775829402398158,0.02779888586658053,0.9989617388964511,-0.0014877192000222984,0.003065893698282637,0.0016811384193198338
0.2608167622433465,-0.2608427055974843,-0.37500168157055314,-0.07824334922603723,0.07884922160496963,0.1323605955652301,0.013700800083517898,0.027232961699448676,1.0040604323285374,-0.0018627208815928517,0.0033267104605259838,0.0014202957137223497
0.21990079117435085,-0.2430940898798199,-0.38465351272772463,-0.21141577978943377,0.0625725900905401,0.12168629212337213,0.020156560630311654,0.02273465021737417,0.9859361294079219,-0.002247374394320576,0.0035466112517003345,0.0011772016238425298
0.28344533196819666,-0.32952706461351067,0.0017311874794964655,-0.1793487564646807,0.06964215118803219,0.15555602277516956,0.017716162463645036,0.02458957458069812,0.9971988516553734,-0.0022456432068410797,0.0038300565836685316,0.0008476745592290191
0.43643367677050277,-0.23756192791571376,-0.2305544316297961,-0.11811811078196152,0.04791418488108344,0.08975740412690883,0.020237942084057766,0.024874064407455487,0.9961846203056541,-0.002476197638470876,0.0042664902604390344,0.0006101126313133052
0.09738907155647514,-0.14560916438543198,-0.057213240783615234,-0.08560645478654605,0.05506353538642331,0.09962254944133785,0.02325100874811267,0.019619685078424976,1.0012864288232868,-0.002533410879254491,0.004363879331995509,0.00046450346692787327
0.14091909742176095,-0.2870698804363768,-0.07761245813490922,-0.1524032505424689,-0.006226610211182965,0.07928345704782612,0.017588827126542417,0.023222978576987414,0.9948640136932316,-0.0026110233373894003,0.00450479842941727,0.00017743358649149638
0.19273747174219977,-0.3422616496100605,0.1899986660712364,-0.07283033970469735,0.07222435424774598,0.12045733658247405,0.019443810471917657,0.030429732334623552,0.9918339809038502,-0.0024210246713181637,0.00469753590115947,-0.00016482806311856414
0.13999124734946816,-0.0936350050633881,0.15999002214613922,-0.12898739810777374,-0.021278653041864885,0.09311359293169767,0.007484147375048175,0.02271032212905328,1.0035336803842207,-0.0022610346491720246,0.004837527148508939,-0.0002584630681819522
0.1772208059907403,-0.08389164313107005,0.11459532118564801,0.024870779654377055,0.010978484661202353,0.0025236302303097303,0.004640599304137145,0.02971013884908015,0.9959915211374444,-0.0021464393279863768,0.005014747954499679,-0.0003423547113130223
0.13394715417485015,-0.04986917796900259,0.18121663605874613,-0.0732462159388844,-0.026587974138418353,0.03237061355869594,0.023842366767448858,0.02589427707217181,1.004890573010935,-0.0019652226919276306,0.005148695108674529,-0.00039222388928202484
0.23534978333191697,-0.28632502302946733,0.3909764609283819,-0.048269747545800185,-0.01610846977865245,-0.019612856307007487,0.025821150071469238,0.028867022323300184,0.9938360243535925,-0.0015742462309992487,0.005384044892006445,-0.0006785489123114921
0.07784489927075491,0.053274039370511034,0.14405960862612438,0.01833846794621159,-0.026037872222631812,0.005558137535258681,0.020217361040980555,0.013509496540708916,1.0012048549000034,-0.0014301866223731243,0.0054618897912772,-0.0006252748729409812
0.3231832704404998,0.11939190540413308,0.3023291347868172,0.05268363406731077,-0.03766149482599499,-0.04364522015981652,0.016855963640506715,0.021111877961904505,0.9995301212977814,-0.001127857487586307,0.0057850730617176995,-0.0005058829675368482
0.07067377381193672,0.09750406815073466,0.485685882255468,0.04446801974721839,-0.020148938620709066,-0.044947185640035255,0.017174169298223747,0.028076948212224458,0.9960682792677025,-0.0006421716053308391,0.005855746835529636,-0.0004083788993861135
0.13914410198096622,-0.025160240635002967,0.344207540334134,0.021128303315640383,-0.03145746302608628,-0.06080509973380587,0.008985850257544139,0.027885961252756143,0.9954282809738503,-0.0002979640649967051,0.005994890937510602,-0.0004335391400211165
0.011283504926737738,0.10182400879271185,0.26056774425116436,0.08689888340197577,-0.03862245117846491,-0.10007563545504344,0.019387457131073465,0.029227891277642744,0.9986233907430319,-3.739632074554073e-05,0.00600617444243734,-0.00033171513122840467
-0.12282378171112542,0.2621119597615441,0.2776974377492561,0.1487588507543659,-0.15484074778634632,-0.0628189716780289,0.01231154079753059,0.028378991648953824,0.9953559847487714,0.00024030111700371537,0.005883350660726214,-6.960317146686052e-05
-0.17656614428246759,0.3219337302671983,0.21048905407438456,0.13221779950171322,-0.038465921851365326,-0.07763813290690366,0.006532496599233589,0.03158417800745423,0.9953014976006519,0.00045079017107809994,0.005706784516443746,0.0002523305588003378
-0.24551495588378258,0.17733264186630981,0.14877316571737315,0.14163909693829144,-0.13327039500131624,0.00983207965924241,0.020249844453213317,0.02042750062283206,1.0014119831947135,0.0005995633367954731,0.005461269560559963,0.00042966320066664763
-0.05554781429742049,0.24834433797157374,-0.03418784009225628,0.17528474131581848,-0.10669080878291508,-0.10201327712139831,0.012107646225869507,0.026123610291572688,0.9953112132335916,0.0005653754967032169,0.005405721746262543,0.0006780075386382214
-0.16227385028232943,0.21680068240783712,-0.09952051572514078,0.21674284991150516,-0.1286518398446171,-0.03828841732155325,0.020424531799156806,0.02843769451477891,1.0044921593429486,0.00046585498097807614,0.005243447895980213,0.0008948082210460585
-0.2371201150931868,0.5034748383684895,-0.1830169778224876,0.16659727648011324,-0.052240646984691004,0.01187544520184145,0.02905096185976619,0.02749963861607901,0.9931604529457296,0.00028283800315558847,0.005006327780887027,0.001398283059414548
-0.3907646936220879,0.1618212653001592,-0.2740998388577451,0.1985276392360988,-0.1140435421203502,-0.021559787946571325,0.011496719277439602,0.025843381372692476,0.9914165089015198,8.73816429784341e-06,0.004615563087264938,0.0015601043247147073
-0.33878683765316603,0.34475107975343044,-0.3837318028776091,0.15887957485080012,-0.038794700686269785,0.062194445564131874,0.018446236114017772,0.029722262427968337,0.9905929462391814,-0.00037499363857976573,0.004276776249611772,0.0019048554044681376
-0.331553623738328,0.4336157041142389,-0.5189005209313284,0.08682740181356381,-0.03730954234028463,0.041695313202925806,0.018574248824590644,0.037648775393794076,1.0027645086280208,-0.0008938941595110941,0.003945222625873444,0.002338471108582377
-0.41124780893949814,0.427508503011823,-0.5046876175864597,0.05852694361912883,0.01629213443225004,0.005860611170513752,0.024125155616488925,0.028431405371290477,0.9953570623005743,-0.0013985817770975541,0.0035339748169339463,0.0027659796115941998
-0.4845803431758844,0.4506439798877977,-0.5606614254707499,0.1767645194589876,-0.05392527526909354,0.09781185723294848,0.011917674314093324,0.02875048549736343,0.9973424837061382,-0.001959243202568304,0.003049394473758062,0.003216623591481997
-0.40068748053769865,0.308574880996794,-0.5914503016468756,0.16299844154409737,-0.026028089341986544,0.0138075282145607,0.02126162868112894,0.03176270298719378,1.0093064623951602,-0.0025506935042151797,0.0026487069932203634,0.003525198472478791
-0.38257589959706717,0.2526311012488712,-0.649493389854372,0.08590319875124634,0.00041850096329723065,0.09522543808334148,0.020088519191954618,0.02356974210903028,1.0062895064243156,-0.0032001868940695513,0.002266131093623296,0.003777829573727662
-0.4554799303627573,0.1427382351902759,-0.6104400155209186,0.0902966569422084,-0.03228654423398405,0.10987112280860575,0.022607552511332753,0.0293882688549273,1.011042632979359,-0.00381062690959047,0.0018106511632605387,0.0039205678089179385
-0.4560720382036804,0.05448512594393069,-0.4769182678718048,-0.033042509815947994,0.03945194716968295,0.11418035473333309,0.021345201962854787,0.027275944178390805,1.0077380721815752,-0.004287545177462275,0.0013545791250568582,0.003975052934861868
-0.26725260518257665,0.07236697688973402,-0.34075858713931445,0.016527882398937904,0.06617657871851358,0.12308498339028688,0.02122370108242883,0.028427203264897435,0.9984365506200127,-0.00462830376460159,0.0010873265198742814,0.004047419911751602
-0.372926287283265,-0.0490881285799881,-0.43538304704959757,-0.03530301043350832,0.041505268211290004,0.11174246121417554,0.01887405347193523,0.02596864744307374,1.0041264814238569,-0.005063686811651188,0.0007144002325910163,0.003998331783171614
-0.5265193654488521,-0.2124376377777774,-0.5874903373322149,-0.0035161302313784226,0.04798153167699708,0.0911498306264059,0.008167508931327979,0.0258484933261316,0.9950434582420521,-0.005651177148983402,0.00018788086714216425,0.003785894145393837
-0.4621457514929359,0.002811796481809528,-0.008461617999040882,-0.03539613705319183,0.0755109722713897,0.15519526032529624,0.011434309239979753,0.028723570689713953,1.005928396566235,-0.0056596387669824435,-0.0002742648843507717,0.0037887059418756463
-0.2381272112326993,0.04252185050103402,-0.1401724641421262,-0.016491863737876984,0.08586101565351092,0.056295612488872805,0.013455781078741798,0.02683360437169565,1.00049014439725,-0.005799811231124569,-0.000512392095583471,0.00383122779237668
-0.36258973838429787,-0.2215195022085602,-0.04843202434710443,-0.05781570095577127,0.04508822011210918,0.040661555413829875,0.027944273878932016,0.020569084552768284,0.9911848143742839,-0.0058482432554716746,-0.0008749818339677689,0.00360970829016812
-0.3349429200168678,-0.18891829830517315,0.06885530051270583,-0.18965383949105508,0.08862571134303268,0.06033871046769468,0.006886213578031387,0.032168859354852634,0.9963478920505873,-0.005779387954958969,-0.001209924753984637,0.0034207899918629464
-0.2409415400667322,0.00732130256033503,0.10375684562549871,-0.03195953461284273,0.03204282256030927,0.009299513850013394,0.019854037412014917,0.027443080973372485,0.9951367189317327,-0.00567563110933347,-0.001450866294051369,0.003428111294423282
-0.08831994181628364,-0.1542968360409229,0.39484000762108423,-0.0680814767533795,0.006051682642863959,-0.008877949710193617,0.014586899302257225,0.026344478316858343,0.9995496410872632,-0.005280791101712385,-0.0015391862358676528,0.0032738144583823593
-0.10817287609349471,-0.23359962471525378,0.21027542795851206,-0.12945979002525396,-0.01509190090343188,-0.018376291672584033,0.013377835686137764,0.02653443194923412,0.9974444859794536,-0.005070515673753873,-0.0016473591119611478,0.0030402148336671053
0.008920915120555706,-0.21896578214629692,0.5300776362724886,-0.05068314449860179,0.05359452090629031,-0.07590260592492445,0.020263502689558628,0.030282007213432167,1.002685642227323,-0.004540438037481384,-0.0016384381968405919,0.0028212490515208085
-0.026884089791729696,-0.2811763046883876,0.40089571220388176,-0.07535438215121557,0.03502475483366409,0.003013316878471192,0.015779207055333814,0.025587775229802392,0.9995889000649342,-0.004139542325277502,-0.0016653222866323215,0.002540072746832421
-0.05516258862184725,-0.11325377322833831,0.46221001172911247,-0.09034407362003333,0.04915515264540407,-0.04485534178083455,0.017773256511245065,0.031050118876149786,0.9975076904753792,-0.00367733231354839,-0.0017204848752541688,0.002426818973604082
0.12497516331250724,-0.22484562168914785,0.5274841587498948,-0.06348809182467063,0.06562244543723246,-0.07862966618296213,0.01950230192241751,0.03506413168800695,0.9990231181533538,-0.0031498481547984954,-0.0015955097119416614,0.002201973351914934
0.16123315890007298,0.024268880328714132,0.4898860337593939,-0.004573438650736913,0.06443593773707348,-0.1184816610917906,0.013769009252409774,0.029206339165503168,0.9994922227266367,-0.002659962121039101,-0.0014342765530415884,0.0022262422322436486
0.2953302934827581,-0.05950114685610761,0.3741215356946435,0.042661674998696976,-0.042171280906944664,-0.17455356931774063,0.019079353539640208,0.029186739987617134,0.992416267955355,-0.0022858405853444577,-0.0011389462595588302,0.0021667410853875406
0.43169097359954256,-0.16652853562184403,0.3937067069711972,0.0412972627574974,-0.024552374340660314,-0.11381602132385711,0.026375975887182806,0.036466230590308416,0.9991477745621704,-0.0018921338783732602,-0.0007072552859592877,0.0020002125497656964
0.24113414400303398,-0.03303168125189269,0.3826261428764785,-0.009870030055703933,0.0035851845058429803,-0.15913255698553425,0.026628185528448273,0.047432813760082446,1.0023897021590966,-0.001509507735496782,-0.0004661211419562537,0.0019671808685138036
0.4002528384529291,0.015164966133384347,0.2658144231361458,0.07197422363690026,-0.04682776513300725,-0.1632428005351378,0.014743238160876613,0.028203618263001703,0.9969404994177697,-0.0012436933123606362,-6.586830350332458e-05,0.001982345834647188
0.17907788100017633,0.055413973947945686,0.3592163719445115,0.008579812917532148,-0.002131683586736201,-0.15907962128706443,0.016951281924208216,0.03010042455640152,1.0023626676904096,-0.0008844769404161246,0.00011320957749685176,0.002037759808595134
0.45037058587357465,-0.04630367999207892,0.4162931538742166,0.09692018923151868,-0.018572568366059763,-0.14446247978556193,0.023302678981328057,0.038132602413121115,0.9972308410942072,-0.0004681837865419079,0.0005635801633704264,0.0019914561286030552
0.39305072358546517,0.22846298696758036,0.08317027919410502,0.09079623598609962,-0.03126713857858278,-0.047371565307624715,0.019453157118519672,0.03529572106461113,1.0060784291278166,-0.00038501350734780284,0.0009566308869558915,0.0022199191155706354
0.22392079997354122,0.10873226048665094,0.08071696229530165,0.04125206945234446,-0.04306624798876815,-0.09859909270752233,0.019498046127899474,0.03613173535002982,0.9985347677681693,-0.00030429654505250114,0.0011805516869294328,0.002328651376057286
0.423055947550617,0.26016833307579423,0.02766393848393428,0.1335326901035455,-0.03616470537637929,-0.056298553297981814,0.0225580076561355,0.027527968613169466,0.99666997595306,-0.0002766326065685669,0.0016036076344800498,0.0025888197091330804
0.28111074886220233,0.1387481873016012,-0.16139360412371348,0.11321351434522828,-0.09814035592809492,-0.07312814232775386,0.026573968863215468,0.030393189701182457,1.0038303430716728,-0.00043802621069228035,0.0018847183833422523,0.002727567896434682
0.42811870401781904,0.2140901531773891,-0.23142620711835246,0.09917315176088555,-0.10062781125442756,0.020617094368123333,0.021016368713642222,0.031456635351391246,1.0016760689706037,-0.0006694524178106328,0.0023128370873600713,0.002941658049612071
0.3787883987000665,0.3583272398547602,-0.2865661387874408,0.10995957633890877,-0.048238608088301674,-0.015042557053509561,0.024859583839267597,0.031325835909916375,0.9971576532354748,-0.0009560185565980737,0.002691625486060138,0.003299985289466831
0.2948514971688696,0.09776629904191982,-0.2197131818753712,0.08745691224169692,-0.0711427176449329,0.08253232592175168,0.02191440946731496,0.0326916530117914,0.9978077963938113,-0.001175731738473445,0.0029864769832290074,0.0033977515885087505
0.35020323132336034,0.22082146684691267,-0.373687029750005,0.11147298689945942,-0.07821737857712703,0.08893149211568725,0.013988672408224642,0.03429138865816803,1.0001538042227782,-0.00154941876822345,0.003336680214552368,0.003618573055355663
0.33566181826433883,0.016923797892930054,-0.4412387928770234,0.08514790337753467,-0.05961489641456588,-0.027598688519520104,0.022611950583931353,0.027218709077181637,0.9922448294844344,-0.0019906575611004732,0.003672342032816707,0.0036354968532485935
0.2360734915675003,0.15802626921351204,-0.4356339125170158,0.032358903337652706,-0.07235169489544038,0.07005738653242487,0.01701610811183962,0.02348889275785149,0.9956572504152272,-0.0024262914736174895,0.003908415524384207,0.003793523122462105
0.48870283580299995,0.23142110769357357,-0.40510991578874245,0.03470885082668131,-0.08010697475892366,0.06624317813524763,0.014783006940937007,0.03845573581162112,0.9959260787221128,-0.002831401389406232,0.0043971183601872075,0.004024944230155679
0.06837242976342618,0.0105116536829322,-0.230207303109842,0.01525175913348351,-0.06249312418306499,0.11202677460604163,0.021988853181192414,0.03455015498534998,0.9952684021734617,-0.0030616086925160744,0.0044654907899506335,0.004035455883838611
0.1734593730924254,-0.0007625727435945084,-0.23660500250780991,-0.036709432214857916,-0.043884702206093834,0.14019631236301078,0.01204239400842233,0.04273640595361922,1.004971208185289,-0.0032982136950238843,0.004638950163043058,0.004034693311095016
0.02486039809668615,0.03552561079016356,-0.11305408324049618,-0.03263708966329461,-0.07247351662138776,0.16491505567428888,0.019658429197041746,0.02528121020806578,0.9999825617993389,-0.00341126777826438,0.004663810561139745,0.00407021892188518
-0.17978233077091196,-0.28825281924674484,-0.10847625774673891,0.060384259537891866,-0.07979295880998044,0.1834150461395678,0.021854892790481355,0.031233185548575435,1.0039157758540957,-0.0035197440360111194,0.004484028230368832,0.0037819661026384345
-0.0693775827366329,-0.1148313411701296,0.042167973166895106,-0.01280740310939795,-0.04131714586114568,0.14095870408267205,0.018733342838096984,0.030286803718969964,1.003431680331423,-0.003477576062844224,0.0044146506476322,0.003667134761468305
-0.09338247925883195,-0.1548825774279757,0.13236230426815526,-0.056112844094545165,-0.02500766589614375,0.2108847001015591,0.031015534995713655,0.03932840957576314,0.9933961157262622,-0.0033452137585760692,0.004321268168373368,0.0035122521840403294
0.0067676067798867895,-0.3619880914083697,0.043250910706281676,-0.12273840747068625,-0.026133055888316915,0.04597567144599262,0.021020775413068293,0.03307708864337369,0.9963983834074159,-0.0033019628478697877,0.004328035775153254,0.0031502640926319597
-0.21713906619130754,-0.12405704685688616,0.07264155798837624,-0.10369531763342203,0.011177966856955436,0.06578570237334996,0.008804061704841904,0.028917427428037448,0.992811917376433,-0.003229321289881411,0.004110896708961947,0.0030262070457750738
-0.1939512786048028,-0.33174473497568346,0.0728416714049242,-0.08562482275894322,-0.012473527426651556,0.11802314062265017,0.015627927556083786,0.04108798254767605,0.9883650203594693,-0.0031564796184764873,0.003916945430357143,0.00269446231079939
-0.2973569655029546,-0.2964654293283453,0.2722472528718207,-0.06653205791118597,-0.017944037646248717,0.09683950044973116,0.018288496691832894,0.03738985888155901,0.9961534468941927,-0.002884232365604667,0.0036195884648541885,0.002397996881471045
-0.020873897271373648,-0.3574203206004926,0.41475431133381524,-0.062457016921228264,0.043583429312957486,0.058312088274435854,0.02789012842610488,0.03639231853037017,1.0070776662483498,-0.0024694780542708515,0.003598714567582815,0.002040576560870552
-0.2588297290224027,-0.3487216193926042,0.26895835042962457,-0.2083937136995256,0.06432508789757041,0.09499797929846089,0.022911182190545474,0.027377593728413682,0.9874822986798384,-0.0022005197038412272,0.003339884838560412,0.0016918549414779481
-0.23802546562648952,-0.21788166475788975,0.30326516532015385,-0.12006784576413257,0.05577039929648757,0.017904078760513312,0.021692930578411,0.026537714400474227,0.9994355161510232,-0.0018972545385210733,0.003101859372933923,0.001473973276720058
-0.2756387243556088,-0.31168227534082243,0.23741322839139772,-0.10914510508490696,0.036110899493358134,-0.046849576926560235,0.017759663979221938,0.030489073670586557,0.9885989143934699,-0.0016598413101296756,0.0028262206485783147,0.0011622910013792357
-0.18098567712715846,-0.36231752159288433,0.18221953378575498,-0.1367213956535399,0.09546720891831582,0.062215865421496146,0.019516882207398344,0.03748668425424516,0.9942356554295616,-0.0014776217763439205,0.002645234971451156,0.0007999734797863513
-0.3356078383886674,-0.203401993536311,0.07777647396648579,-0.09571629435554194,0.05838420132125699,0.0037269648057751733,0.01487213222051384,0.029131864742486475,0.9947855329382588,-0.0013998453023774348,0.0023096271330624884,0.0005965714862500403
-0.20792886980738803,-0.3618095150275906,0.12229528102718858,-0.05601621392600184,0.1413269211614753,0.003593943735209824,0.031547999448670545,0.031678275042904165,0.9930893735036582,-0.001277550021350246,0.0021016982632551004,0.00023476197122244958
-0.11024561742095468,-0.24110776954434393,-0.07919064949189766,-0.028844100592467083,0.0620561263353578,-0.07339475255553853,0.020763773695349534,0.03907554659201406,0.9944043960505441,-0.0013567406708421437,0.0019914526458341456,-6.345798321894359e-06
-0.21882565124062234,-0.22546065011924116,0.1234841261066956,-0.10350081998355071,0.08274742339819834,-0.04262655214534551,0.011080841687410142,0.03150499503744547,0.9940392255236937,-0.001233256544735448,0.0017726269945935232,-0.00023180644844113553
-0.24291782541060508,-0.27141276430748246,-0.11986355121920851,-0.09119678827103765,0.08859871791440133,0.0021922101535784746,0.02443555269011508,0.027168257465454086,0.9981616936793546,-0.0013531200959546567,0.0015297091691829183,-0.0005032192127486179
-0.3281301818936073,-0.229993957042841,-0.27208710203148184,0.0014260103788441766,0.15705305691220553,-0.11728971397008338,0.018157526342610933,0.03409513032382973,0.9995475659845086,-0.0016252071979861384,0.0012015789872893109,-0.000733213169791459
-0.06216396957356974,-0.053598472552540015,-0.2708025783237769,0.011384154689782188,0.10183608351934442,-0.07446142952856596,0.020052227203446245,0.03246768123847546,0.9899109214120676,-0.0018960097763099154,0.001139415017715741,-0.000786811642343999
-0.1804734894658163,-0.10283841774895248,-0.3679054830449237,0.018486360322932376,0.07146613881907601,-0.08649615623811256,0.01957887334278258,0.03622765659026693,0.9879211770557783,-0.002263915259354839,0.0009589415282499248,-0.0008896500600929515
-0.2283559069036727,0.14498685232307604,-0.6109897604670278,0.06306572573611581,0.08422207484575271,-0.031245519907017523,0.010714988640070804,0.03468076673898098,0.998267892864819,-0.002874905019821867,0.000730585621346252,-0.0007446632077698754
0.023449724616108888,0.11510334473307465,-0.36380679300700414,0.0417237614763947,0.016922110062470918,-0.06250405526053641,0.006998780811909466,0.04208585547185319,1.0011763210637263,-0.0032387118128288715,0.0007540353459623609,-0.0006295598630368007
0.00816625372530979,0.17671209546016997,-0.45830983749191706,0.129533032072373,0.04133101650533204,-0.05207010337242313,0.01579122328073189,0.03901717751400416,0.9985502637569934,-0.0036970216503207885,0.0007622015996876706,-0.0004528477675766307
0.11056579927996582,0.09515547846284889,-0.5039165232230118,0.1534157320478092,0.02911868152687551,0.01996608891345055,0.022882985971740124,0.03564619876817155,1.0056350986525595,-0.004200938173543801,0.0008727673989676364,-0.00035769228911378186
0.2449186279950148,0.2730863920165625,-0.5447345881981126,0.09404382154072846,-0.014013675733398479,0.008907748715319234,0.020770964264893194,0.03883785972159762,0.998945230750872,-0.004745672761741913,0.0011176860269626512,-8.460589709721934e-05
0.21357361833165117,0.16649373361108832,-0.6146513718210695,0.18689904838826943,0.021211445447399696,-0.01076355992811853,0.019701005862878113,0.03329915751276432,0.9925650364164573,-0.005360324133562983,0.0013312596452943026,8.188783651386901e-05
0.21111447339485923,0.2106293955154802,-0.5285941427266605,0.040894677774386594,-0.034019079325107025,-0.05793118207615424,0.011705893877428474,0.038998109531618655,0.9926834280497003,-0.005888918276289644,0.0015423741186891618,0.0002925172320293492
0.3023223450566235,0.15336336101279363,-0.3868131788547118,0.15914914224524987,-0.04913877302839004,0.0606236683943805,0.021692549476853857,0.027231863723125672,0.9963733192283076,-0.006275731455144356,0.0018446964637457855,0.0004458805930421428
0.2933353204486037,0.3108388631479017,-0.3208598841571495,0.10631671969459297,-0.023356147514039492,0.03477584206642465,0.015187439442352617,0.03506774206828045,0.9888780284494013,-0.006596591339301504,0.002138031784194389,0.0007567194561900446
0.18925744743821205,0.3860702516573208,-0.30869870168524743,0.1569577946477866,-0.034598553221956874,0.020001726497715408,0.024310030503046372,0.04117399989563885,0.9989276103482234,-0.006905290040986752,0.002327289231632601,0.0011427897078473653
0.2823723334123316,0.295817306104778,-0.3550332496180448,0.13313464807596934,-0.04903033110928006,0.09748106457868864,0.020011609599399738,0.03391702228679171,0.9871915447227188,-0.007260323290604796,0.0026096615650449324,0.0014386070139521432
0.2111098799592077,0.2506495834380922,-0.05746116319225328,0.14323856406291136,-0.07352298387084726,0.07795650251751543,0.019865191874746495,0.038214436557036886,1.0014689270789516,-0.007317784453797051,0.00282077144500414,0.0016892565973902355
0.3159813103124304,0.20752027880150206,-0.05904729597435466,0.12833821043784538,-0.06764639903533881,0.03715247460592865,0.01673738649864963,0.036062654048928645,0.9921025022945658,-0.007376831749771405,0.00313675275531657,0.0018967768761917374
0.3422703737786818,0.13934717636117405,0.12127017996865654,0.08864179356465242,-0.1393949189464178,0.06249489372698943,0.01980723988510011,0.03791270897956769,1.0004030635134251,-0.007255561569802749,0.0034790231290952518,0.0020361240525529115
0.28653895042975075,0.27020254970445284,0.14099477494146936,0.07039464142752432,-0.04481430768322033,0.08467029015182846,0.030315539189677047,0.034747694570493315,0.9927546739703188,-0.00711456679486128,0.003765562079525003,0.0023063266022573642
0.31736269686249885,0.23750830264491446,0.1854514769999302,0.10494876603756684,-0.11286534890618619,0.03583422468396029,0.027002527326726693,0.04155333196011356,1.0000871640471207,-0.00692911531786135,0.004082924776387501,0.002543834904902279
0.29308868249324,0.2081692447150301,0.31866783929442527,0.0786085378906064,-0.036485948738199325,0.12888869444641093,0.017106984245697805,0.044481174367531316,1.0001669998237923,-0.006610447478566924,0.004376013458880741,0.002752004149617309
0.19924073438616757,0.2816062160545322,0.40589745500443236,0.08531196827592882,-0.03377596096305063,0.05469076323411598,0.016318364531755766,0.03467176039408389,1.0017819280760318,-0.006204550023562492,0.0045752541932669085,0.0030336103656718413
0.22114860706987327,0.07196372073932249,0.4626144290490817,-0.006059064597388784,-0.04713096496749051,0.07739452226255499,0.01388496679810899,0.023422238771787854,0.9926256217918841,-0.005741935594513409,0.004796402800336781,0.003105574086411164
0.16337442117456896,0.09670965299398794,0.6376887537234809,0.044571565146541654,-0.05269579422490475,0.011130498211958132,0.01831659998040848,0.033761289633000444,0.9977401148506837,-0.005104246840789929,0.00495977722151135,0.003202283739405152
0.02018639061108403,-0.11616692168057668,0.6060554732556387,0.06394921593725404,-0.06004125183689243,-7.367317144811418e-05,0.019217034679976548,0.027107278426977945,1.0021407000843454,-0.00449819136753429,0.004979963612122435,0.0030861168177245754
0.09571729102026352,-0.07540551983681254,0.4645336342532782,-0.006641967916676988,-0.04557388248490023,-0.014957522711058916,0.011054859152906844,0.03315040579648838,0.9887915233564271,-0.004033657733281011,0.005075680903142699,0.0030107112978877628
0.059112461395177465,-0.1306397141833435,0.615740940302058,-0.04314231119708532,-0.0157686718518354,0.034302923350039434,0.02133410019817664,0.04270423670276172,1.0012537154466965,-0.003417916792978953,0.005134793364537876,0.0028800715837044195
-0.043054325406735094,-0.2072479656542458,0.503165735763145,-0.06397157401986553,0.02658343442868015,-0.06067739395163841,0.01636518177047256,0.03986371961319999,0.9889987573405687,-0.0029147510572158078,0.005091739039131141,0.0026728236180501735
-0.02311033144455485,-0.08214913844548363,0.48468113499976095,-0.12563229263263595,-0.003954065335561934,-0.03030312688690036,0.018458837562947597,0.03728516932749119,0.9903494628945764,-0.0024300699222160466,0.005068628707686587,0.00259067447960469
-0.07798540602848582,-0.14278470581951297,0.2324418017470873,-0.12006961121368673,-0.0443854148107936,-0.08344447593175411,0.016992205979804113,0.035213099718030993,0.9902944180888218,-0.002197628120468959,0.004990643301658101,0.002447889773785177
-0.26456342731801885,-0.19439732456586375,0.3137714061932601,-0.09820495821086653,0.01910628578475673,-0.11385929647341307,0.01519235846126371,0.0389640623712701,0.9994106949442308,-0.001883856714275699,0.0047260798743400815,0.002253492449219313
-0.27294705827118454,-0.18991575738365185,0.09045235519271111,-0.0641486907294546,-0.007243155585333926,-0.12249053583066556,0.018779366922072528,0.03144713026233794,0.9964485689870181,-0.0017934043590829883,0.004453132816068898,0.002063576691835661
-0.336570057564828,-0.18880175935875193,0.275967719894183,-0.03596930689875155,0.021913743332496554,-0.11396065897483645,0.01674401551222255,0.038863611609855894,1.0002705315408265,-0.001517436639188805,0.004116562758504069,0.0018747749324769091
-0.30626354365456526,-0.23901857033349563,-0.140224256655062,-0.08533078092128375,0.08742919862458552,-0.20610543942679158,0.015162841974498763,0.04492295665152444,0.9927913571715969,-0.001657660895843867,0.003810299214849504,0.0016357563621434137
-0.30935244223068187,-0.2900834698894553,0.02000541255610394,-0.024224997752259253,0.10339206858047294,-0.09777221656621458,0.01946212888658069,0.025263919647549253,0.9960751303374734,-0.0016376554832877631,0.0035009467726188227,0.0013456728922539582
-0.27620001808039074,-0.17664989199804013,-0.07774506418684277,-0.13781665893670011,0.036662977323452285,-0.04931747959249983,0.017212505105262253,0.03708782111558805,0.983452847604625,-0.001715400547474606,0.003224746754538432,0.0011690230002559183
-0.22898476514329671,-0.1184158872521526,-0.27141223253761093,-0.04915649886985691,0.06958047323371133,-0.08400316319872485,0.023543043017063166,0.03433251501417508,0.9897792089885902,-0.001986812780012217,0.002995761989395135,0.0010506071130037655
-0.23790076036574676,-0.0316181872469697,-0.1814572053404912,-0.03774216525266711,0.1042353144771969,-0.042064892976878654,0.01902090917788746,0.044658377446450695,0.9876689977855249,-0.002168269985352708,0.0027578612290293882,0.0010189889257567958
-0.4560473346312056,-0.08430391127542743,-0.17847703041469154,0.008924613773336379,0.09257457657552795,-0.03545889404109172,0.0201187367006965,0.03712456574677999,1.0009511640385211,-0.0023467470157673997,0.0023018138943981825,0.0009346850144813685
-0.21366809671981923,-0.12423877323814625,-0.3222425334754446,-0.040388190881075474,0.028146515198054223,-0.02807171712425873,0.02134918222079717,0.03401571039612188,0.9959691950490676,-0.002668989549242844,0.0020881457976783635,0.0008104462412432223
-0.4790962163446504,-0.1021834180557515,-0.5223308743104033,-0.03216965256833962,0.09437597812483932,-0.032472522100995396,0.012460589231310357,0.03460724576628174,0.9959849115692907,-0.0031913204235532477,0.0016090495813337131,0.0007082628231874707
-0.43204496753139704,0.014863109532798686,-0.35233328250869234,0.007091552219685736,0.0036845599909459577,-0.09607694086945205,0.010066774227801523,0.03997018644576656,1.0008527347558795,-0.0035436537060619397,0.001177004613802316,0.0007231259327202694
-0.4722774121994328,-0.010382201286493406,-0.24192433457065785,0.06787250439089236,0.07806021502689656,0.018249069728650806,0.021018638862892694,0.03801912285128248,0.9832051992389801,-0.0037855780406325975,0.000704727201602883,0.000712743731433776
-0.34151503810009565,0.09791229185637941,-0.23048511646961803,0.07975840818874867,-0.012724460734041198,0.002376262041558965,0.014763713126349448,0.04230817445890364,0.9946105411613307,-0.004016063157102216,0.00036321216350278734,0.0008106560232901555
-0.4260872286883035,0.38308856311039885,-0.21686328687809114,0.0447448187970255,-0.033639849652700636,0.036564796449246505,0.024923787908770676,0.04569240506990117,0.9943905519606548,-0.004232926443980307,-6.287506518551623e-05,0.0011937445864005543
-0.2759870870276972,0.2050307638653338,-0.09978989149903322,0.07989719723971914,0.0183827031392229,0.05954389768316503,0.02449790313277956,0.03696349843682301,1.000728068665746,-0.00433271633547934,-0.00033886215221321344,0.001398775350265888
-0.24346907639670998,0.039998544372019273,-0.08438456857242568,0.16604189471934871,-0.0681103381731133,0.10039940826676041,0.02514185983182218,0.040900450151076975,0.9990160153230236,-0.004417100904051766,-0.0005823312286099234,0.0014387738946379071
-0.19622872360762864,0.11108216275220471,-0.06665647598198249,0.05838523925245498,-0.023729208643913428,0.1652408860207616,0.0206688637224051,0.04142524430630566,0.990918416159187,-0.004483757380033748,-0.000778559952217552,0.001549856057390112
-0.229537665975077,0.2866106099623842,0.09772811324166022,0.060792697536270396,-0.0033545479258411445,0.09046895328608374,0.018079950660294723,0.03171817249252032,0.9888306089848601,-0.004386029266792088,-0.0010080976181926291,0.001836466667352496
-0.07266516162602714,0.24264541470033896,0.21318717569533274,0.12012434209501775,0.03193125944110834,0.1330471592190459,0.010959984040401776,0.031451200889934076,0.9901838322190817,-0.0041728420910967555,-0.0010807627798186563,0.002079112082052835
-0.12798633103652418,0.37793518268390747,0.08334913396309959,0.13468476678028726,-0.07874899261651992,0.14526452899275652,0.02286605866888886,0.03573467528529588,1.0016242163936615,-0.004089492957133656,-0.0012087491108551806,0.002457047264736743
-0.06852191561468544,0.19853788694327312,0.23485646114551711,0.153190899926351,-0.06933818537304998,0.11912423767657794,0.025269613630701435,0.04001820208287403,0.996103780611364,-0.0038546364959881393,-0.001277271026469866,0.002655585151680016
0.1867844744424091,0.18433826327430392,0.4427106890292423,0.06943984540451367,-0.05179197561497299,0.1196807545048905,0.016337724492066275,0.03494678608133183,0.995684604306262,-0.003411925806958896,-0.001090486552027457,0.00283992341495432
-0.03845440808314565,0.19539463972450305,0.2751561519684784,0.11563491481408382,-0.024808213821794312,0.1749001933993408,0.01814048723127446,0.05029147487686284,0.9934953699081018,-0.003136769654990418,-0.0011289409601106027,0.0030353180546788226
0.21079219347739833,-0.11562602207645249,0.4105204686169968,0.05422017501133415,-0.10122768092895175,0.1191786966988347,0.025204586755418534,0.033217410625904366,0.9951113445231969,-0.002726249186373421,-0.0009181487666332044,0.0029196920326023702
0.44368947688496146,0.03310884914526681,0.34252624019847844,0.1051432650935055,-0.07905798683637208,0.1857171892240793,0.017289274184222936,0.03768442240627485,0.982634196506542,-0.0023837229461749427,-0.00047445928974824286,0.002952800881747637
0.26390128768810117,0.1604814081099884,0.3679325727415236,0.04014728662949997,-0.11046636556552322,0.10527759306908495,0.02260273496552941,0.04025430385706928,0.9989816626461187,-0.002015790373433419,-0.0002105580020601417,0.0031132822898576255
0.40967740237537503,0.04151062058171616,0.3082357330886061,0.0034192057523524198,-0.11006495475818738,0.1279996708793561,0.01827410843379155,0.043190413920163886,0.9957927073384545,-0.0017075546403448128,0.00019911940031523334,0.0031547929104393416
0.27743589682034453,0.04401361998489868,0.3596347572462848,0.013799261045596109,-0.12747845279291103,0.04435698389818666,0.019579532130381317,0.03882570247439601,0.9865478521182882,-0.001347919883098528,0.0004765552971355779,0.00319880653042424
0.33274715409255484,0.02229678702064347,0.17346194249486935,0.05482631615407764,-0.05053627141420558,0.045767126443940355,0.02269902813295546,0.0367976707003545,0.9924240288457417,-0.0011744579406036586,0.0008093024512281328,0.003221103317444884
0.5116543777028737,-0.1769235715272719,0.16032670582211297,0.004817386875617585,-0.059278604092998066,0.06456197693696361,0.023762962932761266,0.035130059672656505,0.9857821457497344,-0.0010141312347815457,0.0013209568289310064,0.003044179745917612
0.2788472282961606,-0.1551786887020451,0.11767769995965387,-0.035020303809560206,-0.06539261560855951,0.008869544332418686,0.013930808894931451,0.0354635367310856,1.0017975671314097,-0.0008964535348218918,0.001599804057227167,0.002889001057215567
0.40273236410200164,-0.13990659879240558,0.0026431781363455142,-0.10994101066085492,-0.08438775942585469,0.022593589440047947,0.016710576038464917,0.02765774291555311,0.9923256003516325,-0.0008938103566855463,0.0020025364213291687,0.002749094458423161
0.38165476884745725,-0.030772998817942238,-0.07886715383542442,-0.04292083277010547,-0.11163958391732481,-0.025773240485489297,0.018168512111315822,0.04447916565408866,0.999991925517159,-0.0009726775105209708,0.002384191190176626,0.002718321459605219
0.312143093425875,-0.15140310001006457,-0.23036692544057472,-0.054777418329456706,-0.08196212371342858,-0.04242639444449065,0.021038796588016467,0.034388685041082,0.9913175599679899,-0.0012030444359615456,0.0026963342836025007,0.0025669183595951545
0.36811712136203945,-0.3436564494748567,-0.477002696605652,-0.14340609435180976,-0.11538995852197335,-0.06962258513922226,0.019391974339232045,0.04348176641332314,0.9882700892862897,-0.0016800471325671977,0.0030644514049645404,0.002223261910120298
0.4026918685781505,-0.26417417116568526,-0.34502462283672997,-0.2093124014022164,-0.134091073208916,-0.03443390306772754,0.02738890045459412,0.03745818244093134,0.9976210988985369,-0.0020250717554039276,0.003467143273542691,0.0019590877389546123
0.2913242533480824,-0.2817553219103176,-0.462712803796414,-0.1328719050075404,-0.06077117808821471,-0.04687776874793769,0.03189646354255049,0.03847275004131605,0.986100447623169,-0.0024877845592003417,0.0037584675268907738,0.001677332417044295
0.45256796758577267,-0.2135049069487045,-0.5785312838090719,-0.10726138511507276,0.014063099409202974,-0.12105896491466418,0.022680751630002795,0.03970879273543898,0.9857682958411541,-0.003066315843009414,0.004211035494476546,0.0014638275100955906
0.33332326932427764,-0.32485859053415805,-0.5286704713342436,-0.13354386660514236,0.008348059426396045,-0.13973189563746508,0.009789818427466528,0.04436733688646904,0.9949624686178908,-0.0035949863143436575,0.004544358763800824,0.0011389689195614324
0.3059778202473354,-0.39513965399901085,-0.4737885527400957,-0.061012573998157925,0.045311264053061975,-0.08083216276435426,0.021784100863476406,0.04200087068635847,0.9759119192235347,-0.004068774867083753,0.004850336584048159,0.0007438292655624216
0.135242467036721,-0.13560302403633076,-0.556093634568012,-0.03600048934148656,-0.06036726048740158,-0.0827088622188439,0.0167456931367835,0.03776155257727991,0.9915917640429852,-0.004624868501651765,0.00498557905108488,0.0006082262415260907
0.2739695721585973,-0.2048989388204328,-0.540471416919733,-0.10883887326891178,0.022020341989189524,0.05866017173471266,0.0160231861471443,0.027423416609740018,0.9863314923996124,-0.005165339918571498,0.005259548623243477,0.000403327302705658
0.17380325259247395,-0.07839808369745237,-0.2585131020768985,-0.05665881642700315,0.07284029865097226,-0.020236910080577708,0.017309745498761384,0.037480715408822876,0.9878923615380575,-0.005423853020648396,0.005433351875835951,0.00032492921900820557
0.2589070448740404,-0.018053944423782053,-0.19464185301263218,-0.04250368914206286,0.04031030330151607,-0.09951420437788812,0.027196989616890873,0.039559025658483446,0.9839008627976998,-0.005618494873661028,0.005692258920709991,0.0003068752745844235
0.14953900755022825,-0.11204611484307739,-0.2679539379206301,-0.016916240340106706,0.0930702104034166,0.05196970332006372,0.01829625338599227,0.038665687651486494,0.9965174960024699,-0.0058864488115816585,0.005841797928260219,0.00019482915974134611
-0.008900189134366535,-0.13005883248143918,-0.1634573414369325,-0.05567520281157338,0.04531360647367129,0.08674463193842664,0.012465630811398721,0.03775293145295502,0.9919832227355175,-0.006049906153018592,0.005832897739125853,6.477032725990692e-05
0.07574420550950688,0.17604906556398706,0.03320025527281971,-0.03415166406852806,0.04551403906537574,-0.024456027970858267,0.021536607314030898,0.035062698484296564,0.9903530149776587,-0.006016705897745771,0.005908641944635359,0.00024081939282389396
0.01879572747412204,0.12226445723055694,0.1324329899224602,0.04371919507739648,0.007621277892316332,0.018726253323940505,0.03388458530707198,0.03909448325198697,0.995173058604155,-0.005884272907823312,0.005927437672109481,0.000363083850054451
-0.22155711999236252,0.17985391287543784,0.05459110302244162,0.0032352035486371625,0.06165688020469742,0.10362086523433561,0.025564318922013395,0.03584251337462908,0.9967666759183204,-0.00582968180480087,0.0057058805521171185,0.0005429377629298888
-0.28100444211202713,0.21170749089007385,0.21454552338769284,0.0900680375480244,0.10732423106490784,0.08221896110757097,0.01710153052751547,0.045098287543377746,0.977063634636661,-0.005615136281413177,0.0054248761100050905,0.0007546452538199626
-0.0822510207842441,0.17662958314986713,0.3560956191093429,0.062481484297192885,0.04903485914344051,0.0713164072930037,0.012821777231032491,0.04248161628109703,0.9940268375527112,-0.005259040662303834,0.005342625089220847,0.0009312748369698298
-0.2524324745858383,0.3111891518899169,0.22201862189076776,0.06648781078210517,0.12407783730295385,0.06936257839140869,0.013712690543511976,0.03369525044431095,0.9852534493279442,-0.0050370220404130665,0.005090192614635009,0.0012424639888597468
-0.17140703375869315,0.15171396341971627,0.5723249629292988,0.10909119063574804,0.09126074868113997,0.11319038770583978,0.0206664046985057,0.03867768762067393,0.9974056817188346,-0.004464697077483768,0.004918785580876316,0.0013941779522794629
-0.06010169878811475,0.27577058993359005,0.5693154445689762,0.13593462055328254,0.05944413453775499,0.04783147377560567,0.01616148032807472,0.037322872897399384,0.9874191046867196,-0.0038953816329147907,0.004858683882088201,0.001669948542213053
-0.1416375935746193,0.30626167530042536,0.4469139079308871,0.15186744972043317,0.004604356662725861,0.12566333067217866,0.022193101092920747,0.026136254417983562,0.9842599312443008,-0.003448467724983904,0.004717046288513582,0.0019762102175134785
-0.4161358571525287,0.23772150421892502,0.6856780471996995,0.14369240928879828,0.0229042956661063,-0.0456757866658675,0.019283019121931873,0.04080403083261869,0.9914398923290596,-0.002762789677784204,0.004300910431361053,0.002213931721732403
-0.26902550194748504,0.33577197280119203,0.6151807582681788,0.14053292775631465,0.05449084429913471,0.08264226451934689,0.0294005717911267,0.04579735102100984,0.9839043299433456,-0.002147608919516025,0.004031884929413567,0.0025497036945335955
-0.17113530053899012,0.2918110104261846,0.524684579353048,0.05838441117483037,0.07798999616789294,0.1487180880315469,0.007241991500328051,0.04141027773068964,0.9969839509099087,-0.0016229243401629772,0.003860749628874577,0.0028415147049597796
-0.1752396763509129,0.32577484302603094,0.3895274511338347,0.15654109983841885,0.005931383741407531,0.05000185955357069,0.018495432658499105,0.03981108756131563,0.9871341086038045,-0.0012333968890291425,0.003685509952523664,0.0031672895479858106
-0.29710390067548337,0.26656243357276144,0.34468752523859686,0.15438721791632076,0.006668152437419281,0.0061638428047248155,0.013967250607983267,0.03201894664242447,0.9925180798315175,-0.0008887093637905457,0.0033884060518481808,0.003433851981558572
-0.18056845524100582,0.3646802279712002,0.5349097761839412,0.1270541730294379,-0.012742851316720281,0.0029691593708691486,0.01935361217284179,0.04168800269894619,0.9939296633129994,-0.0003537995876066045,0.003207837596607175,0.0037985322095297723
-0.16570048488142392,0.34011028695375906,0.19690286663494053,0.08051000323996062,0.02169004959721749,0.06234846474151869,0.009948540872564499,0.04874271821927404,0.9857462655583354,-0.00015689672097166394,0.003042137111725751,0.004138642496483531
-0.13315534175702834,0.04768586274725292,0.21252973178031437,0.13180291886995738,-0.017883546280017728,-0.046655620902566954,0.014864163650603345,0.044443326332260245,0.9937640195867279,5.563301080865044e-05,0.0029089817699687226,0.004186328359230784
-0.1747108602056479,0.028607744050276662,0.09718185474222037,0.07615304382025162,-0.10104920452211331,-0.020579574752496575,0.02143464490731847,0.04731209302479993,0.9961996637710766,0.0001528148655508708,0.002734270909763075,0.00421493610328106
-0.2038916466087472,0.10891374150327762,-0.0042085024334237945,0.06712493270561601,0.004055566794096607,-0.1058194283242782,0.02167975943513432,0.035308447203365075,0.9974515159417691,0.00014860636311744705,0.0025303792631543275,0.004323849844784337
-0.20188768186074071,-0.1143070070836864,-0.20616057717777525,0.010593602329404678,-0.017314703027306165,-0.09505429237290694,0.017524791345260592,0.04059663284585172,0.9919971345481724,-5.755421406032824e-05,0.002328491581293587,0.004209542837700651
0.1862577478513352,-0.0030413479644336786,0.01856253680576217,0.03214138122747587,-0.00024616728412605194,-0.1278246143377836,0.010853412484224287,0.04571276887103634,0.9927724769133902,-3.899167725456607e-05,0.0025147493291449224,0.004206501489736217
-0.06969179886476827,-0.04372272539281085,-0.17750912079280287,-0.04426855063248289,-0.0719038829200637,-0.20169891009682822,0.02231058284209163,0.040614688659327304,0.9912161660043292,-0.00021650079804736894,0.002445057530280154,0.004162778764343407
0.09442652064840373,0.024298568635672008,-0.3320753689058618,0.03274281429593799,-0.020675356857540475,-0.09324573907822907,0.01892610602465456,0.03817335586378406,0.991859297510918,-0.0005485761669532308,0.002539484050928558,0.004187077332979078
0.1911630784174729,-0.07443673487469976,-0.3883220969487873,-0.04576112221890759,-0.0017762509092963327,-0.11610346823331867,0.02064814923358075,0.04903868096203021,0.9902989845756723,-0.0009368982639020181,0.002730647129346031,0.004112640598104378
0.02505031987418395,-0.12730763101901527,-0.31445473622074305,-0.08924799617844653,-0.014409219233753458,-0.15345916439123528,0.016141422751368317,0.040058301334600414,0.9926273961089532,-0.0012513530001227611,0.0027556974492202145,0.0039853329670853635
0.16427826666332607,-0.14406682598174955,-0.3701057648302107,-0.05982932380440639,-0.03406911406539991,-0.0780370421607461,0.017383552520329235,0.04111510937843058,0.9878058919813888,-0.0016214587649529717,0.0029199757158835404,0.003841266141103614
0.06407915651820124,-0.1659862365037619,-0.3063562047939496,-0.08596970135326215,-0.09076021127044522,-0.13456770106226235,0.013766198913104788,0.04174810840999653,0.9906281117238339,-0.0019278149697469214,0.0029840548724017414,0.0036752799045998517
0.29233452712684854,-0.14537889911955354,-0.2247524577680105,-0.052189076711121204,-0.003193953025059447,-0.05728895342646998,0.013978146910290739,0.04082928343122263,0.9993888922507013,-0.002152567427514932,0.0032763893995285905,0.0035299010054802983
0.31357677284038543,-0.19876698649300317,-0.3686824026914137,-0.01835931180687677,-0.054564951913508644,-0.11033620881954659,0.02340988682819186,0.03982578653201456,0.9894039745094169,-0.0025212498302063457,0.0035899661723689754,0.0033311340189872947
-0.025315582730961517,-0.21143707254327646,0.0728547635470645,-0.0631209639548498,-0.010118196066067543,-0.0666715743364845,0.021643743507491073,0.043604245956930215,0.9863198608732954,-0.0024483950666592813,0.003564650589638014,0.0031196969464440186
0.2709998608145903,-0.03600705693273229,-0.2421884394431989,-0.04533173446846387,-0.037724101199669145,0.00844340435475118,0.007285402636200396,0.04804400423026013,0.9907247143132536,-0.0026905835061024797,0.003835650450452605,0.003083689889511286
0.34772028280839395,-0.25352247863587046,-0.06108968850263244,-0.1331116017611619,-0.043882024856240515,-0.11027638833700558,0.015065274680350264,0.039104844485733,1.0040575945834795,-0.0027516731946051125,0.004183370733260998,0.0028301674108754155
0.17893976572910159,-0.3258261502260419,-0.08540245899881513,-0.07012067490354908,-0.046680506192513335,0.014073387583535114,0.01977636395884625,0.036925743263114354,0.987753791937546,-0.0028370756536039276,0.0043623104989900996,0.002504341260649374
0.22901462513845355,-0.112371140290389,0.21930117682596834,-0.07489629484711213,0.05667437173990833,-0.01928556461737934,0.024127799452984763,0.033581560531425275,0.9924749584383014,-0.0026177744767779594,0.004591325124128553,0.0023919701203589843
0.2124932653314052,-0.09829616785887621,0.31931731823593335,-0.004117496191440924,-0.002839669840657858,0.06490360532818767,0.021660701314061337,0.035189129497409495,0.9780319627259357,-0.0022984571585420257,0.004803818389459959,0.0022936739525001083
0.16226626545580047,-0.2476805593681496,0.28984117129415743,-0.04805583175748,-0.044191571415553826,0.05616091699617041,0.013959800063670674,0.04148282917865573,0.988730010310673,-0.002008615987247868,0.004966084654915759,0.0020459933931319587
0.14399634661126465,-0.04322123706440329,0.24436143087272355,-0.06017166354047662,-0.03166334858121578,-0.008280793429485811,0.0148668668599948,0.03446882242046905,0.9947795908268469,-0.0017642545563751448,0.005110081001527024,0.002002772156067556
0.20490607501861252,0.01666178472495659,0.2720555812541514,0.011818562482908229,0.012488486871973969,0.0672637774316778,0.010097227866247224,0.04114176136050907,0.9902819324413996,-0.0014921989751209932,0.005314987076545636,0.002019433940792512
0.13377807062012304,0.06679476103946355,0.4133188212031488,0.06704818357174241,0.005186711981337567,0.10117998967124309,0.018972104771548724,0.04353964938435298,0.9903261368956817,-0.0010788801539178446,0.005448765147165759,0.002086228701831976
-0.0028083520388350186,-0.03852112282557282,0.4824354220767447,0.029249983568837647,-0.008981907326020331,0.1486259854258538,0.02029601414953907,0.02910357259006027,0.9927720836017974,-0.0005964447318410999,0.0054459567951269236,0.0020477075790064033
0.03879661247528529,0.15135258885911035,0.340584061083222,-0.015657976875418235,0.11926160084557878,0.21787319143638084,0.01743934487613481,0.04413213589809572,0.9929745300717734,-0.00025586067075787785,0.005484753407602208,0.0021990601678655137
0.08789672161403658,0.063395309388631,0.12549790606721137,0.022571759733022185,0.11545435387518285,0.21913089061593966,0.02850810656862436,0.04081384764866439,0.9847255297909817,-0.00013036276469066647,0.0055726501292162455,0.002262455477254145
-0.12516495693762453,0.12301772341710138,0.16469331949781363,0.08794542058590471,0.0015868086221431273,0.11566255374252012,0.014961807675466714,0.03595863289889176,0.9902570824677308,3.433055480714717e-05,0.00544748517227862,0.002385473200671246
-0.11306343240096314,0.19350851204825553,0.12381844762450833,0.09070541058752775,0.05404551590371282,0.16861144073762782,0.0028920695656363335,0.04973191773078222,0.9867767236687986,0.0001581490024316555,0.005334421739877657,0.0025789817127195016
-0.0417131669944065,0.17585591708658263,0.12756407812549644,0.09984782935699454,0.006879287297247539,0.19475820012779005,0.014015329657904543,0.04281969389392313,0.9823138931115951,0.000285713080557152,0.005292708572883251,0.002754837629806084
-0.04054513345517988,0.0015143656669512062,0.11456850037215993,0.003963545652328251,0.10094581519157352,0.04771461475827212,0.018585379416454467,0.044256884574936664,0.9931457748398058,0.00040028158092931187,0.005252163439428071,0.0027563519954730354
-0.35629706967735036,0.22739676378883378,-0.038988926610215996,0.11045026808025726,0.06820818769521403,0.2070377851710879,0.025097522255091,0.044121435735693056,0.999300061530217,0.0003612926543190959,0.00489586636975072,0.0029837487592618687
-0.17455635233573638,0.10709442476279275,-0.13174178964458316,0.03588941567032087,0.08216969452713978,0.10807863430314409,0.010691577502496174,0.0328489701086442,0.9891574195339792,0.0002295508646745127,0.004721310017414984,0.003090843184024662
-0.3743327881251238,0.206292620428355,-0.32473878386604926,0.024092744868598838,0.0051986912863278235,0.06747467733478936,0.014468240482276983,0.039918428490962506,0.993507131852664,-9.518791919153657e-05,0.004346977229289859,0.0032971358044530164
-0.443239829856548,0.2768659177707443,-0.3831543525547161,0.07579349111909822,0.002223801881888275,0.07266318415071721,0.014630675344990827,0.044879885880708265,0.9869470549420931,-0.0004783422717462527,0.003903737399433311,0.003574001722223761
-0.5389226150327309,0.18965662252692722,-0.337530680020045,0.018320777520391532,0.041916274381219545,0.0966663770717005,0.015264006770987819,0.03917156482075301,0.9883730622795913,-0.0008158729517662978,0.00336481478440058,0.003763658344750688
-0.28431004502937524,0.17717709263756043,-0.4324048889799123,0.10686176484108591,-0.02014217513461631,-0.050979853569201476,0.013946450076400592,0.03674031620593645,0.9934604415332364,-0.0012482778407462102,0.003080504739371205,0.003940835437388248
-0.3640432751648682,0.16040244364805703,-0.36610980094587825,0.028943591522868774,0.05421494181530249,0.007169504288967902,0.015828656261111504,0.03173080419923207,0.9892113284332228,-0.0016143876416920885,0.0027164614642063364,0.004101237881036306
-0.36847988444884633,0.07245729494001302,-0.5710580006973788,0.022660535736321215,-0.05290456025714249,-0.02207579852521655,0.019249354226584112,0.04111838769074058,0.992642967340062,-0.002185445642389467,0.00234798157975749,0.004173695175976318
-0.4523793146972304,0.05544022801300401,-0.45641119359606147,0.065143148771826,-0.06154340482599529,-0.04849790374312853,0.018202412009334763,0.03793815726478152,0.9890227618466891,-0.002641856835985529,0.0018956022650602597,0.004229135403989322
-0.4649779674248757,-0.04938926850918894,-0.5476392041766791,-0.043680755531301976,-0.08164001838757058,-0.037106454533897444,0.01531967350973081,0.034990431272715006,0.9879101368960677,-0.0031894960401622078,0.001430624297635384,0.004179746135480134
-0.34756432309219415,-0.14563581165601358,-0.39851298995209494,-0.07409119592071266,-0.03653676436730646,-0.057473905021736986,0.016347197613880097,0.04087385382426366,0.9909444323579533,-0.0035880090301143026,0.0010830599745431898,0.00403411032382412
-0.3456184633315056,-0.030908950796941365,-0.5431042913058892,-0.013027990573106812,-0.06983629888519866,-0.1050008624733451,0.021521243987911373,0.04773557669994431,0.989988792815887,-0.004131113321420192,0.0007374415112116842,0.004003201373027178
-0.3880642500930469,-0.2971624772737361,-0.443067093296297,-0.10794399011145661,-0.09816638049538905,-0.07781445122761209,0.019776648757907724,0.04010841012707343,0.9920743882349201,-0.004574180414716489,0.00034937726111863724,0.0037060388957534415
-0.3144148708725035,-0.12363983400689897,-0.405282068798602,-0.12046123860189571,-0.06284659231162182,-0.0718756444125263,0.010246837835798174,0.04090319136287392,0.9988992670536416,-0.004979462483515091,3.496239024613368e-05,0.0035823990617465428
-0.13141682889036743,-0.3101222418596918,-0.15553024223285017,-0.08188916499066132,-0.10672054811259242,-0.06721569278556883,0.02286737616964815,0.03572280763552389,0.9820973977072187,-0.005134992725747942,-9.645443864423376e-05,0.0032722768198868513
-0.4076434092142622,-0.24542606279797585,-0.21884311158833875,-0.09660615148932647,-0.07693592021813543,-0.07645147690764936,0.01298692899626763,0.029428521866073636,0.9970098080047469,-0.005353835837336281,-0.0005040978478584959,0.0030268507570888753
-0.32483018838065275,-0.30535512593880326,-0.21855938345016948,-0.14853059273025374,-0.1573586769289005,-0.08306751753569107,0.01349801608331699,0.0326883122708615,0.9832029445477222,-0.00557239522078645,-0.0008289280362391487,0.002721495631150072
-0.3315431674417724,-0.24464910426096076,0.05105251834064718,-0.12002202341415553,-0.11548907695348003,-0.02788638783610118,0.012217872341587421,0.03593518528874224,0.9907424431579073,-0.005521342702445803,-0.001160471203680921,0.0024768465268891113
-0.17432306000393555,-0.30783054392646414,0.07179571420099913,-0.17083156264961652,-0.10045161761228791,-0.06089743676445295,0.010486918148920714,0.04653867276236677,0.9841961318386938,-0.005449546988244803,-0.0013347942636848568,0.0021690159829626473
-0.23038455334492353,-0.3500498874978846,0.19880021087161492,0.04095405348797688,-0.10534071618557228,-0.00029244741882847314,0.0134711202808381,0.03252187347710437,0.978616757001426,-0.005250746777373189,-0.0015651788170297804,0.0018189660954647626
-0.21652853695957686,-0.35168601450846004,0.44421319723135405,-0.1576175670534553,-0.09944916675578637,0.005044555242525582,0.0127397536885078,0.04077244101770237,0.9779781232806957,-0.004806533580141835,-0.0017817073539893571,0.001467280080956303
0.12101685330280205,-0.17827629549892318,0.6300130370500185,-0.12786102554139323,-0.10650513511978156,0.0026409250371136374,0.009498048506690457,0.03940224143815079,0.9903770767290162,-0.004176520543091815,-0.0016606905006865552,0.0012890037854573796
0.014259586290867154,-0.22719313176757805,0.4330759031117891,-0.06734586515589328,-0.11561617434436099,0.041940427807374926,0.0192776544595615,0.039863202400429974,0.9861752705141101,-0.003743444639980026,-0.0016464309143956878,0.0010618106536898013
0.05609632004235219,-0.22931261353590568,0.6366476556376021,-0.15588472469908532,-0.03147748018181785,0.06608748616474576,0.013531171959205234,0.039402328102790075,0.9852175412973972,-0.003106796984342424,-0.001590334594353336,0.0008324980401538956
0.10504987845157818,-0.1294019237518912,0.6128349542329539,-0.08002796569703689,-0.08314780154058832,0.07309650926810347,0.01379736758003999,0.03421400917076732,0.9816922395775347,-0.0024939620301094706,-0.001485284715901758,0.0007030961164020045
0.09241317259132067,-0.08074312875136973,0.5802955722583791,9.413423913943834e-05,-0.07663595739833495,0.01652954787072547,0.013073822602627993,0.04194041846955468,0.9905242962721937,-0.001913666457851091,-0.0013928715433104372,0.0006223529876506348
0.429158175355094,-0.1858579030397844,0.39178242200527724,0.021973929184317724,-0.05115297683651474,0.04385914244234456,0.0043637000035625755,0.03733067921790513,0.9821387722505769,-0.001521884035845814,-0.0009637133679553432,0.0004364950846108504
0.23650371049442598,-0.1661079030712006,0.5129393846151724,0.04062639313260839,0.04380366491085971,0.06109849224390404,0.01509456871725636,0.0357311982790994,0.9826018845491379,-0.0010089446512306416,-0.0007272096574609172,0.00027038718153964977
0.3178395260677335,-0.042156478463162894,0.2824730802586937,0.09781426143765164,0.029949871344970812,0.024167913890871633,0.015675831541687453,0.03275034915452967,0.9751800549821105,-0.0007264715709719479,-0.00040937013139318365,0.00022823070307648684
0.42954813824227084,0.012588577255760708,0.3265269624283551,-0.016543808705494906,-0.04302141051366481,0.036936512332464096,0.011166165829907577,0.04423531404313853,0.9861520773104442,-0.0003999446085435927,2.0178006849087218e-05,0.0002408192803322476
0.29953755313627306,0.0033156593477253887,0.2862510464881333,0.08566368751731315,0.002019943923055145,0.16253927932616785,0.01407040043598267,0.031804672887509204,0.9909946677714695,-0.00011369356205545938,0.0003197155599853603,0.00024413493967997296
0.448151676992968,-0.02142742088085134,0.11753967282943222,0.07435908880695906,0.027787876643537414,0.05363218916560732,0.01527385332018796,0.04069336144297412,0.9840419719281535,3.84611077397283e-06,0.0007678672369783282,0.00022270751879912163
0.26608740872348313,0.28288432100792327,0.014583854259371837,0.05895592989263685,0.06386531723631925,0.025404710266594757,0.011824484949964312,0.03520320339073893,0.9856487045602753,1.8429965033344667e-05,0.0010339546457018114,0.000505591839807045
0.4791731122183721,0.22885673181819707,0.04233698319989998,0.14694145985008183,0.04650171661951711,0.0011457065851932149,0.009124702485033649,0.04105186387943929,0.9803959164631924,6.076694823324465e-05,0.0015131277579201836,0.000734448571625242
0.5360916374167888,0.13172071633714222,-0.062361063041618946,0.1528804559706572,0.0739832052102227,0.052396462835898626,0.01792429168370885,0.04223506960554456,0.9899601892814315,-1.5941148083742988e-06,0.002049219395336972,0.0008661692879623844
0.4951827293112567,0.026446120971351628,-0.028627894882549507,0.24075082703188072,0.10537700524543636,-0.015435931182647808,0.013463886163190527,0.03214916851289716,0.9796493775926378,-3.0222009690923804e-05,0.0025444021246482287,0.000892615408933736
0.41246055158697836,0.45280229272761874,-0.1290805742667796,0.04424204227744247,0.08891695056677722,0.00318432680081919,0.022138609967446717,0.034033334164368434,0.9870086156777246,-0.00015930258395770343,0.002956862676235207,0.0013454177016613547
0.3807296755182734,0.38229073907067807,-0.1860512853503471,0.11562514878291161,0.0926097246585473,-0.07981660816343573,0.005132077319208908,0.03693812581431883,0.9881529116229665,-0.0003453538693080505,0.0033375923517534804,0.001727708440732033
0.3323735985988584,0.28452521392317687,-0.25025792655112256,0.16093539227284112,0.059811842590104754,-0.04284928449522414,0.013697918530837004,0.03402360738507911,0.9893170366786533,-0.0005956117958591732,0.003669965950352339,0.0020122336546552094
0.2724264558725894,0.46336929343763583,-0.08755595354440826,0.10218262291084947,0.12021452695007005,-0.049769679309680105,0.00663761015388422,0.045738635650965496,0.9830631290443571,-0.0006831677494035814,0.003942392406224928,0.002475602948092845
0.46159721375903184,0.28894534480229667,-0.4346677161426334,0.12106426372924273,0.05792493288128647,-0.04507655831640459,0.017141321489695764,0.037246119756847926,0.9771392415689604,-0.0011178354655462148,0.00440398961998396,0.0027645482928951417
0.40543874311489475,0.2977206291991261,-0.31795198945412884,0.1193168493260556,0.0244280743521187,-0.1075343360147244,0.012650412982958548,0.03437202908973129,0.9947591037920984,-0.0014357874550003436,0.004809428363098855,0.0030622689220942676
0.28929108342432086,0.4553519187174275,-0.18352878211992887,0.13935398709355776,0.09472148720046536,-0.1294402113424282,0.00455204760681089,0.0439554799797707,0.9920433105279116,-0.0016193162371202726,0.005098719446523176,0.0035176208408116954
0.25925618507212234,0.2745117010576761,-0.40296752490202564,0.15392678051939268,0.058496605769485406,-0.06001949250133581,0.009058001565049116,0.046369915062829496,0.9932603916490449,-0.0020222837620222983,0.005357975631595299,0.003792132541869371
0.034818336325319596,0.2471304645524455,-0.24469276819889563,0.11285607359992432,0.114603567042313,-0.10624493294087776,0.01201810269798757,0.046518725960542434,0.9834045092963243,-0.0022669765302211937,0.0053927939679206185,0.0040392630064218175
-0.05827317312397809,0.13310885794943034,-0.2074838863248404,0.06047983710381719,0.07064945297591957,-0.1201064464196767,0.00495986808198907,0.04168410512736319,0.9787607861485008,-0.0024744604165460346,0.0053345207947966405,0.0041723718643712476
-0.0542761904824087,0.1427795370201724,-0.0241896577618676,0.09713595492837052,0.07896013091735311,-0.15901657661671212,0.009360832087403619,0.039900775266207306,0.9874008400659406,-0.0024986500743079017,0.005280244604314231,0.00431515140139142
0.11874232085636338,0.12035036766422419,0.024161688233885117,0.019629672319538605,0.14017668490015683,-0.07256969615903747,0.021228445048904313,0.033974315677777735,0.9863897511588728,-0.0024744883860740165,0.005398986925170595,0.004435501769055644
0.07372725152219106,-0.20150913209628585,0.22271449408796853,0.01691357896496654,0.010736167600015821,-0.0871923195618484,0.023764702314682543,0.035615558272102416,0.9832403418577247,-0.002251773891986048,0.005472714176692786,0.004233992636959358
-0.09064207206496303,-0.2816759544205384,0.1581332636502264,-0.017446484075730403,0.07097452978566703,-0.1499679116058038,0.020373548789421388,0.039442254502123957,0.9811054054611914,-0.0020936406283358212,0.0053820721046278245,0.003952316682538821
-0.16469733697774344,-0.22003723081292098,0.08098189436288901,-0.008619681747471327,0.05252403188129427,-0.0804570679963957,0.019573610627303062,0.042798966825458556,0.9837903601238678,-0.0020126587339729324,0.00521737476765008,0.0037322794517258995
-0.3672230861293123,-0.21750452259161973,0.3935899656279833,-0.035299641785629395,-0.007523844491441735,-0.04993544881954605,0.012160163315071137,0.02877136424346395,0.9872540181326193,-0.001619068768344949,0.004850151681520767,0.00351477492913428
-0.31235301485306227,-0.21064702507594343,0.13244395930965594,-0.11866574367155625,0.04438685787135891,-0.0695939354250854,0.015386471925946246,0.031497253464433765,0.9809687929500635,-0.001486624809035293,0.004537798666667705,0.0033041279040583365
-0.17963456856939322,-0.08139025521781683,0.4842713499580882,-0.0630464996701835,-0.10774684958040236,0.04795415481816018,0.017830963355315973,0.03941709038790085,0.9809101183636352,-0.001002353459077205,0.004358164098098311,0.0032227376488405193
-0.17132580703977224,-0.12467355254526151,0.37977412013060846,-0.09273908818292122,0.0016870250836898961,-0.055697622620451186,0.005796494355041852,0.03831272296341824,0.9807108607319901,-0.0006225793389465963,0.004186838291058539,0.003098064096295258
-0.23685820451563044,-0.1508984776778141,0.34255414305408505,-0.014996689328647344,-0.10141599630010613,0.011222413856435519,0.00579446304407847,0.036515368187588444,0.9825533893029279,-0.0002800251958925113,0.003949980086542909,0.002947165618617444
-0.2902425553551062,-0.009936954354992866,0.4396855187967912,-0.109209133496275,-0.06469238629837837,0.07859288767867724,0.014485843926668301,0.03885162887818264,0.983379265856538,0.0001596603229042799,0.0036597375311878027,0.002937228664262451
-0.17707082899660392,-0.234438441338149,0.29105358959436833,-0.09481035954424553,-0.026031519267269584,0.08437219186219666,0.004278025786235115,0.02937326342152919,0.9913894036177401,0.00045071391249864825,0.0034826667021911986,0.0027027902229243023
-0.2633455933027684,-0.20499633132132816,0.4947510818536242,-0.025159040688638234,0.005505480018822237,0.0759903768248676,0.015276252396949012,0.03725822504029834,0.9897348688988252,0.0009454649943522724,0.00321932110888843,0.002497793891602974
-0.13735853084296568,-0.292040790778336,0.33686370734922133,-0.11547236060775741,-0.06853245140067718,0.12186838587136876,0.012934915448903878,0.038521122174115005,0.9778552196456494,0.001282328701701494,0.003081962578045465,0.002205753100824638
-0.23071232735699918,-0.09990325961370816,0.1854436548425194,-0.01834272910623018,-0.12413818659445,0.1074423019075008,0.014912354874853482,0.035815034085550895,0.9834228062439117,0.001467772356544013,0.0028512502506884657,0.0021058498412109303
-0.19032750986504937,-0.08766270469617121,-0.10240895076192259,-0.044542672460043994,-0.03303108983534071,0.10941847491454866,0.016758241104518887,0.028970645074242157,0.9784851934360851,0.0013653634057820907,0.002660922740823416,0.0020181871365147585
-0.1495756008224261,-0.10562757831378126,-0.12271808721763104,-0.0581573546749257,-0.04664912612199859,0.1279013290400883,0.0048437751660441375,0.03571462006077396,0.9898281924517275,0.0012426453185644594,0.0025113471400009905,0.0019125595582009777
-0.10779944726698074,-0.17657330242043284,-0.13668565869767035,-0.017826884990132675,-0.184593201291458,0.20880080059826814,0.016591992887917167,0.03873938358285216,0.9874522795661355,0.0011059596598667891,0.0024035476927340097,0.0017359862557805449
-0.08555663208737768,-0.03328262675275642,-0.2907760463973173,0.061713583337691794,-0.06011179219780732,0.1864010400079384,0.019181635864923458,0.030457676564634,0.980225419245053,0.0008151836134694719,0.002317991060646632,0.0017027036290277885
-0.04111623177118272,-0.09485026526267386,-0.6018066815066899,-0.017971689102261962,-0.05497501175554197,0.1164630268323756,0.011547628731157394,0.03655180073205276,0.9747982758641881,0.00021337693196278197,0.002276874828875449,0.0016078533637651146
0.04619838202841864,-0.007247425000267014,-0.542569215497267,0.022770320156781366,-0.03342701082944685,0.03835759150368583,0.008778852365026707,0.031508325717886546,0.9873605735438695,-0.000329192283534485,0.002323073210903868,0.0016006059387648477
0.02991465664863098,0.17626770797292263,-0.5110700653517946,0.06513283866021775,0.03179351870776689,0.0884397733405248,0.005901722867485427,0.03706376153081207,0.9877643093164068,-0.0008402623488862796,0.0023529878675524986,0.0017768736467377703
-0.04609776818434174,0.04573261151278118,-0.43894371696411155,0.032814191303372965,0.04379067357210319,0.10136785564064921,0.00724447128856587,0.04171358034989772,0.9868120678468075,-0.0012792060658503913,0.002306890099368157,0.0018226062582505514
0.214058019289059,0.20609212847819156,-0.4565346851971922,0.08474697127882916,0.03486547284065903,0.049992194070868606,0.006237943352586749,0.03395264986344037,0.9815003072602467,-0.0017357407510475834,0.0025209481186572163,0.002028698386728743
-0.03371412537804461,0.06286114730293005,-0.4474512667888077,0.052267479819798054,0.04248295478810217,0.12070152733616926,0.007665407154904342,0.036844424796905514,0.9870666672895012,-0.0021831920178363913,0.0024872339932791713,0.002091559534031673
0.22892604534543037,0.22097752858466507,-0.48627702968532527,0.13739848829392046,0.027726270050674476,0.0389322865592141,0.009936870130718343,0.043188637712679806,0.9735242926109137,-0.0026694690475217164,0.002716160038624602,0.002312537062616338
-0.0010021996478979944,0.19763872070104166,-0.47920528476654317,0.0313062570958977,-0.026671935755942115,-0.05880962419844408,0.0006774384196817501,0.03623106671732092,0.9788353394779952,-0.0031486743322882596,0.002715157838976704,0.0025101757833173796
0.28645849949643437,0.15714652959302483,-0.336708627285929,0.15122232611206912,-0.032454842580694795,-0.003997683319189526,0.00894863711640135,0.03754243726342634,0.9891618961738966,-0.0034853829595741883,0.0030016163384731388,0.0026673223129104044
0.09126939074938983,0.10285635810263691,-0.5045503931994354,0.09359882325377533,0.08741443828252415,0.06518840711516849,0.01314314855489944,0.03804669908910129,0.9863535969239591,-0.003989933352773624,0.003092885729222528,0.0027701786710130414
0.2673028497219277,0.1678134801893248,-0.2832248794105963,0.1340315838698749,0.018282516900735322,0.0029022896493239806,0.0157955781962959,0.04232891231770726,0.9737004691693477,-0.00427315823218422,0.003360188578944456,0.0029379921512023665
0.39327109319760656,0.3075345500985828,-0.2203540824075354,0.12515778067982677,0.009094011416401603,-0.07169594819395282,0.013477605603538936,0.03641364722664354,0.9910076510418192,-0.004493512314591755,0.0037534596721420623,0.0032455267013009486
0.21125188688764213,0.07248615204902674,-0.1400202048983089,0.04446982719500587,0.09937976826480964,-0.1132579011013599,0.00898925978037832,0.027493504394436555,0.9830987961689204,-0.004633532519490064,0.003964711559029705,0.0033180128533499757
0.2722333614193619,0.12036141041013029,0.06634335512435072,0.04083521022222379,0.06465472075246478,-0.03049326336876125,0.01014053176415842,0.0394702063082393,0.9829707214023509,-0.004567189164365713,0.004236944920449066,0.003438374263760106
0.31091763352768875,0.019727533270324546,0.07311919186530044,0.032316897988751786,0.04393418310173558,-0.030780795138642833,0.007819372838668272,0.026368502645792886,0.9849865763648133,-0.0044940699725004125,0.004547862553976756,0.0034581017970304303
0.2987913487862968,-0.044448207989376556,0.03980292519736495,-0.022303722637226242,0.029515429753270424,-0.0005565623404057089,0.008360850214299371,0.03925491978755554,0.9798365109781717,-0.004454267047303047,0.004846653902763053,0.003413653589041054
0.2462288309955487,0.0326126154409079,0.235095557543345,-0.004521193930277358,-0.014965895559148519,-0.09820142942359796,0.0027345701622315316,0.03661994381193194,0.9720372708900487,-0.004219171489759702,0.0050928827337586025,0.003446266204481962
0.2973721075391693,-0.0963235909450221,0.37567576571365024,-0.04233308435969831,0.043222452598896066,-0.11068757242820254,-0.0010751864402618067,0.038063900947750806,0.9820310739310965,-0.003843495724046053,0.005390254841297772,0.00334994261353694
0.13782863168173606,-0.11341849883487319,0.478268323095225,-0.08783954987428977,0.06699341279496708,-0.07766264718795675,0.014873764168656788,0.04104577048067685,0.9809445069054356,-0.0033652274009508274,0.0055280834729795085,0.0032365241147020666
0.29094016631948805,-0.07194051333492715,0.4232423193288781,-0.02945790090597399,-0.05811224466365555,-0.11103511792772815,0.0033776364735211267,0.03461313493678422,0.9796896875325435,-0.0029419850816219495,0.005819023639298995,0.0031645836013671396
0.007418454904673882,-0.02774531244818508,0.4540161916721473,-0.04540286108421243,0.07273359280777142,-0.08578699517458312,0.0024662981816942478,0.03405726783314911,0.9821569480505419,-0.002487968889949802,0.00582644209420367,0.003136838288918954
0.049784774392829696,-0.1553272124057849,0.38687135005810636,-0.0668667530752117,0.022659269045083905,-0.03359682270135786,0.003989022322419022,0.038859513228976496,0.9828495793903385,-0.0021010975398916957,0.005876226868596499,0.0029815110765131696
0.06702582209009889,-0.05017160148513611,0.5719049721113794,-0.042293996216428424,0.03162501791466689,-0.08142148282924538,0.01002610961333571,0.036842170701722965,0.984944950938429,-0.0015291925677803162,0.005943252690686599,0.0029313394750280337
-0.06881017847195864,-0.10896621043676125,0.4912011048839626,-0.09685937508143548,0.013384799893237976,0.056488410516320205,0.011683906056956971,0.0264626966599681,0.9857073917802477,-0.0010379914628963537,0.00587444251221464,0.0028223732645912725
0.0933120554259629,-0.14657229074041203,0.4305459120449616,-0.19346635479884,-0.04405684913416006,0.06468711458299602,0.0010730389579630432,0.03488460435353177,0.9820478914311231,-0.000607445550851392,0.0059677545676406025,0.00267580097385086
-0.04927582266263228,-0.30758756556099587,0.33702441576571435,-0.0661141803814812,-0.11799675534727395,0.10083525480659164,0.0017617465356876963,0.03252267370376461,0.976135636370384,-0.00027042113508567763,0.00591847874497797,0.0023682134082898642
-0.14732675451603786,-0.255772438474659,0.3358137353822529,-0.11268261847201129,-0.037711930157623044,0.018079965321760767,-0.0010658589549082647,0.03724648476573941,0.9800322863786295,6.539260029657529e-05,0.005771151990461933,0.0021124409698152053
-0.16607296528226775,-0.2599314606149197,0.3670570136033282,-0.15712707033038625,-0.05205221630396556,0.10922442759023489,0.0017846442560751656,0.030864666944076236,0.9843921952926732,0.0004324496138999035,0.005605079025179665,0.0018525095092002852
-0.21599391826080952,-0.3282833638396374,-0.04702607019443378,-0.14765332454576668,-0.09546361574089832,0.08718964080353825,0.01820495556368936,0.033805387836273265,0.9840529725345188,0.0003854235437054697,0.005389085106918855,0.001524226145360648
-0.33995839725478594,-0.27056312449033715,0.14760025877349056,-0.16053743803125123,-0.057262984055151775,0.08706336534674299,0.007687820112627954,0.03195062363727347,0.9803133910217178,0.0005330238024789603,0.005049126709664069,0.001253663020870311
-0.40898181817646895,-0.3574044838622968,0.03171892061148835,-0.10741803604942216,-0.047702301204266814,0.08080472824098191,0.0018889192923900447,0.035029614346360066,0.9884349099206297,0.0005647427230904488,0.0046401448914876004,0.000896258537008014
-0.4080832284241473,-0.15974713869062845,-0.055721862491632135,-0.10882267761099274,-0.11896427027359362,0.044105647738495415,0.007872441543390122,0.035647195157481826,0.9766138930178595,0.0005090208605988166,0.004232061663063453,0.0007365113983173857
-0.36912261820379794,-0.3117002860188899,-0.141498787892542,-0.08450742964753367,-0.009917059922956113,0.1165093056683625,0.009107439226882263,0.027663220083816165,0.9760922810516938,0.0003675220727062746,0.003862939044859655,0.0004248111122984958
-0.3285797706287712,-0.1945243315125748,-0.06358329282226069,-0.17386690359736046,-0.06181975388405276,0.042629375880738986,0.00016851809713750061,0.03568646745569326,0.9814898011775136,0.0003039387798840139,0.0035343592742308836,0.00023028678078592098
-0.23715302163792307,-0.28811717739201126,-0.22949601180571527,-0.08787555956969868,-0.05944452778533357,0.08314958662095769,-0.0013433733623935424,0.039680819444738384,0.9825165575184537,7.444276807829858e-05,0.0032972062525929604,-5.78303966060903e-05
-0.337314332219821,-0.13419466016979298,-0.2394907980741453,-0.05127426146748569,-0.09371211685797133,0.05224004292482682,0.00614728889157966,0.028681188461833367,0.9742974823895019,-0.00016504802999584673,0.0029598919203731398,-0.00019202505677588328
-0.3998286377748466,-0.15563945274149543,-0.30367909974511564,0.015372845606240712,-0.09112939005158588,-0.016836944324236706,0.0006237103022237334,0.03584328011919555,0.9759296935235254,-0.0004687271297409624,0.002560063282598293,-0.0003476645095173787
-0.45473105576575645,-0.09044790179174654,-0.3381412445851339,0.00584382503817437,-0.11960268431772186,-0.00432804782417961,0.009572627262584503,0.03555521345476435,0.9735809832697524,-0.0008068683743260964,0.0021053322268325364,-0.00043811241130912526
-0.43934444058836386,-0.06399710147673113,-0.26323888755154806,0.06868518285596886,-0.1099548332511514,0.015332500828402663,0.013410557601755982,0.022643502240930757,0.9817598635599787,-0.0010701072618776444,0.001665987786244173,-0.0005021095127858564
-0.45485597153615515,0.003989695396321019,-0.3204116093697434,0.056851502435909904,-0.07985059644585805,-0.06702944327852885,0.006297924098126472,0.028681134815410844,0.977412897969957,-0.001390518871247388,0.001211131814708018,-0.0004981198173895354
-0.5633488520358517,0.11896792084608096,-0.25287581993934405,0.04537699229243525,-0.0739369127213232,-0.03170044291927357,0.014169819995746225,0.02573731203196508,0.9789435596739327,-0.0016433946911867316,0.000647782962672166,-0.0003791518965434544
-0.4063477680311431,0.33141729827038446,-0.14472254676584229,0.10378608957392568,-0.04687261671186573,-0.15249107174661242,0.011175583033940052,0.034903961329183136,0.9770833221837496,-0.001788117237952574,0.00024143519464102289,-4.773459827306992e-05
-0.27364629883277247,0.13381011930918818,-0.15273294354503594,0.1211729647248386,-0.04099651404207823,-0.02106517839380683,0.002659186731610408,0.028278395581569436,0.9810775532222199,-0.00194085018149761,-3.221110419174961e-05,8.607552103611827e-05
-0.2155258612465964,0.12906120526376524,-0.10217570777522036,0.005163501039888583,0.05512652899733821,-0.03404409781106692,0.004356724440059742,0.03310125851437094,0.9731040746209841,-0.0020430258892728302,-0.000247736965438346,0.0002151367262998835
-0.14209644332039023,0.32713728743491766,-0.1303662062799746,0.08622082873122604,-0.07181543752300493,-0.016065945752911058,0.0012932070034601226,0.02879398866390125,0.9824144173682422,-0.0021733920955528045,-0.0003898334087587363,0.0005422740137348012
-0.29333314029535074,0.30649881434365933,0.05661386344724415,0.1350030377092944,0.013550300843526545,-0.08195682388321857,0.011047557687191355,0.04108862198417657,0.9755935334975279,-0.0021167782321055606,-0.000683166549054087,0.0008487728280784606
-0.18021245795339852,0.35774102994342494,0.14811226882933334,0.13830818335365533,-0.09295167456459705,-0.09561481949805975,0.006408706003200228,0.0357908610393197,0.9658349254177953,-0.001968665963276227,-0.0008633790070074857,0.0012065138580218855
-0.07998602181469311,0.43606644567616154,0.23544061578881154,0.12200373908345619,0.06158036590445397,-0.10678267775467264,0.0003091809119007442,0.027552633356428678,0.9762381133539975,-0.0017332253474874157,-0.0009433650288221787,0.001642580303698047
-0.17868262659005202,0.3501593503278959,0.38292653051249526,0.12440710657831522,-0.00482043788483201,-0.14159457206338075,0.0014836685290855944,0.029789003024589415,0.9806431907251877,-0.0013502988169749207,-0.0011220476554122307,0.001992739654025943
0.05249048023323845,0.3461626609849403,0.3057766886965059,0.13037195381770653,0.021594959939931418,-0.1870654716612603,0.0067806125800176495,0.026599180847069793,0.980266195837677,-0.0010445221282784148,-0.0010695571751789922,0.0023389023150108836
0.035033798071826446,0.3402803015753689,0.27506366841859164,0.14246508298463892,0.06710212496721701,-0.10427283919500319,0.004579733549486645,0.03266477058041217,0.9784457527103533,-0.0007694584598598232,-0.0010345233771071659,0.0026791826165862525
0.29811887972464424,0.21165642359103548,0.41217381709068024,0.10815348709417753,0.04002128322442356,-0.09019141611522823,0.007298604891143417,0.02490622713024726,0.9799504860954913,-0.00035728464276914285,-0.0007364044973825216,0.002890839040177288
0.2745853686014325,0.20479101543174894,0.35595240184336097,0.08329088820821566,0.15385935011221724,-0.06383326223136479,0.005114280041523838,0.02495089381824811,0.9748297386046857,-1.3322409257818803e-06,-0.00046181912878108907,0.0030956300556090367
0.30144080339053547,0.14962894202153226,0.3994968285902173,0.07716908423513151,0.005923817290086652,-0.04962474849938011,0.010634323511880437,0.031194968871251234,0.9868029049839585,0.00039816458766443546,-0.0001603783253905536,0.0032452589976305693
0.16223620647241743,0.10083428428004237,0.29236800140079033,0.11686864022044598,0.15155891511171718,-0.1155944552164203,-0.00336284941053762,0.0336922624665194,0.9720643345918496,0.0006905325890652257,1.8578810818638547e-06,0.0033460932819106117
0.33219381174139434,0.07874599676743416,0.1782397617652612,-0.006769962019255997,0.06445857836204054,-0.018327019982628777,0.011609201199025474,0.0347991755507672,0.9772972757193615,0.000868772350830487,0.0003340516928232582,0.0034248392786780458
0.32409113657413335,0.12368506918397486,0.21299436215815287,0.12751791056735015,0.10583156744587739,-0.05069669799704012,0.0026864169660472227,0.03540768729742665,0.9781473178712505,0.00108176671298864,0.0006581428293973916,0.003548524347862021
0.326101532918463,0.11148594869727951,0.09209719818434944,0.010855730615723851,0.06782866976053022,0.0711533774262148,0.0024994374884258082,0.02645346864076231,0.985428508093716,0.0011738639111729893,0.0009842443623158546,0.0036600102965592997
0.5034135198602435,0.10016316629748667,-0.11591440240336902,0.031571239591694736,0.054481305726838535,0.04939619018193997,0.008692096240118252,0.03335024093347263,0.9835558666714876,0.0010579495087696205,0.001487657882176098,0.003760173462856787
0.4896355981086839,-0.014599225340307692,-0.040261239492138,-0.021782937205354232,0.04419894734783018,0.10692023807812563,0.004289638235889541,0.03460694703202803,0.9738522218937817,0.0010176882692774826,0.0019772934802847818,0.003745574237516479
0.373020106233471,-0.1294054879735664,-0.03997837579884769,-0.0003086655003189994,0.02040972850392857,0.1820744795439505,0.003278460858641393,0.0229457073240813,0.9771374742864385,0.0009777098934786348,0.0023503135865182534,0.003616168749542913
0.5909147067056522,-0.08874302625454326,-0.196009525150438,0.008715658464279727,0.09871151491307234,0.11445534618930187,0.0055380363370703765,0.03671720172070269,0.97578162027797,0.0007817003683281969,0.002941228293223906,0.0035274257232883696
0.3819522816866734,-0.2032628417108769,-0.17815209228270654,-0.11458798830776838,0.03161745193003274,0.10359137187175894,0.005179158741271998,0.03281056022695434,0.9732931532637946,0.0006035482760454903,0.003323180574910579,0.0033241628815774923
0.37997480546747137,-0.30291808826981437,-0.5620789023369797,-0.11411574919809585,0.010953648674723473,0.12106338645571174,0.0003878790752794648,0.026142011100333606,0.9853651725726446,4.146937370851057e-05,0.00370315538037805,0.0030212447933076775
0.5250157558956338,-0.2974227461744985,-0.530781705755093,-0.1134663119419576,0.06422245151231233,0.18768768157519983,0.012504775366730985,0.03784465622539657,0.9788211795106985,-0.0004893123320465824,0.0042281711362736835,0.0027238220471331796
0.35231123352352023,-0.17164617293039433,-0.5336782737336786,-0.11811412504846053,0.031858737099298984,0.12290698461896181,0.007035601301659136,0.02881718104926793,0.9698899689640846,-0.0010229906057802613,0.004580482369797204,0.002552175874202785
0.35422354476186435,-0.17672251599182798,-0.6415842479167876,-0.13445946253486685,0.026245225946898182,0.10565429701588915,0.0034087757960310243,0.019431546936491836,0.9846044784091087,-0.0016645748536970489,0.004934705914559068,0.002375453358210957
0.13491813788270254,-0.15899582819673097,-0.5672100627369789,-0.0931245881041513,-0.008425282881418784,0.10823513845805162,0.006731479256335996,0.024826976754609195,0.9721082176237538,-0.0022317849164340277,0.0050696240524417705,0.0022164575300142263
0.31580873595120673,-0.1479714374174675,-0.4689932400564437,-0.0933496942399573,-0.03938516523813328,0.16574628402310337,-0.0015457581638972616,0.027749100865658224,0.976533304090093,-0.0027007781564904717,0.0053854327883929775,0.002068486092596759
0.21380178462794858,-0.045028001946032875,-0.5234207396063615,-0.011049810429041742,-0.052284358519154486,0.07934179138666735,-0.004921649233928996,0.028445350689722548,0.973566744638608,-0.0032241988960968328,0.0055992345730209265,0.0020234580906507258
0.295566865272879,-0.10096685386088006,-0.36414265573532156,-0.09269487476135249,-0.1269372470813655,0.12448973883292262,0.00805780497755813,0.026658362682363487,0.9738406309046586,-0.0035883415518321543,0.005894801438293806,0.0019224912367898459
0.29659314759187283,-0.16912844296272955,-0.4635275664661539,0.038377629415593466,0.034009747852093986,0.0758658690244761,-0.006565290946811125,0.025062335711233306,0.9716492096464319,-0.004051869118298308,0.006191394585885678,0.0017533627938271163
0.11213363171488433,-0.10711592983001145,-0.3719649135008165,-0.02590937824251818,-0.05825311986614106,0.0642724672695563,0.005333598018551379,0.027749386859054526,0.9761577435891752,-0.004423834031799125,0.006303528217600562,0.0016462468639971046
0.11820212675317343,-0.03227261129444606,-0.0862442092412094,-0.012653966200669423,-0.1556294156171869,0.03140612426129498,0.001605576339918082,0.029850127102267383,0.9736458613296008,-0.004510078241040333,0.006421730344353735,0.001613974252702659
0.15644808745939331,0.022339192041450136,0.0020194361722905563,0.07463055811967308,-0.02772600724854451,0.04817343914543473,-0.0020858330483354403,0.028956290743507862,0.9709633653687548,-0.0045080588048680426,0.006578178431813128,0.001636313444744109
0.021546447532233788,0.03797328397678722,-0.0554336093240035,0.016411323081423165,-0.006477756682839479,0.025627590193065722,-0.0033460937022584914,0.026054981245469882,0.9742835649110713,-0.004563492414192047,0.006599724879345363,0.001674286728720896
-0.010021588012117728,-0.07210801558194589,0.06694341500020888,0.002352620099071284,-0.08343082557352792,0.025867081681438475,-0.0030598833761975963,0.027279072110449994,0.973633545515893,-0.004496548999191838,0.0065897032913332446,0.0016021787131389503
-0.07459340630869737,0.2109150531947849,0.10006058581757718,0.1449989611238739,-0.051083873646934126,0.018333079779439647,0.0010164150629120502,0.03230812009416094,0.976993135764733,-0.00439648841337426,0.006515109885024548,0.0018130937663337354
-0.0854938081749819,0.09296581615673838,0.16428269715780455,0.06346960630285392,-0.014174613519112266,0.015833130129793253,-0.001636855776740784,0.02340229368579343,0.977111030591663,-0.004232205716216456,0.006429616076849567,0.0019060595824904735
-0.19642103115699758,0.11347806351898071,0.3443624790511588,0.08238526632947149,-0.0695925973826551,-0.08497509284558406,-0.003924126069156743,0.022712549334168233,0.9729920458349427,-0.0038878432371652963,0.006233195045692568,0.0020195376460094548
-0.32173591298877313,0.0734400951577607,0.37127018212992086,-0.011979833090325688,-0.07263337054116775,-0.07771244324124889,0.0019228806715489142,0.026089144032343848,0.9788200545840716,-0.003516573055035376,0.005911459132703796,0.002092977741167215
-0.21225124327238262,0.2732235679828533,0.499357081095319,-0.01136770164828538,-0.053473993739757,0.041397184221063164,0.0020812602703227045,0.02309550937583546,0.9729641053311623,-0.0030172159739400564,0.005699207889431413,0.0023662013091500685
-0.32215655507612206,0.2372446319724364,0.5464233286468564,0.06561234139024796,-0.00821738663415244,-0.05963203077324492,-0.001393936011256809,0.028908729931629008,0.9766777557351891,-0.0024707926452932003,0.005377051334355291,0.0026034459411225053
-0.12248630165933264,0.17312123047852937,0.5182988342675273,0.09878305948949209,-0.079865832439146,-0.09921973922320354,-0.006454841837431401,0.02638885845157863,0.9752500950162731,-0.001952493811025673,0.005254565032695958,0.0027765671716010343
-0.27611923923062853,0.1700388875405092,0.46574977631377934,0.07896757213126063,-0.010645262377905671,-0.05091468383570247,0.003273572560381775,0.028729291653593517,0.9749039346058108,-0.0014867440347118939,0.00497844579346533,0.0029466060591415433
-0.19047916148623517,0.12622933206020437,0.26487355407314545,0.040112165046004594,-0.01569775979475941,-0.055549657176257795,0.00015121463357842463,0.03168784066095132,0.9815251268406257,-0.0012218704806387483,0.004787966631979094,0.003072835391201748
-0.20366025495232634,0.1298648556518059,0.4976360093389144,0.08383733267068523,-0.03532341854533589,-0.05131673228032953,-0.0005300519707619844,0.02543697347877748,0.9777031658410078,-0.0007242344712998338,0.004584306377026768,0.003202700246853554
-0.2035828290760196,0.23116303929156323,0.4381602321714097,0.1370060477122843,0.01898425306545214,-0.048558845511941694,-0.0029361111717195573,0.01939037165298619,0.9744467203056963,-0.0002860742391284241,0.004380723547950749,0.003433863286145117
-0.25098694798531684,0.09696655642710865,0.2751874038607125,0.041083654504215604,-0.048879836509802585,-0.03216777749566052,-0.008769239106822369,0.022392197495779045,0.9782709577354014,-1.088683526771156e-05,0.004129736599965432,0.003530829842572226
-0.23042619153390861,0.1199301125572916,0.3267351061233004,0.007440337923753818,0.03955343792381602,0.055974284057415356,-0.002401007511128162,0.02482140044532692,0.9798354860487828,0.0003158482708555889,0.003899310408431523,0.003650759955129517
-0.2383003369312848,0.00620304168376179,0.4282602949943891,-0.011294788207574456,0.04391238164689186,0.03345898104578349,0.005397594756136477,0.02101170188977318,0.9753072695472321,0.000744108565849978,0.0036610100715002377,0.003656962996813279
-0.202239416515291,-0.014836509590006021,0.1822235718488167,-0.06145697263443782,0.03741123528477774,0.016639841153917898,-0.002119150085884308,0.02249650235954033,0.9804006023618121,0.0009263321376987948,0.003458770654984947,0.0036421264872232733
-0.02854003547905437,-0.10447173018029401,0.09747563217961912,-0.004704507524057409,0.06058756568036939,0.01625581475669647,-0.006045205876104096,0.02250487804782906,0.9733906961896137,0.001023807769878414,0.0034302306195058926,0.003537654757042979
-0.024729955026067715,-0.09305506031428071,-0.09837563833426599,-0.012211363102941165,0.04808308830269599,-0.014104212577218016,0.0004991992127657205,0.01740905979630835,0.9762191605386691,0.0009254321315441479,0.003405500664479824,0.003444599696728698
-0.0788490918114072,-0.11455106734521511,-0.1475970479313246,-0.08429535827923317,0.009335024602668336,0.08975517652346021,-0.0013042133382528403,0.03252468591819001,0.9791921331629714,0.0007778350836128232,0.003326651572668418,0.003330048629383483
0.04986852111793839,-0.20336447251264603,-0.31248762173633327,-1.5468604578107448e-05,0.05607438958296797,0.0955798218719223,0.0019462371727230084,0.018422632399529792,0.9708785925425226,0.0004653474618764899,0.0033765200937863563,0.003126684156870837
-0.0986558317985641,-0.2965619222619062,-0.2687288616840686,-0.058309571390676135,0.040683942532577566,0.07948017233288955,-0.005229961066760606,0.025192383476598183,0.9782731548190772,0.0001966186001924213,0.003277864261987792,0.002830122234608931
0.06380969297379477,-0.3899256038423956,-0.1812724996874861,0.009079030585743424,0.03495954178118655,0.08266003589189264,-0.006347832016382705,0.022723259628138922,0.9767255722672581,1.534610050493518e-05,0.0033416739549615862,0.0024401966307665353
0.07307066220181374,-0.2579605926283471,-0.2797181187264441,-0.09691255611821581,0.0672731159111911,0.11195047673791125,-0.0013290476846541137,0.02155249230480982,0.9744345973533554,-0.0002643720182215089,0.0034147446171634006,0.0021822360381381885
0.18672100730882416,-0.4006386294736558,-0.24159650055770837,-0.16849943081445304,0.010918389355393038,0.08378622695564356,-0.0025877678635904356,0.024909746746005944,0.9674187920463277,-0.0005059685187792174,0.0036014656244722242,0.0017815974086645326
0.19212030440181618,-0.32748295051774984,-0.4251588107021391,-0.17165643979094528,0.07077690025058993,0.058946871722963874,0.0011436699881041314,0.030377661385816084,0.9717148754178383,-0.0009311273294813565,0.003793585928874041,0.0014541144581467827
0.32266769429583597,-0.31607739168514387,-0.31269490214264273,-0.10877446159210563,0.007653516179898474,0.05662418970927493,-0.007496463110994183,0.03478871591598581,0.9815918784675681,-0.0012438222316239994,0.004116253623169877,0.0011380370664616389
0.24524452707093058,-0.260275301972325,-0.0762221863129725,-0.15214273888079408,0.06052682923007024,0.06814732389946417,-0.0034152695604394313,0.017443415954167627,0.9698565986394891,-0.001320044417936972,0.004361498150240808,0.0008777617644893139
0.09410851306550164,-0.35769546041461675,-0.2529598266525018,-0.13726434175687127,-0.012625010508179733,0.1095473285256476,-0.006532499674913924,0.018844890989971965,0.9748863778815802,-0.001573004244589474,0.004455606663306309,0.0005200663040746972
0.2668442394247631,-0.452196116242459,-0.019742762898429883,-0.10860728107471965,0.007948956996532464,0.05476163611127374,-0.003130972722449289,0.024868887531446563,0.9724403645927482,-0.0015927470074879038,0.004722450902731073,6.787018783223814e-05
0.21266704863907604,-0.40252918723393927,-0.13836582344724857,-0.10999431994768677,0.017687487389083087,0.05130194247917212,-0.0064475926889176385,0.014899276042981004,0.9671927034391072,-0.0017311128309351522,0.004935117951370149,-0.00033465899940170115
0.45060407733968827,-0.22986881075242138,0.03760303600814707,-0.06490754270937167,0.004024661083683392,-0.02783803212500712,-0.004016066224782619,0.021106941244462545,0.9671165873525036,-0.0016935097949270052,0.005385722028709838,-0.0005645278101541225
0.21481469668484068,-0.19999410127088138,0.13874066862753712,-0.11014735744368148,-0.04937123607832307,-0.04848671926836965,-0.000438665340143439,0.022025776760293807,0.9807046488455986,-0.0015547691262994682,0.005600536725394679,-0.0007645219114250038
0.2801659475076959,-0.10040758671567261,0.16226824087474023,-0.045142077243675,-0.02495065759175357,-0.051992479376953095,0.0012798453629232496,0.026980495530901587,0.9765571448709512,-0.001392500885424728,0.005880702672902374,-0.0008649294981406766
0.23203191796948203,-0.23869431824304727,0.06287068111479716,-0.0713462158973136,-0.1278025318171655,-0.10902833130831265,-0.009665434413628339,0.02616381106795951,0.9756597767895736,-0.0013296302043099308,0.0061127345908718565,-0.0011036238163837238
0.05987635986619974,-0.03732415033335773,0.29109240311900536,-0.01779935449952947,-0.049718439003515844,-0.17018280540979236,0.002741187681062753,0.01695598123262241,0.9646370972493294,-0.0010385378011909252,0.006172610950738056,-0.0011409479667170814
0.26519407710226606,-0.0010506023910837187,0.21600227741295977,-0.08291073961696738,-0.03816242639070079,-0.12290449511393502,0.001513209345331312,0.008098130559580785,0.9719989141121959,-0.0008225355237779654,0.0064378050278403225,-0.001141998569108165
0.24254629281108628,0.03714658454956404,0.3151355319685682,0.004735954868526314,-0.048423394742983995,-0.0836917894358739,-0.014060480130732434,0.022649311107256077,0.9811881429478158,-0.0005073999918093973,0.006680351320651408,-0.001104851984558601
0.07172415165886999,0.26627852779552263,0.3372550938999952,-0.017098030576046835,-0.11188441436748453,-0.14535761302601513,-0.01372262778278362,0.021775728367944683,0.9724099719955763,-0.00017014489790940203,0.006752075472310279,-0.0008385734567630785
0.12573682474908487,0.046574591237607335,0.47892458975171337,0.036426498036435676,-0.04921321431698581,-0.1663200487111613,0.0008650964050916977,0.01820119485697338,0.9781942324899421,0.0003087796918423114,0.006877812297059364,-0.0007919988655254711
0.020126114282336502,0.11215241301119794,0.3180530560641879,0.10780826335560134,-0.11108409200009656,-0.0913378733435347,-0.013236730307156,0.020390833746794828,0.9707713173210909,0.0006268327479064992,0.0068979384113417004,-0.0006798464525142732
-0.1542213307155597,0.20989811580435488,0.33030250151652374,0.11448970455041899,-0.038451617148826084,-0.11381328627956223,0.0012354530005616489,0.021083604127031426,0.9787427506687625,0.000957135249423023,0.006743717080626141,-0.0004699483367099184
-0.2671902674662121,0.30382158086115385,0.17012550597567616,0.09925548843151853,-0.07191725519795698,-0.0950419493605572,0.004383105749620152,0.015069341032426294,0.9770612932415403,0.001127260755398699,0.006476526813159929,-0.0001661267558487645
-0.1366285688199901,0.07975535444962406,0.15364174272358752,0.1268014561049222,-0.07899383522200869,-0.08137927941472173,0.0068980957887153855,0.01788063404583631,0.9816416975947654,0.0012809024981222867,0.006339898244339938,-8.63714013991404e-05
-0.12741462735890297,0.29197230320153045,-0.022565581559426236,0.14971155083641532,-0.10008833559315143,-0.040748569133225505,-0.004717477805781096,0.01069453865511121,0.9765667891288168,0.0012583369165628602,0.006212483616981036,0.00020560090180239007
-0.10662955114342355,0.38159077209727454,-0.12228497672749128,0.1265427822795483,-0.06927282873204502,-0.03821171066375319,-0.012475133907154087,0.015730943383405985,0.9636924046474279,0.001136051939835369,0.006105854065837613,0.0005871916738996646
-0.26173455988549466,0.3996540393048376,-0.07099502926216847,0.15779221341357463,-0.02575012200532613,-0.13352722635397993,-0.015118528159633535,0.026691008994397487,0.972589073502576,0.0010650569105732004,0.005844119505952118,0.0009868457132045023
-0.25745240305508227,0.2164725070454812,-0.19833890813458388,0.12888079127514218,-0.0790330004182755,-0.02748551530878733,-0.0053718497834991975,0.0122603461060489,0.9772392073934775,0.0008667180024386165,0.0055866671028970355,0.0012033182202499833
-0.30442509927034705,0.38142271925125865,-0.370494629790179,0.09235769616515717,-0.0449603483418007,0.027685637166764997,-0.011836639008956013,0.01482550915554989,0.9774831693899367,0.0004962233726484376,0.005282242003626689,0.0015847409395012418
-0.35364241352389364,0.33921711504696034,-0.17732344777773776,0.17531207475086216,-0.12760926010662826,-0.0031844189028205332,-0.006662412463460186,0.01852476613031305,0.9710374784748588,0.00031889992487069976,0.004928599590102795,0.0019239580545482025
-0.43081528281394454,0.3650728674127824,-0.4422381893096868,0.0852821083691915,0.009863642798251646,-0.0203551831426058,-0.02100169510654252,0.023499690217381252,0.9632083785933678,-0.00012333826443898703,0.00449778430728885,0.002289030921960985
-0.3089490823815335,0.3291077667802949,-0.34645719912081185,0.02323589227456296,-0.05196205449023316,0.051107151987826074,0.0017606327530891542,0.02268310195248338,0.9734101764464032,-0.0004697954635597989,0.004188835224907316,0.00261813868874128
-0.6108603182911845,0.14851763911508412,-0.4913022454442844,0.09016095227760876,0.01836944236416666,0.06381263803620314,-0.002427061892336403,0.01840035826948088,0.9769946163593053,-0.0009610977090040835,0.0035779749066161323,0.0027666563278563637
-0.46211752719411253,0.14365718473441927,-0.4512576374980823,0.11073646349130453,0.05830108537422027,-0.04040118661298176,0.003318329576190572,0.016149554347032358,0.9690659035521041,-0.0014123553465021658,0.0031158573794220195,0.0029103135125907835
-0.4368117495581759,0.1250614286962254,-0.5702309252588678,0.15864371305947964,0.05483759879184404,0.15812511235826152,-0.00317114891904411,0.013915331551860456,0.9733749908852553,-0.0019825862717610335,0.002679045629863843,0.003035374941287009
-0.46060958373460814,0.23171442171571635,-0.7094536535853642,-0.01734566595099907,-0.01532052971940265,0.08241788588213743,-0.013291221838869872,0.019372739519955242,0.9752221797084427,-0.002692039925346398,0.0022184360461292353,0.0032670893630027246
-0.3052215432972398,0.19894822851572025,-0.4580222554944992,-0.002393883449727105,0.04958395012939431,0.14293493464069515,-0.0020448132824370468,0.020561120267689584,0.9718416039921871,-0.0031500621808408964,0.0019132145028319955,0.0034660375915184453
-0.5110568049924797,-0.11305660329741564,-0.4550648261833423,0.014905461417104235,-0.01349145942130983,0.18494880388442742,-0.006541512593320649,0.01946772166971775,0.9794036759152952,-0.0036051270070242393,0.0014021576978395156,0.0033529809882210295
-0.4217182589623293,-0.014280314584393439,-0.31664725652615777,0.004269038745080271,0.057744028653711144,0.13291627090907568,-0.005629484082241728,0.021808753515792464,0.9787909172991122,-0.003921774263550397,0.0009804394388771864,0.0033387006736366356
-0.28064319165648643,-0.19815304767106962,-0.1656865125967475,-0.07598824197853009,0.012778885427982506,0.03188585458199166,-0.011668435427489698,0.018391147750192714,0.9656135243509255,-0.004087460776147144,0.0006997962472207,0.0031405476259655663
-0.21489690226806368,-0.1143002645264388,-0.21677612987126843,-0.005082245035420256,0.013115429076792189,0.1358848904243854,-0.007076712839536122,0.019042299016108606,0.971042552839758,-0.0043042369060184126,0.0004848993449526362,0.0030262473614391275
-0.18484188243765487,-0.21388880530880433,-0.0895624924423224,-0.09203519255435613,0.010948235931756086,0.11793644140702016,-0.006162153660104741,0.010743396683864584,0.9749562640600136,-0.004393799398460735,0.00030005746251498134,0.0028123585561303233
-0.4025422014244828,-0.31087633428297057,0.08304930280725234,-0.08563677555486314,0.1669127466741626,0.04547065875741021,-0.009731953175382736,0.014588967684891922,0.9702085401293545,-0.004310750095653483,-0.00010248473890950149,0.0025014822218473523
0.05212682901385307,-0.1676188303840682,0.16251020934956772,-0.055897922160308505,0.04402713432724063,0.0369133670927679,-0.007889287209791557,0.014197755212224656,0.9771304692949098,-0.004148239886303915,-5.035790989564843e-05,0.002333863391463284
-0.24201969660790507,-0.06774369496967196,0.46462534864409477,-0.037720010508377824,0.09285380858372713,0.05645104797674686,0.00024884802965814256,0.01677338567639683,0.9747629524884278,-0.0036836145376598207,-0.0002923776065035535,0.002266119696493612
-0.13480556162504848,-0.0940887361179046,0.4148628280897553,0.00894419609824313,0.11199341034108613,0.047629643214410454,-0.004309302455317698,0.018070759206181508,0.9739138555148324,-0.003268751709570065,-0.000427183168128602,0.0021720309603757075
0.030011829841641576,-0.077684829685631,0.15422857351713376,-0.1065518177464022,0.10060665744183095,0.06175571321125657,-0.006680553547858157,0.017908146620743852,0.967532114388299,-0.0031145231360529316,-0.00039717133828696044,0.002094346130690077
-0.12678778297270518,-0.2884921799282372,0.44331989060960486,-0.07906020455328946,0.07986896732979613,0.0031659220252985548,-0.008883213702853703,0.02382722899684799,0.961946191313094,-0.0026712032454433263,-0.0005239591212596656,0.0018058539507618391
0.05053316315731132,-0.2624089478782787,0.4540748020840957,-0.09544529171169841,0.11636669398236019,-0.02143438690225844,-0.010116439480438253,0.011203409546996581,0.9703258367760923,-0.002217128443359231,-0.0004734259581023543,0.0015434450028835606
0.003218232051954595,-0.07592679562151684,0.45779433427309685,-0.03685289365226475,0.05393265954849976,0.05877259013737734,-0.002480703627069881,0.015644171552108024,0.9674233076731226,-0.0017593341090861342,-0.0004702077260503997,0.0014675182072620436
0.10808566229378552,-0.12742549737186137,0.5056623598343992,-0.07558417220617747,0.04379308128256313,-0.09599980957610908,-0.012056988200030443,0.019197563603729824,0.9747351351778554,-0.001253671749251735,-0.0003621220637566142,0.0013400927098901824
0.1456599446503669,-0.033822882124993965,0.7084138155652506,-0.06193715101406914,-0.017823333582680023,-0.07325728994639084,-0.011989559780917272,0.015284697877603089,0.9716046180460052,-0.0005452579336864843,-0.00021646211910624727,0.0013062698277651885
0.2431108751870047,0.03531181968554001,0.42674453729440465,-0.0026432437154194598,0.0657471079168256,-0.19086622335538722,-0.010906622295024176,0.010155321363594568,0.9760919210697365,-0.0001185133963920796,2.6648756080757454e-05,0.0013415816474507283
0.37246748911831884,-0.01787498708446668,0.40692869080872907,-0.026034076434484098,-0.011179067242681754,-0.02182984693628784,0.0023706587233209616,0.015930626383544737,0.9757408433669409,0.00028841529441664946,0.0003991162451990763,0.0013237066603662617
0.36521026949690544,-0.15196604785623047,0.4217258475012988,0.02563146288775523,-0.021571942803545067,-0.005863952928744471,-0.012463899596830936,0.007194445009738463,0.9657155361744701,0.0007101411419179484,0.0007643265146959816,0.001171740612510031
0.336962841059112,0.10761060481652993,0.43926750354724037,0.015464008549341508,-0.06252849809505821,-0.08510296337091426,-0.0022634478723651584,0.018667527551012038,0.9716069436674344,0.0011494086454651887,0.0011012893557550939,0.001279351217326561
0.4377156535134101,-0.0818006100334091,0.2879745229436575,0.04394324461804841,-0.07774693774588004,-0.01277587320340347,-0.009276587361785884,0.016502432045318437,0.9647390953527213,0.0014373831684088463,0.001539005009268504,0.0011975506072931519
0.3613871195154052,0.26335331074791213,0.27556338559141835,0.08671724828708403,-0.031135070289019143,-0.011720189678181324,-0.015770338318524348,0.015824256629506442,0.9703374187416527,0.0017129465540002644,0.0019003921287839094,0.0014609039180410643
0.4854688155208126,0.1443639160591784,0.049777563993855155,0.041852099185978084,-0.03537025133276959,0.009497019740113811,-0.011284010347127494,0.016746449693662065,0.972657538515863,0.0017627241179941197,0.0023858609443047217,0.0016052678341002425
0.43339681887611003,0.13819952978368955,-0.03285550827317759,0.04656788186094832,-0.05049147395617836,-0.0023126551378386487,-0.007572733756397522,0.018515027694212566,0.9795215116160965,0.001729868609720942,0.002819257763180832,0.001743467363883932
0.5274713137499766,0.2739043801515348,-0.07576453178854749,0.07532356806251507,-0.06580012438951784,-0.06144475426148233,-0.001686070733127704,0.02079714718220313,0.9717320373843775,0.0016541040779323943,0.003346729076930808,0.002017371744035467
0.5332493325176471,0.1483563267920962,-0.0698941561801404,0.10466621895845384,-0.08587494306938816,-0.040977407449569465,-0.01554550407919267,0.019128018071216616,0.9630976351136424,0.001584209921752254,0.0038799784094484552,0.002165728070827563
0.3386181402822789,0.31893950947962113,-0.3561311565121672,0.03878084481079276,-0.023216982179231252,-0.058427347210479465,-0.0036021989922545303,0.02309866999737927,0.9645338856921188,0.0012280787652400866,0.004218596549730734,0.002484667580307184
0.36674218104846135,0.07668742587679052,-0.36073012839220453,0.08917753721161753,-0.05355099821396615,0.1045421566010424,-0.004078079318994803,0.0136222068258941,0.9597201286631294,0.0008673486368478821,0.0045853387307791945,0.0025613550061839747
0.29738820463793625,0.09844136603393037,-0.5759689232769934,0.07066122872743628,-0.0958104044630109,0.018701206629708374,-0.0015074305438999205,0.00511611844513327,0.9681406940646243,0.00029137971357088866,0.004882726935417131,0.0026597963722179052
0.3016589383747728,0.15845404363555335,-0.3612084894238442,0.01673074503111981,-0.10850531819983841,0.039576361720308435,-0.014041457543265794,0.019865399865857242,0.9723434037120474,-6.982877585295555e-05,0.005184385873791905,0.0028182504158534584
0.4757800227770796,0.010868844115602988,-0.19317819678971618,0.10286078739017818,-0.12817442266720497,0.055561743321908344,-0.006298961314738531,0.014767367764768976,0.9707490682905048,-0.00026300697264267174,0.005660165896568984,0.0028291192599690616
0.10900366042882209,0.23286375520255187,-0.21247407733318924,0.09421980737968497,-0.052224651901269695,0.10159563890898611,0.0008066491183780292,0.014195474534764652,0.9686812588207416,-0.00047548104997586094,0.005769169556997807,0.003061983015171613
0.24825646196332538,0.23121755250174797,-0.18404915213195588,0.05983286646873526,-0.07978713296056314,0.072041822958575,-0.007602418835102388,0.012154069566774077,0.9624806723567227,-0.0006595302021078169,0.006017426018961131,0.003293200567673361
0.06784271859014139,0.10919340436792246,-0.3164383525233547,0.09152316774135524,0.01095857010516626,0.06689592725477585,-0.009727332156336265,0.011162150338846405,0.969189950000344,-0.0009759685546311715,0.006085268737551273,0.003402393972041284
0.04494592437958875,-0.047691422049544636,-0.15684353556238856,0.015364527615921775,0.004770809224740822,0.14497567143655293,-0.005541750755098983,0.008878307252809324,0.9744266345504354,-0.0011328120901935603,0.006130214661930863,0.003354702549991739
0.10166083142729604,-0.15804869290712786,-0.021932806350332915,0.0008829879472290192,-0.014431825859587685,0.10643437043372021,-0.010072804659287279,0.011662230225254729,0.972822259295487,-0.0011547448965438932,0.006231875493358158,0.003196653857084611
-0.05562712259159634,-0.1346212054867811,-0.09836321922492997,-0.10644765019153216,-0.06769089175637276,0.18951908598849942,-0.009426006790232398,0.010108870613505157,0.9756205828153547,-0.001253108115768823,0.006176248370766561,0.00306203265159783
0.03900894765008202,-0.11027585768242129,0.07893152591716258,-0.02408913288743678,-0.10789351418914646,0.03323310421002266,-0.015176325179212784,0.004653593849176353,0.9678843943621298,-0.0011741765898516604,0.006215257318416643,0.002951756793915409
0.11293412266159666,-0.24967396449755225,0.07818277514535332,-0.10229714595514812,0.03507634234945494,0.032681803576845296,-0.008981525473997594,0.007331157633111522,0.9703581833599365,-0.0010959938147063074,0.006328191441078239,0.0027020828294178566
-0.06737988470510983,-0.17295913515755465,0.2991358670042369,-0.03395424146780103,0.008790457916693795,-0.00306106306082222,-0.01480604261496141,0.009476327640211916,0.9649402442215747,-0.0007968579477020705,0.00626081155637313,0.002529123694260302
-0.26016887175482734,-0.16488583986029298,0.19056719575989664,-0.07208957204592552,-0.04428749178585306,0.06027022056070231,-0.008553453230246914,0.014723855218445776,0.9720626611918014,-0.0006062907519421738,0.006000642684618302,0.002364237854400009
-0.24501495894258812,-0.25536410638583174,0.2023940705201266,-0.19954590402712322,0.03792882369208115,0.010759765200734336,-0.01223043899336522,0.007924235643940245,0.9732808013422302,-0.00040389668142204715,0.005755627725675714,0.0021088737480141773
-0.2437569707556698,-0.23807036899093392,0.41694971213355914,-0.12964595417098718,-0.0068199496350597,0.028970533796743414,-0.018940950767491534,0.01148321072147092,0.9674321088922858,1.3053030711511981e-05,0.005511870754920044,0.0018708033790232434
-0.24755710088163319,-0.4906937556973906,0.3690826029878476,-0.11246515807006285,0.017476863901134735,0.038343915203713136,-0.0068940229468601715,0.003492376427727425,0.9766320174640202,0.0003821356336993596,0.005264313654038411,0.0013801096233258528
-0.03870262713522221,-0.21515066178217712,0.2195830045087112,-0.12355829890616395,0.04762217001616584,-0.08879650548180369,-0.008134569530677673,0.015623114716617816,0.9631609295023675,0.0006017186382080708,0.005225611026903189,0.0011649589615436759
-0.18551795517077097,-0.3314628186711389,0.3749242985523398,-0.06976343867136937,0.03370671922846702,-0.07087001325466712,-0.014027422459096448,0.004782238935077303,0.960934009582461,0.0009766429367604106,0.005040093071732418,0.0008334961428725368
-0.20237607787979384,-0.21155784709338898,0.2727852975096095,-0.14377664915133687,0.09023289887627473,-0.008532889237842291,-0.00649727803260785,0.009921565063852857,0.9728270881325792,0.0012494282342700202,0.004837716993852624,0.0006219382957791479
-0.18498855494914299,-0.2034092335452126,0.19429371449868987,-0.11439197396783768,0.0519301228007863,-0.12672180896041788,-0.008272693108333536,0.01097746624730378,0.9684898482010917,0.0014437219487687099,0.0046527284389034805,0.00041852906223393524
-0.34977144554584927,-0.13245491271081897,0.07657719725835707,-0.22336746257802906,0.0673782303139581,-0.13625663815249267,-0.0087671598491319,0.011553850406005876,0.9687584427379744,0.001520299146027067,0.0043029569933576315,0.0002860741495231163
-0.3077175022361713,-0.14316644605051776,0.060765105882393776,-0.04498914287369859,-0.00031053699107389237,-0.12772744199269656,-0.015065310000988558,0.00265786219639981,0.9701632593721992,0.0015810642519094608,0.00399523949112146,0.0001429077034725985
-0.28180261997000056,-0.12242226616843332,0.05706038910732597,-0.0661999912582098,0.04857317685530457,-0.12092804629681296,-0.013311366879139273,0.0023771523991569865,0.9774784796985024,0.0016381246410167869,0.003713436871151459,2.0485437304165188e-05
-0.21829284573274624,-0.11288422543950233,-0.10431898746978407,-0.09057564231935566,-0.005566577352797012,-0.04676289103291071,-0.016210322362570685,0.011299286199417977,0.9661232505099303,0.0015338056535470026,0.003495144025418713,-9.239878813533715e-05
-0.11085699475353217,-0.31959486454428543,-0.003127710344267315,-0.06482074739034481,0.06410276818026384,-0.07839336983885052,-0.013587182470363062,0.007481623485667294,0.9672749785935474,0.0015306779432027354,0.0033842870306651806,-0.0004119936526796226
-0.15027848423369802,-0.15470493069098173,-0.20219290968048206,-0.01795729048375086,0.01770718091393897,-0.09903925853174567,-0.009905725231460915,0.007203166249419495,0.9720876949464534,0.0013284850335222535,0.003234008546431483,-0.0005666985833706043
0.022647847382867722,-0.08909264479668734,-0.3504944305849545,0.03489008649596358,-0.0006898648935990096,-0.09481438162741097,-0.01731129035782785,0.012498552994728764,0.9695673382456815,0.0009779906029372988,0.00325665639381435,-0.0006557912281672917
0.023822440299969883,0.03863530494214496,-0.4252408771380216,0.06599679483227876,0.038221645517218364,-0.036381089793438404,-0.00688909304575682,0.007110100025656212,0.9649780742951708,0.0005527497257992773,0.00328047883411432,-0.0006171559232251467
-0.005155760312893384,0.050754070968857076,-0.3451182731442125,0.08358756711634728,-0.01585970248614294,-0.08406228198700276,0.0015533057792072175,0.006579492779334676,0.9752264755071552,0.0002076314526550648,0.0032753230738014265,-0.0005664018522562895
-0.10856276729086353,0.1176476811388949,-0.5790100156254636,0.049514693447288656,-0.07188443892090679,-0.08255748434421563,-0.012428158356780704,0.009014928185105357,0.9776137475731161,-0.0003713785629703989,0.0031667603065105633,-0.00044875417111739477
-0.08283943736973723,0.3031479937705178,-0.5080101674454484,0.054846295517881234,-0.010108610187238921,-0.09700447977500468,-0.014580214926424556,0.009154737731261138,0.9687431293442561,-0.0008793887304158472,0.003083920869140826,-0.00014560617734687688
0.23354035609955323,0.21139152328299898,-0.6188389838359484,0.15819961453413076,-0.08970454363229367,0.016940777564273694,-0.016665703035160642,0.002534381255889567,0.978635459329287,-0.0014982277142517955,0.003317461225240379,6.578534593612212e-05
0.13412928064188678,0.23576017981161695,-0.4945018315825829,0.13328748272771876,-0.05068537874883269,0.0409783151927302,-0.005081398546545273,0.008318272354226802,0.9640175729533599,-0.0019927295458343785,0.003451590505882266,0.0003015455257477391
0.18251914655563461,0.41085896562747015,-0.39656902891625556,0.12651461148818094,-0.032386893101759774,0.05259625419596791,-0.015662066932165545,0.013026532816449273,0.9694850704474847,-0.002389298574750634,0.003634109652437901,0.0007124044913752093
0.16991537521635489,0.4627208914981189,-0.3320060403121949,0.15895643640017704,-0.10508651667421558,0.017125658565099434,-0.009316739249606477,-0.0015330634089488456,0.9634640356294486,-0.0027213046150628287,0.003804025027654256,0.0011751253828733283
0.16034175047769786,0.22196723051716072,-0.23241672886074602,0.19861092818896678,-0.07439260277081029,-0.01420283159913529,-0.013938064356691248,0.007051247112062457,0.9639558433574275,-0.002953721343923575,0.003964366778131954,0.001397092613390489
0.21560828433435342,0.4042758662265217,-0.35469118195946336,0.06151094011460028,-0.055720056682763724,0.056816790908114596,-0.01153902316278178,0.007664535807234753,0.9689665435917768,-0.0033084125258830382,0.004179975062466307,0.0018013684796170108
0.18269386107457375,0.2738593966040001,-0.23384649332960805,0.17613457036486801,-0.10906867031380173,0.10350925232678043,-0.008614019060964437,0.003048083622014301,0.9740620341782776,-0.0035422590192126465,0.004362668923540881,0.002075227876221011
0.27779247203069857,0.2764191314043325,-0.2502616129586631,0.14314083845062434,-0.06519531798169255,0.0756407047247158,-0.015006135678717347,0.0057144750037310815,0.9677986792005762,-0.003792520632171309,0.00464046139557158,0.002351647007625343
0.3523669143933466,0.2087239044694475,-0.11699721595841325,0.1196741930976278,-0.12813218480364374,0.05267900645232467,-0.017547451740334702,0.007437042933917885,0.9586442036365155,-0.003909517848129723,0.0049928283099649265,0.002560370912094791
0.3021820487991436,0.42956972179509734,0.1318587673995416,0.14014132639023114,-0.09500670358112928,0.14293047473882625,-0.018899928353888387,0.014049017846735,0.9627144031061646,-0.003777659080730181,0.00529501035876407,0.0029899406338898885
0.1999035740871182,0.16336179215203722,0.06534040979532707,0.07065849203867665,-0.12380444577721497,0.15617564642767917,-0.017659340467888144,0.008547510163873142,0.962950437553938,-0.003712318670934854,0.005494913932851188,0.003153302426041926
0.15845971047494323,0.3638571858672691,0.19593621050894713,0.17755909375357432,-0.08149792432561395,0.04986558064466711,-0.010305358357744905,0.0017198068544259006,0.9747974053384812,-0.0035163824604259072,0.005653373643326132,0.0035171596119091945
0.11471970987511713,-0.0291615545687888,0.25688023464023013,0.07879857913308767,-0.08989691549497036,0.12888394981436935,-0.014311987256583666,0.010456003669863188,0.9639745129202312,-0.0032595022257856767,0.005768093353201248,0.0034879980573404054
0.290157292375771,0.2364854940541986,0.40383095971035105,0.0648208947638051,-0.05199047456946331,0.04232341097784859,-0.012461448468376785,0.004615720824619201,0.9701253581118021,-0.002855671266075326,0.00605825064557702,0.0037244835513946042
0.14549348814415636,-0.07314766087952988,0.539115704637958,0.049363738427482304,-0.10465137858955033,0.1913221609309626,-0.005336819297968247,0.00920966409294327,0.9708345122630033,-0.002316555561437368,0.006203744133721176,0.0036513358905150744
0.04669412195466249,-0.08131019757833445,0.5845903947917082,-0.05423922565266344,-0.06475344749462184,0.11929063630380222,-0.0018044162826466766,-0.00012144027689842997,0.9645507734693414,-0.0017319651666456598,0.006250438255675839,0.0035700256929367398
0.05961731288317457,-0.06966360168963842,0.6968533409103026,-0.0035914365243663996,0.011364003747986963,0.14218731651973668,-0.022539433666565356,-0.0010950926459708,0.9649279040729292,-0.001035111825735357,0.006310055568559013,0.003500362091247102
-0.041672593942428185,-0.09960828208254607,0.6623803751054478,-0.024452777498154547,0.01823536732848105,0.02070613162339375,-0.019896996350354537,-0.0008087055482186439,0.9622020120263717,-0.0003727314506299093,0.0062683829746165865,0.003400753809164556
0.007072058558173513,-0.11895276396213134,0.49148282215452765,-0.06459027388784783,-0.06974237884018245,0.12443552668759535,-0.017999179197775432,0.0038938501784058655,0.9667402779421342,0.00011875137152461836,0.00627545503317476,0.0032818010452024243
-0.08375340379844298,-0.28101616376925265,0.3286010308733229,-0.05959208647950424,0.0059405248711499985,0.007610262065139791,-0.007839284225475012,0.0028075950580385926,0.969099945999268,0.0004473524023979412,0.006191701629376316,0.0030007848814331715
-0.12228779668546705,-0.1785358252728455,0.5517230294460802,-0.09370348491839095,-0.017280718715409475,0.011382578888799892,-0.012565659508852727,0.0014684755885968456,0.9716900654878183,0.0009990754318440216,0.0060694138326908495,0.0028222490561603257
-0.13123368508089872,-0.3887235927906606,0.44413097176450955,-0.11190318386906037,-0.014608667760514804,-0.028623166773801716,-0.010970431292123287,-0.0039587867112891246,0.9594283353447711,0.001443206403608531,0.00593818014760995,0.002433525463369665
-0.13429097269685053,0.003366048914584807,0.17406201231865767,-0.010889789949683011,0.022607086487481488,-0.047070415113643745,-0.010998508214439836,0.004662085033009725,0.9695467440802239,0.0016172684159271888,0.0058038891749131,0.00243689151228425
-0.11006469593914492,-0.051721546697616666,0.06576837260975141,-0.051534491045783545,-0.09346813590286304,-0.09751255361523753,-0.018469811717536887,-0.0035829765074041615,0.9738842524519936,0.00168303678853694,0.005693824478973955,0.002385169965586633
-0.2882264038394761,-0.2134748325717784,0.011836692808641719,-0.16690787200606183,0.07140743247686762,-0.07835921510514682,-0.012086459167964149,-0.002714665776712374,0.9654384900252727,0.0016948734813455818,0.0054055980751344795,0.002171695133014855
-0.3782482717944276,-0.10000360387824041,0.06286324055143766,-0.10010224894131729,-0.010866581205765558,-0.052229743722183995,-0.014187535132582096,0.0033529890903977464,0.9647461707158169,0.0017577367218970198,0.005027349803340051,0.002071691529136615
-0.32260916682017554,-0.37106693519869627,-0.1742775167764177,-0.15801987454709737,0.08468536147557357,-0.02163109736890073,-0.01948856157154731,0.010992312525707516,0.9678769528924068,0.0015834592051206017,0.004704740636519876,0.0017006245939379184
-0.4235272367667094,-0.18371206592979022,-0.20875490515068829,-0.07817200524860714,0.15521818613509808,-0.0827778741873766,-0.007705125191184413,0.0049292118813977675,0.961331501650279,0.0013747042999699135,0.004281213399753166,0.0015169125280081281
-0.27954089072063376,-0.05397046458557793,-0.19319231319244112,-0.1284656911955382,0.03544532130447775,-0.11781602984424468,-0.008412156059874136,0.00254696143726001,0.9663880606157302,0.0011815119867774726,0.004001672509032532,0.0014629420634225503
-0.3700122414531237,0.016213081241536087,-0.2698739224162082,0.033092247625693634,0.09091388845949071,-0.1026595720871021,-0.009894496568016595,0.003229359907738951,0.9664445372159987,0.0009116380643612641,0.0036316602675794084,0.0014791551446640865
-0.37942169370315715,-0.149823755787025,-0.2834654930463176,-0.08771720627281893,0.12195003459423613,-0.06111099769434455,-0.014963933685076288,-0.001442679941368452,0.9623134788986785,0.0006281725713149467,0.0032522385738762514,0.0013293313888770616
-0.5041161221424975,-0.06920253884450375,-0.3710812879184908,-0.04680226527356475,0.058802389838922185,-0.028907479584097465,-0.016508596577693418,0.0006407790557504221,0.9662476633280891,0.00025709128339645586,0.0027481224517337532,0.001260128850032558
-0.5013653075517127,-0.14521331633174517,-0.29881433795027207,0.051436183905011965,0.1210895591291062,-0.056263802387344415,-0.014794217914863846,0.001868432391389666,0.9696354623703447,-4.172305455381626e-05,0.0022467571441820403,0.0011149155337008127
-0.5497464383415134,-0.12098572176686696,-0.34684531711236033,0.009624656644938608,0.08844875900433025,0.015147347883823851,-0.012841014117105767,-0.005770656105902452,0.9624675565975226,-0.0003885683716661766,0.001697010705840527,0.0009939298119339458
-0.39616306968870524,-0.026815428680859496,-0.41741894800034707,0.00868283390752531,0.006330783640403985,-0.06180071821474622,-0.017814023719856683,-0.001630952352977453,0.9645509858871827,-0.0008059873196665237,0.0013008476361518217,0.0009671143832530864
-0.38513061951645955,0.013360228243000122,-0.37365578823478596,0.004478928146674521,0.09324995612744467,-0.025263074052707085,-0.01374937993935324,0.0018150945458621833,0.9696145775219901,-0.0011796431079013096,0.000915717016635362,0.0009804746114960865
-0.2905966494296589,0.15077454023038186,-0.28999516524066266,0.09483692730133568,0.054013134161088196,0.04895952748646978,-0.021448673375334903,-0.011280884729426238,0.9635424594441111,-0.0014696382731419725,0.0006251203672057032,0.0011312491517264682
-0.4304954254341962,-0.03823494746346928,-0.16183781732135955,0.046161852234507986,0.07684173788295035,0.06438038498513311,-0.010522766539946042,0.0030699201593551374,0.9577345713657457,-0.001631476090463332,0.00019462494177150687,0.0010930142042629989
-0.41186508222599055,0.10657824233819113,-0.19546777065458304,0.056228425774805704,0.004939565193203063,0.0015496585288231734,-0.020354207649608377,0.0038130940813040576,0.9596638729970682,-0.001826943861117915,-0.0002172401404544837,0.0011995924466011903
-0.22771956640562677,0.14201594122700853,0.0031632736069160325,0.09057945795547288,0.04376833539350637,0.12481662573135165,-0.013270453389654541,-0.003963511638934965,0.9624109708980609,-0.0018237805875109992,-0.00044495970686011046,0.0013416083878281986
-0.09001082355269109,0.15669378678553567,-0.0357814832752744,0.09649446880730016,0.01499967746498173,0.08738569570060206,-0.010101709702695305,-0.01008678431082269,0.9663346055130088,-0.0018595620707862735,-0.0005349705304128015,0.0014983021746137342
-0.33800165122673254,0.08448420806851395,0.18084178525232966,0.126552276429956,0.004822799714778512,0.08001368604771804,-0.021176179875834266,-0.0010080370497542567,0.9645022979456938,-0.0016787202855339436,-0.0008729721816395342,0.0015827863826822484
-0.11305012279941297,0.013010910891629479,0.2741425245485782,0.08676449912840926,0.04467583656364622,0.10484256063187887,-0.011026540403638901,-0.0009835470779387247,0.9575917178163855,-0.0014045777609853656,-0.0009860223044389472,0.0015957972935738776
-0.0007666347796542253,0.12065677823486663,0.15856288718504885,0.1226043463577618,0.009182262566746497,0.08599743934289876,-0.018729873080660812,-0.002077585028531755,0.9644993524024382,-0.0012460148738003165,-0.0009867889392186013,0.0017164540718087444
-0.07428654018257491,0.34494730848120625,0.22983605517072672,0.12574745400169765,0.08955104273872337,0.10685365253400012,-0.018154669206148586,0.001348651494499451,0.9615611527425401,-0.0010161788186295896,-0.0010610754794011762,0.002061401380289951
0.06404169830792011,0.02065091924359619,0.3562069610429308,0.002400235985397458,0.007706093394685247,0.08685634872906571,-0.012787100009773785,0.007880939596535555,0.9707607484787759,-0.0006599718575866589,-0.000997033781093256,0.002082052299533547
0.0230031606462357,0.1441436378788932,0.3846260889794427,0.061239541032155086,-0.05643585688396126,0.08366968094017223,-0.013858379921458084,0.004561150434571894,0.9630105842250377,-0.0002753457686072162,-0.0009740306204470202,0.0022261959374124405
0.0940768013686014,0.0572483524005081,0.16588872982718875,0.09848191576431639,-0.10519806525017264,0.0493812687680363,-0.011451278677436338,-0.0057747754103746225,0.9577396217187922,-0.00010945703878002741,-0.0008799538190784189,0.0022834442898129483
0.18057052997982453,-0.10948947709085968,0.2570630946810881,-0.05589150498123148,-0.04951969333483173,0.04046062779998054,-0.02001501980252773,-0.005216900900688635,0.9664395883480963,0.0001476060559010607,-0.0006993832890985943,0.002173954812722089
0.23581035426625274,0.09973703579740598,0.30982575212213903,0.002218418794443262,-0.044808846789866734,-0.0018902538799644656,-0.02051852588259521,-0.0004017206700221909,0.962723127363642,0.00045743180802319973,-0.0004635729348323415,0.002273691848519495
0.15089115733596487,-0.04766216006270507,0.28026237345344895,-0.07800619421023793,-0.031186977705728716,-0.016570787530598825,-0.014991643912113417,-0.004879934261563654,0.9652961909917814,0.0007376941814766487,-0.00031268177749637667,0.00222602968845679
0.456854183286606,-0.144246092221187,0.031098052192775782,-0.005240655862928754,-0.042740639213186736,0.015787638578450523,-0.006825788970913906,0.00142496446584215,0.9639565760864262,0.0007687922336694244,0.00014417240579022933,0.002081783596235603
0.28481271693445387,-0.22393958170136244,0.11962266580688383,-0.07966214273571134,-0.08753288601500933,0.015226666535876688,-0.01943030287544582,0.005479410819116906,0.9682051690669655,0.0008884148994763082,0.0004289851227246833,0.0018578440145342403
0.35250321620335934,-0.28208445263696835,0.08171170840753571,-0.052167888564252606,-0.034833479325099184,-0.03148376399785594,-0.011796009227556263,-0.008291324109325569,0.9709023121541328,0.0009701266078838439,0.0007814883389280426,0.0015757595618972721
0.3584146528918838,-0.19365968395969485,-0.14548879038023327,-0.13781376733920678,-0.07832368563140917,-0.07309067547838025,-0.020519827224256194,-0.0008054170537825389,0.9693684543991731,0.0008246378175036106,0.0011399029918199265,0.0013820998779375772
0.38603259275177215,-0.30091560619944635,-0.1284384032039595,-0.06992979719900408,-0.03631283259565764,-0.04776521041521353,-0.011245483827254852,-0.0021442269231369453,0.9669965701676277,0.0006961994142996512,0.0015259355845716987,0.0010811842717381307
0.34667900566112525,-0.3626186641373291,-0.31181097052428,-0.14130034891069784,-0.0764365801578319,-0.07880859263450486,-0.024213473015597516,-0.0024130579283671095,0.9689336602889632,0.0003843884437753712,0.001872614590232824,0.0007185656076008015
0.5622946321288587,-0.4229320875036639,-0.3173159742164596,-0.08356443818587582,-0.07633777103416003,-0.1468864650468916,-0.015288197267132693,-0.004482565315982981,0.9671155449056245,6.707246955891161e-05,0.0024349092223616827,0.00029563352009713756
0.6265515649855171,-0.2292448804265883,-0.23779115571025586,-0.10366251982668716,-0.05482309808154647,-0.12918462037496725,-0.012763756384251316,-0.020080291980059315,0.9643608819135704,-0.00017071868615134425,0.0030614607873472,6.638863967054925e-05
0.4339736316756107,-0.3551211622251498,-0.5593689937482201,-0.12948333094872788,0.04125814616845889,-0.09522096129726915,-0.022005813742450277,-0.0017030443965001725,0.9654054267269313,-0.0007300876798995644,0.003495434419022811,-0.00028873252255460054
0.4964087415920553,-0.29674959321352146,-0.5384928372404852,-0.15495737942602913,0.03184546737235983,-0.09723375188067208,-0.009547993669012792,-0.006288594272053797,0.9574443294559926,-0.0012685805171400496,0.003991843160614866,-0.000585482115768122
0.3671952252368219,-0.25106401602940837,-0.7088692445495323,-0.12549000084796735,-0.05609174499605091,-0.11220449901858089,-0.021930196808918355,0.0037047766414080316,0.9603321944408547,-0.0019774497616895817,0.004359038385851687,-0.0008365461317975305
0.23744369266266413,-0.2370783990564566,-0.824940272097285,-0.15137606723563704,0.021517036421605882,-0.059253620439463243,-0.012165451153473162,-0.007099358009594553,0.9713907200709271,-0.0028023900337868666,0.004596482078514352,-0.001073624530853987
0.5897118559236298,-0.37155612831602414,-0.6251144853546856,-0.1424165621075757,0.03135590029839349,-0.16727408450919384,-0.019672483725785117,-0.015375766050944817,0.9654175062650192,-0.0034275045191415527,0.005186193934437981,-0.0014451806591700112
0.47719763163448536,-0.12964957770428853,-0.3621077827773588,-0.13576741690136365,0.055496664584901226,-0.11483149476251171,-0.022355663212320073,-0.010051820696364476,0.9680992621537581,-0.0037896123019189112,0.005663391566072467,-0.0015748302368742998
0.04858909738148692,-0.358292141676254,-0.38097144114680864,-0.04098798792349451,0.06904189599622051,-0.07704981408511098,-0.020305831518137564,-0.0059607084641523835,0.9786059292392685,-0.00417058374306572,0.005711980663453953,-0.0019331223785505538
0.19879004318770832,-0.38799731282722083,-0.41674575567812294,-0.05170320964998374,0.021113035502520923,0.03139886282360788,-0.010084403983514954,-0.005256317403093644,0.9626426655153348,-0.004587329498743843,0.005910770706641662,-0.0023211196913777744
0.0933890684148091,-0.0968556633227621,-0.48204058898189006,-0.08890033324463176,0.12078800371705595,-0.020230433305394535,-0.016011013876914927,-0.004369712351409575,0.9720641945961895,-0.005069370087725734,0.0060041597750564715,-0.002417975354700537
0.16588847389078176,-0.1616648447518163,-0.32666557921183026,-0.020200119895181723,0.09212560337752634,-0.027470449940601306,-0.014026572012621192,-0.011989146888056922,0.959746258526204,-0.005396035666937565,0.006170048248947253,-0.0025796401994523533
0.23733791699582923,-0.005723026244216545,0.0025025617478612594,0.009077560532779269,-0.013693315048695838,-0.019191507052616665,-0.017779525107443874,-0.0056160355204462305,0.968004799362152,-0.005393533105189703,0.006407386165943083,-0.0025853632256965698
0.04621591729487394,0.1322497263241837,-0.0740436580373443,-0.03045079488609985,0.05771432483951425,0.0903213231215277,-0.016160755129345176,-0.006037893063346487,0.9627183442884325,-0.005467576763227048,0.0064536020832379574,-0.0024531134993723857
0.09582164712500195,-0.008401274146667637,-0.14481017363457566,0.0803121499417393,0.02444730349456811,0.05932044900124855,-0.01625240979192919,-0.0001456011450775216,0.962339054037021,-0.0056123869368616235,0.006549423730362958,-0.0024615147735190536
-0.027542389098333453,0.24913698743938467,0.14310976961452737,0.07396540344504052,0.12020766190003625,0.07633115549193424,-0.011715977027575236,-0.00819870299383547,0.9621822475226187,-0.005469277167247096,0.006521881341264624,-0.002212377786079669
-0.22358584076603216,0.03325094817236049,0.38082047591187485,0.12346698599214458,0.06798789792008628,0.08383553236232776,-0.01807707114026853,0.00024022524204502394,0.959412688325782,-0.00508845669133522,0.006298295500498593,-0.0021791268379073086
-0.22305440103751298,0.00702376158764248,0.22738238929765386,0.11996347599178796,0.040101840201015794,0.09713321466485213,-0.01690225268157334,-0.01135159826534592,0.9643004742825291,-0.004861074302037566,0.00607524109946108,-0.002172103076319666
-0.19328356223421417,0.2503560317716427,0.2919764532873717,0.08314649364675344,0.03990605824446508,0.08028065006588679,-0.020367483168896066,-0.016981801655467036,0.9678070160432346,-0.0045690978487501945,0.005881957537226866,-0.0019217470445480234
-0.13867801779007002,0.27345145714185876,0.4592394468230112,0.09534371408457373,0.03907528171324691,0.11032117815798193,-0.017036240772954663,-0.006280648569807125,0.9670090004389221,-0.004109858401927183,0.005743279519436796,-0.0016482955874061647
-0.22045608773916872,0.3049013109134252,0.5266849605282776,0.10324279055033374,0.028345997970926674,0.1611956440938821,-0.019754607866993863,-0.004131981731496459,0.9665421724909224,-0.0035831734413989042,0.005522823431697627,-0.0013433942764927394
-0.11417823583077472,0.38569922172661963,0.6429633713973791,0.17121599151996086,-0.04288549829444438,0.15578970028565775,-0.013936335836000187,-0.011023092839467237,0.9600752319543712,-0.002940210070001526,0.005408645195866853,-0.0009576950547661198
-0.14356276385575367,0.2504429209017905,0.48624876482075,0.14995228879730907,0.01556492581268198,0.18444243480891456,-0.018124340484878605,-0.017979195880953553,0.9688916320117918,-0.0024539613051807758,0.005265082432011099,-0.0007072521338643291
-0.30638717581895475,0.36149878544808806,0.6797233668995871,0.1452530868552051,-0.025924049828909574,0.13745638679220956,-0.016843555480317896,-0.009043243723634128,0.9620778346697689,-0.0017742379382811883,0.004958695256192144,-0.00034575334841624114
-0.16814884873011923,0.18470959362801775,0.5907404540985657,0.10952155471311491,0.04051040080355008,0.07709988972202957,-0.02651127757056637,-0.012750947322190306,0.9661894550320901,-0.0011834974841826225,0.004790546407462025,-0.0001610437547882234
-0.15599399204185044,0.14128779734251148,0.44134274866672846,0.11220832289310138,0.015301190618265917,0.0725525042964761,-0.01471937697983609,-0.01530540115941733,0.9657218795900981,-0.0007421547355158939,0.004634552415420174,-1.9755957445711875e-05
-0.20195303474823456,0.22140666978976092,0.36119236467243254,0.08230965181016413,-0.0607536154801832,0.06732365906643797,-0.01785851391017752,-0.005159334582405173,0.9650864319178217,-0.00038096237084346145,0.00443259938067194,0.00020165071234404903
-0.24500564718879178,0.18987337270884322,0.27336815553089294,0.0571034570672322,-0.06738875193987667,0.08026460448383185,-0.020883436914667052,-0.008731475230043431,0.9548983235975356,-0.00010759421531256847,0.004187593733483148,0.00039152408505289233
-0.2748157845516743,0.22665322126541818,0.1506087566119837,0.08706746217548399,-0.0022860158592402564,0.0428681681190643,-0.009032970932223217,-0.014228717167654024,0.9590217180171968,4.3014541299415235e-05,0.003912777948931474,0.0006181773063183105
-0.32473640524492586,0.06030355895053956,0.08271682698597473,0.06126333509194474,-0.04884773255922605,-0.033694323672825,-0.022451376521804175,-0.008268886116320179,0.9664290125345937,0.00012573136828538994,0.003588041543686548,0.00067848086526885
-0.2069055136954146,0.04442713837104478,0.04508861689976306,0.027572095746824662,-0.05902396742772034,-0.003110401239707168,-0.022530748427892246,-0.012028941176797347,0.9699596227859505,0.00017081998518515303,0.003381136029991134,0.0007229080036398948
-0.11634125259479691,0.0826436863588405,-0.04018464026315373,0.024376793624008054,-0.07481674363989449,0.020829756080254544,-0.01546470296986439,-0.012791554421775696,0.9565566033502594,0.00013063534492199929,0.003264794777396337,0.0008055516899987353
0.012645492471435253,0.027005358998440275,-0.03253587740182208,0.032431625143092786,-0.0847275227186673,0.02926286169237633,-0.03137736483023116,-0.015899542277786945,0.9652447580431827,9.809946752017722e-05,0.003277440269867772,0.0008325570489971755
0.009783176226605326,-0.23117903742587464,-0.251646258483195,-0.02768132429606557,-0.07243127225531686,-0.004008723433570121,-0.02306247099192726,-0.01642965732674165,0.9694378213752461,-0.00015354679096301778,0.0032872234460943777,0.0006013780115713008
-0.048606355027312795,-0.047712073164082616,-0.35871165489744283,-0.004246088930165728,-0.11061306099386709,-0.013105541710773933,-0.024922213357344687,-0.01790409542859459,0.9643619763789734,-0.0005122584458604607,0.003238617091067065,0.0005536659384072182
0.12582874409008687,-0.09578088067890284,-0.34734884429974133,-0.0759359320742199,-0.09818644422814249,-0.02097586058474815,-0.020111273780170635,-0.0063087932983621415,0.9668676636009629,-0.000859607290160202,0.003364445835157151,0.0004578850577283153
0.172947776064415,-0.06959709195606528,-0.3580100692634481,-0.02709448543540958,-0.11694720764609601,-0.03549720004740071,-0.01973910909089995,-0.014752816127901741,0.9564824984653617,-0.0012176173594236502,0.003537393611221566,0.00038828796577225
0.15466127635938942,-0.08653970776178613,-0.49287234378292966,-0.041720668656719896,-0.06915353537754178,-0.025116732576060022,-0.020756833370238387,-0.007060843007308772,0.9547105087922818,-0.00171048970320658,0.0036920548875809564,0.0003017482580104639
0.05049679227325779,-0.005906482807868457,-0.35263488150324174,-0.03987466557366606,-0.08202445420387626,-0.10829220013726411,-0.020242155127141247,-0.007018977446124595,0.961845202097513,-0.0020631245847098217,0.0037425516798542144,0.0002958417752025955
0.27233167190926366,-0.24166836088234175,-0.36942327488429544,-0.050873890543741654,-0.07254265762178143,0.02046275668438672,-0.02350666687661441,-0.020537374516999624,0.9532779835189421,-0.0024325478595941174,0.004014883351763479,5.417341432025372e-05
0.18977506380057865,-0.14865287556198242,-0.2478750759843022,-0.08171991963003095,-0.01129627492546033,-0.011695560921101614,-0.01706953931851973,-0.01903666564663031,0.9697237650091022,-0.0026804229355784194,0.004204658415564058,-9.447946124172872e-05
0.3717447281028388,-0.1789117026814938,-0.1936262235776527,-0.055178191023768,-0.03273954027261136,-0.026963915458140662,-0.01983042440262093,-0.010375779262347017,0.956461193939312,-0.002874049159156072,0.004576403143666897,-0.0002733911639232225
0.207232014237693,-0.1784267737978439,0.00413492034278784,-0.08745737365036496,-0.045973193546361646,-0.010955403945489545,-0.018163708425916043,-0.011335066032769854,0.958142895251769,-0.002869914238813284,0.00478363515790459,-0.00045181793772106635
0.18137528582470142,-0.3182552494173001,0.01568326926707793,-0.08672921841678818,-0.06495704186621001,0.006162030779060823,-0.02683087449900799,-0.016047958950942423,0.9622834682278922,-0.002854230969546206,0.004965010443729292,-0.0007700731871383665
0.2509847621705976,-0.18255094291569826,-0.02644412965918416,-0.059879899138639295,0.002458307537454334,-0.007579519171810328,-0.013396504909949905,-0.012018894124061753,0.9667769900637714,-0.0028806750992053896,0.0052159952058998885,-0.0009526241300540647
0.2755711572361098,-0.024019292977772458,0.17349350854403667,-0.11510740287116011,-0.010123970969822592,0.036357246351622366,-0.03162622020798357,-0.00865351614989152,0.9726885949379213,-0.002707181590661353,0.0054915663631359985,-0.0009766434230318373
0.3291223938233927,-0.01582144199394224,0.1657799707110293,-0.08383860930848402,0.012931457647527728,0.07497377170410564,-0.017305192980502527,-0.010722635526305072,0.964558150830285,-0.0025414016199503237,0.005820688756959391,-0.0009924648650257795
0.37726878856879126,-0.06300704426058684,0.18212286280757106,-0.021719022354208643,0.07892640908941591,0.09242929761892622,-0.015865861314824842,-0.018748658904343265,0.9641770343562311,-0.002359278757142753,0.006197957545528182,-0.0010554719092863661
0.14492797221742243,0.015341210970561736,0.24746055639386072,0.004222921477979398,0.054867677290338576,0.04680549418265323,-0.014781554406478471,-0.012563890862238943,0.9573811974135789,-0.0021118182007488925,0.0063428855177456046,-0.0010401306983158045
0.33989923340562717,-0.05193197947569081,0.317328609612794,-0.02340798386925906,0.09022289539969283,0.020801556356067917,-0.01547649581886401,-0.018991126228585807,0.9668783833740894,-0.0017944895911360982,0.006682784751151232,-0.0010920626777914952
0.31024487292038233,-0.04351202463665991,0.24798189014136407,0.0003073518821931976,0.010864580251862849,0.050644035381277104,-0.021142233764020586,-0.01110168123422174,0.9722445662172244,-0.001546507700994734,0.006993029624071615,-0.001135574702428155
0.15414079126011926,0.044391101123139216,0.40925261828503756,0.058888682286407736,0.010287358093856183,0.060369599296495775,-0.01890367345933494,-0.012965485306290093,0.9715007697830818,-0.0011372550827096963,0.007147170415331733,-0.0010911836013050159
-0.03328738486896374,0.35439269382716365,0.2090369629412932,0.11197486765129613,0.05691866543519497,0.04644660155135271,-0.021280629001104397,-0.014397305208875161,0.9673743477755257,-0.0009282181197684032,0.00711388303046277,-0.0007367909074778522
0.09973887059794649,0.016465975795725438,0.3229964406334442,0.07581399025716025,0.08936074074815634,0.08521526940359328,-0.01199425935778495,-0.014491693057088336,0.9594664170983892,-0.000605221679134959,0.0072136219010607155,-0.0007203249316821268
-0.04337090991054033,0.06371426905704015,0.4390350326222012,0.022909460340100465,0.0426832474549398,0.15320627180906793,-0.02442639153777952,-0.015762942941497778,0.960165758959535,-0.00016618664651275774,0.007170250991150176,-0.0006566106626250866
0.01645240291282718,0.16057697564284373,0.16843456934296308,0.06652340301491956,0.14429561136394392,0.06895382933141175,-0.02285269715656585,-0.01784033762666433,0.9646857814945136,2.2479228302053624e-06,0.007186703394063004,-0.0004960336869822429
-0.1806614360160019,0.1349227799175241,0.24951446963179671,0.07017404096608026,0.0950462801713324,0.05267195646847187,-0.022358680769900503,-0.01556745697291807,0.9621906640330873,0.00025176239246200207,0.007006041958047,-0.0003611109070647188
-0.24351681076346682,0.15106486826445897,0.10918644539247976,0.16563981575320316,0.07420375409177346,0.0454424221922723,-0.022316564633208608,-0.011458768997823374,0.9544703769751198,0.00036094883785448185,0.0067625251472835345,-0.00021004603880025983
-0.15509034839498256,0.16422867275496952,0.008437186783876324,0.11464888716635901,0.017673267581623693,0.05206959431387003,-0.016617645469243776,-0.013926295794700365,0.9676838385939365,0.00036938602463835817,0.006607434798888551,-4.581736604529027e-05
-0.03725118685573506,0.36952698760788844,-0.10469623189894757,0.07147745665812712,0.14630605705183475,0.023244650614580066,-0.01064437364721962,-0.014964203633537777,0.9659660665511164,0.00026468979273941065,0.006570183612032817,0.0003237096215625982
-0.3430386825926752,0.22983258577196197,-0.25159271008826134,0.09555902421988452,0.13526279508610528,0.024337790069308987,-0.012455219198372752,-0.021819268263587488,0.9642613776496664,1.3097082651149283e-05,0.0062271449294401425,0.0005535422073345602
-0.45506466223003533,0.14772893748382834,-0.2992047481347952,0.07466385621981214,0.07490082120337734,0.01939888687646444,-0.02289712022764184,-0.014018788542050997,0.9633226095915279,-0.0002861076654836459,0.005772080267210107,0.0007012711448183885
-0.39074627617101804,0.010853221797091445,-0.4052527209223833,0.023153985204817536,0.0788596398866062,0.004518737921150115,-0.01855389259582817,-0.017395955524219665,0.9681565364008786,-0.0006913603864060292,0.00538133399103909,0.00071212436661548
-0.3346003339561061,0.29779992023809004,-0.4019310757075004,-0.012722015312110799,0.13658326332119755,-0.06849441674202673,-0.024058145834879422,-0.021170539322451262,0.9620660409258571,-0.0010932914621135294,0.005046733657082983,0.0010099242868535701
-0.2712667403903338,-0.03711256676008523,-0.3995729537304426,0.03568649795968119,0.06811565093674685,-0.06782283663265701,-0.02225208424371844,-0.012177236949151609,0.9622688191619625,-0.001492864415843972,0.004775466916692649,0.0009728117200934849
-0.38419163703838277,0.06889815125742663,-0.39161493619771326,0.0301514918812506,0.032883628425258125,-0.0415809218979371,-0.013512884190615509,-0.011268992989136604,0.9670773287834168,-0.0018844793520416854,0.004391275279654267,0.0010417098713509114
-0.3931923765381715,-0.004523113611364897,-0.5054191642454295,-0.03293952641563922,0.06433202438961369,-0.11158010639396428,-0.030998203433366515,-0.021236147072567015,0.9599815363664201,-0.002389898516287115,0.003998082903116095,0.0010371867577395467
-0.447493720213134,-0.011714133751432671,-0.44739057076409844,-0.010646695977761323,0.05353114492437523,-0.12626840426534391,-0.020673786970726034,-0.01968654659360455,0.9700929806103444,-0.0028372890870512137,0.003550589182902961,0.001025472623988114
-0.49634587706290245,-0.1208977127504677,-0.5140349514761097,-0.012701597368284724,0.049965695393916036,-0.11325603677826687,-0.01316041022530879,-0.016801831263665364,0.9683388178571916,-0.003351324038527323,0.0030542433058400585,0.0009045749112376463
-0.5231370805339978,-0.1537639646815645,-0.5492260451395506,-0.09368756284301778,0.056354396882481124,-0.1201688615996283,-0.014821473302481234,-0.01935269678546435,0.9601161691508309,-0.0039005500836668742,0.0025311062253060602,0.0007508109465560819
-0.3872964469126347,-0.10653842210023758,-0.3856070953563276,-0.045683595559754736,0.01555026974196766,-0.13902228970110198,-0.02017941351372582,-0.0163939008588427,0.9627339638887051,-0.004286157179023202,0.0021438097783934257,0.0006442725244558443
-0.42985785523441405,-0.13318769807587605,-0.33209356952753205,-0.07911891412898782,0.06569147754820118,-0.03973331919126361,-0.009670955839404687,-0.014807096356158327,0.9756068591460801,-0.004618250748550734,0.001713951923159012,0.0005110848263799682
-0.4511595743736799,-0.29248003224901953,-0.3670958100493368,-0.1070924598702206,-0.12688777464857298,-0.1708624705254,-0.028961740537847263,-0.01837593349574773,0.9597325761855817,-0.004985346558600071,0.001262792348785332,0.0002186047941309487
-0.2753229924582397,-0.2574322689533402,-0.3349797801775608,-0.1353674564049856,-0.024537686354090572,-0.03923072573228386,-0.02801547108712882,-0.012944058484488031,0.9673950185780441,-0.005320326338777631,0.0009874693563270921,-3.8827474822391515e-05
-0.27744180306796107,-0.333490817348632,-0.1384997210584828,-0.12815736433045227,0.024000089483131475,-0.05435323073077205,-0.018217585878282178,-0.010558579861734163,0.9584336256399312,-0.005458826059836114,0.0007100275532591311,-0.00037231829217102355
-0.3437897932334714,-0.3421826174371619,0.05329592298658349,-0.12053532670910005,-0.04954451649216859,-0.02180599538189444,-0.012461656358256589,-0.017529776647200138,0.970714420121362,-0.00540553013684953,0.00036623776002565975,-0.0007145009096081854
-0.17090955943709632,-0.25879921431392655,0.1397943816469611,-0.14110858291983144,-0.04898159211040397,-0.11810802196636967,-0.00687086831254601,-0.008681809495545438,0.9587698712297249,-0.0052657357552025694,0.00019532820058856343,-0.000973300123922112
-0.30025621240192735,-0.2895316021293058,0.20261203340464334,-0.12225832913122991,-0.05204688099751499,0.014531031304999087,-0.02348430298495924,-0.024579771654646455,0.9575881720672862,-0.005063123721797926,-0.00010492801181336395,-0.0012628317260514176
-0.13969462353390985,-0.2784264398437773,0.29009383680060097,-0.15813172464414865,-0.08596575191159907,-0.012903380980397979,-0.019171000390163062,-0.01593322757011265,0.9745580807852171,-0.004773029884997324,-0.0002446226353472738,-0.0015412581658951951
-0.1780242096854611,-0.2869595497454214,0.2713796097026542,-0.1308634901956928,-0.06990451854830973,0.08559716173184827,-0.01956639891636377,-0.021391789898885755,0.9619267984534124,-0.004501650275294671,-0.0004226468450327349,-0.0018282177156406162
0.11279252796916005,-0.4978907529649901,0.4698349812143007,-0.030465318815388408,-0.05583707079579137,0.04782895884877659,-0.023511289227112826,-0.021994162474808645,0.9639437439316276,-0.00403181529408037,-0.00030985431706357486,-0.0023261084686056065
0.02222506315576918,-0.1630195173773361,0.6857546613252306,-0.13102798681849326,-0.037225777870068075,0.04363157739016484,-0.025659872224627733,-0.01765059114499274,0.9590995920469088,-0.0033460606327551396,-0.00028762925390780566,-0.0024891279859829423
0.22120376812133025,-0.19873230757043633,0.578591112050472,-0.11759987732542568,-0.03519528198478419,0.1057801293093525,-0.007562657979854942,-0.021988110155191358,0.9651017290133901,-0.0027674695207046676,-6.642548578647539e-05,-0.002687860293553379
0.15468763394552254,-0.011905129430791223,0.4354293934313048,-0.09034421337113234,-0.03520972542809932,0.08037977543920617,-0.018132586518412985,-0.01954960738166388,0.9607457122387406,-0.0023320401272733625,8.826214815904715e-05,-0.00269976542298417
0.34799170071028507,-0.11591905629245487,0.6370413373787999,-0.09189268713406257,-0.019011133392877504,0.11882426869654981,-0.018773133768690185,-0.014733840682084796,0.9642083869173648,-0.0016949987898945626,0.0004362538488693322,-0.0028156844792766246
0.4599502359337583,0.028373147105194327,0.5170081997861096,-0.037146184327094156,-0.0033776765397375997,0.06879067158841949,-0.011719266454091515,-0.02740827770262146,0.9654566654550791,-0.001177990590108453,0.0008962040848030906,-0.0027873113321714303
0.2678439692233072,0.04946396157583427,0.5722958632063928,0.03631924906252297,0.029741369612987133,0.08625615486127557,-0.01743838105006542,-0.023307820680427745,0.9623667472074138,-0.0006056947269020603,0.0011640480540263977,-0.002737847370595596
0.27411646588353067,-0.06110800617132227,0.3064532168049432,0.026134500043321976,0.025820594359542384,0.11667459434082562,-0.017756057945320407,-0.024870128196408776,0.964266069486277,-0.0002992415100971171,0.0014381645199099285,-0.002798955376766918
0.3796522519375564,0.1016150419518407,0.27565683721587786,0.0882266889205546,-0.001445435274188904,0.17256817035011904,-0.02209199323433346,-0.024076391164751337,0.9566145681281402,-2.3584672881239222e-05,0.0018178167718474849,-0.0026973403348150775
0.47787827468809657,0.26935140017106374,0.23866029817255585,0.028026946606610988,-0.013720326440737774,0.16443096238821028,-0.026505853110179382,-0.027258248705178068,0.9690969916751241,0.00021507562529131665,0.0022956950465355813,-0.0024279889346440135
0.36552044227596464,0.15572526446652474,0.34090919337756487,0.05640175285562969,0.04885444271148057,0.09042257574250259,-0.019218805624374734,-0.025719429358432685,0.9648623683526574,0.0005559848186688815,0.0026612154888115466,-0.002272263670177489
0.4139664483514171,0.15989284824857353,0.12625857110157862,0.12166518689489225,0.03136837371563131,0.08707900327838536,-0.015503344163561441,-0.023338540456462886,0.9687768094670373,0.0006822433897704602,0.0030751819371629633,-0.0021123708219289157
0.5455415402880788,0.3081010292109583,-0.07965736314500099,0.08320026630744044,0.10647265685707515,0.16256081804138534,-0.01631230521198842,-0.01827444484370199,0.9636482205127928,0.0006025860266254591,0.003620723477451042,-0.0018042697927179573
0.4825480034465118,0.2228629548671553,-0.027940687235451317,0.14728746011300092,0.02564720650506435,0.11618906936424504,-0.01442389756599767,-0.014247105955554049,0.9620039328727721,0.0005746453393900077,0.004103271480897555,-0.0015814068378508022
0.27151892025195257,0.44523759670523466,-0.15807394048521334,0.09143756959782685,0.026088938560005825,0.1378562282373863,-0.01955660981360958,-0.024539745204943335,0.957285683070969,0.0004165713989047944,0.004374790401149507,-0.0011361692411455673
0.19200843933783907,0.25376739250308306,-0.17649039000591327,0.07874837715219177,0.029701074932717786,0.10686117855996692,-0.030301746374408994,-0.03104604730628748,0.9587792328702708,0.00024008100889888115,0.004566798840487346,-0.0008824018486424843
0.4225243652527327,0.285815428211348,-0.2250864466538254,0.20521409537539861,0.1047016962103434,0.11366685199591006,-0.01757022072081003,-0.02172568677992701,0.9634644336834628,1.4994562245055715e-05,0.004989323205740079,-0.0005965864204311364
0.5645074005552309,0.4309009873475506,-0.2711681001157559,0.13701649743978478,0.06144912469160155,-0.034070707888072656,-0.018310351047600537,-0.01977058553795929,0.9560015488580104,-0.0002561735378707002,0.00555383060629531,-0.0001656854330835857
0.2440597269130258,0.4916911704337156,-0.38572804649270903,0.17228864573603722,0.06510024505496637,0.03092473570313272,-0.016281230506990353,-0.019882945854883892,0.9570084121120733,-0.0006419015843634093,0.005797890333208336,0.0003260057373501299
0.48658755309817203,0.29947115683916753,-0.34496130843627415,0.13272300236874424,0.10827801321624053,-0.023529414955095404,-0.012975887796164137,-0.025874423083966716,0.959806066057538,-0.0009868628927996836,0.0062844778863065075,0.0006254768941892975
0.2872871588209876,0.32991742179839795,-0.3746140103937401,0.09764592744703425,0.09894480132327448,-0.001556944612080351,-0.01634598708575057,-0.032008406415720864,0.9567474702047429,-0.0013614769031934236,0.006571765045127496,0.0009553943159876955
0.17450645288920463,0.3774636928002315,-0.5407278202035544,0.16070824961753455,0.05603865754631148,-0.05733628056215275,-0.01962862159494367,-0.023210900361257086,0.9584510804300923,-0.001902204723396978,0.0067462714980167,0.0013328580087879271
0.18508579151024177,0.1225147065917426,-0.08098329227602716,0.013870714341681285,0.040905734723888025,-0.05650506787878152,-0.017102231778124054,-0.024902976515137332,0.9608216927394694,-0.0019831880156730053,0.006931357289526942,0.0014553727153796697
0.15020250815741085,0.06511325450121147,-0.19511997437510273,0.05338158488337791,0.08440101402394569,-0.030698333601650335,-0.026710190534688562,-0.027434312787232594,0.9607484035779615,-0.0021783079900481077,0.007081559797684352,0.0015204859698808811
0.0752773193822864,0.014515599209563676,-0.1108854331984459,0.023403565803560275,0.037653645786523395,-0.00147451234246033,-0.020615734556866865,-0.02096067706293469,0.9687854796920505,-0.002289193423246554,0.0071568371170666395,0.0015350015690904447
0.07361789628313858,0.17952922800309634,-0.08924794829166041,0.06018850645352164,0.0021221698830542366,-0.01723376583695438,-0.022012931353651222,-0.020534617088605687,0.9541991579199012,-0.002378441371538214,0.007230455013349778,0.0017145307970935408
-0.08800684043735253,0.056465210203433286,-0.0831488683521127,0.07660233508660605,0.027810045780448444,-0.02689737421870031,-0.02403718304028122,-0.02265412990393201,0.9557455073581184,-0.0024615902398903273,0.007142448172912425,0.0017709960072969742
-0.09709709493501673,0.0011942081842331344,-0.02610776567507167,0.0021122876043437946,-0.026159618305226076,-0.1080491546518313,-0.02680213118817682,-0.02976494500166972,0.9488834976002531,-0.002487698005565399,0.0070453510779774076,0.0017721902154812074
-0.2299299580694577,-0.08156360683795505,0.09605339603640899,-0.0011336555373938732,-0.03172835998311183,-0.07194087384654255,-0.015024095735384506,-0.026160093475417694,0.9608460501128275,-0.00239164460952899,0.00681542111990795,0.001690626608643252
-0.14404016791683605,0.02214319541997639,0.24217274227895857,0.00344574227407129,-0.0450257275028115,-0.05773272953411455,-0.02868317974266625,-0.018441647372490058,0.9601204859550679,-0.0021494718672500314,0.006671380951991115,0.0017127698040632286
-0.05570195906263234,-0.15501531720217965,0.16845248723060685,-0.06784137989863424,-0.05206538869278157,-0.04324534221501628,-0.024782911736209542,-0.021266354035587798,0.9567852654266498,-0.001981019380019424,0.0066156789929284815,0.001557754486861049
-0.2901842446769605,-0.07922145960474489,0.2954077451503938,-0.03335170068277261,-0.01473447313349148,-0.030854460950572572,-0.023347195642090052,-0.014953694983100889,0.9622557173801484,-0.0016856116348690304,0.006325494748251522,0.001478533027256304
-0.363937904020785,-0.04294614214727688,0.300105736091415,-0.16613211868948818,-0.029155987956029285,-0.056711377594932215,-0.023297538868575943,-0.024518602746145996,0.9582544462877223,-0.0013855058987776155,0.005961556844230736,0.0014355868851090273
-0.22345895203738025,-0.3589476251924648,0.3836580286901401,-0.12132172476698352,-0.06322825704114109,0.013232750475526286,-0.01693032167423942,-0.020860785252674496,0.9638472320284609,-0.0010018478700874753,0.005738097892193356,0.0010766392599165626
-0.4887299565293695,-0.33514148851507397,0.1523336123219904,-0.06360799198282159,-0.08829163757715626,-0.004098039532204211,-0.01281008170519422,-0.030041719671808916,0.9587367772741032,-0.0008495142577654851,0.005249367935663986,0.0007414977714014885
-0.2158324652028807,-0.26292937913563613,0.3216343471152934,-0.07124265122579698,-0.0593600683942855,0.05799521317707315,-0.012017527820121611,-0.028255110701207564,0.9538021402207529,-0.0005278799106501916,0.005033535470461106,0.00047856839226585236
-0.30763258113679726,-0.031220507167245587,0.2636187616685061,-0.13638511792724778,-0.10637891757393683,0.04573955615718089,-0.02194706345924836,-0.026782484486554684,0.9535530110172413,-0.00026426114898168545,0.004725902889324308,0.00044734788509860667
-0.25495912703261314,-0.25989979275605996,0.16375411142270205,-0.09250959534532817,-0.1324232297412156,0.031148679668066108,-0.02146283052439083,-0.021867331447325368,0.9636118364202765,-0.00010050703755898341,0.004470943762291695,0.00018744809234254672
-0.35320330081936413,-0.1833098279442556,0.04484559976744004,-0.09677476390608743,-0.027358149763428746,0.08651300375085648,-0.017255922079552195,-0.024764134736140503,0.9517506127661362,-5.566143779154337e-05,0.004117740461472331,4.138264398291126e-06
-0.1889084918104778,-0.08563113097298816,-0.11721850590366464,-0.07245550533389665,-0.050824007336477496,0.10925255506254224,-0.022826785680772795,-0.03311339885385595,0.9592389512532034,-0.00017287994369520802,0.003928831969661853,-8.149286657469705e-05
-0.0679101078080821,-0.09062934742055241,-0.05456327360760761,-0.08251079777185316,-0.06074861909268742,0.04493921545983018,-0.027624582078187698,-0.03372064956795215,0.9596448454143467,-0.00022744321730281563,0.0038609218618537717,-0.00017212221399524948
-0.2754691982689695,0.08207574717101568,-0.26766070289760213,-0.057597862122259334,-0.09335164784428719,0.06025013077376684,-0.019575556603003558,-0.025215926135568265,0.9615401441179284,-0.0004951039202004178,0.003585452663584802,-9.00464668242338e-05
-0.04432690698790778,-0.09905809436193996,-0.08936153567083552,0.0348907059334514,-0.04858855804311275,0.0575937680926577,-0.010264756816235501,-0.02335848323926876,0.9568389665614848,-0.0005844654558712533,0.003541125756596894,-0.00018910456118617375
-0.13314726590890386,-0.19146223843373042,-0.3391334043658005,-0.00648022538556511,-0.06920469150561964,0.06459338981442195,-0.010421419240254127,-0.033217744032634985,0.9655849827768648,-0.0009235988602370538,0.00340797849068799,-0.00038056679961990413
-0.19607074473114386,0.02397600402706926,-0.2712226029283493,-0.028155817723771324,-0.021736631092875977,0.06715110286635276,-0.022303009052507594,-0.03263420491318644,0.9616287353021504,-0.0011948214631654032,0.0032119077459568466,-0.00035659079559283494
-0.07637772235516488,-0.10786760039360029,-0.3405135719575437,0.04769515649967793,-0.057406194577641755,0.01681737472797814,-0.018563799808854416,-0.026448130167264414,0.9498580388660003,-0.0015353350351229467,0.0031355300236016815,-0.0004644583959864352
0.03924648930368259,0.23108966639971767,-0.6658560603306853,-0.04711855120193654,-0.09091591138606542,0.10157548520648424,-0.018022629666453124,-0.03177888724153789,0.9607911640996151,-0.0022011910954536323,0.0031747765129053643,-0.0002333687295867175
0.09145000627688812,0.07348557946224989,-0.5582547905767149,-0.025410008489072034,0.03200749547433414,0.009707973683890992,-0.025244943660718857,-0.021507430468553794,0.9574084103388186,-0.0027594458860303473,0.003266226519182252,-0.00015988315012446764
0.17924720536372654,0.1873190748191583,-0.8238628650727198,0.07985296091435794,-0.046004564480829034,-0.017361627538885316,-0.02166384986641147,-0.02108235728612106,0.9580992363437183,-0.0035833087511030672,0.0034454737245459784,2.743592469469067e-05
0.07186225860832457,0.21037138013641282,-0.6189628101317102,0.11662606351108931,0.09242196329602743,-0.021771846480388414,-0.01954723707960415,-0.02035199177874731,0.9697071793075406,-0.004202271561234777,0.003517335983154303,0.0002378073048311035
-0.14400498460298625,0.1277778471059805,-0.5894419188050831,0.09829672844276291,0.04769576571578172,-0.021646337551125515,-0.014573348344203284,-0.02809213389044328,0.9567839398178248,-0.0047917134800398616,0.003373330998551317,0.000365585151937084
0.248461790205414,0.1322165719419227,-0.46443057694491807,0.1226979449370879,0.036815288423834615,-0.06087359547919197,-0.025189119689674376,-0.031865370131114346,0.9590946631677522,-0.005256144056984779,0.003621792788756731,0.0004978017238790067
0.19416449018073945,0.14416928540680812,-0.2966912621201968,0.09753273680649462,0.07356875375182798,0.00901797360513489,-0.02417140184254147,-0.033597742446113285,0.9598825278629726,-0.005552835319104976,0.0038159572789374704,0.0006419710092858149
0.2716824227817996,0.31857118232978293,-0.31977818033596755,0.05663675214198367,0.04997829268106749,-0.08234817284167613,-0.011206963758139494,-0.02268645179753436,0.9632203137622509,-0.005872613499440943,0.004087639701719269,0.000960542191615598
0.34510161130261696,0.22557735495486853,-0.2557828810407693,0.0639854274605885,0.012437741612441423,-0.043658361090015786,-0.023042751210897904,-0.023942918664868168,0.964280895279242,-0.006128396380481713,0.004432741313021887,0.0011861195465704664
0.3147802894176406,0.11937394212650482,-0.09805028349708203,0.10142932670777599,0.10612295457841137,-0.08903846406925334,-0.01816015369365034,-0.03331186135704225,0.9522232053119694,-0.006226446663978796,0.004747521602439528,0.0013054934886969714
0.27268525728789744,0.1703922410186208,0.11442379398387365,0.05038932314095004,0.11966091345368995,-0.12938937138946077,-0.012591332096196135,-0.028342859247195946,0.9568461175769051,-0.0061120228699949215,0.005020206859727426,0.001475885729715592
0.22493800992358137,0.01249554491052117,0.17099728627820526,0.03173236654437431,0.0831245559540724,-0.15933445020676784,-0.026383083153543846,-0.03513500271818608,0.9626410583702296,-0.005941025583716716,0.005245144869651008,0.001488381274626113
0.41454698513226707,0.007566726286986528,0.128417609632908,-0.0015840384674087726,0.0909207538541008,-0.09831383607849298,-0.013893205614183262,-0.024244258906585343,0.9604808784795154,-0.0058126079740838076,0.005659691854783274,0.0014959480009130994
0.14376561717765957,-0.10238400650497653,0.3732293568742939,0.04442019846928205,0.048027772683824264,-0.08961639141960755,-0.007593725013190644,-0.0327096642559786,0.9623189743487855,-0.005439378617209514,0.005803457471960934,0.001393563994408123
0.22167112519813267,0.0243497388248603,0.19295783997983945,0.12131321915757033,0.07932606632793705,-0.09759804286008554,-0.021183695884347528,-0.03169077717889268,0.9578570563528079,-0.005246420777229675,0.006025128597159066,0.0014179137332329833
0.3820508415906789,-0.16869721905066445,0.4373333407453733,-0.018284571350752968,0.03447185605026238,-0.0508692277052887,-0.023920415679874768,-0.027657613243086875,0.9728483061997286,-0.004809087436484301,0.0064071794387497456,0.001249216514182319
0.14581463976732212,-0.03153355509552975,0.4720059563289777,-0.023288226587921824,0.13734605314860465,-0.11273577326393748,-0.025485283396804993,-0.033543171866183163,0.9643328129597283,-0.004337081480155323,0.006552994078517067,0.001217682959086789
0.03422006844338302,-0.0014222874151873094,0.6358250821430123,-0.06728695908511499,0.026300887101219722,-0.12141778687741052,-0.020826431576608392,-0.03100214637053259,0.9640950338167067,-0.0037012563980123115,0.006587214146960451,0.0012162606716716018
0.08807012474318339,-0.32126241596651367,0.702762869057153,-0.05647675131738434,0.12221143167862535,-0.06863531734535754,-0.023276308958757617,-0.027300013890692112,0.9608777879223273,-0.002998493528955158,0.0066752842717036345,0.0008949982557050882
-0.055412053635408784,-0.11210889263441431,0.6022286291461657,-0.040983143317363954,0.10111041563781506,0.03796457717503495,-0.014596005384790972,-0.02896236573012726,0.955897367415622,-0.0023962648998089925,0.0066198722180682255,0.0007828893630706739
0.03352873041965772,-0.3173676760396169,0.655868843326969,-0.16841456649089157,0.07637784097220077,0.05312155195365122,-0.01887053548795209,-0.031738749925333404,0.9609572235234645,-0.0017403960564820232,0.006653400948487882,0.00046552168703105704
0.06087057025657154,-0.2951182541840947,0.5180615454733568,-0.15100580236983177,0.005175228204438391,0.04485977889316859,-0.014212821088237296,-0.026163514044644932,0.9644163340036641,-0.0012223345110086664,0.0067142715187444545,0.0001704034328469623
-0.14618784362682063,-0.2600283358311046,0.5181749398888431,-0.19512693827108313,0.025548151643211926,0.05633499000329337,-0.019082083263725902,-0.02149261901854,0.9694931978972918,-0.0007041595711198232,0.006568083675117634,-8.962490298414227e-05
-0.05203313269811903,-0.253621602863078,0.22230197652863629,-0.09872296128745588,-0.003030144963734714,0.0805500208033068,-0.014024088768824276,-0.02930060246625928,0.9644776047410375,-0.0004818575945911869,0.0065160505424195145,-0.0003432465058472203
-0.25846912487045454,-0.42448994740597973,0.3094888228297937,-0.13673674874217184,-0.0046425847265557305,0.1528887856409294,-0.010873681909712545,-0.02890244011761492,0.9597385274628443,-0.00017236877176139326,0.00625758141754906,-0.0007677364532532
-0.023452773441020675,-0.4392058336596185,0.33290956899464963,-0.1768150435595691,-0.05280977342131972,0.10998848334398602,-0.017219239213331787,-0.025921704521602525,0.9524305029260812,0.00016054079723325638,0.00623412864410804,-0.0012069422869128187
-0.1481910806340752,-0.3518498936516587,0.12361701130462269,-0.07063186034936078,-0.04706252387367707,0.09665895522280843,-0.01050557084678298,-0.028721046968299073,0.9630625497651225,0.0002841578085378791,0.006085937563473965,-0.0015587921805644772
-0.46430577002208595,-0.22749674856958563,-0.04858629691089543,-0.17661034722434238,-0.023772632048392264,0.18391092138740228,-0.016657335938893875,-0.02629984383116265,0.9595406865072172,0.00023557151162698368,0.005621631793451879,-0.001786288929134063
-0.4242226360320998,-0.18998413342538173,0.11412923661087149,-0.15661147692838726,0.055406834644108616,0.19051135235100344,-0.017682061796747806,-0.030517235200305345,0.9578130526925817,0.0003497007482378552,0.005197409157419779,-0.0019762730625594448
-0.3740128586619318,-0.09305963517397539,-0.1399600834685267,-0.034338243761780476,-0.11369002374200265,0.16062621008312788,-0.02129040211476376,-0.03825390255822072,0.9733978430192048,0.00020974066476932846,0.004823396298757848,-0.00206933269773342
-0.5862635594224674,-0.11325708212748337,-0.340833712379887,-0.07969566697048351,0.028332821429588376,0.13734854130312424,-0.020458436305630275,-0.03635491154406909,0.9563976315708433,-0.0001310930476105586,0.0042371327393353805,-0.0021825897798609037
-0.37970910458306095,-0.40034982042295425,-0.3671121831722046,-0.012102564382986292,-0.019775910689704475,0.13201500514655107,-0.01489928777459992,-0.029357316648214237,0.9574340610169881,-0.0004982052307827633,0.0038574236347523197,-0.002582939600283858
-0.3992869619503725,-0.20096534017850748,-0.3502186318632793,-0.0016329543666910593,-0.08562884619908309,0.1257980080117316,-0.013338230699464996,-0.030238337438414458,0.9654198769758956,-0.0008484238626460425,0.0034581366728019475,-0.0027839049404623658
-0.4043130361419762,-0.1392499098272434,-0.21952719300121298,-0.0802072119608486,-0.044041686087931575,0.13252093216550528,-0.022410228926348877,-0.031113160860698097,0.956027999010627,-0.0010679510556472556,0.003053823636659971,-0.002923154850289609
-0.5266511072342508,0.011971642392573839,-0.15857546769602432,-0.02823101367226371,-0.04856683000405244,0.10213127706997256,-0.019040617097187563,-0.03505559652104501,0.9579097889851722,-0.0012265265233432799,0.0025271725294257205,-0.002911183207897035
-0.34059359783166365,0.12617963231714024,-0.5988861318698708,0.015902383353057752,-0.01619164245401828,0.10587699351277866,-0.017621714353054218,-0.029604155297475006,0.9675145466678875,-0.0018254126552131507,0.002186578931594057,-0.002785003575579895
-0.5351946623963073,0.16201667166545705,-0.2559564329494403,0.03557133611679751,-0.06232399281265355,0.0763070685732811,-0.027604690746952855,-0.03990877413370697,0.9475037474419806,-0.002081369088162591,0.0016513842691977497,-0.0026229869039144376
-0.2588758882086264,0.18746253830681797,-0.3908248228866903,-0.014375830207788428,-0.05758248452102719,0.14106648003507832,-0.017063466381514885,-0.02995170442582773,0.968487129361633,-0.0024721939110492813,0.0013925083809891233,-0.0024355243656076202
-0.4129883497098381,-0.02730162293587285,-0.3152917995341217,0.029059066357359137,-0.05851799283867785,0.04413214800722515,-0.014630447998721614,-0.02813361425987957,0.9633803062213108,-0.002787485710583403,0.0009795200312792852,-0.0024628259885434924
-0.22647565492424357,0.279529883070161,-0.08441831940307618,0.09664192739682542,0.023864094040063535,-0.020787763729943114,-0.024523277719736485,-0.020276666990928532,0.9667473263211293,-0.0028719040299864797,0.0007530443763550416,-0.0021832961054733314
-0.2891877932901417,0.18449296253273756,-0.08912854106248269,0.07349353993621849,-0.06111547003468718,0.007167537038684517,-0.016031261044087163,-0.02459924384074047,0.9606135190995462,-0.002961032571048962,0.00046385658306489987,-0.0019988031429405938
-0.32122644196849426,0.2606156440903597,0.06934386917043305,0.13929443435918096,-0.05569620718835145,0.009374814912266124,-0.02624278311676717,-0.02089364179085303,0.957497520771616,-0.0028916887018785296,0.00014263014109640554,-0.001738187498850234
-0.10133204885436277,0.32226535530060063,0.03692040945994294,0.1499011057462777,-0.0410834264803523,-0.08771362564376584,-0.009336090285686192,-0.03261244984394341,0.9639342897099993,-0.0028547682924185865,4.129809224204278e-05,-0.0014159221435496331
-0.22777189632471664,0.31857798149775485,0.07685823014325587,0.10719903389760412,-0.019475757568598182,-0.0734009915653196,-0.01814344513743488,-0.029124581401338886,0.9591010636516456,-0.0027779100622753305,-0.00018647380408267389,-0.0010973441620518783
-0.10016095882740139,0.1627738172195718,0.16119730521008738,0.10242830970872085,-0.022246823217454133,-0.0183070596820063,-0.023305711148756916,-0.03874949935434501,0.9643478238828178,-0.002616712757065243,-0.0002866347629100753,-0.0009345703448323064
-0.06797173733515983,0.3731324746683677,0.02613281669925202,0.07558103684561507,0.013828297058532606,-0.16410036905446174,-0.010305340604287344,-0.03434538179530312,0.9658224500289658,-0.002590579940365991,-0.00035460650024523514,-0.0005614378701639387
0.11689800057171652,0.1518936536425532,0.3345226403801225,0.20043554277374329,0.10940208388961124,-0.08908091907201675,-0.014792138794624356,-0.03304002269784819,0.9548717845045049,-0.0022560572999858687,-0.0002377084996735186,-0.0004095442165213854
0.03098594149978157,0.22823994556006022,0.164055502934231,0.08600049750477225,0.03533913084082686,-0.018187035550836422,-0.01605736961143584,-0.03628840749834828,0.958666863513692,-0.002092001797051638,-0.00020672255817373705,-0.00018130427096132523
0.20136564042915717,0.3311013864833898,0.49432814781356227,0.09670030702168868,0.03353005754197228,-0.07498016508621162,-0.014109275056889182,-0.03816556068369535,0.9578510553097948,-0.0015976736492380756,-5.35691774457986e-06,0.0001497971155220646
0.11781727025386804,0.2778257807311757,0.4681716179203413,0.13080197500182528,0.09141756672988033,-0.05459253630737217,-0.01154773116587331,-0.03857342638751346,0.9606917801367197,-0.0011295020313177345,0.00011246035250928819,0.0004276228962532403
0.25383054196398025,0.2919456049464227,0.27912086348933934,0.10318707448209148,0.09970440060733766,-0.07814856639027028,-0.01782004970095973,-0.030060711489607546,0.960766405948267,-0.000850381167828395,0.0003662908944732685,0.000719568501199663
0.1840078297680424,0.12415294824265531,0.2294194303884664,0.04198172258563423,-0.020118371879252157,0.0057749309981489,-0.017582365044532183,-0.04518439865284668,0.9478761658890048,-0.0006209617374399286,0.0005502987242413109,0.0008437214494423184
0.24349851281419155,0.14401980677864076,-0.019392119375806843,0.04804334499193642,0.1118573182372948,0.07374536229416936,-0.024196269632538323,-0.03372325266295875,0.960268232667885,-0.0006403538568157354,0.0007937972370555025,0.0009877412562209593
0.08724118848010357,0.0469977853018243,0.27577150916695214,0.015784513348029543,0.01874319888404284,-0.03818326687578726,-0.01940267719890974,-0.03456729751002027,0.9532739945488348,-0.0003645823476487833,0.0008810384255356061,0.0010347390415227835
0.2832613681247613,0.05256089045128493,0.06634214797841752,-0.013609851726115785,0.06236302901358237,-0.0012016523589749792,-0.007863146214239123,-0.027611072894417964,0.9684951855228511,-0.00029824019967036576,0.0011642997936603674,0.0010872999319740684
0.4056016476431085,-0.16364929126415384,0.03676601902234,-0.005665724658962541,0.08004583877669579,-0.029430571687108678,-0.019159886666140623,-0.031206181827785315,0.9624277959531174,-0.00026147418064802576,0.001569901441303476,0.0009236506407099145
0.28718121724504275,-0.02024259897426216,-0.11001405879184364,-0.007320558552754652,0.03652226118015145,-0.045031373370276816,-0.02049572741805883,-0.0339188773683752,0.9587193547941268,-0.00037148823943986947,0.0018570826585485188,0.0009034080417356524
0.2831294498558207,-0.10224506673862041,-0.1623658199424875,-0.0034856484612904547,0.01928056717075107,-0.027263996637137758,-0.02356265501088379,-0.03242696069422701,0.9611417011299871,-0.0005338540593823568,0.0021402121084043396,0.000801162974997032
0.3478074716598306,-0.07741735000204444,-0.27864609697025416,-0.03522649400850239,0.12420555292491697,0.17350617495626341,-0.01981940404199463,-0.028395364815095272,0.9650508955514172,-0.0008125001563526112,0.00248801958006417,0.0007237456249949875
0.3911471150754975,-0.10992337315056448,-0.2890403911134133,-0.0991171666534709,-0.0024666732428089214,0.10141220988812445,-0.014753820361449357,-0.0333709082321581,0.9638080125152366,-0.0011015405474660244,0.0028791666951396675,0.0006138222518444231
0.260874340396284,-0.09686916422551815,-0.4769500121752988,-0.04154431363945346,-0.015605571785482818,0.09221542206742386,-0.010819562544992197,-0.03366901237241628,0.946334566244378,-0.0015784905596413234,0.003140041035535951,0.0005169530876189049
0.43760145621783125,-0.14252979675947977,-0.6884556442410572,-0.157903684745517,-0.05006257367733702,0.11372939558726908,-0.00598331505525565,-0.03433306861238027,0.9646636972625541,-0.0022669462038823803,0.0035776424917537825,0.00037442329085942517
0.594363063007016,0.00977649834905367,-0.38447516700610707,-0.14128130478253273,-0.02686192725142538,0.029662143179022576,-0.015483966121809576,-0.029657539133787547,0.9578620403210365,-0.002651421370888487,0.004172005554760798,0.0003841997892084789
0.3226995414462296,-0.28280478961726807,-0.6798804992886567,-0.12625894107253346,-0.04152559651765556,0.08664257239670757,-0.004196346270568136,-0.040916231409667214,0.9617919599966983,-0.0033313018701771435,0.004494705096207028,0.00010139499959121079
0.3705657508619865,-0.042796927957669956,-0.5703464814408647,-0.0510460140852096,-0.04360113065739478,0.08952249674770127,-0.01368981113761938,-0.03086374509234909,0.9582413721987378,-0.0039016483516180083,0.004865270847069015,5.859807163354084e-05
0.4251670176633169,-0.20510732539242904,-0.6512079536038999,-0.026819041460766153,0.018416951475699897,0.09498228849812172,-0.014271389613756416,-0.03903579233302033,0.9669292365212928,-0.004552856305221909,0.005290437864732332,-0.0001465092537588882
0.3599050741482738,-0.019100787417109966,-0.3658495334916277,-0.12627749464704763,-0.09431967516453547,0.08939728024041448,-0.014184794338674638,-0.026873705027410783,0.9717637036285731,-0.004918705838713536,0.005650342938880606,-0.0001656100411759982
0.24225457703466355,-0.1122753588395558,-0.37830189915228213,-0.0646226710560864,0.020867209696512054,-0.014909304394844185,-0.013955575815919528,-0.03517301116312895,0.9582214597750774,-0.005297007737865818,0.005892597515915269,-0.00027788540001555395
0.13729943261965383,-0.12306834512345423,-0.3995178722078605,-0.06224139809456983,-0.027873651439516083,0.06433423286888523,-0.009654654006611727,-0.039883770157850496,0.9601194748386254,-0.005696525610073678,0.006029896948534923,-0.00040095374513900823
0.04066433784017835,-0.011447246028201769,-0.4045140861376123,-0.08406555918925498,-0.06139277231394598,-0.03178363941238455,-0.01612373159399857,-0.03661870562698567,0.9605744472935206,-0.006101039696211291,0.006070561286375101,-0.00041240099116721
0.18343767978517636,-0.08842649460414286,-0.2364674413467507,-0.0278338792896195,-0.11461775518799525,0.006671059938095554,-0.018430433851627886,-0.033650784401725864,0.9543700780569344,-0.0063375071375580405,0.006253998966160278,-0.0005008274857713529
-0.09621179054416153,-0.011337334433819922,-0.20319492578115084,-0.03548110402386366,-0.09815009988240866,-0.0007547186523017713,-0.015632546863408776,-0.03996160357163746,0.9680728195202817,-0.006540702063339192,0.006157787175616116,-0.0005121648202051727
-0.07214941974520907,0.12773468205662436,-0.10848490307743036,-0.03285587527105245,-0.12656833910607182,-0.050302767732940463,-0.01702327650748133,-0.03425967605857354,0.9634611165871528,-0.0066491869664166234,0.006085637755870907,-0.00038443013814854843
-0.08331061216071445,0.07515851793434278,0.1595031284267081,0.047926170904573115,-0.09593137576759746,-0.06128206140006836,-0.013344139613594862,-0.021110410640669666,0.9617283572159121,-0.006489683837989914,0.006002327143710193,-0.00030927162021420564
-0.10377520456253508,0.07311654975091679,0.13535856979942884,0.006461212701831533,-0.11736435571744241,-0.11013070509723522,-0.008989751642340369,-0.03170554874943805,0.9623342888964255,-0.006354325268190485,0.005898551939147657,-0.00023615507046328881
-0.22306155256109,-0.07492808026030262,0.33285638502221027,0.0817772414952808,-0.11667213838672401,-0.045559790584694955,-0.011628995182160843,-0.03629550334771131,0.952642991460319,-0.006021468883168276,0.0056754903865865675,-0.00031108315072359146
-0.32973047505275205,-0.045673114167621987,0.38087542911465005,0.035556036775816716,0.03623494176496004,-0.0937679587448225,-0.012247716770733812,-0.044702603806179776,0.9652664371909453,-0.005640593454053625,0.005345759911533816,-0.00035675626489121347
-0.06605678436049262,0.15425779929997607,0.4808208179371094,0.05803922448478071,-0.11194654121049763,-0.120721208440781,-0.004613482627940653,-0.041602844456294356,0.9680210919300968,-0.005159772636116515,0.005279703127173322,-0.00020249846559123737
-0.16637813383881372,0.1566332659367781,0.36524878827868223,0.0260411851859262,-0.0014760156250989897,-0.08869831716163769,-0.014929996828917137,-0.030084777618477932,0.9540256864632584,-0.004794523847837833,0.005113324993334509,-4.586519965445926e-05
-0.18910869105692107,0.23100823357193673,0.5923332411134236,0.10054031646670296,-0.02870117478900442,-0.18863836478587803,-0.014180671490444718,-0.030490544422133947,0.9596246464631203,-0.004202190606724409,0.004924216302277587,0.00018514303391747747
-0.32241803431207317,0.20977443679024307,0.5222231980246081,0.026592760487332695,0.0016335336903673045,-0.11619359994694099,-0.010567364375016075,-0.034814554833692904,0.9651607203316952,-0.003679967408699801,0.004601798267965514,0.0003949174707077206
-0.24485299154733836,0.04833484266433588,0.49057101492379734,0.03327604966942272,-0.04570920171171687,-0.058358931639739105,-0.018806508843579837,-0.04420861941153643,0.9558081923868068,-0.0031893963937760037,0.004356945276418177,0.00044325231337205643
-0.4389533029864183,0.25216088145459925,0.612341136209497,0.007610094070519725,-0.026041259217068482,0.02996193789442262,-0.01396604189484118,-0.03919844954028765,0.9643734787320818,-0.0025770552575665063,0.003917991973431758,0.0006954131948266557
-0.2588620530686452,0.28643808670626114,0.4653546998909085,0.07198833938246016,0.020273433988479094,-0.058203657280793956,-0.017366596436331067,-0.04114279326887788,0.9603333593713756,-0.002111700557675598,0.0036591299203631127,0.000981851281532917
-0.32300100268921117,0.19898508144712818,0.4287135203415671,0.061486798007256885,-0.03708060009604338,-0.039654571527809275,-0.014658420980182432,-0.036751765402981904,0.9599738892619502,-0.0016829870373340312,0.0033361289176739015,0.0011808363629800449
-0.19705720564154316,0.0613524878781959,0.27518547713653885,0.061483479289753805,-0.024126196360928654,-0.05333273301719298,-0.014419338091417034,-0.034028269331102055,0.9641895214708104,-0.001407801560197492,0.0031390717120323578,0.0012421888508582408
-0.2833299805184058,0.21081443211648898,0.2540856690435539,0.06845338473532164,0.007343503513531968,0.017830916848495665,-0.00815677252800879,-0.05027950665323891,0.9585608157393499,-0.0011537158911539382,0.002855741731513952,0.0014530032829747298
-0.25764383586006256,-0.03609327456536052,0.4426950130206544,0.035821968653978825,0.02596509789683559,-0.02221856330055657,-0.006197194169995106,-0.046536391048196374,0.9618254451051746,-0.0007110208781332839,0.00259809789565389,0.001416910008409369
-0.07320238057357534,0.0028606130006965415,0.17501222700901944,-0.056639393356113114,0.05603305480522426,0.06417045032976416,-0.003298294596422089,-0.03344648261763471,0.9627999701810438,-0.0005360086511242645,0.0025248955150803144,0.0014197706214100657
-0.211627917916143,0.005799979270407533,0.13461032302269724,-0.035522127487411785,0.030032926395042157,0.05779568306491912,-0.014363110629719237,-0.035031160599847726,0.9607095780882077,-0.00040139832810156715,0.0023132675971641713,0.0014255706006804734
-0.05304233565933942,-0.20213381528441976,-0.03716821846698866,-0.1196559809789518,0.04541354879910078,0.01719652318786081,-0.013610707949523917,-0.04016242815741482,0.9689837934181427,-0.00043856654656855587,0.002260225261504832,0.0012234367853960536
-0.11341049740069628,-0.3199277777207533,-0.13599210218297886,-0.040631045154243,0.03538871604962157,0.11719934311583467,-0.02385586404655808,-0.03984740593806689,0.9599168814732633,-0.0005745586487515347,0.002146814764104136,0.0009035090076753003
0.08640179730702603,-0.17017927111658712,-0.09215739343337599,-0.11386978670397967,0.11565710383756404,0.13942623530467357,-0.012619692581356997,-0.037299178276716395,0.954258977635045,-0.0006667160421849107,0.0022332165614111616,0.000733329736558713
-0.13471863017705688,-0.34384112989165333,-0.2500248482102836,-0.07732009708178872,0.12966603238064908,0.13454890107182804,-0.014623222705111827,-0.03832186877810834,0.9579144413256758,-0.0009167408903951943,0.002098497931234105,0.00038948860666705975
0.05023742779676494,-0.19401023778914517,-0.34812114598843047,-0.08889909708527512,0.08987873280418315,0.15303889364674972,-0.015346350607120333,-0.03966990938041724,0.9616605194023443,-0.0012648620363836247,0.00214873535903087,0.00019547836887791453
0.1566919221261392,-0.24384979678042507,-0.34492374125378983,-0.11867041052073952,0.07046032430513796,0.13042427011059923,-0.010661019236289655,-0.04483979350726077,0.9593241231205887,-0.0016097857776374146,0.002305427281157009,-4.837142790251053e-05
0.0936378343255784,-0.20095827092680318,-0.38292861446728094,-0.1011873318657705,0.09525644053269729,0.09948675178816835,-0.016859233369800164,-0.030924827025756524,0.966368528980089,-0.0019927143921046955,0.0023990651154825876,-0.00024932969882931376
0.16089093988824207,-0.2801523775158361,-0.4962562337417389,-0.17369757268016237,0.07138554704880294,0.13541375581992657,-0.014434771704997362,-0.04003780363695413,0.9592491822512726,-0.0024889706258464346,0.00255995605537083,-0.0005294820763451498
0.09512461615498262,-0.2936815559733448,-0.14340302601951485,-0.11106781373143929,0.09940522389306823,0.06122860025866753,-0.00983949817192569,-0.03891224802329047,0.9547771457860795,-0.002632373651865949,0.002655080671525813,-0.0008231636323184945
0.027514439743336644,-0.27636557078336105,-0.28085967272149087,-0.17920500312410814,0.06077435684820421,0.18306057226072758,-0.018558714999645363,-0.03265194494022362,0.9486750994872131,-0.00291323332458744,0.0026825951112691496,-0.0010995292031018556
0.054326902426068996,-0.30500479558698085,-0.3361268529629403,-0.09437347099627577,0.07073785769895666,0.12947080766447233,-0.015113855359039207,-0.03932655266376692,0.9599178438201503,-0.0032493601775503804,0.0027369220136952183,-0.0014045339986888364
0.36024915099805,-0.08417756943985899,-0.17842203805259044,-0.19203713068688066,0.05126085060166438,0.13453826423816104,-0.012583794572242986,-0.02908160869010222,0.9592508631505708,-0.003427782215602971,0.0030971711646932687,-0.0014887115681286953
0.1775700432159505,-0.31750233157155355,-0.14763474322395617,-0.09238283489599387,0.11990810593163813,0.1324644547737233,-0.011187223067622511,-0.04197879860876575,0.961730625020345,-0.0035754169588269272,0.0032747412079092188,-0.001806213899700249
0.2272621047338258,-0.2554048884575105,-0.0751990637863835,-0.17542556797488212,0.029878563478922537,0.09049384687805137,-0.020162998404731652,-0.03713473087067358,0.9641043786811381,-0.0036506160226133103,0.003502003312643045,-0.0020616187881577594
0.2527435088370903,-0.08751482791140985,0.09274437666674257,-0.1703675663388554,0.013577310738346947,0.047722985586576366,-0.014196710351965404,-0.028856594765258436,0.9624681780479467,-0.0035578716459465677,0.0037547468214801354,-0.002149133616069169
0.328607097235914,-0.15531836135131386,0.25295376675546183,-0.029628180104943117,0.07817982226288424,0.08095827685274157,-0.011108274591392204,-0.037429488404559993,0.9434842322058655,-0.003304917879191106,0.004083353918716049,-0.0023044519774204834
0.3665052132634459,-0.21933398833329126,0.22302790789743068,-0.10579260129505283,0.002350045481990911,-0.0024920504589346793,-0.0172527731817247,-0.03740716249488688,0.9588103181743854,-0.0030818899712936752,0.0044498591319794955,-0.0025237859657537744
0.32510061532685364,0.1299633607251534,0.27460990880002584,-0.007540798908205085,-0.02901649636313946,0.019220801911836803,-0.015720655147420826,-0.03886576293418921,0.9625715102607655,-0.0028072800624936497,0.004774959747306348,-0.0023938226050286213
0.26256431395103413,-0.050390332462083444,0.39985280574362925,0.011880439756908615,0.03251696055496919,-0.06538662144419141,-0.011319053713785594,-0.04128716835565341,0.9591921926297653,-0.0024074272567500203,0.005037524061257383,-0.0024442129374907043
0.2386178179282527,0.05417743286064783,0.24307045884909817,0.007927708395946087,-0.028955899675090564,-0.1340517270891216,-0.00816121921505604,-0.032570091164775224,0.9659539840272628,-0.002164356797900922,0.005276141879185636,-0.002390035504630057
0.1218770320558053,0.025471459117766243,0.2774194619595276,0.05518656881283651,-0.009250971631084919,-0.07701433176510417,-0.014937219187402748,-0.041101004316993546,0.9588763627400807,-0.0018869373359413945,0.005398018911241441,-0.0023645640455122905
0.2326585550155313,0.003772307898410529,0.1869224586127517,0.025872485651110506,-0.1057918262671888,0.03495811575406515,-0.007673220070592149,-0.04122567079797989,0.9635324753110956,-0.0017000148773286426,0.005630677466256972,-0.0023607917376138802
0.1683098257028518,0.09342899135525337,0.31843269626434373,0.11023210774923706,-0.05514040528260517,-0.06407265723236757,-0.018048194267204068,-0.04860217921336564,0.9562566970869515,-0.0013815821810642989,0.005798987291959824,-0.0022673627462586267
0.04108499007676018,0.05240438876437256,0.22101524529754962,0.11921513943850295,-0.04586409896779017,0.016758591358756687,-0.008431790260337236,-0.04305919476242545,0.9622235796419202,-0.0011605669357667493,0.005840072282036583,-0.0022149583574942546
-0.01894835094322403,0.25541128613410924,0.32369439871511935,0.13523396475960123,-0.05048055147071209,-0.06888830744007764,-0.009464045461212862,-0.0396440556033875,0.9558403381288821,-0.00083687253705163,0.00582112393109336,-0.001959547071360145
-0.09832679008288689,0.25665496066301746,0.17310263173339616,0.07872278632225327,-0.06011753660567268,-0.10826291293802125,-0.0038634010832633067,-0.03149586887525785,0.9521643010908897,-0.0006637699053182338,0.005722797141010472,-0.0017028921106971276
-0.2258711035400166,0.34884732752107306,0.10822449957862537,0.1793368783325247,-0.008569803070201058,-0.07571139339485923,-0.012768009653380324,-0.05016193340216383,0.9681947627820895,-0.0005555454057396084,0.0054969260374704565,-0.0013540447831760546
-0.18989452485279693,0.37033716292701024,0.01806290013588502,0.05863735851735699,0.027605821333827316,-0.0016965891217629678,-0.0006827332499392443,-0.03970819439099712,0.9529252539775505,-0.0005374825056037234,0.00530703151261766,-0.0009837076202490443
-0.08013649499113448,0.2629549466203757,-0.0801157890168692,0.11620631779951182,0.07727676220535636,-0.028218923590009874,-0.016152815567019068,-0.03963908918800561,0.9624415655729324,-0.0006175982946205927,0.005226895017626525,-0.0007207526736286685
-0.18515545151091917,0.27213215441923305,-0.12403369197168362,0.09655295617748334,-0.06715862969534629,-0.02352988152288904,-0.016306297890630754,-0.038743209376215906,0.9575063852588008,-0.0007416319865922763,0.005041739566115606,-0.0004486205192094355
-0.2459166219034118,0.3171385748836675,-0.22250306833103634,0.11294085850579323,-0.10235095024118224,-0.07795177655843465,-0.014288033131140796,-0.03888903875611577,0.9645868564184176,-0.0009641350549233126,0.0047958229442121945,-0.00013148194432576794
-0.3333160894010687,0.5398639059093162,-0.4512494355553309,0.15973861119575475,-0.04771431813996879,-0.03424161661741029,-0.011105360510126209,-0.035681686269426166,0.9587283007251503,-0.0014153844904786434,0.004462506854811125,0.00040838196158354833
-0.461373181947084,0.29202291317169204,-0.3749587094062268,0.07034086073254972,0.0015699013090572011,0.03702182847311477,-0.004379025215433076,-0.04221051824423858,0.9572385166479336,-0.0017903431998848704,0.004001133672864042,0.0007004048747552403
-0.5094864527365722,0.25122268564314887,-0.667554912511422,0.0921481962338755,-0.010765365582131144,0.06286022289770771,-0.015017448832904547,-0.04173109814327114,0.9644521149523395,-0.0024578981123962924,0.003491647220127469,0.0009516275603983892
-0.5131995263598031,0.17192848425204182,-0.5885855118236313,0.08643870770467385,0.011071287089143598,0.04999110448050988,-0.014332284631673228,-0.03881821414841414,0.9576944084953216,-0.0030464836242199236,0.002978447693767666,0.001123556044650431
-0.38171329310232716,0.0712393728173094,-0.7222422402239457,0.05479250263895242,-0.03517865143840303,0.0912775397571761,-0.010794679464525924,-0.03789251255658702,0.9624661504799484,-0.0037687258644438695,0.0025967344006653393,0.0011947954174677403
-0.5255188004940675,0.25173358457526435,-0.6108490704723931,0.05014357697604312,-0.02857722618837652,0.006747760911900843,-0.014972609831256218,-0.0336324830758938,0.9710331185775964,-0.004379574934916262,0.002071215600171271,0.0014465290020430047
-0.48470159490532017,0.0058911605359222435,-0.5870452443076883,0.021827783295488255,0.044484496984235566,0.07975846040729005,-0.010158013979464111,-0.039171000814037224,0.9582822676321122,-0.004966620179223951,0.0015865140052659513,0.001452420162578927
-0.45913212985692353,0.07861267830300571,-0.4844036981127985,0.018509588995868645,0.04764339938538479,0.06504189828654815,-0.01727195900585221,-0.038267137354514924,0.9428645562503268,-0.005451023877336749,0.0011273818754090276,0.0015310328408819325
-0.43895000151045926,-0.10855569472222772,-0.37399381092278533,0.03437474698063762,0.049174385125499764,0.13767626485761297,-0.017218872828967946,-0.03860727573170356,0.9682782970049413,-0.0058250176882595345,0.0006884318738985684,0.001422477146159705
-0.2537418443676083,0.011671868460559079,-0.46645965775711823,-0.08540614592370485,0.003102735877551237,0.1546946815169561,-0.009924847935264344,-0.04821273220504164,0.956204108965072,-0.006291477346016654,0.0004346900295309601,0.001434149014620264
-0.21894528674775018,-0.1430909235330213,-0.2321096558841214,-0.07112616306568197,0.035481600474616466,0.02290154049092652,-0.008077777077231117,-0.040088205414407815,0.9629552617607074,-0.006523587001900775,0.0002157447427832099,0.0012910580910872424
-0.36779317329446093,-0.023778950166641694,-0.18104860279658921,-0.09341253732633509,0.007863980486570185,0.12819949154750765,-0.014021308340032072,-0.034615001828844916,0.9567632529143646,-0.006704635604697364,-0.00015204843051125103,0.001267279140920601
-0.48967016740191804,-0.15025343470861166,-0.09526075211893142,-0.06712459827016827,0.12057841499995905,0.017844570880712958,-0.012030533487972474,-0.03717145303559733,0.961093615986814,-0.006799896356816296,-0.0006417185979131692,0.001117025706211989
-0.3672602905853188,-0.14507735105791497,0.010336672125540802,-0.10507189948020765,0.017772414965874075,0.036884052875014874,-0.015182572379008902,-0.04221422835887444,0.966307574443978,-0.006789559684690755,-0.001008978888498488,0.0009719483551540742
-0.27367004621908525,-0.14255603677363424,-0.035562362918030097,-0.09566175212649237,0.03630788164452078,0.025881284952892915,-0.005082966597023544,-0.04224982606915755,0.9611049586436132,-0.006825122047608785,-0.0012826489347175733,0.0008293923183804399
-0.14506983839635848,-0.1496629414709253,0.15596210240075772,0.0031088804891724157,0.06958140420329441,0.005068343646034534,-0.013768919295812514,-0.03683643479771379,0.9529005888636852,-0.006669159945208027,-0.0014277187731139317,0.0006797293769095146
0.05434715302826568,-0.12376217508343254,0.3033997472114196,-0.09679945928779908,0.09275092227022103,-0.013294089272093306,-0.008190826282551756,-0.044567090559812235,0.9587371075183945,-0.006365760197996608,-0.001373371620085666,0.000555967201826082
-0.13803425800238295,-0.2458993285621247,0.5068158271636752,-0.0944536811137721,0.07168290197836333,0.008330140588495018,-0.016214239045393798,-0.03701092599326468,0.954483832186412,-0.0058589443708329325,-0.0015114058780880488,0.00031006787326395726
0.017396254670272074,-0.19152685957929297,0.46870711649598684,-0.09728897909150691,0.05651667808201451,-0.09186038512457678,-0.011778822726362964,-0.03545111103189489,0.969306439524509,-0.005390237254336946,-0.0014940096234177767,0.00011854101368466428
0.021626761140966518,-0.29371844869396346,0.4383605843674407,-0.0726210134041107,0.05253404707422235,-0.03478445634550604,-0.008092637266846475,-0.03368507612570466,0.9580852327896764,-0.004951876669969504,-0.0014723828622768102,-0.0001751774350092992
0.1946531860359693,-0.34017983416494557,0.5701882999715238,-0.03935088089017486,0.017006019000448756,-0.16744716806849363,-0.010657197410129117,-0.03655650138274804,0.9549778045068511,-0.004381688369997981,-0.001277729676240841,-0.0005153572691742448
0.28230164083390324,-0.20540545682079964,0.46133927686394594,-0.013445604487490062,0.022091965894704416,-0.1480739858017893,-0.002628338741176104,-0.02899021310504698,0.9591744395970402,-0.003920349093134034,-0.0009954280354069376,-0.0007207627259950445
0.28102124814977053,-0.12734233675129564,0.564800892936593,-0.009868311489921639,-0.06125363415885996,-0.13215704548300297,-0.010234239967902486,-0.0376373200604115,0.9672416147732484,-0.003355548200197442,-0.0007144067872571671,-0.00084810506274634
0.12681172067018112,-0.10066158933682037,0.5398200999877956,-0.05500437945860661,-0.044423161868135524,-0.08404343465202871,-0.010198814413125326,-0.04091256006434711,0.9578208329211797,-0.002815728100209646,-0.0005875950665869861,-0.0009487666520831604
0.28079434242909357,-0.16098586534390397,0.444503786477015,-0.07632298874405738,-0.05971856594763706,-0.1402419200991657,-0.0030674376130823923,-0.03857438619130498,0.9635412679905997,-0.002371224313732631,-0.0003068007241578925,-0.0011097525174270644
0.4012350494707075,-0.14373755806433566,0.42220116927023954,-0.019659904685183978,-0.022106526147441852,-0.11413397037479339,-0.011788885027845263,-0.04399601419890725,0.9610434289988226,-0.0019490231444623915,9.443432531281504e-05,-0.0012534900754914001
0.19029803066525888,0.09072875404339671,0.41628953525776097,0.07667152166756312,0.0022944024239070684,-0.050083173110180325,-0.009300788571318233,-0.0362886339199983,0.9518803106846778,-0.0015327336092046306,0.0002847323559780739,-0.0011627613214480034
0.4185970861722093,0.15978223913225487,0.2156289974044117,0.08153169336890694,0.0037457178664789493,-0.1997459465331523,-0.006721565658736978,-0.038941261849303965,0.9589610645475957,-0.001317104611800219,0.0007033294421502832,-0.0010029790823157484
0.3946336526102239,0.0836494451504212,0.1672435389879476,0.061653832285119455,-0.08155383105924725,-0.047407867415731726,0.0010922755626102494,-0.03940207698039302,0.9582062990452753,-0.001149861072812271,0.001097963094760507,-0.0009193296371653271
0.4160397011579354,0.04431206784977933,0.1410680583678191,0.05498138905436996,-0.09050131935602244,-0.058441177301745216,-0.0008044482532117737,-0.044923749673888215,0.9640662106814866,-0.0010087930144444522,0.0015140027959184425,-0.0008750175693155479
0.4010706421390299,0.21011605511941767,0.20602023243251144,0.0847936063826063,-0.034416325365913374,-0.08377144087992615,-0.008544522699791989,-0.03755423876637568,0.9578373236458778,-0.0008027727820119407,0.001915073438057472,-0.0006649015141961301
0.27891004881306636,0.12371137389103129,-0.09764503151593365,0.08072788714105394,-0.03516926693826653,-0.08461057438708981,0.0037966140412526465,-0.047368854612652576,0.9691020525779569,-0.0009004178135278743,0.0021939834868705383,-0.0005411901403050989
0.4358813125719661,0.23777169263296682,-0.2668197579093995,0.04797188743630472,-0.028848221329724,-0.040334531848025816,-0.007686269498918295,-0.03699626728114366,0.9626193291858779,-0.0011672375714372738,0.002629864799442505,-0.000303418447672132
0.5210085618707749,-0.030879389427450388,-0.3388794041913209,0.10401622738685576,-0.09352999902213797,0.04791964449320305,-0.002420842954019324,-0.03542824930854793,0.9619109226899203,-0.001506116975628595,0.00315087336131328,-0.0003342978370995824
0.3784887949719703,0.12944011054695412,-0.14211108569106157,0.004357798039657504,-0.1067426632486061,0.021196835828818567,-0.00995164205823815,-0.03405876494864905,0.9638583990376441,-0.0016482280613196567,0.00352936215628525,-0.00020485772655262828
0.5537745569798531,0.14463264937128623,-0.37049008568291775,0.05043903623773054,-0.10460308489281017,0.012363632624580135,-0.015026679477384352,-0.04309298252152126,0.9599146612363051,-0.0020187181470025743,0.0040831367132651035,-6.022507718134204e-05
0.279336605862565,0.2407601072807251,-0.48582724129510746,0.16129331782652628,-0.051210911161450406,-0.007344652254100014,-0.007051297368110298,-0.04594415136866433,0.952300106719073,-0.002504545388297682,0.004362473319127669,0.00018053503009938306
0.42660397182673226,0.22141675002166827,-0.3013497755290031,0.08300760363032426,-0.09065840796790703,0.07230274050585589,-0.009284932051352562,-0.03385719659499072,0.9571627799822571,-0.0028058951638266854,0.004789077290954401,0.0004019517801210514
0.3459696595322969,0.059838190963791546,-0.3667267997693459,0.008260612257440151,-0.04798353868259901,0.071872970069684,-0.008969932142471788,-0.04007923117015878,0.9564902647689048,-0.0031726219635960316,0.005135046950486697,0.00046178997108484296
0.22706117208132512,0.08623322752009724,-0.23589777480945798,0.0642071104465679,-0.046454209037858706,0.11267096686014623,-0.015145403949769598,-0.036928113092973155,0.9606189884373962,-0.003408519738405489,0.0053621081225680226,0.0005480231986049402
0.12531243453790483,0.043456582247637175,-0.3381071305493558,-0.012093270685227742,-0.049507780908145324,0.09585750311514664,-0.010859614888988338,-0.04332266008940655,0.9556283287387648,-0.0037466268689548446,0.005487420557105927,0.0005914797808525774
0.15107165458239716,0.04625760448117764,-0.23565506816126217,-0.008116674280942229,-0.10431654811768286,0.14470923233096022,-0.011001525444167982,-0.04290607702539277,0.9615308445822024,-0.003982281937116107,0.005638492211688325,0.0006377373853337551
0.13112239341903972,-0.03495932060555778,-0.20524958996992,0.021844436629629593,-0.04654333927747299,0.1798251661486243,-0.002802308905547128,-0.049213627519699564,0.9663839857066148,-0.004187531527086028,0.0057696146051073646,0.0006027780647281973
0.14291510426781034,0.03039353496149183,-0.029289393765060068,-0.054690589021378064,-0.07938121955315264,0.13410363624864155,-0.009306890219595635,-0.03966236563064879,0.9566807684762955,-0.004216820920851088,0.0059125297093751755,0.0006331715996896892
-0.03993255567264322,-0.1594403214875007,0.06268248134766843,0.02077879960642509,0.060630432969926235,0.11660403749292618,-0.008726478916082187,-0.039539313105374396,0.9549524522491278,-0.00415413843950342,0.005872597153702532,0.00047373127820218847
-0.04903857183447047,-0.1387056518246134,0.12933909289331713,-0.07823903120645262,-0.06334197958502513,0.14182944810129297,-0.0006313309560892714,-0.032145030017968285,0.9561801897190564,-0.0040247993466101025,0.005823558581868061,0.0003350256263775751
-0.14088352615238325,-0.26505997413792093,0.2106607749751625,-0.06451304461115584,0.009667265985262056,0.09441478083830958,-0.00588813862976745,-0.03137121583393117,0.9616338969749427,-0.00381413857163494,0.005682675055715678,6.996565223965412e-05
0.011317624570226142,-0.2381881746170606,0.23503992487504455,-0.09884748879722648,0.013022216604429863,0.057052683036775596,-0.008644868055483867,-0.04188247177993793,0.9617779330428013,-0.003579098646759895,0.005693992680285903,-0.0001682225223774065
-0.0152874478209864,-0.23668588362340626,0.09000803630741355,-0.2029948128293909,-0.0057351474985827475,0.10811811835850482,-0.005384114074034314,-0.040071796356850334,0.9664934189519847,-0.0034890906104524813,0.005678705232464917,-0.00040490840600081277
0.021495755736237104,-0.24435482892698246,0.2259587694013772,-0.14600494712966375,0.04925978352385036,0.08440982921978935,-0.010885986512851496,-0.04206192632912637,0.9589646877871815,-0.0032631318410511045,0.005700200988201154,-0.0006492632349277952
-0.21939233486009535,-0.10332290794817686,0.3238997792765418,-0.06528685358296428,0.02880440658369782,0.09468502994076312,-0.00852088773591781,-0.036940423441227936,0.9585993443089041,-0.002939232061774563,0.0054808086533410585,-0.0007525861428759721
-0.3016025041776911,-0.2861992571115633,0.2929601385387876,-0.11056436938457437,0.06374839205517625,0.04721111947082352,0.004694235724703484,-0.03585660047355579,0.9553731050170896,-0.002646271923235775,0.005179206149163367,-0.0010387853999875355
-0.25356341911307195,-0.23975802347917646,0.29787596983042747,-0.173361722968195,0.1165442811105959,-0.0002894317875246962,0.0027609432227586536,-0.033337967367014,0.9607409583803895,-0.002348395953405348,0.004925642730050295,-0.001278543423466712
-0.1767202558974713,-0.27798356526509466,0.514011750510589,-0.14999285271281862,-0.008809332407760197,-0.00991991989134903,0.0006690526509993766,-0.03573299038963341,0.9547654745226126,-0.0018343842028947588,0.004748922474152824,-0.0015565269887318066
-0.2045210392866606,-0.2884663671634837,0.5636752026742455,-0.12995645659046873,0.11900443833506374,0.03747065335173367,-0.004574785807765969,-0.0269295932092123,0.9549814151432442,-0.0012707090002205131,0.004544401434866163,-0.0018449933558952903
-0.2907788248632437,-0.24974985087188067,0.1542591404759805,-0.0754113240840523,0.09115995667207212,-0.03532058533635225,-0.0039032073708567877,-0.03126151015450881,0.9567124252166758,-0.0011164498597445326,0.004253622610002918,-0.0020947432067671707
-0.4465676601643354,-0.26575298913173184,0.265038494306283,-0.08466564737965461,0.09357225668706107,-0.04350514638813449,0.008944554520479143,-0.03393351351558355,0.9612931307122805,-0.0008514113654382495,0.003807054949838583,-0.002360496195898903
-0.18948491816304447,-0.29662088314291324,0.023532758370713048,-0.08196309630171356,0.036414211754484525,-0.028274641144609376,-0.007026479087526859,-0.0386056429974417,0.9538210861060041,-0.0008278786070675365,0.0036175700316755386,-0.0026571170790418166
-0.043561867852638686,-0.19433121647887036,0.08428060430468721,-0.02368722508119004,0.08611228093288754,0.005114306488155007,-0.015121673671071041,-0.04601448946059434,0.9636919949499307,-0.0007435980027628492,0.0035740081638228997,-0.002851448295520687
-0.07298193266444568,-0.11757339640443135,-0.019492380117352964,-0.052391628767251265,0.11308099893239967,-0.1228431307964447,0.003107417568402268,-0.04246828536905496,0.9617737873785309,-0.0007630903828802023,0.0035010262311584543,-0.002969021691925118
-0.08693042537222585,-0.021148972985681275,-0.18754034686132726,-0.003628127016948708,0.1189875240508875,-0.16582385119026072,-0.009302099939422567,-0.043006212065077626,0.9581124432451029,-0.0009506307297415296,0.0034140958057862283,-0.002990170664910799
-0.11813500397232984,-0.05478382327196482,-0.3240833516336805,-0.025620273523492908,0.040812670158333564,-0.12835417970620422,-0.005721274010459141,-0.042894006949953656,0.9612445302911761,-0.00127471408137521,0.003295960801813899,-0.003044954488182764
-0.14607367278015443,0.09503045938925067,-0.27390810652898173,-0.036626184953151814,0.0815804814593778,-0.06269754459524896,-0.0030334210049106653,-0.0392231037153853,0.9513907706009829,-0.0015486221879041917,0.0031498871290337443,-0.002949924028793513
-0.17832979408681424,0.027642189449298808,-0.5869891403671013,0.029478886941170394,0.04840585752201111,-0.060145511823047636,-0.008901549514569663,-0.04186024634348398,0.9629938915913464,-0.002135611328271293,0.0029715573349469297,-0.0029222818393442145
0.038825125073144076,0.2284122893933671,-0.3921989435697383,0.055480558119158904,0.04970984370245172,0.025307832035687754,0.012557895023307699,-0.03905998752593894,0.9576186674681613,-0.002527810271841031,0.0030103824600200735,-0.0026938695499508477
-0.062278995018796704,0.1927541396675055,-0.7257195628121234,0.04987474250750544,0.04698405371124747,-0.014535634689256569,-0.0029309666413982723,-0.046345147841408196,0.9530186396851223,-0.0032535298346531545,0.002948103465001277,-0.002501115410283342
0.25338346143639834,0.25880775842980763,-0.4631354780287098,0.1040659371591905,0.027341757454417633,-0.07372304796699315,0.00811638885856664,-0.043226633431241626,0.9513178886320615,-0.003716665312681864,0.003201486926437675,-0.002242307651853534
0.23218304145481344,0.19281777785941584,-0.41011940410932474,0.15629748330275117,0.10518340374993407,-0.04345182957219139,0.0073469597589811255,-0.04496396341404367,0.9619607607334676,-0.004126784716791189,0.0034336699678924887,-0.0020494898739941182
0.18764535267820828,0.33559142639155526,-0.5838865143238,0.08490956380958904,0.007321038216911675,-0.08074217529027096,-0.0016893151124618092,-0.03354480985318449,0.9619229090859508,-0.00471067123111499,0.003621315320570697,-0.0017138984476025628
0.12741243508017625,0.291209528417699,-0.4107548574407156,0.08352170391140752,0.03848619107800944,0.07985484116991583,-0.0003522434109854669,-0.034007111948186695,0.9592910351188574,-0.005121426088555705,0.0037487277556508738,-0.001422688919184864
0.1738627794549829,0.3808452815930706,-0.5323851619046993,0.16323882485196886,-0.07699809496715825,0.05223746292447051,0.0033901902166354795,-0.035107004272560034,0.9597944019647348,-0.005653811250460404,0.003922590535105856,-0.0010418436375917934
0.28486739163178515,0.3787471131103961,-0.4127539605673941,0.047663306852675065,0.008415945096565697,0.06793283982459186,0.0020767738592747716,-0.032163468278947754,0.9556808151129026,-0.006066565211027798,0.004207457926737642,-0.0006630965244813974
0.3827631659098831,0.3796409891159819,-0.2675660898901805,0.1086217479802331,0.001541704601481125,0.1095052815024561,-0.0014963018024225657,-0.038946523187680146,0.9640594287187808,-0.006334131300917978,0.004590221092647524,-0.00028345553536541547
0.24917116877049045,0.23762988772578456,-0.26897339582702723,0.08118020863464513,-0.08487606073394298,0.11259230266121632,-0.013941017651667659,-0.03513041856766533,0.9720979630871405,-0.006603104696745005,0.0048393922614180145,-4.5825647639630905e-05
0.2891405660189582,0.29834305767345104,-0.30285278444016006,0.06524761333844341,0.01228513251673438,0.07388785919069875,-0.008505928216795801,-0.03382278133574559,0.9514569890641298,-0.006905957481185165,0.005128532827436974,0.0002525174100338201
0.23386754578719202,0.20711038051063158,0.016831913551495874,0.08451896499245515,5.814321112945775e-05,0.11807801990499743,-0.0043720392635064435,-0.042392861584952125,0.9682515507264089,-0.0068891255676336695,0.005362400373224166,0.00045962779054445173
0.3399263402736188,0.23492557665135033,-0.08494792966700912,0.11892965124033483,-0.08974266434019847,0.11829147445158279,-0.0008694877367709193,-0.032327651426226844,0.9626012499001602,-0.006974073497300679,0.005702326713497785,0.0006945533671958021
0.2282495874919612,0.2520867294911696,0.21049237833394208,0.05494515576864947,-0.09912162378886863,0.09105767524307957,-0.00446701480601782,-0.05819184750524782,0.963354886595681,-0.006763581118966737,0.005930576300989746,0.0009466400966869717
0.19718901394253094,0.0580418561030967,0.4314233740383861,0.07009312729202322,-0.021646355565848232,0.09992428080505653,0.0024700282422853055,-0.03951891844197927,0.9649953911690173,-0.0063321577449283505,0.006127765314932276,0.0010046819527900683
0.12172577907541883,0.1485505705270363,0.42862204746721194,0.07069136451524266,-0.09423165137408819,0.05584584946758179,0.003781572974528581,-0.043181622190161126,0.9668865029439723,-0.005903535697461139,0.006249491094007695,0.0011532325233171046
0.11825116204497635,-0.1273595731239595,0.6713861171372658,0.029862664193365272,-0.032502303430808156,0.01876345646089654,-0.0034034198032010373,-0.04926251528207555,0.9609640227287837,-0.0052321495803238725,0.006367742256052672,0.0010258729501931452
0.1209615640113118,0.14051713702799284,0.6690874547627579,0.0510771574951944,-0.13006039028687474,0.06261570693476733,-0.010080652923742588,-0.048972288914810966,0.9654649365518027,-0.004563062125561114,0.006488703820063984,0.001166390087221138
0.09698214816198626,0.13699854548369605,0.52487453178624,0.03709159577234835,-0.07091726798058288,0.07804905066587117,-0.00666382618777565,-0.03950020914751244,0.9599489311043943,-0.004038187593774874,0.00658568596822597,0.0013033886327048344
0.037963426341918904,-0.11828023848497107,0.5762564434278573,-0.0034224955102625677,-0.033640816359627665,-0.03012619145729635,0.0027332801734204493,-0.029687817086905474,0.9662765947778827,-0.003461931150347016,0.006623649394567888,0.0011851083942198632
-0.16682136220118565,0.02661450640544194,0.621553660301086,-0.12692964789531944,-0.056390563194293766,-0.04798788204823857,-0.0022551624965992745,-0.04515411382885873,0.958078491046483,-0.0028403774900459303,0.006456828032366702,0.0012117229006253054
0.15963896240205172,-0.1453475095414927,0.578583358495171,-0.03190498602267121,0.03003680990148037,0.025496357430970458,-0.0016295978547268058,-0.03965589181237445,0.9620769141123674,-0.002261794131550759,0.006616466994768754,0.0010663753910838125
-0.07769877890318305,-0.11005185102796758,0.4903385295179101,-0.06558845092956599,-0.02635623404787312,-0.10400296583189879,-0.0011404634741195314,-0.03439326005841734,0.9648215794760956,-0.0017714556020328493,0.006538768215865571,0.0009563235400558449
-0.22756751068550946,-0.03945094589624082,0.34388585553224704,-0.14541812606329577,-0.08598246959082574,-0.06332880559645666,0.0016150955265832765,-0.04246631932015157,0.9601225224837764,-0.001427569746500602,0.006311200705180062,0.0009168725941596042
-0.16442645434141667,-0.09463744587011373,0.44860035175555796,-0.11450567061202103,-0.015197852707407358,-0.1292402791970636,-0.006469800016073229,-0.04850240762955173,0.9609243332912525,-0.0009789693947450443,0.006146774250838646,0.0008222351482894904
-0.23610742934446458,-0.3222739730841355,0.11100719672879628,-0.08622009525855097,0.007088513890166883,-0.10800064362745702,-0.004586845858050503,-0.04390555410534429,0.9790652178312169,-0.0008679621980162479,0.00591066682149418,0.0004999611752053549
-0.11436718891713524,-0.2640701819874797,-8.665565370435946e-06,-0.0719782413592681,0.04789266555306247,-0.12177541786605207,0.003101519713515378,-0.03735095339948336,0.9590826695406339,-0.0008679708635816185,0.005796299632577046,0.00023589099321787515
-0.31497720896328313,-0.17122821128982735,0.09747089867420827,-0.0168905008855607,0.07350541861157857,-0.16060843425595323,0.003880871796514295,-0.043167486643489156,0.9616822927328441,-0.0007704999649074101,0.005481322423613762,6.466278192804781e-05
-0.3591610767256908,-0.2532321227425407,-0.06083962245090558,-0.11191118193860577,0.022168325301546596,-0.1587486003852227,-0.0018215112759731834,-0.045645690635962355,0.9616201607842988,-0.0008313395873583157,0.005122161346888071,-0.00018856934081449292
-0.3587942486004593,-0.07466992106883907,-0.31090344678949544,-0.09284184976576874,0.006709540346004274,-0.16583825889097983,0.0004996415963155993,-0.039958189983954465,0.9575968846426892,-0.001142243034147811,0.0047633670982876125,-0.000263239261883332
-0.477387373370038,-0.00815140473907483,-0.10152628806416018,-0.09863513805613927,0.06869326378351123,-0.043501481145755964,-0.0021763670592418907,-0.04329809895650552,0.9573864994845771,-0.0012437693222119711,0.004285979724917574,-0.0002713906666224068
-0.5140298990320167,-0.11651361203961579,-0.3727384599874897,-0.06501581861611436,0.10841670057472647,-0.04535576895439912,-0.005627200776914617,-0.04245527814377603,0.960352401547583,-0.001616507782199461,0.0037719498258855576,-0.0003879042786620226
-0.4250339346007586,0.0510677010489138,-0.44972440593134666,-0.07609776915395816,0.10860449164346976,-0.10609651296967086,0.001219745929576681,-0.0400133749017911,0.9670606466312748,-0.0020662321881308073,0.0033469158912847992,-0.00033683657761310884
-0.48609246591979266,-0.16465249688334244,-0.2634620631068127,-0.09338442770509182,0.04153546956483676,-0.08134891662031782,0.002108327202102931,-0.0350697799679594,0.9626662065270335,-0.00232969425123762,0.0028608234253650064,-0.0005014890744964514
-0.4549174951905157,-0.04012207037611469,-0.3369237186568275,-0.02628898904096691,-0.009664724843692955,-0.042802985386326084,0.00495924515246831,-0.039908778038971096,0.9601500044846606,-0.0026666179698944473,0.0024059059301744907,-0.0005416111448725661
-0.5450242803447054,0.12856302023133842,-0.2733713652613705,-0.047967479702899406,0.05139300331161725,-0.09251412538452555,0.001167281220382711,-0.032737472866156456,0.9664428406887103,-0.002939989335155818,0.0018608816498297852,-0.00041304812464122763
-0.40143230430684057,0.027200986040078187,-0.34235258088959714,-0.00834204585729564,0.07061478770721781,-0.011166779199467331,-0.0013709944068800949,-0.032998288528277755,0.9601563168822526,-0.003282341916045415,0.0014594493455229445,-0.0003858471386011494
-0.5563128792782406,0.15885824017798295,-0.19454327832033733,0.04234164050558335,0.006784864091827054,-0.05646478317784256,-0.00018048227335196263,-0.03870916566352297,0.9600140675284609,-0.0034768851943657525,0.0009031364662447039,-0.00022698889842316644
-0.276279923241479,0.08831726545246123,-0.2266644182793934,0.061219151404218984,0.008236001319646826,0.11204532827786202,5.423372505754861e-05,-0.04833509740569387,0.9579948495396554,-0.0037035496126451464,0.0006268565430032249,-0.00013867163297070524
-0.2827467498232671,0.11628127444279998,-0.12854484047600384,0.045851797017346124,0.057175461345572186,0.04602896654350051,0.0006329135848406471,-0.03287659076236923,0.9612749045876096,-0.0038320944531211494,0.00034410979317995785,-2.2390358527905248e-05
-0.3260693816084294,0.10862013065576012,-0.05890419593197955,0.15608919031882315,0.05008026888845131,0.04309390008144076,0.0025333365744386197,-0.03721201798465081,0.9614316600763055,-0.003890998649053129,1.8040411571528415e-05,8.622977212785488e-05
-0.2876220943130944,0.03141855657710313,-0.045890457748790026,0.04967418931641154,0.04678796596003861,0.08191230527568477,-0.0027339019894667103,-0.03442295842202282,0.9549278912668663,-0.00393688910680192,-0.000269581682741566,0.00011764832870495802
-0.16276629351121555,0.2628207768819234,0.006296821996366154,0.13918659849932855,-0.019283654676384675,0.029838076332280215,0.007914531034140549,-0.05622748673511539,0.9720733401706763,-0.003930592284805553,-0.00043234797625278155,0.00038046910558688145
-0.28111148321283613,0.3277038485381615,0.06767350355382547,0.11102996218997672,-0.05255283625677811,0.13386948030264528,-0.0012210699435267125,-0.04165496058837407,0.9558294450177889,-0.003862918781251728,-0.0007134594594656176,0.0007081729541250429
-0.09149765155704326,0.04556380370987817,0.14104814201444096,0.0795055623911962,-0.04200273687154634,0.19661214703158908,-0.0033923821551915885,-0.04488609397643487,0.9676313787941394,-0.0037218706392372868,-0.0008049571110226609,0.0007537367578349211
-0.027306790278409147,0.24680247061866567,0.13840405602254008,0.03598635224866205,-0.008943873678198287,0.09226851453822989,-0.004065234042196804,-0.039987096629549614,0.9567302321500323,-0.0035834665832147473,-0.00083226390130107,0.0010005392284535865
0.10573283081646254,0.17189816942954705,0.40111592033024984,0.015889941847918455,-0.08131888345875136,0.07636190394849372,-0.006399208748059486,-0.0319210524193594,0.962843653346623,-0.0031823506628844973,-0.0007265310704846075,0.0011724373978831337
0.20424888191971016,0.11300102419275107,0.28360085357225057,0.048559940307677824,-0.0389829224613764,0.12420091006910912,-0.0005220053844353307,-0.04952027444012342,0.9594865367417892,-0.0028987498093122465,-0.0005222821885648973,0.0012854384220758845
0.14561762057200064,0.12600344942933853,0.2519016892139518,0.12254745025925623,-0.03986317345241998,0.17067761601073744,0.0003672714853857938,-0.04685123545947516,0.9633859117512167,-0.002646848120098295,-0.0003766645679928966,0.0014114418715052233
0.41300344157115615,0.13021173595765245,0.27490358393543424,0.03812160560321446,-0.043429376753542595,0.14468251100278445,0.003194103509148163,-0.03903603416334577,0.9632710667973046,-0.0023719445361628606,3.6338873578259545e-05,0.0015416536074628756
0.12187519509112436,-0.004862087601198772,0.20494626591581835,-0.01849397104377317,-0.08770294028579112,0.1146246883441762,0.001156330315234656,-0.041170496221181276,0.961224941281581,-0.002166998270247042,0.00015821406866938393,0.001536791519861677
0.2869078631219509,0.037047602234991206,0.23427920330424115,0.07849876182179853,-0.12887495392413603,0.09617841625578036,0.008585686188626216,-0.03421038360239152,0.9640901073773732,-0.0019327190669428012,0.0004451219317913348,0.0015738391220966681
0.45529668135182944,0.12281522983515167,0.21858189232673364,-0.0626695381865426,-0.06327204940618888,0.1032782042909775,-0.005465198100354496,-0.030462592657106092,0.9680646369576758,-0.0017141371746160674,0.0009004186131431643,0.0016966543519318198
0.34095311482591606,-0.09471300184169296,0.15198634198341948,-0.055567510177681474,-0.09309381103901593,0.058946612775852204,0.003261444278590428,-0.02329725399480074,0.9604804600270073,-0.001562150832632648,0.0012413717279690802,0.001601941350090127
0.3624209264814475,-0.08090410749123966,0.10851290959526759,-0.06491122024264505,-0.08473782012408375,0.06277601256895547,0.0030109080054541346,-0.03517162514074666,0.9642031624003266,-0.0014536379230373805,0.0016037926544505276,0.001521037242598887
0.345367249999596,-0.21230790635999308,0.11287977544755089,0.005883441661089516,-0.10357648577813543,-0.02911018889447052,-0.00414718147701736,-0.029761288936044593,0.9616293448015687,-0.0013407581475898297,0.0019491599044501235,0.001308729336238894
0.408038848037663,-0.053923873172718656,-0.04175891498579218,-0.03597505502052601,-0.03256497482241095,-0.04366531124367891,0.0016829933671725934,-0.04517776050124709,0.9615404979558464,-0.0013825170625756218,0.002357198752487787,0.0012548054630661751
0.34697301424318566,-0.24841073980085235,-0.150710776131608,-0.10256961587192505,-0.043363768542918506,0.0015989090528178204,-0.007009793278222936,-0.03680049292703844,0.9684387098366111,-0.0015332278387072298,0.002704171766730972,0.0010063947232653227
0.47344403852955985,-0.3065304188871012,-0.16854864154209012,-0.16223855447846175,-0.022335191204606357,0.04055829145045303,0.0034692837155533484,-0.03849279738474882,0.9678399792186875,-0.0017017764802493198,0.0031776158052605323,0.0006998643043782215
0.3027403929799881,-0.301013018612447,-0.4078901943884395,-0.1265471098990199,0.017485785137306142,-0.02858030728863436,-0.003968905167316631,-0.042577840417871916,0.9652878431932654,-0.0021096666746377593,0.0034803561982405203,0.0003988512857657746
0.21633342736910663,-0.2793716875753501,-0.45363650564622043,-0.14196413929489796,-0.0036878906483376155,-0.1111867528863129,0.00654240725228635,-0.040883239007962854,0.9654108778374577,-0.00256330318028398,0.003696689625609626,0.00011947959819042448
0.4593383334895369,-0.4287517993657029,-0.5388467657598458,-0.1120482725903328,-0.12985301340497202,-0.03959469146255871,0.00035954508661417695,-0.03853065580567924,0.9642409369122096,-0.0031021499460438255,0.0041560279590991634,-0.00030927220117527845
0.5094927576866506,-0.37686259324815363,-0.7707042547141632,-0.22641207654768908,0.1408434745470039,-0.08774134072863907,0.006669258287496305,-0.0372117773180774,0.965483993880669,-0.0038728542007579886,0.004665520716785813,-0.0006861347944234321
0.3984066172465477,-0.28968835984962404,-0.5449334298436318,-0.08910760573422688,-0.09977271942280881,-0.12547115849008675,-0.001613417594154106,-0.0419038937093492,0.961546771120118,-0.004417787630601621,0.005063927334032362,-0.0009758231542730561
0.33758338584866626,-0.25179328958893055,-0.6905388143950788,-0.18316412351841593,-0.04289932773748599,-0.07598346677995141,0.00624545862763352,-0.03563847722603134,0.9604543223971707,-0.005108326444996699,0.005401510719881028,-0.0012276164438619866
0.4684162693202896,-0.2916968426327684,-0.5392291011195041,-0.159514881789606,-0.02210368115926887,-0.07060528221651198,0.0019600428473556075,-0.03004171246099792,0.9618415863924985,-0.005647555546116204,0.005869926989201318,-0.001519313286494755
0.31754120114500356,-0.22637937884546847,-0.5657152346415717,-0.12738378213787677,0.055759898633792715,-0.024066660743474244,0.006109493216667785,-0.03984758458555111,0.9667962362922108,-0.006213270780757776,0.006187468190346321,-0.0017456926653402233
0.1515969854076076,-0.1298921483117519,-0.5390634856388209,-0.11860620455019036,-0.04010663576290241,-0.012375646178422019,0.0009354330671655642,-0.03822446311929244,0.9740299226421284,-0.006752334266396597,0.006339065175753929,-0.0018755848136519752
0.2584982363891253,-0.20410891243596987,-0.44991852865643084,-0.018773758842743408,0.04592967130983963,-0.01299604717096813,0.007622359377205868,-0.04196978959688881,0.9708065219790157,-0.007202252795053027,0.006597563412143054,-0.002079693726087945
-0.06929203508191722,-0.04203173752748271,-0.30343794812062264,-0.0737622188035977,0.0345630657819925,-0.042777757609315785,0.006866635709490056,-0.0281267320226678,0.9648583580190666,-0.00750569074317365,0.006528271377061138,-0.0021217254636154283
0.0944540415651149,-0.13687018635764475,-0.18587427417008878,-0.1498613069216237,0.02677581439034591,0.014698464439072944,0.015341238095688678,-0.03246862696346863,0.969160637742212,-0.007691565017343739,0.006622725418626252,-0.002258595649973073
0.037155360053237316,-0.02178172150616643,-0.1904295745781846,0.00834314988951166,0.02009434147610922,0.018354041188465658,0.003747238839367413,-0.03004814580375355,0.9659473274865094,-0.007881994591921923,0.006659880778679489,-0.0022803773714792394
0.12932162737173625,-0.030763642411485492,0.04233732641528269,-0.028070038419630912,0.03812667777031137,0.04732237298303815,0.00459361582332763,-0.039535986494405845,0.9746500891404266,-0.00783965726550664,0.006789202406051226,-0.0023111410138907254
-0.02313359192071886,-0.04326396144120023,0.18090912369740586,0.07984711782658216,0.09375068850657237,0.07943933386592728,0.01768924583107999,-0.03643914707470161,0.9686559141885492,-0.007658748141809235,0.006766068814130506,-0.0023544049753319255
-0.017432446469741764,0.012888959052866467,0.2383122510528885,0.08879410098770943,0.08616205863065267,0.08421566092327969,0.008172335327507801,-0.039016076782212035,0.9635332134461033,-0.007420435890756347,0.006748636367660764,-0.0023415160162790585
-0.21585116422638134,0.20414635863920988,0.285498977200999,0.02370949971200099,0.0845532299187568,0.11675234660909085,0.013029229021188811,-0.031408144540741104,0.9704656067342102,-0.007134936913555348,0.006532785203434383,-0.0021373696576398485
-0.07179924535027807,0.2053205398281431,0.3789933247079666,0.08350758094638716,0.1362752025970857,0.07842590144610008,0.008259485147971427,-0.03474165240699231,0.9699160089366354,-0.006755943588847381,0.006460985958084105,-0.0019320491178117056
-0.2888679364940946,0.13759540184014685,0.42164746805808506,0.022777346055004116,0.09374575644681528,0.07182291486889487,0.0068252473074286,-0.03084489043385047,0.9756318728583125,-0.006334296120789296,0.00617211802159001,-0.0017944537159715586
-0.20613238330487355,0.15824792293602585,0.6339529013586681,0.1639637421444992,0.09621055788189416,0.13350242972421272,-0.006513756257068196,-0.04586926374063793,0.9671516147880936,-0.005700343219430628,0.005965985638285137,-0.0016362057930355328
-0.20887200825005275,0.35786998832664085,0.5515378715164694,0.018441407092614964,0.06821781864263426,0.07866823610504213,0.005847576088183208,-0.02517267724740855,0.9647445593518661,-0.005148805347914159,0.005757113630035084,-0.0012783358047088918
-0.15834738577466978,0.3023499019185195,0.5734183992535133,0.13560295408228007,0.05846759890820317,0.08294125660812324,0.006207404130847052,-0.02675082902868016,0.9619946499827919,-0.0045753869486606456,0.005598766244260415,-0.0009759859027903723
-0.25327386301299715,0.3176201089604019,0.9448847264055422,0.15129366624829668,0.09985414019112455,0.08087876823783711,0.010199153240477368,-0.03691894602447742,0.9645836399642312,-0.0036305022222551035,0.005345492381247417,-0.0006583657938299703
-0.45513143956119606,0.3809920202039111,0.6030174881226605,0.1050438474646903,0.09282432614307871,0.01253726343445726,0.004481976146141051,-0.04037718009722383,0.9656589913786183,-0.0030274847341324428,0.004890360941686221,-0.00027737377362605924
-0.265192212330282,0.3994165753425647,0.5452642535989356,0.1400105332330671,-0.03894821321320054,0.11883209629967624,0.006855755113427965,-0.028124051625822283,0.9582834709253185,-0.0024822204805335073,0.004625168729355938,0.0001220428017165055
-0.3614855558241859,0.33373286080385467,0.39614575447794503,0.14551153575274758,0.032982911125964215,0.10142504185389009,0.008299493313920221,-0.03278482756406177,0.958412580324616,-0.002086074726055562,0.004263683173531753,0.00045577566252036025
-0.15719513475907926,0.1901712040530346,0.605321051789169,0.12586219517879638,0.011135835531036337,0.05423553219354917,0.002369433194017478,-0.03065832411665098,0.9603491542277369,-0.0014807536742663932,0.004106488038772674,0.0006459468665733947
-0.17940256754033398,0.09112393576226929,0.2987153179731711,0.07453501890813441,0.04904713695135464,0.03238577726332049,0.014608560754423443,-0.03905655137755519,0.9584525594312883,-0.0011820383562932222,0.00392708547123234,0.0007370708023356641
-0.16727548278891513,0.1403385652534771,0.27240614736620256,0.170559222050321,0.04925543532593351,-0.06226830322442358,0.004524941493080994,-0.033949213573006384,0.9656973973005746,-0.0009096322089270194,0.0037598099884434246,0.0008774093675891411
-0.3145685313284631,0.11810365551746806,0.262003221047184,0.11506381128792599,-0.050159523886228845,0.020345804847548304,0.010772813907132073,-0.03430920408225034,0.9683416570699168,-0.0006476289878798356,0.0034452414571149617,0.0009955130231066092
-0.2573724410002549,0.2929134405605771,0.07441504285121969,0.11540444878084441,-0.013912087607652099,-0.03248480253328801,-0.0010834088545734468,-0.027699810788069414,0.9557376305465021,-0.0005732139450286158,0.003187869016114707,0.0012884264636671863
0.053934436497491745,0.2415406322410224,-0.1519439281881147,-0.05849998832214165,0.005985439444916299,-0.09675142364501922,0.005858405700664531,-0.030544626860962504,0.9685623767721585,-0.0007251578732167305,0.003241803452612199,0.0015299670959082086
0.033032518109392055,0.020457572142225093,-0.2423817575551918,-0.02718365696167245,0.007311938719657604,-0.029400717633203524,0.01395897869401539,-0.03618720604704493,0.9638356650470727,-0.0009675396307719224,0.003274835970721591,0.0015504246680504337
0.03753190981385757,0.02346796259481739,-0.2911529810970784,-0.04173366217545396,0.015129433476530483,-0.12936902160002237,0.006496533917903542,-0.0357727533776182,0.9629180860905676,-0.0012586926118690008,0.003312367880535449,0.001573892630645251
-0.12274420465930846,-0.16776732230661653,-0.22797602739582223,-0.024335305232848745,-0.03847660950982705,-0.12230451088327458,0.00987209688481861,-0.03833056757296627,0.9775244291438578,-0.0014866686392648232,0.0031896236758761406,0.0014061253083386344
0.2143468700664602,-0.10266120885128327,-0.3135523251980698,0.01825969066629337,-0.02177755831175909,-0.12905896261131858,0.017086669096389857,-0.030191853363772125,0.9705434751692004,-0.001800220964462893,0.0034039705459426002,0.0013034640994873514
0.19239256223796422,0.04183554867187669,-0.4597353740112302,-0.07299503869225912,-0.04054126068486182,-0.1318133048779246,-0.002834576780491274,-0.032726550463526065,0.9680121823941038,-0.0022599563384741233,0.0035963631081805643,0.001345299648159228
0.09733405881466971,-0.2216440525128518,-0.3370209067136123,-0.06099254729952687,0.0004186445957576109,-0.22647189397208417,0.008101912612257007,-0.04168955938454908,0.9671310647100263,-0.002596977245187736,0.0036936971669952337,0.001123655595646376
0.21828899961785211,-0.24758563808674905,-0.34797498457056025,-0.13357027657458545,-0.07710064416517898,-0.04906260632297189,0.007495418445795407,-0.0388474335288656,0.9710844872146711,-0.0029449522297582964,0.003911986166613086,0.0008760699575596271
0.29174878720975767,-0.2136756375482413,-0.5983674463116715,-0.1135140306452725,-0.0954351664061574,-0.16787209799335062,0.014254828295101971,-0.028899306554561424,0.9633153220210506,-0.003543319676069968,0.004203734953822843,0.0006623943200113858
0.23638799838300517,-0.2495429483006368,-0.1526639396802374,-0.0892605751793155,-0.026843722731917485,-0.07037980753528823,0.010102908768203325,-0.03985998391012984,0.9601321494254182,-0.003695983615750205,0.004440122952205849,0.00041285137171074893
0.44957675593551455,-0.13757503812961436,-0.247593729886937,-0.1014254201236028,0.012223410577874199,-0.045484505649910655,0.007524395830552739,-0.03883066046554418,0.9620464562703583,-0.0039435773456371415,0.004889699708141364,0.0002752763335811346
0.2663104465352223,-0.2801860081695897,-0.44421136702807085,-0.056053002763985865,-0.10863855583220988,-0.008255004672261522,0.006271394348819701,-0.03168891500158798,0.96456172292948,-0.0043877887126652125,0.005156010154676586,-4.909674588455148e-06
0.21695859758024177,-0.09556304606018727,-0.12877938931241267,-0.0883658484856205,-0.03712495202990102,-0.03694373817479186,0.006237057956496581,-0.028013398770734076,0.9609561342348619,-0.0045165681019776254,0.0053729687522568285,-0.00010047272064864243
0.29231287701037534,-0.22148136376129762,0.046658041098082366,-0.11050920304979986,0.011165067042902533,-0.020799912599950218,0.011121066553506113,-0.029944720513975443,0.9645200152639626,-0.004469910060879543,0.005665281629267203,-0.0003219540844099401
0.22111157100335876,-0.13349455732525026,0.041392441711964226,-0.06391791532702862,-0.008592973694643635,0.06924316413699116,0.013485871385238457,-0.03705004040836212,0.9693186845670527,-0.004428517619167579,0.0058863932002705625,-0.00045544864173519033
0.13883201422279512,-0.2288947776782474,0.09869446412736826,-0.05920157885757896,0.053122443312808264,0.07219243689756397,0.013694146667263655,-0.022708859471617264,0.9733375645797064,-0.004329823155040211,0.0060252252144933575,-0.0006843434194134377
0.37456921919215336,-0.23308360332081757,0.17651925654321524,-0.009483161844335458,0.06680345298331665,0.02734157203655979,0.012551924816237462,-0.02830726930262744,0.966776167457438,-0.004153303898496995,0.0063997944336855106,-0.0009174270227342553
0.34667902667980555,-0.0667088386225976,0.30939159628450097,0.02847496085761056,0.02978103768596402,0.039107400966650496,0.012398119395624295,-0.027066779795630363,0.9564011428864535,-0.0038439123022124943,0.006746473460365317,-0.000984135861356853
0.31636395688882696,-0.0208636350827665,0.24900525624412354,-0.047938311370328696,0.026980630293932995,0.09292447614582658,0.006109312305931263,-0.040054350129974076,0.9565787617507262,-0.003594907045968371,0.007062837417254143,-0.0010049994964396196
0.022961624932818836,-0.13175714398657143,0.3092901091497954,0.045664225282098174,-0.055331923893867235,0.05534102338467944,0.006370848503150322,-0.03663067760200083,0.9640471203027463,-0.0032856169368185753,0.0070857990421869625,-0.0011367566404261909
0.029614829086237346,0.023315318701694343,0.1528561406643839,0.08660107334603977,0.00918546087114639,0.04463615822279369,0.009444605997322445,-0.03270548702619605,0.9633267034991743,-0.0031327607961541912,0.0071154138712731995,-0.0011134413217244964
-0.07458155552427134,0.17296278684102265,0.42220988958688854,-0.04333015088718166,0.08674515603748681,0.12002242413889941,0.005330992116048444,-0.03944595395756632,0.9600467210069641,-0.002710550906567303,0.007040832315748928,-0.000940478534883474
0.045560627540465914,-0.0067316175101154035,0.18548212674668257,0.023604278286468505,-0.01453164881893988,0.20626105036026776,-0.0032840029006472628,-0.04362156369148487,0.9664046467165943,-0.0025250687798206205,0.007086392943289394,-0.0009472101523935894
0.041824483584560555,0.23675749023458248,0.2567248803790811,0.09300252852301143,0.10368392901896523,0.06768926323647324,0.020350684283540293,-0.03388288703855649,0.9617215979751514,-0.0022683438994415394,0.0071282174268739555,-0.0007104526621590069
-0.02246914512740795,0.22747378448972647,0.2469565921531962,0.08687736545030444,0.07222918826007525,0.1719722468675237,0.008035778165093195,-0.028618749883271365,0.9587542236803411,-0.002021387307288343,0.007105748281746548,-0.00048297887766928036
-0.09401942179028908,0.31580283299598233,0.04237923104807141,0.01754338576436755,0.021691940735467475,0.054894416295809705,0.01228051511297645,-0.028234721792626535,0.9717648780905459,-0.0019790080762402715,0.007011728859956258,-0.00016717604467329805
-0.16749479026485575,0.05048702662257082,0.1265711211339442,0.1170907886077135,0.011272287739786481,0.12101096683721041,0.010866537018502511,-0.026667641077787275,0.9638922893866334,-0.0018524369551063274,0.006844234069691402,-0.00011668901805072725
-0.18759533818125304,0.21223604875352767,-0.021856435750165423,0.08786127696412942,0.014420477825351495,0.11190708266958888,0.010731077994935037,-0.023350862066229303,0.9731328778079621,-0.001874293390856493,0.00665663873151015,9.554703070280044e-05
-0.1645357444576664,0.22325928850011934,-0.19946590322310037,0.06125057721557048,0.036590368112538865,0.14420686087058313,0.011410274713395025,-0.030502513035100817,0.9649922600044752,-0.0020737592940795932,0.0064921029870524845,0.0003188063192029198
-0.2568176593021389,0.10304034745866679,-0.2629411306619567,0.033618669274926766,0.053550645150454525,0.08443242840274949,0.008750181349502666,-0.03311223293184935,0.9670510614969658,-0.00233670042474155,0.006235285327750344,0.00042184666666158664
-0.367857722341449,0.07566514339853402,-0.19790613962551273,-0.023511865420275644,0.04543524121329194,0.07797842621797642,0.014072593160384415,-0.029940897652052212,0.9674858779027063,-0.0025346065643670626,0.0058674276054088955,0.0004975118100601206
-0.14965918562305358,0.1562192961049219,-0.24725746422136963,0.06818199007307445,0.08092312393674833,0.03308037143516404,0.00629225105110173,-0.028016309777765154,0.9665796447697862,-0.002781864028588432,0.005717768419785843,0.0006537311061650426
-0.38272903285870186,0.03886001226333087,-0.5501159861829144,0.04386263873908289,0.07019622708442715,0.053425216698127186,0.004320285124708664,-0.03348070335368892,0.9668591210316526,-0.0033319800147713465,0.00533503938692714,0.0006925911184283735
-0.3051971857621123,0.033700836414474834,-0.40223084105687024,0.03547410734557719,0.004826777964970696,0.05600599768718218,0.010096813676448336,-0.029960963703486544,0.9640867270898358,-0.0037342108558282173,0.005029842201165029,0.0007262919548428485
-0.38477295749614054,0.05190829736987199,-0.49371936336125455,0.02626967842537061,-0.03588494398994489,-0.021904549128724644,0.018162439761625904,-0.028578100634540873,0.9659587063523236,-0.004227930219189472,0.004645069243668888,0.0007782002522127205
-0.24449974160990542,-0.0729250980113051,-0.5387001697575445,0.030373345159251174,0.0058846727199457095,-0.009986917335324702,0.01145643359305878,-0.027739484051626552,0.9696253322355188,-0.004766630388947016,0.004400569502058982,0.0007052751542014153
-0.3750450357282239,0.009388408390000914,-0.5624728126974629,0.01139058660811856,-0.017796725740941568,-0.022931202353977935,0.010486790139918791,-0.02875177418704007,0.9692189609813974,-0.005329103201644479,0.004025524466330758,0.0007146635625914162
-0.4158825137968103,-0.04941910008100221,-0.48901522847886625,-0.03937896229126215,-0.06960051946113653,-0.1055993154039644,0.013905811843099851,-0.023443476832056807,0.9685964753062062,-0.0058181184301233455,0.003609641952533948,0.0006652444625104139
-0.4515790110037714,-0.11135891281289946,-0.5913117728706475,-0.07547147933122161,-0.10259803025418729,-0.08324155771383425,0.010422316993664114,-0.03998912306381885,0.9689186313962369,-0.006409430202993994,0.0031580629415301764,0.0005538855496975144
-0.3679220630060449,-0.29207114677774965,-0.5142423639851996,-0.1238472229612403,-0.014434206390237958,-0.06682683137087635,0.007939900277014961,-0.037830273137816374,0.9671380051963184,-0.006923672566979193,0.0027901408785241315,0.00026181440291976485
-0.44890594431265907,-0.22441118859786088,-0.3586283263896464,-0.10128790028790484,-0.018431647191576882,-0.0555571164047245,0.015586697154297838,-0.02637857932970555,0.9594627374161177,-0.007282300893368839,0.0023412349342114723,3.740321432190394e-05
-0.4610317821674344,-0.16731111402901133,-0.2619791812717894,-0.11737061487422973,-0.059720473065968546,-0.04369540581069553,0.019780954054303836,-0.029671477884623806,0.9651746603181424,-0.007544280074640629,0.001880203152044038,-0.0001299078997071074
-0.47451806511778016,-0.3158918158064408,-0.22316312673679553,-0.10668318181769172,-0.10219332886823819,0.020543339817546614,0.017686770317545855,-0.02970562802259271,0.9767462226541291,-0.007767443201377425,0.001405685086926258,-0.0004457997155135483
-0.2578869752672414,-0.18321779156580986,-0.1900527766063499,-0.090282220348222,-0.08199766221501766,-0.1040619250122849,0.01756190280644375,-0.03145812572121972,0.9691361235774667,-0.007957495977983774,0.0011477981116590162,-0.0006290175070793582
-0.20774534631006558,-0.3344739535733534,0.009240651143940853,-0.10609264500232127,-0.09624016492122187,-0.07324954825054089,0.019769728328800255,-0.027856415322337076,0.9731868394471122,-0.007948255326839833,0.0009400527653489508,-0.0009634914606527115
-0.1448605008581791,-0.417790437245793,0.056612531889637226,-0.09132860751575865,-0.12305199100366232,-0.04058072823795733,0.011102422795428259,-0.03161546346455321,0.9690044190378728,-0.007891642794950197,0.0007951922644907716,-0.0013812818978985045
-0.1787108233088978,-0.32422052363276743,0.28503787777844514,-0.17490519298497711,-0.0883300023631659,-0.06239143411075091,0.011873749985530443,-0.03688866551356945,0.9742638863415644,-0.00760660491717175,0.0006164814411818739,-0.001705502421531272
-0.14168929188556556,-0.5119558275118821,0.2700939930512243,-0.16482757399093667,-0.08927062702481554,0.06961170176558178,0.012446356481873151,-0.02642173235464322,0.9594237323429466,-0.007336510924120527,0.0004747921492963083,-0.002217458249043154
0.10623093038013236,-0.22419791484032434,0.5370905150069702,-0.1491792636915181,-0.07554557978973056,0.026404601717925018,0.015071011474691184,-0.028812623661285456,0.9648929602792123,-0.006799420409113555,0.0005810230796764406,-0.0024416561638834784
0.05453685209855147,-0.3019743834460441,0.3565675081693531,-0.07766449682493926,-0.012834447350566516,0.09210733808849864,0.012134072759601457,-0.021302204345313276,0.976338213347502,-0.006442852900944202,0.0006355599317749921,-0.0027436305473295224
0.08872960108697187,-0.26833273673993513,0.5221930544487681,-0.0934947405714536,-0.08365207692028362,0.031108394027711726,0.016565767007250466,-0.02799977440424632,0.972753168156595,-0.0059206598464954345,0.0007242895328619639,-0.0030119632840694575
0.1364997852512702,-0.24433114235553535,0.48507989965553205,-0.1068998270435585,-0.06104590433529369,0.011707105509494773,0.016394721914532603,-0.023856679356010643,0.9639328998908325,-0.005435579946839903,0.000860789318113234,-0.0032562944264249924
0.14010525953464772,-0.17580473993486753,0.5662156131646325,-0.087911228236888,-0.0369929675892757,0.04206427845728678,0.009584305847891156,-0.0335574981666803,0.9724210887893382,-0.00486936433367527,0.0010008945776478818,-0.0034320991663598604
0.20209497114189906,0.005793957409926609,0.6078688509752034,-0.02582099414253513,-0.0028023057800761753,-0.0004355191368423956,0.011168398503487637,-0.014144835978831033,0.9718719768044627,-0.004261495482700067,0.0012029895487897808,-0.0034263052089499335
0.0947056125894992,-0.1207699966586808,0.6197015890919696,-0.09722963754702726,0.002488551423347283,0.1478877627007506,0.01284084115261701,-0.027599907244169525,0.9619352725466203,-0.0036417938936080976,0.0012976951613792801,-0.0035470752056086146
0.30780688733547634,-0.09639929096857278,0.5755117099997162,0.05574210153236536,0.05250880648120838,0.056236379990388476,0.014378657009114977,-0.02400311990777018,0.9650171863036999,-0.003066282183608381,0.0016055020487147562,-0.003643474496577187
0.3392954853077477,0.14792305943814135,0.4419869008407518,-0.007784761597519308,0.04938960575864315,0.13579862470669943,0.019442438068557825,-0.0338928603113446,0.960982873765706,-0.002624295282767629,0.001944797534022504,-0.0034955514371390454
0.4360981899551055,0.14565038130426716,0.2640580241739743,-0.0479812463571809,0.03319238806432283,0.060811723563331484,0.008868180860061685,-0.029834571627378535,0.9632540612512935,-0.002360237258593655,0.0023808957239776097,-0.0033499010558347784
0.6102236708986274,0.06569163545899423,0.23994424528519892,0.054041090953216825,0.007219609911646496,0.05192914057122578,0.015438383402502316,-0.020544580237078676,0.9626862155530004,-0.0021202930133084564,0.0029911193948762363,-0.0032842094203757843
0.47868418296601045,0.05791764623650876,0.28921403270797985,0.12116630329672559,0.03614552689764226,-0.0034970672325973316,0.015275028413523416,-0.030070256061785365,0.9643748268493465,-0.0018310789806004768,0.0034698035778422467,-0.0032262917741392757
0.42867209398772194,0.10208940185218682,0.13021263151851067,0.10575178283934034,0.012214022313868776,0.11798220701182435,0.010080699164796167,-0.029914110766060542,0.9704105349682377,-0.0017008663490819661,0.0038984756718299686,-0.0031242023722870883
0.36477148435901796,0.23368481608386096,0.03467210537662886,0.16242474625744532,0.05388549312297326,0.0676384731960211,0.007126027170444064,-0.03287847823627847,0.972173762522482,-0.0016661942437053373,0.004263247156188987,-0.002890517556203227
0.4269744176280317,0.3302487284995921,-0.0569002833210229,0.15276008270042757,0.03505486671298579,0.03490976576641436,0.013446899584467176,-0.023219967161206403,0.9705002286938231,-0.0017230945270263602,0.004690221573817019,-0.0025602688277036353
0.43954179429469287,0.34049018190989905,-0.12031323310679538,0.07547370712783583,0.09015817232835863,-0.04116420521657537,0.010235683660594318,-0.022817620750174027,0.9751378379413634,-0.0018434077601331555,0.00512976336811171,-0.002219778645793736
0.37796060602170156,0.17672823430413068,-0.17077318024220978,0.11806290899214847,0.12428116438356378,-0.020738850618795462,0.007212366062206569,-0.019162252487198134,0.9744943531774031,-0.002014180940375365,0.005507723974133413,-0.0020430504114896057
0.35871736937856036,0.39119408301843706,-0.3019156054527116,0.09934168764992572,0.08099460448498184,-0.012459385383002302,0.012184233349944033,-0.02386577306241375,0.9631874386515922,-0.002316096545828077,0.005866441343511972,-0.0016518563284711686
0.3383789790013403,0.2924084704109639,-0.2885096216944565,0.13069947055206446,0.053416619350994496,-0.04924264387036309,0.017222471539592242,-0.02737209815068207,0.9711303634116428,-0.0026046061675225334,0.006204820322513314,-0.0013594478580602047
0.36939578399989254,0.3501114533991438,-0.3409355182515107,0.16741626794021158,0.08308168256519953,-0.038224011500654874,0.0105937027941519,-0.02175839506877769,0.9697001767153667,-0.0029455416857740438,0.006574216106513205,-0.0010093364046610607
0.26958008861397237,0.256736875028267,-0.16964291016798144,0.19724437962483254,0.15702465784223146,-0.08075780617255082,0.015115171379607781,-0.025413222666636242,0.9779710458197287,-0.0031151845959420253,0.0068437961951271775,-0.0007525995296327937
0.32497251705004665,0.19863329317185868,-0.29198780073485164,0.10103705861694633,0.06919735810318697,-0.14818640744884526,0.017081324860170735,-0.02919937847696171,0.970518249197246,-0.003407172396676877,0.007168768712177225,-0.0005539662364609351
0.31763154783371056,0.34117167536851145,-0.3821779249820605,0.06431618029391192,0.12270474370940931,-0.12024819248287845,0.02005645125376694,-0.03157405929879897,0.9648524605259331,-0.0037893503216589377,0.007486400260010935,-0.0002127945610924236
0.21262940803848196,0.16491012609143288,-0.22940564115967263,0.16238237836900077,-0.006916216927821089,-0.06883445660052641,0.024174392756059634,-0.029097223874317582,0.9628022445900799,-0.004018755962818611,0.0076990296680494175,-4.7884435000990684e-05
0.2839140423929444,0.24296755720001964,-0.1827524497539727,0.022442666002687486,0.09817047670623122,-0.11870712592908898,0.01926947974358151,-0.01966956940141253,0.9684560014127755,-0.0042015084125725825,0.007982943710442362,0.00019508312219902897
0.010181543793449335,0.14045506634281174,-0.21025119204141549,0.1893857337856245,0.10126394375052053,-0.09244934377953835,0.017450973314079923,-0.020262422218431567,0.9736874472919137,-0.004411759604613998,0.007993125254235811,0.00033553818854184075
0.04195120721630777,0.0718953105097602,-0.21782088236612152,0.018558120986777157,0.04331906444285555,-0.09335455758541532,0.021374299359793784,-0.031096390802176986,0.971168192341694,-0.00462958048698012,0.00803507646145212,0.00040743349905160084
-0.17083999658653531,0.0006758724985263531,0.14665333185270174,-0.012407485422613737,0.016933440922308352,-0.14471270708009806,0.01770812808263681,-0.020158026568836154,0.9657913033008974,-0.004482927155127418,0.007864236464865585,0.00040810937155012723
0.004840110326614466,-0.002925577190069261,0.08947654912047247,-0.0294129588901337,0.0015120679624044233,-0.0921683446423258,0.0202036032703727,-0.018297125781065786,0.9664833373702502,-0.004393450606006945,0.007869076575192199,0.00040518379436005797
-0.21679674722598086,-0.09225380906355543,0.08313225017911573,-0.0810654489335446,0.03649701059731425,-0.12149563174967883,0.020742763997173647,-0.01814792732154276,0.9636384718690986,-0.00431031835582783,0.007652279827966218,0.0003129299852965026
-0.1912215702021301,-0.04095167362157691,0.1734212341708499,-0.07425479306220732,0.03852023766098563,-0.01559938089351494,0.019638368788470514,-0.022304557437073443,0.9643483491471218,-0.00413689712165698,0.007461058257764087,0.0002719783116749256
-0.10044816193717258,-0.08499665937822824,0.2860127836099611,-0.07542453732647124,0.036081970920463745,-0.04391089589942595,0.021115768189426645,-0.025203786502514997,0.9722484747640983,-0.0038508843380470185,0.007360610095826916,0.00018698165229669736
-0.18860800777701267,-0.2032468135934429,0.3855949748813349,-0.04949833484694546,0.05069623879299282,-0.040326139170988234,0.0162396447153605,-0.020403663575266854,0.965124348326147,-0.0034652893631656836,0.0071720020880499035,-1.6265161296745574e-05
-0.1776229588542255,-0.16914231593406745,0.3155814736968795,-0.12186806192999652,0.01563657485740145,-0.01743092583541435,0.0110375693357356,-0.02727049570740389,0.9720670865754071,-0.0031497078894688045,0.006994379129195677,-0.00018540747723081304
-0.31941599126612863,-0.1414714076274438,0.3692245698109934,-0.062372403765180155,-0.04240312845168416,0.010709832860664454,0.02469411430973202,-0.029151780793255724,0.9738942604388234,-0.002780483319657811,0.006674963137929548,-0.0003268788848582568
-0.32658405220004927,-0.05203501050127615,0.35954305338329157,-0.11247907477446223,-0.034377654299504706,-0.04104020404439281,0.012460598367896616,-0.029846315613106234,0.9652247749389332,-0.0024209402662745197,0.0063483790857294985,-0.0003789138953595331
-0.12089124467431889,-0.1808293407831945,0.2669502711133049,-0.12264007947892046,-0.029604645287472735,0.021803031134948227,0.020239897745283505,-0.023791557446476364,0.9651592154988079,-0.0021539899951612145,0.00622748784105518,-0.0005597432361427275
-0.24236755641554594,-0.10052884031399975,0.232107154554463,-0.10982109891629277,-0.040866351168411606,0.04358025776002039,0.011147141448953464,-0.021238046601458102,0.971260686237675,-0.0019218828406067515,0.005985120284639633,-0.0006602720764567273
-0.1742635134573558,-0.15412382252996298,0.27616966932566106,-0.08656369539862192,-0.05605773595571735,0.12593228640599588,0.009280861080751214,-0.020871840974741904,0.9606256749654994,-0.0016457131712810905,0.005810856771182277,-0.0008143958989866902
-0.25773834884548147,-0.11974859677592098,0.18738296444631536,-0.09395998275624187,-0.1008743492209726,0.12864384752538496,0.008604663314906419,-0.022517569344315844,0.9682791324409676,-0.001458330206834775,0.005553118422336797,-0.0009341444957626111
-0.19107601472994412,-0.24948788060335922,0.09044916398855035,-0.07706790247111855,-0.08908073221487255,0.10257811404332333,0.017120999464452034,-0.02096199721228768,0.9769260329707188,-0.0013678810428462247,0.005362042407606852,-0.0011836323763659705
-0.18804566050245203,-0.12153117072549009,0.11725280252149162,-0.02478038951064488,-0.07442649281860281,0.1652943106141767,0.0202182450670497,-0.020924081610936222,0.9657611779291411,-0.0012506282403247331,0.005173996747104401,-0.0013051635470914605
-0.15756038604794165,-0.17715918159916605,-0.10234232786475525,-0.1181787393052363,-0.005982342568098968,0.11347166822479474,0.015489226335022435,-0.018125939988637773,0.9793926536095778,-0.0013529705681894885,0.005016436361056459,-0.0014823227286906264
-0.24149203202043584,-0.137805402258719,-0.2136527393399174,-0.05987835386014187,-0.06286602809046056,0.11137681833856992,0.01315072089038016,-0.024517296448583484,0.9750585981431354,-0.0015666233075294059,0.004774944329036024,-0.0016201281309493453
-0.13326314731657854,-0.16918381520076745,-0.36647219035960726,-0.03902775471133226,-0.08060754702219507,0.1175459169084086,0.019401893552213056,-0.021436064837131945,0.9668512523081686,-0.0019330954978890133,0.004641681181719444,-0.001789311946150113
-0.14791348190128195,0.23947458025675833,-0.3741918824712172,0.008523089150835548,-0.07199981978186502,0.1533304931869799,0.019227511461705416,-0.014771323259582764,0.9604949407962161,-0.0023072873803602306,0.004493767699818163,-0.0015498373658933545
-0.05634099381936133,0.06642440021850997,-0.5596926415890153,-0.031665162420586666,0.02417073294850783,0.13711492272471085,0.013232994389322874,-0.018633076072402287,0.9611132383210926,-0.002866980021949246,0.0044374267059988015,-0.0014834129656748447
-0.054005717392387444,-0.012294070317648786,-0.5508850938509744,0.07480063699739466,-0.03553858948559387,0.10149803871977396,0.017127389893462873,-0.023573218429921706,0.9720350661936106,-0.00341786511580022,0.004383420988606414,-0.0014957070359924935
0.21980684384706436,-0.08676998625064652,-0.7372030974345246,-0.0016268520608495405,0.00680399252188479,0.14425838649061667,0.01612163435290796,-0.018204851887995505,0.9651983368867632,-0.004155068213234745,0.004603227832453478,-0.00158247702224314
0.2322028601752758,0.053889446299112714,-0.45926251165029786,-0.024254966457864704,0.059916992349640555,0.012732230459169496,0.01895446160579611,-0.022915858180484912,0.9720820468817697,-0.004614330724885043,0.004835430692628755,-0.0015285875759440274
0.16541533685301119,0.1638024144175521,-0.6342609110325332,-0.010644659769591792,-0.004719028341797303,0.02884419799616777,0.022651204492117893,-0.02000793153955391,0.969485523406784,-0.005248591635917576,0.005000846029481766,-0.0013647851615264752
0.037305962839492335,0.1467982503515125,-0.47120387249487095,-0.0006788627721008543,0.0029810846008884086,0.08056288483108935,0.01098693031190609,-0.021383387431563337,0.9721036054338825,-0.005719795508412447,0.005038151992321258,-0.0012179869111749628
0.1556325237804897,0.22699442912682266,-0.4251770057597362,0.11079758959474195,-0.002240958966966737,0.06561390474343187,0.012257763770021576,-0.025451015658099055,0.9737927359599708,-0.006144972514172183,0.005193784516101748,-0.0009909924820481403
0.33132517261850936,0.13979038559412799,-0.36751644813350537,0.11404917742538916,0.06402963156455856,0.14265694837253867,0.02072436694421927,-0.015617798068831224,0.9709452825541298,-0.006512488962305689,0.005525109688720258,-0.0008512020964540122
0.2532821326106305,0.1406980067644203,-0.43613041599496766,0.10537691976823846,0.034409000322825505,0.028452314259655394,0.02193988296268367,-0.02087332024492123,0.9776063618886043,-0.006948619378300657,0.005778391821330889,-0.0007105040896895918
0.2433646650455857,0.1744384035469412,-0.214158532484511,0.06016120240253998,0.008593754688107347,-0.01859557823903152,0.012127183944598906,-0.021496757755024444,0.9721567934667833,-0.007162777910785168,0.0060217564863764735,-0.0005360656861426506
0.28356785429887266,0.12292408806566336,-0.09973857167291565,0.025136123831062507,0.06349070226736901,-0.08205394738884449,0.019767210242726967,-0.019545318965588983,0.9719383540823621,-0.007262516482458083,0.006305324340675347,-0.0004131415980769873
0.15112299185636008,0.2007861055359894,-0.17027526027504755,0.03754824494677541,0.06569134445823978,-0.0702118174061461,0.016120347262147693,-0.015512079107257958,0.967459566379676,-0.00743279174273313,0.006456447332531707,-0.00021235549254099785
0.1462061572792061,0.18843380812461735,-0.07412286400610753,0.0027614855734082525,-0.02426323370284615,-0.05992013908496668,0.02177652584557967,-0.023261615735516394,0.9687984777221865,-0.007506914606739239,0.0066026534898109114,-2.3921684416380487e-05
0.3519192834203646,0.01351205340183416,0.054874254838433445,-0.0020776755100746468,0.08464340913119554,-0.06300706855853266,0.008640117774399277,-0.014938112334138144,0.9770088816617262,-0.0074520403519008046,0.006954572773231277,-1.0409631014546326e-05
0.35869222484630364,0.20004389143316453,0.1040901248233678,-0.029445259266521907,0.06667031015595008,-0.09021420751424046,0.013879826244193537,-0.01182121101582595,0.9674007352529163,-0.0073479502270774365,0.0073132649980775805,0.0001896342604186182
0.2531883163724171,-0.012096272954229569,0.3294074634215353,-0.006081765428313731,0.04555008998433363,-0.03533460177361379,0.012936798178208588,-0.013414346856608835,0.9790292920377842,-0.0070185427636559015,0.007566453314449998,0.00017753798746438865
0.07100659462241848,-0.17275818575291513,0.24301930378266326,-0.014472098763906706,0.08971727510055104,0.02992029384691188,0.019429202764293822,-0.019155140272538892,0.9744088371287727,-0.006775523459873239,0.007637459909072417,4.779801711473492e-06
0.17803443808852898,-0.14880975636289226,0.6190268613636067,-0.03439988853311678,0.021401906238755136,-0.07566222303153589,0.02205124710007611,-0.010711139416331155,0.9727336783269468,-0.006156496598509632,0.007815494347160945,-0.0001440299546514188
0.012639373701552853,-0.24195870523325036,0.47920200541079916,-0.012149079230902658,-0.0036421252361824134,-0.04857583429580109,0.00974007768694083,-0.029832155167798045,0.9692867123859014,-0.0056772945930988325,0.0078281337208625,-0.00038598865988466913
0.08767376510321599,-0.18585353318610282,0.5187238585753412,-0.07175265869030509,0.029663067621279644,-0.04015415212564537,0.01724266014027204,-0.008313082495415916,0.9780421750189429,-0.005158570734523492,0.007915807485965714,-0.000571842193070772
0.129077832796676,-0.1300575168290842,0.5272499114154383,-0.0979249840359395,0.07155808622403499,0.024626092484211944,0.01410897811948545,-0.016665034432258256,0.9755113766282973,-0.004631320823108053,0.008044885318762391,-0.0007018997098998562
0.0532309564002725,-0.3594750332907536,0.5778969805069222,-0.08524991374095177,0.0406190554090561,0.05549949730169237,0.028602666649337923,-0.01568228068529769,0.9728370549117623,-0.004053423842601131,0.008098116275162662,-0.0010613747431906099
-0.03510263575013335,-0.4001320876386646,0.6590191763253195,-0.06848325696360409,-0.05274555263933819,-0.020614947860381948,0.014461909508174643,-0.009263933792135725,0.9696398390665122,-0.003394404666275811,0.008063013639412529,-0.0014615068308292743
-0.0880595806372873,-0.3234705046583052,0.5725363262136757,-0.07435456298113989,-0.016233555939960814,-0.0013188942893727646,0.01541377860769666,-0.021834501970396075,0.9572107421117217,-0.002821868340062136,0.007974954058775241,-0.0017849773354875796
-0.05280666226801203,-0.2186291677877492,0.3148814036011635,-0.14985833259844786,-0.0003407875101602148,0.06217120149966888,0.02452202672314254,-0.018303915163095742,0.9713089284534614,-0.0025069869364609722,0.007922147396507229,-0.0020036065032753288
-0.14584804758610112,-0.22794808041096834,0.5191075402042928,-0.13889198072209838,-0.09054389129814558,-0.04298415325093858,0.019908991984521885,-0.012662386037746897,0.968165602341496,-0.0019878793962566795,0.007776299348921128,-0.002231554583686297
-0.2560259504220716,-0.27556087492559733,0.38297216455088656,-0.20963571104422485,-0.026040207062852136,0.08077130626154563,0.02282251540382824,-0.016738482932133644,0.9728934673849741,-0.001604907231705793,0.007520273398499056,-0.002507115458611894
-0.22796594187738178,-0.19977580113814147,0.30557587599970915,-0.1223086346626656,-0.026058272798848644,0.05307043320409699,0.02067687218583194,-0.013973263836603996,0.9758612352072883,-0.0012993313557060839,0.007292307456621675,-0.0027068912597500356
-0.33828562395737033,-0.17292250086847014,0.11565775636109897,-0.19562310318936896,-0.0705716494245174,0.07910001516748524,0.00176325221638296,-0.01423168272845473,0.9695964185308005,-0.0011836735993449848,0.006954021832664303,-0.002879813760618506
-0.3412662548701003,-0.2506647997290669,0.012512518794682721,-0.09385860855243984,-0.08426970739107079,0.06282831726194171,0.01752943147453693,-0.023247094781858758,0.9686752409478556,-0.001171161080550302,0.006612755577794204,-0.0031304785603475725
-0.15311407074023817,-0.4043406495817108,-0.012617101239937561,-0.15131909382055722,-0.09014965728417394,0.12306863209296978,0.020970871703825368,-0.01643085060372779,0.9745468029548409,-0.00118377818179024,0.006459641507053965,-0.0035348192099292834
-0.44466155324776113,-0.2272168743985619,-0.38389011428830033,-0.1248724533637921,-0.0275059500048751,0.10119704012593196,0.010886007564551653,-0.01291188881822837,0.9810677203010579,-0.0015676682960785405,0.006014979953806204,-0.0037620360843278453
-0.537014079430485,-0.3041724576762336,-0.2360144709463627,-0.12867179700858905,-0.10559427090147627,0.0781896542972326,0.01886968619285099,-0.016968281114921723,0.966084089911516,-0.0018036827670249028,0.00547796587437572,-0.004066208542004079
-0.33772859301328506,-0.196675466668656,-0.3349974536959364,-0.054153185821823074,-0.14543284312693178,0.04189631663065801,0.014506473737375604,-0.006347270275155831,0.9878647368640062,-0.002138680220720839,0.005140237281362435,-0.004262884008672734
-0.45468948979007745,-0.03676705286464081,-0.5604251169572954,-0.02614414307270804,-0.03476288056121767,0.01934644251057171,0.017032844600794406,-0.016310799466025712,0.9695294987644028,-0.002699105337678135,0.004685547791572357,-0.004299651061537376
-0.47960651664000736,-0.07912661951725097,-0.29496241729416317,-0.08829309955329873,-0.048482419325401795,0.05155094731419705,0.02508241239353837,-0.012969488297913083,0.9797523263741565,-0.0029940677549722978,0.00420594127493235,-0.004378777681054626
-0.4403724254444549,-0.04011359619632258,-0.14348077722075112,-0.01591348693137597,-0.05427140853479323,-0.016116397503517774,0.01861849589509989,-0.00949459802650833,0.9757493418924675,-0.003137548532193049,0.0037655688494878953,-0.004418891277250949
-0.5057662316013423,-0.06954304907300832,-0.3354385125404069,0.01574190431314422,-0.009865457586072626,0.005224468721309186,0.016178242355993622,-0.016741819236162834,0.9678368620986346,-0.0034729870447334564,0.003259802617886553,-0.004488434326323957
-0.3923755158205951,-0.030495075853924747,-0.22178726643942667,0.07035508701421213,-0.0713182326852058,0.03626334179505,0.01851175043433893,-0.011304942037210617,0.9710450513870815,-0.0036947743111728827,0.002867427102065958,-0.004518929402177882
-0.4920594411282473,0.2816009192682458,-0.22662613900497852,0.03121311276466315,0.010147542670752163,-0.015430546826156957,0.01673129721426328,-0.018240879833223398,0.9659167161661137,-0.003921400450177861,0.0023753676609377106,-0.004237328482909637
-0.4063634391485411,0.13615221353152046,-0.09616533243364304,0.16797825374970524,-0.03508494278135552,-0.06712388003459317,0.027446644728337247,-0.020911617441533983,0.9681751054117981,-0.004017565782611504,0.00196900422178917,-0.004101176269378116
-0.4644499641814449,0.1139923787885922,-0.05535728405780868,0.12669205029264294,-0.032110545496053806,-0.020550047497530755,0.01937531468844546,-0.023360535402667318,0.9679566778952303,-0.004072923066669312,0.0015045542576077248,-0.003987183890589524
-0.3821785493624429,0.21008731390947938,0.02668152179246857,0.07385742138184638,-0.0417813102629119,-0.08329312951307283,0.015345684929827423,-0.009567432108429988,0.9713148926910249,-0.004046241544876843,0.0011223757082452818,-0.0037770965766800446
-0.1631910659122174,0.34748615583971515,0.06868890025324226,0.16828336635838131,-0.00895521922831963,-0.1408700775291461,0.022495101930184412,-0.00540311315108211,0.9665140575066667,-0.0039775526446236015,0.0009591846423330644,-0.003429610420840329
-0.19119143574781064,0.3401768061574299,-0.06623212883245098,0.11714946810937993,0.010407495885605095,-0.14421284249434846,0.012829712631408214,-0.010285341501243545,0.9698785280271611,-0.004043784773456052,0.0007679932065852539,-0.0030894336146828996
-0.12140702785543263,0.4528708926547461,0.21742880886524757,0.05652970493495667,-0.026135765891306326,-0.115459651504884,0.02004090721560427,-0.012645262793080926,0.9733483604245244,-0.003826355964590804,0.0006465861787298212,-0.0026365627220281533
0.026486362800689695,0.45232537644941473,0.36713460756108796,0.07189640158413103,-0.002878889882275207,-0.13302792457471016,0.02416170567851681,-0.009345413993907148,0.9813252150625197,-0.0034592213570297163,0.0006730725415305109,-0.0021842373455787387
-0.0028582209622516654,0.14113086041099687,0.33324372831266397,0.14746759505860138,0.054377058118695566,-0.09389065496081146,0.01260088950583428,-0.003707232856776056,0.9677854051510522,-0.0031259776287170526,0.0006702143205682593,-0.0020431064851677417
0.16214512564197187,0.27622773531769135,0.35879093750466906,0.12322475908889562,0.14263770241695534,-0.049813265617031366,0.02113584092918535,-0.010633135864557315,0.9713920765212334,-0.002767186691212384,0.0008323594462102312,-0.00176687874985005
0.03911496854608181,0.41808561281582113,0.4299665289348602,0.14530437363022963,0.059876518695810385,-0.12015540798932357,0.018522642571490944,-0.005515870653109446,0.9703287137473562,-0.0023372201622775235,0.0008714744147563129,-0.001348793137034229
0.060547660966450714,0.4038470034552629,0.5075644337267482,0.16679654155877838,0.10673422448904407,-0.10853629149357781,0.0228255870716892,-0.009977188409427587,0.9688624193884864,-0.0018296557285507752,0.0009320220757227636,-0.0009449461335789661
