motionRotationRateX(rad/s),motionRotationRateY(rad/s),motionRotationRateZ(rad/s),motionUserAccelerationX(G),motionUserAccelerationY(G),motionUserAccelerationZ(G),motionGravityX(G),motionGravityY(G),motionGravityZ(G),motionYaw(rad),motionRoll(rad),motionPitch(rad)
-0.13395050250523255,-0.028049925803266762,0.32792674563530855,-0.0857035171193101,0.005423920274376574,0.001016609662016256,-0.02391262869339674,-0.02076917284207045,0.9683125135705741,0.0003279267456353086,-0.00013395050250523255,-2.8049925803266764e-05
-0.1710103943083572,0.17906944556974075,0.7139354791017416,-0.06558234086960797,-0.015522262588627175,0.017391711906051155,-0.013944515527963913,-0.018759999696256236,0.9678889338005057,0.00104186222473705,-0.00030496089681358976,0.000151019519766474
-0.08180773113765938,0.2504702567356725,0.45913216247855515,-0.06974593388441946,-0.06321440413264465,-0.020954277876993027,-0.022317058229958834,-0.020044368010729976,0.9684867483404402,0.0015009943872156054,-0.00038676862795124917,0.00040148977650214654
0.2546747450886906,0.25655675120596266,0.6140825735392347,-0.07095022155754821,0.002815549974749737,-0.09665320429582674,-0.02136866191034799,-0.02638545505052387,0.9612399872152038,0.0021150769607548403,-0.00013209388286255854,0.0006580465277081092
0.007803834948580904,0.3821283961031489,0.5216789746115383,-0.06569033545065608,-0.05221838869959733,-0.08039725896434016,-0.013827443252861647,-0.014782932591514347,0.9724732534674411,0.0026367559353663783,-0.00012429004791397763,0.001040174923811258
0.22240264944239196,0.3154298831189265,0.5135632861798808,-0.06283169661472066,-0.028807208399599014,-0.07505943234311911,-0.019151172705325473,-0.02739214857047694,0.9771509869111655,0.0031503192215462587,9.811260152841434e-05,0.0013556048069301846
0.1387946856776162,0.37194585407395975,0.26510933081916027,-0.08739111632092174,0.040888421853984745,-0.03447139579069781,-0.011612345498762423,-0.019049154252651343,0.9699604893631497,0.003415428552365419,0.00023690728720603054,0.0017275506610041444
0.1257065931156105,0.3404458505494179,0.3399885782391022,-0.07401715004415287,-0.038517662458083086,-0.06240977863855227,-0.021961304502054253,-0.024287413445926633,0.9640479700627216,0.0037554171306045216,0.00036261388032164107,0.002067996511553562
0.19765763239732798,0.34429870310372757,0.1195281346115985,0.02668408250915432,-0.11063468037895123,-0.03979955496160464,-0.027329586538278328,-0.025739848717520556,0.973674426558947,0.0038749452652161206,0.000560271512718969,0.00241229521465729
0.3754977390229145,0.24590389229661494,0.13360386023729004,0.01747792315025108,-0.023539546580537443,-0.010190545200741733,-0.018218217800560953,-0.024907363623470787,0.9752371182686447,0.00400854912545341,0.0009357692517418837,0.002658199106953905
0.2680709012154628,0.3907383327860618,0.08338180630886108,-0.03800520683192019,-0.07423517885187758,-0.0017652383374319614,-0.01727557784063714,-0.020123301137490213,0.9687275284184986,0.004091930931762271,0.0012038401529573465,0.0030489374397399665
0.20345585312884595,0.3419636776278699,-0.0704392330414408,0.10246260563874753,-0.06639363489164612,0.0002719050823977217,-0.021295946429366466,-0.02214011015581218,0.9606599935940557,0.00402149169872083,0.0014072960060861925,0.003390901117367837
0.30236401343592834,0.2057375308941066,-0.1417368366340967,0.0775197219007844,-0.1026334528127632,0.05907422229604134,-0.023215336932873892,-0.03407194789739655,0.9678653577850482,0.003879754862086733,0.001709660019522121,0.003596638648261943
0.16307028690230174,0.19573858876306813,-0.1752717900017763,0.10495176208260021,-0.08120827400100875,0.030929221760574617,-0.019177099613696895,-0.026357456448149554,0.9709323991883282,0.003704483072084957,0.0018727303064244227,0.003792377237025011
0.2510969255109703,-0.03149014214494242,-0.15461312523262444,0.042463243244928596,0.04189210321325333,0.01551415398848079,-0.019904997188738522,-0.02841123629610732,0.9756479444674492,0.003549869946852333,0.002123827231935393,0.0037608870948800687
0.1577910452299975,0.08745763334322987,-0.47227271001014626,0.10961416592504493,0.04473766485448811,0.04819907049155824,-0.016996209094061375,-0.02609405749738695,0.9667310939355672,0.003077597236842186,0.0022816182771653905,0.0038483447282232986
0.24880879630454883,0.0906392719871104,-0.272438800436056,0.08959787899674573,0.013254876614310067,-0.011386859443701427,-0.0226778880587467,-0.026901447390130142,0.9619135207405811,0.0028051584364061303,0.00253042707346994,0.003938984000210409
0.3215543997489999,0.07360300157455908,-0.47384689342196795,0.10456036931304005,-0.0674911612009671,0.04777305885357395,-0.019286002739113992,-0.025094804240782597,0.9708919607087327,0.002331311542984162,0.0028519814732189397,0.004012587001784969
0.2511111660000973,-0.07660126942933235,-0.366845515921788,0.14073110743235132,0.02945544160379264,0.11210226604091764,-0.018054334997931982,-0.025211080764599887,0.9678729879298488,0.0019644660270623743,0.003103092639219037,0.0039359857323556366
0.057051919320853045,0.035022012016848764,-0.2433202391089827,0.09916885796142025,-0.03963848092174293,0.017171442424042775,-0.023316690238392283,-0.018589277163194768,0.9667961987087255,0.0017211457879533914,0.0031601445585398903,0.003971007744372485
0.11765202554017423,0.08277870030105282,-0.2711388667420027,0.018309591820552213,0.058263338734032374,0.09545657722122672,-0.018767242820747737,-0.012312018718996686,0.9681144797946245,0.0014500069212113886,0.0032777965840800646,0.004053786444673538
0.0966396893621357,-0.22973613974090024,-0.04306941667270969,0.11165710776318785,0.10156222730130131,0.09756358644128375,-0.0246664264355631,-0.02455872905236937,0.968780636396943,0.001406937504538679,0.0033744362734421996,0.003824050304932638
0.08181214620119356,-0.2782558559205757,-0.12757740588183025,0.09004542848704314,0.004898254973969082,0.08397901740409429,-0.023053566129679987,-0.010622967966957749,0.9735317242253565,0.0012793600986568488,0.0034562484196433937,0.0035457944490120616
-0.005186234939594078,-0.09625777202630975,0.01974611904333432,0.0835581121819311,0.0026856760574507227,0.07943347329996563,-0.0195320288749614,-0.026071789241895096,0.9662246197727543,0.0012991062177001831,0.0034510621847037995,0.0034495366769857518
-0.013296610806307313,0.009357076551419763,0.024723281768509346,0.05462576346937391,0.060108460723296994,0.052879511973515744,-0.012999040382349758,-0.02589916421381816,0.9523948935093632,0.0013238294994686924,0.0034377655738974918,0.003458893753537172
-0.05206031905050286,-0.15523071978920888,0.18827602378194547,0.058895626262822305,0.10290788245578758,0.10575267505252663,-0.023700893450481694,-0.030286925316504926,0.9685513070022287,0.0015121055232506378,0.0033857052548469896,0.0033036630337479633
-0.05970341567639391,-0.22353937646604538,0.15845544186746624,0.04072038259611627,-0.12337580347402968,0.03330874002969719,-0.015896912855988772,-0.025071191897535112,0.9710834351416218,0.0016705609651181041,0.003326001839170595,0.0030801236572819174
-0.25394043904256003,-0.02582816961272416,0.183329151797823,-0.03831380281230551,0.06666310062044749,0.016583863313564824,-0.02214326828702322,-0.021357261400446595,0.9706245303930929,0.001853890116915927,0.003072061400128035,0.0030542954876691935
-0.22958320913885355,-0.13881282977568937,0.40756449498881003,-0.06407193725222553,0.11780457113419913,0.011227853649190864,-0.02603653051657604,-0.027812009614269037,0.9739393163279485,0.0022614546119047374,0.0028424781909891813,0.002915482657893504
-0.4009212532958119,-0.14196961398361757,0.46112086557242177,-0.04203522950507487,0.04224657687977329,-0.08459731166272742,-0.02132769934132162,-0.030570198422065247,0.9700366742581216,0.0027225754774771595,0.0024415569376933697,0.002773513043909886
-0.4077180573933597,-0.2647365822993174,0.33841998631526815,-0.042034313315763114,0.059105793996402506,-0.02448988423573442,-0.023247887436479854,-0.028363911274737974,0.9729837744582172,0.0030609954637924276,0.0020338388803000096,0.002508776461610569
-0.3294797848164526,-0.17560155285743206,0.20143796784714132,-0.06110886831047404,0.04183323702929152,-0.025900330432199338,-0.022278730872393543,-0.032686214108895335,0.9705495511015638,0.0032624334316395686,0.001704359095483557,0.002333174908753137
-0.3264712241866949,-0.14049382538715405,0.3752297641435456,-0.06166197320971556,0.07130813892705809,-0.03843898766920423,-0.021160594289344876,-0.025604459389878067,0.9666228442974168,0.0036376631957831143,0.0013778878712968623,0.002192681083365983
-0.3616838486992948,-0.13309732144217346,0.4025374957025697,-0.1012058054143809,0.03805933547870354,-0.14058419379634446,-0.02103575437193374,-0.027641380263566166,0.9685804554023194,0.004040200691485684,0.0010162040225975674,0.0020595837619238094
-0.4289878201439618,-0.08681683582676812,0.2223660382331772,-0.1683742027001969,0.07284844146201756,-0.1642497712260056,-0.013288112361362982,-0.03651890165302488,0.9677755159625366,0.0042625667297188615,0.0005872162024536054,0.0019727669260970414
-0.5593419075941505,-0.06836015583925277,0.12181071891438043,-0.18591643162348803,-0.004699346626140041,-0.07491605593516522,-0.011754641747228387,-0.023011755477386424,0.9621144178155431,0.004384377448633242,2.7874294859454918e-05,0.0019044067702577887
-0.31703969726341436,-0.046210275496217416,0.22141017768354893,-0.10876202282109063,-0.024834909839701227,-0.044030378575716636,-0.021861702245505914,-0.0303243452852945,0.9680159823264066,0.004605787626316791,-0.00028916540240395947,0.0018581964947615712
-0.35556013669812414,0.16045227662765804,-0.037880810911095165,-0.13336853198120413,0.0023056573852485796,-0.014366127276947591,-0.02159514058377757,-0.02354515925248986,0.973479497974835,0.004567906815405696,-0.0006447255391020837,0.0020186487713892295
-0.5670733625336766,0.21546132522736794,-0.038910670266702044,-0.14489186800681259,-0.0011852751849331447,-0.03224914920635683,-0.017710067499756458,-0.015306535110531386,0.9647498073676618,0.004528996145138994,-0.0012117989016357602,0.002234110096616597
-0.38368100620200307,0.18716352971902223,-0.12278935516532562,-0.1455602337449587,0.01037544196249458,-0.1342583898658964,-0.029016392152322736,-0.03418946363834542,0.9668165724753827,0.004406206789973668,-0.0015954799078377634,0.00242127362633562
-0.17759218034938623,0.15419245768195475,-0.32523306873833535,-0.1673034249895675,-0.08246619479833646,-0.08639407243316144,-0.012939702085401995,-0.027856797643007674,0.9696725108389378,0.004080973721235333,-0.0017730720881871495,0.0025754660840175744
-0.36801342351737676,0.1246155368593561,-0.4080655797843054,-0.02752413733800995,-0.07457208199607467,-0.15022803547027785,-0.028402929371766653,-0.024164711585432017,0.9633085071288009,0.003672908141451028,-0.0021410855117045264,0.0027000816208769306
-0.24816059334362328,0.096139405822413,-0.5741581448816732,-0.09387055322307361,-0.07078612367766184,-0.0036008359295230056,-0.016472262481371763,-0.02256373348529256,0.9724399800454628,0.0030987499965693544,-0.00238924610504815,0.0027962210266993435
-0.2530146067222628,0.20952178742962482,-0.4274740390172414,-0.07637747829867969,-0.10597123920037878,-0.10419885153079872,-0.020716407604677963,-0.035099392386913814,0.9722961475919111,0.002671275957552113,-0.0026422607117704126,0.003005742814128968
-0.2669355927860397,0.21719145548867427,-0.5870483796347171,-0.03538240242204578,-0.10265203097662766,-0.06824054311407535,-0.022766077634288746,-0.025934943542456936,0.9769230349409065,0.0020842275779173955,-0.0029091963045564523,0.0032229342696176427
-0.23384331962160443,0.11997524024420311,-0.5679785589412002,-0.01837573382544545,-0.0984449686974062,-0.08231643509515774,-0.01470985294284178,-0.019134011956037283,0.9665666252716374,0.0015162490189761955,-0.0031430396241780567,0.0033429095098618453
-0.1301780497001807,0.2989943206525846,-0.45566328370407383,0.006064814580754705,-0.08003486446634556,-0.06499806939903312,-0.012723112334307046,-0.025814368614098873,0.9671237723183289,0.0010605857352721216,-0.003273217673878238,0.00364190383051443
-0.10293710197171013,0.34014869670379344,-0.43359294873214715,0.02483298254962106,-0.054640346860388836,0.03165086354489729,-0.02075065537527404,-0.027069967628066568,0.9753114120616982,0.0006269927865399745,-0.003376154775849948,0.003982052527218223
-0.024156334969708725,0.08883124691421854,-0.6171471198964601,0.03393309173025178,-0.1132019413311587,0.036910797611362574,-0.019705387545011128,-0.025163659339502768,0.9594778711977467,9.845666643514274e-06,-0.003400311110819657,0.004070883774132442
0.007385455384144831,0.009939492803095237,-0.7021681897398926,0.07798547831001493,-0.17950474018160065,0.009712384237136355,-0.011575294085671551,-0.03173979319379461,0.9647965262291317,-0.0006923225230963784,-0.0033929256554355116,0.004080823266935538
0.05214473637890649,0.18985288089123104,-0.44336091524717625,0.10172232067238828,-0.15944019615789143,0.04546954648738973,-0.018508143772247854,-0.038052154991187845,0.9703648776915881,-0.0011356834383435546,-0.0033407809190566054,0.004270676147826768
0.28142572690331924,-0.08405010988114911,-0.4396767333898952,0.13936931741415703,-0.04954111184604484,0.11381226363356266,-0.01731150202819124,-0.025957090033881,0.964576003172792,-0.0015753601717334498,-0.003059355192153286,0.00418662603794562
0.07705081576673603,-0.11678351813233001,-0.280385174468943,0.05498315068291433,-0.12225244202071775,0.16107773191593514,-0.0278884202717155,-0.038911970480836694,0.9724098226963527,-0.001855745346202393,-0.00298230437638655,0.004069842519813289
0.3241714402260739,-0.23467043290945638,-0.204771352901042,0.17819183294774113,-0.05484462128781499,0.1375561090627337,-0.023037805676226583,-0.02886874014731829,0.972275222305638,-0.002060516699103435,-0.0026581329361604756,0.0038351720869038335
0.36724666768775815,-0.13356146358784426,-0.042202696411594465,0.07596859704919431,-0.04724575633675636,0.09237997802697916,-0.019353645559553892,-0.023703980779876226,0.9623937895557543,-0.0021027193955150294,-0.0022908862684727174,0.0037016106233159897
0.5308746020744879,-0.3190098828486091,-0.025648830096147032,0.1123002262951491,-0.010630050682547382,0.18164026738094444,-0.020524579080788884,-0.038898712960290724,0.9601874525811851,-0.002128368225611176,-0.0017600116663982297,0.00338260074046738
0.3449160616229931,-0.09700447994221637,0.17961768794343738,0.13206056094699722,-0.04711599240264961,0.1493838429824784,-0.01824134888727152,-0.029076674984500846,0.9582674645528999,-0.0019487505376677386,-0.0014150956047752365,0.003285596260525164
0.4111152950725395,-0.2663675716389975,0.24171692598885414,0.11865483527044876,0.00664702627077092,0.19890261146475918,-0.018140949260622187,-0.02848532985350381,0.9547445743074744,-0.0017070336116788846,-0.0010039803097026967,0.003019228688886166
0.4932435593650399,-0.3419471717086825,0.4594959100999553,0.09584084559955516,-0.09218924139779398,0.1342641116105296,-0.018019214444842474,-0.03206930941785443,0.962583857375773,-0.0012475377015789292,-0.0005107367503376568,0.0026772815171774832
0.3598490833561161,-0.33926909739191236,0.47469412809097966,0.18424231433275196,0.06444560757929664,0.1755492191423371,-0.012992980979836592,-0.03040376944979306,0.9553395582635158,-0.0007728435734879495,-0.00015088766698154068,0.002338012419785571
0.3747020393621761,-0.3781269591975118,0.5450060532746193,0.19334185834049164,0.0688494104167541,0.10241617689805833,-0.017042849530860067,-0.030463686487913318,0.9650263880116846,-0.00022783752021333014,0.00022381437238063546,0.0019598854605880588
0.42743013216246756,-0.034158466553238565,0.5192994259782466,0.1093157609768812,-0.03906510705675327,0.11043357014363209,-0.020642518884704242,-0.028107202381316563,0.963590406320972,0.0002914619057649165,0.0006512445045431031,0.0019257269940348204
0.44771241367723996,-0.2671138234201373,0.5908097957326036,0.10590897055696645,0.06410495963966237,0.11634617970963108,-0.015366461650871696,-0.035298727771086676,0.9770285712700598,0.0008822717014975201,0.001098956918220343,0.001658613170614683
0.45267158189934237,-0.2823124522780546,0.6463153261393584,0.08001033286706377,0.029242195722266474,0.06324824552812822,-0.017311669649118226,-0.030422533421485893,0.9619470133170974,0.0015285870276368786,0.0015516285001196855,0.0013763007183366285
0.2253824699931349,-0.25589330653206555,0.5214265282302011,0.06501342788578209,0.08752765939472695,0.05747655769758841,-0.01530712749316943,-0.03138762477710737,0.961053988827373,0.002050013555867079,0.00177701097011282,0.0011204074118045628
0.4399625282218114,-0.2934044204179438,0.4617595098530922,0.05499871577592689,0.05348232541379776,-0.009949304916478297,-0.024201141899368995,-0.03372257793267747,0.9613240080173817,0.0025117730657201716,0.002216973498334632,0.0008270029913866188
0.2654969169695736,-0.2697362491574267,0.405754452933784,0.08944789510273092,0.03813985877192182,0.10725792118970262,-0.012893368443593654,-0.029476824054978947,0.9607538168542387,0.0029175275186539553,0.0024824704153042056,0.0005572667422291922
0.06597299926507816,-0.19108922281993776,0.40525420739209483,0.03803926193913046,0.12174200553808151,-0.051411283246322374,-0.023807750204063675,-0.030094961336773807,0.9715495767832941,0.00332278172604605,0.002548443414569284,0.0003661775194092544
0.28157771703187995,-0.1284335012662205,0.17783584837524877,-0.0043110288126183265,0.09874482794861501,-0.011044030409579261,-0.011664464105813697,-0.03591519830177703,0.9677936252440444,0.0035006175744212984,0.002830021131601164,0.0002377440181430339
0.20528854485312115,-0.2693150066256388,0.2768161255226552,0.02552317231655464,0.14873733562095093,-0.04291654248285263,-0.014281621195339541,-0.03173822071674402,0.9646419715112626,0.0037774336999439537,0.003035309676454285,-3.157098848260492e-05
0.14160797041448162,-0.026932447311174813,0.08694158135938598,-0.04124585012353291,0.04949318680530393,-0.07742344323549302,-0.023348100991995364,-0.03248541551200344,0.971912394819332,0.0038643752813033398,0.003176917646868767,-5.850343579377974e-05
0.12396327059455384,0.1023893663393865,0.0008432433813849241,-0.08905995652680851,0.08521626503199224,-0.05052056594858403,-0.018178553194637008,-0.02934515084116041,0.9615832148997944,0.0038652185246847246,0.0033008809174633206,4.388593054560677e-05
0.10880652785437255,-0.019557021495973517,-0.2937134940658474,-0.03280653236650279,0.09691177826780559,-0.13186341745670177,-0.019926548722724063,-0.02466663786654051,0.9647825166495013,0.0035715050306188777,0.0034096874453176927,2.432890904963325e-05
0.1613612955665749,0.18970266040404143,-0.1794945697187333,-0.02341137122492555,0.09084025757823573,-0.1266023610998508,-0.02145195754032466,-0.03158534453034253,0.9666909666553635,0.003392010460900144,0.0035710487408842683,0.0002140315694536747
0.07024698704075802,0.3368215771373611,-0.045264381325201775,-0.08515704358844169,0.01472652634612014,-0.01939426943374979,-0.014515462758150983,-0.03549011995317473,0.9596752356970216,0.0033467460795749433,0.003641295727925026,0.0005508531465910358
0.10453921414124294,0.33924329348052346,-0.09882591289907966,-0.035394293451687264,0.014051103036788581,-0.0918164394552279,-0.017140754536337174,-0.026204126938135584,0.9705235129235713,0.0032479201666758637,0.0037458349420662687,0.0008900964400715592
-0.027098637398857414,0.2663507940914388,-0.25027816266452413,-0.03612460475673085,0.0924593938443856,-0.0980153542816388,-0.02558156625212984,-0.025124006962287337,0.9640612559144419,0.002997642004011339,0.003718736304667412,0.001156447234162998
-0.1823361324873613,0.1511638184839048,-0.19221130183430946,-0.1556063071205982,0.025272051199241218,-0.12530326276175707,-0.01992159063413935,-0.037116681819512685,0.9647922950342418,0.0028054307021770294,0.00353640017218005,0.0013076110526469027
-0.16411010543455107,0.1512252701448295,-0.45556587081106886,-0.020399026449345943,0.08465531178362337,-0.05106888836433456,-0.020690105945887584,-0.042010050318418576,0.970191526054781,0.0023498648313659606,0.0033722900667454998,0.0014588363227917324
-0.1541692894305434,0.19579581255326872,-0.17547299830503948,-0.08941734082466604,0.025755851419918135,0.04214044780949557,-0.02777102569914075,-0.03131065324764563,0.9582893465233977,0.002174391833060921,0.0032181207773149564,0.001654632135345001
-0.2946934502283927,0.27332224707025904,-0.1454656758334876,-0.05047439056456843,0.054683268090516976,0.01569787710103375,-0.021108561947121504,-0.03770682162846323,0.964457798412774,0.0020289261572274332,0.0029234273270865633,0.00192795438241526
-0.23373879118007532,0.3578587071643934,-0.1653931045325619,0.03400884430445396,0.00048590840136965557,0.03389988071721225,-0.015634921670203403,-0.03210824162289976,0.9661563066714671,0.0018635330526948714,0.0026896885359064876,0.0022858130895796534
-0.3253791906651411,0.23704882131560873,-0.30412254290624097,-0.02851187368557739,-0.009830527300295808,-0.02363629217024541,-0.015345483010493134,-0.02074046722791988,0.954374170813339,0.0015594105097886304,0.002364309345241346,0.002522861910895262
-0.12912603962665878,0.2132575733917346,-0.25223573790091625,-0.00801058164093427,-0.054656571822667685,-0.01450287349091243,-0.023613264354502318,-0.037073191944263055,0.9646389339896883,0.001307174771887714,0.0022351833056146876,0.0027361194842869963
-0.36078142172986305,0.09418508906908485,-0.23226872842418278,-0.006930463067926985,-0.0850151691530904,0.01355230408175622,-0.00839164527380289,-0.031606142371013064,0.9624958182599607,0.0010749060434635314,0.0018744018838848246,0.0028303045733560814
-0.21965049332758962,0.3061618270036535,0.007087694729970333,0.05952019712761414,-0.060235185507355044,0.08685729587915601,-0.019498164085658867,-0.0337291909082928,0.9760583869177867,0.0010819937381935016,0.001654751390557235,0.0031364664003597346
-0.0925118177729736,0.23822645342220305,0.06738756081647622,0.04786950532590426,-0.09853860032002527,0.08171231294513447,-0.015032714683172944,-0.03545979537192726,0.9633088437521741,0.001149381299009978,0.0015622395727842614,0.003374692853781938
-0.3718036491003535,0.2684951245173742,-0.03226894171933947,-0.04395243336153154,-0.0553451414868039,0.05054240976627492,-0.019819805827844858,-0.024796702440515683,0.9722859909804472,0.0011171123572906387,0.001190435923683908,0.003643187978299312
-0.19908503624845192,0.18320962868437604,0.17286123458333794,0.07960278557330518,-0.03480864128268867,0.11189163153125585,-0.02802702608033656,-0.03494440517763295,0.9594574160816116,0.0012899735918739767,0.0009913508874354559,0.0038263976069836877
-0.1507120083677868,0.14360815852747563,0.3116711889371549,0.09510589169721168,-0.07073664843287952,0.12136802094499789,-0.012335385344666185,-0.036997066423916584,0.9691019091756242,0.0016016447808111314,0.0008406388790676688,0.0039700057655111635
-0.2156488769928582,0.14762466426439086,0.28049241734335006,0.0753646260594292,-0.0038478212942709387,0.10218267812571469,-0.018071552478764335,-0.047576126235354135,0.9630231625057627,0.0018821371981544814,0.0006249900020748108,0.004117630429775554
-0.04137404536825878,-0.04242593161325541,0.3346695724209901,0.14207796686927532,-0.026320094033250523,0.08576083729901725,-0.01841769088361771,-0.03851680852836282,0.9671887634668865,0.0022168067705754715,0.000583615956706552,0.0040752044981622985
-0.0973896181415202,-0.11919929814375044,0.2557462976406065,0.20071853410737645,-0.09377316552428477,0.07870060767598552,-0.020251205718047324,-0.02731227759999952,0.957362619040122,0.0024725530682160783,0.0004862263385650318,0.003956005200018548
-0.10679427258832119,-0.0263296649526835,0.350729950053028,0.07986826141707609,-0.10261220990305281,0.0219936660622762,-0.023630378842385738,-0.04170607542009348,0.9594157103541486,0.002823283018269106,0.0003794320659767106,0.0039296755350658645
-0.2783991289103906,-0.07140852671866921,0.30436754853230985,0.15632179256836704,-0.062218420812798145,0.12423681575319774,-0.008891476204721449,-0.02642537547209913,0.9602672042420417,0.003127650566801416,0.00010103293706632,0.003858267008347195
-0.13370661643578702,-0.045195670018885636,0.326534436487649,0.03793238486548477,-0.09324916477061906,-0.003911158908660931,-0.019927878027169606,-0.03346868458182086,0.9738102703925084,0.003454185003289065,-3.2673679369467025e-05,0.0038130713383283093
-0.04863631551073363,-0.14707617544507323,0.25249335433958864,0.05063596833344723,0.0004690600953826101,0.007085355003786729,-0.021083894055416413,-0.03693427996791193,0.9760230657344748,0.003706678357628654,-8.130999488020066e-05,0.003665995162883236
-0.07535994034191149,-0.21631808315178203,0.23647351512240447,0.16289859866742426,-0.0345799583856568,-0.09478127013422669,-0.019570735193854147,-0.03314978982808612,0.9605364695050918,0.003943151872751058,-0.00015666993522211214,0.003449677079731454
0.04369653490779889,-0.17379329356712656,0.057577454544940704,0.10650875856564582,-0.0741239988274049,0.0324703270850857,-0.02046135103202685,-0.03537767297604339,0.9670271180350202,0.004000729327295999,-0.00011297340031431326,0.003275883786164327
0.1259497690997627,-0.05260777573300818,-0.01225343336697068,0.016309897734748238,0.03174813494440794,-0.019854807001428998,-0.0182435725309239,-0.04724281787848093,0.9625017987786195,0.003988475893929029,1.2976368785449431e-05,0.003223276010431319
0.292047528987201,-0.0055399683397592825,-0.1980613733590798,0.030774916710634866,0.09237131392652967,-0.06056896521919828,-0.02002758657939124,-0.035049639733301045,0.9631032385098025,0.003790414520569949,0.00030502389777265046,0.00321773604209156
0.31136537857560265,-0.145047921509738,-0.2588414782869001,-0.06740429019944723,-0.0022723300046434258,-0.06076706333602314,-0.012951813627906511,-0.031988819571035415,0.9609627969795598,0.0035315730422830482,0.000616389276348253,0.0030726881205818224
0.4010104522686888,-0.2795818741292704,-0.12711527857071164,-0.015330571871875063,0.06214290474937397,-0.06231520625762366,-0.02067787674593473,-0.03728165345137276,0.9639720690058361,0.003404457763712337,0.001017399728616942,0.0027931062464525516
0.1775803053647236,-0.2163195068199903,-0.3006144069319476,-0.05724655754020153,0.004073863199021542,-0.0956567329095679,-0.019775463637617244,-0.046179168204476435,0.9527666138257654,0.0031038433567803893,0.0011949800339816656,0.002576786739632561
0.10788134701150204,-0.20375169030855964,-0.3944179617337721,-0.025835404743393176,0.03343821589391952,-0.13661506944496637,-0.018433478164505284,-0.033749840011862854,0.9741813839641066,0.0027094253950466175,0.0013028613809931676,0.002373035049324002
0.340834382785619,0.07260765797461771,-0.5200184462575287,-0.05829611081043088,0.008180199195905354,-0.06263347418363499,-0.015879739698685117,-0.03994231962302926,0.9718232497347512,0.0021894069487890886,0.0016436957637787867,0.002445642707298619
0.37120523113774734,-0.20188312077699339,-0.5484479076591595,-0.09425420474772056,0.029964707099951363,-0.12003081065242006,-0.006593785149478629,-0.037393379911448074,0.9584861029163866,0.0016409590411299293,0.002014900994916534,0.0022437595865216257
0.133156181757303,0.06548349922114077,-0.6195843302968024,-0.09484092288627523,0.04808305498235198,-0.12122219614630274,-0.01766109330708816,-0.04009954535233074,0.9676031136083758,0.0010213747108331268,0.002148057176673837,0.002309243085742767
0.487399623140781,0.12441880165979087,-0.5839254387972773,-0.1419143337586194,0.01372982250751198,-0.15664400461105066,-0.014384946728895846,-0.04332621270573791,0.9691061531237638,0.0004374492720358495,0.0026354567998146186,0.002433661887402558
0.3096849308575917,-0.01714397404936798,-0.638262923209485,-0.15715651217774587,0.1472923919772547,-0.05418213855155602,-0.019972365455202798,-0.03078059801859702,0.961216754974218,-0.0002008136511736355,0.0029451417306722103,0.0024165179133531895
0.18825913261467536,0.07353676306869261,-0.5635035303269361,-0.13857124568654816,0.0018531269741524931,-0.07869486987591852,-0.00955346237828401,-0.030859024163690293,0.9652477252174263,-0.0007643171815005717,0.0031334008632868853,0.0024900546764218823
0.018144899499863115,0.02464433957407325,-0.44029419136906406,-0.15507375592749328,0.007673925117888117,-0.06756830756602006,-0.01774436724077808,-0.04238689364494647,0.9722450024076836,-0.0012046113728696357,0.0031515457627867478,0.002514699015995955
0.3387178433415439,0.11065412300869487,-0.367982282984606,-0.11452067039484937,0.103783411327758,-0.15431805495080123,-0.021468912791243393,-0.025115219764720254,0.9649604644073094,-0.0015725936558542417,0.0034902636061282925,0.00262535313900465
0.15783880119293917,0.20388158115443805,-0.30178055573444607,-0.1235737066587645,0.061315398733007474,-0.05299712524835693,-0.022812542505949534,-0.03356598137690411,0.963243503050342,-0.0018743742115886878,0.0036481024073212313,0.002829234720159088
0.07549730530474655,0.1531351700747041,-0.3037685246014523,-0.11951505474184046,0.056411641362715814,-0.01487830747613931,-0.01509043321215745,-0.04248480066858227,0.9633280606743997,-0.0021781427361901406,0.0037235997126259784,0.002982369890233792
-0.041989547825358436,0.10581534698844816,-0.29340156889589675,-0.1712833199845441,0.029442704792291986,0.026936378367192523,-0.0258531813469307,-0.03877266539477723,0.9619686015691196,-0.002471544305086037,0.0036816101648006194,0.00308818523722224
-0.20306752254706706,0.3660737835710629,-0.09991717967810577,-0.0688783065017825,-0.04177995260009622,0.03879831746368242,-0.013856940252100198,-0.03461501577007912,0.9613169057665347,-0.002571461484764143,0.003478542642253553,0.0034542590207933023
-0.13138811387252086,0.27981404808196964,0.22189788483339562,-0.09492856163644676,-0.007700199709594877,0.09173542844425535,-0.019461283050050706,-0.03554503529279312,0.9621536787983641,-0.0023495635999307473,0.0033471545283810314,0.0037340730688752728
-0.15242584315384827,0.05411377963158687,0.11940485220396134,-0.03901696581297041,0.002176340510166308,0.09878504619295901,-0.015433457454373736,-0.03418717289058945,0.9680854746861464,-0.0022301587477267857,0.0031947286852271836,0.003788186848506859
-0.4513009471971767,0.28788922595461797,0.34533299049069455,-0.05729203776753327,-0.07776783639771748,0.09113882431792972,-0.016587894116102793,-0.028708462577098866,0.9612705949953969,-0.0018848257572360912,0.0027434277380300066,0.0040760760744614774
-0.06186803493037141,0.2014655150184691,0.4111788225782301,-0.05148411129345474,-0.05429918310858845,0.1595013995764502,-0.01532392620177926,-0.029990031982975895,0.964692253957274,-0.0014736469346578612,0.0026815597030996354,0.004277541589479947
-0.22718823547367906,0.3012807870290809,0.42253392029078074,0.04017002842565781,-0.03426934351665972,0.06340499331186102,-0.02316564769102403,-0.043459552664029524,0.9576714960765548,-0.0010511130143670804,0.0024543714676259556,0.004578822376509028
-0.11857869715955566,0.19535737561818967,0.3507359945569607,0.05074019689583965,-0.06776574737284484,0.10153196140489278,-0.020988428574942902,-0.034649971619528354,0.9672348434814337,-0.0007003770198101198,0.0023357927704664,0.004774179752127218
-0.18706879207105498,0.12085282941250511,0.43642932907667825,0.05003198222952501,-0.0789781403004485,0.182427080034601,-0.010872692330990051,-0.03235449604508315,0.9633627863586399,-0.0002639476907334414,0.002148723978395345,0.004895032581539723
-0.25090685240417376,0.05521427515160911,0.6047722630520971,0.0729978584768882,-0.062246264945421084,0.1588725113281597,-0.01985297369161851,-0.03617225642125441,0.9736872659389841,0.00034082457231865567,0.0018978171259911713,0.004950246856691333
-0.4381562604609439,0.06074730169874393,0.5343523902329795,0.055605730780000494,-0.12885277170426615,0.08282930817708577,-0.011662165967704264,-0.033486989038923824,0.9636290175378892,0.0008751769625516353,0.0014596608655302276,0.005010994158390077
-0.530418185659887,0.06934949945758734,0.6443190834672509,0.16798969489161625,-0.1460469953596665,0.09401180764576238,-0.015600526007002655,-0.03515653545858424,0.9651822753411331,0.0015194960460188861,0.0009292426798703405,0.005080343657847664
-0.44077581909103186,0.06447211646333645,0.48200903251059996,0.1306816583753542,-0.12197615964268033,0.0976026322395696,-0.010311253230065029,-0.039002645554874336,0.9654566889706278,0.0020015050785294865,0.0004884668607793086,0.005144815774311
-0.3879570749224384,-0.07768281405080188,0.562411503970317,0.19186623497781607,-0.11239252529806174,0.08920078011553804,-0.0108162298366757,-0.03723564507140563,0.9546957398098325,0.0025639165824998035,0.0001005097858568702,0.005067132960260198
-0.39275355130633227,-0.18020107618853912,0.30174737183016,0.16059938330014323,-0.08852999194019667,0.11430381861649626,-0.01441599730553364,-0.04372917978876853,0.9751244675925782,0.002865663954329963,-0.0002922437654494621,0.0048869318840716585
-0.5906019875878382,-0.2588306603960136,0.28472297593488716,0.113153206921967,-0.052471475281395924,0.038865738810306916,-0.023887252021341877,-0.03515411026693975,0.9588118101179859,0.00315038693026485,-0.0008828457530373002,0.004628101223675645
-0.5442935771394224,-0.34688655791752854,0.12481878004424525,0.15550813517103118,-0.08057764635474043,0.06859481915256509,-0.017412231129028677,-0.026807095229786214,0.9577444886859897,0.0032752057103090956,-0.0014271393301767228,0.004281214665758116
-0.5438297244711674,-0.13804772256712328,0.06505695474678094,0.17141719086676296,-0.13196587065267584,0.06856654968455247,-0.0023933599973877343,-0.03662823692164661,0.9635216270252545,0.0033402626650558768,-0.0019709690546478903,0.004143166943190993
-0.3204042407556753,-0.17921304753296474,0.038512495546853494,0.13328342066988502,-0.13909126860348436,0.05538160623187643,-0.016936685132369667,-0.03174267175523808,0.9617568323459769,0.0033787751606027296,-0.002291373295403566,0.003963953895658028
-0.4243069035175513,-0.1858459538281303,-0.024049518614913737,0.09331050865401046,-0.03488187568359241,-0.031215870062090124,-0.013609504445092959,-0.02821875755502417,0.9617219093245246,0.003354725641987816,-0.0027156801989211173,0.0037781079418298977
-0.24118005316505584,-0.31312939498411324,-0.06958133800145189,0.19248068499450363,-0.022474527661900237,0.03734492939395154,-0.01062752591034092,-0.036441204393799095,0.9577555995101729,0.003285144303986364,-0.002956860252086173,0.0034649785468457844
-0.14534866867963353,-0.24861520712665186,-0.04707041915685023,0.09675126609450452,0.055580825127797086,-0.015593476480907436,-0.016002879738777474,-0.03117037945417616,0.9630700417121086,0.0032380738848295136,-0.0031022089207658064,0.003216363339719133
-0.28694066273935903,-0.3146045187176781,-0.2677354479470272,0.2033994036447942,-0.08677885435779209,-0.05303702502140271,-0.02271067593452603,-0.04474153274167661,0.9509468521407605,0.0029703384368824867,-0.0033891495835051653,0.0029017588210014543
-0.28927690708145454,-0.2788751802538908,-0.10997603994603733,0.09752367449962511,-0.0926027190640207,-0.020982837408921234,-0.01755001672117927,-0.03965853553506061,0.9667303966694489,0.0028603623969364494,-0.00367842649058662,0.0026228836407475634
-0.12752956765923237,-0.15643124482127702,-0.29380445768428626,0.06162526624027888,0.0276149256168799,-0.10534609439716129,-0.0057798646145540075,-0.041915812916272215,0.954062022143331,0.002566557939252163,-0.0038059560582458527,0.0024664523959262866
0.006363748740198738,-0.14629288600534301,-0.2983868927582995,0.11018165971243433,0.012137729078879538,-0.09816060517388504,-0.016207479340219037,-0.038357786242295584,0.9560104650007711,0.0022681710464938637,-0.0037995923095056534,0.002320159509920943
0.04941762958499481,-0.15484817108446175,-0.28522044358352217,-0.02577811538813224,-0.05724284137009427,0.004653850387803046,-0.009150090462388055,-0.03858405551560699,0.9653595148365728,0.0019829506029103417,-0.0037501746799206586,0.0021653113388364815
-0.008768862523620635,-0.22863548107538523,-0.27069146856456894,0.009873697980180212,-0.034162431613397465,-8.90981280975648e-05,-0.017866706957208465,-0.034458680464158446,0.9727550675642366,0.0017122591343457724,-0.0037589435424442794,0.0019366758577610964
0.14492512293300075,-0.22724259250191034,-0.39882692931620467,-0.08120813946423996,0.11807506436390827,-0.03905098857839882,-0.016961743245098894,-0.03738115811022606,0.9717340634623529,0.0013134322050295678,-0.0036140184195112787,0.001709433265259186
0.15197165560555942,-0.1132496100189948,-0.21373266823053438,-0.02181878069845948,0.09264641730141196,-0.1123587431573315,-0.010454915797191542,-0.04303698039368003,0.9600726604286698,0.0010996995367990336,-0.0034620467639057194,0.0015961836552401912
0.27899924708062074,-0.1113196878363879,-0.049993472002171746,-0.012332743991146092,0.03508819726701984,-0.02176397734517683,-0.009680458816145432,-0.04231379618275442,0.9647714857022941,0.0010497060647968617,-0.003183047516825099,0.0014848639674038032
0.1534931475660848,-0.05142564163110512,0.02319941213948623,-0.20122061152335974,0.1007561378533375,-0.04996924773056347,-0.00905776850554717,-0.04308487784212138,0.9586492618901885,0.001072905476936348,-0.003029554369259014,0.001433438325772698
0.37276345861559107,0.0925171273696816,0.02449112454694949,-0.06013861958600388,0.11858426891910952,0.05074820899040804,-0.008131154872197534,-0.03611145017633509,0.9637927738073417,0.0010973966014832975,-0.0026567909106434227,0.0015259554531423796
0.1526238507383929,0.1423811462861979,-0.07358369362509512,-0.039093511738979986,0.07832913045394453,0.0578551513897082,-0.014742434252200513,-0.033390372124371265,0.9568259336882856,0.0010238129078582023,-0.00250416705990503,0.0016683365994285774
0.43434186787508927,0.2549625585757172,0.09789882136159603,-0.088429522681278,0.0813384275155063,0.024483103864689645,-0.013802534133072333,-0.03863844707703731,0.9627123161761385,0.0011217117292197985,-0.0020698251920299405,0.0019232991580042946
0.6447670345149976,0.2655046730768205,0.2693512053355059,-0.08639915317380856,0.01297552139953206,0.045529874733030974,-0.014303829014500993,-0.03359619071274775,0.9664393270071702,0.0013910629345553044,-0.0014250581575149428,0.002188803831081115
0.7001922582856228,0.31174113521764024,0.21805119461260347,-0.05914379916037027,0.005727144272090799,0.056123194550411766,-0.013305139033179175,-0.034348920684700426,0.9629636599897777,0.0016091141291679082,-0.0007248658992293198,0.0025005449662987554
0.4157770167333255,0.2703942295831025,0.3422597739677972,-0.06353838477396807,0.02494134882334511,0.0927872085789377,-0.00505264445776669,-0.04700377266117514,0.9712021264787809,0.0019513739031357053,-0.00030908888249599426,0.0027709391958818577
0.5930649748012721,0.2588110745559312,0.3001713742845247,-0.0751778749272588,0.10954584386988926,0.09488713983121526,-0.014942311937116773,-0.04083440948199308,0.9544330841416384,0.00225154527742023,0.0002839760923052778,0.0030297502704377892
0.58675853898778,0.42395083110838505,0.42081842241544326,-0.07105723580577009,0.03200508433811888,0.07162336817060667,-0.009956187729430592,-0.04238734569069126,0.9659293796207202,0.0026723636998356734,0.0008707346312930577,0.003453701101546174
0.5692713594755243,0.3072755096069871,0.4935215909386261,-0.06615668124049787,0.0652313625078082,0.08649554474133044,-0.010559871131528663,-0.038847686769579025,0.9626442587264198,0.0031658852907742994,0.001440005990768582,0.0037609766111531607
0.4177928904448172,0.15914911365755519,0.42788874944999633,-0.012175121057520374,0.0512047738560234,0.05669638123178274,-0.013901529425275698,-0.0419349901734861,0.9705948096723549,0.0035937740402242958,0.0018577988812133993,0.003920125724810717
0.34626929777848925,0.30868315396233287,0.24938090009019367,-0.027672208808881535,-0.05012379036070245,0.08803667325040035,-0.012050282208545244,-0.0428357859257182,0.961995232758908,0.0038431549403144896,0.0022040681789918886,0.004228808878773049
0.48756822763262686,0.35446970700362634,0.21456102410274167,0.01100750575679901,0.09440926206434817,0.08062392447852541,-0.023816399221749728,-0.04062239354335284,0.9586912753609874,0.004057715964417232,0.0026916364066245156,0.004583278585776676
0.3385025362934197,0.185141827870281,0.13900540467224234,0.12278977483118327,0.0018562391531303391,0.03681860288045542,-0.01624461946642056,-0.030605572106187327,0.9557189374679785,0.004196721369089474,0.003030138942917935,0.004768420413646956
0.315696221800944,0.39568865492544214,0.11354840805956926,0.04291765494071255,-0.019727572414243714,0.052120683289258535,-0.01161200562779952,-0.045427864648289816,0.9588859907526177,0.004310269777149043,0.003345835164718879,0.005164109068572398
0.1039566914160879,0.31726943569898164,0.03576016203667276,0.023997486457269228,-0.009404334911307825,0.048832980802455205,-0.02088573352482359,-0.045106629101728295,0.9614940340769692,0.004346029939185716,0.0034497918561349674,0.005481378504271379
0.20684386842654315,0.23000853118636364,-0.21025530797181674,0.1808661803629427,-0.02103476271075123,0.03265466863067067,-0.011712887652835503,-0.03435977933572971,0.9608253376308206,0.004135774631213898,0.00365663572456151,0.005711387035457743
0.11138077454575974,0.048731073310731524,-0.3173439689442963,0.1596093713433854,0.015256781802753767,-0.0013329136039604023,-0.012855216985576692,-0.03786794366728323,0.9605109354881659,0.0038184306622696023,0.00376801649910727,0.005760118108768475
0.14358244347106372,0.14492626075601464,-0.26436134018632845,0.08967955187516724,0.0013451549574640701,-0.02286220247986427,-0.0058877647438005205,-0.039592836047979224,0.9621360072091326,0.0035540693220832732,0.003911598942578334,0.00590504436952449
-0.05931452319308081,0.2956063769802243,-0.5078036530577206,0.19420226664448093,-0.08176589963169621,-0.03304211659444222,-0.017218123107654186,-0.03725513182087314,0.9655787035001338,0.003046265669025553,0.0038522844193852527,0.006200650746504714
0.04165380572562219,0.0357494271022013,-0.5132509731564122,0.11446089044777058,0.016564616528000994,0.019232553246555747,-0.01065954649331266,-0.03932333438131634,0.9665478544426228,0.0025330146958691415,0.003893938225110875,0.006236400173606916
0.06058984493440195,-0.09671317810625138,-0.6706910457053281,0.15855839461554097,-0.1294797736427579,-0.07334852902906777,-0.007623305598649178,-0.04231534619704312,0.9641943095434338,0.001862323650163813,0.0039545280700452766,0.006139686995500664
-0.20219750135638975,-0.10888930843680149,-0.4941276313514034,0.12584887146413953,-0.12034374149067265,-0.0028264426973220545,-0.013153902927448849,-0.04790544766669705,0.9660634036892726,0.0013681960188124097,0.0037523305686888867,0.006030797687063862
-0.11330893806793309,-0.053994631988585784,-0.42726964709498483,0.1273316202513952,-0.02344038014983927,-0.01794968342251651,-0.01934532883278664,-0.03937422905472216,0.9560780281645427,0.0009409263717174249,0.003639021630620954,0.005976803055075277
-0.1616694171209737,-0.2649528281135347,-0.4451825438867425,0.1427491527178749,-0.08315513035143052,-0.15902612188581938,-0.01307731949857095,-0.03040897059935483,0.9566435552352213,0.0004957438278306822,0.0034773522134999807,0.005711850226961742
-0.2707843755845845,-0.1951398302013854,-0.6321309139017002,0.03131054868968681,-0.12340636389833723,-0.014721993269108483,-0.014145184492068539,-0.04045291625554612,0.9526745400329366,-0.0001363870860710179,0.0032065678379153955,0.005516710396760357
-0.22050322119804355,-0.2809502287312817,-0.4514764027638027,0.029677487741678346,-0.07448442712087942,-0.08686020433951593,-0.009185496855308313,-0.03366088407703274,0.9551341142755022,-0.0005878634888348207,0.0029860646167173517,0.005235760168029076
-0.20636877817646,-0.20067487714300436,-0.42793386539034495,0.027905786269756275,0.006145575052471069,-0.11150829338943645,-0.01085039602403839,-0.03499093043367679,0.9632069596015719,-0.0010157973542251658,0.0027796958385408917,0.00503508529088607
-0.454418965424387,-0.18648141688942327,-0.44967076946695295,0.06495923614393428,-0.08156681262104457,-0.11292332355758553,-0.006806922127832577,-0.032046932045359876,0.9653990112109675,-0.0014654681236921188,0.0023252768731165047,0.0048486038739966476
-0.2145750092794077,-0.23010403774570096,-0.3087785151340269,0.040029094063167736,0.01827489622886419,-0.16034002292696906,-0.008856159290287616,-0.036322784364730624,0.9520981895701327,-0.0017742466388261458,0.0021107018638370965,0.004618499836250947
-0.40681759255744676,-0.1421806859507362,-0.3436648397194983,-0.010925060487695622,-0.07231833534193183,-0.11986986193352318,-0.006205097738404747,-0.03464816069487882,0.9565846088554615,-0.0021179114785456437,0.00170388427127965,0.004476319150300211
-0.2896008791557433,-0.16728147829521675,-0.13555434703985725,-0.04245054019557772,-0.03930967178905753,-0.025858888097175632,-0.014828478416427726,-0.037556542349875315,0.9687687832815864,-0.002253465825585501,0.0014142833921239066,0.004309037672004994
-0.18516275012419628,-0.06772186384508169,0.09174008252253978,-0.09778384874808202,0.031049144907318357,-0.1380042929689057,-0.01441386542769453,-0.04638268894451372,0.9523619968961324,-0.0021617257430629616,0.0012291206419997101,0.004241315808159912
-0.22559516902521237,-0.040399201953363786,0.14949812497514192,-0.01689000011391061,-0.06462544370806941,-0.06181234279797434,-0.00658571060018854,-0.035864398959628334,0.9605308849690234,-0.0020122276180878193,0.0010035254729744976,0.004200916606206548
-0.40027737188634305,-0.34591338157423557,0.2104435721739637,-0.1362668384108437,-0.014635604578668759,0.034723883243055476,-0.010077823719989875,-0.035807304647325525,0.9616778578250759,-0.001801784045913856,0.0006032481010881546,0.003855003224632313
-0.16894929160457606,0.030400277245649553,0.1772105091706273,-0.10133937356984116,0.07037796533645228,-0.014181812608144504,0.0015694042698844897,-0.040939983698625164,0.9693985116938703,-0.0016245735367432285,0.00043429880948357854,0.0038854035018779627
-0.18158056529854305,0.02128216464452301,0.35591215473985044,-0.12383115457628131,0.05076705960242776,-0.007399382820325583,-0.008818441316157064,-0.04024427409518763,0.9613376056668718,-0.0012686613820033779,0.00025271824418503545,0.003906685666522486
-0.06597715484537556,0.04824434491361808,0.3639339047595286,-0.1819956676075711,0.05459402206069145,-0.017062319072128428,-0.007856513468125598,-0.03697406615391721,0.9567130105627014,-0.0009047274772438493,0.00018674108933965986,0.0039549300114361035
-0.061602029328214916,0.22448901190957496,0.539667926390244,-0.1356143038638824,-0.020994597915239027,-0.006529991039487546,-0.013471571223336885,-0.039513558794452494,0.9683247938378362,-0.00036505955085360534,0.00012513906001144492,0.004179419023345679
-0.039513474338638124,-0.15414794396943388,0.5456568126071535,-0.16877148457496252,0.11733848797811738,0.06080345602886016,-0.013800648978751941,-0.03991745351282684,0.9591996101223735,0.0001805972617535482,8.562558567280681e-05,0.004025271079376245
-0.07875809144359681,0.053055675385705624,0.47897142268305537,-0.16237017838489892,0.013263469581046034,0.05468933172097438,-0.010767621430859266,-0.034842415080259176,0.9564040098320681,0.0006595686844366036,6.867494229209986e-06,0.00407832675476195
0.0018667971421775509,0.020489606128134497,0.5738410495213285,-0.15702661617097674,-0.016525360602701065,0.11670065307731593,-0.017666914975581496,-0.041382972982694485,0.953000538391153,0.0012334097339579322,8.734291371387538e-06,0.004098816360890084
0.08476669054255848,0.1261344528007043,0.6068276472453347,-0.12109968750505679,0.0709036459467965,0.15711147185939034,-0.010234070944959978,-0.03884910678556577,0.965852568247173,0.001840237381203267,9.350098191394602e-05,0.004224950813690789
0.08530914629006767,0.20529815184216438,0.3986101669545986,-0.06806274244845958,0.08214502566949519,0.18781834134528486,-0.020409448118003926,-0.040986028456878855,0.9627341216197227,0.002238847548157866,0.00017881012820401368,0.0044302489655329525
0.1232596621231376,0.08429118424726059,0.3753972297761884,-0.028967031964827968,0.08495347551896396,0.09590819225579057,-0.009602768164316272,-0.04503249906481473,0.9580764193191357,0.002614244777934054,0.00030206979032715135,0.0045145401497802135
0.2498008318860365,0.23781287135794651,0.3142563527387573,-0.12064492244095683,0.013702972434483608,0.13664781188283698,-0.01608257302998096,-0.03944435124562771,0.9596107068737483,0.002928501130672811,0.0005518706222131879,0.004752353021138161
0.20797932966567995,0.24656711895840855,0.24290672990395126,-0.08941454611484381,0.04183373142517899,0.19723145368561557,-0.009408111598981745,-0.04548835055006699,0.959576326352559,0.0031714078605767624,0.0007598499518788678,0.0049989201400965685
0.20826655874198527,0.002002862872483635,0.12985710258111663,0.04550566003374855,0.009282757277653356,0.18053399194506167,-0.007317870277094147,-0.04293295483842872,0.9516666664502045,0.003301264963157879,0.0009681165106208531,0.005000923002969052
0.09396787780039713,0.21298862924158218,-0.05133882910760358,-0.0746728887804837,0.03005883747948976,0.11365947262593727,-0.011050853272918186,-0.028403490895077144,0.9675011398901263,0.0032499261340502754,0.0010620843884212503,0.005213911632210635
0.30909180242393863,0.15472354170462066,0.09551624574569112,0.010602607119975502,-0.0016851852538620898,0.12681230274932753,-0.008154504408378218,-0.04004057096351888,0.9610021813734188,0.003345442379795967,0.0013711761908451888,0.0053686351739152555
0.26886782420163235,0.16906385583378586,-0.16709801399008545,-0.00718155747422263,0.018342915972073392,0.10864596050562718,-0.006154031639093488,-0.04307519037829112,0.9689407308119419,0.0031783443658058813,0.0016400440150468214,0.005537699029749041
0.3021734093982311,0.11778608745664118,-0.1451736743981102,0.0891855533484201,0.021701623578753756,0.06679778611509558,0.0028686311402236295,-0.047231504193461935,0.9653380354036544,0.0030331706914077713,0.0019422174244450524,0.005655485117205681
0.3015288199225546,0.1552161040051329,-0.32945249039979996,0.08537515904894409,0.024386014085997818,0.013817625876832882,-0.010405649584504467,-0.03660089594357173,0.9652012845132882,0.0027037182010079715,0.002243746244367607,0.005810701221210815
0.19236258940715933,0.057099890753615413,-0.24049102065828368,0.13562779747813672,-0.019559661514680256,0.1316921894574394,-0.014839450582146984,-0.03957877263495904,0.9611601084967835,0.002463227180349688,0.002436108833774766,0.00586780111196443
0.266256322647306,0.031310935251773926,-0.381934049882539,0.09958022794774127,0.018832740504570677,0.02041998725466166,-0.010878633697749855,-0.049875035078550206,0.958673443136961,0.0020812931304671485,0.0027023651564220723,0.005899112047216205
0.25232215806180947,-0.15858640674079544,-0.39410925443671596,0.11013917853150745,-0.08066821475351146,-0.013496426369473855,-0.008534890733719906,-0.043049016988170596,0.9563124276302013,0.0016871838760304327,0.0029546873144838818,0.005740525640475409
0.2630752046014041,-0.14759399803798606,-0.27037601481250745,0.16582519705818022,0.007623594842432644,-0.03237555140877762,-0.00802221651823961,-0.04372883109900932,0.9585199742194646,0.0014168078612179255,0.003217762519085286,0.0055929316424374225
0.12325356612776846,-0.12046078688151157,-0.170015593934077,0.2160828591471118,-0.0462834315647883,-0.01477383130254425,-0.003016473120916582,-0.034077678144392165,0.9652327740363734,0.0012467922672838483,0.0033410160852130537,0.005472470855555911
0.2991399734533585,-0.1799321983636309,-0.12142709557758075,0.09829268638986621,-0.05323794350299675,-0.04877207515236639,-0.011956287738732321,-0.041887197071965025,0.9573480206986288,0.0011253651717062676,0.0036401560586664127,0.00529253865719228
0.17714310437252367,-0.15783748473322823,-0.20234162070594414,0.14739836892840125,-0.09110059392945064,-0.08742912088681824,-0.007671127660184587,-0.030704533332676833,0.9656246714282447,0.0009230235510003236,0.003817299163038936,0.005134701172459052
0.18080058080432257,-0.20389754469476595,-0.11235198878063984,0.11731327857936781,-0.10682441558935088,-0.0806475541412562,-0.006754194262035759,-0.04103084430427027,0.9584284248301146,0.0008106715622196837,0.0039980997438432584,0.004930803627764286
0.09365012037592939,-0.2424522717220179,-0.18261849788262569,0.17907545229089658,-0.047757413659593684,-0.05581959279919905,0.0019817238635902196,-0.03558464026650797,0.9694261412434397,0.0006280530643370579,0.004091749864219188,0.004688351356042267
-0.03937056937479544,-0.42689735978427645,-0.05909324597714046,0.10532708447292519,-0.08848776989991793,-0.12249179387939778,-0.014187238926235857,-0.03956947108629015,0.9667996698362235,0.0005689598183599174,0.004052379294844393,0.00426145399625799
0.07532872446473972,-0.33791532308783584,0.14820919811545835,0.05032888497777856,-0.09677513199756647,-0.13392455577856044,-0.009336819490829748,-0.040509991605282826,0.9731406608747535,0.0007171690164753758,0.004127708019309132,0.003923538673170155
-0.10699365221280466,-0.38617254634404163,0.1568777988083911,-0.02393785779854725,-0.07578040174106632,-0.04049662618661166,-0.0034569427534372173,-0.035847702099972074,0.9557453693386582,0.0008740468152837668,0.004020714367096327,0.003537366126826113
-0.16139525763686696,-0.21745597364372082,0.2765973121603118,0.028248858189655775,-0.06118368960074662,-0.07568597506381301,-0.00792615551215698,-0.03965750192128089,0.9633361980832419,0.0011506441274440787,0.0038593191094594605,0.0033199101531823923
-0.1439423090032021,-0.34140331401888063,0.27209305000103506,0.06023031035275138,-0.08000589811703157,-0.0019322031900665965,-0.016750198261778114,-0.034461028699654506,0.9699481992213796,0.0014227371774451136,0.0037153768004562584,0.0029785068391635114
-0.235905658285156,-0.39705967645133766,0.3736084345151035,0.038893900167019935,0.010823116774814338,-0.09254513602925267,-0.014037551226633766,-0.044053814144744886,0.9556536964522239,0.0017963456119602173,0.003479471142171102,0.0025814471627121738
-0.2867669570091546,-0.19209414856411028,0.3552265771256533,0.042979790311202505,-0.03712230599768743,-0.02169822178630256,0.002489218040739643,-0.04349556846421289,0.9675392214806973,0.0021515721890858707,0.0031927041851619476,0.0023893530141480632
-0.4137419223921268,-0.058272982458181716,0.23835340439860542,0.01953119027677819,-0.07158548284662651,-0.044977361000084565,-0.009916665547919604,-0.03557297635601679,0.9657742271451801,0.0023899255934844757,0.002778962262769821,0.0023310800316898818
-0.40580742941850184,-0.16109958169162714,0.3364593137264641,-0.012122977396273875,-0.029205709566449994,0.021260420615177696,-0.002091663526416921,-0.04303463478841634,0.9535381019815087,0.0027263849072109397,0.002373154833351319,0.0021699804499982545
-0.3581866367915201,-0.08839189631081698,0.26175418890239216,0.03735519075826028,-0.04006229355568328,0.06340685283101256,-0.005121236381091445,-0.04370250509121208,0.9616370770236795,0.002988139096113332,0.0020149681965597995,0.002081588553687438
-0.44741939470822456,-0.1025532142885549,0.27671070400872805,-0.04329508415522675,0.04302245274926175,0.04390994211726076,-0.008899010396540483,-0.03884898225943717,0.9626741260531159,0.00326484980012206,0.0015675488018515747,0.0019790353393988828
-0.36796807146191324,-0.008638191877920198,0.22090265623134744,-0.10462895851591375,-0.0701917539323447,0.07018818206497215,0.003804837458584497,-0.045420797756402564,0.9614750703292085,0.0034857524563534077,0.0011995807303896615,0.0019703971475209625
-0.3931314027372913,0.11701428843701475,0.02456618437986985,-0.07477176744600159,-0.01915424474548325,0.03722648596094475,-0.0075079515307025346,-0.04419979009050816,0.9575846622085594,0.0035103186407332773,0.0008064493276523701,0.0020874114359579776
-0.4546163457986028,0.2774871172419611,0.2702422503623896,-0.03865043794054866,-0.0035093545147047746,0.0715030963306164,-0.007915102693208682,-0.033793531841779544,0.9611798053946657,0.003780560891095667,0.00035183298185376724,0.0023648985531999392
-0.4343632286598595,0.013224232392503116,0.024418555236665355,0.015402713728233255,-0.007309741949894294,0.13959591850396275,-0.010137310903576757,-0.03900074362045368,0.9634267446481528,0.003804979446332332,-8.253024680609228e-05,0.002378122785592442
-0.4262705216362273,0.14359413291552028,-0.020632801128054976,-0.06309979675898016,-0.013358590485392962,0.04992916791435997,-0.010660005549977251,-0.0462156179540566,0.9632178248774715,0.0037843466452042772,-0.0005088007684423195,0.0025217169185079626
-0.4493063984064184,0.07069133464484541,0.1983625559509069,-0.030939805137389434,0.021975266799296383,0.1137790511611232,-0.008185980790461438,-0.03505173445054113,0.9563172419601836,0.003982709201155185,-0.0009581071668487381,0.0025924082531528073
-0.40150483472457776,0.1969790937197729,-0.24237820737421056,-0.03717524056439895,-0.014526027660518675,0.08873039429060478,-0.001808873437392645,-0.036822258161638956,0.9655417660728657,0.003740330993780974,-0.0013596120015733158,0.0027893873468725805
-0.4263965730872596,0.28008881295005034,-0.46711738463371727,-0.10193064590819523,0.08311509290434353,0.12949369009362424,-0.002600174758679413,-0.04434025442679195,0.9606203891788023,0.003273213609147256,-0.0017860085746605756,0.003069476159822631
-0.35444285499482375,0.28483630036318486,-0.3562553679615041,-0.07719254546509792,0.05316010552803068,0.07204185355233249,-0.0037262144038641776,-0.051633544828835434,0.96072350687312,0.0029169582411857527,-0.002140451429655399,0.0033543124601858165
-0.2785946114752549,0.20970895463638461,-0.34327619295555145,-0.06903919804323906,0.045972153329085816,0.08106973667143745,-0.00892433794132504,-0.038056250352775184,0.9531283375713923,0.0025736820482302014,-0.002419046041130654,0.003564021414822201
-0.2997209567101621,0.40275131671833686,-0.4503782303859908,-0.0006737276529633282,0.06802060942407126,0.08616636885171253,-0.00736813658113555,-0.04103032859745653,0.9626865997824378,0.0021233038178442103,-0.002718766997840816,0.003966772731540538
-0.18191220451122844,0.26998319077417765,-0.5016251079179364,-0.03477575393228842,0.06071467831238941,0.03482947966392605,-0.005980986508023287,-0.04304150201788853,0.958347351360903,0.0016216787099262737,-0.0029006792023520446,0.004236755922314715
-0.16052701461828547,0.3782453064157933,-0.4836572025523593,-0.0812836952034021,0.05194359529650349,-0.019722695827121973,0.000883265808941536,-0.03865869676412631,0.9638326803340634,0.0011380215073739145,-0.0030612062169703296,0.004615001228730508
-0.06779968820624507,0.2618939595422925,-0.4357848133786248,-0.049645421968372586,0.04758957264190922,-0.0403078965145729,-0.004855128146446035,-0.03986380091005257,0.9531909647529151,0.0007022366939952896,-0.003129005905176575,0.0048768951882728
0.0599707757798443,0.3447539641166254,-0.5171195863606045,0.04044498277846094,0.10601844374189116,-0.016331092644643178,-0.005782832066145583,-0.04953861692496005,0.963602969300416,0.00018511710763468504,-0.0030690351293967306,0.005221649152389426
-0.06844390000750279,0.30706726150196634,-0.505846166506206,0.03689304893917487,0.07328800214136832,-0.09117322732566734,-1.7945949839451997e-07,-0.039367722723737626,0.9675146093609015,-0.00032072905887152095,-0.003137479029404234,0.005528716413891393
-0.0863070357101144,0.2850788981813359,-0.3627178896135037,0.017698143464403376,0.09268780992990643,-0.15745060768150834,-0.014382593578628023,-0.043669779403581195,0.9622779516324987,-0.0006834469484850247,-0.003223786065114348,0.005813795312072729
0.018320690262213543,0.0875129507477582,-0.30676823809528236,0.03603433242358638,0.0987653411744801,-0.042774273846489116,-0.009162638538659274,-0.03925745703330342,0.9588064651034608,-0.0009902151865803072,-0.003205465374852135,0.005901308262820487
0.31573257805641985,0.013957452349057264,-0.4557134573151186,0.07779212545809905,0.1481966984661538,-0.04867031323146844,-0.0035767912283701008,-0.031869733628623165,0.9642760799510718,-0.0014459286438954257,-0.002889732796795715,0.0059152657151695445
0.23888186953098323,0.07222160300025231,-0.16617671928452704,0.03995851069441715,0.01962975839709459,-0.142609473611911,-0.0019880348452626117,-0.0390627580615703,0.9612531735216588,-0.001612105363179953,-0.0026508509272647317,0.005987487318169796
0.2072810634985821,-0.03182454652181903,-0.19039981133814873,0.12876322654558037,0.08330613411278426,-0.10036706791544471,0.0023444719737503493,-0.04052671698114326,0.9674678643743723,-0.0018025051745181016,-0.00244356986376615,0.005955662771647977
0.32573950098812393,0.12951862689903187,0.17248108186824251,0.199406098029724,0.011211700150419685,-0.05005835591737657,-0.006721950017928234,-0.043504656494071904,0.9596417939684642,-0.001630024092649859,-0.0021178303627780253,0.00608518139854701
0.3036415845081014,-0.08406311724399312,0.15542953352585512,0.16708637336268853,0.06724532702936693,-0.14374169148045668,-0.004191482030325606,-0.03777165300188178,0.9499752765769826,-0.0014745945591240041,-0.0018141887782699242,0.006001118281303017
0.28549039602788534,0.0005350065461894038,0.22154085053083408,0.11209477835451548,0.0729195039542128,-0.09183958038981777,0.0013044950653023396,-0.04422030078918157,0.9680669980348077,-0.0012530537085931699,-0.0015286983822420388,0.006001653287849206
0.4639223051879306,-0.08686962969493965,0.350195222572594,0.12178284933388082,-0.01613679570746251,-3.027134966640012e-05,0.004005417385554197,-0.044307520958886466,0.9585180110470957,-0.0009028584860205761,-0.0010647760770541082,0.005914783658154267
0.424111450267477,0.02553510092958275,0.419357626895085,0.04809086183018944,-0.055339134142811136,-0.11708700467876897,-0.0076114385710039706,-0.03989807153411337,0.9643464528737131,-0.000483500859125491,-0.0006406646267866313,0.005940318759083849
0.4188686020504337,-0.16785784580974178,0.49215654151866045,0.03506709258115522,0.058554340773741505,-0.01563585790670228,-0.006890592453674332,-0.039835471859719675,0.962937540182198,8.655682393169495e-06,-0.00022179602473619748,0.005772460913274107
0.3833784771621651,-0.015816362521682975,0.4541267723172584,0.06124239895647034,0.024476199739394765,-0.02458294135380172,0.0017359598747717893,-0.0502749489195048,0.9573954327029464,0.00046278245471042785,0.00016158245242596763,0.0057566445507524246
0.2718366464913773,-0.15578694618356256,0.3616507727216822,0.04083374282551712,0.03433583761594932,-0.09442158485703477,0.00021976158458664533,-0.04181803500995954,0.9561524662271922,0.0008244332274321101,0.000433419098917345,0.005600857604568861
0.3541387779395952,-0.31210205330898155,0.48933049271266615,-0.026644541310295623,-0.06674595375802576,-0.0617384914867151,0.0018118312069982402,-0.04574328740982293,0.9613801596413092,0.0013137637201447762,0.0007875578768569403,0.005288755551259881
0.5174398695313385,-0.3247881401324909,0.45821543072482235,-0.009153903149560508,-0.04452989507896592,0.04984411320377623,0.008821974469091599,-0.029407202928007706,0.9582358830520954,0.0017719791508695988,0.0013049977463882787,0.004963967411127389
0.41111977963526347,-0.19759931956054133,0.5160869733349073,-0.03358117578471741,-0.0694776650078364,0.04207324110046039,-3.781885854770668e-05,-0.04449164144818179,0.9578606052693472,0.002288066124204506,0.001716117526023542,0.004766368091566848
0.20889652350753027,-0.16833263292050235,0.4742622904184252,-0.07337609955977598,-0.03147941887391187,-0.009659870957713852,0.0006041322343844002,-0.03518259718615975,0.9607472661805451,0.002762328414622931,0.0019250140495310722,0.004598035458646346
0.32884117168825433,-0.01215521499010716,0.34826862292251437,-0.0745768280396154,-0.056253839728215765,0.05284192710963835,0.0043640989718297316,-0.041516347345590884,0.9646637564290934,0.0031105970375454456,0.0022538552212193266,0.004585880243656238
0.24097646481258733,-0.11237769784577586,0.11954631397563029,-0.140962768144965,-0.01961638866425589,0.07502961362869366,0.009503793154616566,-0.04034599573923035,0.9617692245365949,0.003230143351521076,0.0024948316860319143,0.004473502545810462
0.38943595746141646,-0.06399471901860346,0.16722348962883515,-0.06260276528925166,-0.05113730390982357,0.11557917725461464,0.0007610253034186512,-0.0404756026032223,0.9570790450122215,0.003397366841149911,0.002884267643493331,0.004409507826791858
0.015852967935079648,-0.02656798742063384,0.20520746279928026,-0.09666659827683703,-0.06425200867952086,0.10354604186345102,-0.0033831470506425878,-0.02773070388124947,0.9615057784327998,0.0036025743039491917,0.0029001206114284105,0.004382939839371223
0.30790173122788134,0.0665805657318414,-0.028665761078655067,-0.13628553010904587,-0.04835427619338589,0.19287467371212766,0.0022493340574491973,-0.04293868595756251,0.9675482163056238,0.003573908542870537,0.003208022342656292,0.004449520405103065
0.036192843802970456,-0.13106357224407045,-0.034166568704187494,-0.17014057732027363,-0.09029660191156048,0.17777164493557068,0.0020204530005756794,-0.04157499788582138,0.9576345075824135,0.003539741974166349,0.0032442151864592625,0.0043184568328589945
0.171442216468786,0.05465573602338604,-0.13796883542470728,-0.0901220656017534,0.04001888114486221,0.045064496111888404,-0.006741266579802597,-0.032382064978012534,0.9486175993819432,0.0034017731387416417,0.0034156574029280476,0.00437311256888238
-0.05898977709054258,0.0779647012005778,-0.17261974775007471,-0.18348614634677102,0.017615533184606836,0.13833412364497524,-0.0010053454802561015,-0.03419542918364578,0.9659925056098974,0.003229153390991567,0.0033566676258375058,0.004451077270082959
0.06228659637438132,0.08144634559862984,-0.23212966890941622,-0.10750304525933882,-0.003748438127769994,0.13585018590133105,0.0033673301880827837,-0.0426160772319326,0.9568819674130263,0.0029970237220821507,0.003418954222211887,0.004532523615681588
-0.10749656610563751,0.0881018675849523,-0.44166463685936974,-0.12902168712602566,-0.1590363107663885,0.13521347220023403,0.0067601737049909506,-0.046939890534885884,0.9624598688794029,0.002555359085222781,0.0033114576561062495,0.004620625483266541
-0.09974887290276775,0.25950045882150685,-0.4615690047392126,-0.11465623173703504,-0.04393930561801947,0.008189902023032358,-0.0017792161186065308,-0.034832990606831433,0.949687293937162,0.002093790080483569,0.0032117087832034814,0.004880125942088049
-0.04128449738324372,0.1882949892297709,-0.44616287364411517,-0.10171924063830409,0.002251899859475954,0.07142159027071579,-0.0018352670011644394,-0.029253281111153315,0.9616594612177175,0.0016476272068394534,0.003170424285820238,0.0050684209313178194
-0.29844221526499726,0.0949007209938058,-0.48877277995457064,-0.10253776313932629,-0.022869554360998974,0.0408414888485538,-0.0003043989865297354,-0.036749983564522345,0.9705519881499227,0.0011588544268848827,0.002871982070555241,0.005163321652311625
-0.35517312072730317,0.26682623571682534,-0.18123128122421592,-0.11103514919341065,0.008519127069638609,0.08604717185985028,0.0076896249070936545,-0.04272573614842237,0.9588380228339908,0.0009776231456606669,0.002516808949827938,0.005430147888028451
-0.3102963126226369,0.18488616726564225,-0.326917705551999,-0.06811019236237129,0.02568179241078414,0.015556418629520652,-0.0065814399505756006,-0.04101217807517458,0.9610109560078448,0.0006507054401086676,0.002206512637205301,0.005615034055294093
-0.25837402227763545,0.38119143819987744,-0.17908825635295914,-0.10605743913894496,-0.012831334572483317,0.05301524278137299,-0.005333743400432671,-0.036632349983450094,0.96508862688375,0.00047161718375570853,0.0019481386149276657,0.0059962254934939705
-0.2821510136218143,0.2058657455131405,-0.03221994666956168,0.022904678035250387,0.01572006091545304,0.086596835682049,0.0021584409182113197,-0.03663843251591377,0.9578777291075458,0.0004393972370861468,0.0016659876013058513,0.006202091239007111
-0.2886594645160385,-0.008578662056300729,-0.0021182765891023664,0.04629981216131679,-0.027545944443019124,-0.0013530243534612338,0.0033293302098236994,-0.03782380638923952,0.9568209426686377,0.00043727896049704446,0.0013773281367898127,0.00619351257695081
-0.2164857273179034,0.12261252420862674,0.002561305703089614,0.03404851358286154,0.04155340366386754,-0.046709661746462315,0.0015699132880121311,-0.03552560689725715,0.9634849057406308,0.00043984026620013414,0.0011608424094719095,0.006316125101159437
-0.25752686011371756,0.052858779583936644,-0.0030263300687186565,0.052270356688251536,-0.01629924254384124,0.008595331596312676,-0.013072275157108711,-0.03819078569048341,0.9518200518212059,0.0004368139361314154,0.000903315549358192,0.006368983880743373
-0.21148316341617499,0.07625843934540942,0.1831394814829818,0.042104785411786375,0.062157390258811375,-0.07930978038067542,0.007923478524767756,-0.047027559993987694,0.9564479437965084,0.0006199534176143972,0.0006918323859420169,0.006445242320088783
-0.17595368190215685,0.0001431470704345121,0.3747205019807138,0.11942431137944103,0.04587610060433979,-0.1266693074664817,0.010869613327618719,-0.03938767956996187,0.9516350468760025,0.000994673919595111,0.00051587870403986,0.006445385467159218
-0.2050310932311714,0.06749422921396578,0.2352952656443926,0.13205288597606152,0.04587124659738514,-0.0004363322896696279,0.005772201865959774,-0.04326188855979196,0.9583423846133905,0.0012299691852395037,0.0003108476108086886,0.006512879696373184
-0.3123336208343963,0.06732496510051716,0.3414449340377496,0.14950201879217126,0.13370427161379705,-0.036545991325258174,0.0005587756692009319,-0.03690218598116628,0.951964338332836,0.0015714141192772531,-1.486010025707696e-06,0.0065802046614737006
-0.16792547431618118,-0.13949779062837112,0.5085538839253994,0.14633113141597,-0.0037171916864157687,-0.04322737688034826,-0.000368707136654706,-0.043531791008347635,0.96317667323985,0.0020799680032026527,-0.0001694114843418889,0.00644070687084533
-0.20735693902349567,-0.06263411831849958,0.48142213224222785,0.12699618532395687,0.060963660353366964,-0.09011235044887811,0.0028355120196719885,-0.044297851797465926,0.9640437521935462,0.0025613901354448808,-0.00037676842336538456,0.006378072752526828
-0.24996810175638445,-0.23437803204336055,0.4621546769599548,0.15467310094714543,0.019062637683431884,-0.13125233117410579,0.004847011946862344,-0.029207825717600774,0.9613145687907957,0.0030235448124048356,-0.000626736525121769,0.006143694720483469
-0.06044359926555709,-0.14267480671060315,0.3395617217665511,0.16071365336578253,-0.010898202478249365,-0.05750689857247216,0.001732196801415399,-0.025263940091381935,0.9618392364092864,0.003363106534171387,-0.0006871801243873261,0.006001019913772866
-0.06058635818857041,-0.33933866540338437,0.312582739018255,0.16171567762099232,0.016255335561027574,-0.07691748552689416,0.00462240676427589,-0.037770915165645506,0.9652981791839959,0.0036756892731896413,-0.0007477664825758964,0.005661681248369481
-0.01829100069100044,-0.3355827056727852,0.29252836530441184,0.11227007953697629,0.05823819113708856,-0.02052100414926085,-0.005292574836515252,-0.030775970844537443,0.9650928335812017,0.003968217638494053,-0.0007660574832668969,0.005326098542696696
0.14933064291613424,-0.3452825255360436,0.03764091698328448,0.1444773220106821,0.025498010943982706,0.03341952559691858,0.007434470564279096,-0.03897709264587609,0.9586414498065089,0.004005858555477338,-0.0006167268403507627,0.004980816017160653
0.11089615199592193,-0.21469632688831056,0.11696042205708262,0.17393332123323335,-0.030424295242940554,0.01105427493689852,-0.002272069051621083,-0.033713868896934736,0.968861974004236,0.004122818977534421,-0.0005058306883548407,0.004766119690272342
-0.05751219882321132,-0.36130198653965556,-0.07473052952698638,0.10426393651060198,-0.03989840761107245,-0.005520207580575859,0.008869648673746643,-0.038899253615175856,0.9621508318336714,0.004048088448007434,-0.000563342887178052,0.004404817703732687
0.2606144573483201,-0.28246419371370063,-0.05750108043068687,0.07511867964836337,-0.05653003662335903,0.005844600487837035,0.009989409283131079,-0.03552957943963001,0.9596957412213215,0.003990587367576747,-0.0003027284298297319,0.004122353510018987
0.25511288581596175,-0.48154164563176394,-0.10353361645829495,0.03120559459629702,-0.08216805256750064,0.06538324836029884,-0.001044862813839495,-0.03967829148274322,0.9520684071127623,0.003887053751118452,-4.761554401377016e-05,0.0036408118643872223
0.33483515687193754,-0.3625832977356157,-0.32326141874584047,0.07334524130128686,-0.06323783841047653,0.10258421673507767,0.0010403785810626713,-0.0370583854187358,0.9558114439207964,0.0035637923323726117,0.0002872196128581674,0.003278228566651607
0.17482879767387288,-0.30309434560378856,-0.4228502126301772,0.1427182423350115,-0.09119514268708993,0.0545498759554393,0.008211871831770697,-0.0370236674777047,0.9563949429666128,0.003140942119742435,0.0004620484105320403,0.0029751342210478184
0.33932145208056236,-0.13357893299535506,-0.38150054073602024,0.04940885777408978,-0.053625898655517625,0.08894720660318707,0.0033390945577661613,-0.033690136998181894,0.9685137797425428,0.0027594415790064145,0.0008013698626126028,0.0028415552880524633
0.09264091965018215,-0.11769446305262883,-0.4483092619219208,-0.046615121167191145,-0.08800335530494699,0.08668682245272855,0.0030303913958869997,-0.03847999431809653,0.961607699117628,0.0023111323170844937,0.0008940107822627849,0.0027238608249998343
0.34867424183659046,-0.30296757166875754,-0.5193364968141987,0.07010233426080566,-0.04059629454046574,0.14124140259541662,0.002285123878947258,-0.03206185147853531,0.9551943109684665,0.001791795820270295,0.0012426850240993754,0.002420893253331077
0.3040842071277232,-0.043117522688394236,-0.5145736409430641,-0.12669638489845472,-0.13088485340814712,-0.013174416779425666,0.013546928283469227,-0.039905428502377674,0.9562630079126145,0.0012772221793272307,0.0015467692312270986,0.0023777757306426826
0.4257073205357016,0.022868517343173286,-0.6622421856684156,-0.06480589707307326,-0.10187719337911867,0.12139797368541681,-0.004934999904598552,-0.03997386877505174,0.9549497921115288,0.0006149799936588151,0.0019724765517628003,0.0024006442479858558
0.2750582166927684,-0.06108674353438951,-0.4315279990092487,-0.07379845298392933,-0.0815799019318426,0.06359359191357782,0.00669434962191602,-0.036718168179836475,0.9588325374713537,0.00018345199464956635,0.0022475347684555685,0.002339557504451466
0.3419042199159241,-0.02351455535562469,-0.3246994998327518,0.011401102903125165,-0.07469328721406834,0.07761204058667816,-0.0019062738318787412,-0.040667930812042195,0.9583488940685064,-0.00014124750518318546,0.0025894389883714926,0.0023160429490958413
0.2569102991303852,0.10038513676320011,-0.374142400289711,-0.049790541320074946,-0.10740135956519152,0.08623810319472187,-0.003036484742978361,-0.04177881640329156,0.9622562207079232,-0.0005153899054728965,0.002846349287501878,0.0024164280858590416
0.32827510839445917,0.17736149200998239,-0.36019915736953373,-0.13416003925288653,-0.08680673160992511,0.0819678604172551,0.0029178978360792267,-0.03176573808243934,0.9453456737147126,-0.0008755890628424303,0.0031746243958963374,0.0025937895778690243
0.1356303654446429,0.15798547845531735,-0.3285348006577758,-0.05456209204213725,-0.0865174960356682,-0.006780883981719407,0.006485424095557004,-0.033930199850758624,0.960425485152545,-0.001204123863500206,0.00331025476134098,0.002751775056324341
-0.0002817781266062358,0.05410014448003944,-0.20862876021463966,-0.0022294965703878004,-0.11250021653659141,0.04259388822784805,0.0018083640607252857,-0.03266323740712335,0.9535176568506799,-0.001412752623714846,0.003309972983214374,0.0028058752008043807
0.109740594213563,0.40674657515302537,-0.1298575387716983,-0.17493592127111682,-0.05572291991725867,-0.034015092516982266,0.0001091629710573555,-0.036116852861019504,0.9581967295201859,-0.001542610162486544,0.0034197135774279375,0.0032126217759574057
-0.03459191863175963,0.42888360861296604,-0.15324928294416093,-0.15060700110181355,-0.022021386329655952,-0.08291211618528917,0.002504278249817397,-0.032480970775224174,0.964949594786329,-0.0016958594454307052,0.0033851216587961774,0.003641505384570372
-0.06060309053611639,0.16574319994214443,-0.03794632849007444,-0.0032080856459429825,-0.054740568269778196,-0.00846943770982229,0.0028841316679945107,-0.03449268170143032,0.9619654142943996,-0.0017338057739207796,0.0033245185682600612,0.003807248584512517
0.04352726070954986,0.3276221377299606,0.12356550714653058,0.0016743532903105256,-0.033024947396850746,-0.0822529710737142,0.00287078130920914,-0.03979638665510999,0.9558916751889202,-0.0016102402667742492,0.0033680458289696113,0.0041348707222424765
-0.18886262418570582,0.45388847791283604,0.37370417226564606,0.00828522318490615,-0.042656833786626505,-0.0695667838480047,0.014560878010995263,-0.030528121209993198,0.9616328701277489,-0.001236536094508603,0.003179183204783906,0.004588759200155313
-0.27457293627995505,0.2806107450172973,0.4114684867755261,-0.08836750856023078,-0.035626677077224285,-0.0395046231397067,0.013110785447120462,-0.03942641101686826,0.9574106082879981,-0.000825067607733077,0.0029046102685039506,0.00486936994517261
-0.22836009491792855,0.21373773320715544,0.5109912042604938,-0.033757973687866386,0.008258966991961533,-0.13488503408686298,-0.0006240202384300043,-0.029315606663241775,0.9651405982618765,-0.0003140764034725832,0.002676250173586022,0.0050831076783797655
-0.45395175227005635,0.291604058321773,0.44594573952907895,-0.023494833221861213,0.014712090090378977,-0.09128159222806169,0.018826780983549903,-0.036350499853341045,0.9634777077371326,0.00013186933605649582,0.0022222984213159653,0.005374711736701537
-0.3307303495585929,0.16052168436411962,0.4689569469779503,0.04701787667943037,0.08246327358969392,-0.039090906832565754,0.004704295702358821,-0.03257859709965758,0.9622149954238752,0.0006008262830344462,0.0018915680717573728,0.005535233421065658
-0.3706190043220918,0.23269626252117465,0.46624267729175023,0.07833688986391767,0.10558774746007164,-0.14234715007201532,0.008897101438115016,-0.037210302547531875,0.9584486152271179,0.0010670689603261966,0.001520949067435281,0.005767929683586831
-0.398183573518214,0.32389822596794005,0.5549218185529791,0.06452560531019776,-0.024603755018809792,-0.043964659352977824,0.0012183900688924948,-0.030143729741458264,0.9603217639538424,0.0016219907788791758,0.001122765493917067,0.006091827909554772
-0.42553130485854457,0.12781279227346745,0.5824883681991176,0.11976043412273542,0.0054254903421936855,-0.028471641945736155,-0.0009243327406413824,-0.04515992044822726,0.9647009058524454,0.002204479147078293,0.0006972341890585223,0.00621964070182824
-0.2639036920267405,0.15880366389439898,0.4897799236026363,0.09249822634979726,0.1420454922458766,-0.07590301834470299,0.009669776390052417,-0.034768230270009894,0.9597082338826903,0.0026942590706809295,0.00043333049703178183,0.006378444365722638
-0.40690980055668835,0.08196612585944066,0.6764014430288607,0.15434799852770778,0.0481637627267596,-0.02558499035260739,0.0007011066177031091,-0.03786836200723348,0.9627406153878183,0.0033706605137097906,2.6420696475093433e-05,0.0064604104915820795
-0.5499120225696777,-0.037477319168327666,0.3909832885048427,0.08731375753878495,0.0689613648251449,-0.1031401011087827,0.010169167364900781,-0.04002005243970095,0.9675109121406937,0.003761643802214633,-0.0005234913260945844,0.006422933172413752
-0.4607020955660794,-0.19604827124402496,0.2914201437277555,0.07021321493246903,0.019561433847688655,0.043876101448464024,0.006950770112254275,-0.03546046778904122,0.959856837038766,0.004053063945942389,-0.000984193421660664,0.006226884901169727
-0.6004374741177971,-0.028355865645572347,0.17671774474685592,0.13538622576044076,0.033939873566149484,0.03808126363058815,0.01405242283629093,-0.02651734931561946,0.9545625990494868,0.004229781690689245,-0.001584630895778461,0.006198529035524154
-0.2982124260709392,-0.059465791719198344,0.1549403381915111,0.13359183892118992,0.05249426343726453,0.022043742084188092,0.0110881028869343,-0.03255393448572664,0.9598766857634372,0.004384722028880755,-0.0018828433218494,0.006139063243804956
-0.2445389162757808,-0.15527170635951804,0.07459942786793163,0.13657333978607494,0.09345452656909825,0.051266970203857266,0.001026182882865486,-0.03724780463480386,0.961146038335438,0.004459321456748687,-0.002127382238125181,0.005983791537445438
-0.4618627838549232,-0.11234721500620128,-0.13390005605912872,-0.00014923781527690153,0.03541712197900873,-0.02720117550593637,0.015461085671182402,-0.03948014542865953,0.9515567109126842,0.004325421400689558,-0.002589245021980104,0.005871444322439237
-0.36751539622802165,-0.16368256702958553,-0.3008529828564257,0.06992780773651922,0.09378099116968824,0.05936687725779045,0.004613344099927289,-0.025226255280105143,0.9648557059367987,0.004024568417833133,-0.0029567604182081254,0.005707761755409651
-0.39025542708135785,-0.12882874568112226,-0.19805535129215002,0.054987197207334734,0.06218655635193497,0.0647831132878889,0.0034096158592215276,-0.03514930753435162,0.9574545427053944,0.003826513066540983,-0.0033470158452894834,0.005578933009728528
-0.20221003277554428,-0.09938829212105654,-0.2725346042664826,0.06270645436701389,0.08555466278565567,0.08865973171883518,-0.0017779249732090587,-0.033199527909569794,0.9578240365256859,0.003553978462274501,-0.0035492258780650283,0.005479544717607473
-0.056876481198364165,-0.10676213314789638,-0.1956046583557532,0.04426814686398335,0.036930200919171624,0.08656797673177218,0.006201317879669577,-0.03160790346773532,0.9591591029708842,0.003358373803918747,-0.003606102359263392,0.005372782584459577
-0.09034337961514768,-0.14601672006094316,-0.5268770445597268,-0.021879237796058125,0.053581642767670114,0.1352259320913301,0.01174665332916448,-0.035867799984623985,0.9596790130248324,0.0028314967593590203,-0.0036964457388785395,0.005226765864398634
-0.10062701598683303,-0.24794792551414457,-0.32695018615471305,-0.004488675035945348,-0.012266247721129664,0.16305227549836435,0.012065139719477577,-0.030511022726894394,0.9612725238048624,0.0025045465732043072,-0.0037970727548653723,0.004978817938884489
0.08542186399733151,-0.10359171025017319,-0.20562343012806014,-0.035886449027868285,0.05860082443972006,0.10242375649722306,0.007874166461329723,-0.03823176966043022,0.9668952304040401,0.002298923143076247,-0.003711650890868041,0.004875226228634316
-0.0996201074935597,-0.27438542990518777,-0.357454257323169,-0.04265862948644002,0.0473541006933057,0.11092013675445235,0.013921594711100148,-0.03846231775830503,0.9600279298410114,0.0019414688857530783,-0.0038112709983616003,0.004600840798729128
0.013545276198330833,0.02499736328027624,-0.21279047256786773,-0.12905754419824786,0.04829606644481833,0.06295409060867077,0.006659155757774271,-0.03447243138847887,0.9562291319389237,0.0017286784131852106,-0.0037977257221632693,0.004625838162009404
0.2286422064902151,-0.2310199687891828,-0.21485858564127946,-0.09843600750327287,0.00804130233332058,0.0854613242214262,0.006855269735050724,-0.03212659054135146,0.9539931080405692,0.001513819827543931,-0.0035690835156730544,0.004394818193220221
0.09580005573259381,-0.2386615446590905,-0.17927601710842847,-0.06789163839635134,-0.07548007994376314,0.1026793126263221,0.0033624168560041513,-0.03603890411696791,0.9533461837494868,0.0013345438104355027,-0.003473283459940461,0.00415615664856113
0.10524783065521143,-0.07950401033122499,-0.20758851778646648,-0.10569167292189194,-0.0055326911976956465,0.12232447568680271,0.0051544512938479555,-0.035311099992510205,0.9579388251603278,0.001126955292649036,-0.0033680356292852495,0.004076652638229906
0.18476503573277497,0.13759197167707246,-0.11117220079417241,-0.18113471225336492,-0.08270270843932835,0.011519516887413308,0.005787323523667252,-0.02513070442375654,0.9589843031104068,0.0010157830918548637,-0.0031832705935524747,0.004214244609906978
0.2522272584599439,0.16399359478444647,0.1621424431835966,-0.14660498499702568,-0.013957292580549143,0.06995037286513701,0.008207832839222958,-0.03448753081400447,0.9541542952282698,0.0011779255350384604,-0.00293104333509253,0.004378238204691425
0.46850606546750917,0.24830339341959687,0.38731330192505525,-0.1802641460070124,-0.1040126948679169,-0.036672086094507984,0.017188749222389943,-0.027579270299320044,0.9544664787673707,0.0015652388369635157,-0.002462537269625021,0.004626541598111022
0.36261760991507375,0.2592141084672051,0.0729842420356572,-0.14917265527662438,-0.05489111387314169,-0.05029697346971169,0.011112882859690162,-0.02761516368462503,0.9660112694799158,0.0016382230789991727,-0.002099919659709947,0.004885755706578227
0.30640951756456264,0.15189581731102297,0.24270583977163573,-0.21352502176902194,-0.05458700236091829,-0.016690910666322313,0.014405430017867482,-0.03232831121333797,0.9569437267413816,0.0018809289187708086,-0.0017935101421453843,0.00503765152388925
0.1796335823275136,0.018467423791931337,0.4571321841608552,-0.054788071353932655,-0.03064306338299922,0.01862001628377659,0.01975460592761542,-0.035599698530551366,0.9595023843617495,0.002338061102931664,-0.0016138765598178709,0.005056118947681182
0.44463012202461155,0.23227732543017998,0.3468114006939658,-0.05106621154918218,0.021209886776973826,-0.041945325592911524,0.008817817547466253,-0.027533622308216727,0.9632529689598776,0.00268487250362563,-0.001169246437793259,0.0052883962731113615
0.4826553791665021,0.12368886321613837,0.2951033852031994,-0.12225370952463104,-0.007339322197861946,-0.049679825161815475,0.01649683986408106,-0.039104366440166426,0.9528990192235469,0.0029799758888288293,-0.0006865910586267569,0.0054120851363275
0.6096039688099422,0.1934444747030908,0.17412687591610793,-0.03957309020930892,-0.10962431631514084,-0.11465561763317439,0.010971546403899704,-0.02905776850072319,0.9478258793492741,0.0031541027647449364,-7.698708981681479e-05,0.00560552961103059
0.40168201317124214,0.25302448889843965,0.4122119340463109,-0.009360834215101602,0.0016502877279366748,-0.10281974014190286,0.014981382077115999,-0.019870859763699816,0.9658231944892527,0.003566314698791248,0.00032469492335442736,0.0058585540999290305
0.5030821134156853,0.13071190179866304,0.2609995461573014,-0.031884070264665096,-0.07333166591951643,-0.10008428895879902,0.0015481668403293201,-0.03275622444592396,0.9607462685732271,0.0038273142449485494,0.0008277770367701127,0.0059892660017276935
0.3874565864576606,0.0892301653908085,0.29285699957220573,0.013548114677491908,-0.02694659154576901,-0.09184354850594766,0.020639923066837207,-0.02731857781831176,0.950419843747161,0.004120171244520755,0.0012152336232277735,0.006078496167118502
0.2777153148054915,0.24012819561798548,0.24737608329443417,0.018776453400980504,-0.016788451218359757,-0.047207409954223185,0.01173063158128404,-0.03795102165214935,0.9700309769415946,0.004367547327815189,0.001492948938033265,0.006318624362736488
0.35589840904908426,-0.005636358995272608,0.13110018758648387,0.041150872415061476,0.00015517376110166584,-0.0967976767439505,0.008642546518199179,-0.02653269641558729,0.9552252316749681,0.004498647515401673,0.0018488473470823494,0.006312988003741214
0.29897406786585795,-0.0971219176782026,-0.1558544049655215,0.05664179500584547,0.027365613248241577,0.008922954254936956,0.0038228736010786045,-0.030302875411872633,0.9577353296323968,0.004342793110436153,0.0021478214149482076,0.006215866086063012
0.3505146864537231,0.025809808104630072,0.08439376143996415,0.15658712628518356,0.07079812878163606,-0.015434678336899427,0.014455661075638344,-0.02944167467916974,0.9608756522557864,0.004427186871876116,0.0024983361014019306,0.006241675894167642
0.22419243555975166,0.005678632212843739,-0.1705728937697773,0.03508789679186032,0.024165242580646625,-0.05616386572243113,0.01172461317785111,-0.027998558501855574,0.9617221119372592,0.004256613978106339,0.0027225285369616823,0.006247354526380486
-0.026313736215976047,0.026949528496743605,-0.3027063299347576,0.12831311505208515,0.07983381511736251,0.013785567336794416,0.00902331529442906,-0.034592717564486467,0.9533760198585107,0.003953907648171581,0.0026962148007457064,0.006274304054877229
0.13489946832884012,-0.08610494415347351,-0.4032014081761368,0.137541246266279,0.045815052848577884,-0.00011806643565279336,0.011017447432649366,-0.0213445062678973,0.9605973422929436,0.0035507062399954452,0.0028311142690745465,0.006188199110723756
-0.055593002148550105,-0.19334686894746803,-0.2871530352882521,0.12793671267216875,0.03334990808549198,0.05923205906931629,0.0046235659820217205,-0.02065384255517913,0.9640829098459286,0.003263553204707193,0.002775521266925996,0.005994852241776288
-0.0333913812429043,-0.28843924662136666,-0.5670935945000134,0.07863098337070473,0.039441879357010524,0.024695120704546263,0.0054022274186928685,-0.030630068231560448,0.9586814346619704,0.002696459610207179,0.002742129885683092,0.005706412995154921
-0.10163389309999744,-0.11660013443639533,-0.34797983910498786,0.18645927170583768,0.07333379821893517,0.06184584068986976,0.01238197881233589,-0.028278022090837327,0.9566935307384011,0.0023484797711021913,0.002640495992583094,0.005589812860718526
-0.05336032301646819,-0.2737202047664288,-0.5681243141734131,0.16157484739634578,0.036909898490246874,-0.0529475222048525,0.015748200502775436,-0.023951658788407233,0.9584506038335515,0.001780355456928778,0.0025871356695666256,0.005316092655952098
-0.30994105173128184,-0.2337161402255955,-0.667408731955577,0.16596633675752342,-0.014083227013053631,0.09180457871989042,0.013400004593682598,-0.03575967419603439,0.963890117939159,0.0011129467249732011,0.0022771946178353443,0.005082376515726502
-0.17742100861321403,-0.3226157283825084,-0.544972615149127,0.08745316338603357,0.0560291217585905,0.10375529062319189,0.012278908185280395,-0.03234638214531308,0.9619444823646475,0.000567974109824074,0.00209977360922213,0.004759760787343993
-0.07947811890252524,-0.36353377708316664,-0.370565997595355,0.1545235794283555,0.011692642341433525,0.07430657491076911,0.007541866755021555,-0.023844762892456933,0.9613234452367709,0.00019740811222871904,0.002020295490319605,0.004396227010260825
-0.10242547033284553,-0.36008905776873834,-0.5114645973470128,0.14973627426249597,0.007472670331989284,0.1478124130473439,0.02142622518465208,-0.026325568087108786,0.9660036369901872,-0.0003140564851182938,0.0019178700199867595,0.004036137952492087
-0.3002123300640687,-0.31342315260304093,-0.4213543754259161,0.08630741898591088,-0.018442608800642444,0.06898508670075058,0.01426361126490057,-0.01739734897119552,0.9650843539616476,-0.0007354108605442098,0.0016176576899226908,0.003722714799889046
-0.2724590468849481,-0.33503632162220076,-0.35679736488975533,0.07579808207047783,0.09407535783361669,0.10708806942700308,0.0021723532879016714,-0.03194413078702067,0.9649708548649657,-0.0010922082254339652,0.0013451986430377426,0.0033876784782668453
-0.3783571128184537,-0.2645759652919775,-0.17920969383078178,0.0734208855758161,0.06838453480517481,0.04312134833566265,0.009799601163607067,-0.02926117554427865,0.9667418939159744,-0.0012714179192647472,0.0009668415302192889,0.0031231025129748674
-0.19901506643891215,-0.30753589031515133,0.02921028994781684,-0.03565022130892253,-0.011097547213869005,0.09734405912101829,0.009810551515345019,-0.021405871183255976,0.9580895381912337,-0.0012422076293169303,0.0007678264637803767,0.0028155666226597157
-0.1798745124291288,-0.3294826976759259,-0.22924634126567695,-0.021825189777984734,-0.00970060459037679,-0.0016781829291272494,0.005953807620254427,-0.03096001581974786,0.9584689586196308,-0.001471453970582607,0.000587951951351248,0.00248608392498379
-0.22851281059152023,-0.23248780045063874,0.1707718478533725,-0.01952972356263663,0.027281721834618494,0.05549742683269024,0.00904253183191378,-0.03403534988385179,0.9598834030909048,-0.0013006821227292348,0.0003594391407597277,0.0022535961245331512
-0.28466782924600126,-0.19678763295393728,0.23235240617532704,0.029016646191443743,-0.03836701725466077,0.02503321451035871,0.015165449195669194,-0.027839916802809648,0.9640556775217138,-0.0010683297165539078,7.47713115137264e-05,0.002056808491579214
-0.3798364358136397,-0.042552371387069736,0.2431329858644018,-0.040767201710779334,-0.021458900316887308,0.00626667800724056,0.011426620001883672,-0.02406492460756569,0.9658852146080134,-0.0008251967306895059,-0.0003050651242999133,0.0020142561201921443
-0.23368581490157125,-0.04607802121059037,0.3135223308396965,-0.03732362722540378,-0.052956255387787685,-0.045704489879127,0.009829055457408106,-0.023375561786590542,0.9534562336270104,-0.0005116743998498093,-0.0005387509392014845,0.001968178098981554
-0.1867894901603263,-0.011246474007373301,0.5347138162872763,-0.08739365987937223,-0.04576013259521741,-0.0614941732080646,0.012706865105808967,-0.02941752993160057,0.9553173813989787,2.3039416437466986e-05,-0.0007255404293618109,0.0019569316249741808
-0.13160353586155557,0.12580049006346364,0.4865920131284628,-0.061704891965218625,-0.02540438631145329,0.0008038802411073961,0.011696514355951268,-0.026879020415016365,0.9546030650695917,0.0005096314295659298,-0.0008571439652233665,0.0020827321150376442
-0.16322633024287464,0.23282702674465142,0.5775429679954969,-0.09497084551639925,0.005679183348105937,-0.0522680886496326,0.013347563138398638,-0.0190351909005567,0.9682748120874904,0.0010871743975614267,-0.0010203702954662411,0.0023155591417822956
-0.011250069449000116,0.10600376636453375,0.486744945161487,-0.0462164364889208,-0.062368002212057315,-0.12312370152201259,0.013415780657381261,-0.023895249476151417,0.9678284863368273,0.0015739193427229136,-0.0010316203649152413,0.00242156290814683
-0.11409049700343671,0.019829846606365942,0.42754339866532054,-0.0994677189320179,-0.06641891173680237,-0.07483900896749911,0.012853143280003997,-0.027677406961037408,0.9711837011002341,0.002001462741388234,-0.0011457108619186778,0.002441392754753196
0.11145316624933543,0.26058479983527394,0.5202961381085793,-0.11965596723203765,-0.10017633334932867,-0.11382399019020195,0.015892079505113663,-0.02020942659017151,0.954609822089322,0.0025217588794968133,-0.0010342576956693425,0.00270197755458847
0.1192295731966067,0.051413657180275185,0.6321582971608166,-0.12842934075229673,-0.056868995366658195,-0.10170177077492253,0.008061413801645764,-0.029070273009039714,0.9625016415059953,0.0031539171766576304,-0.0009150281224727356,0.0027533912117687453
0.15491941984379215,0.44378552585895786,0.5570071887546242,-0.005910822012502719,-0.11052675092140624,-0.15769828105382372,0.02524127507664564,-0.023678190547518577,0.9620248274577547,0.0037109243654122534,-0.0007601087026289435,0.003197176737627703
0.25053003137596885,0.2543461909056649,0.4975446540804991,-0.022950691468229083,-0.037726631600643656,-0.12432634161615479,0.017197150048632044,-0.02604212387025992,0.9592417593430602,0.004208469019492753,-0.0005095786712529747,0.0034515229285333677
0.21716764015444784,0.34918248254180717,0.20661676737704832,-0.036717749939951035,-0.05658473172981857,-0.14504967195008076,0.012564337175812916,-0.026921346561876832,0.9557358467372555,0.004415085786869802,-0.00029241103109852676,0.0038007054110751753
0.2408914668110954,0.4077127946780534,0.14634545903767043,-0.035126243805947144,-0.03462484611077032,-0.16854860017632692,0.008606839232230207,-0.02136100168476692,0.9600863681260587,0.004561431245907472,-5.1519564287431376e-05,0.004208418205753229
0.2183661504764534,0.3699096029988816,-0.003293858562701063,0.009959677934202734,-0.08511402889997144,-0.056479285170772865,0.009268229754683934,-0.0183077688078288,0.9620346583548003,0.004558137387344771,0.00016684658618902205,0.0045783278087521105
0.2384417911310356,0.31403416033336673,-0.09840889114316574,0.0682422208656446,-0.03720381178966634,-0.0992417098280304,0.010699754693742916,-0.022548689904845667,0.9624864841390199,0.0044597284962016055,0.0004052883773200577,0.004892361969085477
0.35996462874227264,0.3380244985249362,-0.16138912051175364,0.0026852892923181033,-0.12185125150351954,-0.06735187433183701,0.012834745245395554,-0.020858342623292468,0.9687964399004747,0.004298339375689852,0.0007652530060623304,0.005230386467610413
0.22931737573347538,0.3026857436226111,-0.17467394171319603,0.1042372550450139,-0.03599407362596231,-0.0063802988855222054,0.020001475175777234,-0.021917919274832675,0.9638621573875839,0.004123665433976656,0.0009945703817958057,0.005533072211233024
0.3658892411188903,0.16015476458718192,-0.15517034966257237,0.07706774896327105,-0.09016500763312824,-0.03664157474096481,0.022277628125019523,-0.03216857222144426,0.9634741764871544,0.003968495084314084,0.001360459622914696,0.005693226975820207
0.3509164355766803,-0.025742204799509005,-0.4160051725728535,0.15274630260319966,-0.10879130724140944,-0.06041554786655736,0.013309285802992349,-0.016476652648538422,0.958597449214195,0.003552489911741231,0.0017113760584913764,0.005667484771020697
0.2652028281072397,0.2647727109374145,-0.40820805064222726,0.09956884202273437,-0.05212556218934948,0.08016208904620285,0.014538193182971377,-0.021589691440859347,0.9681798964221785,0.0031442818610990034,0.001976578886598616,0.005932257481958112
0.26860181138571687,0.09516295501897916,-0.46717193228882437,0.05111620643565962,-0.03823462451897398,0.0584640980499979,0.019130369691715013,-0.018403435663840183,0.9623669950352837,0.002677109928810179,0.0022451806979843325,0.006027420436977091
0.2840057807119808,0.021589508083288363,-0.27713755692613384,0.10543939911682616,-0.08033071449560814,0.05757971919112078,0.015814171168006735,-0.037118285913180664,0.9583921455228042,0.002399972371884045,0.0025291864786963136,0.006049009945060378
0.13409397199639211,-0.028668536981847903,-0.21670815403334748,0.06710688859259042,0.09397380237884201,0.02424326832238983,0.024170196198152204,-0.01724583494800625,0.9632849792675826,0.0021832642178506974,0.002663280450692706,0.006020341408078531
-0.011733612258465392,-0.16440989610118273,-0.23289858268224772,-0.013489899369707367,-0.05071417147627195,0.1028993711203286,0.014623517358767416,-0.023450586859700136,0.9527344936634611,0.0019503656351684496,0.0026515468384342407,0.005855931511977348
0.20770037248182338,-0.09487852331283908,-0.42548011805706365,0.08561698119233742,-0.017101958249921983,0.07111747736319157,0.018812203229749788,-0.021431590782581795,0.9655849769883862,0.001524885517111386,0.0028592472109160642,0.005761052988664509
0.14011510124702292,-0.12229132071313056,-0.228044461441597,0.03702321482328981,0.058350101009077046,0.15495438292362468,0.01921107663760732,-0.013822560927426009,0.9660005172183809,0.001296841055669789,0.0029993623121630873,0.005638761667951378
-0.01812445370925242,-0.11536079897490507,-0.14378978278223026,0.049470132563862304,0.036460314560788375,0.11134503202593962,0.01687732035250321,-0.01714458096975699,0.9591809573975506,0.0011530512728875587,0.002981237858453835,0.005523400868976474
-0.0063595686443479425,-0.12689420844362378,-0.1064071999616005,0.10325246386425077,0.1137447620757605,0.15559211275609716,0.017065674948376887,-0.028192365884777516,0.9591426966182882,0.001046644072925958,0.0029748782898094865,0.0053965066605328495
-0.04467916998949861,-0.1809430438986396,0.054531395491333914,0.07564512873629915,0.09972275148756095,0.06565509037195441,0.024724369506939972,-0.017097473612195643,0.9609080203061661,0.001101175468417292,0.002930199119819988,0.00521556361663421
-0.010377385017426188,-0.19744113778140374,-0.014263785417458874,0.05398657205997395,0.08944651778859244,0.16299944417404946,0.011377854862305447,-0.023146013412146428,0.9638592297161085,0.0010869116829998334,0.002919821734802562,0.005018122478852807
-0.11517293042480764,-0.24089567056028843,0.18105538972461233,0.10143095430402359,0.10594278483200134,0.08373194695637605,0.01432861206161635,-0.018236143478325348,0.9673578117656811,0.0012679670727244457,0.002804648804377754,0.004777226808292519
-0.15441130660304173,-0.22540784393512972,0.15670938893950126,0.019639983115656387,0.030584861556941113,0.16343790776731087,0.010177531114077357,-0.02702809383972122,0.9627847588045406,0.001424676461663947,0.0026502374977747122,0.004551818964357388
-0.0035177163207315842,-0.10239805919564676,0.35153189871678525,-0.06863132149594882,0.13616170919687076,0.1676614744224404,0.02114513402548901,-0.015321690585063307,0.9620224934806473,0.0017762083603807322,0.002646719781453981,0.004449420905161742
-0.13599942182016023,-0.05900627097083881,0.2576702140100731,-0.03966531524493496,0.031596973690068794,0.05690459873753889,0.014343509402367406,-0.020236360874072556,0.975788227739263,0.002033878574390805,0.0025107203596338207,0.004390414634190903
-0.2594606089351878,-0.05680405133317146,0.42987225358519343,-0.08137785563372592,0.07558757544118656,0.09787380872957616,0.01439916452056139,-0.023406120353722384,0.9676139508418186,0.0024637508279759988,0.002251259750698633,0.004333610582857732
-0.3202193040226912,-0.1481862185676207,0.31162029502046446,-0.07467343771631771,0.11666767351399014,0.05499732812375126,0.016698617846752105,-0.020058101172648793,0.9704234351401942,0.0027753711229964633,0.0019310404466759416,0.004185424364290111
-0.27799952800098404,-0.13206635634980235,0.3093845503350974,-0.03937902650382499,0.05259741045712838,0.003758808191932134,0.023031542464543305,-0.02058346793609787,0.9618676951698452,0.003084755673331561,0.0016530409186749574,0.004053358007940309
-0.45208546223317414,-0.012502365028814251,0.49371660945608875,-0.1669020577012709,0.08999154828618053,0.02424875992518602,0.021398150752284725,-0.024500839718325017,0.9672976922665352,0.0035784722827876497,0.001200955456441783,0.004040855642911495
-0.5213325274458411,-0.05358637505406335,0.280922807846291,-0.12790011903677745,0.027230386404284143,0.05421807853789604,0.023181595949193896,-0.017876041933543287,0.9626636880266451,0.003859395090633941,0.000679622928995942,0.003987269267857431
-0.3756596412195937,-0.07421281538648644,0.11552162123193163,-0.10163212041635342,0.010061938603796275,-0.01853151268768559,0.016293135144697237,-0.021029585282094965,0.9607542982339375,0.003974916711865872,0.0003039632877763482,0.003913056452470945
-0.37547316878524123,-0.08406476439877913,0.195046729205159,-0.07286349038492242,0.1134322122403235,-0.0621156474201247,0.0165529668200251,-0.02026245383372752,0.9604834898167847,0.004169963441071032,-7.150988100889305e-05,0.0038289916880721664
-0.4328347121753544,-0.04061975009619122,0.030850060498885345,-0.09851956472124586,0.04507780539806898,-0.07516556863541321,0.010974353785053287,-0.02613831876001927,0.9641914888209032,0.004200813501569917,-0.0005043445931842475,0.003788371937975975
-0.6638006695223628,0.229841606322836,-0.07066455923513275,-0.17933643870468285,0.007611776880378738,-0.16894037105641252,0.01979495844901733,-0.02430341897608957,0.9616162283271301,0.004130148942334784,-0.0011681452627066104,0.0040182135442988105
-0.3944311813189411,0.11608712324526663,-0.2887059189162568,-0.15388540128604414,0.01343156524783502,-0.04216453381800218,0.019094419754630356,-0.014413838200267011,0.9606079309216224,0.003841443023418527,-0.0015625764440255513,0.004134300667544078
-0.4695034804952336,0.20167763009196019,-0.12024365864267712,-0.11784750983242291,-0.017526487980800448,-0.08366460524419629,0.024924157533771855,-0.0216955553927181,0.9681721492065639,0.00372119936477585,-0.002032079924520785,0.004335978297636037
-0.25628771448555276,0.14399056481390712,-0.2284155930197021,-0.11104516705521457,0.03069390028571443,-0.08532753304164362,0.024108658266004668,-0.019846018401873555,0.9581717380986592,0.003492783771756148,-0.0022883676390063378,0.004479968862449945
-0.393951171253407,0.3335282504193624,-0.336353837831077,-0.15969009873398674,0.0023388283225365004,-0.041272974604934454,0.014885292017591829,-0.013384579669935445,0.9648332501093732,0.003156429933925071,-0.0026823188102597447,0.0048134971128693076
-0.4408814911888368,0.11853383961931419,-0.47454783141428125,-0.04269870586623348,-0.0009339016756196362,-0.09260083910399873,0.00977275014483538,-0.016356674042887983,0.9696725462122822,0.00268188210251079,-0.0031232003014485814,0.0049320309524886205
-0.2965279243734983,0.23264243061943732,-0.6790872923929084,-0.010717641399671305,0.01139032817818176,-0.0407184235755042,0.02391440862022035,-0.019514516691997195,0.966689640628069,0.0020027948101178808,-0.00341972822582208,0.005164673383108058
-0.2658080144014703,-0.050978457584092446,-0.31889001035253706,-0.029016141888607468,-0.09087803040385846,-0.056749530565444885,0.02219412554892805,-0.023234119461629614,0.955982063303081,0.001683904799765344,-0.003685536240223551,0.005113694925523966
-0.02591141140033726,-0.03843196362767126,-0.48828828887446263,-0.06603843286495492,-0.05911176168635029,0.026852245260633192,0.014434959764873957,-0.009177517137105913,0.9593179439731812,0.0011956165108908813,-0.0037114476516238873,0.005075262961896295
-0.14935621138010455,0.013712477788462463,-0.26878261361222056,0.08405900276253055,-0.0830656919333425,0.00883866677331652,0.014467380970313222,-0.015513681574441237,0.9682376805858057,0.0009268338972786606,-0.0038608038630039924,0.005088975439684756
0.008082865520479349,0.0457609144087705,-0.5857147611903463,0.06973619631789028,-0.04023003390030688,0.054524771066889105,0.019673034510834863,-0.010320579736751156,0.961710247221552,0.00034111913608831436,-0.003852720997483513,0.005134736354093527
0.08349617286193736,0.19883405366191365,-0.5819631104040366,0.031933728088802,-0.13297138898916283,-0.03178758150635066,0.005610162933958402,-0.023300803764139122,0.9674089239590339,-0.00024084397431572226,-0.0037692248246215757,0.0053335704077554415
0.2399292972354054,0.06669586222260734,-0.27559156576187005,0.043457045089990806,-0.04389674867270354,0.041272433276771596,0.019041330734900077,-0.011924181876804277,0.9626895565478932,-0.0005164355400775923,-0.00352929552738617,0.0054002662699780485
-0.1395934382710935,-0.011231076705857226,-0.3580921279102922,0.042462831174378705,-0.0004615160827039174,0.13161895421749806,0.0185598484811994,-0.00981322609812175,0.9740888294876049,-0.0008745276679878846,-0.0036688889656572633,0.005389035193272191
0.13406362521668708,-0.041227529881128884,-0.19485766536791482,0.04739095572735034,-0.10495452895368498,0.08527062233229739,0.02117412566699758,-0.014351517584158084,0.9753517776781369,-0.0010693853333557995,-0.0035348253404405765,0.005347807663391062
0.286454075407691,-0.07961633111537758,-0.19367499876723127,0.1619339083080424,-0.11941770402044215,-0.02665137879757403,0.013875608721469963,-0.018289477078782475,0.963445126764538,-0.0012630603321230308,-0.0032483712650328853,0.005268191332275685
0.1567112534173412,-0.16764883650411838,-0.3302396023353676,0.10930053992986068,-0.08585191321587736,0.08468887231841976,0.00977312042819926,-0.012817241691296163,0.9662162034721651,-0.0015932999344583983,-0.003091660011615544,0.005100542495771566
0.3313527194173902,-0.25933522108054813,0.04391149315402243,0.20661944741199031,-0.0358588175526032,0.08793417878719377,0.012828957250839126,-0.011698515858042116,0.967292929337808,-0.0015493884413043757,-0.002760307292198154,0.004841207274691018
0.3760188652102271,-0.1404897197446841,0.053927608636860774,0.10360119277668638,-0.05022947498068262,0.05000999033809381,0.015884093663846934,-0.0245776341301871,0.9658070268784805,-0.0014954608326675151,-0.002384288426987927,0.004700717554946335
0.3955230169708189,-0.23359651383967484,0.18814188227315473,0.14439080316295685,-0.011822011826725633,0.06968595811993684,0.01614484677216886,-0.021820927181879585,0.9711625445017664,-0.0013073189503943605,-0.001988765410017108,0.00446712104110666
0.4584029886834142,-0.25084043219660507,0.23741099940832266,0.16567520091664723,-0.013106194164471199,0.13082545658479952,0.018317192484626346,-0.014971667207907595,0.9608054346234578,-0.0010699079509860377,-0.0015303624213336936,0.0042162806089100545
0.7107760081483596,-0.24403927094047073,0.3073910030707466,0.1894430292794007,-0.02640042146480964,0.10461422708470015,0.01636858864642279,-0.01427589697499901,0.9596343144019117,-0.000762516947915291,-0.0008195864131853338,0.003972241337969583
0.40707592779453083,-0.15308498878657845,0.4153869864744284,0.13499152258194747,-0.03269710142794333,0.06846783563326923,0.015339424761013933,-0.018983137668899416,0.9607437498427197,-0.00034712996144086264,-0.00041251048539080306,0.0038191563491830048
0.49581212299292476,-0.22999043735462973,0.4935951993970712,0.13053818141657958,0.045089335823070724,0.02354565199680962,0.013675937801425262,-0.020212928433659773,0.9687281701347596,0.00014646523795620859,8.330163760212173e-05,0.003589165911828375
0.524718121604113,-0.33483453927247464,0.6013885195240336,0.14836828065167684,0.07514027368064062,0.03220191286216964,0.01394387777734377,-0.009196586051901549,0.9613285015662105,0.0007478537574802423,0.0006080197592062348,0.0032543313725559007
0.5147920892854211,-0.2625457969574226,0.518923244958606,0.06918157067131002,0.05839948369240574,-0.05461427577722775,0.014000296404641302,-0.013537054448046785,0.9598130694540251,0.0012667770024388481,0.0011228118484916559,0.002991785575598478
0.480486740130187,-0.23285377310835578,0.39558985971236316,0.09816440677626191,0.053100251527955354,0.04626101893858024,0.012921322335518896,-0.009479237213547122,0.9639120664149508,0.0016623668621512115,0.0016032985886218429,0.002758931802490122
0.4384603627663327,-0.3094385296395788,0.202098162224654,0.01545912551975517,-0.007758906981449513,-0.0956685492219451,0.011056287528459562,-0.018614903147873018,0.964049601832545,0.0018644650243758655,0.0020417589513881756,0.002449493272850543
0.3835918482386085,-0.2633894777788739,0.4708410889125337,0.02625175671082714,0.02523490741398072,-0.06364820908305334,0.017789814783933343,-0.020817741990193435,0.9605584579210308,0.0023353061132883996,0.0024253507996267847,0.002186103795071669
0.11640449621151328,-0.28985373841669343,0.3388995257037616,0.04877900921598403,0.13606839261115192,-0.03904873849408754,0.019428543874924455,-0.009481259714870082,0.9607002995863286,0.0026742056389921606,0.002541755295838298,0.0018962500566549756
0.23488937765836404,-0.19046578630188138,0.2468122519529251,0.019309107404730255,0.07965270472598024,-0.1022846893565928,0.01013350815828774,-0.018505029208021807,0.9632316936494193,0.002921017890945086,0.0027766446734966616,0.0017057842703530942
0.2965984426600201,-0.23339635047590293,0.2810907916837727,0.0018566358841524628,0.07570832328501956,-0.10106839968764215,0.022870141701963068,-0.019806121420663708,0.9569070868142849,0.0032021086826288583,0.0030732431161566817,0.0014723879198771913
-0.0830730459470364,-0.10478076309762924,0.06016690433536488,0.007078959950187135,0.030057160555456014,-0.08945694083391756,0.014876878603150668,-0.009906514816255383,0.9660872317580028,0.003262275586964223,0.0029901700702096457,0.0013676071567795623
0.2042261530945665,0.09680761205537992,0.07200867740845035,0.002299409725669414,-0.027869629703016166,-0.11589145110151307,0.01903085726587529,-0.01650904014321322,0.9566637867588705,0.003334284264372674,0.0031943962233042123,0.0014644147688349421
0.13473544711966634,0.16021643938802382,0.10064206714027038,-0.009544411001639313,0.06558761346670577,-0.021631058500550922,0.01552651481678258,-0.01946217996844522,0.9608540301575108,0.0034349263315129443,0.0033291316704238782,0.001624631208222966
0.04994123038709315,-0.0928967597219908,-0.1417306000694074,-0.16090194787375195,0.046364963371919934,-0.10786666854000067,0.019931431459183604,-0.017022677909960527,0.9644377830891045,0.0032931957314435364,0.0033790729008109713,0.0015317344485009752
-0.03470701796957236,-0.11369100414815264,-0.1585932789681252,-0.04195068609404762,-0.05051623529720357,-0.06267067384486698,0.018990710035861016,-0.011149620712150407,0.9645695458094131,0.0031346024524754115,0.0033443658828413987,0.0014180434443528227
-0.019338881018992463,0.19910282689794145,-0.5169595942192419,-0.046021989863261864,0.0213941289596489,-0.06178353433668469,0.02213942250755675,-0.008181410629215013,0.9590041084717392,0.00261764285825617,0.0033250270018224063,0.0016171462712507641
0.04311417404145665,0.09135415339319355,-0.26370885911539027,-0.11096009650662424,0.03771896509592179,-0.1303897652978315,0.022632517368140263,-0.006846320812942787,0.9681468537335043,0.0023539339991407796,0.003368141175863863,0.001708500424643958
-0.18238911493347215,0.2864665941983272,-0.323703704910789,-0.09310802988859881,0.035230997584500184,-0.0701845874839616,0.018881082195486978,-0.010991165391801148,0.9601239127749103,0.0020302302942299907,0.003185752060930391,0.001994967018842285
-0.037318927034324295,0.2605477410453219,-0.4845730802769751,-0.07702680658199447,0.005674033178823201,-0.007315823407565586,0.020533512793484258,-0.011799011260527842,0.9635217454342583,0.0015456572139530157,0.0031484331338960665,0.002255514759887607
-0.15061613570441112,0.17888396918853336,-0.320690996989974,-0.06577416076971883,-0.0671046949972666,-0.0267570249656783,0.0240963732617077,-0.0030114209215941403,0.9653055491961375,0.0012249662169630416,0.002997816998191655,0.0024343987290761405
-0.15294732574321201,0.206066092756147,-0.304288879294287,-0.03605976746356005,0.016874340262754906,-0.08106254101324308,0.022869873003476295,-0.008670992462017456,0.9711502938749894,0.0009206773376687546,0.0028448696724484427,0.0026404648218322875
-0.27465106096377956,0.5111581526860788,-0.27813117409397675,-0.02546546680034331,-0.03232593006608882,-0.08745477235185482,0.018727771041355017,-0.0066288554790019825,0.9660804444119142,0.0006425461635747778,0.0025702186114846637,0.003151622974518367
-0.28853083387457884,0.25764376707118114,-0.23343443923788743,-0.055507252418313495,-0.0017712436305699808,0.04437223176029834,0.012710954355247269,-0.006834293335076575,0.9645569340665474,0.00040911172433689036,0.0022816877776100845,0.0034092667415895474
-0.3723207760537847,0.30740740363571634,-0.20616220419977133,-0.05912572611853074,-0.009937418066213715,0.01344448868798769,0.015846724853930558,-0.013961308060233173,0.966912740698801,0.00020294952013711904,0.0019093670015563,0.0037166741452252638
-0.32629429707665697,0.2880044757096452,-0.0672771686414124,0.038274512113886154,-0.08770214329404762,-0.06276996470636947,0.017598088558403346,-0.018394587949645554,0.9650162709721948,0.00013567235149570663,0.001583072704479643,0.004004678620934909
-0.3833968775273005,0.29201990696393276,-0.03744435397179646,0.04081797197960196,-0.11890322956987213,0.042898600936319864,0.018511429995612658,-0.011073267031487649,0.9605893813892524,9.822799752391017e-05,0.0011996758269523424,0.0042966985278988425
-0.30373585746727283,0.42287939668648405,0.0646585327992367,0.010096190868728771,-0.07846117590851825,0.06449696119106875,0.014805256437544153,-0.01555835715142559,0.9620613364559926,0.00016288653032314689,0.0008959399694850696,0.004719577924585326
-0.2388134964294819,0.17195702564086332,-0.012969608433788152,0.018239631624134344,-0.08753069435396184,0.1591031962377499,0.016089160103683522,-0.01460202678043248,0.962934203077367,0.00014991692188935873,0.0006571264730555877,0.00489153495022619
-0.11770507407478452,0.31212767514276996,0.22118780239285404,0.04438671492163728,-0.11950291432751782,0.1225939893206241,0.02671158737871223,-0.0071790078585187,0.9711574636043292,0.00037110472428221274,0.0005394213989808033,0.00520366262536896
-0.21532259138447227,0.29719020392633005,0.5427058015145136,0.07913872520636639,-0.1489923558630516,0.16995782859252928,0.01726334329705349,-0.00807585481305099,0.9683459209800704,0.0009138105257967265,0.00032409880759633094,0.005500852829295289
-0.06950933742435086,0.1311475870279798,0.2738181868257889,0.0824643446237579,-0.08844421843656462,0.09814950875602978,0.023278980267913304,-0.008212424183103395,0.9636883315818451,0.0011876287126225153,0.00025458947017198007,0.005632000416323269
-0.16211103350340564,0.04790555390886042,0.3721443523707847,0.09997043729005803,0.0037255007520443847,0.12000944715810924,0.025977687839889047,-0.02442092004333185,0.9581601471299852,0.0015597730649933,9.247843666857445e-05,0.00567990597023213
-0.22939198455589205,-0.06575670310616537,0.3282028534893713,0.07803864321585238,-0.0064210845204118626,0.1276213418867987,0.016990407033348254,-0.015531698258017285,0.9700484326978366,0.0018879759184826713,-0.0001369135478873176,0.005614149267125963
-0.012525328015072362,0.32594968995427,0.36668356326045715,0.0899605846025563,-0.13992759060240398,0.0518550239017738,0.014375910298787167,-0.013853642852993384,0.9602010677320258,0.0022546594817431285,-0.00014943887590238998,0.005940098957080234
0.14851599743389196,-0.005351194475892232,0.3433860542898802,0.09725630141524469,-0.09468872023295632,0.1534894985179047,0.022694836731414786,-0.004100562745300022,0.9618094175104444,0.0025980455360330086,-9.228784684980063e-07,0.005934747762604341
0.12291301110628061,-0.03551326810233883,0.2907862699652603,0.11470885734973987,-0.04918378045330506,0.10697122193610678,0.023165035328851294,-0.015071663903316993,0.9611003213671383,0.002888831805998269,0.00012199013263778261,0.005899234494502003
0.040464858973932524,-0.11767603081052641,0.21931959169491647,0.08736780421537478,-0.037691150635765044,0.1215341692493193,0.02675172284370709,-0.009796520528209413,0.9615298805457774,0.0031081513976931856,0.00016245499161171513,0.005781558463691477
0.2402506657113667,-0.1295049658616901,0.2758291058603843,0.05931618730224248,-0.009572647926393238,0.015236621761792494,0.017369482044110922,0.00102983861510339,0.9735415303786076,0.0033839805035535703,0.0004027056573230818,0.005652053497829788
0.01562791163986324,-0.28041089083206494,0.052951064891736135,0.04580034163279345,0.010340815182149677,0.13859258003020866,0.024970855979227026,-0.014771050062827426,0.9629306644604115,0.0034369315684453063,0.00041833356896294507,0.005371642606997722
0.043092935594499185,-0.22783446882390063,-0.10465238738379706,0.05211889650187465,0.022740822483140705,-0.008483655050874875,0.018823505818914708,-0.011047566458317767,0.9696562231290106,0.0033322791810615087,0.00046142650455744424,0.005143808138173822
0.14209669650942972,-0.23487442293324776,-0.1731933989801282,-0.00773900036531679,0.10931008441656537,-0.006820932978018007,0.021240543065860054,-0.01336126932892432,0.9643825669489905,0.003159085782081381,0.000603523201066874,0.004908933715240574
0.22745504597361166,-0.23147649077914248,-0.21529456152546228,0.0046367957270839096,-0.024915387213162575,0.017189283235491667,0.015863394041723995,-0.0035879161052618245,0.9676169260750637,0.0029437912205559184,0.0008309782470404856,0.0046774572244614315
0.22517372036793645,-0.1325738971084438,-0.290962392687471,-0.02188448978984069,0.08667174478693974,-0.014297935829077854,0.014127563973102941,-0.0071900693555327095,0.9644099631035752,0.0026528288278684473,0.0010561519674084222,0.004544883327352988
0.12536087153570138,-0.19977275529542807,-0.3328166250232721,-0.11711868484994944,0.014657164900822849,-0.011521085806725952,0.019339812476880894,-0.01429282664405019,0.9733770148582046,0.0023200122028451753,0.0011815128389441234,0.004345110572057559
0.17992874356185568,-0.09460204860842708,-0.4758322834982846,-0.085137274730121,0.08227379301770202,-0.03525813019238829,0.01737468068179998,-0.009487126907609935,0.9687387023866798,0.0018441799193468903,0.0013614415825059791,0.004250508523449133
0.37439852248505323,-0.04404521153243597,-0.39580845894246003,-0.048006609644036274,0.062094768067815546,-0.09452344685147894,0.01560600594919223,0.0010141740152744593,0.9613037055285707,0.0014483714604044305,0.0017358401049910326,0.004206463311916697
0.12977736245253677,-0.15098994060041726,-0.5488079562050041,-0.11875741121983094,0.09055346158319633,-0.13589638229368825,0.02691642017206836,-0.018672312080966334,0.9686352994961107,0.0008995635041994265,0.001865617467443569,0.00405547337131628
0.08763035979779099,-0.15616691893719065,-0.5178726041671979,-0.07425441881635036,0.07709316853278422,-0.1103152083479133,0.022148216941919426,-0.010286465012587048,0.9657132883141355,0.0003816909000322284,0.00195324782724136,0.0038993064523790894
0.38506798836193046,0.03847489131009085,-0.5378127146000362,-0.1177911491254969,0.06505249520805037,-0.03454895097420164,0.017257728578025405,-0.0018796861058774693,0.9645106120918406,-0.00015612181456780782,0.0023383158156032903,0.003937781343689181
0.28022602770576377,0.04022404128146864,-0.4350566935908555,-0.07966334118544115,0.12271355394826053,-0.018806763346446792,0.022459652300745637,-0.000809439104141248,0.9694965044610562,-0.0005911785081586634,0.0026185418433090544,0.003978005384970649
0.3026612391741624,-0.057797306959738975,-0.337802858373834,-0.12174571951372393,0.1082591360629846,-0.07898204125291876,0.03160953201500448,-0.0037883962860054236,0.9693419416673208,-0.0009289813665324973,0.0029212030824832167,0.003920208078010911
0.06657486613387825,-0.017429985171956403,-0.5096132927170928,-0.1496861810152629,0.04464188689267278,-0.04845786820873012,0.019351614058830614,-0.002340829700757713,0.9739844922220973,-0.0014385946592495903,0.0029877779486170947,0.003902778092838954
0.16018206101460886,0.1484112518015935,-0.38941568443789876,-0.2060500388983939,0.026559111756897954,-0.1423096401094139,0.017930865355312377,-0.0023068198125061213,0.9690389251456826,-0.001828010343687489,0.0031479600096317034,0.004051189344640547
0.250113205049661,0.14165176519035538,-0.2554467000459719,-0.177127164960874,0.042425697106614015,-0.0276695293435147,0.012448096973298925,-0.01151815623482354,0.9594571921214621,-0.0020834570437334612,0.0033980732146813644,0.004192841109830902
0.014455200539325447,0.19337530123050886,-0.27265330233309776,-0.13405029429121473,0.02260475583295957,-0.027121185553938214,0.02625492759479439,-0.012403920158131822,0.9632723503118299,-0.002356110346066559,0.00341252841522069,0.0043862164110614115
0.072611118298715,0.28986885954243335,-0.2033135028165043,-0.19428812123789624,0.07324567550937987,0.03161653783747005,0.02068330756488878,-0.01130675681268947,0.9596334180236055,-0.002559423848883063,0.003485139533519405,0.004676085270603844
0.03650083992471689,0.16067217564745298,0.006339909543878704,-0.0616777124364747,0.02643541908982177,0.010156150672278971,0.016807007855713027,-0.0065032253308964574,0.9689186331816656,-0.002553083939339185,0.003521640373444122,0.004836757446251297
-0.11924730763639096,0.2151843584493278,0.10376401023330449,-0.13531875539322133,0.030159352221745678,0.017167961953659723,0.017250048525116402,-0.013143561506775245,0.9634885654202552,-0.0024493199291058805,0.003402393065807731,0.005051941804700625
-0.08183874019106864,0.33250953267295935,0.10691783903481444,-0.06683168792099738,0.005999041355936912,0.11107501506630903,0.016096197876922392,-0.003925634144713267,0.9668858905394513,-0.002342402090071066,0.003320554325616662,0.005384451337373584
-0.15518978972343483,0.24239677874577703,0.18471856675813716,-0.005355856776310718,0.08717007802768173,0.10071407123538573,0.03236472498970355,-0.005529421430558478,0.9600860395903164,-0.002157683523312929,0.0031653645358932277,0.005626848116119361
-0.2132686016671366,0.14243764505777018,0.4198307429278832,-0.04502843966863106,0.013478060063411342,0.04892429549989532,0.02916492847311636,-0.0010326074163423639,0.9589998006098255,-0.001737852780385046,0.0029520959342260907,0.005769285761177131
-0.2497431335979067,0.11993978230470612,0.3582658133478527,-0.02249784068528663,-0.009509880714050224,0.14138129421997567,0.02529642597536555,0.00412120041585984,0.9738125870186647,-0.0013795869670371933,0.0027023528006281843,0.0058892255434818365
-0.45605269069982146,0.0799148966605378,0.37953187627592416,0.03266431835032024,-0.04030956420067362,0.06662094263911646,0.02146027324551813,-0.013453325332064413,0.9638693601177714,-0.001000055090761269,0.0022463001099283625,0.005969140440142374
-0.20594325293733484,-0.06728154066291146,0.3530102787611264,0.08322104678293422,-0.002893206623213384,0.08758568719516044,0.024026923449111115,0.0009577096816825344,0.9647007913408493,-0.0006470448120001427,0.0020403568569910277,0.0059018588994794625
-0.28645579947145033,0.0966720277712525,0.525946282373014,0.11954601694555278,0.04676897985456778,0.06684432634459489,0.016468362827386705,-0.009462348934639223,0.9729322033857599,-0.00012109852962712864,0.0017539010575195774,0.005998530927250716
-0.5010917276071652,-0.03283935013065457,0.37726813099957535,0.06415323039858076,-0.029312778154502655,0.02664473204437206,0.02168348664222635,-0.002683934669812912,0.9652881387375397,0.0002561696013724467,0.0012528093299124122,0.005965691577120061
-0.3769319991455928,0.01752419071614971,0.6223596638142259,0.09897430013526351,0.035719416630384845,0.14784278812004534,0.01773228126748151,-0.00477087072218271,0.9679246466560717,0.0008785292651866726,0.0008758773307668193,0.0059832157678362105
-0.4149555384242004,-0.05507914887624939,0.3220350084537811,0.11867039237037882,-0.06755619816135598,0.07466823808346287,0.018302951301467085,-0.013715768646769405,0.9665825445465518,0.001200564273640454,0.00046092179234261886,0.005928136618959961
-0.36457544855037993,-0.17786168194283625,0.5341907997943913,0.1594425168061836,0.03750804933611663,0.07044193812321026,0.026148487459590808,-0.003903666941503967,0.9680304426121327,0.0017347550734348452,9.634634379223896e-05,0.005750274937017125
-0.4597905712603898,-0.052148410770928896,0.6186940744286141,0.20681343758341875,-0.010772415714261109,0.007896967589147956,0.01952741950406672,-0.004880052319467068,0.967337974680293,0.0023534491478634594,-0.0003634442274681509,0.0056981265262461955
-0.22773787457148448,-0.030563071121347485,0.13681102735347545,0.18323466683694922,-0.005548943905067902,0.04023642122014862,0.02223036956574113,-0.008939575756875137,0.9578595133550144,0.0024902601752169345,-0.0005911821020396353,0.005667563455124848
-0.40391358130847504,-0.3075779539004963,0.3787571335086074,0.13179149232205106,-0.06259279431079108,0.014147661321852018,0.02051752057657642,-0.0013490632772777005,0.9613115098481183,0.0028690173087255423,-0.0009950956833481104,0.005359985501224351
-0.4762242292499548,-0.30933863750517204,0.11730496741005705,0.14952941566614755,-0.12402306766061841,-0.12121739161898097,0.018324337022132244,-0.0054010484789206205,0.9642585144495919,0.0029863222761355992,-0.0014713199125980653,0.005050646863719179
-0.3119409773667252,-0.22391018995972045,0.12337026118056485,0.18671296471305446,-0.00785380152011153,-0.07746148730130147,0.016064616528049733,-0.0028857618538540206,0.961411003557791,0.003109692537316164,-0.0017832608899647905,0.0048267366737594596
-0.5254010674388495,-0.3201028390841559,0.05744300015928076,0.1208559838129426,-0.06336701772050449,-0.07410569627504193,0.022064905164832862,0.0011196628898201733,0.9681485000286233,0.003167135537475445,-0.00230866195740364,0.004506633834675303
-0.3945488524532156,-0.3120700317140899,0.097856314441786,0.1523974594376168,-0.11519850622954497,-0.06685377352796974,0.02492240597170511,-0.004186231778361653,0.966406094153744,0.0032649918519172313,-0.0027032108098568553,0.004194563802961212
-0.43280940159770476,-0.28894041876592497,-0.24128987746801134,0.11045936764720443,-0.0007939988054191165,-0.1071174655017613,0.017650442322418997,-0.003898302462403592,0.9585065657650453,0.0030237019744492194,-0.0031360202114545602,0.003905623384195288
-0.2153321699601512,-0.29907625263924237,-0.2860161913879672,0.09065934272172141,-0.04338707112590045,-0.08331111883814532,0.01604314223980674,-0.00011884170579456858,0.960126989850535,0.0027376857830612522,-0.0033513523814147116,0.0036065471315560454
-0.2690849630240794,-0.25381535495377594,-0.4044356128043647,0.045052420563695635,-0.006249926507899308,-0.20660535596093926,0.022908921215399287,0.0031099890625666173,0.9590370503321476,0.0023332501702568874,-0.0036204373444387906,0.0033527317766022698
-0.08336870930842752,-0.1615482085380834,-0.4406227892765146,0.09413378330622023,0.0144664323645124,-0.15057951117462753,0.012206536958228174,-0.00304869207877662,0.9612109509518376,0.001892627380980373,-0.0037038060537472185,0.003191183568064186
-0.22831055301010905,-0.20076258847251832,-0.19759334089215724,0.0168703167045708,-0.014520382982897592,-0.1575522929799984,0.021591471818694922,-0.0009556456221375864,0.9644494022783564,0.0016950340400882155,-0.003932116606757328,0.002990420979591668
0.004259137939729679,-0.24902824533082563,-0.37068136491838405,-0.007693426828393745,0.11635570860899891,-0.08347229659444977,0.03010817720536141,0.001117214174886045,0.9682916151343078,0.0013243526751698315,-0.003927857468817598,0.0027413927342608423
0.1412076696747273,-0.12906511492676895,-0.2975123135155484,-0.049899138017238005,0.039095685242012145,-0.026442040541486973,0.008954266128265775,0.003437800924066935,0.963369250102255,0.001026840361654283,-0.0037866497991428712,0.0026123276193340734
0.029471025405469732,0.016996219119818884,-0.26678971273388496,0.01757551900674667,0.0496854227778705,-0.09196669133517031,0.01467471008025694,0.0048930054998757464,0.96570317517195,0.000760050648920398,-0.0037571787737374013,0.0026293238384538925
-0.01727124649001538,-0.1718938139860008,-0.13214607298690445,0.01227600120366075,0.033685264277730456,-0.13902393520119227,0.019392139623068072,-0.0030524638386148894,0.957053711564599,0.0006279045759334936,-0.0037744500202274165,0.0024574300244678917
0.23820520775543474,-0.05318304372627071,-0.20229506947377282,-0.07033649298622192,0.0371088582296841,-0.049979821288515074,0.02327458607367294,-0.010026914505193317,0.9733961326677141,0.00042560950645972076,-0.0035362448124719816,0.0024042469807416212
0.16657963623556557,0.14080345316896978,-0.25187370529622594,-0.1048208624641988,0.11457747866155175,-0.05710979682035964,0.022669205577192333,0.005018700785553497,0.962097177123713,0.00017373580116349481,-0.003369665176236416,0.002545050433910591
0.14599347498480256,0.18372984771834744,-0.2413347625581089,-0.056567851329788275,0.08195789791573552,-0.049797888867300584,0.015523068985548508,0.005641563673511975,0.9680362729846458,-6.75989613946141e-05,-0.003223671701251614,0.0027287802816289386
0.18391220382716664,0.019265890052302018,0.19183218632465746,-0.13169714582727848,0.04937668984896398,-0.04649198638345242,0.024382718026251596,0.003662784195273012,0.9718065228685363,0.00012423322493004336,-0.003039759497424447,0.0027480461716812405
0.2801071614823547,-0.046141414967640515,0.14918554486957716,-0.11655023239055118,0.06878148561248218,0.03581185356195894,0.015575967424845152,-1.2092521097071315e-05,0.967115467919628,0.0002734187697996206,-0.0027596523359420927,0.0027019047567135995
0.45037239427552467,0.23229394570189466,0.06238526114118431,-0.05397414355294815,0.02907285294477686,0.08160360185627859,0.020164157727255536,-0.0023587693530835517,0.963330326057153,0.0003358040309408049,-0.002309279941666568,0.0029341987024154945
0.3166074168035685,0.2779405597635668,0.1400627160413142,-0.06268511972201674,0.06626154996543514,0.10580188079229004,0.017661004969783685,-0.00028512267235659126,0.9724123920892632,0.0004758667469821191,-0.0019926725248629994,0.003212139262179061
0.5858381740385507,0.22048795353432843,0.20554695836611556,-0.05973015083116122,-0.008243794313774267,0.06983872794553542,0.018413357964973263,0.0005785728989231469,0.9758265495157145,0.0006814137053482348,-0.0014068343508244492,0.0034326272157133887
0.446518244338162,0.24430537988547027,0.47363335250787564,-0.09792170560580432,0.12898316578807645,0.14800039605963122,0.02276439929624026,0.004991611252574957,0.9761116211556427,0.0011550470578561103,-0.0009603161064862869,0.0036769325955988592
0.5616786792477088,0.18495566541497144,0.35242516571370086,-0.037744035974999396,-0.03476035664856242,0.1512638428319086,0.016974404164811847,-0.004573311647618572,0.9747617597309803,0.0015074722235698113,-0.00039863742723857825,0.003861888261013831
0.38880143099939973,0.24454540569724864,0.17829166450885783,-0.012551059846675613,0.10229371825357463,0.07595173193519514,0.023526306383749633,-0.0023776457087720444,0.9687932034729128,0.0016857638880786688,-9.83599623917847e-06,0.004106433666711079
0.4076034692260011,0.42925843333965386,0.26211929807727746,0.030564224585616296,0.09394332902768293,0.14937264620319438,0.022348699507486653,0.0020816413253183876,0.9676709933525939,0.0019478831861559466,0.00039776747298682266,0.004535692100050733
0.3366066080547845,0.2236358237411053,0.39277466349623547,-0.11328199153133173,0.06380371300824905,0.033308516201948433,0.020070804657446702,-0.001836297565210001,0.9632859748583499,0.002340657849652182,0.0007343740810416071,0.004759327923791839
0.4000581393672096,0.2315648807480962,0.23368577220015452,0.03732777194503456,0.04503626680760531,0.21384955053534474,0.01642795710037629,0.00036259423051952355,0.9653208312163537,0.0025743436218523363,0.0011344322204088167,0.004990892804539935
0.3860927412609191,0.2600682505370563,0.06862136410489136,-0.021065806727066316,0.06293050414534916,0.19505321449569363,0.025259878798987948,0.009803656124304793,0.9758890341660317,0.0026429649859572276,0.001520524961669736,0.005250961055076992
0.2617751670652272,0.3327029567368639,0.21035353387110495,0.05960594704659942,0.0698674851331943,0.08297859251026819,0.023236632948369106,0.001233720317778149,0.9651270430495047,0.002853318519828333,0.001782300128734963,0.005583664011813856
0.3896041996373428,0.2307861707423293,0.0008921665180568082,0.12382906985451307,0.0008781748496496444,0.08088441013594067,0.02393134472345115,-0.00022757614810624185,0.9695253470621052,0.0028542106863463897,0.002171904328372306,0.005814450182556184
0.14813924497896047,0.24542890591723193,-0.013531164638271795,0.0005478228975028832,-0.049269417752453824,0.057553671963995086,0.012110646683858046,-0.0050596856082231,0.9697249172183425,0.002840679521708118,0.002320043573351266,0.006059879088473417
0.31472871136629976,0.23287217427515705,-0.18509550330468405,0.07175816223390098,-0.06486807572440863,0.06447092802962966,0.022945410418838273,0.003485991245662649,0.9711012057753415,0.002655584018403434,0.002634772284717566,0.006292751262748574
0.023688492077497125,0.19399893676851743,-0.0913538430182424,0.11731178813179607,-0.05982021195834608,0.059449650563143115,0.027850037133471547,0.00034706749292560436,0.9618247513837954,0.0025642301753851914,0.002658460776795063,0.0064867501995170915
0.07223957440462797,0.012141409459785535,-0.36274988465262803,0.08094321637958192,-0.08638927383688035,0.05700613814523574,0.020727715827141738,-0.0005420185886486585,0.9714013124326415,0.002201480290732563,0.002730700351199691,0.006498891608976877
0.11797846535791434,0.06154479419590234,-0.36195935904299326,0.08433259336478291,-0.08056497445030769,0.05324774304208991,0.02908480578196928,-0.0006306937765950503,0.9681197659907714,0.0018395209316895698,0.0028486788165576053,0.00656043640317278
0.20450576090125278,-0.036975963031279216,-0.4898382310326336,0.07231413275294221,-0.01520990111286371,0.03277442586672902,0.016089807443667618,0.009575600840255515,0.9649729859285695,0.0013496827006569362,0.003053184577458858,0.0065234604401415005
-0.051516781752155724,-0.12934601273572505,-0.4646638796632458,0.15908052786099464,-0.08479403223862998,0.11083486968194493,0.015613595915998259,0.006264317652960545,0.970911610545891,0.0008850188209936904,0.0030016677957067023,0.006394114427405776
-0.08562493485895381,-0.267805921737639,-0.7755514466890042,0.10770471955958669,-0.13913805120971626,-0.001544526154828819,0.01783245140612746,0.009631129308894048,0.9641713559420253,0.00010946737430468602,0.0029160428608477483,0.006126308505668136
-0.01977662234152136,-0.024555185958528042,-0.47890951509015267,0.09767617206982011,-0.13468876443991507,-0.08683765226906605,0.01668791161845053,0.00826920303072089,0.9687467963509653,-0.00036944214078546666,0.002896266238506227,0.0061017533197096074
-0.12888109318793575,-0.29425079678783705,-0.5443879024889826,0.21092005620721777,-0.08812369479559508,-0.06088170171574813,0.019231234491303553,0.004418387691712872,0.965900947455955,-0.0009138300432744494,0.002767385145318291,0.005807502522921771
-0.1335843055625176,-0.08033268308350903,-0.35371379579120943,0.00937367552584212,-0.10610114349373878,-0.08574057691006134,0.016850958912048082,-0.001901670025079,0.9678997697093882,-0.0012675438390656586,0.002633800839755774,0.005727169839838262
-0.21838628537714788,-0.1413864315808945,-0.5896621001024298,0.04140929866515458,-0.03837715911484507,-0.04652842601872451,0.028516549665742758,0.01064790369784092,0.9666343645385105,-0.0018572059391680886,0.0024154145543786257,0.005585783408257367
-0.10707870077683682,-0.29179813403943583,-0.41851445492353123,0.04119585754401989,-0.08217435204533273,-0.05547036735371998,0.017626617181072956,0.008129397645643842,0.9803827712195212,-0.0022757203940916198,0.002308335853601789,0.0052939852742179315
-0.16735880250049082,-0.12479347544705355,-0.36757657561037466,0.020509072654425017,-0.06797708989044339,-0.04174873884244606,0.015724108469642006,0.004249335623248293,0.9705314057964122,-0.0026432969697019943,0.0021409770511012986,0.005169191798770878
-0.328782031084853,-0.3443574704531135,-0.22242237228693004,-0.04973457229393889,-0.057031188278683725,-0.11769599673568786,0.018864354367853907,0.005309501936350021,0.9760849341700027,-0.0028657193419889242,0.0018121950200164453,0.0048248343283177645
-0.2628960958881434,-0.22370786977429954,-0.16240535536694287,-0.02986042284714948,-0.0846694590242563,-0.08445283286279807,0.011124144432143544,0.01195550495545836,0.9705000790029448,-0.003028124697355867,0.0015492989241283018,0.004601126458543464
-0.19995923524128312,-0.3143810044314043,-0.059001080348233974,-0.054226357023115464,-0.01269180548680312,-0.09276816613454482,0.01527626180381814,0.003856851907299116,0.9727715460229521,-0.0030871257777041012,0.0013493396888870186,0.00428674545411206
-0.3911533844094787,-0.3876266443287326,0.09457932414589652,-0.07140224635432679,-0.029115141635183237,-0.04805337849301562,0.015152270107512057,0.004935095044497944,0.9744982007392513,-0.002992546453558205,0.0009581863044775398,0.0038991188097833272
-0.2785193212138674,-0.11228720116833828,0.2813704241815677,-0.12822787049063736,-0.06307866554042624,0.017959776458899547,0.02560050950890038,0.003889924483483598,0.9727459228002674,-0.0027111760293766374,0.0006796669832636724,0.003786831608614989
-0.04514049487312416,0.00989050788014445,0.15459061834515495,-0.1060066908431149,-0.02147384367189255,0.017201743102696822,0.017820096452413413,0.015641904931764112,0.9689147469471614,-0.0025565854110314824,0.0006345264883905482,0.0037967221164951336
-0.27146295930613545,0.08749276992428834,0.1977952120131106,-0.09094997528634159,-0.052669987626729586,0.03149204306199438,0.023612311122587246,0.012339718196115994,0.9661158150688303,-0.0023587901990183716,0.00036306352908441273,0.003884214886419422
-0.1822038235222225,-0.04279029004350428,0.5193778722300872,-0.21313099310329012,-0.007708887278343829,-0.028305453689001676,0.020684337821058996,0.010965425016384884,0.9740085563919242,-0.0018394123267882843,0.0001808597055621902,0.003841424596375918
-0.0508333572538998,-0.04522825706958695,0.5534354369020102,-0.1419387915296819,-0.04754293859524175,0.06455623108343182,0.024239774099106198,0.0013432142267248365,0.9685287013255038,-0.0012859768898862741,0.0001300263483082904,0.003796196339306331
-0.17097045875669797,0.09893909893155287,0.4548194749585601,-0.12513008408702475,0.07310572005814937,0.03718381781316337,0.01464912128719549,0.004274395453274989,0.9805503960038916,-0.000831157414927714,-4.094411044840757e-05,0.003895135438237884
-0.2002621745023817,0.0819367788722875,0.6620153231570899,-0.10830057590791503,0.052033767187403025,0.08007502790326397,0.02366164026431757,0.011242053310136642,0.9701194955461088,-0.00016914209177062403,-0.0002412062849507893,0.003977072217110171
-0.05023161074898694,0.2543338497470635,0.5682913743989053,-0.16667065129242822,0.007273095013822432,0.15764500869431758,0.023012374296069785,0.0123674467582852,0.9681004992882674,0.00039914928262828136,-0.0002914378956997762,0.004231406066857234
0.01505880660692267,0.1771605390823647,0.5825837809352392,-0.19214652531910603,0.10183991071163284,0.09935386155797223,0.021456480009183754,-0.00199962097526285,0.9689507234554953,0.0009817330635635206,-0.00027637908909285353,0.004408566605939599
-0.06811199978606633,-0.0027283066069986595,0.5431191014866094,-0.15579048545587434,0.0808934929463497,0.0039468927495677954,0.02304108273267832,-0.00038328927640809106,0.9758832770790149,0.00152485216505013,-0.0003444910888789199,0.0044058382993326
0.10843244624411023,0.215191570336195,0.45578021916119843,-0.03684369017032961,0.04286847776832841,0.07166691173306214,0.02139565202123301,0.01662116531447189,0.9695431978847859,0.0019806323842113285,-0.00023605864263480963,0.004621029869668795
0.04878640709187963,0.411462451304735,0.2289218364471458,-0.08740018423638539,0.11382562826662913,0.12634747854221573,0.024449085024042534,0.016228005847208588,0.9850886925957699,0.002209554220658474,-0.00018727223554293001,0.00503249232097353
0.32360672575314287,0.29408814377713066,0.29004896669975194,-0.03488463155088979,0.062045245450626514,0.06043754446978696,0.020114821178230997,0.006191350676726926,0.9702771645650088,0.0024996031873582257,0.0001363344902102129,0.005326580464750662
0.19580618414348386,0.12455985689594896,0.1647229810324691,-0.033278973007981764,0.13233139893235296,0.030676712792653424,0.028693043442891898,0.007343341335017363,0.9636777242334318,0.0026643261683906953,0.00033214067435369677,0.0054511403216466105
0.1736167445547246,0.30652131999347176,0.061353249275395594,-0.03917059825068065,0.12434297062269588,0.09272754581403851,0.019869207168893302,0.012008080454959786,0.9702677896729104,0.002725679417666091,0.0005057574189084213,0.005757661641640082
0.15957651363160835,0.10396919784341355,-0.011869203820534649,0.0016513850176066922,0.045529594751122074,0.09132817909917525,0.01825973854025047,0.013269844657882314,0.9747597281989648,0.0027138102138455564,0.0006653339325400296,0.005861630839483496
0.45609814423012546,0.09227960719784793,-0.19178382867343338,-0.026513459670394323,0.09549532863820445,0.029623026748966594,0.019645712782941735,0.005629420174071541,0.9658580106446192,0.0025220263851721226,0.0011214320767701552,0.0059539104466813444
0.26233248435443657,0.08003108785628354,-0.056667369664084824,0.09737792837416616,0.11303931379942041,0.01676835590468123,0.029006910420916476,0.019931856176663258,0.9654031647978609,0.002465359015508038,0.0013837645611245919,0.006033941534537627
0.16344491466136035,0.18591656462994166,-0.3509435318227216,0.07239556505554919,0.0449452541560623,0.031017731023515502,0.022805940465573944,0.013958696186476292,0.9678091272659803,0.0021144154836853168,0.0015472094757859522,0.006219858099167569
0.3029750776126156,0.1860663545190011,-0.2420890900667657,0.04548956545390217,0.03834020130656508,-0.03521386547463056,0.010430026922320925,0.0069299688474446924,0.9767419998452298,0.0018723263936185508,0.0018501845533985678,0.0064059244536865696
0.13087807017059874,0.06284052911624848,-0.3702649030992464,0.048781999797993726,0.101947742164892,0.018846734978782295,0.01911904200162713,0.01187393717765258,0.9775054222345556,0.0015020614905193045,0.001981062623569167,0.0064687649828028175
0.24843179658161268,-0.14299179941524853,-0.301090628158131,0.10893846612750127,-0.013036143808938656,-0.07561506346981493,0.015954345643920027,0.007875689888601057,0.9728620355831534,0.0012009708623611736,0.002229494420150779,0.006325773183387571
0.26502451800612314,-0.24539374079360993,-0.11336248488346465,0.08242236915195963,0.06088096595992681,-0.04779006572786323,0.022957650222042027,0.012930974738616534,0.9721741767921648,0.001087608377477709,0.0024945189381569022,0.006080379442593961
0.3479957483772834,-0.08746358603981406,-0.39645825903879606,0.2618903583394876,0.09579706657703074,-0.06434138785703729,0.017604793457685536,0.011139607851600071,0.9664370294755843,0.0006911501184389127,0.002842514686534186,0.005992915856554147
0.14256201980919544,-0.090016686941563,-0.281291451147701,0.15094215668946834,-0.0121945404323333,-0.03772482493880475,0.020186187990712506,0.001714378573073716,0.9765463488677706,0.00040985866729121174,0.002985076706343381,0.005902899169612584
0.29097375688644067,-0.2086612966675175,-0.14273521476533269,0.1476172890758386,0.019465036995237096,-0.04070649147580469,0.021372621086661835,0.011281756305882226,0.9685890101353776,0.0002671234525258791,0.0032760504632298217,0.005694237872945067
0.26226331101080674,-0.1737804786652719,-0.16657015174588924,0.18108441874044934,-0.011864578246694756,-0.13193914314886412,0.02211795541137522,0.01594552880041463,0.9642603540808495,0.00010055330077998982,0.0035383137742406286,0.005520457394279796
-0.0777909918428361,-0.32616823758437724,-0.1487942779746468,0.10418483049670985,0.013138457534873303,-0.09892319252525322,0.022427520605315193,0.00806754457535605,0.9699798875767247,-4.8240977194657006e-05,0.0034605227823977926,0.005194289156695418
0.06934833783600247,-0.2817261374846772,0.030577921795149093,0.13747282232445687,-0.013026117320450184,-0.08730802967491215,0.018643474509467944,0.0061352279626226474,0.9786868363961881,-1.766305539950791e-05,0.003529871120233795,0.0049125630192107415
-0.07555259194452525,-0.3525211008119009,0.000551152676633004,0.1239237426426861,-0.059828303810540356,-0.15239793155314527,0.020900764678281843,0.0008912744196849717,0.9772314721398266,-1.7111902722874905e-05,0.0034543185282892696,0.0045600419183988395
-0.039544606711821764,-0.36026618202198546,0.10964047037549107,0.15812546187705606,-0.07011711944225098,-0.13444237981440382,0.016539381704581538,0.013699728742794636,0.976709603425474,9.252856765261616e-05,0.003414773921577448,0.004199775736376855
-0.03817163115640605,-0.24352559067373716,0.2173084966254013,0.045751065342698995,-0.07312086054855438,-0.08064730505927074,0.015929956644033717,0.017789567792997094,0.9778977745819498,0.0003098370642780175,0.0033766022904210416,0.003956250145703118
-0.07512180321739237,-0.3799292861694449,0.3300073632368882,0.07469957681238991,-0.031451600785544764,-0.08426855451392681,0.013754625242128348,0.011065646656344911,0.9695331114670194,0.0006398444275149057,0.0033014804872036497,0.003576320859533673
-0.2137957668216595,-0.2917537789412825,0.2357604587386668,0.007617325077036118,-0.007310808096811802,-0.05079705970144056,0.018002340383435563,0.013390192402764803,0.9704361360397422,0.0008756048862535725,0.0030876847203819896,0.003284567080592391
-0.24107459161611847,-0.3114235807961837,0.20093044133962765,0.07788240627914969,-0.016118325470447278,-0.050594831485765004,0.0190201076786584,0.0067171846607094795,0.9667989757917675,0.0010765353275932002,0.002846610128765871,0.0029731434997962067
-0.3206917855564147,-0.1726504849126433,0.3236469819341551,0.01952490955283783,-0.0668639442932069,0.0805534232466723,0.02168545699677912,0.017704538915590776,0.9669940489968102,0.0014001823095273554,0.0025259183432094563,0.0028004930148835634
-0.3960724282306246,-0.22973050494951064,0.33789540548364655,-0.0035747006328435285,-0.04495117570286169,-0.05391915593007591,0.024102477884548775,0.0064581827536803905,0.9662836527530148,0.001738077715011002,0.002129845914978832,0.0025707625099340528
-0.3158369630637522,-0.19015023895114308,0.38437589596304444,-0.0809126742568057,-0.04140590032845455,0.020696239052156513,0.018257485662706893,0.01729478624597052,0.974749844157955,0.0021224536109740464,0.0018140089519150795,0.00238061227098291
-0.3926800056156355,-0.08983351446605846,0.39281335968655784,-0.11213710899763703,-0.04481661161465395,0.09588287868623398,0.015450877953152385,0.011704363020493746,0.9601510814470138,0.0025152669706606044,0.001421328946299444,0.0022907787565168516
-0.5397153119229394,-0.30304061799510623,0.30469311282992917,-0.03440630943218109,-0.03653769519056875,0.12899026487849527,0.01865882720723947,0.008036975330520146,0.9754173455159623,0.0028199600834905333,0.0008816136343765047,0.001987738138521745
-0.20990109896978965,0.12911497982852668,0.2720466927964425,-0.06215552227668538,0.012868735264407485,0.14620441385374097,0.020105119467146403,0.011989608212072289,0.9757366531617012,0.0030920067762869757,0.0006717125354067151,0.002116853118350272
-0.5500660820476438,0.15561345655488604,0.0845447254376958,-0.12100561931132571,-0.018765245113623184,0.10574334807651069,0.015231056887726427,0.01485927069476862,0.9808792078136915,0.0031765515017246715,0.0001216464533590712,0.002272466574905158
-0.44767505643665945,-0.015026479812665847,0.031090049631969187,-0.1440231078901629,-0.02569722673696631,0.07421932514299331,0.014810722372023617,0.016186907967503227,0.967234851920417,0.003207641551356641,-0.00032602860307758826,0.002257440095092492
-0.41450481916586124,0.22388670020990542,0.15404924335731238,-0.08264809165109112,-0.014894022570962541,0.10932144627233215,0.0038922237808318265,0.018608251845146605,0.980291800171945,0.003361690794713953,-0.0007405334222434494,0.0024813267953023976
-0.33818504181980785,0.30295383488877015,-0.1837139332832026,-0.0994903010281781,-0.0996305028335027,0.04097968934967663,0.020629939810035566,0.015494705840157814,0.9764730722451006,0.0031779768614307504,-0.0010787184640632574,0.0027842806301911676
-0.38711807450436114,0.2536622297568708,-0.16898135266309403,-0.03218345940913275,-0.03627599924871184,0.08330170486513588,0.013832733293340834,0.014264915719112852,0.9736654100616218,0.0030089955087676565,-0.0014658365385676185,0.003037942859948038
-0.4533363984591857,0.3559663818711262,-0.19996303056764808,-0.12298507439414082,0.08656343750452106,0.0934390793355379,0.008822038540773399,0.008487663466471725,0.9713626770514876,0.002809032478200008,-0.0019191729370268045,0.0033939092418191646
-0.41125031899559994,0.5556561809480642,-0.2951928047658391,-0.046028075500577456,0.009207619424995268,0.13382571734252496,0.017794206823253236,0.014819725737771336,0.9692913041425323,0.002513839673434169,-0.002330423256022404,0.003949565422767229
-0.41285854818633894,0.33870952953767414,-0.4476203085646449,-0.13545048740078494,0.09899149766360076,0.10623521869477591,0.0010827216452003983,0.020523221161720534,0.9694683942674489,0.002066219364869524,-0.002743281804208743,0.004288274952304902
-0.2405269846071801,0.38399051493757896,-0.5289766582302233,-0.05084371413307191,0.15764126323877506,0.16883532637713308,0.00926625275911442,0.021067159468667655,0.9761737601408914,0.0015372427066393003,-0.0029838087888159237,0.004672265467242482
-0.39941048477014374,0.32259521270451363,-0.3809312462167653,-0.07561027753303341,0.14247907580189886,0.05166804289186593,0.013707598194560586,0.023855685734523784,0.9746999114333762,0.001156311460422535,-0.003383219273586067,0.004994860679946995
-0.3152872868612509,0.17699496509319512,-0.548736872117069,-0.05946001109484468,0.10917824315201911,0.10255439709864117,0.010788658268297013,0.020399461708202,0.9683998113735226,0.0006075745883054661,-0.0036985065604473177,0.005171855645040191
-0.09524100576819554,0.2281325364430814,-0.7702058305500519,-0.05588863119004728,0.049853598397610395,0.0722926266539328,0.02226728219026812,0.018348962365544928,0.9735866217143063,-0.00016263124224458582,-0.003793747566215514,0.005399988181483272
-0.16347835720894527,0.2280167724950633,-0.5199638778955581,0.010200327021832324,0.09700526472369057,0.04033234611322799,0.01649278144790082,0.011670044922341239,0.9745715198950374,-0.000682595120140144,-0.003957225923424459,0.005628004953978336
-0.06322923561025086,0.2036373641237047,-0.6357213635137802,0.02547473669698478,0.030536043065073473,0.12464409371134529,0.019395257290245098,0.02547647170411705,0.9863193764562972,-0.0013183164836539241,-0.004020455159034709,0.00583164231810204
-0.04935516803674975,0.25159919733003894,-0.3648661395687342,0.003537047151469767,0.05375982216607724,0.08580742409239589,0.021978306376144237,0.01599144038265399,0.9670838720411001,-0.0016831826232226585,-0.004069810327071459,0.0060832415154320795
0.13628513147834373,0.25464028200903216,-0.5003860136625786,0.046282150213651146,0.006288230447491552,0.01695054071598963,0.01475638868653633,0.017894206019448942,0.9752153352188154,-0.002183568636885237,-0.003933525195593116,0.0063378817974411115
0.3224019642144198,0.23731471402507592,-0.2723240683432096,0.08787273362173283,0.026988302866116917,-0.08400174218197472,0.00479084122312364,0.018158309475299315,0.9782196465192551,-0.0024558927052284467,-0.0036111232313786965,0.006575196511466187
0.3138761586783345,0.11325542535879948,-0.3234225060559598,0.04436978434794522,0.056905323420006634,-0.021188483133621525,0.029612160779820144,0.0149988819862498,0.9763174740688125,-0.0027793152112844067,-0.0032972470727003615,0.006688451936824987
0.1591439210186391,0.1773394693846232,-0.14328764821881315,0.14155376271949752,0.03359511963942162,-0.05727959342674047,0.017385992122401356,0.022920238131211496,0.9751126653513,-0.0029226028595032197,-0.0031381031516817225,0.006865791406209611
0.276738425589729,0.01852214309189952,0.07427961639597733,0.15478038636266553,-0.032708688771798625,-0.03783830584338363,0.017800384570336517,0.017594806083638545,0.9723749925330213,-0.0028483232431072425,-0.0028613647260919933,0.00688431354930151
0.3260689246143922,-0.0775827507299587,0.2406016499366219,0.037472956733415615,-0.014800906478752138,0.027656810586889506,0.010599200356573475,0.02271533513656939,0.9785448592778714,-0.002607721593170621,-0.002535295801477601,0.006806730798571552
0.22852617417288879,-0.03290735869030662,0.17874238314633253,0.06685344341792318,0.0003138185022501152,-0.022290019669714722,0.01304342600096594,0.018301506955890053,0.9731552876815898,-0.0024289792100242883,-0.0023067696273047123,0.006773823439881245
0.34821509593509975,0.07309453186389174,0.3292587876317379,0.05945488199544688,-0.022782923552188736,-0.05594086841187546,0.02166499756715212,0.028846648244842454,0.9786531184713867,-0.0020997204223925504,-0.0019585545313696123,0.006846917971745137
0.5644091603324617,-0.09697399241117141,0.3816938949022181,0.08098126484031763,-0.035173728915002096,-0.08201555339691578,0.019417683171892346,0.01810908964576219,0.9764948262519336,-0.0017180265274903323,-0.001394145371037151,0.006749943979333966
0.4916083508758297,0.02344667611435114,0.6063400856919265,0.039534553197893986,-0.038385026960326724,-0.11427178558579733,0.013503348956236696,0.0247624624132143,0.9851356714743966,-0.0011116864417984056,-0.0009025370201613211,0.006773390655448317
0.402706677342929,-0.09383820571853815,0.7148931040459789,-0.0020884402144052336,-0.051366956930527216,-0.0594876822679526,0.023956685432349988,0.026421365372934626,0.975699140421947,-0.0003967933377524266,-0.000499830342818392,0.006679552449729779
0.3560840718279035,-0.22578244153304036,0.43986445751012615,0.017009085004767,-0.08997203814576714,-0.06618737550439192,0.014111829015825299,0.016745491062368147,0.9743107036516072,4.3071119757699506e-05,-0.00014374627099048847,0.006453770008196739
0.36532157795214665,-0.2255729505442454,0.6556742436350976,0.05203390645327229,-0.09000187796275382,-0.03603650225356062,0.023330768645020896,0.0187613089658437,0.9684626092385623,0.0006987453633927972,0.00022157530696165816,0.006228197057652493
0.33791038439471655,-0.166435125538694,0.45877723017617766,0.0012796951878967537,-0.07072537754593014,0.024262053364899415,0.01750584807297276,0.01661514416588252,0.9735450496527593,0.0011575225935689748,0.0005594856913563747,0.006061761932113798
0.38171714251314554,-0.22423751988446566,0.49442962988140476,-0.04116553353701504,-0.11040550197412001,-0.03516578418235714,0.02322062562628045,0.020789505623666413,0.9791711296519869,0.0016519522234503797,0.0009412028338695202,0.005837524412229333
0.20436881565809945,-0.1856173823456973,0.5406496956783488,-0.0036037552196227837,-0.06428675278762458,0.007111316661133174,0.019675430514864575,0.020723850917336913,0.9714104534956483,0.0021926019191287286,0.0011455716495276196,0.005651907029883636
0.4193202585446342,-0.22723549025658518,0.4194449788581657,0.046056452109656955,-0.14723562407536522,0.03394129516003527,0.020012363313396633,0.025720785462299518,0.9692623238699972,0.0026120468979868943,0.0015648919080722538,0.00542467153962705
0.2901945752478252,-0.018155705612327946,0.41937831392339464,-0.09236481685936693,-0.03307071768711983,0.01066302125104039,0.01247058764062316,0.005566246867063888,0.9770006741408198,0.003031425211910289,0.001855086483320079,0.0054065158340147225
0.21490885212107072,-0.08662909842841304,0.3080054152550496,-0.06323616195671802,0.010658811425967323,0.01907263365193304,0.02018026475056715,0.019156858216903123,0.9783632949568397,0.0033394306271653388,0.00206999533544115,0.00531988673558631
0.1973054128308912,-0.04929255181786636,0.21565204600571553,-0.1400495078913434,-0.10023383890691638,0.08059903210409711,0.01394791591233389,0.01916957319009743,0.9780829114763818,0.0035550826731710543,0.002267300748272041,0.005270594183768443
0.37760578303011016,-0.22502083346330415,0.16419072210892172,-0.081887508960441,-0.16565464959363782,0.09114961883822799,0.007368972032899555,0.03435711734303009,0.9733471643800373,0.003719273395279976,0.002644906531302151,0.005045573350305139
0.16608037327967468,0.0705706708575357,0.06831771187032887,-0.22361906579726296,-0.05185970942673026,0.16757524867017093,0.007205515082103475,0.02059266186416512,0.9698831251461776,0.0037875911071503046,0.002810986904581826,0.005116144021162675
0.050906989584576005,0.019230020312024247,-0.06659100363579161,-0.1308973873748086,-0.099364214563549,0.053880963697526284,0.01925278360014685,0.025159340171372845,0.976022654589167,0.0037210001035145133,0.002861893894166402,0.005135374041474699
0.11663807021550042,0.1684880267279131,-0.18706231790684436,-0.08394468569100501,-0.11821408476181917,0.07634248591891257,0.009556226922916343,0.018315430014884917,0.9821264024412132,0.0035339377856076688,0.002978531964381902,0.005303862068202612
-0.014287095167833247,0.18620810242321684,-0.16986113718031526,-0.1847157112424896,-0.013549477405934925,0.09788052616168792,0.014555338973764457,0.015779495178174216,0.9694188934838813,0.0033640766484273536,0.002964244869214069,0.005490070170625829
-0.13070519163809297,0.06896371433005163,-0.28100797306885716,-0.09137548319380809,-0.047389631898053564,0.050291341595728685,0.02108614261405113,0.017594348320529706,0.9694108434932188,0.003083068675358496,0.002833539677575976,0.005559033884955881
-0.11736658667556947,0.07165132961716672,-0.3164179008459328,-0.1044330313507469,-0.09851817378446981,0.0030088045761280293,0.022558431123031922,0.023750806839684228,0.9748831604452715,0.0027666507745125633,0.002716173090900407,0.0056306852145730476
-0.10653996015000922,0.2537115577568936,-0.2719966069772414,-0.13545589273287417,-0.01725479186703267,0.07933361586551625,0.004526031372624056,0.024114898091709896,0.9687385383954752,0.0024946541675353218,0.002609633130750398,0.005884396772329941
-0.18542283501465134,0.12013528570704823,-0.35152171326333,-0.06710497146958982,-4.42382360994328e-05,-0.034540460870579326,0.009320477883741168,0.02210015912329467,0.9747522988574339,0.002143132454271992,0.0024242102957357466,0.00600453205803699
-0.28667208919326104,0.1406089885894582,-0.3652801352210606,-0.13149543359686836,-0.00705847885718844,0.025984880199036872,0.020968843744412234,0.021740123397307187,0.9673215023235329,0.0017778523190509312,0.0021375382065424854,0.006145141046626449
-0.32610154952161574,0.03295083603722837,-0.2518373096936629,-0.05011069220186833,0.07487452650257741,-0.005804313924544219,0.006049745267998631,0.03715107015146612,0.9769678775796881,0.001526015009357268,0.0018114366570208696,0.006178091882663677
-0.13870705554231633,0.17586679126620894,-0.2696024957149675,-0.020941604557400267,0.06771862378327212,-0.0005833911340029693,0.015757011665930035,0.02799863219804831,0.9704083999754093,0.0012564125136423005,0.0016727296014785538,0.006353958673929886
-0.2758471329425194,0.2803634684132933,-0.1689084116976814,-0.08470830875069978,0.08541631607560583,-0.0672160261143786,0.013696615240031969,0.026110063492612284,0.9765653758675863,0.001087504101944619,0.001396882468536034,0.0066343221423431804
-0.28768774794009466,-0.052846683065809835,-0.14046267793014253,-0.02211801820521695,0.02120098585300924,-0.0029370534446330355,0.015095658080394527,0.025199935071125657,0.9785808462801764,0.0009470414240144766,0.0011091947205959395,0.006581475459277369
-0.2627315341385404,0.16232081003859472,0.03406522888925346,0.0029835480968869827,0.05284581267960951,-0.046155732395522904,0.01050656581074348,0.023885199188330593,0.971062041138808,0.0009811066529037298,0.0008464631864573991,0.006743796269315965
-0.24091811385368828,0.07736269920388131,-0.09246637760440385,0.024377452059317017,0.021902778946528402,-0.030108847869635275,0.017866995844543918,0.01647189086460116,0.9838860645898573,0.0008886402752993262,0.0006055450726037109,0.006821158968519846
-0.5779266513725274,0.16906783668864292,0.12049664343974857,0.019740668667782867,0.09828216265019486,-0.06688282333966224,0.017929181133513952,0.012385347827349999,0.9760820210710296,0.0010091369187390747,2.761842123118341e-05,0.006990226805208489
-0.13559860022691395,-0.05315184119469191,0.08230523282878395,0.07515990395610325,0.1403777578275657,-0.0851560796559873,0.011733677437004543,0.02801899100785981,0.9794940260717868,0.0010914421515678585,-0.00010798017899573054,0.0069370749640137955
-0.18851064115185376,-0.12521812126433285,0.16747971846954945,0.04995205346648451,0.07847318807790994,-0.021985045036393404,0.011132685150039501,0.019004269250286063,0.9826727755352477,0.001258921870037408,-0.00029649082014758434,0.006811856842749463
-0.32474204113005145,0.03939567312637776,0.3147229107164417,0.12259466457155953,0.09582563122573276,-0.07114766608885363,0.014987059683039044,0.0289091122568381,0.9650030624988106,0.0015736447807538495,-0.0006212328612776358,0.006851252515875841
-0.3511959496744672,-0.029009062518775497,0.38657710731572026,0.14739209428128966,0.09353129552923242,-0.19846510905969772,0.014779454426828098,0.029769630173595442,0.9770121707867306,0.00196022188806957,-0.0009724288109521031,0.006822243453357065
-0.13342823580133856,-0.17075414277518533,0.4188816600115809,0.12936345719029302,0.08212356131442888,-0.06393797777558048,0.015293214293103204,0.02520491167783397,0.9721331581938248,0.002379103548081151,-0.0011058570467534414,0.0066514893105818805
-0.0035255239718920833,-0.17432291648598736,0.3659082321264025,0.15108129559812403,0.07922446257384617,-0.17602061090595714,0.009589328470274935,0.03236097145077452,0.9720743533314591,0.0027450117802075534,-0.0011093825707253336,0.006477166394095893
0.08416164808278453,-0.1853193389658501,0.2208278443903396,0.13927462595923593,0.002807932769590692,-0.1369031369270615,0.01916462965692036,0.028103291076454408,0.9682912174240524,0.0029658396245978934,-0.0010252209226425492,0.006291847055130043
0.04223018735220588,-0.250952630855801,0.26196572639302496,0.11775990783023231,0.07462917839593275,-0.0432236029947359,0.01441615326383211,0.028560010365516607,0.9759414557355192,0.003227805350990918,-0.0009829907352903434,0.006040894424274242
0.08997443282078371,-0.15849019000312636,0.4565689468517385,0.06847765838461826,0.020504480650025213,-0.061183006337755884,0.01712272023605787,0.020381925696080376,0.9730806018421904,0.003684374297842657,-0.0008930163024695594,0.005882404234271115
-0.02097780946979401,-0.2810097631586974,0.14908930664164072,0.12460889252796446,0.0650632578318095,-0.0085385188254506,0.005107430792913461,0.020338464932412315,0.9704532569756664,0.0038334636044842977,-0.0009139941119393534,0.005601394471112418
0.11615642746917383,-0.5952202875806181,0.1237681653821405,0.12549144367687626,0.014144617335663879,0.04998147508884734,0.009537905556305532,0.01798881593637814,0.9772008966996746,0.003957231769866438,-0.0007978376844701796,0.0050061741835317995
0.2046837310741665,-0.33233868369182773,0.03186891038421767,0.17268262877455257,-0.04455873188942075,0.038844391446832806,0.006923619131743076,0.03605035454920761,0.9731181132705974,0.003989100680250656,-0.0005931539533960131,0.004673835499839972
0.19944934534688638,-0.3057744833086474,-0.16356476468858971,0.05723581801066886,0.08282925702192574,0.04476380529128374,0.012606146376710214,0.026124560452522455,0.9697389976029364,0.003825535915562066,-0.0003937046080491267,0.0043680610165313235
0.2005620618108387,-0.19899906979665297,-0.22810216014238666,0.044323018903046595,-0.021211170269963622,0.06865929767623626,0.010062534850163223,0.021414246063249126,0.9710774904923091,0.0035974337554196788,-0.000193142546238288,0.0041690619467346715
0.1967731240240444,-0.15970077668821364,-0.3068357590042996,0.009405484692493,-0.02224377442996675,0.124064667663458,0.011070919119658205,0.030077196217753004,0.9735479462595865,0.0032905979964153796,3.630577785756428e-06,0.004009361170046458
0.3047014681752396,-0.22503772298495117,-0.261005200634647,-0.008794632739699805,0.010914158416584968,0.07163071219376778,0.00235659060906478,0.02288308902767135,0.9755725158618431,0.0030295927957807323,0.000308332045960996,0.0037843234470615068
0.2136483379250481,-0.27134189352419824,-0.2673308710559107,0.02884506932259237,-0.05201916163265772,0.07791380030337147,0.013154539278324964,0.025285547410693436,0.9796938372810372,0.0027622619247248217,0.0005219803838860441,0.003512981553537308
0.3224931243912164,-0.28248232308872817,-0.46523633149672095,-0.013793129853129586,0.030664396578362743,0.08537811883500109,0.008082847196547708,0.023394771070412733,0.9832888826251095,0.002297025593228101,0.0008444735082772605,0.0032304992304485803
0.2771388739591354,-0.1628863608995067,-0.5180860249296135,-0.03575004793327523,-0.07479277615502208,0.15133159415198402,0.01260534988667409,0.029163822280138217,0.980965724665915,0.0017789395682984875,0.001121612382236396,0.0030676128695490737
0.3474272650234437,-0.14881449079656636,-0.736031579482113,-0.04369449222895046,-0.025112788578688823,0.11418544656954174,0.003596970195653519,0.024289430330701838,0.9771943595330184,0.0010429079888163747,0.0014690396472598396,0.0029187983787525074
0.3329962562862714,0.013825939773000402,-0.7138410701536675,-0.02835478866338396,-0.04637330913553659,0.12291496876970444,0.007344092021396691,0.021323343523777884,0.9834019761773252,0.00032906691866270714,0.001802035903546111,0.002932624318525508
0.27005970802519214,-0.029657306204513602,-0.702237731299332,-0.12256471110613568,-0.03838774477882707,0.11974528962140162,0.011264765624418574,0.024155098459220477,0.9729606496032736,-0.0003731708126366249,0.002072095611571303,0.0029029670123209943
0.23829249339379113,0.0983550926810969,-0.5327689346585365,-0.09867257262572367,-0.08203855040703532,0.1409376448425579,0.009511748284414475,0.03209589074118622,0.9852100885015457,-0.0009059397472951614,0.002310388104965094,0.003001322105002091
0.17292443911175176,-0.0006482213245064816,-0.6007314449692719,-0.10978002598871536,0.0418808883808807,0.0768480311948687,0.017199879872817223,0.023417251724379248,0.972512294879571,-0.0015066711922644331,0.002483312544076846,0.003000673883677585
0.26519640108484066,0.03871381270614571,-0.4560168705453067,-0.11636152028926301,-0.07715660133466395,0.1290503174283284,0.01647311379873512,0.0240533316373546,0.9831165836411991,-0.0019626880628097402,0.002748508945161687,0.00303938769638373
-0.013469883939470628,0.18352079695796905,-0.4292976404882529,-0.1229441915570213,-0.007158757925400137,0.1305837402652482,0.013255552095892097,0.026401755155199963,0.9788165748784563,-0.002391985703297993,0.0027350390612222164,0.003222908493341699
0.14801308822684428,0.16179160143533633,-0.3284200390428788,-0.1249814362990901,-0.04564444285453371,0.05838419843222867,0.014256154637726223,0.024412539956344056,0.9778987631786534,-0.0027204057423408715,0.0028830521494490604,0.003384700094777035
-0.09155134852126426,0.36982614883534387,-0.2901596473262316,-0.08745626825001945,-0.04945937621890899,-0.017899270506979946,0.014670688746126079,0.028196431061492912,0.9768066475417209,-0.0030105653896671035,0.0027915008009277965,0.0037545262436123796
-0.011355096761484449,0.26349010318689403,-0.1666620753034503,-0.07969893009168216,-0.05412227142630984,0.03495858711185913,0.008590301882154415,0.03486419638003066,0.9884400758110001,-0.0031772274649705537,0.0027801457041663116,0.0040180163467992734
0.12292797234206711,0.15425929563290625,-0.05513746534731934,-0.07951722799159464,-0.0073655765458093365,0.04233266908621428,0.02008846137987523,0.032585798932256785,0.981687105936519,-0.003232364930317873,0.0029030736765083788,0.004172275642432179
-0.3007010212364428,0.47675906149589853,0.19579234260982042,-0.11342661011712843,-0.017825046711118737,-0.11888152662955527,0.007702824479769487,0.019305233362619544,0.9782032146630747,-0.0030365725877080528,0.002602372655271936,0.004649034703928078
-0.11901631380203688,0.26857443764264866,0.3448667190906267,0.03564912275785511,0.029968447260508315,-0.003919264195855551,0.009819546100521742,0.03486599860724511,0.9738174232672292,-0.0026917058686174258,0.0024833563414698987,0.004917609141570727
-0.11836853101143276,0.39754937167265103,0.33332677930127025,-0.03370313348513654,-0.01188022128468821,0.006861481149375312,0.012209437614323184,0.02373241194988161,0.9750891378458753,-0.002358379089316156,0.002364987810458466,0.005315158513243377
-0.2028358458324837,0.32676769831617514,0.2652502869976132,0.008296287333762161,0.03279607157216799,-0.07955359474779657,0.014345931919103837,0.029620800033484922,0.9737703621255839,-0.0020931288023185424,0.002162151964625982,0.005641926211559552
-0.15718958054800333,0.3817858415408202,0.40590192441844514,-0.06701344136623004,0.0401796261841986,-0.1550833683067177,0.008936677017603506,0.03302478484714189,0.9772252725344928,-0.0016872268779000972,0.0020049623840779794,0.006023712053100372
-0.4174368976833307,0.3613582637702639,0.5645564731228084,0.026460774981001536,0.008656465861395363,-0.07327149328348197,0.011207185664892629,0.03365469848924271,0.9787830833487052,-0.0011226704047772888,0.0015875254863946487,0.006385070316870635
-0.3284325627300689,0.25437348521992,0.6212758590357272,0.042207531187941294,0.038128247069138574,-0.04346792960726293,0.013322125467065668,0.021279192611810882,0.9848811343503956,-0.0005013945457415617,0.0012590929236645796,0.0066394438020905555
-0.34336900198655895,0.035046535122749994,0.6232614584993894,0.022553366086525063,-0.009185675075615175,-0.03419925119632801,0.012683119023759034,0.02779740210225456,0.9699434402988256,0.0001218669127578278,0.0009157239216780206,0.006674490337213306
-0.38441826153786296,0.08884439838638859,0.3993042156623938,0.04395367783084615,0.004114505366449956,-0.05416571920017068,0.014313657609135513,0.02070462975256844,0.9740337902625138,0.0005211711284202217,0.0005313056601401577,0.006763334735599695
-0.41420644249116834,0.11840243324286825,0.4903389805674038,0.04283520647434255,0.16095457053244924,-0.06693642534865242,0.002942521767017119,0.032449321312155235,0.9830167334683951,0.0010115101089876255,0.00011709921764898935,0.006881737168842563
-0.28352388761596375,0.06582782902319251,0.44888603714014746,0.10225970495391645,0.05996903320261696,0.008701868692760266,0.016892620656355675,0.02932762854953703,0.9742803041992429,0.0014603961461277732,-0.00016642466996697443,0.006947564997865756
-0.43444850021788695,-0.13379195366089663,0.5251161999309265,0.051826767620745694,0.0011765150410637396,-0.00303729057544388,0.018320322366572037,0.028271360345578256,0.9776307341298652,0.0019855123460586995,-0.0006008731701848614,0.006813773044204859
-0.3534453716490586,-0.005423731656975555,0.40266240332557807,0.20357868474413635,0.10669231668381911,-0.07680052871742492,0.014090819041767875,0.02918968979692507,0.9848821831057185,0.0023881747493842776,-0.00095431854183392,0.006808349312547883
-0.5826144355209382,0.007663774627282814,0.2777895917557805,0.06370889102551003,0.06914368648606228,-0.02257871204775331,0.012110862995122549,0.03129652592051067,0.9767639534964215,0.0026659643411400583,-0.001536932977354858,0.006816013087175167
-0.27036984261135655,-0.10192186073063984,-0.013591279087112135,0.02022641160194759,0.14287824872282853,0.08550325776613375,0.0025476043858348035,0.034080977132159476,0.9882235663473825,0.0026523730620529465,-0.0018073028199662147,0.006714091226444527
-0.5039360783136706,-0.016741261849326713,0.19034809644338374,0.07377690851064048,-0.01783854117979472,0.009012725453494791,0.005905989597315219,0.024145850415007476,0.975320905030467,0.00284272115849633,-0.0023112388982798856,0.006697349964595201
-0.3577428599035553,-0.0876105135188294,-0.1529414107503786,0.07959289761776916,0.02543729160897603,0.05949207146742465,0.004666345629381537,0.027355877799925685,0.9726709873192178,0.0026897797477459513,-0.002668981758183441,0.0066097394510763715
-0.43140655656491517,-0.013177955285077286,-0.0883343138979853,0.03644569845174013,0.06668177222689917,0.016308397943538736,0.0037924274472473833,0.03365494976861458,0.9811503926851662,0.0026014454338479658,-0.003100388314748356,0.006596561495791294
-0.11795924788134665,-0.10297590565555993,-0.15851892034318493,-0.001586802733914464,0.04337116149334287,0.051431689268355306,0.002334901818005352,0.03252810913802472,0.9808577850421577,0.002442926513504781,-0.0032183475626297027,0.006493585590135734
-0.3407091382150216,-0.2106096544014032,-0.3615037588365712,-0.06297894606656627,0.11930021935373454,0.054868075861142056,0.0037632415516949845,0.03313820464225777,0.9726191414730644,0.0020814227546682097,-0.003559056700844724,0.006282975935734331
-0.012455219071680346,-0.18034529717771497,-0.2833188317497709,-0.017903948891133857,-0.0008141461434377599,0.1032899633196916,0.007547177799586796,0.04487513495761703,0.977995728994731,0.0017981039229184388,-0.0035715119199164046,0.006102630638556615
-0.05193632261982471,-0.1943522058640452,-0.31824256597146044,-0.03325712367492275,-0.0713245833905877,0.10711985503434292,0.01234250511804289,0.034811545445416585,0.976909567887226,0.0014798613569469783,-0.0036234482425362294,0.0059082784326925705
-0.1553946819081132,-0.14591727349823008,-0.18888500944397876,-0.09166847608302764,-0.08490907083786357,0.09818336929872427,-0.002294154118642887,0.036265891479259356,0.984256021369104,0.0012909763475029996,-0.0037788429244443424,0.00576236115919434
0.18156938267783473,-0.24348547620702793,-0.39870164198051744,-0.07073325404461077,0.001044965329833199,0.1990107199344291,0.00578175931048883,0.03787920843199377,0.9755029069730288,0.0008922747055224823,-0.0035972735417665077,0.005518875682987312
0.16122206717304732,-0.17273642703814585,-0.3407040470081494,-0.05036317820930941,-0.03532030923331955,0.08828116519721861,0.0035598157699593923,0.032605196381626254,0.9850655677831335,0.0005515706585143328,-0.0034360514745934607,0.005346139255949166
0.10782947927697858,-0.061997322069671096,-0.12577524916306546,-0.06310739964455961,-0.07559926174378136,0.0466200333248294,0.011780205789977724,0.024847410390789103,0.9881718058213039,0.00042579540935126737,-0.003328221995316482,0.005284141933879495
0.14515745169761635,-0.17573569934298255,-0.2687347083086792,-0.11228371733262975,-0.058307665509663285,0.12045745443801927,0.01128183779690204,0.03632969441903297,0.9794309862883913,0.0001570607010425882,-0.0031830645436188654,0.005108406234536513
0.2323888965354363,0.008735296500489514,-0.38039218766418337,-0.14877643129396403,-0.04049223907429368,0.03123327917516376,0.0038192142814280285,0.020092386846485448,0.985763175794527,-0.0002233314866215952,-0.002950675647083429,0.005117141531037002
0.299734711582831,-0.17949140104364894,-0.1104602894886948,-0.22086790480301413,-0.09108372040936769,-0.012700090550778824,-0.0036471443368415162,0.01600286753481057,0.9753603060638023,-0.00033379177611029,-0.002650940935500598,0.004937650129993354
0.2705920500090563,-0.006508555721237066,-0.012473057402787653,-0.1726495285323817,-0.12966114034695836,-0.0433017956403119,0.008515850624290474,0.019612789306482713,0.9828956584669974,-0.00034626483351307767,-0.002380348885491542,0.004931141574272116
0.34797721114454483,0.074730601975429,-0.14430308160352343,-0.1579804652443328,-0.09572059038978672,-0.08799154578324138,0.00654400144989752,0.03385248203070633,0.9794492385235055,-0.000490567915116601,-0.0020323716743469973,0.005005872176247546
0.4899003320231725,0.278778092849704,0.06085678992237766,-0.17493195747985935,-0.12451205086307628,-0.042728355936080153,0.015044548278363552,0.03069670122289735,0.9856507634156754,-0.0004297111251942234,-0.0015424713423238248,0.00528465026909725
0.4384794517034641,-0.0966604882747955,0.14198788434971574,-0.08974610449392692,-0.12485984310614225,-0.1264056423238076,0.008018872122524928,0.03701397739837631,0.9860433227239386,-0.0002877232408445076,-0.0011039918906203608,0.005187989780822454
0.5168619711315556,0.10331060527963526,0.34652139006795,-0.1438481145959196,-0.14856451334342746,-0.07952538586188014,0.01474675909177095,0.02175225169370686,0.9827460345364365,5.87981492234424e-05,-0.0005871299194888051,0.005291300386102089
0.5436662824146101,0.19636097871436972,0.19819896446719362,-0.07662694323234007,-0.06476201112346115,-0.1066856624398837,0.005254783759296723,0.0325018488229984,0.985272326036697,0.000256997113690636,-4.346363707419499e-05,0.005487661364816459
0.30274866249808163,0.19949010916558368,0.08611474912631017,-0.14231600918764648,-0.03691959728177811,-0.11762423260832856,0.0023451961311361054,0.03843398633949224,0.9751832020505807,0.00034311186281694626,0.0002592850254238866,0.0056871514739820425
0.5059183586824503,0.3181650734640591,0.35562604449969426,-0.11219574057199015,-0.0764975571561402,-0.09347649733612298,0.01137028307924574,0.024139596440526247,0.9797777395634762,0.0006987379073166405,0.0007652033841063369,0.0060053165474461025
0.46253278819069793,0.055205040405032935,0.37968912044685055,-0.11140212845848624,-0.0948241735505512,-0.022446031647927002,0.0010296728069555897,0.030889071538379456,0.9745457639596284,0.001078427027763491,0.0012277361722970348,0.006060521587851135
0.44959655413321176,0.16835391549154716,0.1304266639354408,-0.05695724281923226,-0.11935379075339193,-0.10059376133158864,0.008129786469701519,0.03216005075553912,0.9838750303379921,0.0012088536916989318,0.0016773327264302464,0.006228875503342682
0.4498533437153042,0.35442116889256153,0.2599822352397864,-0.0439945954340651,-0.053766935054641044,-0.09635044899202805,0.00399813372334153,0.031401944721732085,0.981570052601408,0.0014688359269387184,0.002127186070145551,0.006583296672235244
0.32970943324392565,0.17858688466049832,0.21406877857895523,-0.013856350944659583,-0.001805770561254895,-0.17661866703291174,0.009225923651270916,0.03291283736673401,0.981497863426424,0.0016829047055176736,0.0024568955033894765,0.006761883556895741
0.41245825393452396,0.14043472008595698,0.20935038322391825,0.023457026316095527,-0.06938965976851023,-0.15700361619735997,0.006495652599762468,0.036734990738825815,0.980350580379854,0.001892255088741592,0.0028693537573240002,0.006902318276981698
0.24197905646207019,-0.04360771287486101,0.11007347731779775,0.05500463762674701,-0.07539234857696879,-0.06935210266012033,0.007845299899009107,0.037737095011528624,0.9790978531331195,0.0020023285660593893,0.0031113328137860707,0.006858710564106838
0.26164279736578233,0.1316092133043442,-0.036315012492358155,0.09125845258805715,0.04029670796148896,-0.13717241186305348,0.005662479382310649,0.0392331587703145,0.9795249935912094,0.001966013553567031,0.0033729756111518534,0.006990319777411182
0.23999419661319243,-0.04397238635980939,-0.15570377594344254,0.08626534314095427,0.053450510769706784,-0.03477151500667497,0.007908801358413205,0.03006683316075162,0.9848471329951755,0.0018103097776235887,0.003612969807765046,0.006946347391051372
0.16910743264210534,0.15046924389700334,-0.17386169898304193,0.07360156353153625,0.08190851456525355,0.006666043623202179,0.0028479098387975705,0.03160569540691545,0.9871177772009985,0.001636448078640547,0.003782077240407151,0.007096816634948375
0.06987650136926771,0.010033229377875305,-0.31130585164390634,0.14815355643303732,-0.040783930722164935,-0.07609952305028511,0.01459760279096739,0.036657374888609325,0.9722310463297569,0.0013251422269966407,0.0038519537417764185,0.007106849864326251
0.13823885198542177,-0.030966237141983807,-0.5964128670715555,0.11190960727181337,0.04749155649289236,-0.07173370921154858,0.007590300231911953,0.04184411320251065,0.9856789928969996,0.0007287293599250852,0.003990192593761841,0.007075883627184267
0.21672470886171158,-0.16577015912381415,-0.31479691677972416,0.12006406255051463,0.05887990354499339,-0.02417908796220234,-0.00032606232672459986,0.025082289581122887,0.9811577403563686,0.000413932443145361,0.004206917302623551,0.006910113468060453
0.25761464102328835,-0.37630126408498743,-0.3185852885447684,0.15112731827918582,0.02929438924046079,0.04746489830416011,0.003815829985709461,0.03295482802111024,0.9832962361295386,9.534715460059258e-05,0.00446453194364684,0.006533812203975466
-0.051562501981040385,-0.2836711399083237,-0.5503103609668515,0.1299530200559128,0.08097991305705841,0.06724364078784126,-0.0007890132716875751,0.03542567114217784,0.9860425240434266,-0.000454963206366259,0.0044129694416657995,0.006250141064067141
-0.2337325751600458,-0.22154571344994267,-0.6943794749397888,0.08787517613913574,0.03244819251539163,0.07300435746085403,0.001978231012022409,0.038241411753291904,0.9789284580316772,-0.0011493426813060476,0.0041792368665057545,0.006028595350617199
-0.21426334283296966,-0.25060681455680517,-0.5151397613010233,0.06894306756719688,0.06075898701209574,0.10907925714689057,0.009237744696337464,0.037514459399576504,0.9802716383408632,-0.001664482442607071,0.003964973523672784,0.0057779885360603935
-0.23464279060109652,-0.270605809752206,-0.5624354927283572,0.131147881716592,0.07054577653116989,0.10518283994160284,0.002080128268097802,0.036151729681715886,0.9807505404414416,-0.002226917935335428,0.003730330733071687,0.005507382726308187
-0.03144791049854406,-0.2065336221689451,-0.49978917488319896,0.08679426850730156,0.14415127152930957,0.08116582703715734,0.002589758273286703,0.035270480271746625,0.9769068530181573,-0.0027267071102186273,0.003698882822573144,0.005300849104139242
-0.3609472786533963,-0.2699577296930465,-0.6470109897051033,0.0515626477346307,0.06490104265896715,0.20252413079022777,0.004541353451694544,0.03576894392764811,0.9844640274450154,-0.0033737180999237303,0.003337935543919747,0.005030891374446195
-0.23391491856361477,-0.2651095765452613,-0.3915913988531287,0.11655106744884976,0.06361408730251461,0.15907956616435742,0.0060461291169318,0.045037482234645404,0.9800231748983038,-0.003765309498776859,0.003104020625356132,0.004765781797900935
-0.042794760851312064,-0.243353355238703,-0.31706256823694123,0.14981878701420354,0.10837915205711099,0.19273619787661128,0.003433952977602552,0.03232665871197054,0.9883720719462955,-0.004082372067013801,0.00306122586450482,0.004522428442662231
-0.32334187890225036,-0.2663982289718025,-0.5107103821745067,0.06940038609531352,0.10983304655802258,0.19325632059370554,0.0016250548478043813,0.03457300090919057,0.9826358634569721,-0.004593082449188307,0.00273788398560257,0.004256030213690429
-0.2674418862277785,-0.13385945801270888,0.00710041581430737,-0.002628179725475348,0.11309529496834336,0.12518231671332614,0.016297640194888063,0.047261439006519586,0.981095235609274,-0.0045859820333739995,0.002470442099374791,0.004122170755677721
-0.20398631367115003,-0.14860382365359437,-0.11327970784729546,0.009113997500079362,0.083558576117543,0.10466618084398346,0.006802252794689062,0.04051896104747551,0.9864873414139922,-0.004699261741221296,0.002266455785703641,0.003973566932024126
-0.2626595463390768,-0.2533208910233261,0.07879308191299725,-0.03722055240932495,0.15067944076536025,0.005216777255303886,0.011837536926169108,0.03372944127209421,0.975572637999883,-0.004620468659308297,0.0020037962393645646,0.0037202460410007995
-0.26015881535766366,-0.05024399629688718,0.2500558240753443,-0.05208296629103573,0.06563967734221762,0.12671235666458064,0.0009641544250125907,0.03806797226856036,0.9825929678796497,-0.004370412835232953,0.001743637424006901,0.0036700020447039123
-0.13125853033848156,-0.03095485103450618,0.4209272892599193,-0.0402585482381068,0.06993423976549841,0.07949023237224442,-0.0006055881413898762,0.03749506975700832,0.9778928610472513,-0.003949485545973033,0.0016123788936684192,0.0036390471936694063
-0.3791591178961251,0.07012255583217349,0.5129376184724483,-0.03344840917958901,-0.003446070215814198,0.07798979693394124,0.005019796221394528,0.031149543773322692,0.9920374731025842,-0.0034365479275005857,0.0012332197757722943,0.00370916974950158
-0.12675349805177735,-0.03788832162636199,0.49474689863759874,-0.0990705050057016,0.0079349159284677,0.043936132867979955,-0.0002494052924614885,0.02197444664684472,0.9773661222691065,-0.0029418010288629866,0.001106466277720517,0.003671281427875218
-0.07367999311869292,0.12331461606413296,0.5451045212520361,-0.017087598598343325,0.018304483431296027,0.024119194100444726,0.008982539934684477,0.040329444749696436,0.9841882942654068,-0.0023966965076109505,0.0010327862846018243,0.0037945960439393503
0.0206693168784626,0.20634071012792074,0.37565732845703714,-0.10886066968574945,0.010635607301708407,0.0663825887784943,-0.005923969283318864,0.03719052641750161,0.9806326111470288,-0.0020210391791539136,0.0010534556014802868,0.004000936754067271
-0.10729712636227132,0.2598970888958879,0.4871371985641608,-0.1451344374352519,0.01656791755647202,0.0037376617077334705,-0.002677198317174027,0.03565905225911507,0.9884865324549297,-0.0015339019805897527,0.0009461584751180156,0.004260833842963159
-0.08982315868039842,0.21381862702953283,0.6190200780303077,-0.07606466452864792,-0.047350388668401446,-0.0048273678709266615,-0.00970029712257259,0.03565046012459742,0.9769748545134189,-0.0009148819025594451,0.0008563353164376171,0.004474652469992692
-0.05361216190874521,0.18833841276303487,0.4543486764584227,-0.08193316305043903,0.029673727331597774,-0.09192997888109503,0.004805030885201867,0.0400754944439927,0.9777812834339602,-0.00046053322610102235,0.000802723154528872,0.0046629908827557276
0.16703855193022976,0.28475772728433907,0.6015101215803331,-0.10483095346235151,-0.03811842344718972,-0.07325646387068592,0.007645082040871557,0.035671808753004554,0.9870534023397736,0.0001409768954793108,0.0009697617064591017,0.004947748610040066
0.19342589823142317,0.2601530778903454,0.5330107431807769,-0.05796978909653844,-0.055157894878450624,-0.004140323243061747,0.002197224162965987,0.0404040900821269,0.9827473377278806,0.0006739876386600877,0.0011631876046905249,0.005207901687930412
0.03880353391287515,0.24631532319065652,0.29471904461487597,-0.06872122154653332,-0.03805555061457215,-0.0026959675256723343,0.004345122362087096,0.031101583052465024,0.9815321320108813,0.0009687066832749637,0.0012019911386034,0.005454217011121068
0.18736953540878393,0.31695204600602417,0.2448887596101219,-0.10510508463025453,-0.09813507168438668,-0.07648061641012377,0.011722974887589752,0.04862686003423759,0.9838591867752328,0.0012135954428850858,0.0013893606740121838,0.0057711690571270935
0.25628972009342127,0.29653783232623443,0.33037489432877915,-0.019493415318558048,-0.04197215970502634,-0.08298860701298925,0.007996392660364275,0.030830768217878186,0.9903992961444922,0.0015439703372138649,0.0016456503941056052,0.006067706889453328
0.37564260785272763,0.5239458072015835,-0.09942039907846945,-0.0410732786564595,0.01998556407392297,-0.11665769366579477,0.0031785897565512877,0.04370423714259458,0.9932453866249217,0.0014445499381353956,0.0020212930019583328,0.006591652696654911
0.2862058190867589,0.29583934445621046,0.06507072190499913,0.05755438146394158,-0.07120184894979528,-0.07779483261857885,0.0015816612698569504,0.028054069632283914,0.98351283369545,0.0015096206600403944,0.002307498821045091,0.006887492041111121
0.31885440402610066,0.2474340197514115,0.011072603604489015,0.0694914070622585,0.01152408232540652,-0.006753077604405607,-0.007864016280262915,0.03856826472519733,0.9889314429425897,0.0015206932636448837,0.0026263532250711923,0.007134926060862532
0.26051194328766797,0.29330008157368775,-0.1413737482122759,0.060648102120656786,-0.08485815587014905,-0.15232422309507732,-0.0057174083564381,0.03812606639473877,0.9833922573268575,0.0013793195154326078,0.0028868651683588605,0.00742822614243622
0.20519338174463808,0.3248948804930407,-0.03423815302128999,0.011784574719335132,-0.08767012692183357,-0.04912690230250667,0.0006358268519806983,0.04048883531681434,0.9866866536222791,0.0013450813624113177,0.0030920585501034983,0.007753121022929261
0.3386751847235063,0.20861221908779584,-0.40309870692870575,-0.0015957005315482917,-0.04908413324372806,0.011521736583549649,0.00012132427668079754,0.03346086688592646,0.9852590018039679,0.0009419826554826118,0.003430733734827005,0.007961733242017056
0.36381492893468137,0.1689989117575974,-0.3307540932886793,0.05200302226375583,-0.0056659964207534975,-0.04045871743305415,-0.0001333154965624027,0.03780787238399765,0.9833477993789812,0.0006112285621939326,0.003794548663761686,0.008130732153774653
0.24808922204457373,0.14055980882521182,-0.1946526728424786,0.04821292527744932,0.03760395905432742,-0.006011187328753992,0.0046943089494167105,0.03796148866896888,0.9810015383495411,0.00041657588935145406,0.004042637885806259,0.008271291962599866
0.18769258464997846,0.07155707287592718,-0.26939621233352784,0.09754554482127663,0.0027556808894936132,-0.010729347348262414,-0.00219483677868684,0.03695295053674704,0.9825634924653817,0.0001471796770179262,0.004230330470456238,0.008342849035475794
0.2611742159659547,0.05320926759808248,-0.3177021332502158,0.08982941877646762,-0.05577281697177525,0.08856898253692698,0.0012266672784405725,0.04156910493304606,0.9890225976436692,-0.00017052245623228962,0.004491504686422193,0.008396058303073878
0.20879056202986082,-0.017364557202503704,-0.25920023551584703,0.03963715000964236,-0.06376420429040855,0.12588076163140657,-0.0005394263940977503,0.03208583555181658,0.9830157027253643,-0.00042972269174813664,0.004700295248452054,0.008378693745871375
0.11059834904066135,-0.08185542761347048,-0.29507011434256125,0.12548305798131892,0.04855638367564858,0.08458585847182344,-0.005642309883802664,0.03597661940943562,0.9805086887174317,-0.0007247928060906978,0.004810893597492715,0.008296838318257903
-0.0029622200932283294,-0.14372471208835091,-0.1697204844504807,0.1312254203469994,-0.02878964940592959,0.04845490231143721,-0.0014911964173668576,0.03234136095935306,0.9793121881394778,-0.0008945132905411786,0.004807931377399487,0.008153113606169552
-0.044479174252455025,-0.11799860026798872,-0.09473534944393987,0.07070351593354414,-0.009947992147982601,-0.011443058700240852,-5.106763536744541e-05,0.03078788266210874,0.9818327602136208,-0.0009892486399851184,0.004763452203147032,0.008035115005901565
0.06379988799762627,-0.10796035101624732,-0.04539309539468309,0.03482876269042961,0.042527995356625395,0.07612826714541268,-0.0030290280496855777,0.03683941781936671,0.9770009167819323,-0.0010346417353798017,0.004827252091144658,0.007927154654885317
0.049028336976363315,-0.14901749271256498,-0.017213339927996382,0.11177195971095932,0.021963135675972113,0.0802228125159443,-0.011574007236596557,0.03979248778498838,0.9802727895301343,-0.001051855075307798,0.0048762804281210215,0.007778137162172751
-0.10209138931943737,-0.05337127897083095,0.017728041552402055,-0.013104669716995926,0.017239647091586263,0.09412006132024088,0.00072861828118683,0.03838685279886728,0.9822127632823247,-0.001034127033755396,0.004774189038801583,0.00772476588320192
-0.06298882891155311,-0.15565235015164802,-0.03199774065403127,0.033922498237212544,0.07328077024178545,0.07781292428227132,0.0037690168062309115,0.029802200779348392,0.9865186492193648,-0.001066124774409427,0.00471120020989003,0.007569113533050272
-0.2490931154791838,-0.08852463239695894,0.14222278571025848,0.007837771475746286,0.06154875871874529,0.11565832842901778,0.0015354633846905799,0.049839212066302964,0.979837609719432,-0.0009239019886991686,0.004462107094410846,0.007480588900653312
-0.003486791921986032,-0.18682493342109588,0.31941703686928596,-0.07464060986646186,0.10379495116823284,-0.050383129331087885,0.004601693733056432,0.040684893280384236,0.9790348143840306,-0.0006044849518298828,0.004458620302488859,0.007293763967232217
-0.2734081525924314,-0.16208906228305084,0.4154353298666881,-0.034489564684207684,0.09243734728518499,0.055981281259651565,-0.003695523716843618,0.027626998610268693,0.9873223065675666,-0.00018904962196319465,0.004185212149896428,0.007131674904949166
-0.44606907713113353,-0.06958548080267783,0.2179911221078038,-0.0639447963743936,0.05623569013035944,0.01647505781810594,-0.004245581447382161,0.03614144715028696,0.9902544691508897,2.894150014460917e-05,0.003739143072765295,0.007062089424146489
-0.3574505004672387,-0.2969448873686703,0.30402337629573595,-0.12178400845347723,0.0818008116982292,0.0035011363544938095,-0.00514616972239357,0.03622966174318392,0.9887827975074335,0.00033296487644034515,0.0033816925722980565,0.006765144536777819
-0.4504995283795777,-0.061155758228095554,0.31565389555043455,-0.08893263535849665,0.04474063652272788,-0.0642064165499507,-0.0051222135197273415,0.038493661308023557,1.0009039125195782,0.0006486187719907797,0.0029311930439184786,0.006703988778549723
-0.4702647542137829,-0.020884269156297805,0.14434503283242844,-0.19014581553248708,0.017961150316542586,-0.12275424583809592,0.0018027981935240197,0.03137155667887402,0.9840723265148253,0.0007929638048232081,0.002460928289704696,0.0066831045093934255
-0.3427274486001497,-0.21726858424269177,0.3876744935544977,-0.1103522444200901,0.003490463913902994,-0.12311718160089365,-0.010443621763351818,0.04556412745243072,0.9852692019494722,0.0011806382983777057,0.002118200841104546,0.006465835925150734
-0.3780207461234309,0.03644388624499151,0.1484820592775466,-0.18203332719949425,-0.029709874516850213,-0.03494483283866718,0.009552398157569314,0.045052983870622954,0.9784969385691756,0.0013291203576552525,0.0017401800949811152,0.0065022798113957255
-0.42278510428464255,-0.013556889482515246,0.24420781044744927,-0.14418931015247416,0.019865705661013228,-0.11485564617169727,-0.004744882376480412,0.03371903589507761,0.9763432238256191,0.0015733281681027016,0.0013173949906964727,0.0064887229219132096
-0.37177237872856733,0.19434102374878315,0.00322258868828601,-0.12606645159251983,0.04758510335400895,-0.1259209435185759,0.0008387320159679635,0.039805213365639094,0.9892254797010015,0.0015765507567909879,0.0009456226119679052,0.0066830639456619935
-0.5413517917418355,-0.059744986584569476,-0.06864914439032795,-0.13136852311921213,-0.011406619144844166,-0.15565109420392498,-0.003429955420827021,0.03849202820410368,0.98959449623861,0.0015079016124006598,0.00040427082022606977,0.006623318959077424
-0.45785779745565663,0.131261191385031,-0.0597256294142132,-0.11918129405349533,0.027908556405867684,-0.05646890847239166,-0.01340035696765188,0.05039163609539345,0.9843702714993894,0.0014481759829864465,-5.358697722958689e-05,0.006754580150462455
-0.2442518148587754,0.11949034550861336,-0.16796005187245214,-0.18141732371846145,-0.012125482838247218,-0.12986317519065646,-0.0011225906529484257,0.0435368254085656,0.986204863901305,0.0012802159311139944,-0.00029783879208836227,0.0068740704959710675
-0.4033447604839391,0.320670065059972,-0.08801969189765885,-0.20818117225186158,-0.07073217503362057,-0.11736538162529629,-0.0003610072459212213,0.0396464696744724,0.9863234417604198,0.0011921962392163355,-0.0007011835525723015,0.007194740561031039
-0.34234372864438617,0.1213939433356295,-0.4030116457730385,-0.15729369670475565,-0.02394767388655885,-0.08298786351763819,0.004586752391802418,0.04098974747483779,0.984458412766008,0.0007891845934432971,-0.0010435272812166876,0.00731613450436667
-0.28912156056238103,0.2427271137531185,-0.494080695614095,-0.19293650932356413,-0.08746127095838714,-0.1256025951271892,0.008334069648857053,0.03771703923979824,0.9861433152781399,0.00029510389782920195,-0.0013326488417790686,0.007558861618119788
-0.17727713548181034,0.2962802054594853,-0.4965208803076808,-0.08798134613675515,-0.09327905655740129,-0.06428802244692633,-0.007444687015551371,0.03618408897977308,0.9870478179049785,-0.0002014169824784789,-0.0015099259772608788,0.007855141823579274
-0.35943265241033884,0.08899771291757268,-0.6160982413110166,-0.03402287503166391,-0.09458391764868967,-0.023328594290376342,0.0013033193736645254,0.031398524870207126,0.9927198672642239,-0.0008175152237894956,-0.0018693586296712177,0.007944139536496846
-0.20862005077740514,0.1853101404794165,-0.6053999236549483,-0.09832713530574776,-0.051231563868581055,-0.03413197984634152,0.0006055643994889149,0.04570324089521588,0.9851366579521158,-0.001422915147444444,-0.0020779786804486227,0.008129449676976262
-0.05592915229178452,0.177478490978341,-0.6741871654092235,-0.043428157258895615,-0.01786158787605636,-0.07052027796747593,-0.005964519620213491,0.04333906553494522,0.9840244590511025,-0.0020971023128536674,-0.002133907832740407,0.008306928167954605
0.0536366786534936,0.009514572537431265,-0.7098650485374016,0.06813678865689707,-0.03482520755862749,-0.03133793367596709,-0.007347159262086534,0.039165249770526676,0.9870799330125094,-0.0028069673613910695,-0.0020802711540869137,0.008316442740492036
0.0989167367787992,0.05765679822935216,-0.6529653875125967,0.044624406522696725,-0.13708770945156115,0.07360133399073684,0.006711740149904099,0.03893652467103976,0.9931506781688113,-0.003459932748903666,-0.001981354417308114,0.008374099538721388
-0.021460798129692774,0.018920887475702426,-0.5133824042393554,0.022735686077795317,-0.05298840352482185,-0.008094603633858036,-0.0035497535378938667,0.038742567443730065,0.977741795360583,-0.0039733151531430215,-0.0020028152154378076,0.00839302042619709
-0.01788417777700943,-0.0030127121767853995,-0.390177049924973,0.024496857817267747,-0.10408270191144976,0.0703297695625715,-0.014234246902118733,0.038701461356230184,0.9834450588375458,-0.004363492203067995,-0.002020699393214817,0.008390007714020306
0.22798855045960334,0.10616790683772222,-0.20690268513981458,0.05837803574924986,0.00010521038767129579,0.09624222586141319,-0.005392948347307367,0.02866309270808165,0.9890623058847526,-0.00457039488820781,-0.0017927108427552134,0.00849617562085803
0.1086132027107573,0.04807474861791112,-0.3052935739477828,0.11969506122736873,-0.09199108529839545,0.008420873438752632,0.00478262124336579,0.041103976807299,0.9891782908543214,-0.004875688462155591,-0.001684097640044456,0.00854425036947594
0.25617076751931617,-0.12175006611089427,-0.13632703913931488,0.13499852334144744,-0.06935453854430287,0.17871139327332938,-0.0021937666234423396,0.045574089770720645,0.9937246781120745,-0.0050120155012949065,-0.0014279268725251402,0.008422500303365046
0.40307108368703554,-0.03904568379233156,-0.07170863475252473,0.1303499535638479,-0.14870930693523743,0.09458412233400866,-0.004651264191670967,0.04422095874333567,0.9941251932894378,-0.005083724136047431,-0.0010248557888381045,0.008383454619572715
0.4013160815756556,-0.2086311872701896,0.059892538613254304,0.1298132446548987,0.030725686104766975,0.12020540038249868,-0.0048917826447357335,0.038041994731317454,0.9868364434250216,-0.005023831597434177,-0.0006235397072624489,0.008174823432302525
0.2771879443687125,-0.1643868705650864,0.17423126775913964,0.06369431604759633,-0.06337875197247315,0.19869514495723184,-0.000660537409778071,0.03525910567618329,0.984722354741451,-0.004849600329675036,-0.0003463517628937364,0.008010436561737437
0.36704628366421077,-0.16737443004578767,0.2848782853057651,0.10703186152701041,-0.096360591262742,0.08519553148217368,-0.0007275336291646746,0.04025458274463776,0.9824903287422667,-0.0045647220443692715,2.06945207704744e-05,0.00784306213169165
0.49233591853195025,-0.08033171593315111,0.4417954324982797,0.19381881234957488,0.010568684373750064,0.1943173716887082,-0.004862783736491268,0.04672807835751021,0.9865282873555224,-0.004122926611870992,0.0005130304393024247,0.007762730415758499
0.4667583062133892,-0.21259802535773759,0.39106939790289036,0.11974127565755728,-0.0612710975475465,0.1777643657157132,-0.009956351583653565,0.042691421363856896,0.9882530025216366,-0.0037318572139681014,0.000979788745515814,0.0075501323904007605
0.35112049793496947,-0.39024754425059727,0.4514513469802352,0.09641274088795226,0.06446398177425035,0.0820924316174048,0.0010064119323862225,0.04092392170381244,0.9787421547540038,-0.0032804058669878657,0.0013309092434507833,0.007159884846150164
0.4342771546579317,-0.30792707222720284,0.7235099177752761,0.11189208473953761,0.031156872019411683,0.02500268571103758,-0.011096914176328822,0.0353826113441689,0.9926477971718303,-0.00255689594921259,0.001765186398108715,0.006851957773922961
0.3472702291062827,-0.22731093525998033,0.5196035802945043,0.07013161811717249,-0.01971115247935565,0.14523231876002302,-0.00962176077803404,0.03850783987290194,0.9906377373836,-0.0020372923689180853,0.002112456627214998,0.006624646838662979
0.30135381410024853,-0.24800494079051225,0.6397103878253867,0.03283119747460698,0.061042019540760245,0.02746525756171611,-0.007377477095962558,0.04392666803626791,0.9880256836770036,-0.0013975819810926986,0.0024138104413152467,0.006376641897872468
0.46478534198927,-0.22741363430131512,0.3986653049531933,0.13095253714367006,0.06742965777076451,0.039727898102764135,-0.004621210171247338,0.0404329071444699,0.9915936277623135,-0.0009989166761395054,0.002878595783304516,0.006149228263571152
0.5549049136295179,-0.34219566786133326,0.4094254359039469,-0.016717545685511682,0.07445111355859634,0.05354156343663288,-0.00983227770687779,0.030683788269555663,0.9907535039936014,-0.0005894912402355584,0.003433500696934034,0.0058070325957098184
0.2985340619432935,-0.370435579421713,0.5547578262547054,-0.020724254254254504,0.137617016068884,0.018947751281182756,-0.013188241806450018,0.03076393877193999,0.9965286436406308,-3.473341398085295e-05,0.0037320347588773277,0.005436597016288106
0.3285974404102648,-0.08845853556128268,0.47452641011882224,0.0016755892143421897,0.035479803755900645,0.006356762688067015,-0.01089146599690507,0.03366333917883153,0.9902273720124293,0.0004397929961379693,0.004060632199287593,0.0053481384807268235
0.1520014675364317,-0.13103857896206567,0.2339849632472738,-0.07541324728145768,0.102607098668891,-0.007037029209864551,-0.0020873333456698884,0.03200379707745227,0.9797515030223182,0.0006737779593852431,0.004212633666824025,0.005217099901764758
0.2871356964949018,-0.24979159040434684,0.16325199962317835,-0.042965643902772827,0.08565998432027716,-0.03690543412428723,-0.0040979074702135005,0.03793224585657684,0.9980123761379246,0.0008370299590084216,0.004499769363318927,0.004967308311360411
0.1729477565275561,0.04853200937640334,0.013966548367723014,-0.06608413776436675,0.14170531584026666,-0.006417047116619829,-0.0005896642943187778,0.042056563384212715,0.9945665491731268,0.0008509965073761445,0.004672717119846482,0.005015840320736814
0.2056496912030868,0.04891975508416834,0.10718821969993284,-0.12483803544748978,0.07151157390784359,-0.10597424449440208,-0.006055852718616021,0.039689595291211605,0.984227291244837,0.0009581847270760775,0.00487836681104957,0.005064760075820983
-0.08250096625060213,-0.03397616826662921,0.03630741946572648,-0.0629897213413683,0.07886775309243732,-0.048908380756071436,-0.01582952070486883,0.040576780702391256,0.9870809803032219,0.000994492146541804,0.004795865844798968,0.005030783907554353
-0.02507637729015058,0.13021046015605858,-0.22749692847251243,-0.10358789492137206,0.13268009485226667,-0.14503605891385227,-0.007661120331655818,0.04078602370458397,0.9940861204622525,0.0007669952180692914,0.004770789467508817,0.005160994367710413
0.01596633711299595,0.06541613102872813,-0.252256589009232,-0.13478514789842772,0.0044908309441714575,-0.016375289879744515,-0.008866699958994298,0.04272797718636395,0.9966755184300843,0.0005147386290600594,0.004786755804621814,0.005226410498739141
-0.01826983730529748,0.007247992616921717,-0.2823311076445696,-0.15279118718497636,0.08222566162911853,-0.005647499357788724,-0.002143492483141581,0.03912814144476212,0.9896846319458273,0.00023240752141548984,0.004768485967316516,0.005233658491356062
-0.013941997641395823,0.08426292462630441,-0.4222929531210939,-0.12837556634039737,0.048861807474972915,-0.048805715038288365,-0.0038797526619443307,0.038681424531080984,0.9815423071140424,-0.0001898854317056041,0.0047545439696751205,0.005317921415982366
-0.1294866188975779,0.35440133443290445,-0.4075142942038063,-0.1538587694378739,0.044291545574147634,-0.02765571710441738,-0.0013055543778766818,0.03759272897702911,0.9881812618037257,-0.0005973997259094105,0.0046250573507775426,0.005672322750415271
-0.20394674611306907,0.11429515559503886,-0.3818906130362725,-0.06999492744457235,-0.02517612202583816,-0.119251819763294,-0.008071245089888943,0.03941954548257609,0.9952914145378006,-0.0009792903389456828,0.004421110604664473,0.005786617906010309
-0.25006580175282395,0.07696770829021665,-0.3985511309975884,-0.0644272367554975,0.02383343991140987,-0.041169663723448394,-0.013685338950764236,0.04133444683881143,0.9931266769889436,-0.0013778414699432712,0.004171044802911648,0.0058635856143005255
-0.22605581950795162,0.17506073737593075,-0.33541992228501527,-0.05505852967748473,0.021696179015622374,-0.06386073043625715,-0.005713515074992318,0.04050013565959814,0.9890635921303705,-0.0017132613922282867,0.003944988983403697,0.006038646351676457
-0.21741578092416236,0.36551204003381416,-0.20171051674581886,-0.06508918345912938,0.004425467601115483,0.07996485730030925,-0.009866306967701983,0.04144537168948522,0.9846410689647649,-0.0019149719089741055,0.003727573202479534,0.006404158391710272
-0.3338540374427763,0.25994392232603075,0.023043857694865416,-0.035930383988998234,-0.0333848994381094,-0.007131957813027159,-0.0036160917550852496,0.04174164673399231,0.9806103413090306,-0.00189192805127924,0.003393719165036758,0.006664102314036302
-0.35511628159645275,0.29439340011974696,-0.18986936842023375,-0.08022454022784264,-0.040919331238060366,-0.0007293689523973374,-0.006323393109217333,0.03828374013780076,0.9924559267721818,-0.0020817974196994738,0.003038602883440305,0.006958495714156049
-0.3703229493246207,0.37233859761837745,-0.1146877756316467,0.027126575028646457,0.017223960588900723,0.05662354731090969,-0.009191131747913259,0.04452748599399055,0.9911228579612187,-0.0021964851953311204,0.002668279934115685,0.007330834311774426
-0.17441901735802134,0.17071831051670272,-0.12340030221493879,0.031299482998742925,-0.0555070528463878,0.056972919518083004,-0.004652734806328815,0.03191219020450434,0.9908369708565252,-0.0023198854975460593,0.0024938609167576634,0.007501552622291129
-0.24127305882747396,0.16973480725493306,-0.02949175776865373,-0.018118672331833778,-0.057955598232545556,0.11012647798689651,-0.006143755611132888,0.035880966967554336,0.9896005502292408,-0.002349377255314713,0.0022525878579301895,0.007671287429546062
-0.10357931473520021,0.049228874724799615,0.10510066589798375,0.0024836623420750343,-0.03988253462416465,0.03936963346685389,-0.009535512822853632,0.039283059799003414,0.9833157370310649,-0.0022442765894167293,0.002149008543194989,0.007720516304270861
-0.2716513359616034,0.32002481421417567,0.34551625515246154,0.016955650188781233,0.03905267540915056,0.06929452982520933,-0.003636563667098671,0.03793365530435779,0.9989401487430359,-0.0018987603342642677,0.0018773572072333857,0.008040541118485038
-0.02663157372442035,0.003753182008045322,0.2928475246530736,0.06486534479836073,0.011091116745667609,0.10623770154259916,-0.013486242821300285,0.04723692198032084,0.995215097020867,-0.0016059128096111942,0.0018507256335089655,0.008044294300493082
-0.17703320753439752,0.1507613947874823,0.3155698830939885,0.022702272471226928,-0.014850980926239814,0.03860542105668047,-0.0040195543760214196,0.04468639132547316,0.992163923482487,-0.0012903429265172057,0.0016736924259745677,0.008195055695280564
-0.05888402835490553,0.015422186034014768,0.3357521292668843,0.0880613324329162,0.013801979556209152,0.059694161705787036,0.0009663078805211712,0.0423350897871225,0.9931399761024094,-0.0009545907972503212,0.0016148083976196626,0.008210477881314578
-0.21858106958418516,-0.07984782788076755,0.30511550229360407,0.09510012261907946,-0.050800797977592724,0.03337689396443561,-0.014018204470424633,0.04422999717092267,0.9832250803521396,-0.0006494752949567171,0.0013962273280354771,0.008130630053433811
-0.05540952182501082,0.0664070438610065,0.23348045608544504,0.08929532846219176,-0.04436018752567417,0.10204700711493177,-0.009924094074765143,0.03966624044707372,0.9892576940599676,-0.000415994838871272,0.0013408178062104664,0.008197037097294819
0.07689850158483509,-0.03806363892645457,0.47940743533766794,0.08493521790897808,0.03259247572951715,0.07509839261117018,-0.009011829486899646,0.03751435685810105,0.9978450192427462,6.341259646639591e-05,0.0014177163077953017,0.008158973458368362
-0.22612200893684406,-0.14768641293835136,0.2761138727003895,0.03706366328063753,-0.039892666948672176,0.006093690999770784,-0.0023628880149616713,0.033246123140807715,0.9861834801600768,0.00033952646916678543,0.0011915942988584575,0.008011287045430011
0.17588071263133068,-0.1220280180016544,0.2552853688682103,0.048259599631743866,0.053979330012297946,0.04329326177740268,-0.004964962500982283,0.039175443720143095,0.9867751580385031,0.0005948118380349958,0.0013674750114897882,0.007889259027428357
0.30331095602913777,-0.08525186714501282,-0.019947126546886462,0.07236825778703587,0.03931525977914098,0.0050290768550170905,-0.0051953802336234655,0.04508308626006209,0.9907296518184315,0.0005748647114881092,0.0016707859675189258,0.007804007160283344
0.0614026167694712,-0.17285454529863353,-0.03784231190933464,-0.033513295473421315,0.02984444364635341,0.049562914312622885,-0.00751489117163793,0.03878573634103788,0.9882790189272368,0.0005370223995787746,0.0017321885842883971,0.00763115261498471
0.03311807028558042,-0.10787269347899905,0.046222891066475286,0.04046389147896953,0.03748585333243836,-0.063470578681586,-0.0005799466141936521,0.037221509084813115,0.9877479944625884,0.00058324529064525,0.0017653066545739776,0.00752327992150571
0.06440075195304766,-0.30974855296791276,-0.1226704331315508,0.04514746701568719,0.006033601801425701,-0.020650230469696933,-0.012185814354045615,0.05005135678322186,0.9823689493457796,0.0004605748575136991,0.0018297074065270252,0.007213531368537797
0.29255171261986285,-0.23815286235442512,-0.2562733470114981,0.026623065124649736,-0.023608313370138127,-0.13103198798957708,-0.01113942394763301,0.04326286450226291,0.9922198760044256,0.000204301510502201,0.002122259119146888,0.006975378506183372
0.12395233552348776,-0.11701765556339871,-0.18688816024277402,-0.07255444726383654,0.06381351379734457,-0.13947001923881341,-0.00890036786562592,0.037007167593916916,0.9935850158068839,1.7413350259426945e-05,0.0022462114546703757,0.006858360850619973
0.15499761757595937,-0.2628420113551935,-0.5138961353141568,-0.035015566494833436,0.01387801913438894,-0.11024438121901219,-0.014755240589046745,0.030715843534536363,0.983772018145915,-0.0004964827850547299,0.0024012090722463353,0.006595518839264781
0.1876995468366296,-0.08814985408927986,-0.6004616017056914,-0.051361880343703294,0.017567437732151345,-0.1053959076866184,-0.007444583217805226,0.04085994660962297,0.9952124091417209,-0.001096944386760421,0.002588908619082965,0.0065073689851755006
0.22091350439455543,-0.14477810856229933,-0.30190107250645615,-0.1189244559352448,0.04160163785996329,-0.06024050493300812,-0.009218438179406777,0.04322950496474706,0.9875523221891597,-0.0013988454592668773,0.0028098221234775203,0.0063625908766132
0.2820968901819509,-0.07964609559616483,-0.4659508101942193,-0.11894830629867556,0.012316321667993384,-0.06895762500287655,-0.0015584415705727408,0.04009846814636949,0.9925341285153774,-0.0018647962694610968,0.0030919190136594714,0.006282944781017036
0.15798526767523127,-0.12446003732104088,-0.5093065250749057,-0.16003855933577749,0.03557441134848198,-0.0744570787808158,-0.00816662839296217,0.04264217863214943,0.9954048763873518,-0.0023741027945360024,0.003249904281334703,0.006158484743695996
0.3541098211944873,-0.06083183476439782,-0.6196495210806348,-0.18897379692071142,0.04132463014993934,-0.07513786025676035,-0.005869330107751664,0.04784401513582276,0.9923642480564655,-0.0029937523156166376,0.00360401410252919,0.006097652908931598
0.15681596623221777,-0.06812978675271668,-0.38842382862361524,-0.17097087308599535,0.0725654620701653,-0.08393911401634792,-0.015074402865074813,0.0422476335527581,0.9939000176374825,-0.003382176144240253,0.0037608300687614078,0.006029523122178881
0.1380112106718404,0.1376509641722332,-0.4875268768372446,-0.19504098658619756,0.013860983059841297,-0.07192334301357341,-0.0140295591315725,0.04299327436836832,0.9846755350954907,-0.0038697030210774978,0.0038988412794332484,0.006167174086351115
0.16227546675122462,0.08364477912588826,-0.5128116136940544,-0.16561200283080282,0.012722007560804164,-0.04827331744665534,-0.010378195121903463,0.043753335446540836,0.9936418470182926,-0.004382514634771551,0.004061116746184473,0.0062508188654770026
0.11037049492555996,0.04495888172729501,-0.554542531336675,-0.17616989023574153,0.02952164889635784,-0.021739978907407836,-0.013454754383280485,0.04745145033474957,0.9918608156189527,-0.004937057166108226,0.004171487241110032,0.006295777747204297
0.2627847303550859,0.20307746559961687,-0.39331327556312984,-0.14070391611153243,0.05025801695854251,-0.007639591707272129,-0.01159950542872517,0.03189218834183602,0.9985265795906157,-0.005330370441671357,0.0044342719714651185,0.006498855212803915
0.06402694206966841,0.18605377576723772,-0.3291079434819959,-0.11810409424070333,0.07505619208715285,0.018512374191934362,-0.021862623862019606,0.04878218585417046,0.9873341418911925,-0.005659478385153353,0.004498298913534786,0.006684908988571152
-0.016842366108818663,0.13542960697008327,-0.18829402869215556,-0.11611327924121233,0.04154665155216117,-0.03919365217543824,-0.010382268050439196,0.031312272925643474,1.0053177617044375,-0.0058477724138455076,0.004481456547425968,0.006820338595541236
-0.037407891727158436,0.049399642814704214,0.00796828283075219,-0.14244840487948926,-0.007679512887878027,0.12997208247128003,-0.0044931407223213,0.04646129585278987,0.9866115362394666,-0.005839804131014755,0.004444048655698809,0.0068697382383559385
-0.11762343810527257,-0.0034028221193361796,0.03842848754153394,-0.08410723777826487,0.03526786517739797,0.13190081429727074,-0.007859709381906846,0.03982996014147079,0.9869530403825696,-0.005801375643473221,0.004326425217593537,0.006866335416236602
-0.05352960050734072,0.31604307794662256,0.1531099767492019,-0.1316193737226554,0.014057522757813933,0.153828566875243,-0.00863092453149341,0.043467891784622105,0.9850716539020851,-0.005648265666724019,0.004272895617086196,0.007182378494183224
-0.28202961510843877,0.20666123600539024,0.40504218392893815,0.008701541974224887,0.019051963868448294,0.07136393840927031,-0.008589778934031345,0.04330474236820782,0.9976348060333724,-0.005243223482795081,0.0039908660019777565,0.0073890397301886145
-0.3266674908930065,0.14073808433624577,0.45014378074367795,-0.010202372137271527,-0.03497245735659583,0.10044940913254363,-0.016558374432532576,0.03753828027410178,0.9996181713906972,-0.004793079702051403,0.003664198511084751,0.007529777814524859
-0.380465958926008,0.1621479651891617,0.28772194389703754,-0.034745987786519016,-0.022874044039716983,0.14280163790125272,-0.0156514560422892,0.03817828211853858,1.0002978991747877,-0.0045053577581543654,0.003283732552158743,0.007691925779714021
-0.29110709543087976,0.10391222463930734,0.6112899193564022,0.030121552417735252,-0.06832093575356353,0.11635140762516843,-0.017610080343512073,0.0446935772387204,0.9912626956840875,-0.0038940678387979627,0.0029926254567278626,0.007795838004353329
-0.32352364389704197,0.12901124143389772,0.39695491036991415,0.04796469288751854,-0.09663643482578722,0.12564558564803535,-0.011129231353625093,0.03811126651886203,0.9999374078600022,-0.0034971129284280486,0.0026691018128308206,0.007924849245787227
-0.38148971383211294,-0.015311598539331915,0.4281914731480403,0.06192201288711262,-0.0579001995956562,0.15380592586280645,-0.004593894939495879,0.028918327930766263,0.9921139635077932,-0.0030689214552800086,0.0022876120989987073,0.007909537647247894
-0.4587832227844285,0.08463578927388718,0.35801424225156453,0.08483091897023659,-0.09026810351145406,0.06404984667996833,-0.013703810864002363,0.04081641509706622,0.9909980386069233,-0.002710907213028444,0.0018288288762142787,0.007994173436521783
-0.5587145644440659,0.11231430735827994,0.5457515889320079,0.06213117526306144,-0.04141373413593115,0.09969153463526442,-0.01265863039635974,0.04431801705258952,0.9887344231049529,-0.002165155624096436,0.0012701143117702129,0.008106487743880062
-0.4666374752589687,-0.028352176729828274,0.5495250281623427,0.1724195573526473,-0.028944263918191385,0.2106970711139618,-0.01516798170263385,0.03423885705491582,0.9945258335643964,-0.0016156305959340936,0.000803476836511244,0.008078135567150235
-0.4919994352427255,-0.09429678536404651,0.3924807651273823,0.1492698255802786,-0.0752227142976177,0.17260332069151402,-0.008116522699173814,0.04026267314926433,0.9896884411750119,-0.0012231498308067114,0.0003114774012685185,0.007983838781786188
-0.46937424805970246,-0.12866832486491617,0.4186677800839414,0.06948797173017149,-0.0555701061771537,0.12640100722778275,-0.02035041229582607,0.04335298807696336,0.9952868525686628,-0.0008044820507227699,-0.00015789684679118395,0.007855170456921272
-0.3965882678392465,-0.20317267002610206,0.22213470975374724,0.13578101756279348,-0.09200139059332399,0.11118697062065801,-0.013602088372493647,0.030696675160672843,0.9904459569474395,-0.0005823473409690226,-0.0005544851146304304,0.0076519977868951695
-0.33399226995299414,-0.11223753770647502,0.2180899880036799,0.14842959416406035,-0.036260437300843856,0.012053787010717324,-0.008585789692301705,0.04726877792680887,0.9881087037529822,-0.0003642573529653427,-0.0008884773845834245,0.007539760249188694
-0.323538369754488,-0.39754895532641055,0.04889441612660644,0.129264041461961,-0.10845426567030175,-0.009342492982652927,-0.01904078984665414,0.04333427824315591,0.9873996835810133,-0.00031536293683873633,-0.0012120157543379128,0.007142211293862283
-0.36614712846153014,-0.4330627937375289,-0.031852829599671936,0.07247507264607,0.00021353024681875984,-0.044759605461961234,-0.017294998057941567,0.04221432884532687,0.9889417742426243,-0.0003472157664384083,-0.001578162882799443,0.006709148500124756
-0.23105665276802662,-0.19147003307739424,-0.12418289708077515,0.12327287388760104,-0.16863965223663752,-0.04267539335505533,-0.014007193902803241,0.03918751062907999,0.9984267692792635,-0.00047139866351918343,-0.0018092195355674694,0.0065176784670473616
-0.3189182323150114,-0.27265893592975154,-0.007591057491456499,0.09717544377123429,-0.020145012462310513,-0.01625506802258163,-0.01950473667353489,0.042526187111609576,0.9940922975978242,-0.0004789897210106399,-0.002128137767882481,0.00624501953111761
-0.2570684073275531,-0.15886221195663144,-0.3012651846326869,0.013903216404160172,-0.011895818763286506,0.010465709897233623,-0.011094580158615704,0.034802316229093376,0.9964156955358652,-0.0007802549056433268,-0.0023852061752100344,0.006086157319160978
-0.20225361939491104,-0.23815957874672863,-0.12008016697915841,0.06972477867572556,-0.023369799733316134,-0.0011130030028447622,-0.01919341302385948,0.04191305306593992,0.9999006659567764,-0.0009003350726224853,-0.0025874597946049455,0.00584799774041425
-0.24238855587743655,-0.3146035755359924,-0.209993109167038,-0.03973690765232703,-0.05633163047054886,-0.08666879853928254,-0.015427104993815563,0.04436984506844966,0.9946858699759252,-0.0011103281817895232,-0.002829848350482382,0.005533394164878257
-0.31109606071601587,-0.31163747494311667,-0.36476083912210966,0.12769670869981709,-0.03374800954525983,-0.09248999651163706,-0.019009776015700773,0.03594697923126392,0.9817763810945789,-0.001475089020911633,-0.003140944411198398,0.00522175668993514
-0.026812380220315346,-0.15613222732946114,-0.5444330416002825,0.0154288513899125,0.029500472401218846,-0.11220968632983457,-0.014607100227175773,0.027883818025635523,0.9959141172544882,-0.0020195220625119155,-0.0031677567914187134,0.005065624462605679
0.0325247980493869,-0.25042980000141696,-0.26751391424752125,-0.10079415116113329,0.02816855721223142,-0.07087156921723071,-0.011304072428902827,0.03834389015939957,0.9910362701074793,-0.002287035976759437,-0.003135231993369326,0.004815194662604262
0.1245066918092488,-0.3365090195473228,-0.18634701770349865,-0.03334632829428191,0.08300556375025488,-0.06608613133877171,-0.011914283932738627,0.03471201295275636,0.9965218594579986,-0.0024733829944629357,-0.0030107253015600774,0.00447868564305694
0.19621546703650292,-0.23730970864005407,-0.41485852280041674,-0.033513007560909365,0.039543017924057136,-0.062118655795038065,-0.019316748069765608,0.0415802523863475,0.9954435809823539,-0.0028882415172633525,-0.0028145098345235746,0.004241375934416885
0.07426286294012559,-0.04869621852256374,-0.2439393436952172,-0.05954765865985871,-0.009659450914115016,-0.021475881765585236,-0.017520330285919882,0.03350065032244975,0.9976734486809161,-0.0031321808609585697,-0.002740246971583449,0.004192679715894322
0.20312419991356537,-0.019359776626824858,-0.23304162642323778,-0.09611764230206435,0.1135438768797954,-0.03689504958613721,-0.018598230641282715,0.04440511942065915,0.9932446109041929,-0.003365222487381808,-0.0025371227716698835,0.004173319939267497
0.2954092341441792,0.12495678922015163,-0.19572035527143433,-0.1218751327561622,0.1288102272838912,-0.027276544422299397,-0.015482468889179146,0.03452737632545776,1.0023013151369211,-0.003560942842653242,-0.002241713537525704,0.004298276728487648
0.3773417248800213,0.1563161708193121,0.09055900894196499,-0.11941920483755626,0.10202550357391303,0.034758217878750705,-0.010709311920862342,0.0339642344152165,1.0004562599489948,-0.003470383833711277,-0.0018643718126456826,0.004454592899306961
0.3560490559603201,0.14026964541641734,0.037355947327069816,-0.15117244964664514,0.061649089712761146,-0.03515504699653548,-0.012879177260605308,0.03830695450661527,0.9935777588215972,-0.0034330278863842073,-0.0015083227566853627,0.004594862544723378
0.2517463274084979,0.07292843443629989,0.31948556272408546,-0.14627069166203113,0.049015061774516616,-0.03993359889390397,-0.010438031758875622,0.040747666422828406,0.9893944618429074,-0.0031135423236601217,-0.0012565764292768646,0.004667790979159678
0.4456267037295864,0.21352525516209034,0.2948697541289802,-0.1294675774122029,0.1330561207203368,0.06488365708422836,-0.018829250887820243,0.04843086690660345,0.9964066115663658,-0.002818672569531142,-0.0008109497255472782,0.004881316234321767
0.42436330867623234,0.28633001866643143,0.19966365524553337,-0.04087682261233447,0.06045651218970766,0.048023875251261276,-0.016108010324830148,0.03758503066877043,0.9966925198962913,-0.002619008914285608,-0.0003865864168710459,0.005167646252988199
0.46962204453318457,0.19102361563882783,0.2510958867943508,-0.05834480473619018,0.1100111907024328,0.003797064082916723,-0.0037201457053592756,0.03637646981075388,0.9861897321954443,-0.0023679130274912577,8.303562766213874e-05,0.005358669868627027
0.6017311568788128,0.3242021130110093,0.09769298085918746,-0.1214272840768634,0.144031260307381,0.05100932613613828,-0.008489936628316505,0.04215138290915185,0.9893741069050808,-0.00227022004663207,0.0006847667845409516,0.0056828719816380355
0.49610069965448617,0.1703662930542771,0.46073368445767793,-0.10374499604158632,0.1782733240517724,0.07242155570712201,-0.016426846521092445,0.034878154908434496,0.9937696656502505,-0.001809486362174392,0.0011808674841954376,0.005853238274692313
0.3464854189164545,0.4142580737396712,0.37357550160933306,-0.051214958309960645,0.035886495412206516,0.12361948965389478,-0.01994608980765609,0.0386000587460978,0.9927332635486487,-0.001435910860565059,0.0015273529031118924,0.006267496348431984
0.3624363662681868,0.5161598683806716,0.210160608694977,-0.030851426157789606,0.03602209453899461,0.07665057379985876,-0.01761986047974097,0.03598163169903861,0.9942920219504151,-0.0012257502518700821,0.0018897892693800792,0.006783656216812656
0.22114065875993624,0.3681692357232816,0.2633547650264861,-0.0062401970840553905,-0.014693190391599897,0.1222437754809705,-0.013552032638941372,0.030749335677449356,0.9964191959608989,-0.0009623954868435959,0.002110929928140015,0.007151825452535937
0.4004263081190479,0.15301366102437514,0.0906911642021397,-0.07223108370861428,0.014738537401189971,0.09268103212378138,-0.016337174733726825,0.03464125940395679,0.9935121229618583,-0.0008717043226414564,0.0025113562362590633,0.0073048391135603135
0.3594670819623907,0.22774985518165208,0.07022104071305714,0.016358995218171246,0.0890490375897029,0.055905631292280336,-0.020409267013035592,0.039525118100069305,0.9904386497574351,-0.0008014832819283991,0.002870823318221454,0.007532588968741965
0.24285165456524507,0.23670274992976792,0.011078059584405026,0.07075582287281425,0.07718027295714029,0.04707073451685653,-0.017202858727293668,0.034724946031030636,0.9994640939341409,-0.0007904052223439942,0.0031136749727866987,0.007769291718671733
0.24290633839834144,0.12856308756634938,0.013865965284725959,0.018289618488830456,-0.01386420764134565,0.03618514560332154,-0.013108774119536268,0.03709323131828678,1.0061622414268077,-0.0007765392570592682,0.0033565813111850404,0.007897854806238083
0.33447511428137267,0.188351190222425,-0.10815140873870811,0.06700359625817541,0.08156010406619013,0.01940546436283129,-0.01749403675521384,0.036501011997547614,0.9915068730572056,-0.0008846906657979763,0.0036910564254664133,0.008086205996460507
0.16149908021794618,0.3032603711989399,-0.256054067100606,0.08458078339050197,0.041055947052816996,-0.03657079198676481,-0.022296926694663127,0.03199157480311417,0.9902765151694445,-0.0011407447328985823,0.003852555505684359,0.008389466367659448
0.23944253753683953,0.23741937419006595,-0.3040799969491177,0.1019536260455541,0.057207751087866826,-0.03125146365249399,-0.019054660110159542,0.03717476396134214,0.9910450569840883,-0.0014448247298477,0.004091998043221199,0.008626885741849513
0.03289967224172432,0.0240854791214576,-0.4722266664870338,0.015349146849225656,0.04383884883097516,-0.011639190704080643,-0.017434249782265498,0.03306948832863302,0.9871995665504341,-0.0019170513963347336,0.004124897715462923,0.008650971220970971
0.008004719187397247,0.008436675974933918,-0.5058859741503697,0.07834064651088095,-0.011616207390387866,0.005400475635955955,-0.013511814003058311,0.03495592477265544,0.9937038995453535,-0.002422937370485104,0.00413290243465032,0.008659407896945906
-0.09740316940967694,-0.09338462947251672,-0.608548708152327,0.10275396419183411,-0.07258744346329124,-0.09124279742819512,-0.008259020746933587,0.03649407639789805,0.9829190069446843,-0.0030314860786374307,0.0040354992652406425,0.008566023267473388
-0.05031633309257411,-0.08112206518972057,-0.6018931939801336,0.117258315188563,-0.09386276988664059,0.03458830259232925,-0.013933502888920715,0.029264327251382605,0.9959388341019721,-0.0036333792726175648,0.003985182932148069,0.008484901202283669
-0.10362446189438507,-0.08999605643813684,-0.49650511687484555,0.10512138917492218,0.009209049642369498,-0.09700210054694364,-0.013241685196260728,0.03432332018106198,0.9995329798888938,-0.00412988438949241,0.0038815584702536834,0.008394905145845531
-0.3387476793035281,-0.1789524625388523,-0.5132618567916233,0.014695115497592502,-0.11025692120138698,-0.052591047945298376,-0.008468836329630646,0.033219862886748705,0.9898155048200966,-0.004643146246284033,0.003542810790950155,0.008215952683306679
-0.04595657284129659,-0.2202398981358093,-0.60267981884494,0.07709173238087363,-0.08554879850056288,-0.10228428408893359,-0.005998097643034031,0.03599051585810451,0.9956584526063981,-0.005245826065128974,0.003496854218108859,0.00799571278517087
-0.06111618336543151,-0.055616271607541165,-0.5607397579576234,0.07403335607218474,-0.05921044928570198,-0.12896753317460918,-0.021627953930980867,0.04217024385784706,0.9946801209432672,-0.005806565823086598,0.0034357380347434276,0.007940096513563328
-0.2395130802126903,-0.19749757371699164,-0.35944037436209414,0.02210469749597221,-0.12025904346147867,-0.1531589015419507,-0.013564132512978529,0.029539223762071652,0.9885120138646819,-0.006166006197448692,0.0031962249545307376,0.007742598939846336
-0.3297771193587173,-0.16657335922692118,-0.3585751170981651,-0.0588335175908414,-0.0626144087334132,-0.15621375755222813,-0.016293103190382352,0.0366407790840887,0.9845498526113741,-0.006524581314546857,0.00286644783517202,0.0075760255806194155
-0.36943035139219504,-0.2032945353874802,-0.24340677559164758,-0.06164983032070663,-0.06378708515726356,-0.19264636990034162,-0.013330570173543147,0.03613565960633176,0.9984669001875353,-0.006767988090138503,0.0024970174837798246,0.007372731045231936
-0.14893710645508756,-0.127740022985867,-0.1461193959431336,-0.028822775684915494,-0.05693362916080785,-0.13944737784741437,-0.005541412769392981,0.031080861345100793,0.991172428054644,-0.006914107486081638,0.002348080377324737,0.007244991022246069
-0.3364469482292424,-0.06670556047754225,-0.13960497934767258,-0.04322460625048064,-0.031034136374045024,-0.12089743629757439,-0.018075557392956944,0.03183072331208796,0.9919780401858292,-0.00705371246542931,0.0020116334290954953,0.007178285461768526
-0.47678306902140716,-0.2831147881698741,0.057213536158176176,-0.040546303416754526,-0.05451120594380027,-0.07821292267092426,-0.018339782841126827,0.038972232347649446,1.0035475025498284,-0.0069964989292711334,0.0015348503600740877,0.0068951706735986525
-0.3736737864432551,-0.1900466486430865,0.11459169139562626,-0.083283240826236,0.02776312932504243,-0.11268275149356947,-0.020206225685855565,0.03445858804756378,1.0003455041700742,-0.006881907237875508,0.0011611765736308326,0.006705124024955567
-0.09717140788952772,-0.03282959094605014,0.2860612785200183,-0.12781763164629042,-0.05973232358018149,-0.015502726081345996,-0.018505574998735518,0.03685875829896394,0.9894719333553028,-0.00659584595935549,0.001064005165741305,0.006672294434009517
-0.22713175505120467,0.023019193901510845,0.4292916885979479,-0.133596831540295,-0.0962557145571867,-0.04308216511066452,-0.028416794392083763,0.04017915553116745,0.9980708514011487,-0.0061665542707575426,0.0008368734106901003,0.0066953136279110275
-0.093653734941656,0.17890967002701946,0.3886516592091628,-0.1121308239333002,-0.028844505293227428,0.03411856517470303,-0.01742630746254288,0.04121357721227085,0.9970782809685517,-0.005777902611548379,0.0007432196757484444,0.006874223297938047
-0.07745478661158307,0.061847613987408366,0.5792089710159629,-0.21162897350446244,0.014783126199525393,0.07379660456162898,-0.018693373809626854,0.037126734080368484,0.9913240996807448,-0.005198693640532416,0.0006657648891368614,0.006936070911925456
-0.18960319252809135,0.1688035535236526,0.5505136520674195,-0.13135318210529015,0.08131815368797826,0.03422079652632064,-0.015257001189110489,0.03252556400777938,0.9927192593696371,-0.004648179988464997,0.0004761616966087699,0.007104874465449107
-0.11730857235133571,-0.03884229937092984,0.5350844147119832,-0.09548776371174986,0.03761404001745116,0.06718703552282945,-0.01795278459591217,0.030541989579569585,0.984732178496615,-0.004113095573753014,0.0003588531242574342,0.007066032166078178
-0.13692450569209433,-0.09963299192411468,0.5273232451664998,-0.16663411756291208,-0.04772401105251237,0.03740080393670887,-0.021466664888397595,0.039333615952327754,0.991156429141682,-0.003585772328586514,0.0002219286185653399,0.006966399174154063
-0.053193234325353375,0.1638599839116554,0.5721160951257006,-0.1526775851533741,0.019964364777938216,0.09039392029788595,-0.01992284951342694,0.04099397984700544,0.9954537864495437,-0.0030136562334608136,0.00016873538423998652,0.007130259158065719
-0.013242808998218936,0.204071536214334,0.505552266240549,-0.08654678738529728,0.012379988592997637,0.09804558749465543,-0.013295613749957177,0.03454433570000459,0.9969736248446966,-0.0025081039672202646,0.00015549257524176757,0.007334330694280054
0.14994890962351998,0.07640303751717241,0.32149964098305484,-0.14275187046138638,0.026825817500367624,0.0912492943821101,-0.004709965852868836,0.03637930319922512,0.9829714047198385,-0.00218660432623721,0.00030544148486528756,0.007410733731797226
0.15331304894592107,0.07424569567579416,0.35276324353718536,-0.11229769804746542,0.03646733458459823,0.17066933912043622,-0.01841530400916793,0.027840310168104867,0.9875962965871705,-0.0018338410827000242,0.00045875453381120863,0.00748497942747302
0.16586328649038728,0.0885211309115849,0.30582103341595146,-0.07465635631201714,0.04067790643500427,0.17049209067508297,-0.01622005689636583,0.02661180225853845,0.9990628705032273,-0.0015280200492840729,0.000624617820301596,0.007573500558384604
0.19253011086800953,0.016889999616642754,0.2716574760180008,-0.11415983490133237,0.028624203841065562,0.17382594649414074,-0.024830585636450006,0.03689306524241886,0.9977705217304583,-0.001256362573266072,0.0008171479311696056,0.007590390558001247
0.16087086289867042,0.14286540887116578,0.21158181083224745,-0.03392351577159585,0.02481403560242571,0.1719677097247465,-0.02274914088872563,0.035619344998733336,1.0007644649250087,-0.0010447807624338246,0.000978018794068276,0.007733255966872413
0.11146748270868687,0.24084068728596147,0.12519911539451567,-0.046780220566648704,0.07394723669669177,0.04063483157103442,-0.015292862118022511,0.032798339125423695,0.9944217915402125,-0.0009195816470393089,0.0010894862767769626,0.007974096654158375
0.24710451278923715,0.07450421943024736,0.08043500179702609,0.027770283110934386,0.005492190152839854,0.10141956645267795,-0.016826256627005473,0.030822905361161907,0.9985192381326923,-0.0008391466452422829,0.0013365907895661999,0.008048600873588621
0.10400094684224567,0.14469013242393416,-0.1472137302723572,-0.021618866016919203,0.14745895849453736,0.057279161320482164,-0.024966056452197977,0.03708903128240538,0.9919093154554566,-0.00098636037551464,0.0014405917364084453,0.008193291006012555
0.0620805315650822,0.19159161755439508,-0.14104374370100084,0.04499171030377389,0.04366434132611901,0.06056767719654423,-0.02118354949730743,0.0329149561284283,1.0052865610993817,-0.0011274041192156409,0.0015026722679735275,0.00838488262356695
0.33484109891952585,0.07450378956099891,-0.3966465354485931,0.10128152697191252,-0.03419253280430718,0.01528318587943527,-0.020102003853912916,0.030224269312845286,0.9937908837852278,-0.001524050654664234,0.001837513366893053,0.008459386413127951
0.3027035023385117,-0.04498539131672603,-0.3688578653565787,0.12549323187878364,0.04073767152930909,0.011836507377208703,-0.022825744458067638,0.027714295776838857,0.9981941776877782,-0.0018929085200208127,0.002140216869231565,0.008414401021811225
0.3179727665369908,-0.023033716324190427,-0.24073837966137218,0.046783260190177846,0.02969055346365534,0.06467246049549162,-0.02215470367642638,0.036478616318822224,0.9947824501409128,-0.0021336468996821845,0.0024581896357685562,0.008391367305487034
0.0825382085266684,-0.11644737619728673,-0.2941903348220193,0.11672189309799946,-0.03452210215559358,0.035449600566332444,-0.010489941238975044,0.027656221564729112,0.9955881766907055,-0.002427837234504204,0.0025407278442952244,0.008274919929289746
0.1589305966061879,0.03145375988906249,-0.5004328829382003,0.0828055694682178,-0.02059868418782373,0.036108871204108405,-0.01747362332702079,0.03460287889658118,0.9939545662810306,-0.0029282701174424045,0.0026996584409014123,0.008306373689178808
0.20626674494842226,-0.2149459682062729,-0.2611690504147675,0.11470336136576997,-0.02099221100969901,0.0006108787974683175,-0.018339349089784924,0.027748199216053385,0.9997322427221133,-0.0031894391678571722,0.002905925185849835,0.008091427720972537
0.1379543070461858,-0.28527863714998886,-0.03053539882073647,0.14393059120568524,-0.08656565236548525,-0.007683445681958745,-0.011595413132202557,0.037236693185456596,0.9894828671299697,-0.0032199745666779086,0.0030438794928960206,0.007806149083822548
0.017530364495828413,-0.18514741256772083,-0.21147907156314838,0.09197639883424516,-0.019602687310894575,-0.012720269376427772,-0.017570808622672834,0.03851624400945218,0.9968900694548638,-0.003431453638241057,0.003061409857391849,0.0076210016712548265
0.2508963046781043,-0.17049501890815147,-0.30388254417619864,0.1514888844434438,-0.07709070945100432,-0.09648163483213261,-0.0253252379705934,0.03555012812069211,0.9976007378773626,-0.0037353361824172555,0.003312306162069954,0.007450506652346676
-0.009900109980747168,-0.3363437660899741,-0.12339764914394853,0.15948629587716945,-0.11214518958648538,-0.0733802762474058,-0.01888541338819665,0.030689593903157696,0.9924133145005519,-0.0038587338315612036,0.003302406052089206,0.007114162886256702
-0.07566381745687753,-0.2435204014579769,-0.09716306955625803,0.1045497478241734,-0.0957793172874098,-0.06860614663919072,-0.021391937166798457,0.0314707996176728,0.9931160896616151,-0.003955896901117462,0.0032267422346323286,0.006870642484798724
-0.11930017613413899,-0.39182551221477263,0.21782090527358738,0.11476172801083173,-0.0879702090724769,-0.07549641318555121,-0.017648171634124778,0.02494627635860191,1.0046028233932434,-0.003738075995843875,0.0031074420584981904,0.006478816972583951
-0.1041748518317236,-0.3270854860709543,0.15957115292795315,0.12091228888288748,-0.07089647498033919,0.02287063699244799,-0.020252798496880497,0.03390740537375281,1.002998666062793,-0.0035785048429159217,0.0030032672066664665,0.006151731486512997
-0.01591891457181152,-0.4556719085847794,0.33906219323863174,0.10925371280082877,-0.05178777058094877,-0.10374755688212133,-0.022279721260201328,0.027121722219933635,0.9987746569390985,-0.0032394426496772906,0.002987348292094655,0.005696059577928217
-0.1817464570772979,-0.22294101848196413,0.22656336590771717,0.06558260381813598,-0.15411690391311456,-0.04776062968538209,-0.011954656061819023,0.032294553309428216,0.9933121468567324,-0.0030128792837695734,0.002805601835017357,0.005473118559446253
-0.2991719149008333,-0.20426573312354135,0.4520440438931116,0.06228870344332435,-0.06018509242824356,-0.02467469977214754,-0.02256352628676963,0.02472181254526942,1.0014449435284196,-0.0025608352398764616,0.002506429920116524,0.005268852826322713
-0.41385510296503963,-0.24611694837639012,0.20584123514199928,0.02441465428142437,-0.03887365400937105,-0.04698695930513059,-0.018457067523276874,0.03267351574138414,0.9983614521779762,-0.0023549940047344624,0.0020925748171514843,0.005022735877946322
-0.30525195673778976,-0.14597109279199122,0.3022694306867256,-0.018724035798276542,-0.05772692597096232,-0.05289468075589703,-0.0254605538053206,0.030041118311422567,0.9909607855622886,-0.0020527245740477366,0.0017873228604136943,0.004876764785154331
-0.4280992563015251,-0.16706443488502182,0.20294129506721542,-0.017672133570749385,-0.04744378212613218,-0.013304153837205826,-0.023482244905610173,0.028128247739029253,1.000051250700672,-0.001849783278980521,0.0013592236041121693,0.004709700350269309
-0.5345248951398573,-0.03218103969779977,0.2613214475649899,-0.06359530740955528,-0.041359511220117336,0.12940014019929005,-0.019820741863784873,0.03042135816942537,0.99785708122636,-0.0015884618314155313,0.0008246987089723119,0.004677519310571508
-0.3127628753987748,-0.1549290606282864,0.47561966129456135,-0.11527164795302663,-0.045308490520175895,-0.004950107672699761,-0.01501989082804274,0.030995367287839613,1.0037360803779705,-0.00111284217012097,0.0005119358335735372,0.0045225902499432214
-0.2563584871400964,-0.13844263953234165,0.3260523490941799,-0.08755792647273007,-0.043734190362778196,0.020774336264035,-0.026830350247760502,0.03125398697058105,0.999488279956876,-0.00078678982102679,0.00025557734643344074,0.00438414761041088
-0.25031904300944136,0.29691030754805126,0.3446190522297905,-0.12448826518175515,0.00865764793938914,0.03619996231312382,-0.027459019021747556,0.024687668693340162,0.9958037385873242,-0.0004421707687969995,5.258303423999355e-06,0.004681057917958933
-0.3639309029285574,0.03693370679594232,0.22762055617795804,-0.06434000607235087,-0.1091730321344278,0.06034118665709709,-0.01726154014574043,0.03970390430598933,0.9994579561312611,-0.00021455021261904142,-0.00035867259950455807,0.004717991624754874
-0.3027671997812811,-0.018261158737860814,0.1437300824287542,-0.05363681130793369,-0.025832840091390582,0.029922445066885038,-0.022641668308566665,0.027449671688894284,0.9944150542393908,-7.082013019028722e-05,-0.0006614397992858392,0.004699730466017013
-0.459326325103526,0.17706900147993948,-0.030484056661664503,-0.11537030513348843,0.037158910934096005,0.059356599794583666,-0.02479553171080451,0.04179126350245595,0.9903975706653317,-0.00010130418685195174,-0.0011207661243893654,0.004876799467496953
-0.34235040445237575,0.1945060818546278,-0.056155594132758974,-0.06507588730349227,0.10268154111078845,0.08129418372626938,-0.025980226426007554,0.02153655527156078,0.9951165970649588,-0.0001574597809847107,-0.001463116528841741,0.00507130554935158
-0.30726512119460425,0.26525502514317656,-0.22683226523714775,-0.06214553349994645,0.08947128766327027,0.06542817133260387,-0.027369322813402402,0.02296057262682484,0.9934214923367932,-0.0003842920462218584,-0.0017703816500363454,0.005336560574494756
-0.439872723104363,0.23900574621371087,-0.23962496857175342,-0.06906998495032987,0.08694087370938186,0.09477144742376327,-0.027120062550922048,0.028352003672222324,0.9958053452071531,-0.000623917014793612,-0.002210254373140708,0.005575566320708467
-0.308373924956033,0.396151131790684,-0.43164916267964076,-0.0759499213818881,0.09930799957641623,0.11710554592394891,-0.020418621798663696,0.027627420198494478,0.9993092207414643,-0.0010555661774732526,-0.0025186282980967415,0.005971717452499151
-0.2934033231254557,0.2640244335753937,-0.4224164249605888,-0.028480714233613227,0.08604307992776153,-0.007934387632157572,-0.008688031254484457,0.021388355907701585,0.9961605127656356,-0.0014779826024338416,-0.002812031621222197,0.006235741886074545
-0.22524798278057492,0.2702250090510589,-0.6258943899628031,-0.05763003092318004,0.04518330470705632,-0.007451613734604583,-0.014419802865049581,0.03493979721522047,0.9995180411873867,-0.0021038769923966446,-0.003037279604002772,0.006505966895125604
-0.08290944108169955,0.38434422379405625,-0.5389521366163941,0.012019619719948743,0.08605770558816724,-0.004096718711802299,-0.025107974595045508,0.028307771975141862,1.0008113249922808,-0.0026428291290130387,-0.0031201890450844715,0.006890311118919659
-0.22126838625941353,0.17776708730509502,-0.5590645730297058,-0.04000895069136208,0.09782618456593715,-0.001985614112416342,-0.017649755919264855,0.028158481041030563,0.9940994370121455,-0.003201893702042744,-0.0033414574313438855,0.0070680782062247545
0.02821767398344377,0.2135226986586069,-0.4858522616849343,-0.06300285812795203,0.12956817790784628,0.00118468652264196,-0.02200998230748139,0.02857943421724038,0.9957059263135082,-0.0036877459637276785,-0.0033132397573604417,0.007281600904883362
-0.058128706131502506,0.3494420320370884,-0.5225525571916071,-0.05017769684518923,0.03125739720799551,-0.1049040219643412,-0.02175607898572909,0.03441690880866714,0.9904735100759061,-0.0042102985209192855,-0.003371368463491944,0.00763104293692045
0.06143106099050058,0.1865927796180542,-0.5267381627881149,0.03766934603110429,0.1013503354497219,-0.07043662382854352,-0.026808699940444193,0.030798695825272882,0.9953216916079762,-0.0047370366837074,-0.003309937402501444,0.007817635716538504
0.170947744730563,0.2554209889450798,-0.3729608525132606,0.05784154708375977,0.0953081414944923,-0.036478890299715044,-0.01387638980641865,0.02969265500391824,1.0073920938957643,-0.0051099975362206606,-0.0031389896577708807,0.008073056705483583
0.004368939886023715,0.23915802783392276,-0.21621041766987922,0.09453111137581915,-0.02264632513935758,-0.09797372260319791,-0.021815850513442904,0.033994490289063845,1.0042907163569998,-0.005326207953890541,-0.003134620717884857,0.008312214733317507
0.07711805105341264,0.13114321671517434,-0.2621066796746147,0.025313655185378432,0.10474207656211086,-0.025427537816338254,-0.024346291572646287,0.03240649100439841,1.00750692278043,-0.005588314633565155,-0.0030575026668314444,0.008443357950032681
0.355654524869043,0.03551039723847045,-0.1674938208992493,0.08399975224046885,0.06802828463979355,-0.12092124859036534,-0.0349324462639741,0.019915452688890667,1.0050141473426364,-0.005755808454464405,-0.0027018481419624017,0.008478868347271152
0.08853290589530396,0.1545525801979677,-0.06201956511638733,0.06319046480499821,0.09548275729963396,-0.1065124902961163,-0.022638689534676106,0.035114732719271055,0.9929731087505614,-0.005817828019580792,-0.002613315236067098,0.008633420927469118
0.44578982429762526,-0.11830480772531261,0.0533718794625669,0.09588995875592402,0.034943981929329716,-0.1734604854299141,-0.01800077656481754,0.029402313841352255,1.0045581985062795,-0.005764456140118225,-0.0021675254117694723,0.008515116119743807
0.4433052929380031,-0.11211057821347573,0.08742863535951578,0.0017896783302456271,0.06588614196839689,-0.07743003936373845,-0.02410410706604642,0.029762092184219678,1.0038283864108553,-0.005677027504758708,-0.0017242201188314692,0.008403005541530329
0.3297321091103773,-0.014724805053864094,0.30401073463889966,0.04471526556621895,0.0016561948472505411,-0.045326015982927424,-0.01626032529661264,0.027498383820624677,1.0035512336893222,-0.0053730167701198095,-0.0013944880097210921,0.008388280736476465
0.3007898348808965,-0.0418628871013033,0.5180155573488663,0.08767826791345489,-0.013099701393588199,-0.12782376559981856,-0.019582303631870555,0.03181302249660224,0.9996623805483416,-0.004855001212770942,-0.0010936981748401956,0.00834641784937516
0.4184204254129538,0.04596052112670396,0.47798124118055674,0.017464498511979745,0.012610609718855744,-0.06230691118651558,-0.00598961833650519,0.01984445402499066,1.006397344761284,-0.004377019971590385,-0.0006752777494272418,0.008392378370501864
0.29841516475845176,-0.11711788102265278,0.6088731059016445,0.029584097186489924,0.026711096204337266,-0.013796327178736198,-0.013154154640140272,0.0324289674055145,1.0075689712068572,-0.0037681468656887403,-0.00037686258466879,0.008275260489479212
0.4096256102268394,-0.17018565327278812,0.5467145538411555,0.09870098518947727,0.028330814134920973,-0.05301711029428192,-0.022224246943620275,0.030080156509857257,0.9994819266439849,-0.0032214323118475853,3.276302555804944e-05,0.008105074836206424
0.4725480712319995,-0.3074898989992146,0.5024888241993261,-0.0017789548820816067,-0.014980611095753382,-0.0230711543838309,-0.01456663649427251,0.028860316397082572,0.9982320032663439,-0.002718943487648259,0.000505311096790049,0.007797584937207208
0.5060947693457964,-0.27264662152171854,0.5323814419417983,0.028251852565758934,0.030299371161605977,0.03477834782863846,-0.034448778272459804,0.030455523782040986,0.9949475549220932,-0.0021865620457064607,0.0010114058661358455,0.00752493831568549
0.3492408646135867,-0.2580734738239955,0.4044836247955018,-0.05065595907917357,-0.02272068393723719,-0.040285666195052125,-0.03163884698123244,0.03473626413560578,0.9967207998616385,-0.0017820784209109587,0.0013606467307494322,0.007266864841861494
0.4406542421862355,-0.11778009460892946,0.5176045000373339,-0.033983163964200584,0.027987854224095277,-0.02035766947471547,-0.015245337479059613,0.024623264045352162,1.0065904651986535,-0.001264473920873625,0.0018013009729356676,0.007149084747252565
0.3002037617370659,-0.048898220317732305,0.4758927004068657,-0.061376024949941016,-0.08999981203094734,0.07878280250032824,-0.019552745735726754,0.0350899189063847,0.9926363268714171,-0.0007885812204667591,0.002101504734672734,0.007100186526934832
0.45054789697808506,-0.052833406258988344,0.4808770438862865,-0.07038685694068125,-0.004288055229501918,0.06690282346646428,-0.022454341239093505,0.024465060318131313,1.009989757391838,-0.0003077041765804727,0.002552052631650819,0.007047353120675845
0.3610062606916793,-0.0982742031606394,0.41562281575810095,-0.10797676672651471,-0.05490479531041159,0.06337962379963083,-0.016696021586556104,0.02753694579060349,1.01262821404497,0.00010791863917762828,0.002913058892342498,0.006949078917515206
0.3040647823145399,-0.13224935478982486,0.1906047765984533,-0.12532494851821968,-0.005362596542467855,0.07772218309566646,-0.022294222628887937,0.024642669266274,0.9948636980435245,0.00029852341577608156,0.0032171236746570383,0.006816829562725381
0.30461521920271206,-0.12918248330356694,0.15550072096646744,-0.14646903198404432,-0.07644960616273036,0.07852448213055195,-0.025426457551033184,0.01906460900338455,1.0035155997143501,0.000454024136742549,0.00352173889385975,0.006687647079421813
0.2792456616352929,0.02646053883593196,0.11228091696516095,-0.16379809590751035,-0.08869670553618743,0.06124458966235014,-0.019775410015191897,0.024607389000405124,1.0006664650620762,0.00056630505370771,0.0038009845554950426,0.006714107618257745
0.07657339439244092,-0.06340166699206917,0.06166115246906256,-0.1222097835139806,-0.05584901056242145,0.11780672443786325,-0.011456635151061583,0.027624559061824618,1.0031677705497912,0.0006279662061767725,0.0038775579498874836,0.006650705951265676
0.07738512025139044,0.14718189860390218,-0.0633026268389116,-0.24981982212747297,-0.036410820866589484,0.19565132096693996,-0.022254277702227414,0.015262131995574304,0.9969495506224221,0.0005646635793378609,0.003954943070138874,0.006797887849869577
0.14303713609043875,-0.003715793564443348,-0.2662064589748043,-0.1884968174337646,0.015572986119729404,0.1283904290431791,-0.03171849621066516,0.01709437512409111,0.992234817371234,0.0002984571203630565,0.0040979802062293125,0.006794172056305134
-0.15012380189621155,0.2102220347531588,-0.3731374074851368,-0.18312961640238878,-0.034723072343183184,0.11243051020935933,-0.016255015043876234,0.02029668539475818,0.9976403784056572,-7.468028712208031e-05,0.003947856404333101,0.0070043940910582934
0.0005760688852293472,0.30954966585435617,-0.28512379089198975,-0.1392006050872805,-0.06298912503717237,0.1157751605272097,-0.017707913648330735,0.03205673357689648,1.0044405951165059,-0.00035980407801407006,0.00394843247321833,0.0073139437569126504
0.03043435758475342,0.08649512896362829,-0.37175751460772616,-0.15202777387301541,-0.04321400050112473,0.15360856572038942,-0.018288801851918154,0.025466106305823407,0.9902457581089475,-0.0007315615926217962,0.003978866830803084,0.007400438885876277
0.03656607480333038,0.30925934648191195,-0.38715169507647795,-0.09816444265089773,-0.04429434605299773,0.13786285097350895,-0.01960620878141938,0.024546353551541188,1.000872704778066,-0.0011187132876982742,0.004015432905606415,0.007709698232358189
-0.12509579737915646,0.4315376081703225,-0.3503103121865614,-0.12059548548892801,0.005367263390382964,0.04270248071858679,-0.020446026171011836,0.024722638457885224,0.9921339594238902,-0.0014690235998848357,0.0038903371082272577,0.00814123584052851
-0.13616655049602544,0.2669417006265217,-0.2774700748553269,-0.10340133232048829,0.0477906676829495,0.06824976954872454,-0.015093781077392773,0.01785116392473558,1.0029334628327957,-0.0017464936747401624,0.0037541705577312325,0.008408177541155032
-0.2637108896039967,0.16071498599002343,-0.3775936173931942,-0.1264860450165431,0.02178536300794055,0.050815178403359154,-0.015046359686549687,0.02707292571340405,1.0061186229951364,-0.002124087292133357,0.0034904596681272354,0.008568892527145057
-0.1525626255643554,0.18458224994864414,-0.19521459700687793,-0.03950608570861844,0.1042364267960215,0.06151994836452716,-0.012852599237965986,0.02473020374905157,0.9943424764126305,-0.0023193018891402347,0.0033378970425628806,0.0087534747770937
-0.21381783463583956,0.05731288111629547,-0.030140321940612835,-0.02364904666208309,0.01859213399467833,0.02007847836704045,-0.010668942201995036,0.017303290905857964,0.999664747441051,-0.0023494422110808474,0.0031240792079270407,0.008810787658209997
-0.2768276576004622,0.018772932166555054,-0.021152771485369967,-0.013698840594742547,0.05554798461374096,0.06049868965403441,-0.01313498792375175,0.024693898770906705,1.00131549695331,-0.002370594982566218,0.0028472515503265784,0.008829560590376552
-0.3464793973935067,0.06584593134546701,0.04638425175965692,0.022363201663572807,0.10907210693859132,-0.10499972554140853,-0.021793120671936703,0.020720172809639264,1.007380998861825,-0.002324210730806561,0.002500772152933072,0.00889540652172202
-0.29662960982812553,0.013640719066088935,0.0302933565312193,0.012773851583079815,0.028312757419918403,-0.0500446962919719,-0.031587321936075094,0.02524792855460273,0.9999194202241024,-0.0022939173742753415,0.0022041425431049465,0.00890904724078811
-0.2011139300784509,-0.01082500783592271,0.1771228312023565,0.050266876081427665,0.05286155379728211,-0.05605041244399898,-0.02346628380672596,0.024671803318115335,1.003956246491461,-0.002116794543072985,0.0020030286130264955,0.008898222232952186
-0.21970725755407866,-0.07657974098188482,0.2705465355770031,0.09635440475970997,0.08602510253365475,-0.052420154126960085,-0.022988328088224253,0.027847542224961816,0.9983825879567123,-0.0018462480074959817,0.0017833213554724167,0.0088216424919703
-0.20084711516840634,-0.11109380860278739,0.4633086191815842,0.13402350567125873,0.06828093661994214,-0.08336473162668433,-0.016489622887151563,0.02226681161193852,0.988542872645985,-0.0013829393883143977,0.0015824742403040106,0.008710548683367516
-0.23304905705067333,-0.00019272103957569675,0.256789200273279,0.09487055894535824,0.07886453157808582,-0.050537839816832096,-0.021368432975822787,0.016939066020225598,0.992799976635392,-0.0011261501880411185,0.0013494251832533372,0.00871035596232794
-0.20884153118994947,-0.18715917950489602,0.37067722965205724,0.12238739564277307,0.10102320142698358,-0.10955369115550473,-0.016587123901359316,0.025254337931315134,1.005859233775918,-0.0007554729583890612,0.0011405836520633878,0.008523196782823044
-0.08316250010714075,-0.17760114938154375,0.43590441027172655,0.20263555866271063,0.034002229293642355,-0.03988460357953446,-0.016571296759046027,0.03310642848445164,1.0016166315146646,-0.0003195685481173346,0.001057421151956247,0.0083455956334415
-0.2261542154605731,-0.18154148680189705,0.1982672318868959,0.13587812205436534,0.05048243057397245,-0.06131237775284842,-0.02085254813023343,0.02530720759253836,1.0090138518446283,-0.0001213013162304387,0.0008312669364956738,0.008164054146639602
-0.020198628491059422,-0.19175258188846664,0.4593675900210347,0.16659041695480079,0.027272656041099835,-0.06652056033519994,-0.018504364386066785,0.02361119754201101,0.9928730652126413,0.0003380662737905961,0.0008110683080046143,0.007972301564751136
0.10007721823611529,-0.4256783434121332,0.12419134109850774,0.11981795075782523,0.03882152544694312,-0.0008372815002257537,-0.0264533837134212,0.009719679830562447,1.0031673552697793,0.0004622576148891038,0.0009111455262407295,0.007546623221339002
0.11117785268563557,-0.31582114209276174,0.13459827938594177,0.09110831114178596,-0.010609283541242484,-0.09487729086275361,-0.025862090876879292,0.019218457661973692,0.9994552282818628,0.0005968558942750455,0.0010223233789263652,0.00723080207924624
0.01563515178154408,-0.1796893272370192,0.15267057962361963,0.1089271249257324,0.05200223669947841,0.0005011554628304733,-0.02486134839539066,0.02335043941456584,0.988072293792416,0.0007495264738986651,0.0010379585307079091,0.007051112752009221
0.18257244000974535,-0.3114255385331182,0.04767868688044723,0.12793057374263728,0.030554880099533333,-0.05002450179204365,-0.016717164308948967,0.02734960219315346,1.0105598338120447,0.0007972051607791124,0.0012205309707176545,0.006739687213476103
0.10158974549700078,-0.20799500999568232,0.21391933907539573,0.14856993749301,-0.07578076256618468,0.030040813702565276,-0.028351055891580046,0.0213124219400572,0.9982515758281377,0.0010111244998545082,0.0013221207162146553,0.00653169220348042
0.27041453882608535,-0.3458620443369823,-0.2592483512818446,0.06601951194989408,-0.0020264406974538993,0.046001100370852165,-0.021159172371336955,0.025168071243446256,0.9920418259688439,0.0007518761485726636,0.0015925352550407404,0.006185830159143438
0.23860070422961974,-0.3425372153747661,-0.0074376164234694064,0.06907974459766313,-0.041329763839486125,0.015464382794306819,-0.024203104013519862,0.017242189632748317,0.9998981751938237,0.0007444385321491941,0.0018311359592703602,0.0058432929437686725
0.4066155774897201,-0.26677460541244236,-0.2177051989995685,0.05888335272289244,0.03739845974058343,-0.0041036695129765075,-0.02572792901006068,0.014204748295768434,1.0013902557271146,0.0005267333331496255,0.00223775153676008,0.00557651833835623
0.1184583178076846,-0.10403417713708782,-0.284303923949856,-0.018685035520969992,-0.007969364479661796,0.006280130924266719,-0.01802264876005288,0.0219220314410637,0.9995200777564526,0.00024242940919976962,0.0023562098545677652,0.005472484161219142
0.22970624135156886,-0.18815882475295798,-0.2709192597953136,-0.049095732680378715,-0.09144843064707248,0.08392557049648262,-0.018293505038227745,0.013388326262299218,1.0063535616429689,-2.8489850595544044e-05,0.002585916095919334,0.005284325336466184
0.1579964885303284,-0.04017982383242494,-0.6444969118177786,0.0045730114038761965,-0.02637858439626201,0.012803036263957337,-0.022910816604560673,0.01933813090945057,0.9963610985828454,-0.0006729867624133226,0.002743912584449662,0.00524414551263376
0.1964755811984616,-0.18429374226238715,-0.4667564369156585,-0.012148909449409549,-0.09567779670881789,0.048402771525113915,-0.023959723205382064,0.01553115606127907,1.0008292369230518,-0.0011397431993289812,0.002940388165648124,0.005059851770371372
0.3877606366355386,0.0013426398589071048,-0.49044871206172047,-0.10926846242574091,-0.07234017893001973,0.046104610948289715,-0.018383068859778223,0.019654378402366467,0.9912613928908007,-0.0016301919113907014,0.003328148802283662,0.00506119441023028
0.318151378734729,0.06553217785421964,-0.5146676897960056,-0.011729595027445586,-0.047514445510961165,0.05916475041002207,-0.025500831177704363,0.01406389754314788,1.0004291819559656,-0.002144859601186707,0.0036463001810183916,0.005126726588084499
0.2821440081773133,-0.048540242937850336,-0.3608576244769309,-0.16314387416575488,-0.1159293831697071,0.07542573678344541,-0.02032546819692801,0.02196995877044263,0.9960224261592246,-0.002505717225663638,0.003928444189195705,0.005078186345146649
0.09539176897636052,0.12168436079441369,-0.5291718922124753,-0.05904672721826128,-0.048571075386768685,0.11510602950387701,-0.021247123497308017,0.015906389731074264,0.9937853676117516,-0.003034889117876113,0.004023835958172065,0.005199870705941063
0.10110265763814079,0.02790940390737845,-0.4716326065124125,-0.09231765599572084,0.0034520847875227825,-0.014663904651157295,-0.023458068289462435,0.013751098553725485,0.997176906007141,-0.0035065217243885256,0.004124938615810206,0.0052277801098484416
0.18485927514985284,0.13488373981910065,-0.3499491227760701,-0.16398252858754891,-0.09095508226416535,0.029785595672104287,-0.0180193406650531,0.016834296304053007,0.9922495173307171,-0.0038564708471645957,0.004309797890960059,0.005362663849667542
0.03856355422525613,0.3093790697449106,-0.16287259468934928,-0.02046965030046003,-0.06240858136664086,0.09790655563255572,-0.021214364337372244,0.011325658137733832,0.9934766537237611,-0.004019343441853945,0.004348361445185314,0.005672042919412454
0.150397820639186,0.08850115890073607,-0.2831387857439306,-0.13331183159918117,-0.04025591608980433,-0.03278726709421021,-0.023571374425073306,0.01836864227654017,0.9904561640040227,-0.004302482227597875,0.0044987592658245,0.0057605440783131895
0.08519386750702779,0.17534835268874224,-0.21445924982065495,-0.13588415448030472,-0.04104951001827591,-0.008574386622453077,-0.02001648828301248,0.020529226023962108,1.000673963865003,-0.00451694147741853,0.004583953133331527,0.005935892431001931
-0.06891163228150918,0.22105475944120004,-0.14871827548810046,-0.06196335345226091,-0.07701361074970943,-0.0563473156873946,-0.022863566329984028,0.016690467361123444,1.0042969182614176,-0.00466565975290663,0.004515041501050018,0.006156947190443132
-0.16890851714533783,0.5058066924915618,0.10988746335351579,-0.029248955178329563,-0.03556457588464379,-0.015272990749887598,-0.02080686108376641,0.020514441799232237,0.9976724957920533,-0.004555772289553115,0.004346132983904681,0.006662753882934693
-0.12788886874567298,0.3579908824844958,0.19026480582891625,-0.08521845755371985,-0.08632918561887326,-0.09818209546634434,-0.023157515903403272,0.01369390267493015,0.9868968534742176,-0.004365507483724198,0.004218244115159007,0.007020744765419189
-0.2271352895704464,0.36269718594061445,0.4418254474549339,-0.042249396163019946,0.008280923996079652,-0.05283617308176262,-0.01909616123074188,0.010054484616413142,1.0038494192758476,-0.003923682036269263,0.003991108825588561,0.0073834419513598044
-0.15743311714010294,0.41405405610570223,0.393667970771566,-0.03986964304377819,0.035869522739046235,-0.10928415553052831,-0.02559218557194954,0.022733256830930925,1.0103138548921524,-0.0035300140654976977,0.003833675708448458,0.007797496007465506
-0.28632673718858803,0.33495458349981444,0.4714428818523904,0.012413060145531403,0.048850584609649875,-0.12478022941086848,-0.02672035844555727,0.011948835769644282,1.003646384489504,-0.0030585711836453072,0.0035473489712598695,0.00813245059096532
-0.3850978431559435,0.30129805810266513,0.5778391939438456,-0.007211859278686521,0.03175595902590259,-0.12486268286616091,-0.02598723347464181,0.008564827979744448,0.9956239803251044,-0.0024807319897014618,0.0031622511281039264,0.008433748649067985
-0.2443763586528322,0.2348495285725799,0.5401047424590345,-0.027649469707683554,0.08422403090439988,-0.10790868669292909,-0.019494404565871207,0.02244342900674892,0.9933435266148561,-0.0019406272472424274,0.002917874769451094,0.008668598177640565
-0.42665633439561795,0.2367721381312533,0.5359720328266881,0.028842475312382623,0.05505412830402722,-0.09490955968825808,-0.01811057355248277,0.024108340871094237,1.0014536425960652,-0.001404655214415739,0.002491218435055476,0.00890537031577182
-0.36109727162476557,0.1640528639044216,0.5968257364837004,0.06347631358219089,0.07179002030022004,-0.12427682333661862,-0.024632636407571587,0.012201790595559214,0.9960672510973089,-0.0008078294779320386,0.002130121163430711,0.009069423179676241
-0.5340541641952599,0.1386871344753716,0.7042739172173524,0.11005559929953292,0.07521532634582442,-0.12224703376322592,-0.02057245369649953,0.019957228761913935,1.0017997138568449,-0.00010355556071468609,0.0015960669992354508,0.009208110314151613
-0.6074780909293465,0.15414656644960353,0.21777058166312674,0.127850290923739,0.13663408937107596,-0.08672492678983158,-0.010403237845192521,0.01226005162239822,0.9975876260382847,0.00011421502094844066,0.0009885889083061045,0.009362256880601215
-0.488480488895361,0.006293100035629724,0.618374900991613,0.02052686919383223,0.07295148038572943,-0.0684485320468956,-0.022355261340515534,0.012770348230760032,0.9949880125869234,0.0007325899219400536,0.0005001084194107434,0.009368549980636845
-0.4343560125316742,-0.010544129211876786,0.3805451343483788,0.0810468299946452,0.09954512728009625,0.04939392367778939,-0.011327201557631639,0.020876069852946842,0.9992814094359785,0.0011131350562884324,6.575240687906914e-05,0.009358005851424968
-0.3417438293499031,-0.00903513753965636,0.27714563417473553,0.07527255711389015,0.14125708454544653,-0.02754612409951486,-0.012495827303820713,0.018332550659649484,0.9943530012963537,0.001390280690463168,-0.000275991422470834,0.009348970713885312
-0.5004601417066923,-0.06935903136835866,0.08211543955416385,0.07941181748467062,0.10695911883536258,-0.007671632548097261,-0.022600793537147907,0.02245014842001552,1.003236717734071,0.001472396130017332,-0.0007764515641775264,0.009279611682516953
-0.37689882177469214,0.051202177071592886,0.08191611612492834,0.0005540653965835831,0.06897583233806205,0.07072930323377236,-0.031779546917958285,0.01024133643632604,1.0035440137554716,0.0015543122461422604,-0.0011533503859522184,0.009330813859588545
-0.33876055944058564,-0.07936776135775214,-0.010155618494168506,0.077986589064813,0.08878697885962275,0.06595564080726657,-0.022528197480950866,0.0068167046333879825,0.9997926236656105,0.001544156627648092,-0.001492110945392804,0.009251446098230793
-0.3449461364219836,-0.15786883564957913,-0.263426735315738,0.03711785451401618,0.04860300764658297,0.07044229350552403,-0.015767603696570924,0.01576636773472752,0.9981910553099187,0.0012807298923323538,-0.0018370570818147876,0.009093577262581216
-0.08231229570857465,-0.19222474417161722,-0.15569160163439624,0.11955385574501418,0.10672644803662597,0.06874228418370476,-0.03144361756422983,0.016800974670230232,1.0010665947786663,0.0011250382906979575,-0.0019193693775233622,0.008901352518409598
-0.18202197141278315,-0.2593123181224305,-0.21446437430582088,0.07504987501003617,0.07002404788159851,0.13242601211258878,-0.013448038040137162,0.016865485906841768,0.9953777540290075,0.0009105739163921367,-0.0021013913489361454,0.008642040200287165
-0.1558063191905524,-0.1809632524605116,-0.13264766746209766,0.015529159864469544,0.12424971147766767,0.1160327652780023,-0.01665787820953212,0.0038175218437199888,0.9925994705211674,0.000777926248930039,-0.002257197668126698,0.008461076947826655
-0.10729571192655447,-0.2633216116649927,-0.3693599824241552,-0.013340911660949776,0.02742816678523921,0.12691362056024308,-0.015855997256484167,0.010597333137508732,1.0112852497704314,0.00040856626650588373,-0.002364493380053252,0.008197755336161664
-0.2901759615454155,-0.3100091986756929,-0.2652703532182572,-0.015630414078659456,0.024385182552562393,0.168615111181519,-0.018254618405181805,0.006664694453806309,0.9973972556369518,0.00014329591328762653,-0.0026546693415986674,0.00788774613748597
-0.022084229293040346,-0.20120209880818166,-0.317448728876704,-0.12085629186172338,0.06842829027060475,0.14845224846278735,-0.02195982448939256,0.015713424541637308,0.9985845501272933,-0.00017415281558907748,-0.002676753570891708,0.007686544038677788
0.13171607314838985,-0.009508987414984293,-0.3984633132298957,-0.06318145957910305,0.004059310345040459,0.12825171163026056,-0.025929836767762574,0.009807693445229958,0.9970910325146898,-0.0005726161288189733,-0.002545037497743318,0.007677035051262804
0.04542497583431493,-0.023801887476485276,-0.28910890839577924,-0.1723748881488391,-0.012928491492338493,0.08767147515997804,-0.018152670925845462,0.005831950372645367,0.9975117562402729,-0.0008617250372147525,-0.0024996125219090034,0.007653233163786319
0.046614696053326125,0.006514409704940702,-0.20573519536839582,-0.12680660801991184,0.03848543851673075,0.07313967076682693,-0.015738419378416517,0.01501981154950909,0.9962938501026662,-0.0010674602325831484,-0.0024529978258556774,0.007659747573491259
0.08065124249968245,0.02888309389494373,-0.26229663567224654,-0.16837468418307777,0.013662656536116511,0.08327872626160963,-0.01987803127023896,0.010648842531725383,1.0027167933681815,-0.001329756868255395,-0.0023723465833559946,0.007688630667386204
0.24018372360425572,-0.038577062999255216,-0.16269528873245154,-0.1209470873875057,-0.05668547572318195,0.08389256908184978,-0.014841235128646713,0.018855045412994317,0.9965121303136631,-0.0014924521569878463,-0.002132162859751739,0.007650053604386949
0.17395385999903684,-0.008102362922876062,-0.08293772318523349,-0.15999526779586568,0.01601617581503316,0.03757133101060367,-0.019437403858082226,0.015135080620233186,1.0050421178237638,-0.00157538988017308,-0.001958208999752702,0.007641951241464072
0.28376243395630457,0.10493960357918929,0.1309302609650434,-0.15950333681225917,-0.04221297990025109,0.025541664552999346,-0.0200516960850253,0.012698610497294935,1.0017936842902941,-0.0014444596192080368,-0.0016744465657963976,0.007746890845043261
0.355842000557671,0.08275288826936118,0.20789088450966753,-0.07048491748317898,-0.003088206328834029,0.11170246554810924,-0.018786385283392912,0.00990674976082094,0.9953727678116308,-0.001236568734698369,-0.0013186045652387266,0.007829643733312623
0.2513482261547668,0.2780894070723706,0.1547166970545422,-0.20252161667925148,-0.05044528547900769,0.009009429777440034,-0.021569396767228334,0.012698230551653072,0.9969123855684692,-0.0010818520376438268,-0.0010672563390839596,0.008107733140384994
0.5768004555213666,0.19256167374450409,0.18311227402195657,-0.14790041748431546,-0.05025918602006393,0.03477040593113403,-0.016443231701345574,0.0033542515426070434,1.0071092994607682,-0.0008987397636218702,-0.000490455883562593,0.008300294814129498
0.3414620687255392,0.15651172268075814,0.247111740585917,-0.19642858780452344,-0.003704341046742196,-0.02700920543172656,-0.014723403646359918,0.009537884064666498,1.0014577041329982,-0.0006516280230359532,-0.00014899381483705378,0.008456806536810255
0.5157971017825747,0.17407312309194312,0.39592118214073635,-0.09955001433282214,0.011410126315227906,-0.06254337478183994,-0.015507055684136739,0.013378197213601107,1.0018279823693739,-0.00025570684089521676,0.0003668032869455209,0.0086308796599022
0.43267565934404506,0.0386046279188991,0.4190917151987756,-0.08091833073010736,-0.11218606779084894,0.02110358825577746,-0.009228377079269282,0.009808190840347598,1.0109387462438315,0.0001633848743035588,0.000799478946289566,0.008669484287821097
0.3443132740132827,0.1784930049296614,0.3697062273280621,-0.07363185099701774,-0.03600082121686695,-0.05332315115946804,-0.021575236456819687,0.008564979784365857,0.9981170481061055,0.0005330911016316208,0.001143792220302849,0.00884797729275076
0.42374563673020355,0.20821502991538032,0.22031030625998485,-0.06973769452593975,-0.10394439090657281,-0.07801801405518292,-0.014198514053059424,0.009046865617246701,1.0045274284990415,0.0007534014078916058,0.0015675378570330523,0.00905619232266614
0.3169287841167729,0.19199142352837664,0.3694527693577365,0.008328783045919734,0.0213268428413862,-0.09444724029939366,-0.01663941848802863,0.0008436697155485545,0.9999967277221207,0.0011228541772493421,0.0018844666411498253,0.009248183746194514
0.6762129023243706,0.21868420352010487,0.44722521178453445,0.003906068147306799,-0.07863636929007504,-0.036691651726333895,-0.021973786788792332,0.005520311962177365,0.9900302193183803,0.0015700793890338766,0.002560679543474196,0.009466867949714622
0.2878761868999425,0.3319965141556686,0.2165519398833363,-0.03527555869041796,-0.04953121864043372,-0.1295859007819589,-0.017336457338016788,0.009480137066625611,0.9987629384563899,0.0017866313289172126,0.0028485557303741383,0.00979886446387029
0.4498140844392481,-0.046551889240329936,0.11658587094051567,-0.023395142936891343,-0.022138073849176505,-0.01590833676521678,-0.018318129068657023,0.010176743861419802,0.9996342874360169,0.0019032171998577285,0.0032983698148133867,0.00975231257462996
0.33298155047291383,0.21214354190037313,-0.08783389929914326,0.050017123572280976,0.025709633311546364,-0.08317149484106827,-0.018951689060078773,0.012313035759924556,0.9967459000700064,0.0018153833005585852,0.0036313513652863,0.009964456116530332
0.20119485836603795,0.1695055938231469,-0.1479891838189235,0.03389323205796195,0.05603309786953483,-0.05016435248908253,-0.014583710697009072,0.007045218843189281,0.9883007179858756,0.0016673941167396616,0.0038325462236523376,0.01013396171035348
0.2959441811635017,0.1519738788183383,-0.11231844453719773,0.0941570195751086,0.011829353424638988,-0.038429132630557486,-0.00986388068377943,0.013413748185415991,1.0024688730286344,0.001555075672202464,0.00412849040481584,0.010285935589171818
0.11073496140969104,-0.047433103700333226,-0.12810811029120117,0.06982767510693558,0.00024606278123486675,0.032722350817045005,-0.020418205407324853,0.01162082283831734,0.9955806030992784,0.0014269675619112627,0.004239225366225531,0.010238502485471486
0.06032314031884223,0.04485033577409256,-0.28268264496180245,0.16183196829752203,0.04971686917619074,0.04362478689435488,-0.028181126964957705,0.008570304369017474,0.9943257382511645,0.0011442849169494603,0.0042995485065443735,0.010283352821245578
0.19208531036739335,-0.20745416239919134,-0.3120321712864133,0.1266412721537485,-0.022507245614279563,-0.10208066139031118,-0.015016362131303414,0.014144207150676335,1.0106062243494234,0.000832252745663047,0.0044916338169117675,0.010075898658846387
0.09968043641416369,-0.17924834821874086,-0.4800969268118877,0.12646251039219994,0.03607896454097332,0.03347701177752496,-0.012925225606314334,0.011057448501599213,1.0037257150699919,0.0003521558188511592,0.004591314253325931,0.009896650310627647
-0.026131065713794775,-0.3357758714362036,-0.6039310271521976,0.12716276549782518,0.09635905629604578,0.04853471751791639,-0.01904134604448967,0.01074892786044821,1.0002211571446387,-0.00025177520830103845,0.004565183187612136,0.009560874439191444
-0.24204501029283898,-0.11388173040453717,-0.5672682591903597,0.16823011653522088,0.06931682617783479,0.05913512907341655,-0.011558118415443156,0.012425358342875389,1.0092860779945414,-0.0008190434674913982,0.004323138177319298,0.009446992708786905
-0.24392684238904794,-0.08740504713088307,-0.7107171384879459,0.11627442257501767,-0.024190065468786257,0.024917436769117757,-0.029245216237946417,0.005614237500325754,0.999669972738985,-0.0015297606059793442,0.0040792113349302495,0.009359587661656022
-0.006605074098516794,-0.3313075872996669,-0.5142515667508708,0.17233903947789922,0.08709434037896983,0.07910616264755457,-0.021344191269908983,0.004370362627079135,1.0060257449337373,-0.002044012172730215,0.004072606260831733,0.009028280074356354
-0.12826065455156613,-0.3591624679148238,-0.6664117107972013,0.09711372360861757,0.057687889045169194,0.07550612733952243,-0.0062715115027408164,0.010673459501462599,1.006032247366492,-0.002710423883527416,0.003944345606280166,0.008669117606441531
-0.15568406892234588,-0.4400405982474017,-0.5867817907663265,0.0665749387715652,0.025185468471701576,0.1351528906305503,-0.020362238854078257,0.007121216077853447,0.995677191559676,-0.003297205674293743,0.00378866153735782,0.008229077008194129
-0.22674925602627777,-0.4899400921244463,-0.4032104422397135,0.14004083129901204,0.10994157548977201,0.08409175727456303,-0.010051123324234645,0.009027848358660141,0.9987262033412713,-0.0037004161165334563,0.0035619122813315427,0.0077391369160696825
-0.28442260252259544,-0.23041982139916695,-0.44491601781645174,0.12037380581030152,0.009273932360950773,0.14007947974259155,-0.017998100519925245,0.011343445938098596,0.999424046488548,-0.004145332134349908,0.0032774896788089467,0.007508717094670516
-0.1960909592728375,-0.23516782790926882,-0.3438547567879774,0.06124651261618681,0.04054581898432173,0.0698051730101603,-0.01910847406733504,0.014019423138030427,1.00426550490673,-0.004489186891137886,0.0030813987195361095,0.007273549266761247
-0.24954016704602228,-0.2547499655786692,-0.2976430299661993,0.0381858679024243,0.06341998940414435,0.06272006393124498,-0.013882500283391405,0.00843241702847029,1.0043671733286117,-0.004786829921104085,0.002831858552490087,0.007018799301182577
-0.3006551237957191,-0.2008567388377474,0.009555358595591174,0.1030209313292383,0.02965431734984715,0.061170559539427606,-0.012272529442901293,0.010459958888218965,0.9994228279289802,-0.0047772745625084935,0.002531203428694368,0.00681794256234483
-0.1650293834624551,-0.2367205348194606,-0.0010412284340183507,-0.007645232461090395,0.026914935435928333,0.05953646809528201,-0.013695806362463132,0.006006695073222095,0.9906489643638496,-0.004778315790942512,0.0023661740452319124,0.0065812220275253686
-0.2933928564887897,-0.3620778739044959,0.0658796741018168,0.015866108016945536,-0.0031647700969148936,0.03843746258798714,-0.02342884103231924,0.008470180989737725,0.9981422512157824,-0.004712436116840695,0.002072781188743123,0.006219144153620873
-0.1807072163396291,-0.07390312872317575,0.28485521127480784,-0.05418033336042172,0.04724049843235869,-0.018644781940257114,-0.016610971697113425,0.0033904380076946114,1.00006562050147,-0.0044275809055658874,0.0018920739724034939,0.006145241024897698
-0.37869352439102877,-0.14445856738728002,0.2944630265882263,-0.10089940949913807,0.0064329768043635376,-0.02857112058057521,-0.015678109512736894,0.011621153961827366,0.9961085244196982,-0.004133117878977661,0.0015133804480124652,0.006000782457510418
-0.3070900265212282,0.09038890106217853,0.5986810647872591,-0.05242755589643402,-0.0893262829171445,0.0775533391253447,-0.026153531096271943,0.00970259862749423,1.0017985941461414,-0.003534436814190402,0.001206290421491237,0.006091171358572597
-0.1836268288167609,0.07655868023375469,0.5021504194525259,-0.10504106866164163,-0.022617411806809894,-0.04461840528942729,-0.008172484945068698,0.005843349890462144,1.0010784213751256,-0.003032286394737876,0.0010226635926744762,0.006167730038806352
-0.034706818710634135,0.18427919035600718,0.6534736229744108,-0.08224247515148735,-0.10472623776124183,-0.10322535580886795,-0.015950547042022974,0.015845697373503304,0.9970807902918266,-0.0023788127717634653,0.000987956773963842,0.006352009229162359
-0.1341094390139434,0.047868480521443366,0.601843089335836,-0.03844938445431072,0.019886588647428646,-0.09426356970375914,-0.009310990239163826,0.006808315211645776,1.0029064048818273,-0.0017769696824276292,0.0008538473349498986,0.006399877709683803
-0.0966880091041833,0.20320497533733245,0.6972017610520354,-0.11650422112936351,-0.01923175676738821,-0.12940068784053557,-0.022251352997649906,0.006156185727593954,0.9941985286923759,-0.0010797679213755938,0.0007571593258457153,0.006603082685021135
-0.01894894977416031,0.1587241200643758,0.5505911738798696,-0.08871023568269812,-0.03715463858230943,-0.12393874534390216,-0.0180981097505446,-0.000402985383092103,1.000987535146371,-0.0005291767474957242,0.000738210376071555,0.006761806805085511
0.019313615301381874,0.36741227302133084,0.44314540317783097,-0.15813723265859772,-0.0470192653645892,-0.19132413716445076,-0.02208286333007502,0.004136586013429449,0.994104599269267,-8.603134431789322e-05,0.0007575239913729368,0.007129219078106841
-0.05343102610327928,0.2821419996460483,0.7021584652442234,-0.06021404327018831,-0.14982002374218928,-0.16392225706324975,-0.0047000766656157735,-0.00013581157913142468,1.0009539043148552,0.0006161271209263302,0.0007040929652696575,0.007411361077752889
0.20291397714529352,0.24149622631865034,0.36377336947889194,-0.13257299317524013,-0.07580516264310706,-0.06006363370552715,-0.02519933363363238,0.008185411986460098,1.0046360270222527,0.000979900490405222,0.0009070069424149509,0.0076528573040715395
0.14256179946072056,0.464493549098333,0.24210038699775974,-0.016538599256009038,-0.0759782705144768,-0.05094772866665597,-0.014871687697087991,0.009405869747086574,1.0056979041212595,0.0012220008774029819,0.0010495687418756714,0.008117350853169874
0.17691087112337067,0.31611835228117163,0.25353431305730884,0.0010738503524650948,-0.09534471054111095,-0.07582445567323166,-0.01092337748721257,0.0007346024211506096,0.9997249564211997,0.0014755351904602908,0.001226479612999042,0.008433469205451044
0.007402039764509122,0.30881049992616283,0.20870082993065392,-0.07438758497855542,-0.05642754462637866,-0.14679167953275735,-0.01288461451515635,0.0022669295954838124,1.0102736621723991,0.0016842360203909446,0.0012338816527635514,0.008742279705377205
0.10688755326069597,0.3653387546887676,0.14876925111126404,-0.03625910206042783,-0.07901512151967709,-0.0788673820635984,-0.021160007975437736,0.003946467723574656,0.9992503475798504,0.0018330052715022087,0.0013407692060242473,0.009107618460065975
0.19612176084505228,0.2791209081154615,0.03889685756554852,-0.02167914342607445,-0.11548137764173608,-0.052736870214879945,-0.015353958002565369,-8.580194921560622e-05,1.0003201347385404,0.0018719021290677575,0.0015368909668692994,0.009386739368181435
0.3350912470361632,0.3399427407560002,-0.09310917932196204,-0.03025014934003544,-0.04889667342434497,-0.03666995734479724,-0.00958402108149995,0.011574830589184548,1.0027490082914092,0.0017787929497457954,0.0018719822139054627,0.009726682108937434
0.3246495117648537,0.04294605509123903,-0.1536852522824,-0.009158169721180005,-0.009495339365381675,0.004385377090060946,-0.015635049716674156,0.007288507592237779,0.9974221462456534,0.0016251076974633954,0.002196631725670316,0.009769628164028673
0.20641335836554162,0.2639559796056963,-0.3229580386752321,0.020403264777198928,-0.049274724245112915,-0.10753290393810433,-0.01505988248125137,0.0022093710158387924,1.0041999752591266,0.0013021496587881632,0.002403045084035858,0.010033584143634368
0.07528512501919168,0.29808580618527264,-0.20823455665110424,0.14157491924157597,-0.04979122566110796,-0.08591106291962441,-0.015123343053726448,0.005987058172409364,0.9980379655033089,0.0010939151021370588,0.0024783302090550497,0.010331669949819641
0.07598560751589126,0.17122347669556637,-0.38374825431102405,0.09477037171993198,0.002893190124234956,-0.02629384943015447,-0.008861487006331954,0.003473028189556671,0.9988166958001615,0.0007101668478260349,0.002554315816570941,0.010502893426515206
0.3925449257559973,-0.0021361105302471622,-0.08639285168965005,0.08327007696542327,0.010218863846086616,0.10402570009356128,-0.00826844340295055,0.0029607613029309604,0.9995153568009871,0.0006237739961363847,0.002946860742326938,0.01050075731598496
0.26032939421194135,-0.0547231217089608,-0.46418277366781713,0.04737552945111521,0.013160433559729609,0.08792943443040685,-0.018768442776697487,0.0012352653968804516,0.9965442600089037,0.0001595912224685676,0.003207190136538879,0.010446034194276
0.21340578638734775,-0.06634522916324975,-0.391833190447037,0.061820997820161185,0.05842711699451994,0.12383035579588865,-0.019358570776939567,-0.003254785497404249,1.0017762723835313,-0.00023224196797846943,0.0034205959229262266,0.01037968896511275
0.06508463147366768,0.0028119432376700337,-0.29506313768873427,0.04076982830394445,0.012652023723693378,0.150422539496692,-0.01958580875025436,-0.0008519191388778836,0.9972302340199221,-0.0005273051056672037,0.003485680554399894,0.010382500908350419
0.2281041914045623,0.005208113065306677,-0.32396651711387175,0.11029965837802604,0.0405209649067551,0.15005551077621332,-0.017131619802335768,0.009221649982265892,1.0073700198696947,-0.0008512716227810755,0.003713784745804457,0.010387709021415725
0.17909459566096717,-0.10702967387010215,-0.1608853343761428,0.07582846294553511,0.03817231139117117,0.13394966951928716,-0.018911320036808822,-0.004158651755244269,0.9973064079333378,-0.0010121569571572182,0.0038928793414654246,0.010280679347545625
0.08506171005834216,-0.20642855517933922,-0.0767534998944667,0.06521095346182197,0.05483814909277807,0.09333378548617778,-0.022882368404702084,-0.003430112617343277,1.0067751212350058,-0.001088910457051685,0.003977941051523766,0.010074250792366284
0.06408242609031627,-0.23346929272978834,-0.03881879420286153,0.054136768746268854,0.06803976514256677,0.12044467232055751,-0.004456172822935714,5.552447286400809e-05,0.995572469316339,-0.0011277292512545465,0.004042023477614082,0.009840781499636497
-0.021429857432618382,-0.2210997895163412,0.20216962158823545,0.03367599829777727,0.10561044246655696,0.045808927416025304,-0.01592331124507378,-0.0022428086756372443,0.9973735962601825,-0.0009255596296663111,0.004020593620181464,0.009619681710120155
-0.06816155438297046,-0.2205188313532832,0.14833494260426466,0.012730316953948976,0.07567447582190492,0.017200050863427706,-0.016031397089355644,-0.000872192777534997,1.0034634990344755,-0.0007772246870620463,0.003952432065798493,0.009399162878766873
-0.2529458243903141,-0.19961726587059847,0.17718860418301235,-0.018820944604450978,0.0706243379579497,0.036362183034945726,-0.008892707899919076,-0.0016704757093134739,0.9936882830508792,-0.0006000360828790339,0.0036994862414081787,0.009199545612896274
-0.18694719474574695,-0.2945086707725447,0.15762115708442465,-0.014864213710320102,0.08643440955617901,0.07119369098904908,-0.00646494538864368,-0.001419316784625545,0.9976514745023227,-0.00044241492579460924,0.0035125390466624316,0.008905036942123728
-0.1154406527494916,-0.0038170507178316992,0.1450152216662379,-0.06184421811887081,0.044419066148285724,0.08401440682635689,-0.01896274542506762,-0.006522674066002061,1.0090411104054764,-0.00029739970412837134,0.00339709839391294,0.008901219891405895
-0.3496526548740899,-0.2068754803790121,0.3397239659249765,-0.08220053940024727,0.08377790504267692,0.08925868488066366,-0.016097596675779105,0.006341833098879002,0.9941420442090955,4.232426179660514e-05,0.0030474457390388503,0.008694344411026884
-0.36157542155791733,-0.15105154229609755,0.3776506693318609,-0.030503681339383023,0.011291738182604509,0.0037600659380897013,-0.01519559835106108,0.00233790503177384,0.9986707876209838,0.00041997493112846604,0.002685870317480933,0.008543292868730788
-0.34170411937840467,-0.07534079368645105,0.22083313411790967,-0.1267649803131643,0.0671558945198793,0.06850107919820363,-0.01387284787983296,0.003056162002206528,0.9918041508226871,0.0006408080652463757,0.0023441661981025283,0.008467952075044338
-0.5374616286230274,-0.0145933572333566,0.2865848129445051,-0.12999313967709597,0.02433678033766251,0.022303780214052056,-0.009055817861641497,0.0012017603176395011,1.0049479211214511,0.0009273928781908808,0.0018067045694795008,0.00845335871781098
-0.5301426886820073,-0.07885457162324543,0.2161824957556553,-0.17559852513666635,0.08937188309741494,0.03546633840705177,-0.008195554778994987,0.0036330867596025703,1.0022511723247611,0.0011435753739465363,0.0012765618807974936,0.008374504146187733
-0.5488401188561365,-0.00901964992456375,0.3863390830603982,-0.10089162744333334,0.04748036336139969,0.05517099497638732,-0.009762801795840248,-0.014298539251855914,0.991943277923057,0.0015299144570069343,0.000727721761941357,0.00836548449626317
-0.5991824490352506,0.006865983211931546,0.23856132047869227,-0.14646166683485906,-0.011221606013367264,0.010310679654412956,-0.01703309983830343,-0.0027278815555274102,0.9996459539236142,0.0017684757774856265,0.00012853931290610632,0.008372350479475101
-0.5559834026511037,0.1211888217513167,0.06068797414652819,-0.25549728253934506,0.036350272674449756,-0.07655568516959645,-0.005925790531698073,-0.002935180574348187,0.9981913959813419,0.001829163751632155,-0.00042744408974499737,0.008493539301226417
-0.4651214926956921,0.12565582608776485,0.13412816607377664,-0.17327152392587786,0.02712603531900792,-0.0017711079511684175,-0.0137195367286284,-0.0027818556957458435,0.9904363769376927,0.001963291917705932,-0.0008925655824406895,0.008619195127314181
-0.5742406735799208,0.12182124636084009,-0.20758070394922562,-0.1190894388343097,0.0035864932691378245,-0.08040164322061996,-0.023184035825094044,-0.0021241101415460915,0.9995863638526162,0.001755711213756706,-0.0014668062560206103,0.008741016373675022
-0.4133464052147453,0.1650938250579504,-0.1862279869364116,-0.23015363027379968,0.007594342527980201,-0.06911308351196258,-0.01798152300822706,-0.0019025396506222123,0.9965948884774181,0.0015694832268202943,-0.0018801526612353557,0.008906110198732971
-0.441445454081391,0.06964079896611856,-0.2577375447101156,-0.23059074001222193,0.06497212043700762,-0.08467490850722416,-0.01149989287630447,0.0022382247322374465,1.0038843873867163,0.0013117456821101787,-0.0023215981153167464,0.00897575099769909
-0.41068779063399596,0.2429801659061445,-0.3626706742294903,-0.1491700459726601,-0.00805869375750137,-0.07797958713163256,-0.011976225444365746,-0.001958313880077543,1.0038834939237877,0.0009490750078806885,-0.0027322859059507425,0.009218731163605234
-0.46075380666321175,0.18583976069837146,-0.3414767842585348,-0.1922037705201905,-0.06809671626687377,-0.009003095380937668,-0.00726644003978009,-0.009236297184187982,0.994179288606393,0.0006075982236221538,-0.0031930397126139543,0.009404570924303607
-0.407773880271878,0.23238391081845278,-0.5419502139430591,-0.09488883251956778,-0.009024300808700259,-0.08521893375654463,-0.015194997809562936,0.0043337303161760776,1.0009648282591004,6.564800967909457e-05,-0.003600813592885833,0.009636954835122058
-0.39940426983371846,0.2234965485931739,-0.606287210487233,-0.1481889547342233,-0.018233903779786214,-0.044761224631270094,-0.003005489998439987,-0.00297951601469158,1.0041228724686388,-0.0005406392008081384,-0.0040002178627195515,0.009860451383715232
-0.21400416951987045,0.07060502861015333,-0.6034574885853775,-0.0850817582504776,-0.09543835860724968,-0.026063234293948426,-0.00623442149351754,-0.012239000766480731,1.0017622849856649,-0.0011440966893935158,-0.004214222032239421,0.009931056412325385
-0.23618360243624026,0.21084629117292786,-0.416096287230896,-0.06750888012247623,-0.026627669126894654,0.003651811376454298,-0.01162228742493795,-0.0018145215830993407,1.0023668297913797,-0.0015601929766244117,-0.004450405634675661,0.010141902703498313
-0.11562068222974892,0.14831750126118085,-0.5021343660157847,-0.027650658911741524,-0.00694826602088259,0.018583586901551,-0.02189258828574186,-0.011717867084613032,1.0001976634225735,-0.0020623273426401962,-0.004566026316905411,0.010290220204759493
0.0074454625125357915,0.16109277380165074,-0.6638556108450047,0.09016239218244848,-0.05391140642765237,-0.005874006381181076,-0.016561097958315035,-0.008728359964889493,0.999375330358741,-0.002726182953485201,-0.004558580854392875,0.010451312978561144
0.11617509560985555,0.0843677437455878,-0.45814873630111436,0.020452572072556324,-0.04323424638935514,0.04760447729351721,-0.014462012923876527,-0.008150911919802488,0.9971509388633549,-0.0031843316897863156,-0.00444240575878302,0.010535680722306732
0.15243320109568737,-0.03071244256594248,-0.2516639401491441,0.009891040034796237,-0.0899889049491532,0.06387942010116611,-0.012421567044140098,-0.0022592764140619407,0.9978315453336032,-0.0034359956299354595,-0.0042899725576873325,0.01050496827974079
0.011137011698119356,0.07344401739377367,-0.14319438456723885,0.09079229117006431,-0.017336910034417563,0.07013864611819304,-0.010338145814417037,-0.006597096998550113,0.9976438798816619,-0.003579190014502699,-0.004278835545989213,0.010578412297134562
0.16905142950179808,-0.07934550029599978,-0.09259468366559906,0.09195150351138535,-0.011659434880537198,-0.005764773089035004,-0.024524387413811504,-0.0033039932452614044,1.007028910448187,-0.003671784698168297,-0.004109784116487414,0.010499066796838562
0.1980856825243023,-0.029381121915908942,-0.18718872918790347,0.07766658243559255,0.012018061705666841,0.05821053705725256,-0.007666900079091212,0.0005771992780468404,1.002365610639117,-0.0038589734273562007,-0.003911698433963113,0.010469685674922654
0.10798931855098057,-0.0861687108075727,-0.07484371986235655,0.1505312226889478,-0.04076815813128882,0.12011039783197494,-0.01609436857289462,-0.010146476077348003,0.9954113254725667,-0.003933817147218557,-0.0038037091154121323,0.01038351696411508
0.36662207044600964,-0.1778678930638587,-0.029764066581197332,0.1730431029671043,-0.09659702611813613,0.11402457779317669,-0.006497282677494022,0.008162377271920707,1.00816011790209,-0.003963581213799754,-0.0034370870449661225,0.010205649071051221
0.28733125820090477,-0.13896560332904762,0.24339710614154614,0.07376146433074653,0.053834183383187635,0.06452444718538271,-0.00636161086486355,-0.0008724770050357426,0.9989540426779387,-0.0037201841076582084,-0.003149755786765218,0.010066683467722173
0.38993350329575815,-0.13938155911114114,0.1620211659025127,0.18209944673957795,-0.0036506393522664025,0.05856265987383608,-0.019270484708725374,-0.00555943221558836,1.0069086673181313,-0.0035581629417556953,-0.00275982228346946,0.009927301908611033
0.30370080331177646,-0.25597431951773136,0.1513648034053036,0.15713278203853856,-0.0806723501554302,0.11311014198336737,-0.009509766716620512,-0.0009805728780832032,0.9975147657455287,-0.0034067981383503914,-0.0024561214801576835,0.0096713275890933
0.4230282170320377,-0.21864591154390267,0.40042196740435454,0.12702525699887376,0.011609564721610836,0.13150573259620185,-0.008152068087319811,-0.0070451734718486436,0.9956977905996728,-0.0030063761709460367,-0.0020330932631256455,0.009452681677549398
0.60275040922555,-0.3097670268067027,0.5345951569439826,0.1231050720076598,0.036201777957715744,0.016518323302810806,-0.005954201861964307,-0.008915904393080723,1.001486489696812,-0.0024717810140020544,-0.0014303428539000958,0.009142914650742696
0.37491373085844343,-0.3901959781561078,0.5879279375850945,0.10969105021142078,0.04337956828868874,0.058549639883706366,-0.007081606144941634,-0.00702591347696378,0.9994065836151282,-0.0018838530764169596,-0.0010554291230416523,0.008752718672586588
0.39594050085385596,-0.34650002410215053,0.8399838669660535,0.13700150499629524,0.06537217517027952,-0.0036595634301273636,-0.01501093541858857,-0.0071260940066287335,0.9958714324834028,-0.0010438692094509063,-0.0006594886221877966,0.008406218648484438
0.3667299796613982,-0.3819339315724869,0.5953620674646164,0.040578898210921484,0.10844452288213383,-0.011094419932360074,-0.00968024377381675,-0.009659153261147092,0.9952905003709638,-0.00044850714198628976,-0.0002927586425263983,0.008024284716911951
0.4139240135461409,-0.32234124934289243,0.5913654761833939,0.05417264875592963,0.05114095792856696,-0.08121976504545315,-0.009122693909993195,-0.008552881332253317,1.007926914937147,0.00014285833419710415,0.00012116537101974261,0.007701943467569057
0.4881515689135424,-0.1568454329369568,0.4205254334440945,0.08758031554704715,-0.0012366148911872425,-0.029318704933938268,-0.009528087363577532,-0.006738416627354275,1.0001379179737009,0.0005633837676411985,0.000609316939933285,0.0075450980346321
0.39875412693714285,-0.37611243487636226,0.4595146137231294,-0.009372535257085902,-0.020114968606801627,0.0017751062892065513,-0.016547945198990936,-0.01274509135810673,0.9912654477433632,0.001022898381364328,0.0010080710668704277,0.007168985599755738
0.3391114852864532,-0.03587135021352922,0.30155920738945674,-0.005264212015396083,0.027112211368121135,-0.12785600609700906,-0.0011471255337923963,-0.0062260814782665,0.9992981140787474,0.0013244575887537847,0.0013471825521568811,0.007133114249542208
0.3482736066432173,-0.19576263068523153,0.5517742888923393,0.012167447098066653,0.05464615739832141,-0.10189235719269209,-0.009714030165164332,-0.008843428851148753,0.9985682366905236,0.001876231877646124,0.0016954561588000982,0.006937351618856977
0.22402894286892602,-0.08592686855164978,0.25393674418474355,-0.07654898066402054,0.07322566629976772,-0.07716453206660333,-0.011705524127279862,-0.019766425581111954,1.0043216731170441,0.0021301686218308676,0.0019194851016690242,0.006851424750305327
0.3049380383902781,-0.03872882783396158,0.1910298439449998,-0.02903797269293093,0.02773210843256843,-0.13144985891579086,-0.013769830718481875,-0.00869482544271106,1.0075478043830828,0.0023211984657758675,0.002224423140059302,0.0068126959224713655
0.06777410371439241,-0.07549206461725205,-0.04939336070000985,-0.08415881390005428,0.08063862687176,-0.13516339037860456,-0.016520265366436675,-0.006486365655479892,1.0137773032999542,0.0022718051050758577,0.0022921972437736945,0.006737203857854115
0.052643293679818196,0.08646057997282608,-0.058630505296607474,-0.07912575713436668,-0.014348124870300613,-0.13368840368424442,-0.013745275441215402,-0.018378862227768994,0.9960424188607497,0.00221317459977925,0.0023448405374535126,0.006823664437826941
0.24116841517383475,0.01295486991077667,-0.11104280798637772,-0.11984573217513306,0.04517571444962171,-0.12803657350767705,-0.010133992568425003,-0.014618654200492937,0.9938425762127879,0.0021021317917928727,0.0025860089526273475,0.006836619307737717
-0.0007660096978206882,0.06994026852524968,-0.12076331960620253,-0.03971788880140795,0.06452374723318835,-0.08542846920652504,-0.006034795762327599,-0.0022128148329940527,1.0049520826595602,0.0019813684721866703,0.0025852429429295267,0.006906559576262967
-0.1153472276598174,0.01793106518031154,-0.2364475425810175,-0.11837982843101338,-0.06616447591354,-0.12463825434454216,-0.004812770418568512,-0.003249474249362735,1.0057431588127035,0.0017449209296056525,0.002469895715269709,0.006924490641443279
-0.09710523238110695,0.24501227174503173,-0.24774801254833145,-0.14482746479551686,-0.02464067742024402,-0.11331466834249893,-0.01294036490311667,-0.012555639065492263,0.9862813082180221,0.0014971729170573213,0.0023727904828886024,0.007169502913188311
-0.11136485166918834,0.1639425746317279,-0.15390736453423912,-0.08983527144878482,0.008903588743036315,-0.06467634157256429,-0.010905610294772675,-0.005163862089482994,0.9892887876650394,0.0013432655525230821,0.002261425631219414,0.007333445487820039
-0.2174847216129441,0.3117425650930929,-0.31498538158772293,-0.15879032588946543,-0.08327049442362687,-0.036791122138137795,-0.008093640363027527,-0.012742141011392047,0.9980961662185838,0.0010282801709353593,0.0020439409096064693,0.007645188052913131
-0.12208799472159876,0.2052819049478014,-0.38616884539951246,-0.005549947653097168,-0.010671605109372574,-0.03233739680751119,-0.013239756923109188,-0.010871051427985369,1.0029970181084837,0.0006421113255358469,0.0019218529148848707,0.007850469957860933
-0.1700578723880256,0.2632510425397961,-0.24901860305322582,0.02071707191172171,-0.09715362102108346,-0.0534453286896042,-0.01395327128582086,-0.014518451632851363,0.977827955210146,0.0003930927224826211,0.001751795042496845,0.008113721000400729
-0.4287455722014967,0.2542488596278904,-0.13238665486772735,-0.0630897744599948,-0.017460532418452798,0.01939323801487778,-0.010216786933336237,-0.009415323285825547,0.9993156400402103,0.0002607060676148937,0.0013230494702953484,0.008367969860028619
-0.29190215730634916,0.4153388148107371,-0.24169549556390602,-0.10402181253681617,-0.058248542724248,-0.04848019098159429,-0.008557681208590412,-0.007977072877385399,0.9987913670180416,1.9010572050987664e-05,0.0010311473129889994,0.008783308674839356
-0.2953819125562353,0.3170351191619621,-0.1564323100686449,-0.004492055042051765,-0.08670179467598507,-0.027303023523272164,-0.011371607164879938,-0.01017829917160295,0.9976520830465277,-0.00013742173801765722,0.0007357654004327639,0.009100343794001318
-0.35376714395485087,0.22597337657216243,-0.17439487270256243,0.015227753221932032,-0.014640515891557498,0.025501596603160682,-0.009700714769468847,-0.006211326311438977,1.0025006083201444,-0.0003118166107202197,0.000381998256477913,0.00932631717057348
-0.37219097486690184,0.4601517370328982,-0.2377099690540416,-0.04139839634397951,-0.08074272761157139,0.16621645547676378,-0.012945612042042885,-0.016273739375138513,1.0088006360352186,-0.0005495265797742613,9.807281611011131e-06,0.009786468907606378
-0.24896288178266154,0.3922464648301562,-0.0010751045003590323,0.08001189590296048,-0.10201509328952892,0.05002036584610378,-0.002549590911191435,-0.015463407379238854,0.9932344679353632,-0.0005506016842746203,-0.00023915560017165042,0.010178715372436536
-0.29194100796866423,0.33332144472454,0.19692646084283322,0.09589161860103627,-0.13497588521877885,0.09275378753547098,-0.009337097949405529,-0.0037218343997722225,1.0007005056678973,-0.0003536752234317871,-0.0005310966081403147,0.010512036817161076
-0.17368430008844304,0.19320027455067226,0.2110809745168394,0.03930556825639601,-0.1351850566823872,0.17063955475252485,-0.004609909035662244,-0.012295091267270974,0.9944421331877408,-0.00014259424891494766,-0.0007047809082287577,0.010705237091711749
