Timestamp,motionRotationRateX(rad/s),motionRotationRateY(rad/s),motionRotationRateZ(rad/s),motionUserAccelerationX(G),motionUserAccelerationY(G),motionUserAccelerationZ(G),motionGravityX(G),motionGravityY(G),motionGravityZ(G),motionYaw(rad),motionRoll(rad),motionPitch(rad),PredictedClass,UserConfirmation
0.0,0.38350472999053997,0.051716722594506756,-0.2912510919027445,-0.07399932358259542,0.022477737122439695,-0.029749820426094635,-0.01842930352577899,0.023422185253996034,0.9748894537561068,-0.0002912510919027445,0.00038350472999054003,5.171672259450676e-05,Walking,Washing Face
0.02,0.35549323739578537,0.22008022322021414,-0.3030550363847492,-0.08322330147995309,0.06634684285676826,-0.03451418434482199,-0.024286364918053263,0.028577063762966988,0.9759937726043831,-0.0005943061282874938,0.0007389979673863255,0.0002717969458147209,Walking,Washing Face
0.04,0.25988129992117104,0.20564252735348243,-0.2774726612655046,-0.058269152855270116,-0.017885947437424932,0.020165918033499156,-0.015594245963829204,0.03333482251676833,0.9812190642245833,-0.0008717787895529983,0.0009988792673074965,0.0004774394731682033,Walking,Washing Face
0.06,0.194581306865958,0.34775181639975417,-0.1258568343527364,-0.06368772828784841,0.06421705433950325,0.023800933771587957,-0.02212821026598258,0.034764823257405306,0.9764916506250437,-0.0009976356239057348,0.0011934605741734546,0.0008251912895679576,Walking,Washing Face
0.08,0.10481392073278593,0.3277514973595131,0.09141950337959014,-0.11596878149058029,-0.02056866155667241,0.03479102103396205,-0.015604645417313281,0.03277956855920454,0.9754723668381841,-0.0009062161205261447,0.0012982744949062404,0.0011529427869274706,Walking,Washing Face
0.1,0.11563590842995469,0.2917051111769784,0.041186139932628645,-0.07825299798035168,0.04777529577798092,0.11711039386517928,-0.01174326805866692,0.02168759387682581,0.9952189814760868,-0.0008650299805935159,0.0014139104033361952,0.0014446478981044492,Walking,Washing Face
0.12,0.0947954066377517,0.2672060935698222,0.1785172566743263,-0.13324687708884428,0.004776021252444689,0.04090455096920482,-0.015081386671834798,0.023097148672756196,0.9751814189230029,-0.0006865127239191898,0.0015087058099739468,0.0017118539916742713,Walking,Washing Face
0.14,0.06684866998502975,0.29903358801262886,0.0427816751670438,-0.07228314054339718,0.06397078699553815,0.12534841830039006,-0.023944409271262276,0.027582039359160735,0.9807791298110691,-0.0006437310487521459,0.0015755544799589767,0.0020108875796869,Walking,Washing Face
0.16,-0.031371207602913107,0.3492337328190048,0.3026989527541256,0.007524201230177692,0.008804633114349352,0.06933513256710425,-0.02094425142993254,0.03232404414334963,0.9749329676632584,-0.0003410320959980203,0.0015441832723560635,0.002360121312505905,Walking,Washing Face
0.18,-0.18129433497104874,0.2489634099383123,0.41175299119496517,0.001984020509503741,0.02236049890497978,0.09253543307479772,-0.021256644374820947,0.028145716994296115,0.9880884344272133,7.072089519694485e-05,0.0013628889373850147,0.0026090847224442175,Walking,Washing Face
0.2,-0.1922334401096782,0.1690427486813605,0.3184413246559223,-0.0568159401442373,-0.04513213833215762,0.09371105351295607,-0.015673249854369995,0.029719395069327924,0.9863592554353319,0.00038916221985286717,0.0011706554972753366,0.0027781274711255782,Walking,Washing Face
0.22,-0.25392501672091067,0.16560123753203218,0.17650669388739063,-0.002845676729690383,-0.09960590871979431,0.07134944843350274,-0.015069208538642171,0.028950965253633033,0.9751902133557498,0.0005656689137402578,0.0009167304805544259,0.0029437287086576105,Walking,Washing Face
0.24,-0.25097186032437196,0.12984685922258055,0.3433214975553254,0.013382615113514821,-0.07208609019482086,0.05500420752892842,-0.017716827965456455,0.03237752906231726,0.9832766347429335,0.0009089904112955832,0.0006657586202300539,0.003073575567880191,Walking,Washing Face
0.26,-0.03121158027765339,0.3856880642582295,0.3174758541424042,-0.010352834156244984,-0.019083042502444837,0.09395871792662476,-0.01863336282143446,0.028730792174411345,0.988991580151261,0.0012264662654379874,0.0006345470399524005,0.0034592636321384203,Walking,Washing Face
0.28,-0.12352067851935443,-0.18855284054777444,0.3811806514613953,0.08011093616482258,-0.09518511880657113,0.014614667180161049,-0.013833779990537351,0.031876365937557605,0.9802679684679492,0.001607646916899383,0.0005110263614330461,0.0032707107915906455,Walking,Washing Face
0.3,-0.11176494106078705,-0.016128382040006037,0.2382031299619263,0.04163673316164662,-0.03010224117966037,0.00948778303166697,-0.02586282235656328,0.031194192980928636,0.9870200911854208,0.0018458500468613093,0.00039926142037225896,0.0032545824095506397,Walking,Washing Face
0.32,-0.1528771432416488,0.1075039356565218,0.2227260565866682,0.04657156076013949,-0.05823430460528902,0.001106404541843145,-0.021365413683596124,0.028037966958635415,0.9817694446064161,0.002068576103447977,0.00024638427713061017,0.0033620863452071617,Walking,Washing Face
0.34,-0.3709687822663127,0.08043370525488022,0.1243765594485677,0.015664582489464098,-0.08821989837349341,0.06518734737373602,-0.025920485073050857,0.026116483559311194,0.9827919528450195,0.0021929526628965447,-0.0001245845051357025,0.003442520050462042,Walking,Washing Face
0.36,-0.1871787284981589,-0.050786972553319376,0.15755492799768578,0.08805066985673785,-0.006808244726656336,-0.026602008238097018,-0.02282709850621537,0.01870604705111438,0.9831286381641786,0.002350507590894231,-0.0003117632336338614,0.003391733077908723,Walking,Washing Face
0.38,-0.29124891715928186,-0.015788558573718768,-0.06019254579631997,0.14252886085561484,-0.02979793873639527,-0.03560253193434729,-0.009846117926512134,0.02241573827550815,0.987333831387661,0.002290315045097911,-0.0006030121507931432,0.003375944519335004,Walking,Washing Face
0.4,-0.18889532765064998,-0.295522534430442,0.0721874658731827,0.1072250429912492,-0.05357458346364701,-0.10156691222775564,-0.017439056848380936,0.025478833212342032,0.9837110909329676,0.002362502510971094,-0.0007919074784437932,0.0030804219849045614,Walking,Washing Face
0.42,-0.17670241119851812,-0.279641595301706,-0.3013553060883273,0.11244633715482487,-0.008240144861104082,-0.1263288387842787,-0.024683207457993503,0.026672725151101685,0.971901111663796,0.0020611472048827663,-0.0009686098896423114,0.0028007803896028557,Walking,Washing Face
0.44,-0.2128658979523358,-0.2575862798383122,-0.41396482578734994,0.11810974027820158,-0.060501160109947445,-0.10719655924572574,-0.019987504339745374,0.03480147120555275,0.9775242251412837,0.0016471823790954164,-0.001181475787594647,0.0025431941097645433,Walking,Washing Face
0.46,-0.13954595018195817,-0.032595337655991485,-0.41020084126309697,0.05818498121461388,0.0005163132414339232,-0.047810958299052346,-0.020981303008523487,0.02855725261902869,0.9702303898282907,0.0012369815378323193,-0.0013210217377766056,0.0025105987721085517,Walking,Washing Face
0.48,-0.21772073517904045,-0.16222875065937972,-0.5463541517555278,0.04514406733101682,-0.0015714898200265785,-0.13563561011909558,-0.01768959001749362,0.025241907709886883,0.9686162524104005,0.0006906273860767915,-0.001538742472955646,0.002348370021449172,Walking,Washing Face
0.5,-0.18035313725362362,-0.13109310572160435,-0.4756754738493828,0.0704469357542838,-0.014399581785527863,-0.034567962426219644,-0.020818673452838228,0.02474751152409211,0.979320984269008,0.00021495191222740864,-0.0017190956102092693,0.002217276915727568,Walking,Washing Face
0.52,-0.10240831643427682,-0.17703711087776686,-0.5134408966620686,0.09614840637603839,-0.023837066541370154,-0.10512380018765792,-0.02677803232646062,0.03284686917178316,0.9829844129968744,-0.00029848898443466,-0.0018215039266435463,0.0020402398048498006,Walking,Washing Face
0.54,-0.05801556350768154,-0.27684078272692025,-0.3535042912032798,0.061204447667360135,0.0012791127588943976,-0.14873989778073438,-0.024332666079201103,0.033789405371694475,0.9866614022786471,-0.0006519932756379399,-0.001879519490151228,0.0017633990221228805,Walking,Washing Face
0.56,0.05872640617323221,-0.1444225391255536,-0.5019987345452243,-0.002266080523346604,0.06838831513570276,-0.08435354856671752,-0.019576051152327637,0.029246748285992594,0.9767269271795676,-0.0011539920101831644,-0.0018207930839779956,0.001618976482997327,Walking,Washing Face
0.58,-0.02351240113797071,-0.24214449783894576,-0.46815306345736907,-0.03838017620993241,0.03512384620622518,0.03248225433562119,-0.025326411402944324,0.02271357069908686,0.9772620607477057,-0.0016221450736405335,-0.0018443054851159666,0.0013768319851583813,Walking,Washing Face
0.6,0.03203942235069486,-0.006355671773257937,-0.44876761991009007,-0.05278591743431582,0.010959743221266898,-0.08531823274534896,-0.017865811927753113,0.016150411591497098,0.977346913458628,-0.002070912693550624,-0.0018122660627652718,0.0013704763133851232,Walking,Washing Face
0.62,0.16009841586726253,-0.2773220828222659,-0.5450373145866854,0.002382416365403565,0.08984104965062578,-0.05022668036344976,-0.019099998180250016,0.026222111372573183,0.9857353319034823,-0.002615950008137309,-0.001652167646898009,0.0010931542305628575,Walking,Washing Face
0.64,0.21191854179691705,-0.049356479005732416,-0.4603976018455819,-0.13603588635882768,0.057141093652789916,-0.11752563003789528,-0.02721011798468919,0.028439722540233282,0.9837191328161773,-0.0030763476099828907,-0.0014402491051010921,0.001043797751557125,Walking,Washing Face
0.66,0.16067498856158682,-0.020573069853826217,-0.21267882740553778,-0.10660238668027941,0.10851444219243526,-0.0397915134440228,-0.02695493116349839,0.02579132203765805,0.973281464805877,-0.003289026437388429,-0.0012795741165395052,0.001023224681703299,Walking,Washing Face
0.68,0.19026700695830678,-0.054163364385422866,-0.2769269237989178,-0.1176390859484769,0.04590807162284237,0.04288318714740605,-0.017001791254209184,0.037916003460428054,0.978257116318403,-0.0035659533611873463,-0.0010893071095811984,0.0009690613173178759,Walking,Washing Face
0.7,0.3230519315753185,0.07282066392483079,-0.12532023425680197,-0.10884615382318516,0.0918715896043275,0.015704542782481106,-0.014806096156412537,0.031436199427361915,0.9809959367937072,-0.003691273595444148,-0.00076625517800588,0.0010418819812427068,Walking,Washing Face
0.72,0.21999234375877452,0.18221762859773605,0.06844901802945284,-0.1619610343723392,0.07776443541526863,0.10916604288104957,-0.02645847960287438,0.01877857038317326,0.9868207980800443,-0.0036228245774146957,-0.0005462628342471054,0.001224099609840443,Walking,Washing Face
0.74,0.19765391588624115,0.09467212844188186,0.09907054175444577,-0.10873659459636109,0.01738201683477051,0.12461989200853678,-0.0286836101595482,0.029074862951041714,0.9784295119672772,-0.0035237540356602495,-0.0003486089183608643,0.0013187717382823249,Walking,Washing Face
0.76,0.2762305537297219,0.12907058346240488,0.38993919574678154,-0.0993922476281699,0.060252725879017394,0.03640949722771812,-0.022306471513857944,0.01949400713588678,0.9730533295691614,-0.003133814839913468,-7.237836463114238e-05,0.0014478423217447296,Walking,Washing Face
0.78,0.09562249097144068,0.06352241126968933,0.34857363313402934,-0.16333602327039948,0.05481241940586026,0.12352266002391678,-0.02310022254529136,0.018879850913061116,0.9780645130182675,-0.0027852412067794386,2.3244126340298296e-05,0.001511364733014419,Walking,Washing Face
0.8,0.23231030237078834,0.06068096098662677,0.47648740185956223,-0.14178439567496706,0.03991452457817554,0.13867698698098135,-0.02453780925977822,0.02498146440964826,0.9812233540937655,-0.0023087538049198766,0.0002555544287110866,0.0015720456940010456,Walking,Washing Face
0.82,0.285157401170644,0.35856058622686593,0.5491552381376615,-0.1731706132224347,0.038646260322291556,0.15852074745498526,-0.018702921977536785,0.014459260707284701,0.9756370889259202,-0.0017595985667822151,0.0005407118298817306,0.0019306062802279117,Walking,Washing Face
0.84,0.31346459434427726,0.13621906370576675,0.4003470484498127,-0.13294105720081892,0.02034602247432909,0.07756692227664573,-0.01762034697631066,0.02297335407470035,0.9856169993567938,-0.0013592515183324025,0.000854176424226008,0.002066825343933679,Walking,Washing Face
0.86,0.061239151863982155,-0.014535055181692041,0.5779278989920045,-0.1375515649115532,-0.0413250671632412,0.10092249419702638,-0.027881544485240634,0.022800104798499164,0.9702297150849638,-0.0007813236193403979,0.0009154155760899901,0.0020522902887519867,Walking,Washing Face
0.88,0.13491886562404024,0.18323455815795187,0.6066739684731898,-0.08162930659811321,-0.06742417100440955,0.07332822933561504,-0.014503145812175383,0.027157870765110767,0.9801007123421235,-0.00017464965086720809,0.0010503344417140304,0.0022355248469099385,Walking,Washing Face
0.9,0.18578180802701302,0.11103002198427551,0.34038204799383,-0.10505346035420503,0.030355823123251385,0.1256107390132887,-0.01932225474019359,0.025853732507554187,0.9794628277702716,0.00016573239712662193,0.0012361162497410436,0.0023465548688942142,Walking,Washing Face
0.92,0.16942184994229942,-0.019229345525297037,0.558654614509801,-0.09274811003351797,-0.06390633751516013,0.1019547924007605,-0.024552474896778448,0.02511190130935637,0.975917844737235,0.000724387011636423,0.001405538099683343,0.002327325523368917,Walking,Washing Face
0.94,0.09702379698007943,0.09524818209885404,0.47850113785184356,0.041352983001557465,-0.016700925400615966,0.15533523554298956,-0.023217550884210597,0.01727478374173382,0.985553906470421,0.0012028881494882664,0.0015025618966634222,0.0024225737054677714,Walking,Washing Face
0.96,0.00094360884297464,0.02218235247972139,0.30824227903915513,-0.077391322716686,-0.024536973317400387,0.13361655726469066,-0.02141612012890569,0.02500850765314071,0.9789358102896678,0.0015111304285274217,0.0015035055055063968,0.002444756057947493,Walking,Washing Face
0.98,0.008882895275332365,0.11355095966003596,0.3250587048399477,0.045850021513799216,-0.08085758286598445,0.08535308003886345,-0.026547592269844614,0.031479405898882915,0.9885056738607946,0.0018361891333673692,0.0015123884007817293,0.002558307017607529,Walking,Washing Face
1.0,-0.21499618735875814,0.10635374292837403,0.21685091255564698,0.03448264606763784,-0.01745898396417459,0.08080600392442432,-0.0206935022771669,0.019770219416807636,0.985963260884039,0.002053040045923016,0.0012973922134229712,0.0026646607605359026,Walking,Washing Face
1.02,-0.03079530263721822,0.009586624681173543,0.05188455840171069,0.08735142989478821,-0.07446383587433864,-0.0003008717887912297,-0.02127510924986589,0.015708450117465897,0.9846653345850334,0.0021049246043247268,0.001266596910785753,0.002674247385217076,Walking,Washing Face
1.04,-0.02347577187267655,-0.02319447360076239,0.10539395898383692,0.02195010185978654,-0.05780055907249604,0.005281592838760807,-0.026510654309196476,0.01933608105135882,0.982660623845073,0.0022103185633085636,0.0012431211389130764,0.0026510529116163138,Walking,Washing Face
1.06,-0.07474907991233291,0.07545175700453666,-0.10341723382415675,0.11976478146152882,-0.09831393995619152,0.012054884691312499,-0.01945092398083838,0.030625143518599497,0.9887542369301412,0.002106901329484407,0.0011683720590007433,0.0027265046686208503,Walking,Washing Face
1.08,-0.1819477692683261,-0.03618913664672807,-0.07087383842706048,0.12732752590991278,-0.03524079640428942,-0.03297028904442139,-0.028276077991908198,0.01852781763911135,0.985202232265304,0.0020360274910573464,0.0009864242897324172,0.0026903155319741223,Walking,Washing Face
1.1,-0.1331438889387527,-0.13452208257963166,-0.1311567316159708,0.14791791184289932,-0.155087742271614,-0.04832834835207517,-0.02017390072008159,0.013650015355399957,0.9792224172379931,0.001904870759441376,0.0008532804007936646,0.0025557934493944906,Walking,Washing Face
1.12,-0.389213035250511,-0.24893782973023848,-0.1991066391079875,0.11338221945145563,-0.0900291295035004,-0.05582723733782562,-0.0246657913109167,0.0156694626843148,0.9833575828202962,0.0017057641203333885,0.00046406736554315355,0.002306855619664252,Walking,Washing Face
1.14,-0.2659679408750045,-0.24109574915632992,-0.2046961328231188,0.10344263037408422,-0.08803152084630067,-0.10262414458213016,-0.02850291821827098,0.02301577167100964,0.9823841256416433,0.0015010679875102698,0.00019809942466814904,0.002065759870507922,Walking,Washing Face
1.16,-0.3358781761995196,-0.13989928820137373,-0.2378386783918009,0.0844290695848747,-0.13267097327363853,-0.03557492149658437,-0.0167180134477846,0.015006847517231274,0.9855071923176169,0.001263229309118469,-0.0001377787515313706,0.0019258605823065486,Walking,Washing Face
1.18,-0.2554667889068535,-0.325467636992291,-0.468461478065774,0.1233881311419288,-0.11633806530121935,-0.07914487399709973,-0.016503431025646807,0.02857435072647258,0.9917684818555373,0.0007947678310526948,-0.0003932455404382241,0.0016003929453142574,Walking,Washing Face
1.2,-0.3462957052320972,-0.20110139993588633,-0.26632549995764665,0.2258995381134496,-0.06348845825606506,-0.011091664646590277,-0.023679047143638852,0.01640581443842877,0.9874896670346376,0.0005284423310950481,-0.0007395412456703212,0.0013992915453783711,Walking,Washing Face
1.22,-0.42995358020078744,-0.22343991192881274,-0.15910885502903874,0.10163054495456221,-0.09770767512387363,-0.1144572198580995,-0.02462184374301296,0.02290854568606631,0.9741299679605074,0.00036933347606600943,-0.0011694948258711086,0.0011758516334495585,Walking,Washing Face
1.24,-0.2586215574523438,-0.20680337100389823,-0.32064324188749066,0.1523184413989856,-0.10791038762025007,-0.14495897203792024,-0.01968107245790436,0.021211504596377686,0.9864571152351229,4.8690234178518756e-05,-0.0014281163833234525,0.0009690482624456602,Walking,Washing Face
1.26,-0.48169413884771245,-0.27759017911451633,-0.410429947262363,0.173584187536875,-0.03879156179061571,-0.007823686352636841,-0.024075752432761825,0.02164955137280849,0.9902643130127546,-0.0003617397130838442,-0.001909810522171165,0.0006914580833311439,Walking,Washing Face
1.28,-0.45413439400714145,-0.2942461504956375,-0.23290356110353755,0.1608172733219486,-0.05390451062349159,0.012260740140121537,-0.021640103555664668,0.016361915005957642,0.9810846257263842,-0.0005946432741873817,-0.0023639449161783066,0.0003972119328355063,Walking,Washing Face
1.3,-0.4680962417794553,-0.24461263742386016,-0.0568191055275001,0.04076138242196505,0.02281965905650093,0.009174318910685956,-0.022107852776334473,0.02405690120879383,0.9921891578334145,-0.0006514623797148819,-0.002832041157957762,0.0001525992954116461,Walking,Washing Face
1.32,-0.26561133740702464,-0.34392071526565937,0.032261807412802004,0.06407574576738403,-0.047999682219645914,-0.02988657016386343,-0.02615769463856748,0.023524929446218198,0.9879217027932417,-0.0006192005723020798,-0.0030976524953647867,-0.00019132141985401328,Walking,Washing Face
1.34,-0.3751235478705351,-0.1473681725944712,0.014706802453850823,0.036996292074890094,0.014387062555849369,0.05020663350316575,-0.023209697945847246,0.024929958002319973,0.9908240859716476,-0.000604493769848229,-0.003472776043235322,-0.00033868959244848446,Walking,Washing Face
1.36,-0.3272068668756644,-0.141503742523401,0.10436695450815967,0.06017970317141103,0.06661005312959609,0.011672941911788567,-0.02177407827155708,0.022066021661802517,0.9809439159992851,-0.0005001268153400693,-0.0037999829101109865,-0.0004801933349718854,Walking,Washing Face
1.38,-0.38291692780536624,0.033923033293764726,0.2728237111666474,-0.06639138763322257,-0.011082071911527554,-0.0025728218978975006,-0.018096887031289685,0.025885053247057893,0.9817127565509332,-0.00022730310417342194,-0.004182899837916352,-0.0004462703016781207,Walking,Washing Face
1.4,-0.23888850991826124,-0.007268378115688451,0.33663152625896353,-0.007221469734857812,0.006196250556804898,0.03928813388580976,-0.022847088630808254,0.01972639911671864,0.992319903124904,0.00010932842208554162,-0.004421788347834614,-0.00045353867979380916,Walking,Washing Face
1.42,-0.27617196419903645,0.01456108992027027,0.2080437839648296,0.017591522710834338,0.01483183948354678,0.1295101498037865,-0.022542919922774962,0.02081725117969476,0.9804208011463802,0.0003173722060503712,-0.004697960312033651,-0.00043897758987353886,Walking,Washing Face
1.44,0.053823115826149764,0.1460518044883495,0.34734747178182956,-0.04177529327153386,0.06101533405893494,0.03444827792632536,-0.018621578651860714,0.016266595029564294,0.982615833931591,0.0006647196778322008,-0.0046441371962075,-0.0002929257853851893,Walking,Washing Face
1.46,-0.11238919503066679,0.17065270651207698,0.1394538823019124,-0.04198007020827427,0.030757019577592574,0.07350724327923117,-0.024425544704056088,0.014870455230188474,0.9864992005970793,0.0008041735601341132,-0.004756526391238167,-0.00012227307887311233,Walking,Washing Face
1.48,-0.14828153240434042,0.24065149358637106,0.2983982775721564,-0.10335757787322979,0.05924704018631605,0.03340419324651829,-0.024656873523561953,0.014638379470407855,0.9931283602159561,0.0011025718377062695,-0.004904807923642508,0.00011837841471325873,Walking,Washing Face
1.5,0.057934212355255824,0.07389841681217293,0.1947763852589718,-0.052191590980055276,-0.014535377124094796,0.11403506807754739,-0.024065624909392458,0.01643073851293897,0.9892407694836582,0.0012973482229652414,-0.004846873711287252,0.00019227683152543167,Walking,Washing Face
1.52,-0.02148991575597184,0.28542781409812346,0.2780864506859998,0.02243388878776599,0.033935824785177975,0.11792506633749995,-0.012557538204675239,0.022618064272726498,0.9871119469625107,0.001575434673651241,-0.004868363627043224,0.0004777046456235551,Walking,Washing Face
1.54,0.12676695074052002,0.13498245674253906,0.37533877313402436,-0.08260573714233445,0.03232119662913846,0.05175943897305008,-0.02441847427020881,0.030234292369529722,0.9900051435968968,0.0019507734467852655,-0.004741596676302705,0.0006126871023660941,Walking,Washing Face
1.56,0.2054145421981547,0.37926060017663765,0.1127402319857977,-0.16264614845505698,0.12137206712645845,0.13190263230166982,-0.01783309306342866,0.02404054240386922,0.9897584688834272,0.0020635136787710627,-0.004536182134104549,0.0009919477025427319,Walking,Washing Face
1.58,0.3259589724305217,0.3005204691945271,0.2300263820739915,-0.06661458735570676,0.07705646561240115,0.07632356997323245,-0.016072751875566754,0.014308179478501347,0.9873791851032242,0.0022935400608450544,-0.004210223161674027,0.001292468171737259,Walking,Washing Face
1.6,0.17583949660161352,0.3948553002048465,-0.013725788666406627,-0.02813939774432256,0.09146547533076621,0.10451015759884376,-0.014729350923793214,0.021908892518160954,0.9816109180530277,0.0022798142721786475,-0.004034383665072414,0.0016873234719421053,Walking,Washing Face
1.62,0.25093803550860805,0.27248804374102453,-0.08566221103358883,-0.08902418793421193,0.053973783021483465,0.02337783126520058,-0.01809455052964934,0.025638574726263907,0.98710867047011,0.0021941520611450586,-0.0037834456295638055,0.00195981151568313,Walking,Washing Face
1.64,0.34749187895281586,0.30146272601800755,-0.03841852457781146,-0.025150133795409205,0.010153798576183528,0.001086932620046747,-0.026081171513637157,0.020447646482209314,0.9838354817082683,0.002155733536567247,-0.0034359537506109894,0.002261274241701137,Walking,Washing Face
1.66,0.4512354534546142,0.42590527264482225,-0.24920440512236577,-0.07797107686707619,0.07870758764024029,0.0266302982986744,-0.021431687015330183,0.015529203708355711,0.9877867039604451,0.0019065291314448814,-0.002984718297156375,0.0026871795143459595,Walking,Washing Face
1.68,0.2897128860607742,0.0893471766341461,-0.3542945830938144,0.00937087679429428,0.04373091255073058,0.041720927362905245,-0.019856698383222505,0.026945069315995853,0.9797544007795534,0.001552234548351067,-0.0026950054110956006,0.0027765266909801052,Walking,Washing Face
1.7,0.5982243607257358,0.18823801403483675,-0.4280536163640293,-0.0017430397223284272,0.09798879848764473,0.03454651031629594,-0.02174389856313453,0.01293483673567708,0.9963556514428064,0.0011241809319870377,-0.0020967810503698648,0.002964764705014942,Walking,Washing Face
1.72,0.4144863549701407,0.10318857734335954,-0.38873716118255847,0.02695537342422422,0.05159647403133494,-0.02446301805500254,-0.018274472530011406,0.009504460302150922,0.979587062960624,0.0007354437708044793,-0.0016822946953997241,0.0030679532823583017,Walking,Washing Face
1.74,0.32463203502581295,0.035655081728831334,-0.42289288231294975,0.01807291745498034,0.06419165933395811,-0.012259087986491267,-0.0137502589402791,0.014200788614659711,0.980534543559437,0.00031255088849152946,-0.001357662660373911,0.0031036083640871336,Walking,Washing Face
1.76,0.457467997250954,0.05902542286306402,-0.6213249288891254,0.046683703532470776,-0.01385618975603501,-0.10991201559595906,-0.027675058834227502,0.0132018276489854,0.9951199321159719,-0.00030877404039759596,-0.0009001946631229571,0.0031626337869501975,Walking,Washing Face
1.78,0.3389737284206277,0.10049600536526497,-0.5109196568140448,0.006209806878151097,-0.0712119821906628,-0.13642057173839278,-0.013976239765695848,0.012319360794026088,0.9934206818809316,-0.0008196936972116409,-0.0005612209347023294,0.003263129792315463,Walking,Washing Face
1.8,0.4773570145091437,-0.04066244026483916,-0.6576353870792007,0.11442009802176827,-0.06371867670059914,-0.09777174303229558,-0.029563466039212886,0.019271841056562915,0.9860571710819598,-0.0014773290842908415,-8.386392019318568e-05,0.003222467352050623,Walking,Washing Face
1.82,0.33621269413022625,0.03267164817592135,-0.5176146351763069,0.08184503239119281,0.05287960639395595,-0.18006984477186028,-0.012298629128945218,0.013341469913790911,0.9910689839295842,-0.0019949437194671485,0.0002523487739370406,0.003255139000226545,Walking,Washing Face
1.84,0.30524997251261327,-0.13892663368239008,-0.48786083879721354,0.04398529668765778,-0.04857457227755348,-0.10286370314893838,-0.015636265464479306,0.01770893314120726,0.9908847909526722,-0.002482804558264362,0.000557598746449654,0.0031162123665441546,Walking,Washing Face
1.86,0.31353379821894334,0.034569692822495945,-0.3449532824136515,0.0979591794269607,-0.023563201949026738,-0.05423186033043805,-0.022437381717675182,0.026372674091597836,0.9845235834689445,-0.0028277578406780135,0.0008711325446685973,0.0031507820593666505,Walking,Washing Face
1.88,0.22297881084008592,-0.032078561245284146,-0.32199075355324075,0.053249818769203115,-0.034822010789907674,-0.21425213353349482,-0.010702837020811805,0.009145103740769905,0.9872564091280582,-0.003149748594231254,0.0010941113555086833,0.0031187034981213667,Walking,Washing Face
1.9,0.29400849178206034,-0.11210153745252872,-0.350149603459726,0.12901581429036518,-0.06499092791347698,-0.15942282026275034,-0.01990365514528268,0.009318638468588492,0.9941039642168934,-0.0034998981976909803,0.0013881198472907436,0.0030066019606688377,Walking,Washing Face
1.92,0.18736261197630172,-0.23067242814739602,-0.1745665983734408,0.04601626341925668,-0.033437098903891564,-0.06644071256950548,-0.02291041175526898,0.017494921506999578,0.9988775793268846,-0.003674464796064421,0.0015754824592670452,0.0027759295325214418,Walking,Washing Face
1.94,0.1943781674080195,-0.113807550413447,-0.17372885102131225,0.12375776142497512,-0.10013240502353686,-0.06796084223171206,-0.021919174572375837,0.01332664791428667,0.9837530683341607,-0.0038481936470857337,0.001769860626675065,0.002662121982107995,Walking,Washing Face
1.96,-0.0008557693616650652,-0.26903769899962426,0.13180788544422778,-0.0013967149812550358,-0.11486036952003123,-0.057325020660525715,-0.015263688657653374,0.018928683913686895,0.9924242565588685,-0.0037163857616415055,0.0017690048573133995,0.0023930842831083707,Walking,Washing Face
1.98,-0.17239369059884893,-0.09991780717491798,0.1664470810679274,0.0660015878179823,0.010576787879967745,0.01298779662922312,-0.023196846496697867,0.007568354695476887,0.9839740996695593,-0.003549938680573578,0.0015966111667145508,0.0022931664759334525,Walking,Washing Face
2.0,0.016013384159917897,-0.16387310615378659,0.2953819685252804,0.06636318683003756,-0.10895568612984159,0.04523581426645201,-0.01820037558407916,0.017793096158221552,0.9907416928288234,-0.0032545567120482975,0.0016126245508744687,0.002129293369779666,Walking,Washing Face
2.02,-0.05466106340402436,-0.045806669873402484,0.2737478486059478,0.047189154265179604,-0.09739255161894976,-0.015523687462900742,-0.02100085621124358,0.017811325268831883,0.9864692477573581,-0.00298080886344235,0.0015579634874704443,0.002083486699906264,Walking,Washing Face
2.04,-0.09181351445235147,0.016456038920937277,0.4565973181605607,0.018794252642034295,-0.060010454678411713,0.026726508478026302,-0.024308306097848256,0.010238732893714606,0.9896015373482828,-0.002524211545281789,0.0014661499730180929,0.0020999427388272013,Walking,Washing Face
2.06,-0.22270342296695644,-0.077757094574996,0.542442543660445,-0.0017597030976894603,-0.09555580277828156,0.10232744720594424,-0.024805103309249482,0.009783859292775138,0.9901250074740963,-0.001981769001621344,0.0012434465500511362,0.0020221856442522055,Walking,Washing Face
2.08,-0.09764340084641535,0.03682977418408337,0.5774803754359342,-0.0062334292299899,-0.05348222810360251,0.11114129008947184,-0.028289067450245245,0.020321446819083887,0.977301901152188,-0.0014042886261854096,0.001145803149204721,0.002059015418436289,Walking,Washing Face
2.1,-0.08202755053625353,-0.17149451293586615,0.42779053975985276,-0.028948467105078247,-0.0808922033276369,0.06291047616275135,-0.023486530436224125,0.003505876526054101,0.9893623037379428,-0.0009764980864255568,0.0010637755986684673,0.0018875209055004224,Walking,Washing Face
2.12,-0.06595148065611994,-0.1320786258384916,0.5758542660263054,-0.022333409548495248,-0.012997456351952262,0.06183981398959188,-0.023058540848713612,0.012791394478775184,0.9889370197913305,-0.0004006438203992514,0.0009978241180123475,0.001755442279661931,Walking,Washing Face
2.14,-0.2414135151614369,-0.17065893424061868,0.2727000002949987,-0.10699704134705995,-0.01186145961941677,0.14882280307296752,-0.026169458239539003,0.00387106822450751,0.9944358828470156,-0.0001279438201042527,0.0007564106028509106,0.0015847833454213124,Walking,Washing Face
2.16,-0.20100254489870123,-0.02390760409942041,0.484719383915652,-0.07395805696523618,-0.041119420672443244,0.15827319921617403,-0.0188840282294674,0.018314558283478083,0.9746785597060278,0.0003567755638113993,0.0005554080579522094,0.0015608757413218919,Walking,Washing Face
2.18,-0.1650289849771484,-0.045342908269831915,0.37485963008314155,-0.08257365939679147,-0.021634208354104154,0.1477178994507486,-0.02107443167681635,0.011020800925569254,0.9838552593242609,0.000731635193894541,0.000390379072975061,0.00151553283305206,Walking,Washing Face
2.2,-0.44947688360777993,0.08801232901205655,0.49047617598327686,-0.11176103330434632,-0.03436579368035705,0.12130801269508863,-0.015307364717390172,0.01640412085081411,0.9812849040990306,0.0012221113698778177,-5.9097810632718964e-05,0.0016035451620641163,Walking,Washing Face
2.22,-0.3639002837408618,0.13086450705013736,0.38095685717152616,-0.15177020181330453,-0.002510362782586751,0.14896312038070264,-0.02261033992984747,0.013122914744629673,0.990003568957992,0.0016030682270493438,-0.0004229980943735808,0.0017344096691142537,Walking,Washing Face
2.24,-0.3006553860003011,0.24124403453486384,0.31254641702022967,-0.14392714612168292,-0.076951422693348,0.16971656231330606,-0.013646726766195837,0.018222329382180075,0.997136518603831,0.0019156146440695732,-0.0007236534803738819,0.0019756537036491177,Walking,Washing Face
2.26,-0.3505053393253558,0.1568474366525228,0.16598183920579365,-0.09781657806407171,0.016866414148324477,0.14680191531123163,-0.02311874191548904,0.017970081672921922,0.9793047845320334,0.002081596483275367,-0.0010741588196992377,0.0021325011403016407,Walking,Washing Face
2.28,-0.2589906356425963,-0.06079333158342137,0.20202074202545986,-0.152869661368367,0.0050657483888581,0.10812892995787683,-0.016481760570639034,0.010218851603085322,0.9864240054295063,0.002283617225300827,-0.0013331494553418342,0.0020717078087182195,Walking,Washing Face
2.3,-0.10771449214743077,0.20508807419922112,0.09510933069544544,-0.11437580216059358,0.0578383586381364,0.10574576565627122,-0.024967567499026934,0.0005363837385933632,0.9922425245160114,0.0023787265559962727,-0.001440863947489265,0.00227679588291744,Walking,Washing Face
2.32,-0.15418812483199962,0.2704194037691334,-0.17135474777785495,-0.14705982676082593,-0.024893250919648002,0.1118645470184211,-0.009456327252624432,0.010075237993883367,0.9870409026881571,0.002207371808218418,-0.0015950520723212647,0.002547215286686574,Walking,Washing Face
2.34,-0.14319301154894143,0.19067133931804164,-0.08137212099225398,-0.10319077942840105,0.06273833501373645,0.050570950796125724,-0.018600563074775298,0.0005300202856084405,0.9825337556351822,0.002125999687226164,-0.0017382450838702062,0.0027378866260046155,Walking,Washing Face
2.36,-0.1774342898928936,0.11274966736023448,-0.27560166233428235,-0.09240532320310374,0.05203580808660558,0.07076745043311472,-0.02357812679119042,0.008333623594041533,0.9827609727677303,0.0018503980248918816,-0.0019156793737630997,0.00285063629336485,Walking,Washing Face
2.38,-0.06232531261890929,0.07967495677437247,-0.23148287956466887,-0.04688481196024748,0.13650931430599988,0.051911969908921204,-0.02159201815160885,0.00926624327645721,0.9858396741741883,0.0016189151453272128,-0.0019780046863820087,0.0029303112501392224,Walking,Washing Face
2.4,-0.1914859198694092,0.25833089970634304,-0.2099000517804967,-0.05152125742898682,0.010090793072064569,-0.013757867223202725,-0.017790240517161406,0.007636561488822676,0.9967345180608848,0.001409015093546716,-0.002169490606251418,0.003188642149845566,Walking,Washing Face
2.42,0.08518421528708746,0.21301519665737773,-0.36795565145206116,-0.012506518773286802,0.025470799799396256,-0.03497862973986707,-0.00958965570769599,0.0051543233000087615,0.9876274129486312,0.0010410594420946545,-0.0020843063909643305,0.0034016573465029433,Walking,Washing Face
2.44,-0.04757093569723477,-0.04271951527699963,-0.1976495398508492,0.005404505415103985,0.01666379458367236,0.048598286361155645,-0.014317486327093851,-0.00016666605395748366,0.9965845922779439,0.0008434099022438054,-0.0021318773266615653,0.0033589378312259438,Walking,Washing Face
2.46,0.16363221043962112,-0.001667405801511472,-0.4150212714342487,0.05093922454840505,0.1092742964051408,-0.08052603516005481,-0.008094289663164082,0.00797317719717236,0.9841920537267842,0.00042838863080955675,-0.001968245116221944,0.0033572704254244325,Walking,Washing Face
2.48,0.050094855161824214,-0.06943811490923428,-0.2558329473208516,0.053641605287936774,-0.008084533254028022,-0.02367677189293687,-0.021637805959809308,0.013386643374057115,0.9810439459742548,0.0001725556834887051,-0.0019181502610601201,0.003287832310515198,Walking,Washing Face
2.5,0.1735241375338313,-0.11620683939484679,-0.16375156878156205,0.06872007271253096,-0.030710295465283498,-0.08707144964575379,-0.013434670335670473,0.012625150831049163,0.9838658093386032,8.80411470714304e-06,-0.0017446261235262888,0.0031716254711203515,Walking,Washing Face
2.52,0.22375580709534887,-0.047616528918490164,-0.1397431599491182,0.09029403807553804,0.008233266669885369,0.01423874966438316,-0.023142763354689618,0.013389545304800174,0.9817886433610963,-0.00013093904524197518,-0.00152087031643094,0.003124008942201861,Walking,Washing Face
2.54,0.322831616401126,-0.03146835604160299,0.007610776396126284,0.015057472032146106,0.0017988168570298232,-0.06680781498442048,-0.024774712162358863,0.01596443187208123,0.9877497779262402,-0.0001233282688458489,-0.0011980387000298139,0.003092540586160258,Walking,Washing Face
2.56,0.20821644153890273,-0.19404693795392625,-0.17696343714450152,0.10256699173209669,-0.006107385121799003,-0.14570257516145846,-0.02385787151063024,-0.00013055565593535906,0.9863351730337341,-0.00030029170599035044,-0.0009898222584909112,0.0028984936482063317,Walking,Washing Face
2.58,0.25573791449961114,-0.2649826044994692,0.09458019027729012,0.15626123623618507,-0.00960018633273892,-0.0711468864032043,-0.01670873637867892,0.008522990650070053,0.9875767164066905,-0.00020571151571306028,-0.0007340843439913,0.0026335110437068626,Walking,Washing Face
2.6,0.1623119540438937,-0.1959990354752642,0.15291203042875998,0.1600269667903157,-0.027979919769159395,-0.04724046705768807,-0.01942485895217564,0.014738186819298898,0.9857343331634557,-5.279948528430029e-05,-0.0005717723899474063,0.0024375120082315987,Walking,Washing Face
2.62,0.2706456345446828,-0.20850775352893208,0.05549831365708399,0.17453073018397958,-0.08430649291422246,-0.05982271485539766,-0.020604376896924643,0.009420096484851464,0.9906656468652479,2.698828372783707e-06,-0.00030112675540272353,0.0022290042547026662,Walking,Washing Face
2.64,0.2897081555903458,-0.3556197468628245,0.5192914898913599,0.14952089519975453,-0.035260698323309185,0.05023189913490229,-0.015216203069920645,0.00562700812917165,0.9830513548514785,0.0005219903182641436,-1.1418599812377695e-05,0.0018733845078398419,Walking,Washing Face
2.66,0.17268795731754566,-0.23852357304786234,0.25454031425165785,0.19985173735707162,-0.16570259943116056,-0.032509169863585256,-0.024670923469028123,0.002669784325589515,0.9891861378708676,0.0007765306325158016,0.00016126935750516796,0.0016348609347919798,Walking,Washing Face
2.68,0.2529534560285556,-0.36896522599054965,0.5121035647453618,0.17430439912647444,-0.12048329254635705,0.016422268315898957,-0.016916508664206794,0.006439873247338522,0.9887275185916682,0.0012886341972611634,0.0004142228135337236,0.00126589570880143,Walking,Washing Face
2.7,0.29352106879160456,-0.3424817306625611,0.39571828665491526,0.19182137929070656,-0.03424101903069981,0.06357134117849698,-0.02299781969884825,0.004091674014500555,0.9871222976940296,0.0016843524839160785,0.0007077438823253282,0.0009234139781388689,Walking,Washing Face
2.72,0.296035275622107,-0.26629639076892553,0.339474125517575,0.1886810139269689,-0.03169264377080526,0.03720466434444022,-0.012217078637998981,0.007112794228304728,0.9830864434150067,0.0020238266094336536,0.001003779157947435,0.0006571175873699434,Walking,Washing Face
2.74,0.07227376648944366,-0.38280063998725505,0.37143343791351396,0.09603689203707026,-0.10326843434497669,0.09792137060515055,-0.02210418113387015,-0.004721740063934779,0.9837551631315531,0.0023952600473471676,0.001076052924436879,0.00027431694738268823,Walking,Washing Face
2.76,-0.007778789166417943,-0.3641970034211952,0.366153095316716,0.08146321189946458,-0.029328402295053017,0.12377273227823823,-0.020347860839125296,0.01592942085106602,0.983670533056824,0.0027614131426638836,0.0010682741352704608,-8.988005603850696e-05,Walking,Washing Face
2.78,0.029951756854615846,-0.32786217093983616,0.2369130312829214,0.15461924405067398,-0.13363777515038258,0.04598481726918079,-0.014425729546824636,0.004179764923147164,0.9885311345307112,0.0029983261739468053,0.0010982258921250767,-0.0004177422269783431,Walking,Washing Face
2.8,0.06937449611707143,-0.22524792507792823,0.17055029349613413,0.06446137080430162,-0.07761953400553892,0.05322992657740023,-0.01730148796685359,-0.005444701437945955,0.9907639910542284,0.003168876467442939,0.0011676003882421483,-0.0006429901520562713,Walking,Washing Face
2.82,0.12263624254205825,-0.1315484427957973,0.0385283420323677,0.0028515450038356953,-0.05872559284387117,0.10526006976192194,-0.014141667871030883,0.002295835674191891,0.9867208464636884,0.0032074048094753067,0.0012902366307842063,-0.0007745385948520687,Walking,Washing Face
2.84,-0.05265330185168648,-0.17874266701269972,-0.06088875784300775,0.0032967769678705168,-0.15021159496527067,0.07218357656793956,-0.018058029729421225,0.021231862251546198,0.994633414579292,0.0031465160516322994,0.0012375833289325201,-0.0009532812618647684,Walking,Washing Face
2.86,-0.14886228905717575,-0.04759429417545313,0.023977273305443914,-0.021202058658881272,-0.060372168280071345,0.04116954346512664,-0.02010901435660613,0.015324334200639169,0.9876917016089235,0.003170493324937743,0.001088721039875344,-0.0010008755560402215,Walking,Washing Face
2.88,-0.09607866785447447,-0.14986110458892637,-0.2396876135434309,0.004767558105413174,-0.10131219626404966,0.08392870576677625,-0.0169557957833119,0.0017329338409834971,0.9865461383708295,0.0029308057113943123,0.0009926423720208698,-0.001150736660629148,Walking,Washing Face
2.9,-0.3087229814783349,0.06760073373907288,-0.422842177180779,-0.050645127298413396,-0.008933478337230221,0.08973041254807645,-0.015165205293104448,0.0029175944920681656,0.9962381712337588,0.002507963534213533,0.0006839193905425348,-0.0010831359268900752,Walking,Washing Face
2.92,-0.08951254920262329,-0.07637482995084835,-0.35590048280770664,-0.06613131866661891,0.007491991673918104,0.06436122405430099,-0.008099560108475316,0.005538559528098514,0.9902150292240529,0.0021520630514058263,0.0005944068413399115,-0.0011595107568409236,Walking,Washing Face
2.94,-0.20318443231584427,0.07830136582463554,-0.5003915658023206,-0.07037248019154908,-0.009530616966915437,0.040988167149995626,-0.02724824059245016,0.0021849925715942,0.989109147277737,0.0016516714856035057,0.00039122240902406726,-0.0010812093910162882,Walking,Washing Face
2.96,-0.11280675766065415,0.3866691713507203,-0.35967124836262393,-0.03755204712096641,0.010714271709648972,0.019116845629144917,-0.015669361804686116,0.006676722201271879,0.9921307678337914,0.001292000237240882,0.0002784156513634131,-0.0006945402196655679,Walking,Washing Face
2.98,-0.39774165441570586,0.14606493497286793,-0.5697713759593956,-0.08628330299870354,0.01668682964564026,0.08090254850866734,-0.01843577120989417,7.286398151307161e-05,0.9881751199683866,0.0007222288612814863,-0.0001193260030522928,-0.0005484752846927,Walking,Washing Face
3.0,-0.4605419864536136,0.2750477759485176,-0.5092952032731743,-0.033869282018683215,-0.07188816920137513,0.011994882257872666,-0.009760084814089734,-0.0009704153945255109,0.9825645646532207,0.00021293365800831188,-0.0005798679895059064,-0.00027342750874418233,Walking,Washing Face
3.02,-0.6324040259426782,0.3461527728022732,-0.5275281268803373,-0.05528463834106114,0.015956056833678865,-0.06484443632281417,-0.02726956903773558,-0.004206224932529516,0.9743887061109882,-0.0003145944688720255,-0.0012122720154485846,7.272526405809088e-05,Walking,Washing Face
3.04,-0.20440723669678762,0.0862801235624896,-0.547546780752245,-0.04921395077533891,0.026091845290522622,-0.05359084278120305,-0.01317159725342145,0.00065902479003085,0.9822791716505628,-0.0008621412496242706,-0.0014166792521453724,0.00015900538762058048,Walking,Washing Face
3.06,-0.33584282501811513,0.10497963347572115,-0.47051680630038567,-0.15939412888569435,0.07811801887850518,0.029554383514296435,-0.02606931042038093,0.0040750362052199614,0.9934757638284888,-0.0013326580559246562,-0.0017525220771634877,0.0002639850210963016,Walking,Washing Face
3.08,-0.5084742616351381,0.2964432281834136,-0.621386639742594,-0.041278409498015846,0.035790332392096974,-0.07246162140215504,-0.013208933778514318,-0.0008496627629586942,0.9929124675827667,-0.00195404469566725,-0.0022609963387986254,0.0005604282492797152,Walking,Washing Face
3.1,-0.4483847712280297,0.2386389596304559,-0.34813174328749386,-0.17416725652420093,0.09215659334989125,-0.09242959445910462,-0.02003504444818872,0.003872654132747853,0.9936863041355068,-0.002302176438954744,-0.0027093811100266556,0.0007990672089101712,Walking,Washing Face
3.12,-0.4241024683870332,0.45577154584846047,-0.3476410521307375,-0.08796942052250745,0.06716262249986063,-0.08883650855881176,-0.018584474390509125,-0.004601536746312802,0.9906026520456305,-0.0026498174910854814,-0.0031334835784136887,0.0012548387547586316,Walking,Washing Face
3.14,-0.6370547427220463,0.2650664419907335,-0.2385995880949686,-0.023090466883891842,0.10511426594358898,-0.04127235839160379,-0.015876339378365648,0.0037859192503108662,0.988481183953027,-0.00288841707918045,-0.003770538321135735,0.001519905196749365,Walking,Washing Face
3.16,-0.3880226508603336,0.4193742242643377,0.00868749663998225,-0.02693304620187362,0.11583175767504382,-0.13922807746586913,-0.02736601562247569,-0.00235798171354278,0.985214147146248,-0.002879729582540468,-0.004158560971996069,0.0019392794210137025,Walking,Washing Face
3.18,-0.3972324354587976,0.3223122525287722,0.036072512586051333,-0.016862520952656033,0.08055134394189348,-0.14493599876741622,-0.02036162772676602,0.00044451847111990164,0.994745642596818,-0.0028436570699544167,-0.0045557934074548665,0.002261591673542475,Walking,Washing Face
3.2,-0.3059693969486623,0.24439402394258566,0.06998473373049645,0.041886298836831586,0.08493215614470237,-0.1437823636536353,-0.013731626536734114,0.001222920370975547,0.9889870034297411,-0.00277367233622392,-0.004861762804403529,0.0025059856974850602,Walking,Washing Face
3.22,-0.14785764264113258,0.2876078176367853,0.13345148003277885,0.009260099656245892,0.09519107427927354,-0.07968099938134077,-0.014302255290212175,0.008998581102280473,0.9950973928220253,-0.002640220856191141,-0.005009620447044662,0.002793593515121846,Walking,Washing Face
3.24,-0.35563404717939445,0.07477019013081321,0.44881030433176694,0.007845233541835672,0.0765029097090802,-0.11005414969775398,-0.005791852193846109,0.0015790357112874152,0.9850928619614131,-0.002191410551859374,-0.005365254494224057,0.002868363705252659,Walking,Washing Face
3.26,-0.20891911116435136,0.2441030905718579,0.35642687734316475,0.03264636483816565,0.11053133025978984,-0.08641274610966748,-0.02289346158633882,0.0015998617779172666,0.9902283846611933,-0.0018349836745162095,-0.005574173605388408,0.003112466795824517,Walking,Washing Face
3.28,-0.27816482522493674,0.029293035819177866,0.547671548622257,0.05703615641692285,0.09965848442726741,-0.15823976440708817,-0.009798091536754799,0.011774041178732883,0.9976538576659264,-0.0012873121258939525,-0.005852338430613345,0.0031417598316436954,Walking,Washing Face
3.3,-0.08933106358639313,0.03963537348726723,0.5057443938771893,0.05698359846052599,0.039471482557307654,-0.10419771203431921,-0.004014963215690852,-0.00012466418892254387,0.983845843021437,-0.0007815677320167631,-0.0059416694941997385,0.0031813952051309626,Walking,Washing Face
3.32,0.04999223837609593,0.18945191399486455,0.5553171836204147,0.07100736900212722,0.02165094590776152,0.014910389538614807,-0.012333145894081833,-0.00655436368464682,0.9931976124220951,-0.0002262505483963484,-0.005891677255823642,0.003370847119125827,Walking,Washing Face
3.34,-0.08351229148238304,-0.11002119543946431,0.5259136870691837,0.10770608834011751,0.029893853842820697,-0.03920930704987634,-0.024911180419089,-0.0026356596350149593,0.988583859778641,0.00029966313867283535,-0.005975189547306026,0.003260825923686363,Walking,Washing Face
3.36,0.05188680658255903,0.0009235725985450721,0.6298858013338653,0.1154814490591875,0.012052687161333333,-0.016117131053793858,-0.01196810203034376,-0.0015159260091362852,0.990575202359091,0.0009295489400067006,-0.005923302740723467,0.0032617494962849077,Walking,Washing Face
3.38,0.21793402096830436,-0.1640649257915562,0.5123414793346383,0.12266979067350942,0.15835398723223543,0.052650274607923764,-0.017016893311428406,-0.0007200630336963459,0.986027661902796,0.001441890419341339,-0.005705368719755162,0.003097684570493352,Walking,Washing Face
3.4,0.14037976802374016,-0.20273514112166555,0.48042404618701967,0.07191254554840763,-0.01568171868939667,0.017591717885503705,-0.022635222141465315,0.0034016299262702755,0.985052192971492,0.0019223144655283585,-0.005564988951731423,0.0028949494293716866,Walking,Washing Face
3.42,0.19463472676301322,-0.28998432538370156,0.4720403524985383,0.08660353506154031,-0.04556422254494534,0.022480575760938225,-0.020531161191785757,0.0012629247839393177,0.9959024747446243,0.002394354818026897,-0.005370354224968409,0.0026049651039879843,Walking,Washing Face
3.44,0.25392785989673083,-0.1740237398332479,0.36818678745146355,0.04447994815348866,-0.0027694995070219885,0.10742513665762238,-0.01422491563885713,-0.0021199364140785056,0.988756679726757,0.0027625416054783605,-0.005116426365071678,0.0024309413641547366,Walking,Washing Face
3.46,0.31719503889296824,-0.18315607931147995,0.46094169614133607,0.13509384543828062,0.08349089196626353,0.18410642302298183,-0.011227816857920816,0.0036301713101961858,0.9980923605785702,0.0032234833016196967,-0.004799231326178711,0.0022477852848432566,Walking,Washing Face
3.48,0.3064192932442884,-0.057747282603990785,0.14382815978498958,0.10845869232996008,0.004180804716400876,0.06193868008361389,-0.006038040685593335,-0.005882397482554793,0.9930558351810115,0.0033673114614046866,-0.004492812032934422,0.0021900380022392657,Walking,Washing Face
3.5,0.3913232184234719,-0.23718264422392316,0.13736253821007416,0.12459721499938126,0.01827041022857219,0.05855034538633578,-0.012923985126447088,0.002260862113352244,0.9840741129817314,0.003504673999614761,-0.00410148881451095,0.0019528553580153427,Walking,Washing Face
3.52,0.3540259226404747,-0.023467025744766806,-0.041020220845354255,0.0026045682440169237,-0.02593882636637287,0.12051540399483064,-0.015653148675525815,0.0014368308947992922,0.987170819482849,0.0034636537787694067,-0.0037474628918704755,0.0019293883322705756,Walking,Washing Face
3.54,0.3218553577057428,-0.032973157790246385,-0.11429956215467926,-0.009408058416527934,-0.016165784124888134,0.1553447122060479,-1.255485538110071e-05,-0.011160300433672403,0.9956150875337396,0.003349354216614728,-0.0034256075341647326,0.0018964151744803295,Walking,Washing Face
3.56,0.4543462329761879,-0.08161945758310588,-0.18092109974115836,0.009997436958611897,-0.09708549226784309,0.14403151441795656,-0.011288372490777864,-0.006992889390826734,0.9857921209231462,0.003168433116873569,-0.002971261301188545,0.0018147957168972231,Walking,Washing Face
3.58,0.3835021743102378,-0.19848166452241495,-0.15632819183400798,-0.05891604642518609,0.03534195205902769,0.11536517942827561,-0.012787357288061555,-0.0013062654196918423,0.9869013462720742,0.003012104925039561,-0.0025877591268783067,0.0016163140523748083,Walking,Washing Face
3.6,0.4540223866358349,0.03369815572574865,-0.13000387481758235,-0.14627791582492006,-0.10509365131975086,0.1740652535642979,-0.012799705315342774,-0.0043271950679922375,1.000240527203598,0.002882101050221979,-0.0021337367402424717,0.001650012208100557,Walking,Washing Face
3.62,0.39197098109152806,-0.022776677108931005,-0.39453395303875616,-0.05877305845918002,-0.072210391651593,0.11429851896169126,-0.014789744037090862,-0.009322732540688817,0.993123713046703,0.002487567097183223,-0.0017417657591509437,0.0016272355309916262,Walking,Washing Face
3.64,0.4681896532959034,-0.001192808985977514,-0.4217066052390677,-0.05202437016213895,-0.12131369297503965,0.1463246694481115,-0.009812689235709491,0.0009621125078403902,0.9998441109238451,0.002065860491944155,-0.0012735761058550402,0.0016260427220056485,Walking,Washing Face
3.66,0.4180264448890786,0.0640791766839598,-0.34552437974984673,-0.12700846849948613,-0.013858720487618095,0.14045719815162883,-0.010556791865968106,0.008871289112408531,0.995603231273088,0.0017203361121943081,-0.0008555496609659616,0.0016901218986896081,Walking,Washing Face
3.68,0.4913304272808533,0.23050757761201843,-0.3299817599183062,-0.10332350507704281,-0.010106575658721707,0.11071360277639829,-0.005530884972408093,0.004651002570276363,0.9898330841209534,0.001390354352276002,-0.00036421923368510826,0.0019206294763016265,Walking,Washing Face
3.7,0.14625527055800566,0.056774299414133575,-0.3264667848737885,-0.1037205201995397,-0.025011080980020126,0.03406510909225452,-0.01937186314957326,0.0037778278326720026,0.9926172142245288,0.0010638875674022134,-0.00021796396312710257,0.0019774037757157603,Walking,Washing Face
3.72,0.45413941718832457,0.1577720955107664,-0.2817480749003397,-0.11946717048367775,-0.0049818032680513345,0.04227736062534027,-0.018982399144892005,-0.0038849477080868224,0.9790931528381024,0.0007821394925018738,0.00023617545406122203,0.0021351758712265263,Walking,Washing Face
3.74,0.36310555240354647,0.083649709372157,-0.23790177169746632,-0.12375626864995413,0.014125965216335403,-0.01918631327152731,-0.017037499561977157,-0.006670431951597691,0.9930557471200239,0.0005442377208044075,0.0005992810064647685,0.0022188255805986835,Walking,Washing Face
3.76,0.2773433984035478,0.07734965355424804,-0.034461660840142544,-0.09826774834366997,-0.0013174588412858729,0.012724309527288603,-0.008160384461103414,-0.0006179928435863886,0.9858821075551559,0.0005097760599642649,0.0008766244048683163,0.002296175234152931,Walking,Washing Face
3.78,0.15714294602602882,0.15615468669272797,-0.17198119035976434,-0.07879738054992261,-0.03596101146352965,-0.03803173055370692,-0.008052236942124383,-0.005679098579741489,0.9968487088281338,0.0003377948696045006,0.0010337673508943452,0.0024523299208456593,Walking,Washing Face
3.8,0.3412019582973478,0.29324112716761247,0.07126251163053841,-0.14297536536361588,-0.0019356321049254213,-0.03289404535737317,-0.02473033294764016,-0.008479902465405142,0.9934887425390148,0.00040905738123503903,0.0013749693091916928,0.0027455710480132718,Walking,Washing Face
3.82,0.1283622268668216,0.22867004181130815,0.16537742822916196,-0.10217666354389865,-0.0325658888723531,-0.05690006371585637,-0.01514254651822492,-0.008630341881835986,0.9918699276006648,0.0005744348094642009,0.0015033315360585145,0.00297424108982458,Walking,Washing Face
3.84,-0.021793819405367815,0.1922854903640853,0.2783937347436616,-0.0892259461698441,0.03515678939663756,-0.038659811588857396,-0.012483268244712223,0.00024065871777313383,0.9903408504961168,0.0008528285442078626,0.0014815377166531468,0.0031665265801886656,Walking,Washing Face
3.86,0.12939242709031906,0.20302120208030427,0.10065045817039434,-0.13365146653677085,0.08968443206124145,-0.023682786295112376,-0.009852184640677442,-0.014755622045790586,0.9900247845545206,0.0009534790023782568,0.001610930143743466,0.0033695477822689697,Walking,Washing Face
3.88,-0.09671642827234911,0.14610622117076436,0.12918344653379527,-0.10991200028767528,0.040310145630219,-0.09182801433759095,-0.01199175489623062,-0.005802895714848209,0.9965333891065989,0.0010826624489120521,0.0015142137154711167,0.003515654003439734,Walking,Washing Face
3.9,-0.007748485351992615,0.0026914807128574914,0.40373856230107574,-0.029549208408140907,0.0007004249664396096,-0.00435010997961985,-0.013881575240613562,0.0008632019654333219,0.985031825064086,0.0014864010112131277,0.001506465230119124,0.0035183454841525917,Walking,Washing Face
3.92,-0.12146663792868954,0.1404881187882,0.2991536165549375,-0.02128532220760896,0.051430000279311675,-0.0938265753417751,-0.014658746790022744,-0.008546820914437269,0.988138634045492,0.0017855546277680654,0.0013849985921904346,0.0036588336029407913,Walking,Washing Face
3.94,-0.14298670349695128,0.06712375465052864,0.1417638849301157,-0.0642473722544316,0.0421578318353187,-0.015459399059587953,-0.015238152300852879,-0.009121181001894428,0.9984443645892896,0.001927318512698181,0.0012420118886934833,0.0037259573575913205,Walking,Washing Face
3.96,-0.25876785564353527,-0.03463752785429891,0.4039895268298808,0.054853197158765174,-0.0004956379204616154,0.022415024918126643,-0.018616264884978192,0.0028994318934053636,0.9856688782626725,0.0023313080395280616,0.000983244033049948,0.0036913198297370215,Walking,Washing Face
3.98,-0.23116164834859904,0.03717672441412942,0.26332927568215786,0.05168349375551708,0.08884188872710189,0.004520080734881441,-0.009123128778325378,-0.003741086224335032,0.9894313308854902,0.0025946373152102194,0.000752082384701349,0.0037284965541511507,Walking,Washing Face
4.0,-0.2835610698932461,0.2212037462186245,0.27799476467973117,0.11438151371329058,0.05693705140978854,-0.060918581128796424,-0.012778566297952026,0.004007174448732491,0.9805246035956501,0.0028726320798899505,0.0004685213148081028,0.0039497003003697755,Walking,Washing Face
4.02,-0.1613939904584849,0.0014463161248209344,0.27712034932964713,0.09178631447485328,-0.005437156285368542,-0.005716611700500281,-0.010462393276687385,0.005586924088514128,0.9959314464001274,0.003149752429219598,0.00030712732434961794,0.003951146616494597,Walking,Washing Face
4.04,-0.3845195292665192,-0.13205571708625202,0.06733457500914711,0.09950922559365252,0.0713046427041977,-0.01682031754245565,-0.012121229347830423,-0.005983242051750072,0.9900088813065521,0.003217087004228745,-7.73922049169013e-05,0.0038190908994083445,Walking,Washing Face
4.06,-0.3333644370964136,-0.17667705796879143,0.14070775732927704,0.11872346729067967,-0.054570871191591167,0.06494871649375197,-0.02056764851915488,-0.008574929383365841,0.991675734101027,0.003357794761558022,-0.0004107566420133149,0.0036424138414395536,Walking,Washing Face
4.08,-0.23423265954732064,-0.17397864456689632,0.008330615290555766,0.09393064749544615,0.08068496383773514,0.04956740982601879,-0.018091126305730496,-0.01236333727667881,0.989639941768172,0.0033661253768485777,-0.0006449893015606357,0.003468435196872657,Walking,Washing Face
4.1,-0.1494797119209192,-0.3923662877523293,-0.29003220984974026,0.17541189370803414,-0.04956910776401533,0.038393225461131955,-0.020479016891888913,-0.010089320678069287,0.9906676127060012,0.0030760931669988373,-0.0007944690134815549,0.003076068909120328,Walking,Washing Face
4.12,-0.20338754181191132,-0.23778001941148308,-0.13730494961463452,0.14810895022487633,0.02806463926880129,0.10670047994053324,-0.0076592379303630385,-0.0118146805453671,0.9846445970351296,0.002938788217384203,-0.0009978565552934662,0.002838288889708845,Walking,Washing Face
4.14,-0.13039793274267356,-0.35693555243764014,-0.2986337412654075,0.12902550930763376,0.06504470672020364,0.03236896470107927,-0.01521049834142638,-0.008101329952582429,0.9927288519740489,0.002640154476118796,-0.00112825448803614,0.002481353337271205,Walking,Washing Face
4.16,-0.039532406366345335,-0.2974039833878639,-0.5735789494007534,0.15668281426271016,0.023296218944330125,0.07983113580275748,-0.012836212806101964,-0.011414893430265135,0.9964209850798293,0.0020665755267180418,-0.0011677868944024853,0.0021839493538833407,Walking,Washing Face
4.18,-0.2825234200550121,-0.2881035246876265,-0.29970874560407773,0.10280806838345558,-0.0254624316232578,0.06199239026736342,-0.011744272796911183,-0.0043921683459103075,0.9983471993770757,0.001766866781113964,-0.0014503103144574974,0.001895845829195714,Walking,Washing Face
4.2,-0.08411316501102228,-0.37254855705727113,-0.45913709202039765,0.2052167829030913,-0.00961664500970442,0.05313346503073117,-0.010283724889349146,-0.014897259528675825,0.9947864477944192,0.0013077296890935666,-0.0015344234794685196,0.0015232972721384431,Walking,Washing Face
4.22,-0.2474514344492463,-0.2691791607433699,-0.5550710711181341,0.13698938648807393,-0.05229957493817302,0.07642815060011314,-0.015919507747513467,-0.010437319360137344,0.9935631559453691,0.0007526586179754325,-0.0017818749139177658,0.0012541181113950733,Walking,Washing Face
4.24,0.09302383728764005,-0.0644034064948664,-0.5490086552204573,0.11924707587999209,0.007842350542339907,0.11280236673151912,-0.01293836789692543,-0.013622960177740213,0.9974522056251238,0.00020364996275497516,-0.0016888510766301257,0.001189714704900207,Walking,Washing Face
4.26,-0.08401154721006314,-0.21293846970104072,-0.6412056734538141,0.11558474374197825,-0.08090298536910737,0.03845224562061755,-0.019138227699611744,-0.009797863155210444,0.9854298045805523,-0.0004375557106988389,-0.001772862623840189,0.000976776235199166,Walking,Washing Face
4.28,0.02682007618170898,-0.26446291276956346,-0.4425469134263793,0.0790355156485535,-0.037913684838603585,0.07608019033522484,-0.013792374935978553,-0.008308086500842138,0.9941519530181924,-0.0008801026241252182,-0.0017460425476584801,0.0007123133224296027,Walking,Washing Face
4.3,0.12703133237294856,-0.3026290736610713,-0.6074005486119092,0.047878714423245344,-0.11164107336319355,-0.007418197018481997,-0.011104819855619726,-0.023497731851962182,0.9912879166563502,-0.0014875031727371276,-0.0016190112152855317,0.0004096842487685314,Walking,Washing Face
4.32,0.05551775019525823,-0.12523453861060455,-0.3486851098274892,0.0966780938110563,-0.041345637015343044,0.020174275548016016,-0.013099026379913212,-0.014465325754309677,0.9940961111196678,-0.001836188282564617,-0.0015634934650902732,0.00028444971015792686,Walking,Washing Face
4.34,0.2943859540275007,-0.00012405644963132956,-0.4235049870346543,0.0491965540773004,-0.041853127968821485,-0.0068722845514586055,-0.013416596645208192,-0.007328302274820179,0.9847294576141792,-0.002259693269599271,-0.0012691075110627726,0.00028432565370829554,Walking,Washing Face
4.36,0.19381262237113017,-0.1889500294790699,-0.19306665865734332,-0.02627605178196728,-0.08751069005405808,0.03177948270206752,-0.006222084789379486,-0.011510889167369144,0.9919887910778394,-0.0024527599282566145,-0.0010752948886916425,9.537562422922567e-05,Walking,Washing Face
4.38,0.38534864618877224,0.017320419681262997,-0.11599936876594709,0.016810482792001986,-0.02712445205060942,-0.0005817344334665357,-0.005610201382763766,-0.00637214739313058,0.9997716680550472,-0.0025687592970225614,-0.0006899462425028702,0.00011269604391048866,Walking,Washing Face
4.4,0.1543297483587134,0.05612628382338081,-0.16070952368649366,-0.0022384593835735388,-0.11292186837933953,-0.005359335257293674,-0.012286473204653706,-0.011442850867989749,0.9964133199730193,-0.002729468820709055,-0.0005356164941441568,0.00016882232773386945,Walking,Washing Face
4.42,0.23581767490004954,0.1592135233350249,0.009820502806846742,-0.058542525690147326,-0.021647615669898035,-0.0959901821360808,-0.009757506836982496,-0.006946360920981175,0.9999485101472202,-0.002719648317902208,-0.0002997988192441072,0.00032803585106889435,Walking,Washing Face
4.44,0.1366854811901829,0.08100438546930455,0.11952059084426488,-0.08971926072409749,-0.04799271013017971,-0.06660457380396557,-0.013698408572469376,-0.008487075470617916,0.9977049248049218,-0.0026001277270579436,-0.00016311333805392434,0.00040904023653819886,Walking,Washing Face
4.46,0.3481895693397893,0.18737177634327248,0.14501246876225038,-0.07204584937421282,-0.07334592780326486,-0.004712289414019877,-0.012759311000643318,-0.012035138725053133,0.9856046521222122,-0.002455115258295693,0.00018507623128586497,0.0005964120128814714,Walking,Washing Face
4.48,0.28587642283750264,0.06974798735735774,0.20694521103042762,-0.1007162922223247,-0.07819402415294242,-0.11357864463503702,-0.01056678262938597,-0.008365210950130039,0.9946375544051355,-0.0022481700472652653,0.0004709526541233676,0.0006661600002388292,Walking,Washing Face
4.5,0.1737630583208668,0.4043707162703095,0.3891046564058034,-0.08613573954729042,-0.0015727438795380964,-0.07834873727647544,-0.007346012265548717,-0.009103929686482966,0.991173237640571,-0.0018590653908594622,0.0006447157124442344,0.0010705307165091388,Walking,Washing Face
4.52,0.27809302313589396,0.18318176175385903,0.5326898294237937,-0.03748203259778269,-0.07678221561979826,-0.08238290582886336,-0.006297971430460872,-0.009363710219394842,0.9946209215400963,-0.0013263755614356682,0.0009228087355801284,0.001253712478262998,Walking,Washing Face
4.54,0.19546059314174244,0.34171975480448974,0.5041795428616752,-0.07833737953984524,-0.04222057513764228,-0.0858775503860872,-0.020161532250880326,0.0005516230832681331,0.9903800013007826,-0.0008221960185739931,0.0011182693287218708,0.0015954322330674878,Walking,Washing Face
4.56,0.29989281898356446,0.3021610743000927,0.47887532768353863,-0.11103842840500358,-0.05765273022538849,-0.13273490087703949,-0.003641466731036781,-0.0050240728447033456,0.9992170857778007,-0.0003433206908904545,0.0014181621477054353,0.0018975933073675803,Walking,Washing Face
4.58,0.07333591420461193,0.22727074431411676,0.4922675490723142,0.032437818293504866,-0.03169491888297067,-0.1045946995414309,-0.009080729232279287,-0.0063731014560697765,0.9877048511483599,0.00014894685818185978,0.0014914980619100471,0.002124864051681697,Walking,Washing Face
4.6,-0.015716583977932352,0.23572251902348307,0.5571642642810564,-0.056465381119373555,-0.04353353936482273,-0.05399586657047865,-0.01510725097552909,-0.008397539716638477,0.9923663702878138,0.0007061111224629163,0.001475781477932115,0.0023605865707051798,Walking,Washing Face
4.62,0.24981991482795507,0.46010432492382963,0.5540989880523896,-0.04450411166032816,0.0072381814675679295,-0.09560350666692612,-0.0009819969347124695,-0.012585927293314857,0.9988865549587947,0.0012602101105153056,0.00172560139276007,0.002820690895629009,Walking,Washing Face
4.64,0.16119640720305617,0.3195531586560156,0.47866510546119906,-0.033544362469756756,0.006227013214045202,-0.06222892844310201,-0.014029473040165398,-0.0017348377654639521,1.000363824264839,0.0017388752159765047,0.001886797799963126,0.0031402440542850248,Walking,Washing Face
4.66,0.06329192045611386,0.30164817514324627,0.5367260081780795,-0.03670210943497621,0.01758359686745914,-0.017099587924225786,-0.005770302002586067,-0.01749027033391785,0.9972432315175794,0.002275601224154584,0.00195008972041924,0.003441892229428271,Walking,Washing Face
4.68,-0.030519974068493237,0.17785356591370377,0.34721179533481594,-0.049063053018606625,0.02207413220294678,0.041550790227721825,-0.012646874804985468,-0.0006387987198503593,0.9819510464763638,0.0026228130194894004,0.0019195697463507467,0.003619745795341975,Walking,Washing Face
4.7,-0.06883557548243804,0.27608407721958556,0.24822483979639118,-0.0018955199364723042,0.012801686194244394,-0.11181984595396866,-0.01005583966767354,-0.01134753651664208,1.0016630935218351,0.0028710378592857917,0.0018507341708683086,0.00389582987256156,Walking,Washing Face
4.72,-0.1651544173938058,0.24707738460641968,0.11238445030046007,0.10417548372346427,0.08059137652683818,-0.032134114421388,-0.011063650954411322,-0.01434506175051497,0.9943723943317605,0.0029834223095862515,0.0016855797534745028,0.00414290725716798,Walking,Washing Face
4.74,-0.15384944486382426,0.03541791684381271,0.10134625605013865,0.08171886164182791,0.0326748445690972,-0.026191960858145957,-0.014309782280867298,-0.012690220244147742,1.002578441033758,0.00308476856563639,0.0015317303086106785,0.004178325174011793,Walking,Washing Face
4.76,-0.24340455180162643,0.14055394511821878,0.15790806977309266,0.09046592820054533,0.014650249328109304,0.0077063608142546505,-0.016903556072983397,-0.016100169883482396,0.9982422012013954,0.0032426766354094827,0.0012883257568090522,0.004318879119130012,Walking,Washing Face
4.78,-0.23521775881738893,-0.007926466896188193,-0.10165671338563022,0.053483822158522897,0.15020479569112175,0.12038799329928736,-0.013758308575970787,-0.016129686141401985,1.0007868492322523,0.0031410199220238523,0.0010531079979916632,0.004310952652233824,Walking,Washing Face
4.8,-0.39095524166971185,-0.005237934430834711,-0.22369918948430254,0.030239231327797402,0.08433473339722922,0.09529506305837322,0.0026856646269865416,-0.017485052412974298,0.9993508183465387,0.0029173207325395504,0.0006621527563219513,0.0043057147178029885,Walking,Washing Face
4.82,-0.4104527458965759,-0.1197516732599806,-0.18667793671938682,0.1573247569749183,0.06133129266926631,0.1292310458340675,-0.011326781018092244,-0.010383061632632551,0.9893848046873611,0.0027306427958201634,0.0002517000104253754,0.004185963044543008,Walking,Washing Face
4.84,-0.46106859561352687,-0.15011260132055798,-0.20662170032547406,0.09309032132839325,0.1003207228516388,0.11299722445974576,-0.015393074004961597,-0.02197575861614917,0.9899595998030984,0.002524021095494689,-0.00020936858518815152,0.0040358504432224515,Walking,Washing Face
4.86,-0.3504762768641373,-0.2892923022292351,-0.39860980647146843,0.08268736952031396,0.08649132717169546,0.18091127631409915,-0.004210544875911145,-0.01670937238098004,0.9949336037247558,0.0021254112890232205,-0.0005598448620522888,0.003746558140993216,Walking,Washing Face
4.88,-0.5577727863319801,-0.14363963082438302,-0.45352974001032614,0.11954878412861077,0.13981982879509816,0.13811139024356633,0.0010802588031608197,-0.012648388260691038,0.9924789490998193,0.0016718815490128947,-0.0011176176483842692,0.0036029185101688326,Walking,Washing Face
4.9,-0.3808247127280588,-0.1799710751204791,-0.2167843030974036,0.06878225287160206,0.12859875101787605,0.07486570413549053,-0.006945512801518837,-0.021906079804287302,0.9984042157874088,0.001455097245915491,-0.001498442361112328,0.0034229474350483536,Walking,Washing Face
4.92,-0.5093131183889842,-0.1787280767225788,-0.2897753663630397,-0.0169353290257195,0.06995561559638094,0.08642656752654951,-0.008006639874611875,-0.008188076968319179,0.9908944881240646,0.0011653218795524515,-0.002007755479501312,0.0032442193583257744,Walking,Washing Face
4.94,-0.400061835271632,-0.17243447256276898,-0.23799445229680521,0.028014731801036946,0.0649851874941352,0.15087493113251882,-0.010045092155678136,-0.013065890019046575,0.9949080875055465,0.0009273274272556462,-0.002407817314772944,0.0030717848857630056,Walking,Washing Face
4.96,-0.44619996835496256,-0.13887296213112918,-0.14812281572170685,-0.0010749741261993342,0.11572327948969666,0.1338031226347714,-0.012508496001453692,-0.01171083434795874,0.9865394163526163,0.0007792046115339394,-0.0028540172831279065,0.002932911923631876,Walking,Washing Face
4.98,-0.5039939718695479,-0.20189982900076012,-0.13706996589283743,0.057324778073642474,0.07064210065993226,0.12137863220457075,-0.006856764535990846,-0.011487938258170466,1.0024204425627654,0.0006421346456411019,-0.0033580112549974543,0.0027310120946311164,Walking,Washing Face
5.0,-0.3073254443418533,-0.21361488577197485,-0.05839950080745966,0.0032622387324521733,0.13606242550981057,-0.049401390986678596,-0.014662125286114845,-0.015993702019992364,0.9884992522327539,0.0005837351448336422,-0.0036653366993393078,0.0025173972088591416,Walking,Washing Face
5.02,-0.41306774795110646,-0.029752457273950234,-0.07759443085665028,-0.07196682883126809,0.040747845392542344,0.10576005752890336,-0.006015524221853282,-0.01782655589767402,0.9969605965100281,0.000506140713976992,-0.004078404447290414,0.0024876447515851914,Walking,Washing Face
5.04,-0.4661694383976123,-0.04926928522861369,0.15932126359853926,0.010175634103998904,0.054029068328019667,0.023862518799393453,-0.004656905401732846,-0.02008208989645979,0.9979723425367308,0.0006654619775755312,-0.004544573885688026,0.002438375466356578,Walking,Washing Face
5.06,-0.465293517213575,-0.3391746674994254,-0.14270607520663867,-0.14928406978757877,-0.0006752960978809407,-0.040327046138841895,-0.011066916712040435,-0.014473536020512635,0.9920222977703446,0.0005227559023688925,-0.005009867402901601,0.0020992007988571526,Walking,Washing Face
5.08,-0.35021431005523485,-0.07724802125996358,0.2536612696453365,-0.06383427304962566,0.00396436633272439,0.1066997104370045,-0.009909298678662257,-0.014870687867804778,0.9910498941509416,0.000776417172014229,-0.005360081712956836,0.0020219527775971885,Walking,Washing Face
5.1,-0.2965836744361728,-0.04703120564485611,0.25092599637210955,-0.04305140398245341,-0.025283816660935467,0.029362610470440198,-0.011317792159062328,-0.018269268578030087,0.9920703447817334,0.0010273431683863385,-0.005656665387393009,0.001974921571952333,Walking,Washing Face
5.12,-0.12703252195920284,-0.050483734995376624,0.18596441480700976,-0.17951930621455428,-0.009307243224980392,-0.03692274383877162,-0.018326887144668957,-0.024507147104192148,0.9964169113847063,0.0012133075831933483,-0.005783697909352212,0.001924437836956956,Walking,Washing Face
5.14,-0.08381892370408178,0.005659910803270069,0.4183797232982377,-0.19190023431966863,-0.05503808729596478,0.0019255692210434234,-0.0031791577285646853,-0.01865737432852463,0.9949059800480596,0.0016316873064915857,-0.005867516833056294,0.0019300977477602261,Walking,Washing Face
5.16,-0.10578039907128302,0.10305721721113187,0.24125874699102828,-0.14652996494191473,-0.129581006701783,-0.07205522467673915,-0.0022764945667558814,-0.008582802289314252,0.9974385982886257,0.0018729460534826143,-0.0059732972321275765,0.0020331549649713577,Walking,Washing Face
5.18,0.09158444724045506,0.1265738521430284,0.32860168016987523,-0.15020719647287065,0.002130767944819115,-0.036998337177909464,0.00491113634984869,-0.018580615796985563,0.9964310991863545,0.0022015477336524898,-0.005881712784887121,0.0021597288171143862,Walking,Washing Face
5.2,-0.03429374425052715,0.004771839435291608,0.3881311119043843,-0.19407139407210466,-0.03423715682479448,-0.04317698216013988,-0.0055344040049212714,-0.019184581575720085,0.9994744734289575,0.0025896788455568743,-0.005916006529137648,0.002164500656549678,Walking,Washing Face
5.22,0.09936873859138998,0.24203701557354096,0.38174783976888615,-0.1501838570671552,-0.05378770446722449,-0.029866366950071443,0.0013964049746377615,-0.018730460704914593,1.0002461395900382,0.0029714266853257607,-0.005816637790546258,0.0024065376721232193,Walking,Washing Face
5.24,0.06234055513169071,0.36975027089671914,0.17020740974251747,-0.150122568713107,-0.018144486335174737,-0.020031608436268195,-0.010012593085670417,-0.010407784240372739,0.9886637869966232,0.003141634095068278,-0.005754297235414567,0.0027762879430199383,Walking,Washing Face
5.26,0.26913224589635015,0.008521275832248182,0.04519093070541674,-0.17558536638392525,-0.051142715849544676,0.026790924934584563,-0.006073748638427521,-0.014890894193346615,0.9993864863429625,0.0031868250257736947,-0.005485164989518217,0.0027848092188521864,Walking,Washing Face
5.28,0.19945460330350606,0.2686123948570887,0.14835395749607477,-0.16847631112499872,-0.1733060255263364,-0.0786551431633793,-0.0007826331327987135,-0.017967683579594287,1.0004874143077174,0.003335178983269769,-0.005285710386214711,0.003053421613709275,Walking,Washing Face
5.3,0.4130878991795731,0.13368063400406913,0.00654665429326344,-0.09047047345626957,-0.05952888915869436,-0.11943813621292067,-0.006626458500756358,-0.018955432161951703,0.9980454757180022,0.003341725637563032,-0.004872622487035138,0.0031871022477133444,Walking,Washing Face
5.32,0.3592690632372223,0.14665509449196062,-0.0781479108534356,-0.0957996168542488,-0.07519594644786187,-0.038284232496031925,-0.0043421544282855945,-0.01648471828922397,0.9882185828119165,0.0032635777267095963,-0.0045133534237979155,0.003333757342205305,Walking,Washing Face
5.34,0.43919168848977325,0.07823420381543701,0.11126069397388846,-0.18883706422172994,-0.0481704521740371,0.0027126494573623313,-0.005265234001101186,-0.017458472710823906,0.9980980980671034,0.003374838420683485,-0.004074161735308143,0.003411991546020742,Walking,Washing Face
5.36,0.413685609105898,0.28379472522174115,-0.4568883175002456,-0.09058614644614171,0.032824667252313366,0.01643077627640204,-0.010111152244397435,-0.014871783833794575,0.9942128544579008,0.002917950103183239,-0.0036604761262022446,0.003695786271242483,Walking,Washing Face
5.38,0.5978423140569403,0.1272175770315343,-0.43550581375508896,-0.10142612086931613,-0.021903434486727474,-0.0698774539552344,-0.006056836793406121,-0.02348417615223211,1.0011562916636363,0.00248244428942815,-0.003062633812145304,0.0038230038482740176,Walking,Washing Face
5.4,0.5065886862135685,0.07561718103468926,-0.484839509375607,-0.02259084598240352,-0.025884408118570845,-0.025688100422158466,-0.002211016433713296,-0.009144554974580603,0.9947298764693021,0.001997604780052543,-0.0025560451259317354,0.003898621029308707,Walking,Washing Face
5.42,0.47967498249980167,0.034484078896517355,-0.4181641002753309,-0.01547926889833836,-0.0333505827002898,-0.026442000063907352,-0.010814731741712548,-0.024631996094848122,1.00306352297441,0.001579440679777212,-0.0020763701434319336,0.003933105108205224,Walking,Washing Face
5.44,0.36512658972651396,-0.013991595683490253,-0.5328839315196728,0.06352040410046383,-0.01669925645881691,-0.03426907160277687,-0.0049898432109714355,-0.020640550569326524,0.9986931730134703,0.0010465567482575394,-0.00171124355370542,0.003919113512521734,Walking,Washing Face
5.46,0.4504394258864347,0.07225508783647773,-0.5246247474389669,-0.040065196557035714,0.012131485333438961,0.05563163322381867,-0.002626883420632815,-0.023621882435549916,0.9973426888358117,0.0005219320008185724,-0.0012608041278189851,0.003991368600358212,Walking,Washing Face
5.48,0.15093751673782685,0.049990953582164765,-0.44468396433757307,0.10563429072303804,0.01820199708207151,0.02573912577264273,3.314373300454011e-05,-0.026200417690255447,0.9960169714196028,7.724803648099932e-05,-0.0011098666110811583,0.004041359553940377,Walking,Washing Face
5.5,0.6013921030566574,-0.2189733830184503,-0.6254467145423204,0.13940937477815604,-0.025524300235606447,0.032340539606680374,0.00012435697675679432,-0.022395974146497577,1.0047790171639828,-0.0005481986780613211,-0.0005084745080245008,0.003822386170921926,Walking,Washing Face
5.52,0.2413124988734078,-0.25373931910623565,-0.5691972282447184,0.07433341185659322,-0.00278097074313026,0.12804700646280326,-6.455130234249776e-05,-0.020965523181247565,0.9948609129394781,-0.0011173959063060395,-0.000267162009151093,0.003568646851815691,Walking,Washing Face
5.54,0.4658332097134664,-0.24665337927434083,-0.5155425220116044,0.11791549643680066,0.016179991578399652,0.11428501250013601,-0.006558013733037474,-0.020648879578733632,1.0021670598002295,-0.001632938428317644,0.0001986712005623734,0.0033219934725413494,Walking,Washing Face
5.56,0.3986920899890012,-0.20387216997264815,-0.3540201309234198,0.1490198800680367,0.07010239593122826,0.1658440667496028,-0.008394916022246294,-0.024120573062658517,0.9933054746996868,-0.0019869585592410637,0.0005973632905513747,0.003118121302568701,Walking,Washing Face
5.58,0.317725537396779,-0.26406842621543375,-0.4659483832135953,0.04366624587017006,0.06449431533407646,0.032211167552217264,-0.005888114119783719,-0.014993713423854773,0.9989196319225708,-0.002452906942454659,0.0009150888279481537,0.002854052876353268,Walking,Washing Face
5.6,0.2657527058400285,-0.21848403751573497,-0.24324866904240572,0.15820471270062283,0.1381883203538673,0.0839849385170011,-0.0056870723687811224,-0.015013668283137799,0.9986729178932222,-0.0026961556114970648,0.0011808415337881822,0.0026355688388375324,Walking,Washing Face
5.62,0.1597524270659059,-0.2657825533902646,-0.21624152477903147,0.14349548552085287,0.0040180419452156505,0.02918454956023707,-0.008209675312061064,-0.02149705899247463,0.999815684772964,-0.0029123971362760965,0.001340593960854088,0.0023697862854472683,Walking,Washing Face
5.64,0.2197982268715812,-0.26918958771455526,-0.19157981928238366,0.19361611068142098,0.048015911136453635,0.11766821803715592,-0.0030688290688280968,-0.022014967196500645,0.9968000235097924,-0.00310397695555848,0.0015603921877256693,0.002100596697732713,Walking,Washing Face
5.66,0.2489238796932385,-0.4889967533082479,-0.0031409679075486974,0.14235534630596341,-0.014727268573769017,-0.0029802048740065427,-0.0033515622506911777,-0.009689138283988673,0.9947193559722476,-0.003107117923466029,0.0018093160674189077,0.0016115999444244649,Walking,Washing Face
5.68,0.1419240482254942,-0.13381333466658357,0.20665744242418221,0.1510159787874941,-0.015267179668940463,0.05074562854364742,-0.010358614179818499,-0.021721539568047767,0.9923165475065813,-0.0029004604810418467,0.001951240115644402,0.0014777866097578814,Walking,Washing Face
5.7,-0.06087642744337117,-0.18374000197313933,0.17120743716278997,0.1304629075401695,0.08811061072038591,-0.05099498163321777,-0.00787854564298456,-0.022493174166825194,0.9955154307206513,-0.002729253043879057,0.001890363688201031,0.0012940466077847419,Walking,Washing Face
5.72,0.07348405126364645,-0.2232879680058922,0.3427366234074708,0.0817712655236586,0.07131702218056003,0.06572176853236837,-0.009586713294765035,-0.0115245592847331,0.9990076356273503,-0.0023865164204715864,0.0019638477394646778,0.00107075863977885,Walking,Washing Face
5.74,-0.2730063400639035,-0.34600297565925786,0.36430400083560943,-0.002712270724207348,0.08016414143958708,-0.09999732967970706,-0.008333362178706586,-0.019728043159230938,0.9897544941073018,-0.0020222124196359764,0.001690841399400774,0.0007247556641195919,Walking,Washing Face
5.76,-0.0025171519255080543,-0.09211484880887524,0.6480230924794856,0.09978797189771285,0.037248936931216114,-0.054401638626967154,0.0016832350148872836,-0.01811777357146943,1.0007748779574397,-0.0013741893271564908,0.0016883242474752657,0.0006326408153107168,Walking,Washing Face
5.78,-0.13613788978205946,-0.09421533959240223,0.48816575572878285,0.0005638972737150166,0.008784861601821441,-0.05384327398872816,-0.002138530815697462,-0.021626113672706948,0.9922103185144319,-0.0008860235714277078,0.0015521863576932063,0.0005384254757183144,Walking,Washing Face
5.8,-0.24672035757778224,-0.05353265108044024,0.5759469275769341,0.022154462216816162,0.004857207953869334,-0.034882358421467335,0.0005728833776895881,-0.021263481006598573,0.9936937284848669,-0.00031007664385077375,0.001305466000115424,0.0004848928246378742,Walking,Washing Face
5.82,-0.16267602826936983,0.08576721023367535,0.5291816227605948,0.02968158081731014,-0.0029058712006139395,-0.1394177089787395,-0.01254454873287417,-0.025828965725566012,0.9988928395605676,0.00021910497890982106,0.0011427899718460541,0.0005706600348715496,Walking,Washing Face
5.84,-0.2758079204233637,-0.030132494529921523,0.5000850423619819,0.0243984879715874,0.013896373285359273,-0.08649495008495241,0.0020100169273859925,-0.01796807146423502,0.9888397502993075,0.0007191900212718031,0.0008669820514226904,0.0005405275403416281,Walking,Washing Face
5.86,-0.14182502002525643,-0.004209795695437159,0.5443612802839694,-0.2123764534746248,-0.04473427877778212,-0.12777544493850518,0.00710571952608492,-0.02877266232085253,1.0013876254775471,0.0012635513015557725,0.0007251570313974341,0.000536317744646191,Walking,Washing Face
5.88,-0.2112350473633015,0.18006134478531655,0.5788228983700355,-0.09485409106311005,0.02856909569118409,-0.1175385756254231,0.0015350424979941328,-0.024941572498143532,1.0009316458981805,0.001842374199925808,0.0005139219840341325,0.0007163790894315075,Walking,Washing Face
5.9,-0.21399867054835647,0.10281490473469788,0.3601578045363779,-0.08715432863806066,-0.049714073150541944,-0.14260527429594455,-0.00010521119247746237,-0.027489419236304834,0.9932031568891927,0.002202532004462186,0.00029992331348577603,0.0008191939941662055,Walking,Washing Face
5.92,-0.2924788776739493,0.08381415324632126,0.32671379763368313,-0.07056437246077048,-0.07289686993712238,-0.03603476187329457,0.0005920428548138929,-0.023866330625832332,1.0010892985916013,0.0025292458020958696,7.444435811826689e-06,0.0009030081474125268,Walking,Washing Face
5.94,-0.2734815464460188,0.25804218254855327,0.14855026689582285,-0.07108798645593602,-0.06627901847306014,-0.06433765750002389,-0.0024974905889955878,-0.027399422222843205,1.006738073072626,0.002677796068991692,-0.00026603711063419213,0.00116105032996108,Walking,Washing Face
5.96,-0.29471177446748753,0.270297710760187,0.2715162036940316,-0.09439999526281641,-0.11537176422946142,-0.1079679557263399,-0.008401991589521905,-0.019873121411391595,0.9907813092925846,0.0029493122726857238,-0.0005607488851016796,0.001431348040721267,Walking,Washing Face
5.98,-0.3493551254950315,0.17075434713230253,0.05647675746706218,-0.13265879330651298,-0.09882025676903174,-0.02269607197010136,0.0037489041792378988,-0.027201145190591695,0.9908201093219633,0.0030057890301527865,-0.0009101040105967111,0.0016021023878535696,Walking,Washing Face
6.0,-0.20006822422406392,0.3151851044186742,0.021350281544070406,-0.0923336461519218,-0.045256754904417155,-0.09122817667788378,-0.00446597018535208,-0.01964559350208767,1.0030085477444928,0.0030271393116968566,-0.001110172234820775,0.0019172874922722437,Walking,Washing Face
6.02,-0.2981303377707738,0.24087726852433963,0.03655879300649292,-0.039873773911161516,-0.06817154318062689,-0.07623711135927455,0.001536707379870037,-0.03470297497493749,0.9954636645103904,0.0030636981047033494,-0.001408302572591549,0.0021581647607965835,Walking,Washing Face
6.04,-0.22036321411140342,0.29754008354760775,-0.2216817728784401,-0.18565656556564986,-0.11604083685917749,-0.028106284873160768,-0.003510536355921748,-0.03228851443091301,0.999264871751713,0.002842016331824909,-0.0016286657867029522,0.0024557048443441913,Walking,Washing Face
6.06,-0.1295494371386227,0.2931311085161762,-0.19139497753134838,-0.15124710820478876,-0.13953243152956862,0.011114531838641485,-0.005052109800499178,-0.023897549251792122,0.9993310346053231,0.0026506213542935608,-0.001758215223841575,0.0027488359528603673,Walking,Washing Face
6.08,-0.14814323724030223,0.24513715189492735,-0.26566633718470883,-0.11389646369707283,-0.0605232742303339,0.015360962618738585,0.004557736862688056,-0.033787148014615645,1.0001396564174707,0.002384955017108852,-0.0019063584610818772,0.0029939731047552948,Walking,Washing Face
6.1,0.036878013569617424,0.21106850768005017,-0.28597931374717245,-0.003620738570977944,-0.05107171772050716,0.020997322217826422,0.0024074141049862208,-0.03153114862342873,0.9943273088285702,0.0020989757033616795,-0.0018694804475122596,0.003205041612435345,Walking,Washing Face
6.12,-0.15044032748311958,0.49733794372961637,-0.3130718786410426,-0.057055019651233364,-0.074574550362861,0.06295151262403136,-0.0003040853867993738,-0.023721010907957352,0.9930611195915399,0.0017859038247206372,-0.0020199207749953796,0.003702379556164961,Walking,Washing Face
6.14,0.1330220467654846,0.35821430978191926,-0.3795824199002833,-0.04912361263292554,-0.06342712780913293,0.0915624498790225,0.004531365152316194,-0.014739648917723027,0.9960293027795702,0.0014063214048203538,-0.001886898728229895,0.0040605938659468805,Walking,Washing Face
6.16,-0.01645207980263466,0.39178336010878656,-0.25930953309013105,0.05843919711690456,-0.1060383744970924,0.13162823063257703,-0.0025446441506092603,-0.02596041936643211,0.9929865439968991,0.0011470118717302226,-0.0019033508080325294,0.004452377226055667,Walking,Washing Face
6.18,0.12302655934249072,0.11749711310831144,-0.31121089319277473,0.04848270122028321,-0.07517324621807382,0.08776520392465312,0.0002473029259056545,-0.020573697493121327,0.9912151834005161,0.000835800978537448,-0.0017803242486900388,0.004569874339163979,Walking,Washing Face
6.2,0.19774500276751722,0.2255828082621798,-0.1772134435255694,0.03891694887837653,-0.030476929236366503,0.11186433720193806,-0.0020506778720404185,-0.02611367663384117,0.9966274386388065,0.0006585875350118786,-0.0015825792459225217,0.0047954571474261585,Walking,Washing Face
6.22,0.29812180277626776,-0.08318548350407916,-0.30950845377758796,0.046947847354841844,-0.034318186445705716,0.12267227234564385,-0.0022399673751040427,-0.01750122815352481,0.9994286271036937,0.0003490790812342907,-0.001284457443146254,0.00471227166392208,Walking,Washing Face
6.24,0.2713346393685544,0.06868532009130553,-0.16802606651545993,0.056573836340983875,-0.007125291183119522,0.1433916911996654,0.0035427065167608672,-0.02830729137696831,0.9961638220274017,0.00018105301471883073,-0.0010131228037776995,0.004780956984013386,Walking,Washing Face
6.26,0.22723139124013728,-0.059112731678349795,-0.04719551090353563,0.0880682213391837,-0.010452132537536291,0.12088665152495015,-0.003092140558126909,-0.025457204733561462,0.9882330677313512,0.0001338575038152951,-0.0007858914125375623,0.004721844252335036,Walking,Washing Face
6.28,0.16452811540445145,-0.06341588704591763,0.18937645683842474,0.16924628980876513,-0.08149273366328445,0.16441595306758025,0.0026712119814472648,-0.030699678293547427,0.9973948481763465,0.00032323396065371985,-0.0006213632971331109,0.004658428365289118,Walking,Washing Face
6.3,0.2513890742510888,-0.03616226869353773,0.22485014150851668,0.06622663198569775,0.015288637848027075,0.10040897907493476,-0.0012754585125245737,-0.03645760693438353,0.99100616475367,0.0005480841021622365,-0.0003699742228820221,0.00462226609659558,Walking,Washing Face
6.32,0.2741931612402832,-0.06953090311763828,0.07864532792022429,0.04203389470886793,0.034286270369005785,0.09071193400583119,-1.7843416765736856e-05,-0.0236667855912965,1.0005815756139929,0.0006267294300824608,-9.578106164173888e-05,0.0045527351934779425,Walking,Washing Face
6.34,0.34677671974023444,-0.1930255661923484,0.25718797947256544,-0.0005825211601919629,0.09756298088060815,0.08333632751370836,-0.000962757022693304,-0.021030909607467854,0.9899513716902516,0.0008839174095550263,0.00025099565809849557,0.004359709627285594,Walking,Washing Face
6.36,0.051580616151172515,0.0714999811109546,0.38630494529202886,0.04695069229458376,0.06844049027718684,0.06346257561935825,-0.005074354784233822,-0.025703859509885393,0.9999669885215134,0.001270222354847055,0.00030257627424966804,0.004431209608396549,Walking,Washing Face
6.38,0.22171879755832996,-0.20961359325285708,0.23343336043512575,0.07888605405117376,0.06173362707362619,0.1608397753514049,0.007773004407946576,-0.03344089563889521,1.0031718359348605,0.001503655715282181,0.000524295071807998,0.004221596015143692,Walking,Washing Face
6.4,0.5445379732247073,-0.10701577433589231,0.29566119429860604,0.041926471827630214,0.054649369444165936,0.06680267368291234,-0.0039559049006552445,-0.021313645487802527,0.99162358049659,0.001799316909580787,0.0010688330450327054,0.0041145802408077995,Walking,Washing Face
6.42,0.3102454562393451,-0.2954746888954026,0.38343687757653244,0.03710241257536881,0.13996528064548566,0.013276749252319793,-0.00242877044466506,-0.025787909230763108,1.003980170830104,0.0021827537871573193,0.0013790785012720505,0.003819105551912397,Walking,Washing Face
6.44,0.20303740531520234,-0.15709411041001092,0.5593033161303296,0.09566565299426547,0.08667436524052723,0.011297189000374845,0.006497435412000904,-0.02299889136548286,1.0042769788644972,0.002742057103287649,0.0015821159065872528,0.0036620114415023865,Walking,Washing Face
6.46,0.07113273222472662,-0.15608377252054983,0.2877574539578799,0.001655077595726179,0.10590409573139767,0.021476088827184138,0.0002114636908141453,-0.03533418889116495,1.0021730156106932,0.0030298145572455284,0.0016532486388119794,0.0035059276689818363,Walking,Washing Face
6.48,0.18906256431921376,-0.34050826959322633,0.24145992947922823,-0.02439142764803328,0.028878105754366917,-0.0442538801921858,-0.0027139277673746873,-0.03253452414846262,0.9910287314731586,0.003271274486724757,0.0018423112031311932,0.0031654193993886103,Walking,Washing Face
6.5,0.24484952252641512,-0.02354740619081222,0.2736023568907701,-0.037076189795291876,0.06540838927629641,-0.09513620268902598,-0.0014280514786818902,-0.02295695254010401,1.0013986747533161,0.003544876843615527,0.002087160725657609,0.003141871993197798,Walking,Washing Face
6.52,0.02133698585222138,-0.1518633587109915,0.1294248897371769,0.01836017969832335,0.08274374839855558,-0.04944961823331205,-0.0035051421907677325,-0.025976854264248353,0.9998808742030707,0.0036743017333527037,0.00210849771150983,0.002990008634486806,Walking,Washing Face
6.54,-0.03503713567447524,-0.10535606885120566,0.013629684132897862,-0.0763468482951668,0.10753192385462146,-0.09902060348573306,0.010143083540674796,-0.030239213791555763,0.9972125128765803,0.003687931417485602,0.002073460575835355,0.0028846525656356006,Walking,Washing Face
6.56,-0.17828662768959572,-0.16499806350151136,-0.17771179556841651,-0.05151933864593172,-0.0029183876954474147,0.06875380050610773,0.003752658166446432,-0.024035401955990375,1.0013979197424359,0.003510219621917185,0.0018951739481457592,0.0027196545021340897,Walking,Washing Face
6.58,-0.08490687076577433,-0.06957154816904017,-0.14020424808540619,-0.1256555643194896,0.10111526646608202,-0.049809044972825414,0.007773966620231332,-0.032475274970409904,1.005485152493424,0.0033700153738317785,0.001810267077379985,0.002650082953965049,Walking,Washing Face
6.6,-0.22817813439342827,0.048365319736953655,-0.20217367087826726,-0.09583001875963239,0.016572277210334704,-0.09297468324256676,0.005896035461666475,-0.03077494871669242,0.9984488876826899,0.003167841702953512,0.0015820889429865566,0.002698448273702003,Walking,Washing Face
6.62,-0.2352836090908252,0.00037014499710578963,-0.4078827507816244,-0.13559545434767362,0.08953804131616873,-0.06405242907124434,0.007420196041228278,-0.025295910940050282,1.0014535075931148,0.0027599589521718876,0.0013468053338957313,0.0026988184186991088,Walking,Washing Face
6.64,-0.13906087687656102,0.12819885070574866,-0.5139420178737005,-0.19296834908038812,0.10409442125869721,-0.0006371170978317717,-0.0030826092050549193,-0.02619357363140206,1.0048387192347514,0.002246016934298187,0.0012077444570191703,0.002827017269404857,Walking,Washing Face
6.66,-0.23040304390858551,0.0816797420155514,-0.4616143212146611,-0.08299349920249088,0.038994524836554995,-0.078734326587257,0.0060491880886182105,-0.03919176122650241,1.0037334224505299,0.0017844026130835258,0.0009773414131105846,0.002908697011420409,Walking,Washing Face
6.68,-0.345201704075054,0.0770538673273818,-0.6124816339179864,-0.14896982099306127,0.0605048823351962,-0.034390911063327825,0.009426727710335748,-0.035274796703503,1.0026799880511152,0.0011719209791655394,0.0006321397090355307,0.0029857508787477904,Walking,Washing Face
6.7,-0.32780054929672436,0.21253486972512048,-0.6553715129234668,-0.15491291439793667,0.060424993109415945,-0.03712756704623175,0.003591966432458988,-0.030252900600998025,0.9952732225177084,0.0005165494662420726,0.00030433915973880626,0.0031982857484729108,Walking,Washing Face
6.72,-0.30548995280923574,0.11011008409261208,-0.6287880351286506,-0.18052741842555925,-0.008568258751861573,-0.05055429934610852,-0.0006451553417049795,-0.03783361505569815,0.9967273401055439,-0.00011223856888657803,-1.150793070429479e-06,0.003308395832565523,Walking,Washing Face
6.74,-0.4892083851064645,0.21109588105555832,-0.5255597675430115,-0.14130042766186393,0.04568575748758569,-0.05280430867684218,0.006313008047694678,-0.028328673268418692,1.0091128975237087,-0.0006377983364295896,-0.000490359178176894,0.003519491713621082,Walking,Washing Face
6.76,-0.23285667860066422,0.08255252481856604,-0.41636465079581125,-0.10778482082687757,0.012273295457481534,0.021219926108360425,0.0068823399788146816,-0.04221550560005684,1.0010838680084275,-0.001054162987225401,-0.0007232158567775582,0.0036020442384396482,Walking,Washing Face
6.78,-0.3660244247611555,0.19211665928965982,-0.4679885416549281,-0.10403298906144591,-0.013056037887726257,0.050683362932644985,0.0017817314797559918,-0.03945068509055703,0.986297269806841,-0.0015221515288803289,-0.0010892402815387138,0.0037941608977293075,Walking,Washing Face
6.8,-0.4017152336013111,0.16521344758590842,-0.3315120793247288,-0.09822153971039568,0.013477153997753073,0.10878521061709402,0.0031056010306059795,-0.03004017765135596,1.0011399314750318,-0.0018536636082050577,-0.001490955515140025,0.003959374345315216,Walking,Washing Face
6.82,-0.5073036031946162,0.2552053905459083,-0.30412774303432377,-0.0644951299338785,-0.03715954033517241,0.0581464365312973,0.004056343832488649,-0.02872185724634811,0.9971174325622059,-0.002157791351239382,-0.001998259118334641,0.004214579735861124,Walking,Washing Face
6.84,-0.33387777368270827,0.06613779726207841,-0.28154600460156853,-0.10176280557712082,-0.04221891410308488,0.09476252113940838,-0.0008482621750796871,-0.03236721760142342,1.0004404752495,-0.00243933735584095,-0.0023321368920173496,0.0042807175331232026,Walking,Washing Face
6.86,-0.31943913181371114,0.22542205278360916,-0.25001138722053995,-0.07899964347459507,-0.012885817695526162,0.04622932233586715,-0.0033529501995676757,-0.029011214796097626,1.0005930988927223,-0.00268934874306149,-0.002651576023831061,0.004506139585906812,Walking,Washing Face
6.88,-0.40178340864107503,-0.06883988165630325,-0.13726363054160437,-0.05673863531788528,0.02322480953591375,0.1219351940217637,0.006110636297566742,-0.027604910913827812,1.0005516062835993,-0.0028266123736030943,-0.003053359432472136,0.004437299704250509,Walking,Washing Face
6.9,-0.3483940491897511,-0.030267795682390214,0.07335960299068411,0.010172712944735894,-0.09595595289341297,0.1503337987359783,0.0048084926488450325,-0.027372790054244513,0.9969844894697898,-0.00275325277061241,-0.0034017534816618874,0.004407031908568118,Walking,Washing Face
6.92,-0.47313170368384305,0.0373399572382373,0.16209711425028922,0.011674839482204389,-0.05734463845727614,0.12627666553423783,0.0013882402993906735,-0.02926442007676088,1.0037914420708516,-0.002591155656362121,-0.0038748851853457307,0.004444371865806355,Walking,Washing Face
6.94,-0.1504443614113405,-0.06292338090130972,0.2366169187886803,0.04245396519827925,-0.026224170334060763,0.02369543814631716,0.013640343600025352,-0.037372967247783336,0.9997732650442407,-0.0023545387375734405,-0.00402532954675707,0.004381448484905045,Walking,Washing Face
6.96,-0.2962255828207786,0.018570534585870137,0.43513797003884264,0.09470217923157151,-0.07568698182533504,0.03864105206344773,-0.0019159554402332375,-0.032701942335145714,0.9959660996186228,-0.0019194007675345977,-0.00432155512957785,0.0044000190194909165,Walking,Washing Face
6.98,-0.12753014274945224,-0.10844731378246444,0.5040606748516496,0.11516670224086648,-0.0020557764046946585,0.05232759219800485,0.008180040121139803,-0.028652116983662858,1.001116938510427,-0.001415340092682948,-0.004449085272327302,0.004291571705708451,Walking,Washing Face
7.0,-0.1521596573268453,-0.11813518565159285,0.4769053314166662,0.11957791607821781,-0.005413700535260419,0.03984708000788536,0.013146733765622226,-0.03342044206387805,0.9923462602386737,-0.0009384347612662818,-0.004601244929654148,0.004173436520056859,Walking,Washing Face
7.02,-0.043848905144114485,-0.14524803252496346,0.6221972821596923,0.1030266089353911,0.015892972065127048,-0.03305321936279483,0.014972441374946462,-0.03127586269268744,0.9924580337892979,-0.0003162374791065895,-0.004645093834798263,0.0040281884875318945,Walking,Washing Face
7.04,-0.04725089429925554,-0.30604043094883226,0.3641838073544995,0.18808695004653483,0.025463019203153005,0.017187578044875668,0.005276607715296695,-0.03222822686444759,0.9872652756106871,4.794632824791001e-05,-0.004692344729097518,0.0037221480565830627,Walking,Washing Face
7.06,-0.054241562731872056,-0.17172875922032077,0.4303871093443431,0.19087814058549107,-0.012834446179739016,-0.04173827703974053,0.002345906306510772,-0.03640019633188478,0.9970952616666803,0.0004783334375922531,-0.00474658629182939,0.003550419297362742,Walking,Washing Face
7.08,0.10736910997749433,-0.46655979899082456,0.5507252439176669,0.11131058708698167,-0.007207238712024854,-0.03533593124877443,0.0009485189696352122,-0.037040099249570135,1.0016680382432013,0.0010290586815099201,-0.004639217181851896,0.0030838594983719175,Walking,Washing Face
7.1,-0.04183308320931972,-0.3801041391601399,0.6450542672893389,0.1385028649051436,-0.01865985655108749,-0.028297000450400088,0.010274553525313266,-0.03457846259979325,1.0042683030151234,0.0016741129487992592,-0.004681050265061216,0.0027037553592117775,Walking,Washing Face
7.12,0.17414365354990718,-0.3908646733083082,0.33515856525024174,0.12199861212391436,-0.03773782304828979,-0.06571453180270277,-0.0015916774411419265,-0.03913609404302593,0.9990057704997422,0.002009271514049501,-0.004506906611511308,0.002312890685903469,Walking,Washing Face
7.14,0.3232580972190379,-0.12775832331146136,0.24927877155889183,0.14712305968234146,0.018274680718705534,-0.1549875818608332,0.010074669422789506,-0.030196248493663216,0.9926693622782732,0.0022585502856083926,-0.00418364851429227,0.002185132362592008,Walking,Washing Face
7.16,0.13571525773179186,-0.557398721609258,0.24243405893027917,0.12959931258607513,0.009967246241993053,-0.0961069757194015,0.006513755618550833,-0.03727373948953613,1.0000635914136475,0.002500984344538672,-0.004047933256560479,0.0016277336409827499,Walking,Washing Face
7.18,0.20280517971300255,-0.3536945822489106,0.3074063418162689,0.136884327884601,0.0789845675964667,-0.08088588755662167,0.013177958489087128,-0.03406473146494057,1.0052121792213138,0.0028083906863549408,-0.003845128076847476,0.0012740390587338392,Walking,Washing Face
7.2,0.33173163507666065,-0.135645253329919,0.06592598222734451,0.05136739794191681,0.032978707536841984,-0.1527081086865335,-0.0044364422886515875,-0.0231800962049726,1.002439300952098,0.002874316668582285,-0.003513396441770815,0.0011383938054039201,Walking,Washing Face
7.22,0.07315487866409476,-0.20334603959055084,0.10006109228743038,0.008753270701037338,0.06823336232606177,-0.14875521547038867,0.010324152490467847,-0.031017546045319866,1.0012832206680844,0.0029743777608697156,-0.0034402415631067207,0.0009350477658133694,Walking,Washing Face
7.24,0.4717226348247015,-0.3245569286942005,-0.08555806107025307,0.04503182225437467,0.026177744957013034,-0.1339731719180266,0.008254434043284046,-0.031370408193590375,0.9890689854388383,0.0028888196997994622,-0.0029685189282820192,0.0006104908371191689,Walking,Washing Face
7.26,0.4739024147928725,-0.09550451190239291,-0.1326095201106413,0.09276792809758867,0.18261803381744213,-0.11065316916935623,0.007480915221933701,-0.0359992922430316,0.99978042090815,0.0027562101796888214,-0.002494616513489147,0.000514986325216776,Walking,Washing Face
7.28,0.3515763973625059,-0.35432461864102205,-0.10370545677907167,0.07662474062547049,0.11069419483093229,-0.09426602453315427,0.017895412385472494,-0.03517780989401346,0.9959096627403367,0.0026525047229097494,-0.002143040116126641,0.00016066170657575386,Walking,Washing Face
7.3,0.5838509134533685,-0.004748736267150319,-0.22341419759143774,-0.016774376545242393,0.07974526609879656,-0.04000176263503261,0.015988681276523378,-0.03695401219637502,0.9953692659926933,0.0024290905253183115,-0.0015591892026732724,0.00015591297030860353,Walking,Washing Face
7.32,0.48772335914189097,-0.13465871145078473,-0.41946595882133125,0.022600530863663953,0.04084572538144575,-0.08869649132007189,0.006206038872421644,-0.031028271132262666,1.0001143954499598,0.00200962456649698,-0.0010714658435313814,2.125425885781879e-05,Walking,Washing Face
7.34,0.38525561737848,0.14037852401230175,-0.3609932354511189,-0.055816319975637074,-0.004249528240735657,-0.027159210003756734,0.005381569114901067,-0.030254703596488006,1.0002092656410648,0.0016486313310458613,-0.0006862102261529013,0.00016163278287012055,Walking,Washing Face
7.36,0.46191961677093063,0.2328655227953477,-0.2515024501909254,-0.11794929174263244,0.13716704481115805,-0.0888782127674759,-0.0012039321024721102,-0.03964243048023898,1.0026815935882432,0.001397128880854936,-0.00022429060938197067,0.00039449830566546827,Walking,Washing Face
7.38,0.4523640150062391,0.20328876801079998,-0.3275633309935194,-0.14661359776507749,0.029727096203432585,-0.008563679919433102,0.014297393811966898,-0.03261288516477352,1.0055097036017029,0.0010695655498614164,0.0002280734056242684,0.0005977870736762683,Walking,Washing Face
7.4,0.37610151294371863,0.14650151342031367,-0.2530001770121136,-0.12009293259028792,-0.007994081762483327,0.027261199328570455,0.007760764467850302,-0.03468105519388575,0.9976865433238628,0.0008165653728493029,0.000604174918567987,0.000744288587096582,Walking,Washing Face
7.42,0.3272023432602552,0.09464224377372317,-0.3803756733995949,-0.1125164349411887,0.0734981842340746,0.01889968343417868,0.012113112581158178,-0.04447745054554029,1.001763540338005,0.0004361896994497079,0.0009313772618282422,0.0008389308308703053,Walking,Washing Face
7.44,0.38064141629669995,0.16689490637946316,-0.25746542014604773,-0.13310116861706106,-0.02231667922523847,0.05837271115744414,0.0006647696972084836,-0.03102047079222893,0.9949605223630114,0.00017872427930366015,0.0013120186781249423,0.0010058257372497683,Walking,Washing Face
7.46,0.3399557340345545,0.25832890206258197,-0.17760316083194405,-0.12687206049856556,-0.021316716519659787,0.043213951479875994,0.00526400471388642,-0.039193626393336393,0.996576598539408,1.1211184717160873e-06,0.0016519744121594967,0.0012641546393123504,Walking,Washing Face
7.48,0.11623876786714264,0.3086598498201875,0.014297609168724162,-0.14272012592806216,-0.007881972879043802,0.08834874468093462,0.01083254961278389,-0.034832782428006435,1.0024976926175788,1.5418727640440252e-05,0.0017682131800266392,0.001572814489132538,Walking,Washing Face
7.5,0.11288353831006566,0.32228706344300084,0.06946176247241015,-0.12042732347170781,0.029169908087646412,0.06594597880691751,0.005930499930567035,-0.04089896115745268,1.0004964860214955,8.48804901128504e-05,0.0018810967183367049,0.0018951015525755387,Walking,Washing Face
7.52,0.09840258172093877,0.34152037639349464,0.23221434584140987,-0.06497024663858038,0.06953875636463318,0.19127829336066993,0.015553788932192829,-0.036117946873050116,0.99992719002964,0.00031709483595426027,0.001979499300057644,0.0022366219289690335,Walking,Washing Face
7.54,0.03324058822695583,0.417246222298972,0.1913354782224444,-0.06389595894708258,-0.036887879471790175,0.09890979889437615,0.0006366095729773381,-0.033530558520054904,1.0084808670806718,0.0005084303141767047,0.0020127398882845995,0.0026538681512680053,Walking,Washing Face
7.56,-0.042748488715002295,0.4028829743609091,0.28964590260974143,-0.06587338030424561,0.05092622941079939,0.12238000541806116,0.009589001058720167,-0.03827437585300823,0.9911548656412009,0.0007980762167864461,0.0019699913995695974,0.0030567511256289147,Walking,Washing Face
7.58,0.030026355515785932,0.3313972778369379,0.2822966366786343,-0.08307975449640602,-0.004355340601711927,0.06462100256467226,0.009438091037245707,-0.030309236283367007,1.0064811047538935,0.0010803728534650803,0.0020000177550853833,0.0033881484034658524,Walking,Washing Face
7.6,-0.2037270848015752,0.17833368201903518,0.3326621605825978,-0.003260432991850061,-0.040017978879906775,0.12775730472947444,0.01616578350384475,-0.03481504583934146,1.0004348539577888,0.001413035014047678,0.0017962906702838081,0.003566482085484888,Walking,Washing Face
7.62,-0.06309502659647946,0.2281359220167478,0.21754299651621795,0.023625627481993275,-0.029766987686025974,0.054839567135159924,0.007511581937061774,-0.02972642869088663,1.0123989561313602,0.0016305780105638958,0.0017331956436873288,0.003794618007501636,Walking,Washing Face
7.64,-0.20592633773215024,0.39587509865342085,0.33387228556339626,-0.03133353275370158,-0.07837024303851621,0.22493781907419833,0.007466440006957914,-0.03974378180619867,1.0051736876110995,0.001964450296127292,0.0015272693059551782,0.004190493106155056,Walking,Washing Face
7.66,-0.2828150726308256,0.14213243103744147,0.3060104685554475,0.02298435394138388,-0.1208309738861878,0.06742683173804416,0.013976667874388737,-0.03591883859836606,0.993820992086569,0.00227046076468274,0.0012444542333243528,0.004332625537192498,Walking,Washing Face
7.68,-0.22568171913712842,0.15986839888483603,0.35055755784619075,0.0682670708344952,-0.035735183237472344,0.0810039702458187,0.006175889424108337,-0.029911830918061648,1.0060754099128846,0.0026210183225289308,0.001018772514187224,0.004492493936077333,Walking,Washing Face
7.7,-0.1018415134025627,0.06586524433164162,0.2841821037452545,0.029537390746501177,-0.012328075608865147,0.09747617410173169,0.010367776082499471,-0.035965307594472494,1.0029210345687916,0.0029052004262741854,0.0009169310007846615,0.004558359180408976,Walking,Washing Face
7.72,-0.35417665300522916,0.13590661710788177,0.15846739825584052,0.06587994252316066,-0.09660273220938853,0.11574520833439311,0.012847483493693084,-0.023922110949429823,1.0073284733951877,0.003063667824530026,0.0005627543477794323,0.004694265797516858,Walking,Washing Face
7.74,-0.21858125634349995,0.13310008825990902,0.20919664957157597,0.033396356890792386,-0.07161821626283008,0.07176412211173847,0.005609588580386075,-0.036881376138694924,1.0051299213337357,0.003272864474101602,0.0003441730914359323,0.004827365885776766,Walking,Washing Face
7.76,-0.2288501206127177,-0.010920372371406743,0.17035906781272647,0.09981250691166549,-0.05514231282841342,-0.0007304721058798546,0.01398079417165801,-0.03845168113985292,1.0018517552280655,0.003443223541914328,0.00011532297082321459,0.004816445513405359,Walking,Washing Face
7.78,-0.3476406108527542,0.03343480690507945,0.07199796772683886,0.06760752081345774,-0.06928658169090468,0.03241395012183834,0.012247067139311757,-0.038528725124773906,0.9983741846803718,0.003515221509641167,-0.00023231764002953965,0.004849880320310439,Walking,Washing Face
7.8,-0.20386046572055205,-0.13984728304303792,-0.1539688210833674,0.0703269415079199,-0.08581278497244929,0.0019302877301494749,0.004579504795384762,-0.0357499082368575,0.9951146433820686,0.0033612526885577997,-0.0004361781057500917,0.004710033037267401,Walking,Washing Face
7.82,-0.2668031483226523,-0.07283354123154001,-0.06947911622383188,0.02854456019178858,0.02227992431479689,0.04796568922432156,0.015706462800735517,-0.04279301913326864,1.0084297504256396,0.003291773572333968,-0.0007029812540727441,0.0046371994960358615,Walking,Washing Face
7.84,-0.1526939782789325,-0.12149384540635202,-0.33039363637415825,0.03436024788185914,-0.003458455488431272,0.012019635317772703,0.010908666227525015,-0.02947598755242203,0.9985883009764562,0.0029613799359598098,-0.0008556752323516765,0.0045157056506295095,Walking,Washing Face
7.86,-0.12102420495131354,-0.12790052367660376,-0.21936462481120558,0.10276358862623289,0.017910328577158838,-0.016621304073029718,0.009051334383829001,-0.02864268870636012,1.0005507524868131,0.0027420153111486043,-0.00097669943730299,0.0043878051269529055,Walking,Washing Face
7.88,-0.29210808310302844,-0.18077817823621528,-0.3080628861008123,0.04140428578989663,-0.05012942837290345,-0.06218964668643948,0.01285778548952399,-0.0371802466130651,0.9935546904002693,0.0024339524250477917,-0.0012688075204060187,0.00420702694871669,Walking,Washing Face
7.9,-0.06593716267439949,-0.13393417170449884,-0.4605587867609544,0.06517993527387886,-0.04310088510628788,-0.004167731986596696,0.005001330710334553,-0.03734507862012161,1.0052429490981887,0.0019733936382868374,-0.001334744683080418,0.004073092777012191,Walking,Washing Face
7.92,-0.28254045103390996,-0.2004777390198605,-0.5951879598740822,0.02744266495464559,0.014908264724410529,-0.1359538871189704,0.007836766377036036,-0.03650291587516315,0.9987511703232039,0.0013782056784127552,-0.001617285134114328,0.003872615037992331,Walking,Washing Face
7.94,-0.04689606419686845,-0.1774016254659991,-0.7190023583999012,-0.026556894046269583,-0.02114665849571658,-0.03969611888168822,0.01547139195373691,-0.032749756377526494,1.00547145854805,0.000659203320012854,-0.0016641811983111967,0.003695213412526332,Walking,Washing Face
7.96,-0.2134690051485692,-0.15265071330328234,-0.6478220561826321,0.04016366801048732,0.01087573893735938,-0.06911235336435859,0.019289841161389445,-0.029629014341425914,0.9996978411901791,1.1381263830221867e-05,-0.001877650203459766,0.0035425626992230497,Walking,Washing Face
7.98,-0.08076674160561913,-0.27908506550793344,-0.6438268833588641,-0.06403117503792946,0.03866560933974639,-0.0006557706883326356,0.009761655392470982,-0.03325601797195063,0.9969152453869154,-0.0006324456195286422,-0.0019584169450653846,0.003263477633715116,Walking,Washing Face
8.0,0.033845920875267076,0.005805606107232908,-0.6512852585509552,-0.018092612848322136,-0.012543767767423924,-0.060044455240954496,0.016958397988759796,-0.03382448944908309,1.0066216743092744,-0.0012837308780795974,-0.001924571024190118,0.003269283239822349,Walking,Washing Face
8.02,0.07389137106865815,-0.11779050095061991,-0.4890513915008244,-0.04260840636324019,0.10498132173902379,0.00199865581586863,0.014243736870095626,-0.03883417205159677,1.003360397024016,-0.0017727822695804219,-0.0018506796531214597,0.0031514927388717287,Walking,Washing Face
8.04,0.17333345982828827,-0.05051716797859751,-0.38215391519666697,-0.040584982036112986,-0.0071050329273212144,0.020060555880655195,0.013837058298331747,-0.04356316747008015,1.0048727149636023,-0.0021549361847770887,-0.001677346193293171,0.003100975570893132,Walking,Washing Face
8.06,0.20774292341994202,-0.055872303950153315,-0.40549628164858054,-0.13659047291630425,0.06887461792004199,0.011386336951105877,0.011140259972142182,-0.03397862218321515,1.0026132106037418,-0.0025604324664256694,-0.0014696032698732295,0.0030451032669429785,Walking,Washing Face
8.08,0.45679684096314876,0.06061901610610376,-0.20516001955241484,-0.04777998552390799,0.1444343018117528,0.005496863677796741,0.006722786003651356,-0.033726099166627325,0.9988418500122844,-0.0027655924859780845,-0.0010128064289100806,0.0031057222830490824,Walking,Washing Face
8.1,0.2022153718918562,-0.08839114420805966,-0.07369478992833353,-0.16445400671707575,0.07695222251470174,0.021052018672754205,-0.0003304188593480466,-0.03445657927067115,0.9949945239435655,-0.002839287275906418,-0.0008105910570182245,0.0030173311388410223,Walking,Washing Face
8.12,0.17128053392695383,-0.027132575227125137,-0.07429146712665279,-0.12801625333861294,0.09072663418078705,0.09485336941136849,0.003044740775697042,-0.03337828745561497,0.9928724631882243,-0.002913578743033071,-0.0006393105230912705,0.0029901985636138976,Walking,Washing Face
8.14,0.20004366586305267,0.18411478626716288,0.15337821783742478,-0.16246465687196188,0.07311306487741397,0.04199065023481092,0.012341347626316775,-0.032609733003724814,0.9967153491483913,-0.0027602005251956456,-0.0004392668572282179,0.0031743133498810605,Walking,Washing Face
8.16,0.05181762809000315,0.18371806944730806,0.2257809748146988,-0.10074763602830558,0.07061518134812417,0.05167463189848085,0.018983073534120057,-0.03290617981768644,0.999705098591491,-0.002534419550380947,-0.0003874492291382148,0.003358031419328369,Walking,Washing Face
8.18,0.1928356751938146,0.08026685153465991,0.3947222545220842,-0.16449140729399564,0.0823326623204488,0.09859568830257134,0.015590412677893895,-0.04053451602021701,1.0051421336024644,-0.0021396972958588624,-0.0001946135539444002,0.003438298270863029,Walking,Washing Face
8.2,0.08346308385796788,0.1615924506352478,0.4665311463530394,-0.15238603217986624,0.13472963713282166,0.05336086482629595,0.007847640731906386,-0.03824581894403997,0.9995713148682178,-0.0016731661495058238,-0.00011115047008643231,0.0035998907214982766,Walking,Washing Face
8.22,0.2866789349591963,0.2560268478440809,0.507667358580098,-0.15552821172069212,0.08420307343029994,0.10663627713724433,0.014746541707756921,-0.03687183335979269,1.0017223345360782,-0.0011654987909257254,0.00017552846487276397,0.003855917569342358,Walking,Washing Face
8.24,0.20952844499591394,0.13299226405945178,0.5596808182386375,-0.205008337471967,0.09423023379590051,0.05389365622438116,0.008872045174569031,-0.036335817024093976,1.0021796017234001,-0.0006058179726870878,0.00038505690986867795,0.00398890983340181,Walking,Washing Face
8.26,0.2887838366565827,0.20230718196238656,0.6180912759451751,-0.07484791602923013,0.07899731827461774,0.018794030754359696,0.002329225553346366,-0.03149040495785136,0.9960901444548164,1.2273303258087288e-05,0.0006738407465252606,0.004191217015364196,Walking,Washing Face
8.28,0.3361187072550957,0.1921312045806402,0.7013657900773882,-0.07145953699780332,0.12788265458063636,0.13437838704281518,0.018238740548723112,-0.03678006049266258,1.0034399922365977,0.0007136390933354755,0.0010099594537803563,0.004383348219944836,Walking,Washing Face
8.3,0.2281380661946615,0.1219956759706411,0.5044771453601031,-0.13102669881622148,0.058769189161799365,0.09712024450004132,0.009919758318159182,-0.04183385105874453,0.9909769783055501,0.0012181162386955787,0.0012380975199750178,0.004505343895915478,Walking,Washing Face
8.32,0.05660171859961971,0.19204062346313971,0.593690650770045,-0.04227489234980486,0.06729439917004965,0.09501334012207323,0.013590016717304235,-0.03757532628422406,0.9998961591843251,0.0018118068894656236,0.0012946992385746375,0.004697384519378617,Walking,Washing Face
8.34,0.05919319990471275,0.2949985553318659,0.2894885053507704,-0.024768909254642896,0.05190099429230822,0.09911232526575697,0.007805367557386462,-0.032258266742122586,0.9952682353362832,0.002101295394816394,0.0013538924384793505,0.004992383074710484,Walking,Washing Face
8.36,0.1550850958881862,0.0940638151097904,0.5087006894286281,0.0008333899614860595,-0.018106647627009767,0.040051480052784756,0.008473721022027557,-0.033146282937430646,1.0129770005308485,0.0026099960842450223,0.0015089775343675364,0.005086446889820274,Walking,Washing Face
8.38,-0.027257643088039157,0.0705297589878727,0.38981077438224915,0.03274473045056431,-0.001102701790132386,0.00359245675716071,0.006468188445008292,-0.04743637230615748,1.002847713546574,0.0029998068586272715,0.0014817198912794975,0.005156976648808147,Walking,Washing Face
8.4,-0.030722793918123045,0.035735647595804367,0.10868874973981393,-0.04105346789885801,0.01453762368846968,0.05420151552977578,0.005767967825449474,-0.039888296633602875,1.0038307548718093,0.0031084956083670856,0.0014509970973613745,0.005192712296403952,Walking,Washing Face
8.42,-0.052389776476230415,0.05205868561650765,0.2120676326974382,0.026583399728960885,-0.006941446251715577,-0.01991729180655103,0.01292253414832037,-0.043003025883044735,1.0060507738204463,0.003320563241064524,0.001398607320885144,0.005244770982020459,Walking,Washing Face
8.44,-0.0969893993920501,-0.03645963637305956,0.10405819735115553,0.05559415157602668,0.001515704709218811,0.009115341629160936,0.002721625602091781,-0.04417920292417411,0.9982113070552995,0.0034246214384156797,0.001301617921493094,0.0052083113456474,Walking,Washing Face
8.46,-0.08865980006360251,0.07132238570277712,-0.009184973849994657,0.05775586101512444,0.00043867501427896985,-0.09482274658768396,0.014594481828799372,-0.03344652992726466,1.0053987276857566,0.003415436464565685,0.0012129581214294916,0.005279633731350176,Walking,Washing Face
8.48,-0.18250417264474977,-0.08788918951378169,-0.023151773628215078,0.08577167514570565,-0.0544149303786528,-0.11282174114154532,0.012652295113399239,-0.03287899104238502,1.0057969958608608,0.0033922846909374693,0.0010304539487847415,0.005191744541836393,Walking,Washing Face
8.5,-0.46001460540495676,-0.09349691845162938,-0.22235452845268325,0.1994177854532123,0.01371319475164073,-0.10936862079844507,0.012074246658247127,-0.050247838591889575,1.005937258450979,0.003169930162484787,0.0005704393433797848,0.005098247623384764,Walking,Washing Face
8.52,-0.40632025374060254,-0.17798358694958855,-0.13513974047232377,0.12217692977955015,-0.08619818399822662,-0.08482550266160994,0.014436198094761453,-0.03166820101795332,0.998477581967408,0.003034790422012463,0.0001641190896391822,0.004920264036435176,Walking,Washing Face
8.54,-0.30287274086129196,-0.3411630568235607,-0.1650203799879642,0.1349815632185514,-0.10300575699176968,-0.06769577938054663,0.009353444524167413,-0.03491995379973475,1.0032596788402925,0.0028697700420244987,-0.00013875365122210977,0.004579100979611615,Walking,Washing Face
8.56,-0.30567138174031117,-0.45895042956477394,-0.32929781542171127,0.15433909139728738,0.005374619932553906,-0.08908001890225781,0.028189577910121458,-0.022963349721333765,1.0019331892054144,0.002540472226602787,-0.00044442503296242096,0.004120150550046841,Walking,Washing Face
8.58,-0.3794854944284995,-0.17226327053592672,-0.3448614555321593,0.1419335132452659,-0.023331842568504915,-0.12654599109941064,0.013344376444454862,-0.05087371290871331,0.9955747905873478,0.0021956107710706277,-0.0008239105273909205,0.003947887279510914,Walking,Washing Face
8.6,-0.4105608377577856,-0.28936229482998,-0.379646716304948,0.0752200762517614,-0.08067562093952717,-0.1632550834400628,0.018063624488605635,-0.03539666392594107,1.000009359938816,0.0018159640547656796,-0.0012344713651487062,0.003658524984680934,Walking,Washing Face
8.62,-0.42229751952958194,-0.5031450576956115,-0.19003910137181287,0.09710452478623323,-0.013638644289449872,-0.15274743131559665,0.01732287951485611,-0.04177093371064296,1.0008479272073163,0.0016259249533938668,-0.0016567688846782882,0.0031553799269853225,Walking,Washing Face
8.64,-0.4484060302976172,-0.2830415185734393,-0.43826026751907915,0.09618857990723963,-0.016443953332126518,-0.009086812029424097,0.012742273767334477,-0.042608080799191886,1.006739722804408,0.0011876646858747877,-0.002105174914975905,0.0028723384084118836,Walking,Washing Face
8.66,-0.4588707294809918,-0.24781096848991777,-0.24063152742563126,0.07197108089443721,-0.06935498715466548,-0.04128791034674417,0.011727034484889747,-0.03475580918140247,1.00723623553789,0.0009470331584491565,-0.0025640456444568967,0.002624527439921966,Walking,Washing Face
8.68,-0.3626899688712063,-0.4050502333091208,-0.311414487315016,0.043710242772899914,-0.03292820963157544,-0.07369024797082377,0.01040783827182555,-0.039894917509365954,1.0003348664113265,0.0006356186711341406,-0.0029267356133281033,0.0022194772066128445,Walking,Washing Face
8.7,-0.5588077072168767,-0.25833342241171825,-0.2440077764501094,0.08194077174743042,0.017242379331425448,-0.042099903556794764,0.016497696084404885,-0.03332767299442543,1.0026278403062454,0.0003916108946840311,-0.0034855433205449797,0.001961143784201126,Walking,Washing Face
8.72,-0.2901914616033494,-0.18072967816736113,-0.010360872691502085,0.053918421097622224,-0.05688524029369382,-0.10478183167687914,0.006911875888997131,-0.04407264743160149,0.9980559114878621,0.000381250021992529,-0.00377573478214833,0.0017804141060337654,Walking,Washing Face
8.74,-0.35447494176272515,-0.19768830134669035,0.02678834929186678,0.0577928916773171,0.005396309967597391,-0.024933075085367108,0.013357235818922309,-0.03248139203538969,1.0007048526040188,0.00040803837128439586,-0.0041302097239110545,0.001582725804687075,Walking,Washing Face
8.76,-0.35613798931126733,-0.19223384690772027,-0.175508211007174,0.03698688325970377,0.005671578376074427,0.0884413413771717,0.015099268632707136,-0.0386938957550395,0.999776107019801,0.00023253016027722178,-0.004486347713222322,0.0013904919577793547,Walking,Washing Face
8.78,-0.2634587513517947,-0.1873907393890081,0.42187446786162874,0.026641231324951976,-0.07407458900989536,0.022841144640101424,0.02101425839466124,-0.041960719746101355,1.0007110648083615,0.0006544046281388505,-0.004749806464574117,0.0012031012183903464,Walking,Washing Face
8.8,-0.234399829658097,-0.1319161055548671,0.22792383451662673,-0.05139020180040611,0.06667482362806822,-0.01027402742253867,0.01615370003479481,-0.038105846788535944,1.0056122557539549,0.0008823284626554772,-0.004984206294232213,0.0010711851128354796,Walking,Washing Face
8.82,-0.08373199649008226,-0.026535863936142778,0.13937349710291302,-0.08128910546217523,0.06635459770463649,0.11323997673674341,0.020822631396649124,-0.029008441539588467,0.9959179648031676,0.0010217019597583905,-0.005067938290722296,0.0010446492488993366,Walking,Washing Face
8.84,-0.301128103893863,0.1128272811118233,0.10403757257229995,-0.07479498773396798,-0.004336630930180201,0.06686174396095779,0.013631014319960905,-0.038826556283232436,1.0066164848074528,0.0011257395323306903,-0.005369066394616159,0.00115747653001116,Walking,Washing Face
8.86,-0.22774374106943648,-0.009119306143562766,0.5294771886912303,-0.08350438531760504,0.016055017140150913,0.17255551537776093,0.01724283609993356,-0.03975002438410826,1.001380673261627,0.0016552167210219207,-0.005596810135685595,0.0011483572238675972,Walking,Washing Face
8.88,-0.008608480109097719,0.15204963908092722,0.3367220306404731,-0.07343976880594252,0.1122231733912451,0.14909287346691133,0.004214429870618604,-0.04002236005402541,1.0001508213886372,0.0019919387516623937,-0.005605418615794693,0.0013004068629485245,Walking,Washing Face
8.9,-0.03853283258633939,0.36192893753481786,0.39131119424863553,-0.021023135454115792,0.09351112555998851,0.17010237747763318,0.01500870676391521,-0.035343614763130596,0.9993647707875456,0.0023832499459110292,-0.005643951448381032,0.0016623358004833424,Walking,Washing Face
8.92,0.07414373946309245,0.12550155493549703,0.2548000858313565,-0.09053156860807278,0.074140931572226,0.13078703440802045,0.01987102044515409,-0.029361742660078318,0.993178260773313,0.002638050031742386,-0.0055698077089179395,0.0017878373554188393,Walking,Washing Face
8.94,0.105608725792394,0.14253717492429507,0.4235828806609224,-0.09896663826324975,0.0222931417069947,0.10722409389451634,0.015987199597840472,-0.03341113230577291,0.9946775016652103,0.0030616329124033086,-0.005464198983125545,0.0019303745303431343,Walking,Washing Face
8.96,0.26518953086080443,0.272062376551286,0.3186709209639479,-0.13204436293798982,0.12095529531925621,0.1481942231521023,0.013632763764719991,-0.038966395454151974,0.9925961517289037,0.0033803038333672566,-0.0051990094522647405,0.0022024369068944206,Walking,Washing Face
8.98,0.12429675489027162,0.2593021704638103,0.1733061696753765,-0.03335453662696906,0.10808618894454017,0.09615436879719462,0.014634195486898975,-0.038047314811569075,1.0031151866419385,0.003553610003042633,-0.005074712697374469,0.0024617390773582306,Walking,Washing Face
9.0,0.2864394451087598,0.24917354673349731,0.08443739513902136,-0.09367678950658576,0.1045459499392386,0.1500109122492849,0.014783139070068342,-0.047672535863312264,1.0021670103221232,0.0036380473981816545,-0.004788273252265709,0.002710912624091728,Walking,Washing Face
9.02,0.32737064705477636,0.21957721626020926,0.1432434455550847,-0.07098347057195002,0.07978086818158216,0.1771921495087539,0.014129994578405972,-0.03907148453550786,1.0022895937583995,0.0037812908437367394,-0.004460902605210933,0.0029304898403519374,Walking,Washing Face
9.04,0.23240097154803147,0.44301731912353937,0.03397165382313859,-0.07325611012728851,0.050196875070089096,0.03312574471513018,0.015267749964884492,-0.03381820684619187,1.0008517023319738,0.0038152624975598772,-0.004228501633662902,0.0033735071594754775,Walking,Washing Face
9.06,0.36452104266567287,0.14103225707043027,-0.19746071629437992,-0.11419670661018594,0.012435051079763872,0.06656247411156546,0.009241892893862867,-0.03548446143126073,1.0041972212962793,0.003617801781265498,-0.0038639805909972285,0.0035145394165459077,Walking,Washing Face
9.08,0.3560591248035598,0.37753276586466505,-0.3050157288395556,-0.03763032526128317,-0.026342275604429564,0.07897608755403433,0.01746163388704981,-0.038310848784402475,0.9987844137105978,0.0033127860524259423,-0.0035079214661936694,0.003892072182410572,Walking,Washing Face
9.1,0.4101479275164479,0.37634210059087103,-0.5073655070461546,-0.057586366944793896,0.05291532480233758,0.01071600547296867,0.013533795989842213,-0.043010175733269665,1.0050984958020035,0.0028054205453797876,-0.003097773538677221,0.004268414283001443,Walking,Washing Face
9.12,0.4100272013383563,0.3606160528502297,-0.471404272366748,-0.023013049908974625,0.005283197007821067,-0.017419487359900385,0.02693933066086909,-0.047007608852300646,0.9984757590445866,0.00233401627301304,-0.002687746337338865,0.004629030335851673,Walking,Washing Face
9.14,0.6763134374939976,0.17279539769157504,-0.5583660819314212,-0.04355089191212548,0.013354089257425653,-0.038866479541452684,0.011952539766491674,-0.03745955866408378,1.0016224744326547,0.0017756501910816188,-0.002011432899844867,0.004801825733543249,Walking,Washing Face
9.16,0.40048395570173045,0.11978999444799396,-0.41197654608619944,0.04252047177097485,0.028731069998083215,-0.06991463276575212,0.012944028956733402,-0.042081393715367586,0.9843721228182282,0.0013636736449954192,-0.0016109489441431366,0.004921615727991243,Walking,Washing Face
9.18,0.40053615561339073,0.07924962382143877,-0.47483315001330534,-0.005577993081239045,-0.024088229715344474,-0.07217423341481728,0.018528655140077822,-0.03844117666417416,1.002885567892758,0.0008888404949821138,-0.001210412788529746,0.005000865351812682,Walking,Washing Face
9.2,0.511372212167111,0.03931504645362777,-0.6796413420816415,0.02130249365063274,-0.017354276519790494,-0.0668991126432528,0.01720376507351705,-0.0486750965899366,0.9967489841163529,0.0002091991529004723,-0.0006990405763626348,0.00504018039826631,Walking,Washing Face
9.22,0.2876138463684957,-0.18876321649005534,-0.6132306901131152,0.12342345315703783,0.0006743127293511123,-0.04324805075193338,0.01359270652407257,-0.04832509541827194,1.0005159680229725,-0.00040403153721264287,-0.0004114267299941391,0.004851417181776254,Walking,Washing Face
9.24,0.34351412103468415,-0.028456781946507255,-0.559995273621285,0.01354824456411867,-0.1058365393992478,-0.06561319287944957,0.016904393827973947,-0.04752842078684857,1.003151564769268,-0.000964026810833928,-6.791260895945489e-05,0.004822960399829748,Walking,Washing Face
9.26,0.26979734611417827,0.011808314884563735,-0.25723606397223175,0.06457773147996274,-0.030047295771217924,-0.030877726720466098,0.02339698075621309,-0.03940724578847669,1.0083967828145095,-0.0012212628748061597,0.00020188473715472338,0.004834768714714312,Walking,Washing Face
9.28,0.2959847836151404,-0.2770495076628915,-0.3205724484005351,0.03305689824700106,-0.08715336980684914,-0.028151349703736034,0.012087128152633922,-0.03604405957340529,0.9873339400729,-0.0015418353232066948,0.0004978695207698638,0.00455771920705142,Walking,Washing Face
9.3,0.4116826904446238,-0.2936642189278622,-0.3145043514001994,0.10355873131618218,-0.022328542480331004,-0.036400498345979485,0.023042431460715777,-0.030948058853784568,1.0060042063844832,-0.0018563396746068943,0.0009095522112144877,0.0042640549881235576,Walking,Washing Face
9.32,0.29039815639412325,0.051320469355087134,-0.10423501054964217,0.0724241029265362,-0.14349432548785415,-0.08141803866414767,0.013730287429282485,-0.03937882264587106,1.0053186819453064,-0.0019605746851565366,0.001199950367608611,0.004315375457478645,Walking,Washing Face
9.34,0.19751874445541057,-0.20789467775077292,-0.10103997468418102,0.10431196543924606,-0.04409180948299654,-0.07236061173451369,0.022332576302267378,-0.042237507024643045,0.9978296315652244,-0.0020616146598407175,0.0013974691120640214,0.004107480779727872,Walking,Washing Face
9.36,-0.029842588071660903,-0.23832073690146388,-0.009162971794551819,0.0980806329231983,-0.11631549668108092,-0.05410537345337398,0.005339993325599665,-0.04031034411909887,0.9986400808073433,-0.002070777631635269,0.0013676265239923608,0.0038691600428264077,Walking,Washing Face
9.38,0.1280952921242965,-0.3537137465489324,0.18569451774425336,0.0961101077020121,-0.1344195727938478,-0.044483051571227165,0.008686694826563209,-0.04448091301741094,0.9981697284300499,-0.001885083113891016,0.001495721816116657,0.0035154462962774754,Walking,Washing Face
9.4,0.022975752202816824,-0.26477768734861645,0.29181838242584135,0.01861131651018573,-0.08476512999002318,-0.03978480058728739,0.018883844598041422,-0.04650453905344043,1.000984062520819,-0.0015932647314651745,0.001518697568319474,0.003250668608928859,Walking,Washing Face
9.42,-0.13898413456890685,-0.22906556341534362,0.31282150293391175,0.027170200414715913,-0.05332204769869632,0.04457423727465629,0.021337684781386663,-0.038486154778931136,0.9982954357623709,-0.001280443228531263,0.001379713433750567,0.0030216030455135156,Walking,Washing Face
9.44,-0.050868763818640736,-0.10242256213808612,0.46223109899115106,-0.0860281819330413,-0.028012535937571727,0.0059889752494096974,0.02375374455472115,-0.03964574653803584,0.998366907409311,-0.0008182121295401117,0.0013288446699319264,0.0029191804833754295,Walking,Washing Face
9.46,-0.005169319651537302,-0.1703278987879351,0.5830085505538699,-0.017166429175595813,-0.09953770202295494,0.0688029308701455,0.013310015778891215,-0.03762810138697613,0.9964442192507245,-0.00023520357898624178,0.0013236753502803892,0.0027488525845874943,Walking,Washing Face
9.48,-0.1515148173104304,-0.16200446060126467,0.5754034674531715,0.018334831200775573,-0.07449144792315605,-0.023134800728876907,0.01689341173927861,-0.03958735625708983,1.0054137148825757,0.00034019988846692976,0.0011721605329699587,0.00258684812398623,Walking,Washing Face
9.5,-0.11707226800009278,-0.10481380156060012,0.5398043596079246,-0.03610088524469516,-0.01957272884731771,0.0311899123000748,0.01980128716239154,-0.03211778985449022,1.0072883488546955,0.0008800042480748543,0.001055088264969866,0.0024820343224256293,Walking,Washing Face
9.52,-0.25473254311446664,-0.11534826470384817,0.5591384303622206,-0.1261226694924553,-0.02909944050846408,0.014628224371270723,0.01736682527569427,-0.03951915687148588,0.9989493524507432,0.001439142678437075,0.0008003557218553992,0.0023666860577217816,Walking,Washing Face
9.54,-0.14357595334787587,-0.08326618947943162,0.6240119645204594,-0.10096790659514507,-0.0807582179664947,0.0830320529178521,0.024353606650644254,-0.0406534982653555,0.9938734322511908,0.002063154642957534,0.0006567797685075234,0.002283419868242349,Walking,Washing Face
9.56,-0.1396924304572062,0.12392249044336869,0.5392639141754655,-0.10769415627344259,0.06745180549984842,0.03866984553389411,0.01925845377633989,-0.04378349648720722,0.9946177051301941,0.002602418557133,0.0005170873380503172,0.0024073423586857185,Walking,Washing Face
9.58,-0.3175134583229178,0.15576673312525244,0.3969851234290426,-0.044398075900027555,0.03867474132964682,0.11561782032447937,0.014610176726645554,-0.03246278564000959,1.000267801151154,0.0029994036805620424,0.0001995738797273994,0.002563109091810971,Walking,Washing Face
9.6,-0.1059047351839418,-0.15634395355991673,0.4790032961492002,-0.13620335299818082,0.032629865360038375,0.09010806575434395,0.01975197849702798,-0.046716962357600283,1.0053101490679668,0.003478406976711243,9.366914454345757e-05,0.0024067651382510538,Walking,Washing Face
9.62,-0.3180895856775359,0.1510829644442166,0.3700273747526493,-0.15405362550251475,0.07712647798925872,0.09621368501167839,0.015835813654303116,-0.049052524131810674,0.9928668677828759,0.0038484343514638922,-0.00022442044113407837,0.0025578481026952704,Walking,Washing Face
9.64,-0.34145308868046853,0.030130538464929288,0.28892384963813494,-0.13387027874661994,0.02927808344977874,0.061560558562885406,0.018529137320822786,-0.04261352959359313,0.9945578134918407,0.004137358201102027,-0.0005658735298145469,0.0025879786411602,Walking,Washing Face
9.66,-0.26568641173421015,0.25346042535240626,0.14430981577248975,-0.13206624076722298,0.029656592214097884,0.051530231213118366,0.013688358402555494,-0.03128807926396123,1.00410797447391,0.004281668016874516,-0.000831559941548757,0.002841439066512606,Walking,Washing Face
9.68,-0.13295278319093018,0.09177902015884652,0.05714939156127777,-0.1905813114458036,-0.008976113835207043,0.020691950836692688,0.013872346521863862,-0.04417188061193288,0.9941367627553662,0.004338817408435793,-0.0009645127247396873,0.0029332180866714526,Walking,Washing Face
9.7,-0.27535268126577117,0.17220371557486852,-0.019587490036074618,-0.12769223834019192,0.09570312741653063,-0.0355569418073934,0.015304869410106762,-0.03210583021327487,1.0009341343726879,0.004319229918399719,-0.0012398654060054584,0.0031054218022463207,Walking,Washing Face
9.72,-0.29920939169666116,0.04802230035727509,-0.19192909709620343,-0.08961262780338686,0.13528505693197268,-0.06316720806739655,0.022716989785968693,-0.04723936105103333,1.0080353299705718,0.004127300821303516,-0.0015390747977021195,0.003153444102603596,Walking,Washing Face
9.74,-0.19567029516209417,0.0902673233168938,-0.17325886014983372,-0.14321592215754347,0.08804002315237494,0.03221679357595036,0.014286561190088995,-0.031076752938684754,1.0026167544705078,0.003954041961153682,-0.0017347450928642137,0.0032437114259204897,Walking,Washing Face
9.76,0.026218014444665316,0.24830321514000378,-0.24208054819303776,-0.04292329986904181,0.05664023150660545,0.022778829378936175,0.013242382524716706,-0.04068530805588178,0.9975036612851054,0.0037119614129606446,-0.0017085270784195482,0.003492014641060493,Walking,Washing Face
9.78,-0.022040537657796955,0.21603048261430718,-0.03816352684049995,-0.07964427262586994,0.05799375957442682,-0.00898865606485231,0.023864611011863348,-0.04560446339733955,0.997898265928911,0.003673797886120144,-0.0017305676160773453,0.0037080451236748005,Walking,Washing Face
9.8,-0.06764589501187977,0.14513718912476312,-0.2786204046603419,-0.10016325517982178,0.12047575052707733,-0.06630930104815301,0.014547167548383168,-0.034966536188600676,1.007546689924469,0.0033951774814598027,-0.001798213511089225,0.0038531823127995637,Walking,Washing Face
9.82,-0.15833558065729794,0.04904758413591365,-0.34271268056269294,-0.047771163447633325,0.11424370140377105,-0.03324520202016383,0.010039276270660697,-0.042641067302599686,0.9898923031811522,0.00305246480089711,-0.0019565490917465233,0.0039022298969354774,Walking,Washing Face
9.84,0.05364542416088386,0.11550151105960299,-0.3814507873717855,0.03555835900650235,0.11074952347664264,-0.043839161629855856,0.016425439952879668,-0.030927123780879008,0.9885032563331397,0.0026710140135253243,-0.0019029036675856392,0.0040177314079950805,Walking,Washing Face
9.86,0.22976002541907178,0.06149869571484042,-0.262978540604354,-0.04450648459966135,0.10570468079983741,-0.15135623525455694,0.019599645025150804,-0.034736256083387505,1.0035995784459713,0.00240803547292097,-0.0016731436421665675,0.004079230103709921,Walking,Washing Face
9.88,0.15493247888351475,0.1719936940849182,-0.3768384458565874,-0.032114883275853885,0.06054588872968643,-0.1200788274235333,0.019447823913232985,-0.04576605953844309,1.0021874090821392,0.0020311970270643826,-0.0015182111632830527,0.004251223797794838,Walking,Washing Face
9.9,0.22896253539019817,0.13617899223629445,-0.20889808690139372,0.03325134476609368,0.07253541146210053,-0.11058467992943255,0.012473588040431558,-0.03356821659632633,1.0037715473100075,0.0018222989401629889,-0.0012892486278928545,0.004387402790031133,Walking,Washing Face
9.92,0.3478762031841185,-0.14999993561375707,-0.12939209026521256,0.03142216447651329,0.057111536789869265,-0.13824197247313086,0.015884413202059786,-0.03484182572658657,1.006314686199916,0.0016929068498977762,-0.0009413724247087358,0.004237402854417376,Walking,Washing Face
9.94,0.17839412038084604,-0.06287993122830521,-0.08690765800835772,0.0007732091941200815,0.06720455466987268,-0.10686997038405938,0.02007604863576878,-0.04191067953618694,0.9914099306835478,0.0016059991918894187,-0.0007629783043278898,0.00417452292318907,Walking,Washing Face
9.96,0.2849707718422082,-0.009769435430286272,-0.08720648416906662,0.06598134271793188,0.14471962921367487,-0.03891073605563978,0.015153238772259424,-0.030856647440736087,1.010639859396004,0.001518792707720352,-0.0004780075324856816,0.004164753487758785,Walking,Washing Face
9.98,0.27762210549721533,-0.14481814873629303,-0.04868226008705963,0.1019034432522414,0.018896022390081528,-0.14631260317073155,0.02062141056504352,-0.03828778161582627,1.0073154754214766,0.0014701104476332926,-0.0002003854269884663,0.004019935339022492,Walking,Washing Face
10.0,0.3347288648646067,-0.3196213489926818,0.17672163672831764,0.2187190184375311,-0.02942987136224464,-0.12037643199232463,0.021250914916189623,-0.031147529301932757,0.999854522245717,0.00164683208436161,0.0001343434378761404,0.00370031399002981,Walking,Washing Face
10.02,0.27365304210928215,-0.40419927732025773,0.194867999864177,0.1611454314964646,-0.006732692901241891,-0.04761061111419997,0.01872027595291167,-0.04360715025585354,1.0057737936432227,0.001841700084225787,0.0004079964799854226,0.003296114712709552,Walking,Washing Face
10.04,0.21609164237565737,-0.22180774729153493,0.23529317559905377,0.0713390291613017,-0.005141222341380713,-0.009144056702171244,0.01939413091988072,-0.03922117840832091,1.002840537021002,0.002076993259824841,0.00062408812236108,0.003074306965418017,Walking,Washing Face
10.06,0.2959591096732566,-0.35229251809441986,0.4346831828381126,0.14638510870212207,0.023944260873752732,-0.01898025766049008,0.016298058438175424,-0.03418672378890998,0.9957841873760858,0.002511676442662953,0.0009200472320343364,0.0027220144473235975,Walking,Washing Face
10.08,0.22715340468004763,-0.42372087796212454,0.4366854485268509,0.07985828420954524,-0.06739182797629258,0.008061698135056599,0.01643569791536848,-0.03403367760013073,1.0014524648789511,0.0029483618911898043,0.0011472006367143843,0.0022982935693614728,Walking,Washing Face
10.1,0.23611957012265247,-0.17536395399010307,0.25148561984374473,0.2136333992653263,-0.03788730094189448,-0.06120354428737703,0.014718872260478735,-0.03971248622515666,0.991724982805678,0.0031998475110335493,0.0013833202068370366,0.00212292961537137,Walking,Washing Face
10.12,0.3040646517898249,-0.3810910156391138,0.2898595941338151,0.10262329716114654,-0.057172823414619364,-0.016640705173842793,0.014606228948886395,-0.03817679542450347,1.0010605431438109,0.0034897071051673643,0.0016873848586268616,0.001741838599732256,Walking,Washing Face
10.14,0.2413556032992697,-0.24123979053962125,0.4507400217454244,0.06635507444994176,-0.10710196543451128,0.0386536811986386,0.01429485716223582,-0.03955710530040434,0.9992928454776894,0.003940447126912788,0.001928740461926131,0.001500598809192635,Walking,Washing Face
10.16,0.16463548844025322,-0.3355297030738868,0.26583654919987326,0.10412402196534828,-0.134110718531608,0.0004127331457070126,0.018954198263355645,-0.03162508028136157,1.002716478601633,0.004206283676112661,0.0020933759503663843,0.001165069106118748,Walking,Washing Face
10.18,0.05239401675870624,-0.2630032228544686,0.3375718965137558,0.0774787829646621,-0.04222802386436619,0.07288278207639166,0.018896965051826444,-0.037397553841686935,1.0002785212465235,0.004543855572626417,0.00214576996712509,0.0009020658832642795,Walking,Washing Face
10.2,0.02318990556545178,-0.06592514092951085,0.31463161961774466,0.07682749971249818,-0.08633109378016932,0.07406164777148992,0.025608304699075927,-0.04795259723590949,1.0017059069948082,0.004858487192244163,0.0021689598726905425,0.0008361407423347685,Walking,Washing Face
10.22,-0.19920722085155573,-0.3291773030807227,0.0524488318449708,0.06860745729467503,-0.05428915895983245,0.1328261809891331,0.020639638796579964,-0.03190255764485098,0.9958316004970419,0.004910936024089133,0.001969752651838987,0.0005069634392540458,Walking,Washing Face
10.24,-0.004144267135689663,-0.08481212477741217,0.2396284237074765,0.002329247689511888,-0.06439369734771884,0.23910760828422528,0.01947313963506554,-0.04550001002506187,0.9975563635434329,0.00515056444779661,0.001965608384703297,0.0004221513144766337,Walking,Washing Face
10.26,-0.007367174237960961,-0.08470811968947567,0.005907897855399705,0.020942497505925035,-0.06879497131983664,0.0841963162602329,0.025186535694211573,-0.036026059320460914,1.0081551535915192,0.005156472345652009,0.001958241210465336,0.000337443194787158,Walking,Washing Face
10.28,-0.03717023229099429,-0.04196587145128114,0.024885857709580378,-0.012333737617517314,-0.02923152217266272,0.14958684916972267,0.020478108987788516,-0.041754536875233964,0.9974520235427446,0.005181358203361589,0.0019210709781743416,0.0002954773233358769,Walking,Washing Face
10.3,-0.214955785525126,-0.13219606969113853,-0.18212891324086544,-0.014252939014749283,-0.02497122993494143,0.08425641530708412,0.012677932506470532,-0.03655640053364259,1.0046814568459717,0.0049992292901207235,0.0017061151926492154,0.0001632812536447383,Walking,Washing Face
10.32,-0.22256102459492666,0.19975355889153093,-0.32334520424146895,0.034821743885829,-0.07781785329247255,0.15225394591469205,0.00920488041063488,-0.041901437223645845,0.9937758529007595,0.004675884085879255,0.001483554168054289,0.00036303481253626926,Walking,Washing Face
10.34,-0.14003516840311203,0.011414934179180852,-0.4429380621245206,-0.07950258204596891,0.015627818741345143,0.16019558325988695,0.01697215228340504,-0.04532839979144232,0.9999350821486449,0.004232946023754735,0.001343518999651177,0.0003744497467154501,Walking,Washing Face
10.36,-0.2173362586753882,0.09966793815376755,-0.5309362911208536,-0.07792966563967679,0.028247479934602693,0.13144070684459314,0.020243388804197546,-0.037411211533218136,1.002168038731626,0.0037020097326338807,0.0011261827409757889,0.0004741176848692176,Walking,Washing Face
10.38,-0.29904043068538766,0.04959772137400313,-0.4705601413034131,-0.07724423688062075,-0.0009461755210898861,0.0719238982173143,0.01962325627952512,-0.03521961052015266,0.991576108564006,0.0032314495913304676,0.0008271423102904012,0.0005237154062432208,Walking,Washing Face
10.4,-0.3435298483107429,0.19609441740583297,-0.5084692518883915,-0.07820099963314368,-0.03398320379524813,0.11029583907345882,0.01902186938402234,-0.03923299800669442,1.0047545491952876,0.0027229803394420763,0.0004836124619796582,0.0007198098236490539,Walking,Washing Face
10.42,-0.35659359454604284,0.1267941300537302,-0.35080905105797333,-0.11496230529123974,0.07127129952789386,0.09469098773018135,0.01725137459058582,-0.03732018608062244,1.0002062049050466,0.002372171288384103,0.00012701886743361537,0.0008466039537027841,Walking,Washing Face
10.44,-0.2888722466175437,0.2637440740951021,-0.5330922075231117,-0.15684453524635453,-0.030424193877346878,0.02196794891923725,0.01693964204510823,-0.036975579202424086,1.0038673421389948,0.001839079080860991,-0.00016185337918392834,0.001110348027797886,Walking,Washing Face
10.46,-0.2657104583892028,0.3367559383128186,-0.5035654143952225,-0.11966011768897278,-0.012211972819352448,0.07293646641480457,0.019204034264851948,-0.03521412213562328,0.9986001110982108,0.0013355136664657686,-0.0004275638375731312,0.0014471039661107046,Walking,Washing Face
10.48,-0.4095634654874078,0.19378475022076122,-0.4763700202718769,-0.07068926911907578,0.06868064670212477,0.011814494542727498,0.015571690725174909,-0.044593237451384826,1.0052908288818385,0.0008591436461938917,-0.000837127303060539,0.0016408887163314658,Walking,Washing Face
10.5,-0.5953548394692547,0.35936933202859483,-0.3056999040889324,-0.0763158388408274,0.0948513068542734,0.004779908517309077,0.01746019948396679,-0.040782491615750524,0.9933362098133646,0.0005534437421049592,-0.0014324821425297936,0.0020002580483600607,Walking,Washing Face
10.52,-0.342944575224395,0.215723961599245,-0.2874142624930889,-0.10113832252948092,0.0058828547347254635,0.007616441804755651,0.01729037360645893,-0.03618492090078866,0.9979268586603149,0.0002660294796118703,-0.0017754267177541886,0.0022159820099593055,Walking,Washing Face
10.54,-0.5004306769953,0.26405212571315967,-0.11330672653715951,-0.025921807611313408,0.10164447996024877,-0.09152647668614171,0.014761707968986994,-0.04500616727636965,1.003069599983789,0.0001527227530747108,-0.002275857394749489,0.0024800341356724658,Walking,Washing Face
10.56,-0.23538242123167,0.24722038018420145,0.005220482530446463,-0.04421758588946455,0.07912969070282443,-0.08827610016928249,0.018638589435653437,-0.03879782241881479,1.0023091884308377,0.00015794323560515725,-0.0025112398159811587,0.002727254515856667,Walking,Washing Face
10.58,-0.4323250297770138,0.27607301090749564,-0.1797683026508798,-0.11054607769178197,0.05321015802339571,-0.05317435432213897,0.024041082359581318,-0.03366320872074164,1.0114338604966293,-2.182506704572257e-05,-0.0029435648457581723,0.0030033275267641628,Walking,Washing Face
10.6,-0.21796648209560499,0.3869135463788962,0.09000584505486856,-0.030880854829206952,0.03702276696165131,-0.032202663395895816,0.01744979037615441,-0.04165502235159848,0.9980589255007999,6.818077800914599e-05,-0.003161531327853777,0.0033902410731430593,Walking,Washing Face
10.62,-0.39296807086365215,0.2449762786253683,0.13976575433023078,-0.022246413835164947,-0.016279356669452495,-0.07146091405730808,0.012832409710134787,-0.03720601650455116,1.0084378578014495,0.00020794653233937677,-0.0035544993987174293,0.0036352173517684274,Walking,Washing Face
10.64,-0.38589451534067754,0.27898595570318835,0.5272054578571488,-0.06878083369936278,0.08597033840517415,-0.06886738334259704,0.027718746879578506,-0.04184142454443728,1.0002002807448618,0.0007351519901965257,-0.0039403939140581065,0.003914203307471616,Walking,Washing Face
10.66,-0.258617738424601,0.15384043899644553,0.35011865615693405,0.02879792123662245,0.033069511095427204,-0.047097484085310976,0.022653132462178194,-0.039724596184811646,0.9982682606185348,0.0010852706463534596,-0.0041990116524827075,0.004068043746468061,Walking,Washing Face
10.68,-0.33053874581367415,0.01670837094303719,0.5384220525521597,0.014503182482060641,0.03956435118428506,-0.07688732527234106,0.027438793931758593,-0.04219264789915767,0.9999522094762472,0.0016236926989056195,-0.004529550398296381,0.004084752117411099,Walking,Washing Face
10.7,0.00014838489891846884,0.10961897019746357,0.361690399535224,0.0591649116385091,0.04194189149895909,-0.08989525603318933,0.01788066859049765,-0.039799188012010246,0.995115279555327,0.0019853830984408434,-0.004529402013397463,0.0041943710876085625,Walking,Washing Face
10.72,-0.1697120263003326,-0.016340544425174783,0.44207796518124653,0.02289356939955072,-0.008553735285952723,-0.00029360116881668903,0.01709485902851618,-0.037044390158803134,1.001023687338193,0.00242746106362209,-0.004699114039697795,0.004178030543183388,Walking,Washing Face
10.74,-0.15065645819927936,-0.06736816648296813,0.4177714792649465,0.0371790665817961,-0.011915423539294256,-0.031578260928740644,0.026156594939574798,-0.03369768313186046,1.0003681860503904,0.0028452325428870366,-0.004849770497897074,0.00411066237670042,Walking,Washing Face
10.76,0.1337870926287154,0.02658546955874036,0.6716684962205595,0.049330175298682055,0.02484622774635458,-0.0201682293739152,0.01816179675715854,-0.03370326152869401,1.0028687889478096,0.0035169010391075967,-0.00471598340526836,0.00413724784625916,Walking,Washing Face
10.78,-0.012297496131242452,-0.1636336453062207,0.5501606510034865,0.06050283228797243,0.044288074686895745,-0.016848268986687016,0.020837570375441754,-0.04356992983793203,0.9982292765763436,0.004067061690111082,-0.004728280901399601,0.0039736142009529395,Walking,Washing Face
10.8,0.1749305594142954,-0.0779680878808128,0.5234466810709426,0.06088567219219229,0.03738469234865062,0.010601011500789834,0.016266002389966817,-0.037617317690404065,1.002913515748786,0.004590508371182025,-0.004553350341985306,0.0038956461130721268,Walking,Washing Face
10.82,0.08125775903628994,-0.19023787024231398,0.6003381981323055,-0.00960745233736005,-0.03517262101733444,0.10607998962488167,0.02367197613535793,-0.04071800462560955,0.9884118846259914,0.005190846569314332,-0.004472092582949016,0.003705408242829813,Walking,Washing Face
10.84,0.2290379837916688,-0.17289233014088823,0.3291985752328723,0.012475886855119866,-0.05197117872895367,0.05767269064156692,0.01638135150627183,-0.03453075799434659,1.0062163674690432,0.005520045144547204,-0.0042430545991573474,0.0035325159126889244,Walking,Washing Face
10.86,0.21565583156259688,-0.25048114384296893,0.2657005557125878,0.00688412584300117,-0.05070383347261135,0.09043288423815161,0.02254664953388836,-0.03773829974461468,0.9943508916500202,0.005785745700259792,-0.004027398767594751,0.003282034768845956,Walking,Washing Face
10.88,0.3637035129643772,-0.12128513437001508,0.20490230544903967,0.08271764256409138,-0.011308732158518731,0.09124019981996496,0.025660413535975472,-0.04888649799466108,0.9991373087677239,0.005990648005708832,-0.003663695254630374,0.003160749634475941,Walking,Washing Face
10.9,0.3104324371931239,-0.3716509026538572,0.06971198257996863,0.07515537589735191,-0.09199818561400863,0.14768680291341219,0.024369806757187352,-0.0368875890814578,0.9983111509973516,0.0060603599882888,-0.00335326281743725,0.0027890987318220837,Walking,Washing Face
10.92,0.3144676630700233,-0.1278787735586778,0.2086246712238478,0.005609102924686478,-0.09900414316489682,0.03856325041455712,0.018354645871896946,-0.046657799648394685,1.0006354307358054,0.0062689846595126485,-0.0030387951543672264,0.0026612199582634055,Walking,Washing Face
10.94,0.42832031123283476,-0.3213282883276656,-0.15896545856796537,-0.016728651254167663,-0.07651508151222519,0.06714491797712512,0.015116861049978128,-0.031999321641493654,1.000871095713315,0.006110019200944682,-0.002610474843134392,0.0023398916699357403,Walking,Washing Face
10.96,0.394784601943385,-0.2043876418308742,-0.04531736372921487,-0.06505569583976989,-0.10173368953748335,0.11405868004228532,0.020654882197357033,-0.044691614741717046,0.9906329287789131,0.006064701837215468,-0.002215690241191007,0.0021355040281048655,Walking,Washing Face
10.98,0.6038053054194313,0.028017240796661944,-0.24829282558144575,-0.04680633719947234,-0.09052409356727686,0.07855230507388142,0.02143052295593464,-0.04018236040332488,0.9963048224683528,0.005816409011634022,-0.001611884935771575,0.0021635212689015276,Walking,Washing Face
11.0,0.5130927899216567,0.021987168134421115,-0.2101427073254433,-0.09990722282316512,-0.07382245800497927,0.058091713388241074,0.020211658695082062,-0.04199241328225523,1.002499807450393,0.00560626630430858,-0.0010987921458499184,0.0021855084370359487,Walking,Washing Face
11.02,0.3634602248452954,0.014930166930255145,-0.2447237147549148,-0.13777663559971173,-0.06021901059345516,0.07932484203125002,0.022788919652714665,-0.04215353074274019,0.9976275695242377,0.005361542589553665,-0.000735331921004623,0.0022004386039662037,Walking,Washing Face
11.04,0.5160711056202242,0.03344556649950386,-0.4303479019230374,-0.18632562482104464,-0.1388885139058822,0.10461163012325822,0.023653212243821012,-0.031042723613900324,1.0039020329462767,0.004931194687630628,-0.0002192608153843988,0.0022338841704657073,Walking,Washing Face
11.06,0.3396841169624759,0.08125940495454159,-0.41303425709763175,-0.15864096573256045,-0.04718063520664862,0.04415142663638682,0.020327053622453184,-0.0397564599069406,0.9971768805016841,0.004518160430532996,0.00012042330157807714,0.002315143575420249,Walking,Washing Face
11.08,0.4644903931973462,0.07063519848915037,-0.294766932312144,-0.15708950290029056,-0.04080259636007105,-0.06528717275515879,0.012246271231602397,-0.04340783529736694,0.9987662439035476,0.0042233934982208515,0.0005849136947754233,0.0023857787739093995,Walking,Washing Face
11.1,0.3113192402734526,0.16211191288790755,-0.3226800015873983,-0.2143509292217889,-0.018132718259660792,-0.017164945206945045,0.02392457356446013,-0.04300862790335624,0.9961900936548398,0.003900713496633454,0.000896232935048876,0.002547890686797307,Walking,Washing Face
11.12,0.33834630654962694,0.10831221230414245,-0.18785022074113444,-0.18593276011859816,-0.06889228924508346,-0.04714225877370315,0.02148909628960669,-0.033934677106830596,0.9947182815095693,0.0037128632758923192,0.001234579241598503,0.0026562028991014494,Walking,Washing Face
11.14,0.1866083734574467,-0.028494204915967825,-0.17262830998135226,-0.1452812208782329,-0.059550982196754504,-0.044205339113567645,0.02132309081763118,-0.040199962882794496,1.0082080188894473,0.0035402349659109673,0.0014211876150559497,0.002627708694185481,Walking,Washing Face
11.16,0.23845518660099618,0.2589677504926702,-0.13253552879478303,-0.1333553262296906,-0.05936587908005682,-0.019215865439145954,0.02459118597747678,-0.03224303712754246,1.0013516233907367,0.0034076994371161845,0.0016596428016569455,0.002886676444678152,Walking,Washing Face
11.18,0.28743658612060385,0.13800848931009443,-0.1624009286745565,-0.09074362112489456,-0.0798133983749447,-0.13936508344934043,0.028840095346929065,-0.03769136258786898,0.9982970381343108,0.003245298508441628,0.0019470793877775497,0.0030246849339882463,Walking,Washing Face
11.2,0.3032952008740357,0.16562138740246718,-0.1825366272904232,-0.09562095434208444,-0.03156497777207816,-0.09238117531536903,0.025717183238661852,-0.05546213451064279,1.011521258752459,0.0030627618811512047,0.0022503745886515852,0.003190306321390713,Walking,Washing Face
11.22,0.08524451279319278,0.18395626775836124,0.05692506318659164,-0.13144708101894284,0.08107806830316297,-0.14665171161261023,0.013317712503483549,-0.03529317595746777,1.0036249476444612,0.0031196869443377963,0.002335619101444778,0.0033742625891490744,Walking,Washing Face
11.24,0.11069497688854538,0.13418961848528646,0.22320574464610454,-0.08257415758590869,0.048910595751560315,-0.1414285640899075,0.021469368496284308,-0.04307402247563034,1.0071487484849524,0.003342892688983901,0.002446314078333323,0.0035084522076343615,Walking,Washing Face
11.26,-0.05075195972035591,0.09709792537202205,0.23059369325407086,-0.21946851126311356,-0.035711360391825514,-0.08906335555841134,0.018254210791908733,-0.03731178774485604,0.997258784898423,0.003573486382237971,0.002395562118612967,0.0036055501330063827,Walking,Washing Face
11.28,-0.0631756289666614,0.25615886219583917,0.1738767935603883,-0.1175149923129919,0.025260686450513308,-0.16020914956541954,0.019600453981494657,-0.03737577689467987,0.9853216866629922,0.0037473631757983603,0.0023323864896463054,0.003861708995202222,Walking,Washing Face
11.3,0.010702982190743351,0.24923858299259424,0.4011632115892537,-0.04267193879154631,0.009759932933156659,-0.18519737682683604,0.0268415925343622,-0.03605130726169439,0.9973251178522226,0.004148526387387614,0.0023430894718370486,0.004110947578194816,Walking,Washing Face
11.32,-0.13253316203411228,0.039639800251173765,0.3570599406883395,-0.03188677156597952,0.05077740494060738,-0.10606121596180147,0.024268181647821335,-0.03557845677648417,0.9932698883206512,0.004505586328075953,0.002210556309802936,0.00415058737844599,Walking,Washing Face
11.34,-0.12691243333651325,-0.028700701517739707,0.40921332299510427,0.027079602495424085,0.023066885946920072,-0.05623713341194677,0.02290514747248968,-0.04468743343621374,0.9969645212775308,0.004914799651071057,0.002083643876466423,0.00412188667692825,Walking,Washing Face
11.36,-0.1502718233136386,0.16217886865223483,0.3606010000511372,-0.004558530713003746,0.09121749550404976,-0.11794671577639441,0.022661273016552182,-0.03023529670121056,0.9964471625558564,0.005275400651122194,0.0019333720531527843,0.004284065545580485,Walking,Washing Face
11.38,-0.22237466033771644,-0.049920589673027246,0.414471635487244,0.07128483421426664,0.13400667543474956,-0.08150184946155867,0.022371201130376613,-0.03333441704551195,0.9951826768199844,0.005689872286609438,0.001710997392815068,0.004234144955907458,Walking,Washing Face
11.4,-0.33724919160964695,-0.006865057857652922,0.08800928140997921,0.08250524294278877,0.1066405305213933,-0.12495137759378329,0.020816720618128334,-0.037038687887812914,1.003483062351993,0.005777881568019417,0.001373748201205421,0.004227279898049804,Walking,Washing Face
11.42,-0.3900407718726038,-0.07681876394975945,0.19915212088195394,0.05149753109800635,0.040728364675325514,-0.019185377003630766,0.014332658181146178,-0.04456590357204161,0.9956004780361299,0.005977033688901371,0.0009837074293328172,0.004150461134100045,Walking,Washing Face
11.44,-0.2121255679567335,-0.020445169563950163,0.2850280586428588,0.16091849979670533,0.10008431280527649,-0.004395218164383314,0.012955022579711095,-0.043760281418663755,0.9993631355869159,0.006262061747544231,0.0007715818613760837,0.004130015964536095,Walking,Washing Face
11.46,-0.2732330098741371,-0.26649028003928443,-0.029216455285649506,0.18877211224599663,0.07400035966777738,0.0779033339280449,0.014663135878210621,-0.039426981626618535,0.9865574924923658,0.006232845292258582,0.0004983488515019466,0.0038635256844968104,Walking,Washing Face
11.48,-0.2863644614744036,-0.1343221145676894,0.03642288213951495,0.1270392251275213,0.07478467646849296,-0.009854172155208342,0.028051015759266412,-0.04281218681763114,0.9965681301152659,0.006269268174398096,0.00021198439002754295,0.003729203569929121,Walking,Washing Face
11.5,-0.378835248553791,-0.2052952754071167,-0.25871361453048597,0.09344735346386619,0.10007917344401607,0.08647422355516754,0.020106006142464314,-0.02632306554735493,1.0007286221777205,0.00601055455986761,-0.0001668508585262481,0.003523908294522004,Walking,Washing Face
11.52,-0.4035888957212058,-0.3422871283391003,-0.018498325097461743,0.18067608649267364,0.1248908050451156,0.10410868482860343,0.027555048697045142,-0.04114208967484528,1.0024982289478572,0.005992056234770149,-0.000570439754247454,0.003181621166182904,Walking,Washing Face
11.54,-0.17438426743506924,-0.2812648322016126,-0.23100124510192488,0.0198465209227324,0.09914573175056503,0.035396976178115935,0.02394235763214564,-0.03199603549069001,1.0002430488335936,0.005761054989668224,-0.0007448240216825232,0.002900356333981291,Walking,Washing Face
11.56,-0.2067998696696868,-0.2186157527396727,-0.37684806313087094,0.16531983405332307,0.08681076577021912,0.09220469768911864,0.016347985544025743,-0.048248668465019,1.0002813357076739,0.005384206926537353,-0.00095162389135221,0.002681740581241619,Walking,Washing Face
11.58,-0.08253480817922172,-0.19987489915375567,-0.5518662507413643,0.15651234417631868,0.0368367205727698,0.07516568779036523,0.022099010217658255,-0.03547272561304799,0.9997313082601247,0.004832340675795989,-0.001034158699531432,0.002481865682087863,Walking,Washing Face
11.6,-0.050517692565158034,-0.27156315631391104,-0.42018515446083143,0.12361292654610696,0.15015981613581603,0.166544046825914,0.016861868485902216,-0.03926978799805393,0.9949757337371508,0.0044121555213351565,-0.00108467639209659,0.0022103025257739516,Walking,Washing Face
11.62,-0.037625790812921084,-0.2631644870904516,-0.45448695268890177,0.092334324935541,0.03818274614667359,0.17109995863446445,0.020258716506251065,-0.03618087111961164,1.0026914539178755,0.003957668568646255,-0.001122302182909511,0.0019471380386835,Walking,Washing Face
11.64,-0.24692157100433415,-0.1287710008753138,-0.48572250626391655,0.11472971601223088,0.03675024659857282,0.12354386648716031,0.01596968873374247,-0.03657011351318158,0.9953531267734526,0.0034719460623823385,-0.0013692237539138453,0.001818367037808186,Walking,Washing Face
11.66,0.11798225890511946,-0.2468302937486035,-0.645553222078696,0.0875782702257061,0.0648049489189569,0.18194331592857188,0.0278326603451607,-0.048365147856777264,0.9930079989512248,0.0028263928403036427,-0.001251241495008726,0.0015715367440595825,Walking,Washing Face
11.68,0.16726304687490262,-0.15127465313619232,-0.49593155843595726,0.08641167293465676,0.09632122911132965,0.08546185996091595,0.02407433318906763,-0.03893095537632228,0.9907953827250309,0.0023304612818676857,-0.0010839784481338234,0.0014202620909233902,Walking,Washing Face
11.7,0.015222410979968095,-0.08753452097710726,-0.6633022051391588,0.0353080433659784,0.007997733639506033,0.06292773386178734,0.02327617288613913,-0.04702803755130965,0.9983731062644006,0.0016671590767285264,-0.0010687560371538552,0.0013327275699462828,Walking,Washing Face
11.72,-0.05004688028039461,-0.17049275334294203,-0.4362738560038948,-0.022146004270746963,0.05670782388598987,0.07276950051010121,0.03032354294311037,-0.04248532735533926,0.9874806180005631,0.0012308852207246319,-0.0011188029174342498,0.0011622348166033408,Walking,Washing Face
11.74,0.04531589029685901,-0.26578142243302855,-0.27911828606751204,0.0005596143602157218,-0.017351982319612318,0.08241251409733505,0.013688480124381713,-0.03220864449771769,0.9938597721680981,0.0009517669346571197,-0.0010734870271373908,0.0008964533941703122,Walking,Washing Face
11.76,0.005194594908926847,-0.12055969603470537,-0.45802629418252383,-0.053878372571610635,-0.07995473339821173,0.12003594246504536,0.019281150280560874,-0.039796913115848105,0.9939467171826891,0.0004937406404745958,-0.0010682924322284637,0.0007758936981356068,Walking,Washing Face
11.78,0.23437829002657842,-0.04309775081791602,-0.466933520031789,-0.08012154601378502,0.010134928522297422,0.06929093025988052,0.016489236436198103,-0.04107720081906655,0.9932676592908034,2.6807120442806752e-05,-0.0008339141422018854,0.0007327959473176907,Walking,Washing Face
11.8,0.11277754049374647,0.10094284493034827,-0.018354574468041285,-0.058896738025597486,-0.05792454873928894,0.06408560339312352,0.018849589239752256,-0.03282451398035941,0.9929632355249777,8.452545974765469e-06,-0.0007211366017081389,0.0008337387922480391,Walking,Washing Face
11.82,0.06064325967886722,0.0945295526414425,-0.1141105476683893,-0.0704127919579433,-0.05281307863097364,0.056708280765625035,0.01893508542175981,-0.0311650014989817,0.9961597224166815,-0.00010565800169362384,-0.0006604933420292717,0.0009282683448894816,Walking,Washing Face
11.84,0.1111027964093887,0.15491062135512595,0.06752309184824858,2.930944266844003e-05,-0.0728513896585853,-0.015390785408858612,0.021490220050370597,-0.02912646960974239,1.0026613723173379,-3.8134909845375254e-05,-0.000549390545619883,0.0010831789662446073,Walking,Washing Face
11.86,0.21242130856600774,0.24659246771183455,0.08575408104035237,-0.14315287734763726,-0.07359986843266646,-0.014967163868866392,0.012799183896012256,-0.032785542385760175,0.9872686187505927,4.7619171194977125e-05,-0.0003369692370538753,0.001329771433956442,Walking,Washing Face
11.88,0.4065278862422548,0.23540622026729077,0.3737273020463436,-0.10725957381514088,-0.04476929028910807,-0.031999429872327866,0.025248002308314275,-0.03184430239094507,0.9949994581718902,0.00042134647324132066,6.955864918837951e-05,0.0015651776542237328,Walking,Washing Face
11.9,0.16130962353932174,0.20835263670119597,0.3602335611296805,-0.14956258074944517,-0.04717784827841211,-0.04540090855604321,0.02659904440890269,-0.032147364711896505,0.9936589116162777,0.0007815800343710012,0.00023086827272770125,0.0017735302909249286,Walking,Washing Face
11.92,0.269522525583262,0.21611238019769527,0.49578919840510327,-0.11399444101856783,-0.05238079855533641,-0.11081109531286892,0.021970873636869163,-0.02468079302222976,0.9978953604891512,0.0012773692327761044,0.0005003907983109632,0.001989642671122624,Walking,Washing Face
11.94,0.3155922749365607,0.3821939011952155,0.45209768123236743,-0.05070197818286799,-0.02576946373238384,-0.07048028262203995,0.0218096079136864,-0.03787700737451674,1.0086305784563798,0.0017294669140084718,0.0008159830732475241,0.0023718365723178394,Walking,Washing Face
11.96,0.2521004585699611,0.1781031493093723,0.5196909585070012,-0.11567019163908605,-0.016153597971848586,-0.060423358700141545,0.012581062963392313,-0.02804147173397712,0.9956173928695408,0.002249157872515473,0.001068083531817485,0.0025499397216272117,Walking,Washing Face
11.98,0.11933458307745928,0.18700836073551183,0.3856506234187756,-0.15568958823402115,0.029331184022522938,-0.0625469795019499,0.02115662859484262,-0.042567390636081996,0.9898913099671556,0.002634808495934249,0.0011874181148949442,0.0027369480823627237,Walking,Washing Face
12.0,0.07166727769848108,0.33706880749950785,0.3687303001457592,-0.15747254969993527,0.01088667146701745,-0.11351503967975227,0.01756053738628838,-0.03975819367985321,0.9998994351892091,0.003003538796080008,0.0012590853925934255,0.0030740168898622314,Walking,Washing Face
12.02,0.17153567814480472,0.22197240237794008,0.6281250990798626,-0.08492440919294296,0.009950650120596125,-0.014123043262785783,0.015123487850834005,-0.0333092501909053,0.9919240906018624,0.00363166389515987,0.0014306210707382301,0.0032959892922401718,Walking,Washing Face
12.04,0.08559045813684096,0.3379232205561403,0.4794879586869917,-0.021389552540086846,0.04088086491343441,-0.032434775255038566,0.015088671959665713,-0.03439615570145427,0.9953056840124868,0.0041111518538468625,0.0015162115288750713,0.003633912512796312,Walking,Washing Face
12.06,-0.2280013205753922,0.2359017314395276,0.5820846839953365,-0.033969600312430445,-0.0022717175210722413,-0.02132507591905832,0.028169655649028486,-0.03013141134677438,0.9997540807387618,0.0046932365378421995,0.001288210208299679,0.003869814244235839,Walking,Washing Face
12.08,-0.038345171189557506,0.25574667332833007,0.2589023982594335,0.0024789885207669848,0.041483479486459605,-0.008387717950714439,0.016244999973828292,-0.038364286980885856,0.9953756762427716,0.004952138936101633,0.0012498650371101216,0.00412556091756417,Walking,Washing Face
12.1,-0.05390142678868294,0.1915593187750756,0.20779130649933872,0.006939476157282746,0.050487267535333676,-0.03716326254822381,0.013643458386705333,-0.03153211103894635,0.9999336939250956,0.0051599302426009715,0.0011959636103214385,0.004317120236339246,Walking,Washing Face
12.12,-0.05075569705989565,-0.012235718767141607,0.23683381707393603,-0.05232061444709545,0.09854161743823438,-0.015311967505042835,0.01137778421587752,-0.035145977561631084,0.9927943785062016,0.005396764059674908,0.0011452079132615429,0.004304884517572104,Walking,Washing Face
12.14,-0.0432164946360447,0.24798778963595455,0.33864170298050117,-0.011006907188609529,0.09525411268250299,0.05376850993417371,0.015087993814052472,-0.039661812636955195,0.9913537810257844,0.00573540576265541,0.001101991418625498,0.004552872307208058,Walking,Washing Face
12.16,-0.36333202984673985,0.02529711824135253,0.03512987653274877,-0.05226385945253589,0.04934109619084874,0.06450609390781117,0.020785821410280465,-0.03755740503843959,0.9895823626250714,0.005770535639188158,0.0007386593887787582,0.004578169425449411,Walking,Washing Face
12.18,-0.11026264459630149,0.09262596194166017,-0.13313330515246788,0.07562201982188789,0.0025287535759385546,0.10212924797906885,0.019509993718406327,-0.032790754342219675,0.9912719679074962,0.005637402334035691,0.0006283967441824567,0.004670795387391072,Walking,Washing Face
12.2,-0.24567248142138154,-0.014416426010743742,-0.17788105912026947,0.041896214560868145,0.06809482997903724,0.017282212768049435,0.02017834182123123,-0.03729286453805183,0.9861628688735843,0.005459521274915421,0.00038272426276107514,0.004656378961380328,Walking,Washing Face
12.22,-0.27104833779877907,0.01570421198570217,0.01791922881565161,0.09691019028043178,0.05462868439704792,0.1740068156828241,0.025245038216161683,-0.03921595308520982,0.991486509680696,0.0054774405037310726,0.00011167592496229601,0.0046720831733660295,Walking,Washing Face
12.24,-0.39552652853374115,0.08531451445457676,-0.38816566451494555,0.04516726846521408,0.06926708682520422,0.11040222222436204,0.016651621743062492,-0.03241560786818596,0.9981267942512366,0.0050892748392161275,-0.00028385060357144514,0.004757397687820607,Walking,Washing Face
12.26,-0.42826534527696386,-0.09552933213562152,-0.2476771751537366,-0.017740685460062,0.027402008452285433,0.08580262844422251,0.02180485108890862,-0.027701859187264567,0.9934840441577462,0.0048415976640623914,-0.0007121159488484091,0.004661868355684986,Walking,Washing Face
12.28,-0.506922106304507,-0.08500449971821467,-0.4167274028518183,-0.03761515107514963,0.037623540808742764,0.10674717868837576,0.02397660890474719,-0.026755571314654857,1.004732787897456,0.004424870261210573,-0.0012190380551529159,0.004576863855966771,Walking,Washing Face
12.3,-0.34049685672905805,-0.15263673529201366,-0.24329740929846183,0.03919101475263464,0.055419048959101117,0.08832403563439167,0.020988446463218013,-0.026701849620753802,1.00179273050711,0.004181572851912111,-0.001559534911881974,0.004424227120674758,Walking,Washing Face
12.32,-0.47105208729563414,-0.1600991293293424,-0.26241763810637586,0.04966326856752128,0.02549164383701451,0.13387088252695598,0.005245783806151986,-0.02168762497770756,0.9936002733345769,0.003919155213805735,-0.0020305869991776083,0.004264127991345415,Walking,Washing Face
12.34,-0.4992977835725014,-0.08735774327028034,-0.20759942988924884,0.027293214827283287,-0.0055590356414301515,0.07686972575706101,0.008855926765826022,-0.029890032771997383,0.9846996715491158,0.0037115557839164865,-0.0025298847827501096,0.004176770248075136,Walking,Washing Face
12.36,-0.6227550329716082,-0.33048632242947207,-0.2450501875581066,0.0060527629993940985,0.05682302181081136,0.04206934371003019,0.02530065439728511,-0.025267965552660705,1.0066077788594843,0.0034665055963583797,-0.003152639815721718,0.0038462839256456632,Walking,Washing Face
12.38,-0.46416554366045776,-0.1710872642098488,-0.2622264123790645,0.04995717890580324,0.053429818662679915,0.04269899278242238,0.023606410212801864,-0.0298498595483638,0.9844758460579657,0.0032042791839793153,-0.003616805359382176,0.0036751966614358145,Walking,Washing Face
12.4,-0.25178097064203725,-0.16015776475338195,-0.14576002707268854,-0.0031776065250905036,0.07632350435943158,0.049546427947782516,0.02127799604283629,-0.030618506313529446,0.9911886999497811,0.0030585191569066266,-0.003868586330024213,0.003515038896682433,Walking,Washing Face
12.42,-0.21730155253596067,-0.12849881431459578,-0.09288134780739057,-0.043975016614841315,-0.06144733315945805,-0.001518708479286113,0.022065472756499064,-0.024006373929406057,0.9946034121114026,0.0029656378090992357,-0.004085887882560174,0.003386540082367837,Walking,Washing Face
12.44,-0.43005755695625125,-0.13110768616575214,-0.06844131238899201,-0.08905365824160044,-0.020254965962224467,0.00603888744557894,0.0129348318058779,-0.02895394861222486,0.9934447655414549,0.0028971964967102436,-0.004515945439516425,0.003255432396202084,Walking,Washing Face
12.46,-0.30453992499228855,-0.1301293347074144,-0.006587329156693342,-0.1216547562658638,-0.04427894882766266,0.012734722419953921,0.01315816607753873,-0.032373747830654734,0.9954434490762756,0.0028906091675535506,-0.004820485364508714,0.00312530306149467,Walking,Washing Face
12.48,-0.25532334451805805,0.03555132795440953,0.21261254974216415,-0.10273973951335119,-0.10038643315524029,-0.01694545840291372,0.030738127535987217,-0.030846085516697597,0.9932187266166845,0.003103221717295715,-0.005075808709026772,0.00316085438944908,Walking,Washing Face
12.5,-0.38653078367229227,-0.16604790313468618,0.07696443936982317,-0.09907326428739129,-0.1288436979998715,-0.07412257857962784,0.015746770588031127,-0.02825539343301043,1.003370416110184,0.003180186156665538,-0.005462339492699064,0.002994806486314394,Walking,Washing Face
12.52,-0.05376233754063536,0.009394360125282206,0.3322949665155363,-0.0895716026028281,-0.0654334623791861,-0.10828682990824075,0.029953944807786778,-0.03328959692699959,1.0010645878645632,0.0035124811231810743,-0.005516101830239699,0.0030042008464396764,Walking,Washing Face
12.54,-0.2976361494527885,-0.02028753435539506,0.3548443748870924,-0.0708481412634206,-0.09605762313413281,-0.0584900557890358,0.016647555759058984,-0.036001342697628363,1.0016364875362564,0.0038673254980681666,-0.005813737979692488,0.002983913312084281,Walking,Washing Face
12.56,-0.1243272080141732,0.12219074791853579,0.27126544383915113,-0.12405875902266722,-0.035441213231932084,-0.09338169802119933,0.015511253736699725,-0.032623433189144395,0.9912972645067968,0.004138590941907317,-0.005938065187706661,0.003106104060002817,Walking,Washing Face
12.58,0.01532431810816072,0.12861625079092978,0.38267556889576565,-0.24633172723203148,-0.07564145944519807,-0.09432203502105664,0.018571487502853076,-0.03694571969449884,0.9985806966162,0.004521266510803083,-0.0059227408695985,0.0032347203107937466,Walking,Washing Face
12.6,-0.008309727799363061,-0.040844910012765384,0.4035115346821874,-0.11425637672565558,-0.05434496826864278,-0.1294950824917152,0.01421769127890396,-0.03442814349475837,0.9966982575419695,0.00492477804548527,-0.005931050597397863,0.003193875400780981,Walking,Washing Face
12.62,-0.15311688649525967,0.09150879423365621,0.2523190674683328,-0.19340212577146895,-0.07482552060557372,-0.021157497445121624,0.016561309082043146,-0.021689509255231748,1.0002155089780616,0.005177097112953603,-0.006084167483893122,0.0032853841950146374,Walking,Washing Face
12.64,0.17888016708000254,0.14317087943921558,0.4175072270818071,-0.08691572430777972,-0.09937688182137372,-0.126762351536724,0.011566165465801376,-0.032486114736844554,0.9874193035140549,0.005594604340035412,-0.0059052873168131195,0.0034285550744538535,Walking,Washing Face
12.66,0.09288184623380241,0.22086355060859264,0.16689048673857626,-0.21299742265818522,-0.05857419778089771,-0.14822901367346342,0.01244110113127362,-0.0321313273490194,0.9981756760449704,0.005761494826773988,-0.005812405470579317,0.003649418625062446,Walking,Washing Face
12.68,0.19059600350255487,0.04486491749082466,0.07175581344734808,-0.15887086283590998,-0.035832722616904955,-0.13436772271472497,0.012442928667393442,-0.02549082251982556,0.9927051130273947,0.005833250640221336,-0.005621809467076762,0.00369428354255327,Walking,Washing Face
12.7,0.10892058189207071,0.28973642434047286,0.10505286711041481,-0.09515353072319109,-0.05644073263077563,-0.0416183148587293,0.01867406660389477,-0.03471232972368385,0.9856432797710701,0.005938303507331751,-0.005512888885184692,0.003984019966893743,Walking,Washing Face
12.72,0.32371043895106155,0.43858736797142744,0.10404765206379,-0.07314976735154285,-0.052372221198810597,-0.032932800011435344,0.01758341761423274,-0.027917710283034126,0.9960027945224076,0.006042351159395541,-0.00518917844623363,0.004422607334865171,Walking,Washing Face
12.74,0.35771266237431726,0.029729935873673674,-0.027838479490663898,-0.062427136520614275,-0.041039493190417886,-0.07037481956874304,0.01857132395037883,-0.023056398033818225,0.9944840668462438,0.006014512679904877,-0.004831465783859313,0.004452337270738844,Walking,Washing Face
12.76,0.5043074029263488,0.17641888092468425,-0.036954091018545326,-0.11923054348666756,-0.03411605153957423,-0.04816346338538805,0.021029622703344228,-0.039060015774458716,0.990493766228589,0.005977558588886331,-0.004327158380932963,0.0046287561516635285,Walking,Washing Face
12.78,0.2965994543741062,0.21587875711676618,-0.3574742976381919,-0.005088240793293059,-0.05310523934440739,-0.02944230125746014,0.01018930281716924,-0.0361541218510626,0.99104113666918,0.005620084291248139,-0.0040305589265588575,0.0048446349087802945,Walking,Washing Face
12.8,0.4515977503593142,-0.012911864779188778,-0.37958564521052485,-0.023391975358353592,-0.01687374331145934,0.007773797369889653,0.01675118311235837,-0.027818004977178807,0.995926883624457,0.005240498646037615,-0.003578961176199543,0.004831723044001106,Walking,Washing Face
12.82,0.3221816524166433,0.09112702419197163,-0.4704319664769545,0.013219322957161554,-0.012232394467785283,0.08286040136031994,0.017561940206498993,-0.031337231560937456,0.9972078213394815,0.004770066679560661,-0.0032567795237829,0.004922850068193077,Walking,Washing Face
12.84,0.3937296821126344,0.15485093011198803,-0.5193715766449467,-0.08211826492238639,0.0032488920225138508,0.03235129423723531,0.009884481149229633,-0.02502406975028803,0.9905157001852528,0.004250695102915714,-0.0028630498416702655,0.0050777009983050654,Walking,Washing Face
12.86,0.48577895846074304,-0.04456549167830212,-0.5283727900423892,0.029254792039824448,0.05916283678676172,0.09188729822611647,0.007767088117050614,-0.03271781769061685,0.9890019628500833,0.0037223223128733246,-0.0023772708832095223,0.005033135506626763,Walking,Washing Face
12.88,0.571850686205561,-0.1280327472250424,-0.6648373702049407,0.07246084551475152,0.012800854469788306,0.06119511193448092,0.02244351710780768,-0.02202688725888726,0.9872020893501299,0.0030574849426683835,-0.0018054201970039612,0.004905102759401722,Walking,Washing Face
12.9,0.49031307162348264,0.02154530327455574,-0.5178680980046294,0.09408879837003423,0.020048203515545867,0.07828401303686298,0.021577024437020767,-0.026608001878142908,0.9886506593188165,0.0025396168446637545,-0.0013151071253804786,0.004926648062676277,Walking,Washing Face
12.92,0.35901553321280644,-0.08240433028683421,-0.6047077263374928,0.14610128865914238,-0.009591213827683465,0.030321574191702706,0.013682596470366098,-0.02618527363449222,1.0000178366294703,0.0019349091183262616,-0.0009560915921676722,0.004844243732389443,Walking,Washing Face
12.94,0.2812631716469014,-0.20147985239918992,-0.3949949556872765,0.09812529357224706,0.04778327830505527,0.10784049692112946,0.015604334508906336,-0.02331569312730987,0.9905784736551682,0.001539914162638985,-0.0006748284205207707,0.004642763879990253,Walking,Washing Face
12.96,0.28780813529697885,-0.2336318951368657,-0.3800244553228711,0.08083728529492286,-0.045957008665254345,0.0723674996429345,0.02159539461449165,-0.024816406760341518,0.9925345860623465,0.001159889707316114,-0.0003870202852237918,0.0044091319848533865,Walking,Washing Face
12.98,0.2722682204305241,-0.20791546050468537,-0.344222131336505,0.0881772439409575,0.010526672006415112,0.13824409126132234,0.019499376621065607,-0.02795322506623994,0.9869847285888067,0.0008156675759796088,-0.00011475206479326768,0.004201216524348701,Walking,Washing Face
13.0,0.2848686525193365,-0.32846545827398776,-0.16132662444899853,0.19256454876738396,0.001982665654535527,0.17783286856644376,0.008012928083954094,-0.028133493803656116,0.9891380983798413,0.0006543409515306103,0.00017011658772606887,0.003872751066074713,Walking,Washing Face
13.02,0.29137021263930574,-0.4097258017905651,-0.39469478154267024,0.1624136036901062,0.0222062047192423,0.09579776615769033,0.013186347119510703,-0.027903797405257228,0.9935605547544302,0.00025964616998794,0.0004614868003653746,0.003463025264284148,Walking,Washing Face
13.04,0.15565025302052526,-0.3041927748664416,-0.08655035031923242,0.07008852238919448,0.07061936626298337,0.16333021815889504,0.015396531974110469,-0.02620561926805241,0.9951177571923949,0.0001730958196687076,0.0006171370533858999,0.0031588324894177068,Walking,Washing Face
13.06,-0.011820052650254875,-0.4171584753362145,-0.07287560591062758,0.17053745737973958,0.03162828951353455,0.1293384835817008,0.015438558423815175,-0.020058997833492038,0.9895156054531414,0.00010022021375807999,0.000605317000735645,0.0027416740140814924,Walking,Washing Face
13.08,0.14940922081346658,-0.5656485734712838,0.10658045539628355,0.1498784103252261,0.06447286175061012,0.09368292902757844,0.0123908316585222,-0.022707913644731643,0.9905401519407322,0.00020680066915436358,0.0007547262215491116,0.0021760254406102087,Walking,Washing Face
13.1,-0.010419387769970534,-0.41305662715919206,0.3143798258662571,0.009912115719039842,0.13338748147584356,0.18015315993207875,0.007315288662471199,-0.019142394204995323,0.9905044042457583,0.0005211804950206207,0.000744306833779141,0.0017629688134510166,Walking,Washing Face
13.12,0.001885986231486103,-0.26902021581409896,0.17060711000232198,0.15904057109525496,0.10269839498621641,0.0949320164072019,0.017252620803030996,-0.027069930360706537,0.9941585961627846,0.0006917876050229427,0.0007461928200106271,0.0014939485976369175,Walking,Washing Face
13.14,-0.19921391990410958,-0.16687261622814148,0.3411282643493962,0.07476332810949447,0.20456397535925128,0.030505867356221128,0.016264209024388274,-0.02578879964824825,0.9975982153839299,0.0010329158693723388,0.0005469789001065175,0.001327075981408776,Walking,Washing Face
13.16,-0.12614230601353477,-0.24916720552289878,0.41920180420548525,0.06444534117903952,0.01519599269070693,-0.02091385918995793,0.01829461588795093,-0.025144038564072105,0.9950815231601261,0.001452117673577824,0.00042083659409298277,0.0010779087758858768,Walking,Washing Face
13.18,-0.20243590034847475,-0.2536351610588289,0.4013218369551861,0.07666226474062975,0.1110967659183217,-0.036536470718872456,0.017518290650091407,-0.023560112487289724,0.9947336680669752,0.00185343951053301,0.00021840069374450802,0.0008242736148270481,Walking,Washing Face
13.2,-0.17021715593929193,-0.2680402358063779,0.4389430672990376,0.03338547369025716,0.028495872973324853,-0.06711661263407366,0.01227459486184398,-0.01881503286264924,0.9910179469668322,0.002292382577832048,4.818353780521606e-05,0.0005562333790206702,Walking,Washing Face
13.22,-0.12154070267797898,-0.09294341714898591,0.6397149997397966,0.04085634115313801,0.133104637405755,0.0013280683597811076,0.017663052251660646,-0.018716435383707212,0.9951636915830001,0.0029320975775718443,-7.335716487276293e-05,0.0004632899618716843,Walking,Washing Face
13.24,-0.3032788407812848,-0.08827242173618871,0.4522176270507146,0.021689123238710244,0.08796194866068346,-0.11684855899652798,0.023233328829022563,-0.028346075718628114,0.9902613080241445,0.003384315204622559,-0.0003766360056540478,0.0003750175401354956,Walking,Washing Face
13.26,-0.269280795023717,0.08594660501210703,0.6275491601554735,-0.0695931300062375,0.006784850592774108,-0.0697146890290766,0.009010357915655904,-0.015873853545490285,0.98536591787233,0.004011864364778033,-0.0006459168006777647,0.0004609641451476026,Walking,Washing Face
13.28,-0.2398345482389518,0.006905171606832452,0.4723669745509957,-0.05017991439916275,0.01437906534923776,-0.08240678751274329,0.01088102245295982,-0.02651803671474862,0.9966142375794308,0.004484231339329028,-0.0008857513489167164,0.00046786931675443506,Walking,Washing Face
13.3,-0.2733353346352872,0.11375332041699837,0.4200607886509694,-0.11740595383618795,-0.019956301645276925,-0.07237830415085736,0.013568385173372399,-0.02969077542320469,0.987002904115622,0.004904292127979998,-0.0011590866835520038,0.0005816226371714335,Walking,Washing Face
13.32,-0.21736958496574416,-0.015539547168921392,0.4002391857055291,-0.06911378990967099,0.04443680487027324,-0.09780941185574767,0.016897128157012598,-0.02940159371100745,0.9953186683851194,0.0053045313136855276,-0.001376456268517748,0.0005660830900025121,Walking,Washing Face
13.34,-0.05550865122122969,0.13991220509989738,0.33758955736417073,-0.12674425565752376,0.0050064402635143475,-0.12335012545912123,0.015677379190890812,-0.03697855598521829,0.9851232126320818,0.005642120871049698,-0.0014319649197389777,0.0007059952951024096,Walking,Washing Face
13.36,-0.3299671585783325,0.11935498432365625,0.39913548508861274,-0.05791158180180667,0.06255604752849014,-0.032715758936038494,0.01626248705838818,-0.028193691812250524,0.9918156623981415,0.006041256356138312,-0.0017619320783173104,0.0008253502794260659,Walking,Washing Face
13.38,-0.2757937086424308,0.15336181032234075,0.05644721075933531,-0.09290792214976287,0.05553521570795372,-0.11865078361151772,0.02426163474152701,-0.028372836368469,0.9976628247648135,0.006097703566897647,-0.002037725786959741,0.0009787120897484065,Walking,Washing Face
13.4,-0.3139289118668907,0.2602211131786117,-0.08179529121797716,-0.06769789114654703,0.0011219602611491093,-0.025744487339890883,0.010980006840594057,-0.02192723005885028,0.9970986049190931,0.00601590827567967,-0.002351654698826632,0.0012389332029270183,Walking,Washing Face
13.42,-0.2508848413497213,0.3437434013543423,-0.008838594064241603,-0.13148564365647536,0.004384042115052091,-0.07481367348256839,0.017617471378933915,-0.023419482045515038,0.9857358469266111,0.0060070696816154285,-0.002602539540176353,0.0015826766042813607,Walking,Washing Face
13.44,-0.18629139709520648,0.37336915204876625,-0.14301709873226925,-0.12903010952196603,-0.01917395730599941,-0.02829670511738292,0.015108223291282984,-0.026974633241430398,0.9960602284827246,0.00586405258288316,-0.0027888309372715594,0.0019560457563301266,Walking,Washing Face
13.46,-0.10631945041112639,0.31610330404879594,-0.1469962236784214,-0.14179714804799515,-0.03667045060445742,0.03658226895843703,0.023567564643500405,-0.023522575772669658,0.9931491809666725,0.005717056359204739,-0.0028951503876826854,0.002272149060378923,Walking,Washing Face
13.48,-0.09536022132076756,0.43380000892855886,-0.2669059261475453,-0.08342143595869803,-0.05676686994027756,0.03239763235157048,0.007128834126239667,-0.01726547345168614,0.9970454949239873,0.0054501504330571925,-0.0029905106090034527,0.002705949069307482,Walking,Washing Face
13.5,0.024811304325067257,0.34788503697700085,-0.2377585638311724,-0.001610709626160398,-0.03255194335166579,0.02689107431589955,0.02058219446312705,-0.020009376953350085,0.9971223857826993,0.005212391869226021,-0.0029656993046783854,0.003053834106284483,Walking,Washing Face
13.52,0.08306028482513361,0.3082247326642212,-0.34616310380058385,-0.0591365635233069,-0.06437422992770676,-0.02232033399888339,0.01433461045935268,-0.033288880037930124,0.9845580472684784,0.004866228765425437,-0.002882639019853252,0.003362058838948704,Walking,Washing Face
13.54,0.06128142070963766,0.26936264987938074,-0.49966766888604686,-0.007250546348560533,-0.03896795383917349,0.05221502490454294,0.008928930945380963,-0.027891746957495647,0.9938993693179565,0.00436656109653939,-0.0028213575991436145,0.003631421488828085,Walking,Washing Face
13.56,-0.053536067378106955,0.2711020753419769,-0.5173372674931241,1.0372293510684319e-05,-0.052930053594633944,0.10904401270937102,0.015744402235436085,-0.022618957557680116,0.9973806095637431,0.0038492238290462662,-0.0028748936665217214,0.0039025235641700616,Walking,Washing Face
13.58,0.053110025885531736,0.19606068281276817,-0.2818148812720702,0.001711897837502075,-0.04810984962531124,0.12151753148305049,0.01891903330600477,-0.0200223754525089,1.001076699845336,0.0035674089477741957,-0.0028217836406361895,0.00409858424698283,Walking,Washing Face
13.6,0.1540097819502311,0.10794079777974809,-0.3105561081150365,0.050268532995809107,0.028607572735576618,0.12146809914531646,0.010860155085034408,-0.02832865492195893,0.9939918401019855,0.0032568528396591592,-0.0026677738586859583,0.004206525044762577,Walking,Washing Face
13.62,0.18888055220748245,0.2720060036347801,-0.17718629959038212,0.06834102458433294,-0.03526584406828035,0.11216373925520097,0.008547498692658327,-0.028073118570973672,0.9947358320997001,0.003079666540068777,-0.0024788933064784757,0.004478531048397358,Walking,Washing Face
13.64,0.22993213248760297,0.1603173762983621,-0.16173362925046725,0.05245738579794337,-0.041987028355752035,0.13366838329420733,0.013988486763035327,-0.020156814668857603,0.9974942823000991,0.0029179329108183095,-0.0022489611739908728,0.00463884842469572,Walking,Washing Face
13.66,0.3094307766163964,0.0650221582872208,0.002780803507010765,0.015100169339235081,-0.05012534209844216,0.0626937587442377,0.010592823052235415,-0.018943399644628333,0.9946611273881887,0.0029207137143253204,-0.0019395303973744765,0.004703870582982941,Walking,Washing Face
13.68,0.33010107148879486,0.08503653903739823,0.1280433801559774,0.06789368522827786,-0.06559010159711544,-0.02261715530134966,0.010031185768518271,-0.023398621297674213,0.9918745952145885,0.003048757094481298,-0.0016094293258856818,0.004788907122020339,Walking,Washing Face
13.7,0.1985140461428992,0.048354067272366436,0.04473734683812873,0.022757004959018987,0.018757464973858513,0.08227424291598959,0.015907934607769784,-0.023215822100812248,0.9921748909080021,0.0030934944413194268,-0.0014109152797427825,0.0048372611892927055,Walking,Washing Face
13.72,0.29358155679146203,-0.06435833007163505,0.13877100824336297,0.020888236899536956,0.004327299407953301,0.08027173477286373,0.019130716587206748,-0.014932243385250853,0.9867348736997302,0.00323226544956279,-0.0011173337229513206,0.00477290285922107,Walking,Washing Face
13.74,0.37144706287702633,0.021337785345228857,0.05808195284637177,0.031140433846277904,0.031785666548387444,-0.02215951902973009,0.009252955209010661,-0.018540506705522392,0.9949191077986461,0.0032903474024091614,-0.0007458866600742941,0.004794240644566299,Walking,Washing Face
13.76,0.44877726716785726,0.06309721801448157,0.3805345330169923,0.09189896402076968,-0.008470674753483086,-0.010552774797568791,0.00435876964921925,-0.022939967596927218,0.9938282875871116,0.0036708819354261536,-0.0002971093929064369,0.004857337862580781,Walking,Washing Face
13.78,0.3025377495109852,-0.2685628550881081,0.3384453221050088,0.13689139322531518,-0.015613741550302023,0.04268506925730064,0.008816017976020274,-0.022762030227586286,0.9929425533166233,0.004009327257531162,5.4283566045483235e-06,0.004588775007492672,Walking,Washing Face
13.8,0.26003865848700053,-0.10271227161738153,0.3168440376863844,0.00623010335228197,0.016528763774580308,-0.03681515384165022,0.0030030105355622044,-0.01946681649682569,0.9972957752851378,0.004326171295217548,0.00026546701509154886,0.004486062735875291,Walking,Washing Face
13.82,0.17182461303315202,-0.31494297430568263,0.4106138977858259,0.09986888175547162,0.026634825033031655,-0.04878038493567347,0.012132802572290314,-0.022117545651233986,0.9800178908723235,0.004736785193003373,0.00043729162812470093,0.004171119761569609,Walking,Washing Face
13.84,0.13385165788764203,-0.066710161722458,0.4306663356126721,0.009673060117051789,0.062047473266531476,-0.0818101260442582,0.011492492385118097,-0.017436232914075218,0.9881188549487224,0.005167451528616045,0.0005711432860123429,0.00410440959984715,Walking,Washing Face
13.86,0.26357860802663546,-0.23162340977848847,0.2157517887141166,0.015521336552719584,0.15179464355493738,-0.048308040861379395,0.012732630437653745,-0.024164760850214757,0.9927371041522426,0.005383203317330162,0.0008347218940389783,0.003872786190068662,Walking,Washing Face
13.88,0.12693651559954697,-0.10231182253236952,0.30939617404684133,-0.05144546898496784,0.10337882531654574,-0.09394874111081206,0.006596148234562683,-0.02086391554245697,0.9878541927302656,0.005692599491377003,0.0009616584096385254,0.0037704743675362924,Walking,Washing Face
13.9,0.13913535905868077,-0.22317208568582514,0.25574862968846,-0.04628076375671234,0.049228142383567854,-0.14367711812529457,0.016061503650310376,-0.014987517124319566,0.991686300523744,0.005948348121065463,0.001100793768697206,0.0035473022818504675,Walking,Washing Face
13.92,-0.14783291661016662,-0.07150181863204563,0.14076540378345118,-0.08285661743162154,0.009936141312815183,-0.12677641344075133,0.014711233306184198,-0.021712182691995426,0.9931471933103749,0.0060891135248489145,0.0009529608520870395,0.0034758004632184218,Walking,Washing Face
13.94,0.15971019759335758,-0.10807073599506416,0.10520292633443515,-0.048203047136366,0.013846529235733457,-0.11069535894750258,0.019817929201715476,-0.02816440286537825,0.9954789724969636,0.006194316451183349,0.001112671049680397,0.0033677297272233573,Walking,Washing Face
13.96,-0.09989816703618001,-0.21130035810105738,-0.002044277274860312,-0.033290295206474876,0.04002481997848263,-0.14340529459023457,0.01114109675717435,-0.014303511011934535,0.9936492750699807,0.006192272173908489,0.001012772882644217,0.0031564293691223005,Walking,Washing Face
13.98,0.018950777835662153,-0.011268389880250702,-0.1704754746103155,-0.13199452071095627,0.01519243054413933,-0.13991181060451308,0.005175224887578378,-0.007390428304670425,0.9908672259117473,0.006021796699298174,0.001031723660479879,0.0031451609792420496,Walking,Washing Face
14.0,-0.11322393293115532,-0.013074739739460424,-0.15226105521214958,-0.10980508413768343,0.027263843664617447,-0.12066011014623466,0.018206190295222795,-0.01802988265591726,0.9896607532911967,0.005869535644086024,0.0009184997275487238,0.0031320862395025893,Walking,Washing Face
14.02,-0.3636359355880274,-0.07575706418280762,-0.3130041927988988,-0.15924529824564654,-0.0293059957400309,-0.07777473242341054,0.01114135580969077,-0.011371557474909762,0.9933673421509832,0.005556531451287126,0.0005548637919606962,0.0030563291753197813,Walking,Washing Face
14.04,-0.32036396947821916,-0.0033599226091579545,-0.3691064674379671,-0.1801987186406813,0.03854048787493262,-0.12177208070599203,0.01352174768896506,-0.021512689264641147,0.991425919078078,0.005187424983849158,0.00023449982248247708,0.0030529692527106233,Walking,Washing Face
14.06,-0.2967456460546375,-0.010392401861249456,-0.4129813297719422,-0.14980012965256165,0.05004633232128604,-0.10662699397624768,0.01254870837207049,-0.019140829577893,0.9843111982681242,0.004774443654077216,-6.224582357216042e-05,0.0030425768508493736,Walking,Washing Face
14.08,-0.22292868140556643,0.02991986369621863,-0.6384724061690898,-0.1281256530503506,-0.003926169262872692,-0.032729321124001516,0.013123722327492465,-0.01456699726212289,0.9847751267135871,0.004135971247908126,-0.00028517450497772686,0.003072496714545592,Walking,Washing Face
14.1,-0.44525219282220085,0.06000769981237325,-0.5262336998399669,-0.16091437595027897,0.011674622154409564,-0.041192422854857774,0.011055462467696653,-0.014857853551118117,0.9959743774498341,0.0036097375480681586,-0.0007304266977999277,0.0031325044143579654,Walking,Washing Face
14.12,-0.5516164710649241,0.3033383578327424,-0.5847816203366173,-0.13833862739624428,0.012709872818223038,0.01188521254652562,0.014475794377930219,-0.01861028793320847,0.9936636494543253,0.003024955927731542,-0.0012820431688648519,0.0034358427721907074,Walking,Washing Face
14.14,-0.4499168924831429,0.10648017996514983,-0.6955297676160926,-0.060862706968502475,-0.04110611198971279,-0.007372993895238921,0.009766600915995113,-0.01618267109637742,0.991739005696973,0.002329426160115449,-0.0017319600613479947,0.0035423229521558577,Walking,Washing Face
14.16,-0.5757108905984322,0.3329002058809931,-0.5583638941199673,-0.13491965756105087,-0.008399248674845289,0.025836750208199727,0.013267542121879939,-0.01632408857362528,0.9852220518856675,0.001771062265995482,-0.002307670951946427,0.0038752231580368502,Walking,Washing Face
14.18,-0.549825982874726,0.1487477453576218,-0.6411215092112813,-0.09697661532193635,-0.058737410148806485,0.04168145529650512,0.009405835162882369,-0.015655626999908412,0.9871146239469114,0.0011299407567842005,-0.002857496934821153,0.004023970903394472,Walking,Washing Face
14.2,-0.5837606182231841,0.3522915095266146,-0.49854585677825847,-0.10440641662101754,-0.03733467694355795,0.11463729620386902,0.008944819766596064,-0.020114996835753487,0.9956345025151095,0.0006313949000059421,-0.0034412575530443374,0.004376262412921088,Walking,Washing Face
14.22,-0.2447500555679186,0.03901791019780146,-0.3393291464742237,-0.18785484556707538,-0.15719671032265445,0.05928919543009069,0.015085789272827438,-0.015585735798197813,0.9882851675862097,0.00029206575353171846,-0.0036860076086122555,0.004415280323118889,Walking,Washing Face
14.24,-0.5338123741290045,0.10331025326381493,-0.370423521927122,-0.09796822050550395,-0.03926200703114568,0.05818075676928144,0.005586288756019455,-0.015261587289484957,0.9906536644478207,-7.83577683954036e-05,-0.00421981998274126,0.004518590576382704,Walking,Washing Face
14.26,-0.3722675613469865,0.322585295395799,-0.1412608359751537,-0.06305110076381855,-0.04197057695136146,0.16277234957695613,0.013390349006055097,-0.019352873532733104,0.9867031027462333,-0.00021961860437055733,-0.0045920875440882475,0.004841175871778503,Walking,Washing Face
14.28,-0.25163299772660985,0.10152697053255474,-0.06824103510201315,-0.06484855265281192,-0.07769922804957814,0.1135970393476932,0.005495573310495252,-0.012396738130168476,0.9906521268559336,-0.00028785963947257045,-0.004843720541814856,0.004942702842311058,Walking,Washing Face
14.3,-0.32310489125458425,0.07781575175235522,0.19072699933693738,-0.06206476066026037,-0.11518370865577314,0.12716728795602372,0.01611364651762416,-0.018496190786664077,0.9824057360857216,-9.713264013563306e-05,-0.005166825433069441,0.005020518594063413,Walking,Washing Face
14.32,-0.3069296397582555,-0.1163711587004725,0.005021431792896991,0.03638706823455885,-0.09189361499828004,0.16317802787209898,0.00875138795956227,-0.018383973553080503,0.9884248632438691,-9.211120834273606e-05,-0.005473755072827696,0.004904147435362941,Walking,Washing Face
14.34,-0.3401660288695434,-0.0767910116519742,0.21883966601936136,0.005028028474680105,-0.10686902195738193,0.1517284594153579,0.0006320895697160198,-0.021906605128131806,0.9838460316003146,0.0001267284576766253,-0.005813921101697241,0.004827356423710966,Walking,Washing Face
14.36,-0.3032832489286914,-0.03498896266146463,0.26473154203685023,0.04315010553725297,-0.07419586982102837,0.13485438424081872,0.0066223153451410895,-0.022129545851804294,0.9971665434214028,0.00039145999971347556,-0.006117204350625931,0.004792367461049502,Walking,Washing Face
14.38,-0.20461405535315558,-0.11136859520116538,0.5193886802325608,0.12022844002631497,-0.08655821687271899,0.10547670856276188,0.010743318251046121,-0.01721190858396862,0.9897392598030857,0.0009108486799460363,-0.006321818405979087,0.004680998865848336,Walking,Washing Face
14.4,-0.1933584776382798,-0.07506158623809606,0.4031107639233237,0.09359250127769361,-0.03424170731797462,0.11982450721712996,0.01501288235723912,-0.013247798490753925,0.9845188574559804,0.00131395944386936,-0.006515176883617366,0.00460593727961024,Walking,Washing Face
14.42,-0.014162957334425325,-0.1228957184185529,0.45077825761265883,0.1144966387195652,-0.04820860790994342,0.13406574952637518,0.01362148495517127,-0.00891582015763463,0.9865130672889253,0.001764737701482019,-0.006529339840951793,0.004483041561191687,Walking,Washing Face
14.44,0.018057575352530074,-0.07910976325193926,0.5331453676969529,0.15548774279339836,0.007537226311702416,0.050149732366549654,0.013271273205924502,-0.007651942786709911,0.9839768256622523,0.0022978830691789717,-0.006511282265599262,0.004403931797939748,Walking,Washing Face
14.46,0.019471087039700154,-0.2338193172110048,0.6952582747316626,0.07447265739763453,-0.01599856879279409,0.06459151809832261,0.00839147382688251,-0.016179187658143756,0.985588021882536,0.0029931413439106343,-0.006491811178559562,0.004170112480728744,Walking,Washing Face
14.48,0.04943786849715243,-0.3587746027532495,0.4531861043259252,0.17112726982551918,-0.002811613713374782,0.043452124557949216,0.007170766268364973,-0.017936681048600557,0.9790702407372246,0.0034463274482365597,-0.006442373310062409,0.003811337877975494,Walking,Washing Face
14.5,0.09021583378989717,-0.4042240863065727,0.6315088721831409,0.10167723840293856,-0.04280024784902854,-0.004128985551602517,0.004475784816806309,-0.013690926576613202,0.9876105556183258,0.004077836320419701,-0.006352157476272512,0.003407113791668921,Walking,Washing Face
14.52,0.2767496411766257,-0.18382618616193663,0.5025724877816807,0.11810656034443917,0.027307973710258532,-0.04507954056555572,0.004604369746603594,-0.01963047748108446,0.9927168097251313,0.004580408808201381,-0.006075407835095886,0.003223287605506985,Walking,Washing Face
14.54,0.3250438746836679,-0.3622195229066259,0.19358232307963685,0.13413795736280687,0.03387455483389988,0.025910543706287537,0.0071904330607567134,-0.007072881861143701,0.9925578197560704,0.004773991131281018,-0.005750363960412219,0.0028610680826003584,Walking,Washing Face
14.56,0.2663364633179399,-0.11495114398770248,0.49717098430828555,0.11105490441836173,0.021702473092196008,-0.004354603619772331,0.013993101520829488,-0.010666113432175996,0.990446295634501,0.005271162115589303,-0.005484027497094278,0.002746116938612656,Walking,Washing Face
14.58,0.33790167239303115,-0.2986460645997499,0.22327753575640968,0.013487048463234985,0.001502197107762321,-0.008382514817585738,0.0177477559060442,-0.012630041975356051,0.9836595653740071,0.005494439651345713,-0.005146125824701246,0.002447470874012906,Walking,Washing Face
14.6,0.3749277540427803,-0.22749766896883172,0.06397338781891497,0.07048785404869581,0.042401436356351865,-0.10605908097466839,0.009431628891436538,-0.019269971088581743,0.9827272825637036,0.005558413039164627,-0.004771198070658466,0.0022199732050440747,Walking,Washing Face
14.62,0.3268494230879219,-0.4610741202108045,0.060537542807203984,-0.008546682849498933,0.028137647720828357,-0.07960613291206405,0.009486027225523887,-0.019347337251522607,0.9875478671769669,0.005618950581971831,-0.004444348647570544,0.0017588990848332701,Walking,Washing Face
14.64,0.41511706819009087,-0.2538784626557674,-0.007601778866280575,0.061590090065367815,0.017225754803458473,-0.06949199840121104,0.012340111295189044,-0.0028536208762019403,0.9797455524519502,0.0056113488031055495,-0.004029231579380453,0.001505020622177503,Walking,Washing Face
14.66,0.47999035847223687,-0.14034524103962864,-0.04644528880718684,0.06304111519280414,0.051822941483076326,-0.04336272093592591,0.021926963818222678,-0.012685020330542522,0.9903005773753554,0.005564903514298364,-0.0035492412209082156,0.0013646753811378744,Walking,Washing Face
14.68,0.4387241944133618,-0.13786740253899823,-0.2224102767268236,0.017543561365259176,0.08352884063411434,-0.009740571896961711,0.009253288514206193,-0.009111041185495657,0.9896709375527032,0.00534249323757154,-0.0031105170264948538,0.001226807978598876,Walking,Washing Face
14.7,0.3529298823013025,-0.19243668323508134,-0.2827262083146282,-0.027511049571361024,0.10493011842890276,-0.0701877531858177,0.010890861027151966,-0.023151458943132024,0.9805019663999819,0.005059767029256912,-0.0027575871441935518,0.0010343712953637945,Walking,Washing Face
14.72,0.6813666099326862,-0.21139414350741054,-0.3066026607812625,-0.025832640941650352,0.07954845509546009,-0.09112603603763267,0.010649771399758657,-0.005264231524998357,0.987143086130947,0.00475316436847565,-0.0020762205342608653,0.000822977151856384,Walking,Washing Face
14.74,0.5678883497705182,0.07853469691735601,-0.3211037708086179,-0.043487841151527686,0.10203415734292584,-0.0899214854383351,0.016482052464876155,-0.011428810820035811,0.9845424902647384,0.004432060597667031,-0.0015083321844903469,0.00090151184877374,Walking,Washing Face
14.76,0.3619268451976909,0.05524037039639945,-0.37301397649760737,-0.11180039967208559,0.1168001530736885,0.05632462755890567,0.010595139653639068,-0.002196124984572046,0.9784146688615091,0.004059046621169424,-0.001146405339292656,0.0009567522191701395,Walking,Washing Face
14.78,0.5245522207289502,0.015995305429115682,-0.47951076152560124,0.010245536224907873,0.06873681123009537,-0.05915555759214384,0.013748663245822735,-0.013534526136056406,0.9822400554764904,0.0035795358596438227,-0.0006218531185637056,0.000972747524599255,Walking,Washing Face
14.8,0.40062691379394855,0.180626412196774,-0.3758250271835276,-0.04176745508098456,0.01957978516458083,0.004934486378297619,-0.0016160811610009592,-0.011427862935399618,0.9936856329817257,0.0032037108324602954,-0.00022122620476975707,0.001153373936796029,Walking,Washing Face
14.82,0.2954041551779331,0.13568470813414643,-0.2896203104159581,-0.0331024646843624,0.04612846064976391,0.017505433872504167,0.015769779353168593,-0.005185418687210539,0.9886330350868452,0.0029140905220443373,7.417795040817605e-05,0.0012890586449301753,Walking,Washing Face
14.84,0.3623436721551082,0.31115596120127087,-0.2813299938456082,-0.06832830838307116,0.008609129661690562,-0.0006097474743311515,-0.0031937587639486974,-0.007191986620847715,0.9817586199006515,0.0026327605281987287,0.0004365216225632842,0.0016002146061314462,Walking,Washing Face
14.86,0.32306128764703657,0.2342276294798753,-0.16653635281424903,-0.083052659455914,0.004382731707894928,-0.029766725905111417,0.011170663651283391,-0.008460468688770918,0.9886625309145395,0.0024662241753844794,0.0007595829102103209,0.0018344422356113216,Walking,Washing Face
14.88,0.2154703602299229,0.37599549641079716,-0.06323098731142385,-0.09574648561258772,0.09462586073662216,0.07969442522558234,0.010561411736911587,-0.003719931312850395,0.990515886560379,0.0024029931880730554,0.0009750532704402439,0.0022104377320221187,Walking,Washing Face
14.9,0.1273988722781653,0.1340187868794528,-0.02420659659452426,-0.16481289890082856,0.0379136859628236,0.1285034780645008,0.014196905566183752,-0.011771428007006597,0.9972581154653484,0.002378786591478531,0.0011024521427184092,0.002344456518901572,Walking,Washing Face
14.92,-0.002085790698634335,0.31930523591556353,0.14134461361123007,-0.11261214383100634,0.004538811256457751,0.08380134260324404,0.010528670255785966,-0.010603975469085865,0.9876990583697756,0.0025201312050897613,0.0011003663520197748,0.002663761754817135,Walking,Washing Face
14.94,0.005330997918570557,0.06681373041304528,0.2526038291420576,-0.15304723033177187,-0.0464077911940869,0.10261389425443841,0.009291810305644584,-0.0015599788620642551,0.9835554592658607,0.0027727350342318185,0.0011056973499383455,0.0027305754852301805,Walking,Washing Face
14.96,0.024451876116060513,0.3994244553358534,0.2510412219793236,-0.04113780689539796,0.07330270056378115,0.09744170940102782,0.005434092653421162,-0.0018097419604701324,0.982647385196208,0.003023776256211142,0.001130149226054406,0.0031299999405660335,Walking,Washing Face
14.98,-0.08750037102371183,0.2429791766830834,0.11084159189108848,0.013959112660581325,0.01922648044070311,0.0526509121387473,0.011590352520369177,-0.010185568555517662,0.9839047413166299,0.00313461784810223,0.001042648855030694,0.003372979117249117,Walking,Washing Face
15.0,-0.2366448292072439,0.2666729203439708,0.28972769707734863,-0.10426945699491275,0.018549043795464064,0.12007261607141237,0.0002813994738335747,-0.017735439429699067,0.9864653338498054,0.003424345545179579,0.0008060040258234503,0.003639652037593088,Walking,Washing Face
15.02,-0.2412034087804878,0.08102474187590589,0.22364478134474328,-0.011576059745064458,-0.05772289249987163,0.06173034317395439,0.0069666463413760185,-0.013732588811322045,0.9879279432734058,0.0036479903265243226,0.0005648006170429625,0.0037206767794689937,Walking,Washing Face
15.04,-0.1363979368660608,0.2523588942903422,0.46952107670383914,-0.0783898037583936,-0.025471303506282295,0.1258149686404937,0.003687389740830885,-0.0038871619676310717,0.9859866649218086,0.004117511403228162,0.00042840268017690165,0.003973035673759335,Walking,Washing Face
15.06,-0.3087877603715656,0.23322275206711313,0.2852096245482858,-0.008055167271826215,-0.02553342292794662,0.04725643495479854,0.005687529604914966,-0.014114131612275904,0.9844947843334536,0.004402721027776448,0.00011961491980533607,0.004206258425826449,Walking,Washing Face
15.08,-0.2513571728987598,0.22718914270817592,0.35361104738366667,0.037226576551226014,-0.06884697757803776,0.0754504312005682,0.007693083803672171,-0.011114771367269259,0.9896141542547309,0.0047563320751601145,-0.00013174225309342376,0.004433447568534625,Walking,Washing Face
15.1,-0.2525168966370342,0.16883012891598215,0.31085019915437273,0.00859429543625009,-0.059004223818451836,0.09757529448075701,0.0007337105987305532,-0.009560170191073927,0.9947648649120489,0.005067182274314487,-0.0003842591497304579,0.004602277697450607,Walking,Washing Face
15.12,-0.27109748533688127,-0.05107011102581191,0.26046165531689774,0.02287355175591104,-0.08782895261085001,-0.03751000890743776,0.0028787994926781713,-0.004820488559272416,0.9870712239023245,0.005327643929631385,-0.0006553566350673393,0.004551207586424795,Walking,Washing Face
15.14,-0.1803156600894106,0.08083924142996052,0.2081088479641677,0.01592688212176084,-0.05665874443707757,0.02507477316625413,-0.010201348421357549,-0.0074825912281903445,0.9833249220271515,0.005535752777595552,-0.0008356722951567497,0.004632046827854755,Walking,Washing Face
15.16,-0.40563396193740864,-0.016207723534066073,0.11145161713954181,0.09691016198227628,-0.038998694941709953,-0.046150219373601274,0.00886297644451017,-0.002743635258618078,0.9824096177333355,0.005647204394735095,-0.0012413062570941586,0.004615839104320689,Walking,Washing Face
15.18,-0.23550659612856137,-0.1297090098483148,0.2182956557422597,0.16780431366719933,-0.04758407338112904,-0.011384670048458502,0.013791504766234367,-0.012713251114666247,0.9850948121556281,0.005865500050477354,-0.00147681285322272,0.004486130094472375,Walking,Washing Face
15.2,-0.2034821744435656,0.0940935778880365,-0.16498419100481168,0.1041274934967308,0.02037271014598798,-0.017733166915634535,-0.0030038956459595657,-0.005266584245178941,0.9798542503899743,0.005700515859472542,-0.0016802950276662853,0.004580223672360411,Walking,Washing Face
15.22,-0.4193712823150777,-0.0370127952550566,-0.2277552384247955,0.10318989889958403,-0.059708546527181376,-0.01898174521663091,0.010159724103177347,-0.004070898290960185,0.9853788842699689,0.005472760621047747,-0.002099666309981363,0.004543210877105354,Walking,Washing Face
15.24,-0.3015964043766065,-0.2766898085349045,-0.47255629273038824,0.08814815589877306,-0.01358608963822246,-0.14336074999316117,0.004389618036096351,-0.006378721144203345,0.9885757085007653,0.005000204328317359,-0.00240126271435797,0.004266521068570449,Walking,Washing Face
15.26,-0.18166043596948725,-0.05399161328961556,-0.2732747754151821,-0.025824145734966115,-0.11881870386764003,-0.061369342266022205,0.005325224655381962,-0.007966612211289003,0.9967309421697478,0.004726929552902177,-0.002582923150327457,0.004212529455280834,Walking,Washing Face
15.28,-0.13554664095821906,0.007353905001030864,-0.3871638853939223,0.053417064905038406,-0.008295421365359039,-0.07863626673929543,0.011295585401021878,-0.01545554169398202,0.994424092527784,0.004339765667508253,-0.002718469791285676,0.004219883360281865,Walking,Washing Face
15.3,-0.11990545270195907,-0.24263984711596726,-0.4304361158815421,0.10334288262649029,0.026897294325324488,-0.03934447468469152,0.004813878803806408,-0.010140952058160162,0.9772205866115108,0.003909329551626712,-0.0028383752439876354,0.003977243513165898,Walking,Washing Face
15.32,-0.057422846041029284,-0.2506621683056099,-0.6199221124378292,-0.02771320194866836,-0.008528732671795117,-0.10247678590903629,0.001535951503981098,-0.012652657267855989,0.988392364967952,0.0032894074391888826,-0.0028957980900286644,0.003726581344860288,Walking,Washing Face
15.34,-0.01145479319820554,-0.10530809055679002,-0.42363620926462575,0.024923572487625993,0.0023607726096556546,-0.05580179916392106,0.003662235682225608,-0.00938192091393284,0.9967944691264111,0.0028657712299242563,-0.0029072528832268696,0.003621273254303498,Walking,Washing Face
15.36,-0.012532263816940586,-0.2180671673500198,-0.6545750140138834,-0.0067195425410614094,-0.11094526955254679,-0.16429401605528962,-0.005155528609549435,-0.010197037248890489,0.9952156368625168,0.002211196215910373,-0.0029197851470438105,0.003403206086953478,Walking,Washing Face
15.38,-0.03222109259223391,-0.159064208859253,-0.5468617696525481,-0.03669401589518638,-0.017267339605179646,-0.09726774441207561,0.01280683877000335,-0.00601082979453133,0.9892104657211993,0.001664334446257825,-0.0029520062396360437,0.0032441418780942257,Walking,Washing Face
15.4,0.02174419729939794,-0.09166149334106496,-0.41986334942746983,-0.02580570435870902,0.06955396146226614,-0.11686547794973066,0.007158856668957081,0.002305336672619362,0.9825407981007106,0.001244471096830355,-0.002930262042336646,0.003152480384753161,Walking,Washing Face
15.42,-0.020566969085429862,-0.15129326466862708,-0.5270189758156042,-0.031524058736647924,0.03683863934018997,0.012967952937414906,0.0025053051062386687,-0.008011172527382817,0.9829991610251945,0.0007174521210147506,-0.0029508290114220754,0.0030011871200845332,Walking,Washing Face
15.44,0.2540535891098894,-0.0733746896672254,-0.5235512944179619,-0.04284362246627767,0.022216246900083662,-0.055465353669024796,0.006457029026102486,-0.014320953665260417,0.9875954109665651,0.00019390082659678865,-0.002696775422312186,0.002927812430417308,Walking,Washing Face
15.46,0.0015145517825611021,0.1108251350314289,-0.386234580877441,-0.11563122308973137,0.06777399536397459,0.00606248974353457,0.008696995235075026,0.004441305667553216,0.9902627114552295,-0.00019233375428065236,-0.0026952608705296246,0.0030386375654487367,Walking,Washing Face
15.48,0.09386695778628994,0.06695229297364597,-0.29614158039315497,-0.0957338556029245,0.04429518341120593,-0.0004698824526649381,0.0011226310590568725,-0.006050849826192536,0.9847255535168317,-0.0004884753346738074,-0.0026013939127433345,0.003105589858422383,Walking,Washing Face
15.5,0.16184618461178724,0.0587937068736078,-0.11024968907582833,-0.10196907819960693,0.10010527941770204,0.04730245235283557,-0.00600267343749571,-0.009102343836232086,0.9844368949518629,-0.0005987250237496357,-0.0024395477281315475,0.0031643835652959904,Walking,Washing Face
15.52,0.2498088662401337,-0.07507282030077272,0.012632163120615117,-0.1998457219728168,0.039192643919662234,0.05382628136390762,0.00533656899853909,-0.01169531870699271,0.9831477536811266,-0.0005860928606290206,-0.002189738861891414,0.003089310744995218,Walking,Washing Face
15.54,0.2719066640629488,0.02815675016776721,0.07373349441355298,-0.151059682130551,0.09486841898376996,-0.006906856761675859,-0.00474383185717247,-0.010308575803326881,0.9835524233814641,-0.0005123593662154676,-0.0019178321978284647,0.003117467495162985,Walking,Washing Face
15.56,0.2321677851342642,0.06148054528481735,0.15261458146110998,-0.1792715830529534,0.08689385172009428,0.1696286169149147,-0.0003208541231366968,0.004194940747286555,0.9862646285845363,-0.0003597447847543576,-0.0016856644126942003,0.0031789480404478022,Walking,Washing Face
15.58,0.5648959313789392,0.11041586485108866,0.261172598499752,-0.0965146782846443,0.030171546667101496,0.09538904470207814,0.0014823410455051507,-0.00047568460968118583,0.9828282213174906,-9.857218625460556e-05,-0.0011207684813152612,0.003289363905298891,Walking,Washing Face
15.6,0.3755690856829168,0.34664708359392804,0.4911271997780743,-0.16157850265474138,0.045598895627710884,0.12039788541922454,0.005589931419315077,-0.004096946941520495,0.9897702827175313,0.00039255501352346875,-0.0007451993956323444,0.003636010988892819,Walking,Washing Face
15.62,0.12654786595269846,0.2797311574987467,0.5024528968447604,-0.2088653376663519,0.029834956763485784,0.22443776324411369,0.005228483619967436,-0.002282358274129912,0.9887809774066645,0.0008950079103682292,-0.0006186515296796461,0.003915742146391566,Walking,Washing Face
15.64,0.2353633036064354,0.015167503128309195,0.4806302781368718,-0.1668731070750651,0.0633189504486722,0.05563475348828407,0.0039459780766687965,-0.009603613179427215,0.9812064962930331,0.001375638188505101,-0.0003832882260732106,0.003930909649519875,Walking,Washing Face
15.66,0.21597539959887554,0.21880865388508303,0.5960639942829026,-0.08091561267548271,0.06154931269981707,0.11507303892582967,0.003924921760075773,0.002621289879111924,0.9816850614081036,0.0019717021827880036,-0.00016731282647433501,0.004149718303404958,Walking,Washing Face
15.68,0.1330900736860139,0.05480618468838577,0.5971115009565463,-0.1490277071332165,0.06650663996178763,0.12308779629348178,0.011581007689161255,-9.126578819165353e-05,0.9808983985510576,0.00256881368374455,-3.422275278832113e-05,0.004204524488093344,Walking,Washing Face
15.7,0.257359470610047,0.2651324008239961,0.34743514044657076,-0.07052703020286123,-0.011513173513162923,0.08173838308463656,0.009828409509386151,-0.005869577381150922,0.9839831199776266,0.002916248824191121,0.0002231367178217259,0.00446965688891734,Walking,Washing Face
15.72,0.023517924192766132,0.04372335904747551,0.4077191155352637,-0.031488565292862675,0.03137495622381495,0.1751234735693452,0.003679619421933849,-0.008529917519248318,0.9921516750320171,0.003323967939726384,0.00024665464201449204,0.004513380247964815,Walking,Washing Face
15.74,0.15970486312774956,0.22728541067322938,0.6459524863116534,-0.07102624957215363,0.003832433228161706,0.05397800158782954,0.0024378107809541988,-0.0036317833266068422,0.9822701205743539,0.003969920426038038,0.0004063595051422416,0.004740665658638044,Walking,Washing Face
15.76,0.1319841308396291,0.19717761563413957,0.44039737840861815,-0.019248540715007877,-0.0004244133701206184,0.10619202334118605,0.00797998042299483,-0.00105260813332801,0.9820215857046318,0.004410317804446656,0.0005383436359818706,0.004937843274272183,Walking,Washing Face
15.78,0.01575460775484831,0.056026525139624736,0.40542364210833776,-0.016544509002106966,-0.12676260946834778,0.09814414239023142,0.0020174833976156163,-0.0058696100316917455,0.9865761836778629,0.0048157414465549945,0.0005540982437367189,0.004993869799411807,Walking,Washing Face
15.8,0.07908568510232208,0.09341749771380362,0.28039716901644873,0.004744837299519394,-0.03619871084535687,0.07522803749753353,0.0027035715451217534,-0.010760188678907117,0.9838760786374185,0.005096138615571443,0.000633183928839041,0.005087287297125612,Walking,Washing Face
15.82,-0.28367545921621223,0.14420617136819872,0.2857873850019472,0.01973538977114863,-0.09201199980574384,0.053940834705197595,-0.0006525769184027338,-0.0015286200442691175,0.9930364018929861,0.005381926000573391,0.00034950846962282875,0.00523149346849381,Walking,Washing Face
15.84,-0.11746602561151302,-0.0011986400332353597,0.2101824215862221,0.04467854340903253,-0.05215041129715589,-0.005889015337188679,-0.003731816305377092,0.008570689840768824,0.9785334305817734,0.005592108422159613,0.0002320424440113157,0.005230294828460574,Walking,Washing Face
15.86,-0.2035711595883371,-0.056500682154828744,-0.08185553174822181,0.034688752967995146,0.004334389417143299,-0.02570618771604634,0.012526932779806769,0.0008157995197965246,0.987023676416331,0.0055102528904113915,2.8471284422978583e-05,0.005173794146305746,Walking,Washing Face
15.88,-0.4416001206950499,-0.1258517429736156,-0.042652027764216026,0.0722853420071086,-0.029734103784286564,0.013738288786813895,0.007624449747336779,0.007420288660766748,0.9818311412150525,0.0054676008626471755,-0.00041312883627207136,0.0050479424033321296,Walking,Washing Face
15.9,-0.3359925953771742,-0.24044398064106204,-0.18686720686807023,0.09575125259699176,-0.09548699386229385,-0.015475056746234268,0.005046834054098549,-0.00728392870296144,0.9845569848967759,0.005280733655779105,-0.0007491214316492456,0.004807498422691068,Walking,Washing Face
15.92,-0.4734071541352109,-0.39873399296405926,-0.18707894721796528,0.1454259876100068,-0.10621465321440779,-0.01520591009383458,0.0041583600011191255,0.002948768815876485,0.9840723567975939,0.00509365470856114,-0.0012225285857844564,0.004408764429727009,Walking,Washing Face
15.94,-0.4276892642402869,-0.3393595009736826,-0.18617539369879452,0.16668552195864147,-0.06385895472463139,-0.07177305619903339,-0.007715431662398839,-0.003843429594000068,0.9825804469906577,0.004907479314862345,-0.0016502178500247433,0.0040694049287533255,Walking,Washing Face
15.96,-0.4237224670618371,-0.03679271711221763,-0.3541849853989395,0.13861096726435485,-0.08106108876503539,-0.11344305893583091,-0.006119327287523105,-0.00601347579303614,0.9871861922382332,0.004553294329463406,-0.0020739403170865803,0.004032612211641108,Walking,Washing Face
15.98,-0.5732522198852206,-0.45293740790118836,-0.30868794645295045,0.11739738627867245,-0.10356196001055754,-0.047204828272741785,0.004226597101916916,0.01153871649281597,0.9799540269616323,0.004244606383010455,-0.002647192536971801,0.0035796748037399194,Walking,Washing Face
16.0,-0.4011865077070512,-0.263917979319535,-0.37616215705892664,0.14209518204173963,-0.05725772811578231,-0.05458991035425861,0.010431604437790357,0.009079526432210501,0.9798527929005454,0.003868444225951528,-0.003048379044678852,0.0033157568244203844,Walking,Washing Face
16.02,-0.6541838772506723,-0.3278089831537643,-0.37706668975653496,0.10286642039131427,-0.07552371196099057,-0.04274499284137098,-0.001745218453858727,-0.004874704917607658,0.9879582602363569,0.0034913775361949933,-0.003702562921929524,0.00298794784126662,Walking,Washing Face
16.04,-0.4233257775403877,-0.4137831620929885,-0.1232953112724112,0.1456342757503913,-0.10169171240870899,-0.10712726238460342,0.0024287792724182666,-0.0002755125987360474,0.9862015874076947,0.003368082224922582,-0.004125888699469913,0.0025741646791736317,Walking,Washing Face
16.06,-0.465329394109969,-0.4518217883825252,-0.21357920453934148,0.06512566461277831,-0.09940435780088418,-0.04381470073773879,-0.002007612673034883,-0.004602644794687103,0.9879626334816749,0.0031545030203832397,-0.004591218093579881,0.0021223428907911064,Walking,Washing Face
16.08,-0.4213852398659859,-0.35576929683473985,-0.041463868345606114,0.12604884531922672,-0.0018443043182167036,-0.051986167092558086,-0.0020154291445486673,-0.0005025567013708964,0.9820511364803777,0.003113039152037634,-0.005012603333445867,0.0017665735939563665,Walking,Washing Face
16.1,-0.4993157012967069,-0.2162614004801538,-0.1704315539062675,0.07200933710447036,-0.005866644532563974,-0.11195198070458069,-0.003093535375900555,-0.01145876689986598,0.9882287602192269,0.0029426075981313668,-0.005511919034742574,0.0015503121934762128,Walking,Washing Face
16.12,-0.3580244840489836,-0.21477118827568933,-0.08109241379666908,0.09602448629082636,-0.030138078004896898,-0.01878891210326649,0.0007055077652652031,6.342758857142902e-05,0.9864984058674592,0.0028615151843346975,-0.005869943518791557,0.0013355410052005236,Walking,Washing Face
16.14,-0.37532314199906014,-0.21019427294689377,-0.0866451859556849,0.031193280804746093,0.03307719884087505,-0.006774774075373384,0.010083153049749558,0.00858017603723441,0.9872404881921601,0.002774869998379013,-0.006245266660790619,0.0011253467322536299,Walking,Washing Face
16.16,-0.2307519795511978,-0.2006036923096862,0.027329680329489178,0.040030853938074165,0.014926871630042107,-0.026303345417502594,0.009133655743467046,0.008824672277775161,0.9810354110122662,0.0028021996787085017,-0.006476018640341816,0.0009247430399439434,Walking,Washing Face
16.18,-0.23099660686300083,-0.07014851019286245,0.05572492140680842,0.02337127178700118,-0.01571097259714511,0.0018025843571267807,0.008648052364633986,-0.0018170612420985379,0.9834263214661412,0.0028579246001153103,-0.006707015247204818,0.0008545945297510811,Walking,Washing Face
16.2,-0.32447585846432714,-0.18341651285591898,0.16396233447440975,-0.01987680478665262,0.02433064516235864,0.10186117550242986,0.005528853628815261,0.005384493002676882,0.9783541844753209,0.0030218869345897195,-0.007031491105669144,0.0006711780168951621,Walking,Washing Face
16.22,-0.0907373806590519,0.06397946590103873,0.14471542386239483,-0.034422927586298786,0.04300826353996002,0.0469351709669912,-0.0015630779902573288,0.009320370637070953,0.9722388333981156,0.0031666023584521145,-0.007122228486328196,0.0007351574827962009,Walking,Washing Face
16.24,-0.14419164239240367,0.03662154654348551,0.36909225649519584,-0.0637860557406969,0.04665233953760779,0.03851281645354282,-0.004678273202358699,-0.0004179659681883929,0.980761604785079,0.0035356946149473103,-0.007266420128720599,0.0007717790293396864,Walking,Washing Face
16.26,-0.2698979659033946,0.05077410905618236,0.2989640977647173,-0.09747545216866738,0.029628811083032152,0.10805670335901199,-0.0018252231876761164,-0.0005295821984609263,0.988153479537145,0.0038346587127120278,-0.007536318094623994,0.0008225531383958687,Walking,Washing Face
16.28,-0.13164333815294582,0.12918134416656674,0.2991340245930828,-0.059241814868242704,0.07419048653559804,0.06682819847804858,-0.0022122906331384327,0.0024319699253327657,0.987348503208636,0.004133792737305111,-0.00766796143277694,0.0009517344825624354,Walking,Washing Face
16.3,-0.01415966901020331,0.14398086813681346,0.41227374717707316,-0.06091347103640418,0.12475261414746971,0.08435820442675152,-0.0020222052437589622,-0.002681248296817929,0.9793899304833691,0.004546066484482184,-0.007682121101787143,0.001095715350699249,Walking,Washing Face
16.32,-0.16242927447951166,-0.03998283942832542,0.21592759135401968,-0.13102530372426388,0.05600642612226972,0.12192076183025204,-0.002237604510999938,0.0020258630186824763,0.9841820329928478,0.004761994075836204,-0.007844550376266654,0.0010557325112709236,Walking,Washing Face
16.34,-0.050358606479448384,0.20056751724144295,0.25979732998150507,-0.10942562275794168,0.11708010508803268,0.09914212074973966,0.0023994457766563196,-0.004537872481873799,0.9847687039671862,0.005021791405817709,-0.007894908982746102,0.0012563000285123664,Walking,Washing Face
16.36,0.004492405352670231,0.2579521300316151,0.11192036352915355,-0.1605361838063923,0.0832882452272914,0.08145294558101401,-0.0007113022385276807,0.0023962476883520713,0.9824544302212583,0.005133711769346863,-0.007890416577393432,0.0015142521585439815,Walking,Washing Face
16.38,0.17510971255117827,0.2598189164439338,0.10288302207559134,-0.1361832762174218,0.056936526248343736,0.07477710374348814,-0.00120528645349859,0.003094361431618802,0.9849282452644379,0.005236594791422454,-0.007715306864842255,0.0017740710749879153,Walking,Washing Face
16.4,0.1602196862184065,0.21015289433926743,0.04383793748958303,-0.07314240568276319,0.07071328034604335,0.10543939098259698,-0.0006869166048490285,0.011792061314514924,0.9783799941868505,0.0052804327289120365,-0.007555087178623849,0.0019842239693271826,Walking,Washing Face
16.42,0.2183083194424637,0.4208580344640237,-0.07548654644915019,-0.05175484774192739,0.09835791148297186,0.14084961063553347,-0.008759792195071253,0.0027853240383420735,0.9832777236591963,0.005204946182462887,-0.007336778859181384,0.0024050820037912063,Walking,Washing Face
16.44,0.28391614079637467,0.35396606367102523,-0.03640953353620795,-0.08132291713120761,0.07789194232380166,0.07746095327409798,0.0011768161004808279,0.000601230628141082,0.9816549644503746,0.0051685366489266785,-0.007052862718385009,0.0027590480674622316,Walking,Washing Face
16.46,0.4411089314451446,0.49152357068757324,-0.20007284369202097,-0.04944461736771681,0.12044810524147516,0.02580781639402418,-0.0006789786091068376,0.0014727243002995785,0.9855211109677562,0.004968463805234658,-0.0066117537869398646,0.0032505716381498045,Walking,Washing Face
16.48,0.35953085491395903,0.2672024614172476,-0.37093492645156334,-0.019609884068180497,0.11378789773037568,0.008038180035004132,0.006477486076003291,0.012459892715772716,0.9888783928459655,0.004597528878783094,-0.006252222932025906,0.0035177740995670525,Walking,Washing Face
16.5,0.3011010159576911,0.3706650024366421,-0.4935508229944535,-0.029249811316587562,0.06750564503194123,-0.032744307921725245,-0.008189475166053528,0.003612324488908998,0.9694481487721024,0.0041039780557886405,-0.0059511219160682145,0.003888439102003694,Walking,Washing Face
16.52,0.18838705010572623,0.19729570650192327,-0.46027267757129986,-0.015781335270480097,0.1608494611676057,-0.037697565928091196,-0.00531358309944429,0.012296503920353807,0.9867183195042407,0.003643705378217341,-0.005762734865962488,0.004085734808505617,Walking,Washing Face
16.54,0.47240967598599887,0.24354283286907666,-0.46784593416945425,-0.024703825797532143,0.09105050774614067,0.0073600490713566415,0.0004313537472482036,0.009619456292891949,0.9725039042846263,0.0031758594440478866,-0.005290325189976489,0.004329277641374694,Walking,Washing Face
16.56,0.47752147606373907,0.11406295188737574,-0.5400684922032515,-0.03714590128447434,0.041962551819986274,-0.06476057399616071,-0.0041570709258416,0.010331057190095394,0.9837141006595964,0.0026357909518446346,-0.00481280371391275,0.00444334059326207,Walking,Washing Face
16.58,0.6001591599606059,0.12245459093174939,-0.5025310407674359,0.12749760669111743,0.023322172638882185,-0.03135725122536375,0.00948585848823168,0.00864911309326154,0.989065761870255,0.0021332599110771983,-0.004212644553952144,0.004565795184193819,Walking,Washing Face
16.6,0.4826728735073726,0.06285985936801235,-0.5530052793711508,0.08239967894659529,0.020288670206072442,-0.14400221718604928,0.0029429629703779606,0.00604988084817011,0.9762852000709288,0.0015802546317060476,-0.0037299716804447716,0.004628655043561832,Walking,Washing Face
16.62,0.5776080779010823,0.009075017020921658,-0.4509565190384136,0.0915610649716528,0.044717568033900715,-0.09862012025179934,0.0003933932791415724,0.012663422952443198,0.9760619553956487,0.0011292981126676338,-0.003152363602543689,0.004637730060582754,Walking,Washing Face
16.64,0.1260246382979991,-0.17908374341079059,-0.626756984255704,-0.01792665014872536,-0.014053506118536018,-0.11909060659477703,-0.0038162294183113985,0.009517023004124731,0.9825263490741618,0.0005025411284119299,-0.00302633896424569,0.004458646317171963,Walking,Washing Face
16.66,0.357593314432535,0.1658990631347016,-0.573066659752537,0.11960349171035291,0.051381263436089196,-0.07623804825740223,-0.012223572730268495,0.00019759939520173127,0.9810496088708006,-7.052553134060723e-05,-0.002668745649813155,0.0046245453803066645,Walking,Washing Face
16.68,0.4088137441458827,-0.08028911873237923,-0.465377649161987,0.054286516890771554,-0.06490761984402565,-0.08590440511555018,0.002982284946912947,0.0026654174396691984,0.9720806760486197,-0.0005359031805025942,-0.0022599319056672723,0.004544256261574286,Walking,Washing Face
16.7,0.3342015088505421,-0.10606458195363797,-0.32485910607616225,0.05926280366699172,-0.07755120123613579,-0.0966924494340631,-0.008909671450002515,0.009753347755880637,0.9912227162518464,-0.0008607622865787565,-0.0019257303968167301,0.004438191679620648,Walking,Washing Face
16.72,0.2887978584906752,-0.03526569256279223,-0.2418844201387682,0.009684679658690971,-0.005259148571845233,-0.1541513652384317,-0.0072977461075530905,0.013957924570923284,0.9772774739841018,-0.0011026467067175249,-0.001636932538326055,0.004402925987057856,Walking,Washing Face
16.74,0.09480704804470892,-0.16068700430771513,-0.11783778637999277,0.06562467976592654,0.003567810186267578,-0.09136374857907364,-0.0036637638204196693,0.012319863806839616,0.9736360177725264,-0.0012204844930975177,-0.001542125490281346,0.0042422389827501406,Walking,Washing Face
16.76,0.24802782509967258,-0.0788068514388885,-0.05709675448644022,0.06834757212531932,-0.04838336036768475,-0.10238626643911851,-0.0006513593503233665,0.0023093560956493576,0.9807551539032497,-0.001277581247583958,-0.0012940976651816735,0.004163432131311252,Walking,Washing Face
16.78,0.25799426905728773,-0.15171249094541547,0.04876949374487804,-0.004907706620505417,-0.002804327776504043,-0.06768399813036906,-0.00020831935283288985,0.0028558528890700475,0.9753519762354141,-0.00122881175383908,-0.0010361033961243857,0.004011719640365836,Walking,Washing Face
16.8,0.10657497806150501,-0.04842626537719677,0.15578898157301554,0.013965572884275494,-0.020571987199224734,-0.0261592565538925,-0.006276412919893482,-0.00021773442699711196,0.989671962087939,-0.0010730227722660643,-0.0009295284180628805,0.00396329337498864,Walking,Washing Face
16.82,-0.020720352815428097,-0.2233588122954584,0.1747390318854264,0.0560084648846047,-0.09425617277972777,-0.02650019548481352,-0.0008501814114799584,0.006307250515561377,0.9833747013061633,-0.000898283740380638,-0.0009502487708783086,0.0037399345626931806,Walking,Washing Face
16.84,-0.048943672882252834,0.012786511729890482,0.36964574835796515,0.03949713444635727,-0.1109295849024717,0.04013773136599346,-0.0015597669810195843,0.004113893964679828,0.9805823925768656,-0.0005286379920226729,-0.0009991924437605614,0.003752721074423072,Walking,Washing Face
16.86,-0.14702243085443958,-0.36483069964318826,0.4417046544206139,-0.044879873797702294,-0.047037313171178596,0.03879710863222697,-0.009844031076687283,0.007447118375480446,0.9774065681647297,-8.693333760205891e-05,-0.001146214874615001,0.0033878903747798835,Walking,Washing Face
16.88,-0.22803869933281892,-0.18526621734408677,0.45009279414007664,-0.07059154482256116,-0.11893458776651045,0.0896100580069,0.004295058757468031,0.011751733096900628,0.9814326682483846,0.00036315945653801773,-0.00137425357394782,0.003202624157435797,Walking,Washing Face
16.9,-0.1996122009673456,-0.16475722153773842,0.4683355007908853,-0.05819446637185256,-0.01780175969113741,0.041607060111846,-0.005395355091501745,-0.001998302225162292,0.9843901306105987,0.000831494957328903,-0.0015738657749151655,0.003037866935898058,Walking,Washing Face
16.92,-0.14410261533081153,-0.024283536742622666,0.6589608506365465,-0.0817372812033301,-0.011455761769137679,0.11578209721474357,-0.0016773765766362014,0.008611046759085104,0.9817469066951577,0.0014904558079654497,-0.0017179683902459773,0.003013583399155435,Walking,Washing Face
16.94,-0.026129324454666647,0.022764353140757795,0.6297732335689485,-0.0930466616772468,-0.12947199462143627,0.048539565170178704,0.0023719837858029664,0.006242863444219083,0.985826175583682,0.0021202290415343983,-0.0017440977147006435,0.0030363477522961932,Walking,Washing Face
16.96,-0.13509767002652034,-0.06616196651696293,0.6673750296685668,-0.10561249966918282,-0.036662869394562425,0.11806165921841037,-0.005752461715882933,0.004557189671563147,0.9825893692321906,0.0027876040712029653,-0.001879195384727164,0.00297018578577923,Walking,Washing Face
16.98,-0.22241252030533315,-0.04487103651055302,0.540376195241305,-0.1204042712994662,0.031228261940147863,0.15417603576600836,-0.007480676373389002,0.010337069726117545,0.9814642465284777,0.0033279802664442706,-0.002101607905032497,0.002925314749268677,Walking,Washing Face
17.0,-0.3545899534838146,0.17815909100329136,0.5191080009890346,-0.1619489642076224,-0.04720310154747837,0.17706637745196027,-0.0022322498738768836,0.01931497477788035,0.982387152186615,0.0038470882674333053,-0.002456197858516312,0.003103473840271969,Walking,Washing Face
17.02,-0.21905452885523138,0.04457305893834198,0.44062586717948155,-0.13826245727577838,-0.0038045435795304545,0.12967464779411284,-0.012042326926580891,0.008683556342951234,0.9749343188479644,0.004287714134612787,-0.0026752523873715436,0.0031480468992103106,Walking,Washing Face
17.04,-0.22609107677846926,0.20586553873383878,0.3668103958764365,-0.1776103760218577,0.043542199280973595,0.11966952704666024,-0.004725093143233165,0.016894386661063406,0.9794879368686057,0.004654524530489224,-0.0029013434641500125,0.003353912437944149,Walking,Washing Face
17.06,-0.40473562678600017,0.18827249854349876,0.36503193613231955,-0.1356411763326313,0.08381788372347027,0.14053753350771572,-0.00739309643306414,0.008668512864776679,0.9710267993257449,0.005019556466621543,-0.003306079090936012,0.003542184936487648,Walking,Washing Face
17.08,-0.19035134268828952,0.23817809629180492,0.06499778664128356,-0.18553240720313918,-0.008282280507518693,0.1268965888670743,-0.009049107899856267,0.002583216634789857,0.9833330374785861,0.005084554253262827,-0.0034964304336243023,0.003780363032779453,Walking,Washing Face
17.1,-0.1436049723173608,-0.008180357177239556,0.054457301485386814,-0.09992765093881736,0.017054802201423,0.11464235837395707,-0.006410622738843996,0.01174534687773914,0.9806620633223452,0.005139011554748214,-0.003640035405941663,0.0037721826756022137,Walking,Washing Face
17.12,-0.17916546028527075,0.20123236615405007,-0.0644572509031151,-0.18198103618043976,0.0917802262512525,0.1212524342018773,-0.008802498634243674,0.007013087409513143,0.9831111719314322,0.005074554303845099,-0.003819200866226933,0.0039734150417562635,Walking,Washing Face
17.14,-0.27959831817813546,0.24532735233048442,-0.19229792826934056,-0.07401983282753154,-0.017558879629071565,0.14407509683811404,-0.003321675971571787,0.01114610895453679,0.9829444880917849,0.004882256375575759,-0.004098799184405069,0.004218742394086748,Walking,Washing Face
17.16,-0.22850134990740056,0.22443526801863845,-0.07934309155188934,-0.11106418058438274,0.07400886237434659,0.12845562676401118,-0.006765129102489276,0.00892502631512541,0.9933388910349589,0.004802913284023869,-0.004327300534312469,0.0044431776621053866,Walking,Washing Face
17.18,-0.08841344619034675,0.185064347568021,-0.20861031616878048,-0.10383585180055557,0.057606501789648594,0.12422271506886635,-0.008105393627461759,0.007703075889662844,0.97593026964158,0.004594302967855088,-0.004415713980502816,0.004628242009673407,Walking,Washing Face
17.2,-0.02746501508549818,0.2536862587456959,-0.2905665923491851,-0.05830472519120998,0.07171442602345449,0.006794131373465852,0.002142210712680029,0.016581563204806762,0.9842875366593032,0.004303736375505904,-0.004443178995588315,0.004881928268419104,Walking,Washing Face
17.22,0.007466887102272387,-0.032041589709340734,-0.430108930550425,-0.05568549007769685,0.07605543526135757,0.0682995657530909,-0.0017099292368626473,0.017640774408963514,0.97782793192617,0.0038736274449554784,-0.004435712108486043,0.004849886678709763,Walking,Washing Face
17.24,0.08370915243927593,0.26559454126313453,-0.2552892573849158,-0.011983689198417026,-0.05602951142398354,-0.005305633850809727,-0.002605479031246325,0.014397885843639617,0.9762287750268316,0.003618338187570563,-0.004352002956046766,0.005115481219972898,Walking,Washing Face
17.26,0.13404070274458654,0.1041328982545803,-0.4714503065915696,0.010296252307245436,-0.04131318581589131,-0.049724388784775114,-0.00467686747732924,0.015767841673895357,0.9692921853063418,0.003146887880978994,-0.004217962253302179,0.005219614118227477,Walking,Washing Face
17.28,0.15736529324851883,-0.04708408002292626,-0.3683865935958992,0.00616190893854076,0.08774874584294322,-0.080355232240942,-0.005416461546874005,0.01747987687994543,0.9850576408591082,0.002778501287383094,-0.00406059696005366,0.005172530038204552,Walking,Washing Face
17.3,0.12247173447550247,0.05117531263993489,-0.4746098878771847,0.05909958626071865,0.06881883492589481,0.01788354043371595,-0.006442283435605926,0.009548862433762479,0.9775611591440788,0.0023038913995059094,-0.0039381252255781575,0.0052237053508444875,Walking,Washing Face
17.32,0.11019188770439864,0.10267085007283523,-0.26499851647048106,0.03198387057447397,-0.05936734693294509,-0.11757241090925517,-0.002054036496969191,0.014586368164282527,0.9776477679676421,0.0020388928830354287,-0.003827933337873759,0.005326376200917322,Walking,Washing Face
17.34,0.19746618930077142,-0.059314499118543265,-0.06756554415641192,0.07657632610552566,0.008157879889299034,-0.05320239137499414,-0.008791355782864815,0.02538969940253889,0.9860956483968204,0.0019713273388790166,-0.0036304671485729873,0.005267061701798779,Walking,Washing Face
17.36,0.24089125554185317,-0.2889754554120711,-0.07843487444760042,0.11656367180233253,0.04457018469786445,-0.15858517223226748,-0.010677815458590511,0.02649907731645658,0.9742164807958581,0.0018928924644314163,-0.003389575893031134,0.004978086246386707,Walking,Washing Face
17.38,0.15898556545155018,-0.15987593623123608,0.1295914392948896,0.11866091196485981,-0.040707531411514786,-0.04930535993935796,-0.0014143319609940218,0.016652564194860373,0.9798293637811277,0.0020224839037263054,-0.0032305903275795843,0.004818210310155471,Walking,Washing Face
17.4,0.24038556856963403,-0.23643883241398023,0.0479538885550589,0.15396649711364724,-0.06017050720131351,-0.14462939953607915,-0.012618361698377205,0.01861499853997379,0.9834181991278924,0.0020704377922813647,-0.00299020475900995,0.004581771477741491,Walking,Washing Face
17.42,0.0959081337395998,-0.3168228438072839,0.10461788007878883,0.17289667084681123,-0.029289859246201793,-0.041896444487031614,-0.009812079943524826,0.012590979321095553,0.9728298980662713,0.0021750556723601536,-0.0028942966252703504,0.004264948633934207,Walking,Washing Face
17.44,0.2407944221614425,-0.29610581770029787,0.2912746318365984,0.19209559872952975,-0.056657959061977535,-0.01835338417167056,-0.008687351221330214,0.011799830063883241,0.9823018149632726,0.0024663303041967516,-0.0026535022031089085,0.00396884281623391,Walking,Washing Face
17.46,0.30332147721428604,-0.35032631153112315,0.07219168295281952,0.173146854908685,-0.13409353101134625,-0.026802518978900458,-0.000512307651265094,0.014684932475907363,0.9847914551114028,0.0025385219871495715,-0.002350180725894622,0.003618516504702786,Walking,Washing Face
17.48,0.19203332534417294,-0.34263748085977075,0.23164383350786738,0.1432380790560018,-0.03483446713024336,-0.05874739935796409,-0.0028526081513843317,0.018261353192044114,0.9750126524838411,0.0027701658206574385,-0.002158147400550449,0.0032758790238430154,Walking,Washing Face
17.5,0.2211991694204652,-0.19078122097582628,0.3330643225531366,0.13446581427737234,-0.10896994702972806,0.0014827040775774614,-0.015584433649859017,0.01363404819527829,0.9736828598046199,0.003103230143210575,-0.0019369482311299838,0.003085097802867189,Walking,Washing Face
17.52,0.12457455704152331,-0.39978548988721146,0.4414355321654952,0.1866883860910923,-0.052714927286934665,0.07970248073610871,-0.00349596981641792,0.012369050197659374,0.9829341940096883,0.00354466567537607,-0.0018123736740884606,0.0026853123129799775,Walking,Washing Face
17.54,0.2981805481200952,-0.27986220271760026,0.29220108377263926,0.08802418341436598,-0.03364010763472193,-0.018195476206378153,-0.010879479684528652,0.013925320471232225,0.9763060422916521,0.003836866759148709,-0.0015141931259683653,0.0024054501102623777,Walking,Washing Face
17.56,0.155224894203584,-0.15339211094992908,0.3127457045119164,0.20718085767733038,-0.08444215689620355,0.04210559750116514,0.005273352307642351,0.014780154132289041,0.9753580289249262,0.004149612463660626,-0.0013589682317647813,0.0022520579993124483,Walking,Washing Face
17.58,0.10574256777273874,-0.30608131981930775,0.306822822107526,0.13462111522513856,-0.13180219763817538,0.038388003555783444,-0.004784032799096472,0.010570859858762917,0.9775411575795464,0.004456435285768151,-0.0012532256639920423,0.0019459766794931409,Walking,Washing Face
17.6,-0.013744879340851918,-0.4145924249580771,0.28980991050641197,0.030445833058184102,-0.05593998899503139,0.04194800086134317,-0.0022344875144904835,0.025119977391106663,0.9757680449561601,0.004746245196274563,-0.0012669705433328944,0.0015313842545350638,Walking,Washing Face
17.62,0.06651602828363493,-0.21038333624913935,0.30862639009434173,0.050671822705128385,-0.1052344469171876,0.06310361498653759,-0.008951323965468546,0.029469395796217407,0.9771524958470212,0.0050548715863689055,-0.0012004545150492592,0.0013210009182859244,Walking,Washing Face
17.64,0.11695206870075324,-0.11601403039090943,0.047879084787847734,0.09322102422594314,-0.11175667732211063,0.09681868124200929,0.0016534660143320903,0.01986086377354948,0.9844848479009839,0.005102750671156753,-0.001083502446348506,0.001204986887895015,Walking,Washing Face
17.66,-0.12670481842048528,-0.01958448418621063,-0.10498796750876543,-0.0802903207840097,-0.036890314445688285,0.16069233811092837,0.0031271039114668248,0.023135111522422255,0.9831586915341206,0.004997762703647988,-0.0012102072647689913,0.0011854024037088043,Walking,Washing Face
17.68,-0.15433861617798855,-0.22790252714163822,-0.13886018092835034,-0.028047520732684888,-0.05309443148689325,0.1242629659366952,-0.010065290415373827,0.019750285738067138,0.9869676062162909,0.004858902522719637,-0.0013645458809469799,0.0009574998765671662,Walking,Washing Face
17.7,-0.2588573020751876,-0.04638020531154037,-0.3404152410134955,-0.05368239964929413,-0.0635885918411916,0.07045167873045584,-0.008469328615390697,0.01540346420714031,0.9686923314734328,0.004518487281706142,-0.0016234031830221673,0.0009111196712556258,Walking,Washing Face
17.72,-0.05028786646466603,-0.053496939229824396,-0.26829242868992126,-0.05166445651262826,-0.10883204849886646,-0.015843621794085307,9.929635511683223e-05,0.009076507964961265,0.9752183088135884,0.00425019485301622,-0.0016736910494868336,0.0008576227320258014,Walking,Washing Face
17.74,-0.16390390315314485,0.11225055422717703,-0.3522857345327932,-0.06887345852414352,0.003519764869918197,0.05147568681222327,-0.014046349293476791,0.016020106552315474,0.9713989370717816,0.003897909118483427,-0.001837594952639978,0.0009698732862529784,Walking,Washing Face
17.76,-0.16282233899585336,-0.024269429263205466,-0.4250468818367823,-0.14147261970957878,0.000741244696763821,0.09268037724337357,-0.012855810550398071,0.015702346860377518,0.9755394524263691,0.003472862236646645,-0.002000417291635832,0.000945603856989773,Walking,Washing Face
17.78,-0.4561531948121108,0.1652555165348626,-0.6289298784094648,-0.10058189031063874,0.04507091181832841,0.07170933903834076,-0.016061439731195226,0.02557626031236705,0.9732182156997468,0.00284393235823718,-0.0024565704864479426,0.0011108593735246355,Walking,Washing Face
17.8,-0.3387224132526114,0.4749077821506638,-0.5245516798264656,-0.0832845922875765,-0.01014375200278099,0.016925737189783498,-0.005943214471056843,0.02157294564971656,0.9745919243385072,0.0023193806784107146,-0.002795292899700554,0.0015857671556752991,Walking,Washing Face
17.82,-0.4891551505626376,0.2481976241180375,-0.49078710273579695,-0.08158255538818827,0.010718409263434679,-0.013308802680381161,-0.014842142983251242,0.026867685241605516,0.9772297985719202,0.0018285935756749178,-0.0032844480502631918,0.0018339647797933367,Walking,Washing Face
17.84,-0.5005688796838996,0.16779371492443004,-0.6191857306073498,-0.08187577761613223,0.05436746736965684,-0.035155671116652826,-0.004806358319158972,0.029712929697537596,0.9786819987675303,0.001209407845067568,-0.003785016929947092,0.002001758494717767,Walking,Washing Face
17.86,-0.5223290486586553,0.11993061116645704,-0.4606907153384273,-0.10610783001695978,0.034819579258517586,-0.06744489946163996,-0.015047391851476646,0.015638771911186358,0.97900159392976,0.0007487171297291405,-0.0043073459786057465,0.002121689105884224,Walking,Washing Face
17.88,-0.6066879476339757,0.17554954008899365,-0.35592806875253263,-0.09610921099820087,-0.00041017312428764767,-0.04726479732410541,-0.012020829914421063,0.018823587009977303,0.9764975548248211,0.0003927890609766079,-0.004914033926239722,0.0022972386459732177,Walking,Washing Face
17.9,-0.42303476220798675,0.5332223068441153,-0.5707717610128524,-0.008895727561163268,-0.038536536232797965,-0.06977144104979897,-0.0060651176322406505,0.014345778678650008,0.9730018225007185,-0.00017798270003624458,-0.005337068688447709,0.002830460952817333,Walking,Washing Face
17.92,-0.5138523154637878,0.17219573529622836,-0.24986674274885418,-0.04232126029653869,0.08342765658900815,-0.0753038883990537,-0.013329241311778615,0.014870502024517802,0.9810846177180873,-0.00042784944278509874,-0.005850921003911497,0.0030026566881135616,Walking,Washing Face
17.94,-0.44981835850297003,0.39990714639372316,-0.12118403829338062,-0.04207020885704183,0.012498455998993765,-0.12085052378890328,-0.010375683729340012,0.025869517274500542,0.9705723524357732,-0.0005490334810784794,-0.006300739362414466,0.0034025638345072844,Walking,Washing Face
17.96,-0.34811038579741727,0.3609977911034504,-0.1635995937680589,-0.05352638867199871,0.059178716839912694,-0.08625427646535756,-0.01650390177533842,0.01791882197103003,0.9770739486265181,-0.0007126330748465383,-0.006648849748211884,0.003763561625610735,Walking,Washing Face
17.98,-0.3149744293363667,0.32319523490415847,-0.08072375525105377,-0.01696772064655646,0.09031085311933715,-0.09251452325747296,-0.012170150141533644,0.017514453877845317,0.9774919421338123,-0.0007933568300975921,-0.006963824177548251,0.004086756860514893,Walking,Washing Face
18.0,-0.26464941205647596,0.23942249532143858,-0.033524333956735486,0.009163945305336861,0.08257092646840393,-0.18675954168417752,-0.01391408440551958,0.01888282066045377,0.9757805197339228,-0.0008268811640543276,-0.007228473589604727,0.004326179355836332,Walking,Washing Face
18.02,-0.40437454526761957,0.2798303110516164,0.1273718732546446,-0.008351751652422183,0.06463956650563307,-0.09019020251236351,-0.012089392461123064,0.02423141116618705,0.9804044855833598,-0.000699509290799683,-0.007632848134872346,0.004606009666887948,Walking,Washing Face
18.04,-0.23772549899312406,0.3043460671501368,0.1744618330228453,0.002520948439774711,0.14128323381363805,-0.0482371860481547,-0.012667110419222208,0.018698344882672597,0.9744827466620889,-0.0005250474577768377,-0.007870573633865471,0.0049103557340380855,Walking,Washing Face
18.06,-0.17064872945754206,0.11139725206332857,0.22844142588730715,0.04516457338182525,0.11958691207381111,-0.17678127416427086,-0.015815682854690774,0.025504947943274334,0.9765717169523037,-0.00029660603188953044,-0.008041222363323013,0.005021752986101413,Walking,Washing Face
18.08,-0.2304825894681983,0.16835730214825123,0.35344495905729745,-0.004220527806816123,0.08389072486587976,-0.08955851344714015,-0.0060159623583548325,0.019510941335542306,0.9778953033698597,5.683892716776701e-05,-0.00827170495279121,0.005190110288249665,Walking,Washing Face
18.1,-0.09420689234752994,0.11230156716535279,0.4934715973652521,0.07107142301836147,0.03290343372273687,-0.11647837173643567,-0.011082332590891522,0.021390711232915006,0.9669664829526563,0.0005503105245330192,-0.008365911845138742,0.005302411855415017,Walking,Washing Face
18.12,-0.18968425766828423,-0.08992176693680053,0.5274929532993538,0.10653811698713955,0.025034753463286315,-0.03275714632142093,-0.0034711071916806177,0.018447817970136268,0.9754899078522478,0.0010778034778323729,-0.008555596102807027,0.005212490088478217,Walking,Washing Face
18.14,0.0243781113307944,0.17124132820551533,0.4431179785078593,0.014045299121547637,0.06772040535145842,-0.0018729122855354417,-0.013470842691422253,0.019115193704287704,0.9699091819405866,0.0015209214563402323,-0.008531217991476233,0.005383731416683732,Walking,Washing Face
18.16,-0.034408786341517575,-0.12085223296084752,0.3210974051504885,0.07642004745284134,-0.01360904288081097,0.00047389104210149476,-0.002724929024156629,0.022511979145151857,0.9714018136905455,0.0018420188614907207,-0.008565626777817751,0.005262879183722886,Walking,Washing Face
18.18,-0.0634981785269777,-0.13471655757721535,0.7026482668381397,0.0934014259541456,0.19475362991830203,0.028224636686267728,-0.015145740138809547,0.014257746650087494,0.9673556311436952,0.0025446671283288606,-0.008629124956344728,0.0051281626261456695,Walking,Washing Face
18.2,0.09826620941460322,-0.01912778656152324,0.494297277247733,0.06987300684650172,0.04912962928418103,0.054000900893160765,-0.009219071713811184,0.02078800547043293,0.9877843534011235,0.003038964405576594,-0.008530858746930122,0.005109034839584146,Walking,Washing Face
18.22,0.18645268910821983,-0.13906954689733764,0.5846958709203859,0.11609055746317513,0.04524790304432941,0.056504259712797496,-0.011545331602218278,0.01848404550401711,0.9783422916663886,0.0036236602764969797,-0.008344406057821904,0.004969965292686809,Walking,Washing Face
18.24,0.34682100719979747,-0.24714475670771835,0.24958738750169565,0.03033094693142371,0.04976574517684167,0.05888380366892925,-0.01656500810170906,0.02606885264443317,0.9776951941874938,0.0038732476639986753,-0.007997585050622105,0.00472282053597909,Walking,Washing Face
18.26,0.1454078536643143,-0.11872654077697906,0.2296631577725487,0.11768580099543782,-0.05670637307209712,0.15650565464018118,-0.006905747297059249,0.013711098785018548,0.9692006338339106,0.004102910821771224,-0.007852177196957792,0.004604093995202111,Walking,Washing Face
18.28,0.3084048080946979,-0.24099897951721955,0.39290104127862324,0.07088088939110158,-0.031771184423477136,0.04156747895369277,-0.015980555198731594,0.018613304695861015,0.9803255663129686,0.0044958118630498475,-0.0075437723888630934,0.004363095015684891,Walking,Washing Face
18.3,0.3193409450229293,-0.13828969886584766,0.20775280986538722,0.034226617708148374,-0.050501948115062964,0.1649544523155372,-0.0048842659402238775,0.018585579434286948,0.9682306702343962,0.004703564672915235,-0.007224431443840164,0.004224805316819044,Walking,Washing Face
18.32,0.39223083210713183,-0.28375718750898693,0.09268094595366333,0.021911851458944333,-0.012444165249098764,0.08847006779207675,-0.014922365815846104,0.019490523070381557,0.9749569505531094,0.004796245618868898,-0.006832200611733032,0.003941048129310057,Walking,Washing Face
18.34,0.3884145577059523,-0.08860229305663289,-0.0916431640749459,-0.018478588593820424,-0.01584994517249078,0.15734896575606974,-0.008404927851045865,0.019187833199623573,0.9797939564984506,0.004704602454793952,-0.006443786054027079,0.0038524458362534236,Walking,Washing Face
18.36,0.40823177714894787,-0.21540370510054324,-0.22946788308408284,-0.09125100960231829,0.03506146890139714,0.0903987479222965,-0.01447757930844542,0.018102972324797927,0.9782378234369017,0.004475134571709869,-0.006035554276878132,0.003637042131152881,Walking,Washing Face
18.38,0.3479397569372328,-0.18787797152261165,-0.1791676677450417,-0.0014606011158956357,-0.023520751162783127,0.11044379989272933,-0.019172873329283403,0.018462732054070903,0.9747458332079384,0.0042959669039648275,-0.005687614519940899,0.0034491641596302693,Walking,Washing Face
18.4,0.2764386102582465,-0.07985337450754956,-0.12390061091324885,-0.09295713675668858,-0.02156729675279169,0.18781576277582587,-0.01668343049146099,0.024410611201468427,0.9739914781308315,0.004172066293051579,-0.005411175909682653,0.0033693107851227202,Walking,Washing Face
18.42,0.4782159342852258,-0.08635603423863414,-0.09060008149178198,-0.06713987313097108,-0.12491292003836538,0.0728172147912673,-0.012545586596005154,0.025376825748051265,0.974033196445273,0.004081466211559797,-0.004932959975397427,0.003282954750884086,Walking,Washing Face
18.44,0.4311391794920459,-0.05561075436684078,-0.3159282808341157,-0.17967155868942963,-0.09412940251340526,0.16233644911746598,-0.010748562937566057,0.013088401208243068,0.9725370993534813,0.0037655379307256816,-0.00450182079590538,0.003227343996517245,Walking,Washing Face
18.46,0.48600944083696385,-0.03797642941811702,-0.42692900695815106,-0.12694045641129062,-0.08665327416768608,0.07953696758906724,-0.008980763215851336,0.02580035726490469,0.9784878708595396,0.0033386089237675306,-0.004015811355068417,0.0031893675670991283,Walking,Washing Face
18.48,0.29148968557210175,0.09942323166586556,-0.39442432731603516,-0.14786166321598426,-0.017797858707231804,0.14541979711761657,-0.01121768321599897,0.030194667728942994,0.9823528548447629,0.0029441845964514957,-0.003724321669496315,0.0032887907987649936,Walking,Washing Face
18.5,0.4182057149353172,-0.029437907674949332,-0.2542788879254893,-0.10960731335820834,0.006291754390286319,0.12740865202152826,-0.019337412790830164,0.02294521147662311,0.9721763221983979,0.0026899057085260063,-0.003306115954560998,0.0032593528910900443,Walking,Washing Face
18.52,0.17042539639356616,0.019413031959819,-0.4181198456513669,-0.17973301698338784,-0.052119378596942156,-0.06621910175545993,-0.00921809272884504,0.02777902316411748,0.975833304204635,0.0022717858628746395,-0.003135690558167432,0.0032787659230498634,Walking,Washing Face
18.54,0.1494623836939196,0.1980155446511967,-0.2025224912417959,-0.12987613150504096,0.01325673277850831,0.027015520127678695,-0.004076772029976304,0.02117664250354306,0.9866920301338206,0.002069263371632844,-0.0029862281744735125,0.00347678146770106,Walking,Washing Face
18.56,0.03701754487666789,0.07391503997077171,-0.1075750273451498,-0.07673806531699849,-0.03276037928781979,0.005973679882858172,-0.012311373284195444,0.02198978064403548,0.9704779235404585,0.0019616883442876935,-0.0029492106295968446,0.0035506965076718315,Walking,Washing Face
18.58,0.27690934673074835,0.1141780833453446,-0.09647859782362393,-0.1650689230189066,-0.027432022880721024,0.0012551867300788517,-0.005300271099207977,0.024940719302736294,0.9821699226358412,0.0018652097464640699,-0.002672301282866096,0.0036648745910171764,Walking,Washing Face
18.6,0.27655512296309787,0.1670976212500673,-0.03136688921010964,-0.11137038298983505,0.03569002472863638,-0.03695444849396836,-0.009245758925287794,0.027093377236414196,0.9813046188284226,0.0018338428572539601,-0.0023957461599029978,0.0038319722122672436,Walking,Washing Face
18.62,0.2716191547671827,0.2521440305486265,0.15680464543203648,-0.11305315228551513,0.06404088993690708,-0.06446518288009123,-0.008141730465272192,0.025338177792924948,0.9704631729809962,0.0019906475026859965,-0.002124127005135815,0.00408411624281587,Walking,Washing Face
18.64,0.13895457863001554,0.29426434211375985,0.1620341274490063,-0.08659565565590938,0.0049057204663611395,-0.02436233739279,-0.018919719347132803,0.014983380194908549,0.9707061945305951,0.002152681630135003,-0.0019851724265057993,0.00437838058492963,Walking,Washing Face
18.66,0.08707864207353669,0.07453556355012537,0.21296262251415882,-0.0716091331386443,0.036284711748376657,-0.05303885326657987,-0.02296912368544135,0.029014897949594852,0.972562808421216,0.002365644252649162,-0.001898093784432263,0.004452916148479756,Walking,Washing Face
18.68,-0.046949182841289606,0.09095273964408718,0.2435783621781717,-0.04004432712728436,0.003365547375949189,-0.09650394798682817,-0.01346387595325362,0.029310805349600382,0.9704382225302647,0.0026092226148273336,-0.0019450429672735522,0.004543868888123843,Walking,Washing Face
18.7,-0.01419414781062659,0.08444180902447904,0.28739160652303747,-0.002592977682152192,0.015172896759315296,-0.04983533956673778,-0.017162664522976802,0.019191935674664713,0.9688560459937956,0.002896614221350371,-0.001959237115084179,0.004628310697148322,Walking,Washing Face
18.72,-0.05063466290080533,0.03579679142404962,0.36488459095101045,-0.057628717530010025,0.03789806906330854,-0.03901350892868779,-0.02063581339638906,0.025956237274965755,0.9796522444422245,0.0032614988123013814,-0.0020098717779849845,0.004664107488572372,Walking,Washing Face
18.74,-0.1380232965185975,0.039215859918061834,0.38210720626469097,-0.011693601006912179,0.044111211811344656,-0.026869230206854423,-0.017515285731198784,0.028148382478403785,0.974155505015575,0.0036436060185660725,-0.002147895074503582,0.004703323348490433,Walking,Washing Face
18.76,-0.07895966593748636,0.12607006218215872,0.36593372525487494,-0.006936573991682721,0.08577833738213778,-0.10868466186386776,-0.007469104092955442,0.02685595408529727,0.9698419531887283,0.004009539743820948,-0.0022268547404410686,0.004829393410672592,Walking,Washing Face
18.78,-0.2518354681041855,-0.0575717047067585,0.26115826431678696,-0.013457826856115376,0.013996206324979011,-0.04714599558188324,-0.013530667720101875,0.02339742508612218,0.9680743398025831,0.004270698008137734,-0.002478690208545254,0.004771821705965833,Walking,Washing Face
18.8,-0.16555682652240863,-0.15248047225227884,0.3119095355770594,0.005640252788954274,0.03130916141332114,-0.04201188384382186,-0.009901553756581537,0.029221380947265403,0.9723080196225475,0.0045826075437147935,-0.002644247035067663,0.0046193412337135545,Walking,Washing Face
18.82,-0.20200007604131975,-0.05831588078748848,0.27553196128482343,0.12471342797991801,0.049692851279357034,-0.13038465294952706,-0.009431344293140732,0.021753202760405852,0.9764672863277893,0.004858139504999617,-0.002846247111108983,0.004561025352926066,Walking,Washing Face
18.84,-0.3269909367489758,-0.04805768847519126,0.11478698652876623,0.052526513889994964,0.05696610442553089,-0.016378192570746575,-0.021981207564066636,0.028033067808652962,0.9697753809670843,0.004972926491528383,-0.0031732380478579586,0.004512967664450875,Walking,Washing Face
18.86,-0.23691658831740167,-0.2887951450645841,0.1999536519387868,0.02997941790016794,0.1228408524618741,0.004252104674511166,-0.010925638439643554,0.03379609225322609,0.9687886589809603,0.00517288014346717,-0.0034101546361753597,0.004224172519386291,Walking,Washing Face
18.88,-0.4230233228308041,-0.18442274436703612,-0.05731334698049406,0.15084107423795667,0.02882942294052928,-0.027666643217979174,-0.018218714575276327,0.030197034980267753,0.9797936296918983,0.005115566796486676,-0.0038331779590061645,0.004039749775019255,Walking,Washing Face
18.9,-0.25477384960670674,-0.28216962081923014,-0.08008701112309091,0.1512656118820454,0.05511306344030949,-0.00023611849372513587,-0.0190511570564054,0.024214907882329682,0.9754720073519436,0.005035479785363586,-0.0040879518086128705,0.0037575801542000242,Walking,Washing Face
18.92,-0.23395448916392647,-0.2688542502671133,-0.1255753737892954,0.12470095568583159,-0.061120621502586,0.04657053193071122,-0.011397319897876592,0.03428788119131472,0.9797111215595271,0.004909904411574291,-0.0043219062977767975,0.003488725903932911,Walking,Washing Face
18.94,-0.392303489591328,-0.35840381044353375,-0.036850641338137036,0.10455901823524366,-0.01044210082683133,0.07118719900335439,-0.01793344051162769,0.033622135328188585,0.9694658292169419,0.004873053770236154,-0.004714209787368125,0.0031303220934893773,Walking,Washing Face
18.96,-0.06459080652391896,-0.31402674759971355,-0.5194237863441585,0.09543205186772105,0.02314005769939531,0.029121352280179813,-0.014004848804824133,0.028280101860867053,0.9745948952677445,0.004353629983891996,-0.004778800593892044,0.002816295345889664,Walking,Washing Face
18.98,-0.4707190559353731,-0.46603438143121756,-0.38488411936136985,0.16178088041708358,0.03225514217680504,0.05735731923506059,-0.023287490179438597,0.03283255992535071,0.9717992156045486,0.003968745864530626,-0.005249519649827416,0.002350260964458446,Walking,Washing Face
19.0,-0.057690816258790675,-0.3572151471548152,-0.30885886430973425,0.22796097639786425,-0.01863747918018602,0.07941949532795436,-0.022168661836701915,0.0294149179886625,0.9651219065985207,0.0036598870002208916,-0.0053072104660862075,0.0019930458173036307,Walking,Washing Face
19.02,-0.29399972529886176,-0.4660815355173288,-0.3125590435582999,0.08837696476772926,-0.0629813575928297,0.11985443324723084,-0.010322082799664851,0.029884967874926525,0.9669622878813371,0.003347327956662592,-0.005601210191385068,0.001526964281786302,Walking,Washing Face
19.04,-0.12070399359028793,-0.31686408867987725,-0.4402649003130309,0.09591152002774302,-0.011648550936855812,0.07275777851722741,-0.014047904755255247,0.02700064958480825,0.9754346315692771,0.0029070630563495605,-0.005721914184975356,0.0012101001931064247,Walking,Washing Face
19.06,-0.06754146519276674,-0.3117406168979766,-0.610085289011927,0.06914243493482257,0.054081562303351295,0.06325440486762693,-0.01794168714593986,0.031050000187471054,0.9682631458892994,0.0022969777673376335,-0.005789455650168123,0.000898359576208448,Walking,Washing Face
19.08,-0.08519685374858373,-0.18071683505067332,-0.42869972085213004,0.08319583869645364,-0.05188152713194247,0.07125776722774069,-0.01512353916054149,0.030240681586247615,0.9747839993416179,0.0018682780464855037,-0.005874652503916706,0.0007176427411577746,Walking,Washing Face
19.1,-0.00797896316639169,-0.23444174979689095,-0.434929456272703,0.04814525908111823,-0.01619366017546597,0.07969192189492628,-0.01721247742802217,0.02991111424281077,0.9702213628612162,0.0014333485902128006,-0.005882631467083097,0.0004832009913608837,Walking,Washing Face
19.12,-0.02955979935832083,-0.20963523276150553,-0.5100298596112772,0.017046622400123185,-0.04645056082073919,0.004162112158064375,-0.014578527689802641,0.02681862411169636,0.9725857881045705,0.0009233187306015233,-0.005912191266441418,0.00027356575859937817,Walking,Washing Face
19.14,0.10104068303933465,-0.10607561187638513,-0.375800550355004,0.005043917253003538,-0.11403263130585703,-0.001148780111841453,-0.018607587640281687,0.032918655760606395,0.9765219872058156,0.0005475181802465193,-0.005811150583402084,0.000167490146722993,Walking,Washing Face
19.16,0.08598541373506427,0.01138371848471574,-0.41244300672038403,-0.011006359857611846,-0.059394003835045096,0.04998721767912814,-0.01944827315494728,0.03440187196850428,0.9735801474234489,0.00013507517352613518,-0.00572516516966702,0.00017887386520770878,Walking,Washing Face
19.18,0.14958323282280145,0.03862972763144424,-0.17571695049756314,-0.06208412203833373,-0.0579472582595421,0.01651327138288812,-0.020731044585639104,0.03500803747008967,0.9739401074471449,-4.064177697142796e-05,-0.005575581936844218,0.000217503592839153,Walking,Washing Face
19.2,0.24497202254447198,0.07953660659699267,-0.3212019124380523,-0.023944510512585407,-0.0998271380924389,0.028516099718305002,-0.007205394133642679,0.02626762961455727,0.9693074640768702,-0.0003618436894094803,-0.005330609914299747,0.0002970401994361457,Walking,Washing Face
19.22,0.14800310938675243,0.15770571961432153,-0.029248047915265238,-0.05323238971580188,-0.09656519623281515,-0.015373223044427451,-0.013814058903860046,0.03802039944209412,0.9824157626984125,-0.00039109173732474557,-0.005182606804912994,0.00045474591905046724,Walking,Washing Face
19.24,0.36074250582138967,0.3401983822123603,0.059079858140448915,-0.053942861189369314,-0.12245571533282837,-0.07561762139384151,-0.025716873081118218,0.026950713986128767,0.9690533523065544,-0.0003320118791842966,-0.004821864299091604,0.0007949443012628276,Walking,Washing Face
19.26,0.37829401387129385,0.2751618500537168,0.2700887559782945,-0.12151904716947884,-0.08042397915332651,-0.09590316582966296,-0.008658718242861522,0.026915625582808293,0.9675705145176521,-6.192312320600208e-05,-0.004443570285220311,0.0010701061513165445,Walking,Washing Face
19.28,0.23141132739420323,0.11900592892329365,0.26698132648196504,-0.047082096965554474,-0.11759547241471814,-0.0806132721347094,-0.01737566365953595,0.02607295996651156,0.9627027896974326,0.00020505820327596297,-0.004212158957826108,0.0011891120802398382,Walking,Washing Face
19.3,0.36795061496241516,0.18725477108656982,0.4400846406129225,-0.026536675559857337,-0.08212895010242006,-0.07692340067938148,-0.011377971927687183,0.02423487100345222,0.9703344917156314,0.0006451428438888856,-0.0038442083428636927,0.001376366851326408,Walking,Washing Face
19.32,0.13468381273174526,0.35326487374111804,0.3721922709005901,-0.038798795519423404,-0.09708635286355831,-0.06371252567953327,-0.011062891189792005,0.03861279743435599,0.9727276582078559,0.0010173351147894757,-0.0037095245301319475,0.0017296317250675261,Walking,Washing Face
19.34,0.362237808034451,0.3433750957050806,0.5231128327431771,-0.11865209913259124,-0.061482714834479604,-0.1356276847812371,-0.013163278757129936,0.024181401005552345,0.9726937383426627,0.0015404479475326527,-0.0033472867220974965,0.0020730068207726066,Walking,Washing Face
19.36,0.08699761432284922,0.57376141781788,0.6265595693145682,-0.0447150936900814,-0.028347223701022484,-0.14634604335507298,-0.0212729938041698,0.01955075013556752,0.9700194888607323,0.002167007516847221,-0.0032602891077746473,0.0026467682385904866,Walking,Washing Face
19.38,0.18953323992136803,0.34468427600461654,0.6503197655452291,-0.06782056805403634,-0.004219264953721752,-0.13243650122650436,-0.007439960188922075,0.028580027008176884,0.9722713365715291,0.0028173272823924502,-0.0030707558678532794,0.0029914525145951034,Walking,Washing Face
19.4,0.16576439367093249,0.4033099235687154,0.49891677041316557,0.013680234628627833,-0.004381964624181245,-0.1231822287039833,-0.022445455552901276,0.03089165656426085,0.9692335503057511,0.0033162440528056157,-0.002904991474182347,0.003394762438163819,Walking,Washing Face
19.42,0.07953552125873255,0.10683597262380873,0.5600312450434275,-0.03829729552651644,-0.1051906190448227,-0.07577055591664905,-0.015647857612751215,0.030840371609653847,0.9630292972711394,0.0038762752978490434,-0.0028254559529236143,0.0035015984107876277,Walking,Washing Face
19.44,-0.013870678372643441,0.24172118029827983,0.7905603757818092,-0.05751673273100751,0.014099637699955625,-0.06532491954795934,-0.006462206041691867,0.03278937988196428,0.9676336681480826,0.004666835673630853,-0.002839326631296258,0.0037433195910859074,Walking,Washing Face
19.46,0.10911928499292896,0.43828137852095195,0.32352429789079035,-0.04785775739035443,-0.047870320397574016,-0.10406919819416846,-0.00927917094129959,0.021447314457180455,0.975797109237345,0.004990359971521643,-0.002730207346303329,0.00418160096960686,Walking,Washing Face
19.48,0.1778821013362969,0.2543968883565346,0.41360550267563156,-0.045940898967945426,-0.04609493062578539,-0.019155088405448883,-0.021552199426046317,0.03665148863563335,0.967958461659394,0.0054039654741972745,-0.002552325244967032,0.0044359978579633945,Walking,Washing Face
19.5,0.2817160107260265,0.20054140580141136,0.33303010183133547,-0.04322068504807246,-0.018313255738907012,-0.012657831731096815,-0.017053141655955683,0.022269167890092492,0.9782681206491055,0.005736995576028609,-0.0022706092342410053,0.004636539263764806,Walking,Washing Face
19.52,0.10559723885133583,0.2886152100340861,0.25298430709395764,0.001148215016776164,-0.04712555428506399,-0.022247613350638774,-0.011911751127917612,0.03129114604406027,0.9706543381139047,0.005989979883122568,-0.0021650119953896692,0.004925154473798892,Walking,Washing Face
19.54,0.05819419098094125,0.16457623913603622,0.10408844969994199,0.0072175892207431026,-0.00305708221211179,-0.04293262314583382,-0.008396686389660714,0.042749584861852985,0.9741709630110041,0.006094068332822509,-0.002106817804408728,0.005089730712934929,Walking,Washing Face
19.56,0.03303224400490046,0.16445825999297628,0.1413958400557237,0.026742036331770035,0.09215840494750725,0.11862269466800826,-0.014084956869582391,0.03450605530037589,0.9682407271857135,0.006235464172878233,-0.0020737855604038274,0.005254188972927905,Walking,Washing Face
19.58,-0.1926624497192224,0.09781503152975932,-0.14585111476593873,0.0020055276536061592,0.07273459065967573,0.08281019730906902,-0.020483959802853904,0.029719901510231427,0.9778840869147717,0.006089613058112295,-0.00226644801012305,0.005352004004457664,Walking,Washing Face
19.6,-0.2507010461128069,0.009752950100989626,-0.09314128341993069,0.08251405364321952,0.01977809856070816,-0.006631199634469573,-0.016982500809946316,0.03318561491796524,0.964021887514012,0.005996471774692365,-0.0025171490562358565,0.005361756954558653,Walking,Washing Face
19.62,-0.3929049624653123,0.0030933861079764126,-0.11595669605779493,0.18873286705566553,0.10506543171234956,0.08087728686485066,-0.01402012125658683,0.03175032837326147,0.9703950605783934,0.0058805150786345696,-0.002910054018701169,0.00536485034066663,Walking,Washing Face
19.64,-0.2494977323492721,-0.03687056523239525,-0.5052774339067422,0.06471919844442668,0.158420688142929,0.08906824671858317,-0.0210111545223799,0.029035517863464585,0.9646158205601094,0.005375237644727827,-0.0031595517510504406,0.005327979775434234,Walking,Washing Face
19.66,-0.3457796629139498,-0.09274887917987346,-0.15826975096750953,0.017797764273040095,0.06216860501143146,0.17275635689189886,-0.016388297225139802,0.03700717521968566,0.9734179129983198,0.005216967893760319,-0.003505331413964391,0.005235230896254361,Walking,Washing Face
19.68,-0.31600952460168785,-0.05708628164992943,-0.29363475080837714,0.08242447242166759,0.03545502795590755,0.16681968591857646,-0.024782623327755892,0.02086661622976111,0.9660082001711628,0.0049233331429519404,-0.0038213409385660785,0.005178144614604432,Walking,Washing Face
19.7,-0.35135903524952977,-0.11647613807492377,-0.36331413500094245,0.10216608974222813,0.07770059839651264,0.1409058571595001,-0.021422832146574575,0.03249801281241845,0.9748347932784498,0.004560019007950998,-0.004172699973815609,0.005061668476529509,Walking,Washing Face
19.72,-0.4731285151117228,-0.09680112599177502,-0.34914486233568504,0.0443887587832767,0.022751073154896172,0.1688343690762279,-0.02241857636296843,0.033954653965137055,0.965032213603492,0.004210874145615312,-0.004645828488927331,0.004964867350537733,Walking,Washing Face
19.74,-0.39471036747165145,-0.27049615547862393,-0.24244229332588152,-0.00814372886792356,0.06708030404362303,0.09709651917907279,-0.013735639241005031,0.03594402554286641,0.9735201040733518,0.0039684318522894306,-0.005040538856398983,0.004694371195059109,Walking,Washing Face
19.76,-0.3401084916319628,-0.06521481702193992,-0.22668379809610756,0.06673268472410453,0.03314912123321759,0.123955546753674,-0.011989701166919104,0.04047825992188801,0.9746487623418966,0.003741748054193324,-0.005380647348030946,0.004629156378037169,Walking,Washing Face
19.78,-0.42011368102604424,-0.22849363091642386,-0.31264134683629796,0.06154474059894759,0.0622621649558301,0.06923563706989332,-0.022050944214488923,0.03128237326951992,0.96806669301766,0.0034291067073570257,-0.00580076102905699,0.004400662747120745,Walking,Washing Face
19.8,-0.4198590609482895,-0.06930040050191844,-0.11084277403202782,0.06810584705441615,0.1252069644843523,0.051482835062097214,-0.02309426360543828,0.02872585294303497,0.9650561368656085,0.0033182639333249977,-0.00622062009000528,0.004331362346618827,Walking,Washing Face
19.82,-0.35659436652354265,-0.24818039277788317,-0.03921250065900582,-0.0024044686557820275,0.05111155802070254,0.14973775436728254,-0.014687267092909033,0.03546248328346171,0.9662924220996979,0.0032790514326659923,-0.006577214456528821,0.0040831819538409446,Walking,Washing Face
19.84,-0.23374453092771247,-0.13719843401027484,0.06062599810539922,-0.06566971469879128,-0.0014148525917681762,0.17396744235656028,-0.019589626707537354,0.03377537471669235,0.9646768162977752,0.003339677430771391,-0.006810958987456534,0.003945983519830669,Walking,Washing Face
19.86,-0.22985304107108623,-0.10626206320264849,0.25329231919741546,-0.045960472228109915,-0.05785240625019233,0.04685906372649116,-0.01799279013795923,0.033963470821003594,0.9699371101683867,0.003592969749968807,-0.00704081202852762,0.0038397214566280205,Walking,Washing Face
19.88,-0.4452559380389311,0.052464839463021634,-0.006314358798843414,-0.09713627707759087,0.016356303209779193,-0.07003921509751158,-0.01568512343894687,0.04261972930230959,0.9827799767844138,0.003586655391169963,-0.0074860679665665515,0.0038921862960910425,Walking,Washing Face
19.9,-0.30835385485679906,-0.06604217148173783,0.16526841697758504,-0.062091993411748245,0.017500074203987664,0.055798810889562504,-0.007432294466851985,0.03807806818960839,0.9736641504482166,0.0037519238081475483,-0.0077944218214233505,0.0038261441246093043,Walking,Washing Face
19.92,-0.08508029391575084,0.13339855649111165,0.29752987615522686,-0.09436719722113586,0.02896428901155164,0.06496298112922344,-0.019982571270224857,0.03336915222965995,0.9679431437848175,0.004049453684302775,-0.007879502115339101,0.0039595426811004164,Walking,Washing Face
19.94,-0.2738385393768935,-0.0780716396643028,0.21223259520206872,-0.1034167211776131,-0.001790857364673111,-0.004060644115540881,-0.020604134286915893,0.038377004316546316,0.9619101498335636,0.0042616862795048435,-0.008153340654715997,0.0038814710414361133,Walking,Washing Face
19.96,-0.24379208690749538,-0.10988421456050765,0.23652990620952904,-0.08573530154418312,0.04560416113705645,-0.044930221774402396,-0.013759119618633128,0.02897951362920362,0.9767150672411484,0.004498216185714373,-0.008397132741623492,0.0037715868268756053,Walking,Washing Face
19.98,-0.0075327274495658875,0.16547698220105134,0.4675355002961091,-0.162934250153106,-0.06071723385173103,-0.01065395068703485,-0.016476527379351614,0.03692491299443877,0.972744184627674,0.004965751686010482,-0.008404665469073057,0.0039370638090766566,Walking,Washing Face
20.0,0.09523783825267669,0.251425351408092,0.11685655572836545,-0.08277972533859032,-0.07009531356388848,-0.07573833770955134,-0.020633334327755357,0.02591047694131658,0.9713216738603595,0.005082608241738847,-0.008309427630820381,0.004188489160484749,Walking,Washing Face
20.02,0.14961076260768802,0.1907018168368835,0.4065669603210242,-0.09142858184767315,-0.14801469998598965,-0.05599381716029229,-0.022094306845613296,0.03302700864185144,0.9682323379439531,0.005489175202059871,-0.008159816868212693,0.004379190977321632,Walking,Washing Face
20.04,0.18132536135229668,0.08448632262361955,0.05717656980225391,-0.11898494389626532,-0.03731129924257634,-0.040209543602012766,-0.02934329051763708,0.029040612779240922,0.9659905674678688,0.005546351771862125,-0.007978491506860396,0.004463677299945251,Walking,Washing Face
20.06,0.09593598089784203,0.18102606175202124,0.2048937915143802,-0.15040841074001002,-0.05527858093033629,-0.053173969143893406,-0.011740588712675165,0.027162128863725068,0.9634611038220312,0.0057512455633765055,-0.007882555525962554,0.004644703361697273,Walking,Washing Face
20.08,0.20034503211466032,-0.08283177980032866,0.35122690081249197,-0.16006908816100437,-0.07318093099323583,-0.05756896574466668,-0.014260842762763409,0.03354301993459361,0.9688943700784884,0.006102472464188997,-0.007682210493847892,0.004561871581896944,Walking,Washing Face
20.1,0.24335275784833021,0.06315690923505526,-0.002033382191581029,-0.1001514070952953,-0.07220689353683757,-0.09279735307794197,-0.019704550527963684,0.0345975440326776,0.9702943248513379,0.006100439081997416,-0.0074388577359995635,0.004625028491131999,Walking,Washing Face
20.12,0.020819899306591838,0.21081704600398027,0.10327024604879972,-0.13582184367961087,-0.10237225210776707,-0.04712949970386134,-0.0180302721441939,0.034619576747753886,0.9694290867854887,0.006203709328046215,-0.007418037836692971,0.00483584553713598,Walking,Washing Face
20.14,0.17806958863652758,0.15561936524673453,-0.11568470264835207,-0.04849844512161662,-0.00020823937982999963,-0.024209383172207777,-0.025845574709343205,0.026670288119837113,0.9655931540183643,0.006088024625397863,-0.007239968248056443,0.004991464902382715,Walking,Washing Face
20.16,0.2518407778995596,0.048337921461142255,-0.15130557928152794,-0.050090960351550015,-0.018810671800899084,-0.08793412654134182,-0.013982808463760276,0.03633113133369343,0.972646316483594,0.005936719046116336,-0.006988127470156882,0.005039802823843857,Walking,Washing Face
20.18,0.19685790150340535,-0.027099827434776735,-0.35003549068244244,-0.020855430078510127,-0.03412577362954053,-0.037811122305707594,-0.016670123065076918,0.03570867512927317,0.9650864006552833,0.005586683555433893,-0.0067912695686534776,0.005012702996409081,Walking,Washing Face
20.2,0.3558578710639969,0.10762490062044207,-0.4346853261411212,-0.13843132310540382,-0.07871950009606096,-0.011624062756141454,-0.017919188817676474,0.03383480226147855,0.974057945228576,0.005151998229292772,-0.00643541169758948,0.005120327897029523,Walking,Washing Face
20.22,0.3965260814647216,-0.06157036565443669,-0.3341509270436772,-0.058939495248598116,-0.11252407263737747,0.04469667746289399,-0.009851333891892269,0.038962751507038595,0.9724017083055699,0.004817847302249094,-0.006038885616124759,0.005058757531375086,Walking,Washing Face
20.24,0.20408195460617748,0.03316322710834446,-0.4463475033421622,-0.06651259209573063,-0.04832300545996895,0.01276254873359116,-0.024266367367304125,0.03337017461131368,0.970415308154765,0.004371499798906932,-0.005834803661518581,0.00509192075848343,Walking,Washing Face
20.26,0.5134891604036782,0.09644386043188814,-0.44531295068305254,0.08516679143663201,-0.02112821013695638,0.03823964445183743,-0.027319418319876474,0.028763209604022892,0.9665222593753036,0.003926186848223879,-0.005321314501114902,0.005188364618915318,Walking,Washing Face
20.28,0.2924705243876059,-0.1375857851788734,-0.6246082465728491,0.056645086738492514,0.003296708891054922,0.046776798072459914,-0.016723205567552638,0.032684660679630675,0.9731796915000065,0.00330157860165103,-0.005028843976727296,0.005050778833736445,Walking,Washing Face
20.3,0.21168827497591922,-0.14344780694368117,-0.7175587491741854,0.024378486659301486,0.004500648869508725,0.022258024837576502,-0.01493804221395347,0.043879074856322836,0.9742572229357971,0.0025840198524768447,-0.004817155701751377,0.004907331026792763,Walking,Washing Face
20.32,0.483799789418977,-0.07490687940493172,-0.48907771485914364,0.09400676374344907,-0.05127301414100072,0.1569770392571977,-0.02645268205521891,0.036010252522499654,0.9641119603263173,0.002094942137617701,-0.0043333559123324,0.004832424147387833,Walking,Washing Face
20.34,0.4379676437366951,-0.23535460584951634,-0.5293958910963718,0.1426674446744501,-0.004245819178503842,0.09358890567465053,-0.017050272360906168,0.03315565046664579,0.971451831427573,0.001565546246521329,-0.003895388268595705,0.0045970695415383156,Walking,Washing Face
20.36,0.3795051815142732,-0.3157075365846165,-0.4717416094136775,0.16495434848395352,0.09614683561916569,0.04863039500942305,-0.012243909580019297,0.03912648971435047,0.9689913471327392,0.0010938046371076514,-0.0035158830870814315,0.0042813620049537,Walking,Washing Face
20.38,0.3264043142040449,-0.2047741837115347,-0.377362991628709,0.08618238009289333,0.06293339342726753,0.20481619808463902,-0.017334384666226756,0.03569418918571715,0.9772240912554695,0.0007164416454789425,-0.003189478772877386,0.004076587821242165,Walking,Washing Face
20.4,0.17197674202562252,-0.3712992708863843,-0.29424416879785353,0.1552773405609555,0.025705232719483957,0.05916494156082757,-0.02079847647200635,0.04252049137839413,0.9646490406185356,0.000422197476681089,-0.003017502030851764,0.003705288550355781,Walking,Washing Face
20.42,0.053026069994342784,-0.27084376057364595,-0.196656488239648,0.13811660642827142,-0.012695976846066794,0.14459956322766904,-0.021450814898011445,0.035908858387950444,0.9756254559460235,0.00022554098844144101,-0.002964475960857421,0.0034344447897821347,Walking,Washing Face
20.44,0.38206364430136863,-0.20528454576088062,-0.3924073829690363,0.15341761646531207,0.0096565396434834,0.11656551442325079,-0.024005107467005717,0.035254634013584925,0.9663931466970772,-0.00016686639452759535,-0.0025824123165560523,0.0032291602440212537,Walking,Washing Face
20.46,0.1508778441411219,-0.2883972145164885,-0.17895783330817053,0.15676253489404013,0.1072936163039841,0.1017710863912888,-0.014961722076666448,0.036370537182864184,0.9630627657741364,-0.0003458242278357659,-0.0024315344724149305,0.0029407630295047657,Walking,Washing Face
20.48,0.18588031873588406,-0.3150208953859941,-0.09939142865926368,0.17069780061084353,0.00589915187704379,0.07460104485373145,-0.013243924415475259,0.037292964577790695,0.9676128426997429,-0.00044521565649502945,-0.002245654153679046,0.002625742134118771,Walking,Washing Face
20.5,0.1696125307028127,-0.32316438902556055,0.10687234956170326,0.13392293023536128,0.10798195591752158,0.06711665095727229,-0.029574163584592222,0.03363496724422335,0.9699052390790383,-0.00033834330693332626,-0.002076041622976234,0.0023025777450932108,Walking,Washing Face
20.52,0.09576557139853653,-0.1853280556727493,0.07908526982163952,0.11377686788472216,0.013066195900270944,-0.0006398806083774012,-0.022023428890086537,0.043535089468546534,0.9605624887413049,-0.0002592580371116867,-0.0019802760515776974,0.002117249689420461,Walking,Washing Face
20.54,-0.17634561904274387,-0.35866105046818586,0.2609006737244432,0.07862818132192965,0.0609050708048993,-0.05092959386757307,-0.024740349883379933,0.032774009653267655,0.9738694293328359,1.6426366127564872e-06,-0.002156621670620441,0.0017585886389522758,Walking,Washing Face
20.56,0.01018168391014028,-0.24130225898260516,0.41525495279574703,0.05875705262948422,0.11903326121953896,-0.013215914455872576,-0.025193773942268315,0.03847818779868432,0.9657015597469205,0.00041689758940850356,-0.0021464399867103007,0.0015172863799696704,Walking,Washing Face
20.58,-0.125171390919701,-0.34063815902207994,0.3832321743321427,0.01812879824965329,0.07111124802223122,-0.019988223821450657,-0.018405703753322115,0.036359795908338974,0.9776121071159917,0.0008001297637406463,-0.0022716113776300017,0.0011766482209475905,Walking,Washing Face
20.6,-0.12254175612186857,-0.09734094913775777,0.549416609662897,0.020036360586044466,0.08436000272157904,-0.07174234988834398,-0.011668258252235804,0.04620633649143496,0.9704604303442776,0.0013495463734035432,-0.0023941531337518702,0.0010793072718098327,Walking,Washing Face
20.62,-0.29518541205615956,-0.09175999946938657,0.626966251951274,0.016406348776284347,0.05079225923106214,-0.1447140475788149,-0.008076950656766337,0.030641033597769235,0.9710753948939413,0.001976512625354817,-0.00268933854580803,0.000987547272340446,Walking,Washing Face
20.64,-0.2496508487475495,-0.2961122738179578,0.5898734475823388,-0.04862870853262079,0.058522958314578134,-0.11895092276850262,-0.020213090178405484,0.043602360210557994,0.9731249006710374,0.0025663860729371562,-0.002938989394555579,0.0006914349985224884,Walking,Washing Face
20.66,-0.38467818580883417,-0.0731540448486396,0.6240197078814359,-0.013803629636592906,0.025027815379147243,-0.08577494722192548,-0.02037283861484023,0.038713467889211234,0.9613111074604165,0.0031904057808185924,-0.0033236675803644134,0.0006182809536738488,Walking,Washing Face
20.68,-0.4048357243020658,-0.014629422421860359,0.4871863444413554,-0.024607447490700877,0.01927595309444064,-0.1726393715832426,-0.02179700239957981,0.037702385039970525,0.9676412386540835,0.0036775921252599473,-0.0037285033046664793,0.0006036515312519883,Walking,Washing Face
20.7,-0.18392046149051036,0.00952666763107049,0.4746353661888546,-0.04615698572097847,0.0028672289308968343,-0.1392614767510928,-0.017352623408456305,0.034932335234344004,0.9677580715245928,0.004152227491448802,-0.003912423766156989,0.0006131781988830588,Walking,Washing Face
20.72,-0.3569744049870347,0.05829164941666849,0.36528774348435034,-0.10631639586989138,0.016551674993561052,-0.06459938314233789,-0.02208806138123973,0.03298805537919343,0.9623270891331998,0.004517515234933152,-0.004269398171144024,0.0006714698482997274,Walking,Washing Face
20.74,-0.259026104055127,0.09456907150178413,0.4405163242858604,0.04298463966562093,-0.04151344281736749,-0.1005313643903754,-0.01824704186923929,0.032760654249573654,0.969248614868087,0.004958031559219012,-0.0045284242751991504,0.0007660389198015116,Walking,Washing Face
20.76,-0.19275204100521431,0.22363703630578022,0.17188669612911,-0.08418889750815568,-0.038359871841111164,-0.12984807594354011,-0.025996366818307255,0.023977349538021116,0.968245332860445,0.005129918255348122,-0.004721176316204365,0.0009896759561072918,Walking,Washing Face
20.78,-0.1254153634192691,0.35202457610916116,0.21893426917375064,-0.10410230304355896,-0.08421118120961599,-0.11799479729431657,-0.014702164927874151,0.03961575014568878,0.9739708404928504,0.005348852524521872,-0.004846591679623634,0.0013417005322164531,Walking,Washing Face
20.8,-0.2988351325769681,0.19611067279052544,-0.05663085241068107,-0.17229257565346615,-0.08601975716340719,-0.03223575893884841,-0.027699063487595196,0.03349429221845946,0.9594063361900971,0.005292221672111192,-0.005145426812200603,0.0015378112050069787,Walking,Washing Face
20.82,-0.2855896159088699,0.32484413652142013,-0.17855968594828603,-0.039635682322547196,-0.06911219592938944,-0.05784149317749874,-0.018470905904453338,0.040707779052586296,0.975146692210567,0.005113661986162906,-0.005431016428109472,0.0018626553415283986,Walking,Washing Face
20.84,-0.21001432565099287,0.20089003600280236,0.003656867809570641,-0.10683089185585429,-0.09753874796282837,-0.09188686915213125,-0.024986646721517375,0.04144769558575704,0.9675978517534538,0.005117318853972476,-0.0056410307537604655,0.002063545377531201,Walking,Washing Face
20.86,-0.0527538872213566,0.2517984752630153,-0.17129649761301852,-0.06280121205920688,-0.12199559520920633,-0.003840050271592609,-0.0242523222344651,0.03654870147630373,0.965176564839523,0.004946022356359458,-0.005693784640981822,0.002315343852794216,Walking,Washing Face
20.88,-0.24400216759611035,0.5508803995631062,-0.2093319271276195,-0.08964201309416854,-0.07651137124241544,-0.04054463685757852,-0.023938828746466155,0.04175769388826009,0.9674108605325491,0.0047366904292318384,-0.005937786808577932,0.0028662242523573227,Walking,Washing Face
20.9,-0.03613307599618055,0.34964296752307306,-0.2369659180890637,-0.04857696243657641,-0.11296321252417206,0.0550803463947379,-0.024830511369876625,0.04432437927946616,0.9588453904397397,0.004499724511142774,-0.005973919884574113,0.0032158672198803954,Walking,Washing Face
20.92,-0.09312037102938323,0.3945087471393398,-0.3622700512364695,-0.04564365795059847,-0.16018860423609702,0.10047757522206512,-0.016566270287780373,0.03773640306612256,0.9675375020086595,0.0041374544599063045,-0.006067040255603496,0.003610375967019736,Walking,Washing Face
20.94,0.17128737301073638,0.26081150406698084,-0.42841765061623194,0.02898617815164466,-0.12230441731111173,0.09260788011429474,-0.01426118732855208,0.042722439641244225,0.9608057351459174,0.003709036809290072,-0.005895752882592759,0.0038711874710867164,Walking,Washing Face
20.96,0.11409626586716644,0.42750975635845084,-0.3844989966689495,0.0013403952237443094,-0.07664262876740376,0.15023075542103512,-0.028270416717999368,0.03577288943276006,0.9725833420692993,0.003324537812621123,-0.005781656616725593,0.0042986972274451675,Walking,Washing Face
20.98,0.01480954887372718,0.2753108956882872,-0.4046429915432786,0.0007135022163592139,-0.030757817838807506,0.009360626215238565,-0.017903384845607554,0.04091689438675201,0.9657328870017426,0.0029198948210778443,-0.005766847067851865,0.004574008123133455,Walking,Washing Face
21.0,0.029503944977616978,0.22940081899290882,-0.1789729995196606,-0.007719440720825828,-0.08730176864997666,0.10312768969447508,-0.018918816526758375,0.038973734330866566,0.9699322803462459,0.0027409218215581834,-0.005737343122874248,0.004803408942126364,Walking,Washing Face
21.02,0.06183180474399684,0.2328330869209865,-0.05286749907362903,0.055340174536788335,-0.051882474444831746,0.12170394810601126,-0.030766397086519393,0.04615587468928106,0.9644004159049935,0.0026880543224845547,-0.005675511318130252,0.00503624202904735,Walking,Washing Face
21.04,0.1853715409189703,0.16950003015722123,-0.06510960904112588,0.013350229135518152,-0.004856500723941303,0.10683293202411938,-0.018541095831425738,0.03998719879958304,0.9665164952847815,0.0026229447134434284,-0.005490139777211281,0.005205742059204571,Walking,Washing Face
21.06,0.11015972976353608,-0.1406215331032633,0.03459214348548434,0.044739538687065976,-0.040783461002342834,0.154778789938881,-0.017714044634570547,0.04226483629650664,0.9632971548036983,0.0026575368569289127,-0.005379980047447746,0.005065120526101308,Walking,Washing Face
21.08,0.12536442011600274,0.07295092551964924,0.0502960465398281,0.09648642866224869,-0.0017031235121141384,0.1872070151909926,-0.019372659829212095,0.035763241691662576,0.9640759069607081,0.0027078329034687407,-0.005254615627331743,0.005138071451620957,Walking,Washing Face
21.1,0.3414828740901179,0.0921818632592829,0.034187940534172526,0.11723226675710187,0.04573470601945938,0.11611437579383166,-0.025240908438235215,0.03623006816190815,0.9618540053124321,0.002742020844002913,-0.004913132753241625,0.00523025331488024,Walking,Washing Face
21.12,0.2957877007580322,0.05934093081855547,0.37953857562133214,0.09388765841329647,0.016094012398932357,0.11544978688332296,-0.015738239916449286,0.04460804270473073,0.9703812783484642,0.0031215594196242454,-0.004617345052483593,0.005289594245698795,Walking,Washing Face
21.14,0.17940755486022164,-0.19209723351081814,0.2864359025442217,-0.017638966480419606,-0.022731755487800077,0.08169584244993663,-0.018356112115860808,0.03262619593050431,0.9607119266113239,0.003407995322168467,-0.004437937497623372,0.005097497012187977,Walking,Washing Face
21.16,0.22177221301344854,-0.006858420670294393,0.3911428304285699,0.0926612723718126,0.03396061684503565,0.07476643003461028,-0.025717247612397038,0.040341493063040225,0.9715586404994732,0.003799138152597036,-0.004216165284609923,0.005090638591517683,Walking,Washing Face
21.18,0.3023143030586366,-0.09445125507785476,0.3371065524040787,0.0480960669030995,-0.023149998500661614,0.05367139028540423,-0.01992375341809141,0.03437096460430567,0.9660737217119851,0.0041362447050011155,-0.003913850981551287,0.004996187336439827,Walking,Washing Face
21.2,0.2328907982053036,-0.08808722885446302,0.2711382861853902,0.0795050407704713,0.07886565690501776,0.0491538518431577,-0.01457975835815183,0.03694340358804716,0.9659892489696489,0.004407382991186506,-0.0036809601833459834,0.0049081001075853645,Walking,Washing Face
21.22,0.2722778228490232,-0.18710312065349377,0.40935657325893604,0.054397696861066394,-0.01636913457608625,0.03500906059479924,-0.02394144478364541,0.03507915512892279,0.9667560396088792,0.004816739564445442,-0.00340868236049696,0.00472099698693187,Walking,Washing Face
21.24,0.27003991287797185,-0.13601450176725982,0.28750146271413907,0.044221587571107654,0.08748728199581035,-0.03080359144505073,-0.03262067533893868,0.044583087454482716,0.9755823661338404,0.005104241027159581,-0.0031386424476189884,0.00458498248516461,Walking,Washing Face
21.26,0.08435823656032188,-0.05467229038060287,0.25054184460955553,0.11184800805266178,0.09773837755343322,-0.006223846679952459,-0.02358569797511139,0.0392922887887747,0.9687270721630139,0.005354782871769137,-0.003054284211058666,0.004530310194784007,Walking,Washing Face
21.28,0.2278259397767467,-0.20889305857406237,0.4296391837443632,0.0385345063231163,0.019458713200669397,0.05691659502201923,-0.014633349239514157,0.04295663784317835,0.9637606696715764,0.0057844220555135,-0.0028264582712819192,0.0043214171362099445,Walking,Washing Face
21.3,0.21923015101568083,-0.11047266967532826,0.0971894771743528,0.07795131413439309,0.11293047282051566,-0.06216119037657079,-0.01679151398172018,0.03970633575972558,0.9699341420747637,0.005881611532687853,-0.0026072281202662384,0.004210944466534616,Walking,Washing Face
21.32,-0.14646183212839795,-0.2347911377665729,0.13790397395864443,0.020763844284371714,0.10206607681983926,-0.04523552197756257,-0.014762064887155864,0.029159959156062988,0.9631212419263068,0.006019515506646497,-0.002753689952394637,0.003976153328768043,Walking,Washing Face
21.34,0.05386936452211501,-0.02237441763791491,0.016742794240298772,0.0291220404532519,0.09659950675337073,0.014700884271021548,-0.018768920558501587,0.035383356855311306,0.9729887753035843,0.0060362583008867965,-0.002699820587872522,0.003953778911130128,Walking,Washing Face
21.36,-0.020800415170755336,-0.174295398997015,0.053713026969393264,-0.08026738338510611,0.13063064333806734,-0.0841757690077302,-0.025077871005949354,0.037347881481768416,0.958015834097239,0.00608997132785619,-0.0027206210030432773,0.0037794835121331134,Walking,Washing Face
21.38,-0.07668448068157618,-0.12263729599328298,-0.04858639534431019,-0.10240318080727676,0.0469784824462436,-0.06918942392606599,-0.006622824340347465,0.04451812639390017,0.9651350188769388,0.006041384932511879,-0.0027973054837248535,0.00365684621613983,Walking,Washing Face
21.4,-0.156253919256792,-0.11301901392954937,-0.26400561176098186,-0.09621681418469082,0.03855321915554138,-0.08387256416456317,-0.02519167624301435,0.040974505904033454,0.9683110445347718,0.005777379320750897,-0.0029535594029816456,0.003543827202210281,Walking,Washing Face
21.42,-0.21909827199137275,0.028250831324481942,-0.27974517707028085,-0.1547723469881102,0.10950837370005284,-0.13114115163034296,-0.02090699460257141,0.04535876954559061,0.967722961778543,0.005497634143680616,-0.003172657674973018,0.003572078033534763,Walking,Washing Face
21.44,-0.1495866075156434,0.03113420404232133,-0.21292162719943805,-0.1041968810554621,0.0926407870028651,-0.003889997093518333,-0.01901403097810859,0.036632914208694446,0.9663686182360932,0.005284712516481178,-0.0033222442824886616,0.0036032122375770845,Walking,Washing Face
21.46,-0.1993530853129376,0.005534347701052586,-0.5177454758479989,-0.09476663994378895,0.06867944338434082,-0.04369821367978386,-0.013227862463400762,0.028431907041180246,0.9672149430756695,0.004766967040633179,-0.003521597367801599,0.0036087465852781375,Walking,Washing Face
21.48,-0.2572352753397785,0.13427678944801796,-0.5406424482903673,-0.06352181094749401,0.0062665261969659745,-0.08318843161958349,-0.013330962994456848,0.04346610908762278,0.973147625550563,0.004226324592342811,-0.003778832643141378,0.0037430233747261553,Walking,Washing Face
21.5,-0.35421507916004835,0.13589296561098171,-0.5178538884309286,-0.1484224739719571,0.019825340561231614,-0.036343552933535146,-0.013126539367615982,0.02705013845892499,0.9685539663099229,0.003708470703911883,-0.004133047722301427,0.0038789163403371366,Walking,Washing Face
21.52,-0.5559331996055005,0.159031614172051,-0.6478476810127237,-0.13977355381219603,0.028036316907327635,-0.11373137885455842,-0.01645073789434402,0.03501206175304746,0.965438351137848,0.0030606230228991593,-0.004688980921906927,0.004037947954509187,Walking,Washing Face
21.54,-0.47569330291871803,0.20603140831352457,-0.5396658048215184,-0.16192366852028625,-0.022825590621258433,-0.0046337805762235035,-0.021323031267008193,0.04005594913381514,0.9648659005073831,0.0025209572180776405,-0.005164674224825645,0.004243979362822712,Walking,Washing Face
21.56,-0.4676313392053704,0.23258418894335642,-0.297010166888625,-0.20173428781863545,-0.059832484677158404,-0.04284790314542304,-0.020177694913805406,0.04471813096341962,0.9652822867955504,0.0022239470511890157,-0.005632305564031016,0.004476563551766069,Walking,Washing Face
21.58,-0.2689906557489681,0.2005775665446835,-0.3013338718476609,-0.06921614844639583,-0.06545374093291548,0.05019885561964952,-0.0290318391769852,0.04243596188915312,0.9694211024598854,0.0019226131793413548,-0.005901296219779983,0.004677141118310752,Walking,Washing Face
21.6,-0.2953099880077583,0.2951527327051747,-0.4446186492181947,-0.09915883834159428,-0.026794653151269963,-0.01219987260584063,-0.019753733697581755,0.03868076936122372,0.9659189210298524,0.0014779945301231603,-0.006196606207787742,0.004972293851015926,Walking,Washing Face
21.62,-0.5077493609805024,0.17381173382282133,-0.42953425165686987,-0.06892315615354275,-0.07083108693265443,0.0558665047605638,-0.01578900732914565,0.03876785918551325,0.9614733382819747,0.0010484602784662901,-0.006704355568768245,0.0051461055848387475,Walking,Washing Face
21.64,-0.5411458700400169,0.059905475072549036,-0.31182458790087614,-0.07897009076820231,-0.057083717892938035,0.033521271631706706,-0.01748293981767723,0.0353639396303295,0.964040659336319,0.0007366356905654141,-0.007245501438808262,0.0052060110599112955,Walking,Washing Face
21.66,-0.5775181416658433,0.21921221247833234,-0.2454712955470189,-0.12169866760526317,-0.10641024940477672,0.08242618731564318,-0.018096894631716806,0.034386246357057025,0.9640943017791558,0.0004911643950183952,-0.007823019580474105,0.005425223272389628,Walking,Washing Face
21.68,-0.4507861488251133,0.07788565838949647,-0.10581873145832237,-0.00600999949283784,-0.06003669761107557,0.08269648865787496,-0.02626704609784818,0.03675848068423604,0.9685116009291784,0.0003853456635600728,-0.008273805729299219,0.005503108930779125,Walking,Washing Face
21.7,-0.397394911682837,0.08925823066471092,-0.10984121277027023,0.05976576474789781,-0.013319990910237327,0.06166141075873221,-0.03170027024735329,0.03276363296409475,0.9547083823589693,0.00027550445078980255,-0.008671200640982054,0.005592367161443836,Walking,Washing Face
21.72,-0.3286386402990266,0.02551816827746435,0.2554868547448862,0.01583796964516105,-0.09522142638079045,0.09513549761588498,-0.017051488698261452,0.038840590217772884,0.9673975038694942,0.0005309913055346888,-0.00899983928128108,0.005617885329721301,Walking,Washing Face
21.74,-0.3130745586364367,0.11850011761802882,0.2071300566608515,0.0013651529901527737,-0.03587046536198561,0.05689212164958215,-0.023520389269584135,0.0339219698971396,0.9602951637955031,0.0007381213621955403,-0.009312913839917517,0.00573638544733933,Walking,Washing Face
21.76,-0.3407450253303449,-0.2223802691015793,0.36340332419720567,0.01642728922750159,-0.16429411348736472,0.08302857855200935,-0.02280659530492107,0.045449071581546145,0.9744642175354098,0.0011015246863927458,-0.009653658865247862,0.00551400517823775,Walking,Washing Face
21.78,-0.27473721771153187,0.0933628444130219,0.4031474077051522,0.10886952519480683,-0.07323766421278365,0.04586856656099328,-0.021531517014192855,0.037714791562675515,0.9607455780894427,0.0015046720940978982,-0.009928396082959395,0.0056073680226507725,Walking,Washing Face
21.8,-0.1783219128775895,-0.0905789408992755,0.4649499465731328,0.04630209447294321,-0.06298184389127792,0.09873802128693222,-0.013456535365918582,0.042414262900965415,0.9499622780062063,0.001969622040671031,-0.010106717995836983,0.0055167890817514964,Walking,Washing Face
21.82,-0.1147030501725369,-0.1249736695440073,0.3726207248968215,0.13025862489241216,-0.022076680247169255,0.07414492942553706,-0.013117690213865385,0.04034422575537121,0.969153959663192,0.0023422427655678526,-0.01022142104600952,0.005391815412207489,Walking,Washing Face
21.84,-0.10402598257162442,-0.20814191533893245,0.3823292928334034,0.05299415321173513,-0.12359535443725678,0.05792872077008272,-0.012443315355046558,0.037252704142533295,0.9691412352417903,0.002724572058401256,-0.010325447028581144,0.0051836734968685565,Walking,Washing Face
21.86,-0.08818172335530415,-0.22110812637404903,0.5901703616877506,0.11412537645134484,-0.03355336448004594,0.005378830437019096,-0.023587093023983506,0.0375302048245179,0.9588985318701199,0.0033147424200890064,-0.010413628751936447,0.004962565370494508,Walking,Washing Face
21.88,-0.0944516911795664,-0.5288142400575835,0.4714615107687629,0.18840595238475555,-0.05275382188974511,-0.013499253783197962,-0.018003360450517494,0.04325283299612038,0.9671773151544222,0.0037862039308577695,-0.010508080443116014,0.004433751130436924,Walking,Washing Face
21.9,0.12498394734438137,-0.29539916782601244,0.3969577404255814,0.14420584109785659,0.034070183623245764,-0.01701872519366862,-0.022444118664301665,0.035545895341914505,0.9639614010238863,0.004183161671283351,-0.010383096495771633,0.004138351962610912,Walking,Washing Face
21.92,-0.12637341280356515,-0.0780142149763357,0.6614007000923008,0.1137250168414577,-0.06225180531984923,-0.07950905699651965,-0.01384832397224622,0.04110325664910122,0.9671477922286091,0.004844562371375653,-0.010509469908575196,0.0040603377476345764,Walking,Washing Face
21.94,0.17213841801230687,-0.5121186141844982,0.3940419077083203,0.18326292294146831,0.02976347835642125,-0.09438503187542321,-0.021426735510661644,0.04658430707877011,0.9616084149623485,0.005238604279083972,-0.01033733149056289,0.0035482191334500787,Walking,Washing Face
21.96,0.36803837407858386,-0.4362243306998003,0.36279408306580957,0.1280556294904969,-0.004248264532362787,-0.11950446129406057,-0.021362354409224397,0.038300997658412,0.966312571911456,0.005601398362149782,-0.009969293116484307,0.003111994802750278,Walking,Washing Face
21.98,0.24101058896620545,-0.2726688809817373,0.2820873094355386,0.11934283742951135,0.06685450305122266,-0.09948149511228578,-0.01929324437230354,0.03871833330421258,0.9652963689685152,0.00588348567158532,-0.009728282527518103,0.002839325921768541,Walking,Washing Face
22.0,0.38038111400023905,-0.20147806469452506,0.2604266401320128,0.1319655737026032,-0.020078484541736878,-0.13437553504113456,-0.025463400550772407,0.035294780958464944,0.9648683845645862,0.006143912311717334,-0.009347901413517863,0.002637847857074016,Walking,Washing Face
22.02,0.3789558996478683,-0.36699002464655434,0.24339870936608016,0.1119780395327717,0.03349457139313517,-0.0754746277315713,-0.021247950881512614,0.03320023424197116,0.9612065340395743,0.006387311021083414,-0.008968945513869996,0.002270857832427461,Walking,Washing Face
22.04,0.33209049430716864,-0.20884459362169566,0.10907748380982037,0.01416289157172402,-0.0622839610098609,-0.07421861592982089,-0.024266878712092564,0.04701562075901586,0.968015125311531,0.0064963885048932345,-0.008636855019562828,0.0020620132388057652,Walking,Washing Face
22.06,0.4010944561117078,-0.2659845109135258,-0.05294958870705141,0.05488721148923647,0.03289185323672684,-0.1715460858081054,-0.022124628143444174,0.03695476399380023,0.9654314235872108,0.006443438916186184,-0.008235760563451119,0.0017960287278922394,Walking,Washing Face
22.08,0.4872013087970304,-0.3084605153102876,-0.035485250462232276,0.0466612565516802,0.06418332000832558,-0.10971048918580245,-0.015660716788395614,0.040994080667994204,0.9641587195668252,0.006407953665723953,-0.007748559254654089,0.0014875682125819521,Walking,Washing Face
22.1,0.5909088694258099,-0.11164996162574234,-0.2934676448545481,0.04052700299084177,0.02003726777253946,-0.0403833691882488,-0.02621282779933263,0.04797604249887576,0.9644674836533963,0.006114486020869404,-0.007157650385228279,0.0013759182509562099,Walking,Washing Face
22.12,0.23898363242618365,-0.11151205633841887,-0.30707780923103495,-0.04424038215150944,0.025552061826336375,-0.16815219222965472,-0.024837132642898073,0.03943027729293582,0.9690025604336931,0.005807408211638369,-0.006918666752802095,0.0012644061946177909,Walking,Washing Face
22.14,0.3042028277552792,-0.12589834577452516,-0.2162414058941281,0.06968257018460013,0.09707573966249351,-0.05573703503897245,-0.01700644378607907,0.036930605298090016,0.9711259132912078,0.00559116680574424,-0.006614463925046815,0.0011385078488432658,Walking,Washing Face
22.16,0.5170992171751497,-0.12321694273545172,-0.285701903685838,-0.004947065859312482,0.0724626377464842,-0.05222627468212283,-0.015315564901999921,0.043736222808530824,0.9627148582888135,0.005305464902058403,-0.006097364707871666,0.001015290906107814,Walking,Washing Face
22.18,0.5345904883427938,-0.03222349485321365,-0.41548656492981173,-0.03370080196308274,0.006136613434170796,-0.039742167058077135,-0.02284610136307231,0.031787238677474475,0.9719713899275884,0.004889978337128591,-0.005562774219528873,0.0009830674112546005,Walking,Washing Face
22.2,0.4826460320968635,-0.03895593370223252,-0.40450937574611634,-0.022579476398049428,0.06350189373006915,-0.08038662003441259,-0.025911189318165315,0.045085753341425075,0.9642295256338682,0.004485468961382476,-0.005080128187432009,0.0009441114775523681,Walking,Washing Face
22.22,0.18465697954592739,0.21408021146148443,-0.508358736746347,-0.020792793565214133,0.05015812570736967,0.043597453951204575,-0.011978228595245752,0.033096944414449124,0.9590313728994176,0.003977110224636128,-0.004895471207886082,0.0011581916890138523,Walking,Washing Face
22.24,0.44682439356055503,0.16533262785550865,-0.29458447933519993,-0.024419148918669205,-0.0430164267600582,0.006542183148521523,-0.020657772332015108,0.03286837018349147,0.9650926523677145,0.0036825257453009285,-0.004448646814325527,0.0013235243168693612,Walking,Washing Face
22.26,0.3647823755971139,0.22843201642506414,-0.0189479978326271,-0.02676427258782802,0.05857695249570192,0.035309858031860666,-0.01484789486263493,0.03813587024681328,0.9626546263765935,0.003663577747468301,-0.0040838644387284125,0.0015519563332944252,Walking,Washing Face
22.28,0.07638025079001723,0.16716976004418876,-0.2914639150715008,-0.11819685552245678,-0.022155890754993884,0.1284895092792422,-0.02121129158643468,0.04945959931035938,0.9778544117762082,0.0033721138323968003,-0.004007484187938395,0.0017191260933386143,Walking,Washing Face
22.3,0.255222909778121,0.43030509263780126,0.10833176340673352,-0.02946643690963781,0.03941538132319551,0.12918607381574063,-0.022730912820592072,0.03923370370522985,0.9627835177025993,0.0034804455958035337,-0.0037522612781602733,0.0021494311859764155,Walking,Washing Face
22.32,0.11958424289684644,0.09341902346290981,0.03602114076614618,-0.07281820632953118,-0.002560252645824771,0.08929972269773798,-0.015574647283542952,0.03739249328121322,0.9625037222682413,0.0035164667365696796,-0.003632677035263427,0.0022428502094393255,Walking,Washing Face
22.34,0.09167450502561236,0.10055303396473927,-0.09020346526887524,-0.10344140022278324,-0.06478227928551586,0.14187343104519357,-0.024984901920061454,0.044201018940586284,0.9567360128924094,0.0034262632713008044,-0.003541002530237815,0.0023434032434040647,Walking,Washing Face
22.36,0.017406625074939484,0.4063617759557185,0.045256323968830864,-0.1234926385527698,-0.054097036312212715,0.044403043889179226,-0.015235625238776203,0.038990566221326926,0.9608092363356961,0.003471519595269636,-0.0035235959051628757,0.002749765019359783,Walking,Washing Face
22.38,0.14053238717979621,0.4445596476293249,0.18532543825207226,-0.05880639704346221,0.03026823632728554,0.17441946765901728,-0.01517362092769859,0.03268129013517127,0.958551487785264,0.003656845033521708,-0.0033830635179830787,0.0031943246669891077,Walking,Washing Face
22.4,-0.12760887424545606,0.33319336038728575,0.3489329771826289,-0.03031185930567982,-0.10089076395659423,0.18086324730163883,-0.012785715269553617,0.034143081710114334,0.9586054988320535,0.0040057780107043365,-0.0035106723922285355,0.003527518027376393,Walking,Washing Face
22.42,-0.15681835131276722,0.31802236735506445,0.28085410122293475,-0.11073245530836712,-0.10032194454923717,0.16277070413199468,-0.010532526816826225,0.03821252288799742,0.9616819238560306,0.004286632111927271,-0.0036674907435413026,0.003845540394731458,Walking,Washing Face
22.44,-0.32363478152424585,0.30323660291634624,0.43533848348468235,-0.03741160353934708,-0.04384115131936301,0.1323639280772781,-0.0225585040573889,0.046240139749757214,0.9583988824703018,0.004721970595411954,-0.003991125525065548,0.0041487769976478045,Walking,Washing Face
22.46,-0.31314635137659697,0.31601972737063994,0.37781981290151984,0.039567265572947735,-0.08316624893880763,0.08667968601154707,-0.01801474982572662,0.04080498938019707,0.9709499505493243,0.005099790408313473,-0.0043042718764421456,0.004464796725018444,Walking,Washing Face
22.48,-0.2905854919143944,0.2666832727800066,0.45832491053979046,0.03474087889168323,-0.029588577808868363,0.09863222929961261,-0.016604495272688546,0.038948850654616125,0.9550699691679753,0.005558115318853264,-0.00459485736835654,0.004731479997798451,Walking,Washing Face
22.5,-0.2701355078453768,0.17128625382236287,0.4317697472933859,0.003312712149630385,-0.08180035635222746,0.07490024088648468,-0.01662905827787079,0.03545526976231155,0.9685842216510938,0.005989885066146651,-0.004864992876201918,0.004902766251620814,Walking,Washing Face
22.52,-0.22656761857347493,0.12491840766194431,0.23455506845925253,0.07907956298470672,-0.08118469372657496,0.03366581940065541,-0.025823308470852527,0.03487274807048514,0.9632003797836725,0.006224440134605903,-0.005091560494775393,0.005027684659282758,Walking,Washing Face
22.54,-0.2792012336309973,0.03504169781607303,0.08594653992091329,0.11392538543510697,-0.12437366432722623,0.14323547623623722,-0.023590875139424407,0.04651952074003957,0.9686137276249388,0.006310386674526817,-0.005370761728406391,0.005062726357098831,Walking,Washing Face
22.56,-0.16052231332420983,0.05152865331762192,0.25580527332761127,0.04416589292831081,-0.11672177795545692,0.07984575128144238,-0.015913370577265256,0.04325122788279638,0.9644405604969625,0.006566191947854428,-0.0055312840417306,0.005114255010416452,Walking,Washing Face
22.58,-0.28280981645546044,-0.105584151053432,0.025607382561307554,0.11097814446087868,-0.061992660168531645,0.04404094758454487,-0.017033797004581488,0.0349292911874513,0.9680948163728502,0.006591799330415736,-0.005814093858186061,0.00500867085936302,Walking,Washing Face
22.6,-0.12482866918272678,-0.09742484431454596,0.00917701079043319,0.03386659840592278,-0.05440540500707854,0.11749926434459397,-0.011945719957160074,0.03205134783603151,0.9655599133347812,0.006600976341206169,-0.005938922527368788,0.004911246015048474,Walking,Washing Face
22.62,-0.12550347134490497,-0.25738865264040456,-0.23709204583368382,0.1446686191752895,-0.08217510147503246,0.003645087436415316,-0.009649813277368396,0.03615216473798601,0.9566836295079768,0.006363884295372485,-0.0060644259987136925,0.004653857362408069,Walking,Washing Face
22.64,-0.4847306101791049,-0.12072612045251124,-0.10970715164447392,0.07926581648915947,-0.05719778784893333,0.012353934192024357,-0.01794336047610794,0.04546858513766633,0.9595566916330547,0.00625417714372801,-0.006549156608892798,0.004533131241955558,Walking,Washing Face
22.66,-0.3051101175550255,-0.207685427652215,-0.3619173957647598,0.1007686053158933,-0.06995337298702141,-0.01375366398805646,-0.018264510838561718,0.043356777346697226,0.9630420620749777,0.005892259747963251,-0.006854266726447823,0.004325445814303343,Walking,Washing Face
22.68,-0.1456885193985775,-0.17947884241392867,-0.2660951570915028,0.08758824036019904,0.0033127191128790043,-0.0409397126778204,-0.010878689223838127,0.05248959361651298,0.9586991223389096,0.005626164590871749,-0.0069999552458464,0.004145966971889415,Walking,Washing Face
22.7,-0.18082832936999865,-0.09053025083084026,-0.42993420802205706,-0.014853306410854875,-0.06735585619582568,0.0033744591111858815,-0.023392844968889024,0.03592799803226774,0.9746259684675197,0.005196230382849692,-0.007180783575216398,0.004055436721058576,Walking,Washing Face
22.72,-0.2658934942911668,0.032128316305019305,-0.4298004378709925,0.05385306573112006,-0.11070155517762761,-0.08623262097025576,-0.025331006180764587,0.04283853384383497,0.9611004484941129,0.0047664299449786994,-0.007446677069507565,0.004087565037363595,Walking,Washing Face
22.74,-0.1407275254968331,-0.1784215065968147,-0.628897103803602,0.1020280420130591,-0.01423189867854035,-0.03707693461374243,-0.02297308603463099,0.0396953081755339,0.9479050032106494,0.004137532841175098,-0.007587404595004398,0.00390914353076678,Walking,Washing Face
22.76,-0.04364513581190859,-0.07263910691747512,-0.6144672607680459,0.1431028498924753,0.061001478134690965,-0.10857603220628619,-0.013070374811768048,0.038055332247896,0.9618845286256563,0.003523065580407052,-0.007631049730816308,0.0038365044238493047,Walking,Washing Face
22.78,-0.19709256991423524,-0.24465992329691139,-0.6126067994775812,0.07620531430381655,-0.014382601787843629,-0.039268968273900674,-0.020335193729220942,0.04357994700122304,0.9644223985505542,0.0029104587809294707,-0.007828142300730543,0.0035918445005523937,Walking,Washing Face
22.8,0.0315141000633376,-0.22035080374609659,-0.5935717973626091,-0.04101619510366935,0.03129642212337973,-0.04177029550748782,-0.019051349769039553,0.04398960281144483,0.964906691851943,0.002316886983566862,-0.007796628200667205,0.0033714936968062964,Walking,Washing Face
22.82,0.08289203425002999,-0.19762422805321922,-0.5694927362110555,-0.03368422170994901,0.026385426513584,-0.0562139660437234,-0.010805969800857216,0.04022572954881561,0.9634905629221597,0.0017473942473558062,-0.007713736166417175,0.0031738694687530773,Walking,Washing Face
22.84,0.11423371352298323,-0.01523495520027747,-0.42629879051135927,-0.06455284829286195,0.029222244114470303,-0.0015787372307005127,-0.021802893640480867,0.036736797769587645,0.9615907754984057,0.0013210954568444466,-0.007599502452894192,0.0031586345135528,Walking,Washing Face
22.86,0.06792063525729079,-0.08460664735540613,-0.3418750024086854,-0.06386904412802764,-0.04983988107675196,-0.049122411064176245,-0.01972811257799204,0.034426878363189584,0.9564604341004722,0.0009792204544357612,-0.007531581817636902,0.003074027866197394,Walking,Washing Face
22.88,0.32389276132237393,-0.015499822826939427,-0.29609825369258214,-0.07955938844457923,0.1375595415563643,-0.006319757896134754,-0.0224493644171884,0.041644324008419456,0.9613116841871046,0.0006831222007431791,-0.0072076890563145275,0.0030585280433704544,Walking,Washing Face
22.9,0.040813328691439776,-0.09531731345087338,-0.2797519649370731,-0.1541398536705666,0.10508879059182391,-0.03851593405620281,-0.012937825104387051,0.04245561484720353,0.9637594005897021,0.00040337023580610604,-0.007166875727623087,0.002963210729919581,Walking,Washing Face
22.92,0.2920692793675624,0.07288090990715865,-0.1668990012316071,-0.11687116143211917,0.08119914640359346,0.04516431536718559,-0.012787198168587883,0.03557752263625591,0.9689816332314738,0.00023647123457449888,-0.0068748064482555245,0.0030360916398267396,Walking,Washing Face
22.94,0.07600436552463141,0.06070186508546245,0.10063098732090406,-0.13509727713977554,0.18391957417684984,0.08124303427406422,-0.024748556815705085,0.028959953075523237,0.9626773244642772,0.00033710222189540297,-0.006798802082730895,0.003096793504912202,Walking,Washing Face
22.96,0.318372846440995,0.0337270988999783,0.27882842269174857,-0.07647103299918856,0.09243910113633183,0.06548686744421515,-0.017568213438158533,0.039628543933329374,0.9651426609284983,0.0006159306445871516,-0.006480429236289899,0.0031305206038121803,Walking,Washing Face
22.98,0.051331484055667176,0.20708396465852474,0.2082598565463406,-0.08137336101693568,0.0802290668292535,-0.07734074755174271,-0.01977806997616976,0.04637721144696806,0.9579275209143928,0.0008241905011334922,-0.006429097752234232,0.003337604568470705,Walking,Washing Face
23.0,0.1929852260603374,0.03835226943474408,0.29797575048915415,-0.1496901719172924,0.09660383523018583,0.13379671445472702,-0.017209846205133314,0.04804633425586524,0.9561198671687027,0.0011221662516226463,-0.006236112526173895,0.0033759568379054493,Walking,Washing Face
23.02,0.26998664303377734,0.11289895082893239,0.40425884353044306,-0.15957688460963199,0.06733802634634274,0.0355331259431369,-0.016786873658599908,0.03953320723358917,0.9551167822846727,0.0015264250951530895,-0.005966125883140117,0.003488855788734382,Walking,Washing Face
23.04,0.3460614227091741,0.13970457837620762,0.44009236945756525,-0.16665677405626944,0.09699322134356653,0.0674775340487181,-0.010134803730436289,0.042659141617761236,0.9627226278354963,0.0019665174646106543,-0.005620064460430943,0.0036285603671105887,Walking,Washing Face
23.06,0.2844963428367522,0.1812662651085387,0.5312627013800818,-0.11548566145120873,0.08574206497327339,0.05800098995384249,-0.0030732059135667386,0.03680271825771366,0.950699367260339,0.0024977801659907366,-0.005335568117594191,0.0038098266322191274,Walking,Washing Face
23.08,0.046024517038047275,0.16936320357959753,0.6965469852573645,-0.057427383096728485,0.11628403700032862,0.1233372512332228,-0.013438994146071494,0.03815434050677287,0.9666411193661192,0.0031943271512481007,-0.005289543600556144,0.0039791898357987255,Walking,Washing Face
23.1,0.26073347272631703,0.3304802917586318,0.47869684055634143,-0.09420636044074777,0.077392445622594,0.11711338354478078,-0.01594157664729701,0.04540894084557237,0.9742902863078905,0.0036730239918044416,-0.005028810127829827,0.004309670127557357,Walking,Washing Face
23.12,0.2746812666250309,0.16460523356778906,0.5593928124662109,-0.07666184223963352,0.10492199932132018,0.10684703605707749,-0.014773146911015042,0.03890400300309219,0.9603411346670141,0.004232416804270653,-0.0047541288612047965,0.004474275361125146,Walking,Washing Face
23.14,0.15131222672744174,0.05013432061771031,0.4974559414097737,-0.07173261148898763,0.004053421722727411,0.08261044651601386,-0.006138788521864287,0.040244614405916646,0.9529300369280106,0.004729872745680427,-0.004602816634477354,0.004524409681742856,Walking,Washing Face
23.16,0.041652121808473726,0.201354790555335,0.3705579440679072,0.04179712058602445,0.05339743565984106,0.017133353918490746,-0.012670730572327963,0.03441537286597107,0.9650333316325579,0.005100430689748334,-0.004561164512668881,0.0047257644722981905,Walking,Washing Face
23.18,0.18297349846867644,0.26717067483135787,0.4614075038566747,-0.005699009971039538,-0.012668276646177581,0.037078792011038114,-0.01695113762237427,0.040445165458223936,0.9679454871383937,0.005561838193605009,-0.0043781910142002035,0.0049929351471295486,Walking,Washing Face
23.2,0.039525026219902934,-0.006814285557225505,0.39612041313977225,-0.004440391283238262,0.056555085928003235,0.03592115786817847,-0.02365530904844074,0.04518536378461562,0.9596954996141452,0.0059579586067447805,-0.004338665987980301,0.004986120861572324,Walking,Washing Face
23.22,-0.2516542409666117,0.11355210807234145,0.29883299699861615,0.050916850721313245,0.03084424613247799,-0.022251829465025706,-0.015917344301960398,0.037474097562313825,0.950206702435651,0.006256791603743397,-0.004590320228946912,0.005099672969644665,Walking,Washing Face
23.24,-0.05819023845812899,0.06724784906185598,0.15892970793444272,0.09837915891801034,0.03731607955750769,-0.0712494865572955,-0.014307075479928343,0.03278775758652376,0.9657195158600397,0.006415721311677839,-0.004648510467405042,0.005166920818706521,Walking,Washing Face
23.26,-0.15348459657730917,-0.14282735903829472,0.12572022018279555,0.08780898445702846,-0.07512218495258911,-0.01344748215429708,-0.01045108128143505,0.03829335005612886,0.9533095649150253,0.006541441531860634,-0.0048019950639823505,0.0050240934596682265,Walking,Washing Face
23.28,-0.16966749623218574,-0.05025612613660551,0.1156346115989384,0.15766055339722318,-0.06346309662618588,-0.005477123604977459,-0.014141684793555718,0.039977583260775086,0.9641552766313806,0.006657076143459573,-0.004971662560214536,0.004973837333531621,Walking,Washing Face
23.3,-0.25210720881067405,-0.2388898606201024,-0.014390259916402012,0.10113978356289542,-0.066715306261378,-0.14274956975118308,-0.013246496875623766,0.03773548680884993,0.9616407841287793,0.0066426858835431715,-0.005223769769025211,0.004734947472911519,Walking,Washing Face
23.32,-0.15883941699300058,-0.06168893190297574,-0.08950458318753073,0.12679062594081958,-0.08226251306590279,-0.11573369166200721,-0.010000518550353256,0.036513054289913575,0.9624904122858535,0.0065531813003556405,-0.005382609186018211,0.004673258541008542,Walking,Washing Face
23.34,-0.37006041400487094,-0.37124789810978476,-0.1143134254818842,0.09151133278829371,-0.06605261489644969,-0.15954613179208724,-0.015400309908605614,0.03989814509275977,0.9549514957273052,0.006438867874873757,-0.005752669600023082,0.004302010642898758,Walking,Washing Face
23.36,-0.2281395917102426,-0.3454547239009512,-0.33899733015408656,0.2374922438028521,-0.07082467213758369,-0.16330277938231275,-0.01461853583859821,0.03947667192345319,0.9602198408025666,0.00609987054471967,-0.005980809191733325,0.003956555918997806,Walking,Washing Face
23.38,-0.3547896713348383,-0.3097763603758763,-0.2848869558404675,0.0845776986134699,-0.0638356274873614,-0.15719623390072296,-0.02259851908488031,0.03709252631347267,0.9666599519196711,0.0058149835888792025,-0.006335598863068163,0.0036467795586219293,Walking,Washing Face
23.4,-0.318300711690376,-0.34136789047741106,-0.30417587103022126,0.24746858524323992,-0.1266854947925055,-0.19720906170129665,-0.018557347758003807,0.04181962434516461,0.9603680392247088,0.005510807717848981,-0.006653899574758539,0.0033054116681445187,Walking,Washing Face
23.42,-0.44341377976460833,-0.39614874458283617,-0.5200734613135998,0.07330895390886134,-0.05872770633069229,-0.08046972423598613,-0.023021360833630194,0.036336443456877386,0.9588881467978431,0.004990734256535382,-0.007097313354523147,0.002909262923561683,Walking,Washing Face
23.44,-0.35705619856931065,-0.3217833139414802,-0.3158593362836779,0.17404883173582947,-0.03456462831100852,-0.105084952512369,-0.014450713150977483,0.029516769231901205,0.9606052614527113,0.004674874920251703,-0.007454369553092458,0.0025874796096202026,Walking,Washing Face
23.46,-0.2530957380714373,-0.27835424518334917,-0.0709662385991951,0.1367422968714193,-0.022672060899107248,-0.09364584448498775,-0.017146282810786978,0.04415246563155977,0.9565419047485424,0.004603908681652508,-0.007707465291163894,0.002309125364436853,Walking,Washing Face
23.48,-0.40366288950991996,-0.31125351172265414,-0.23405500547346678,0.1377977699118697,-0.04826224034453816,-0.034580672175638545,-0.014884798713814637,0.03525904542328691,0.9594996129318653,0.004369853676179042,-0.008111128180673815,0.001997871852714199,Walking,Washing Face
23.5,-0.4250749622204974,-0.1884598455375881,-0.039067784239161935,0.1855076778955427,-0.016424326187602725,-0.05418928984901892,-0.013672344489924939,0.04128469077485058,0.9697705810648182,0.00433078589193988,-0.008536203142894312,0.0018094120071766107,Walking,Washing Face
23.52,-0.48257209967582915,-0.36469825832088354,-0.38809531326182745,0.07287276363885291,-0.039021585153950725,-0.062197623686928334,-0.022298278923975567,0.038485215999644676,0.9586904231624057,0.003942690578678052,-0.009018775242570143,0.0014447137488557272,Walking,Washing Face
23.54,-0.33842181636057644,-0.1595554648278061,-0.08710316514761829,0.13525897526602532,0.03998052946710065,-0.016150591988784546,-0.01567323748270471,0.04200439409888186,0.9588549359490193,0.0038555874135304345,-0.009357197058930717,0.001285158284027921,Walking,Washing Face
23.56,-0.3400303853648937,0.049697997832024526,-0.04088351587102561,0.03258028077625637,0.02992752869545129,0.010373007715832694,-0.014829587938728394,0.035097614686886096,0.9710083303870638,0.0038147038976594086,-0.009697227444295612,0.0013348562818599455,Walking,Washing Face
23.58,-0.3489171702392045,-0.06900958371186337,-0.006629334626849767,0.03480183868932392,-0.01839417870893995,-0.036959712212294576,-0.00970083225588545,0.04027773047200454,0.9625171298596883,0.003808074563032559,-0.010046144614534817,0.001265846698148082,Walking,Washing Face
23.6,-0.39075691955520864,-0.19508445689076018,0.06738182434808712,0.01805730415762018,-0.017403657341541586,0.06727389617803921,-0.01638798044346368,0.038032038205909675,0.9612374189555659,0.0038754563873806464,-0.010436901534090026,0.001070762241257322,Walking,Washing Face
23.62,-0.2636112257817536,-0.11334786494170596,0.19423181770543493,-0.018365506649936192,0.04546702691767368,0.07814179250877874,-0.017280673418554392,0.042050776535769344,0.9573866161068826,0.004069688205086082,-0.010700512759871779,0.000957414376315616,Walking,Washing Face
23.64,-0.40255629047595254,0.029443164790942777,0.1296778351522405,-0.06336909678421895,-0.013806423314345218,0.06281913500760312,-0.01467211654971195,0.03984842770292461,0.9659680845834349,0.004199366040238323,-0.011103069050347731,0.0009868575411065587,Walking,Washing Face
23.66,-0.14750629576211474,0.04743576456493984,0.3535262996729429,-0.02181723774636291,0.04210872274901516,0.11607420040621577,-0.01691455649471109,0.03504441229675197,0.9618295357654407,0.004552892339911265,-0.011250575346109848,0.0010342933056714987,Walking,Washing Face
23.68,-0.10664049595778215,0.1653896743171671,0.31749847448236573,-0.08454579759884026,0.03422296657416385,0.024556719599562855,-0.0173931369810206,0.03244350660372615,0.9554449673169458,0.004870390814393631,-0.011357215842067628,0.001199682979988666,Walking,Washing Face
23.7,-0.20517048947429678,0.1325607967205742,0.4273349523676577,-0.08832592254323424,0.0016395657160926504,0.07952150078513302,-0.01711042746559395,0.033367331340912396,0.9682158561740737,0.0052977257667612895,-0.011562386331541925,0.0013322437767092402,Walking,Washing Face
23.72,-0.13494699119778453,0.15444773837008147,0.3422037657519688,-0.0996360642630771,0.040496923462629744,0.130132827811471,-0.001303684623031225,0.03800248608432657,0.9570586305908129,0.005639929532513258,-0.011697333322739709,0.0014866915150793217,Walking,Washing Face
23.74,0.0818896047433775,0.1298178608024509,0.2926233972607213,-0.0974917558510687,0.056940631991781815,0.19387953203158817,-0.015127622151032308,0.030625793907837758,0.9657561913248545,0.00593255292977398,-0.011615443717996332,0.0016165093758817727,Walking,Washing Face
23.76,0.14165114185819844,0.21774837403190603,0.08826206629398858,-0.1807153959778016,0.01894768208351125,0.1322773627426336,-0.01855202052459244,0.03794328376616669,0.9662346117472461,0.006020814996067967,-0.011473792576138134,0.0018342577499136786,Walking,Washing Face
23.78,0.08521027089021689,0.2085550016963488,0.168005841440394,0.019383137086917936,-0.005907409745932643,0.17508530921104506,-0.01003086741253873,0.034042215339314515,0.9563222861013004,0.0061888208375083615,-0.011388582305247918,0.002042812751610027,Walking,Washing Face
23.8,0.2560893324379243,0.2843548173179002,0.24768174043238655,-0.08890941539734573,0.06542461126219318,0.07897682664542878,-0.00974432443191441,0.03195906897071171,0.9668160235302732,0.0064365025779407475,-0.011132492972809993,0.002327167568927927,Walking,Washing Face
23.82,0.2048001128109593,0.33232036512461943,0.029588549137148194,-0.05007838190880879,0.08718246430239655,0.13685609639789306,-0.016705558880959676,0.03963973831568306,0.9629995674034192,0.006466091127077896,-0.010927692859999035,0.002659487934052547,Walking,Washing Face
23.84,0.34065286159379876,0.37306695326951145,-0.2667498462229819,-0.03852706789828666,0.0787703910764059,0.13100524505682526,-0.013839943113313356,0.04311718691271098,0.9491066662945521,0.0061993412808549146,-0.010587039998405235,0.0030325548873220585,Walking,Washing Face
23.86,0.18313735679701967,0.3906390190420168,-0.11655581679274929,-0.1078518638485913,0.0019144383984173253,0.057989559373580024,-0.013681074763025393,0.031060978044023226,0.9568563911004091,0.006082785464062166,-0.010403902641608218,0.003423193906364075,Walking,Washing Face
23.88,0.46100569061267227,0.3355169324568488,-0.06873385963152251,-0.10420836778268759,0.04231468192270802,0.004372986509562462,-0.015664515284727624,0.03064470841024149,0.9649834554153265,0.006014051604430643,-0.009942896950995544,0.003758710838820924,Walking,Washing Face
23.9,0.27447628694215814,0.23916336777711164,-0.161616140837226,0.009853746382097336,0.02965130664212725,0.06470860917343153,-0.011187755189818932,0.030270033594746996,0.9609535147203572,0.005852435463593417,-0.009668420664053386,0.003997874206598035,Walking,Washing Face
23.92,0.4838834938261655,0.3026022480743223,-0.31099444853147323,0.006553058750942791,0.004084988358936232,0.09951782308471846,-0.00820186256926671,0.037537336786936625,0.9665364980663781,0.005541441015061944,-0.009184537170227219,0.004300476454672357,Walking,Washing Face
23.94,0.3499673566112794,0.1650306372627728,-0.46524258310774536,0.03494647055606296,-0.019988620004186206,0.022056117716206317,-0.013511533355970537,0.04384855535101232,0.9585292110497939,0.005076198431954199,-0.008834569813615939,0.00446550709193513,Walking,Washing Face
23.96,0.33443585531575126,0.1672509933115951,-0.48910579466133497,0.08646543561065109,-0.006881060261619663,0.010307826334883561,-0.013316758487930897,0.039814106027852916,0.9590149299985877,0.0045870926372928635,-0.008500133958300187,0.004632758085246725,Walking,Washing Face
23.98,0.5544335064195749,-0.03493909565731948,-0.5451175951024694,0.09969495323082647,-0.06354544181827561,0.0641732261797208,-0.008857954389876318,0.039122334318068865,0.952876687945377,0.004041975042190394,-0.007945700451880613,0.004597818989589406,Walking,Washing Face
24.0,0.40218762639120964,0.13837931472919637,-0.7028243605606931,0.11234558025064588,0.0009742958504071839,-0.06265915539708351,-0.020869321367361113,0.03559864553979783,0.9621122883044975,0.0033391506816297014,-0.007543512825489403,0.004736198304318602,Walking,Washing Face
24.02,0.3575717423468336,-0.043725955599731386,-0.7637826090869538,0.08679841243405084,-0.0301706748855596,-0.07349730531651659,-0.016025740543728108,0.041067452889855666,0.9573658631658107,0.0025753680725427476,-0.00718594108314257,0.00469247234871887,Walking,Washing Face
24.04,0.3182286582916958,0.012352988861804803,-0.6022683035921312,0.08755092799936087,-0.010980040490071272,0.056593417230449854,-0.006038836155870505,0.03210001217735764,0.9543027280193512,0.001973099768950616,-0.006867712424850874,0.004704825337580675,Walking,Washing Face
24.06,0.3564659550122389,-0.0321175581204597,-0.5311310922194603,0.11802207783046079,-0.06481336595020347,-0.04954568133289927,-0.010233642960737263,0.034906678170654334,0.9677693818814174,0.001441968676731156,-0.006511246469838635,0.004672707779460216,Walking,Washing Face
24.08,0.15791823669124966,-0.24862868340363245,-0.26087500018353016,0.13952440691130732,-0.040698690402099225,-0.02823524017062099,-0.012522831673739226,0.03288564622884807,0.9620834773060397,0.0011810936765476257,-0.006353328233147386,0.004424079096056583,Walking,Washing Face
24.1,0.25641085635728794,-0.14566990556062281,-0.29444505376871105,0.17849587791247762,-0.13328869355550765,-0.039601188264957905,-0.011189220030763796,0.03555600510925332,0.9483870004714421,0.0008866486227789146,-0.006096917376790098,0.0042784091904959605,Walking,Washing Face
24.12,0.3093026036512128,-0.3345769795340421,-0.27545980667431874,0.0773287395589717,-0.10167838464206001,-0.0950766631684494,-0.00674887253002192,0.048374632190815274,0.9587389943284494,0.0006111888161045957,-0.0057876147731388845,0.0039438322109619185,Walking,Washing Face
24.14,0.15734947488735943,-0.3257976713331142,-0.07013589541343031,0.030019342814589817,-0.11168098941071615,-0.051200039512135295,-0.01826855726755739,0.03681704049239955,0.9639956333569067,0.0005410529206911654,-0.005630265298251525,0.0036180345396288043,Walking,Washing Face
24.16,0.3084677259592702,-0.3029459345367204,-0.1840933607309459,0.09487870071339152,-0.04364617986032963,-0.024418150409639974,-0.015109534436101722,0.03147861239319204,0.9575418818330399,0.0003569595599602195,-0.005321797572292255,0.0033150886050920844,Walking,Washing Face
24.18,0.15125032499708582,-0.18959832640281213,0.13239028259641725,0.05303241991757239,-0.09331269873161342,-0.11248715591094412,-0.015861818937384715,0.02386121352008086,0.9646359381371447,0.0004893498425566368,-0.005170547247295168,0.003125490278689272,Walking,Washing Face
24.2,0.15186766278424454,-0.1655966049500418,0.26643195320124136,0.0882165058724239,-0.03476895655734531,-0.05786083671190486,-0.01169283035166315,0.03050436383442222,0.9590892439508385,0.0007557817957578781,-0.005018679584510924,0.00295989367373923,Walking,Washing Face
24.22,-0.06618688592893296,-0.24724944673740928,0.1423211121254575,0.10092920778110252,-0.0170266025805483,0.007694358103068727,-0.008991978904143362,0.03310216363835266,0.9607625901891822,0.0008981029078833357,-0.005084866470439858,0.0027126442270018207,Walking,Washing Face
24.24,0.035335600758950286,-0.18745946769451877,0.3529960161423722,0.02305250172370213,-0.12262403349797274,0.0169346317309216,-0.013417834757487082,0.036983860277460034,0.9595816251266538,0.001251098924025708,-0.005049530869680907,0.002525184759307302,Walking,Washing Face
24.26,-0.1480528420414812,-0.12586816262741732,0.4681189337740901,-0.043542439704867916,-0.07121577249088927,0.025700614228023506,-0.022238797544546524,0.02678474738184125,0.9703911190835881,0.0017192178577997979,-0.005197583711722388,0.0023993165966798846,Walking,Washing Face
24.28,-0.19091374029819747,-0.25115792406394477,0.6145538785092224,-0.08892100091884511,-0.08852825318779922,0.005786483855183598,-0.018571320817342887,0.040649261642856184,0.9525749650454993,0.0023337717363090204,-0.005388497452020585,0.0021481586726159393,Walking,Washing Face
24.3,-0.03469135713071282,-0.10387814379869655,0.5165520385140344,-0.055598799319754436,-0.06407641637014717,0.03546034223362714,-0.014892063326744913,0.038669503178245274,0.9679570087356741,0.002850323774823055,-0.005423188809151298,0.002044280528817243,Walking,Washing Face
24.32,0.03637795564505927,-0.15170916461327086,0.5073137704662776,-0.0587314670509235,-0.06392278781327745,0.06564325707788836,-0.0030355451471733887,0.032559262202200276,0.9682343508165774,0.003357637545289333,-0.005386810853506239,0.0018925713642039721,Walking,Washing Face
24.34,-0.08689758695059313,-0.1371372647916885,0.3955504293439197,-0.0782948995642396,-0.03622055607296718,0.0434761720269839,-0.019121507824374405,0.03597904297256459,0.9470400757095431,0.0037531879746332524,-0.005473708440456832,0.001755434099412284,Walking,Washing Face
24.36,-0.27884604730165674,-0.08917611816932561,0.42377083320509346,-0.04724290862766286,-0.035115601337531624,0.08877883715379728,-0.020336731657502695,0.03257686019449083,0.9651120460358324,0.004176958807838345,-0.005752554487758489,0.0016662579812429584,Walking,Washing Face
24.38,-0.3128869673508583,0.12103779325830467,0.6766223443658432,-0.11856455688959754,-0.012912045381921141,0.0909363710012716,-0.008327475435816325,0.03457564818275557,0.9517909770838626,0.004853581152204189,-0.006065441455109347,0.0017872957745012628,Walking,Washing Face
24.4,-0.3963001398792575,0.009284389587470816,0.3878599838959322,-0.041202328904524244,0.056003525980408204,0.07881890447842826,-0.006850718353885605,0.04799658048726968,0.9661806191932238,0.005241441136100122,-0.006461741594988606,0.0017965801640887338,Walking,Washing Face
24.42,-0.15540093257727847,0.08479878520942857,0.39935862744219947,-0.1517335493795143,0.045829937274947656,0.09590328060117563,0.0005816043036254784,0.037759897093451136,0.9688655966901784,0.0056407997635423215,-0.006617142527565884,0.0018813789492981622,Walking,Washing Face
24.44,-0.13021554160606305,0.07235869279629711,0.42568172840793117,-0.05976379441775273,0.03605148540051291,0.07816085025883354,-0.004193409198988396,0.031020782540283363,0.9565785361630478,0.006066481491950253,-0.006747358069171947,0.0019537376420944593,Walking,Washing Face
24.46,-0.1555219089379258,0.17463361597845473,0.19139760913218673,-0.1087646813962349,-0.030708818338726393,0.06942122967965929,-0.00843410324192571,0.02965733539770319,0.9638341875313751,0.006257879101082439,-0.006902879978109873,0.0021283712580729137,Walking,Washing Face
24.48,-0.1587695611552965,0.0031421849828504878,0.017343989690125572,-0.14640697670201958,0.07340532485978497,-0.003620163425644739,-0.009078010707264566,0.028094412259927287,0.9526354609390382,0.006275223090772566,-0.0070616495392651695,0.002131513443055764,Walking,Washing Face
24.5,-0.24393807715600302,0.02561846635378648,0.07960741334031726,-0.18025780671305663,-0.049676206467573494,0.09274640235948126,-0.004985147306646865,0.0389406551340194,0.9528350686913243,0.006354830504112882,-0.007305587616421173,0.0021571319094095503,Walking,Washing Face
24.52,-0.2654147287483894,0.21736042311059495,-0.061781517697082955,-0.16009025005294153,0.09818938620420783,0.013027997511977465,-0.009321043363512168,0.04415575653431124,0.9603786388527048,0.006293048986415799,-0.007571002345169563,0.0023744923325201457,Walking,Washing Face
24.54,-0.17777393740088565,0.1526497035473952,-0.14229521559392297,-0.06720563296492318,0.0838212601646562,0.001843494653164383,-0.013769746433912506,0.038697821361350526,0.968146748916718,0.006150753770821876,-0.0077487762825704486,0.002527142036067541,Walking,Washing Face
24.56,-0.10211311725631565,0.08609730211288877,-0.16894554536690926,-0.10611254764592218,0.10751911101361647,-0.06621642739983642,-0.0033977925978115452,0.03608544246326528,0.963127537882578,0.005981808225454967,-0.007850889399826765,0.0026132393381804292,Walking,Washing Face
24.58,-0.37293196032972775,0.2758251213134678,-0.17993478443497035,-0.09783076744494441,0.1197017251621075,-0.023478757029045436,-0.01100416995845448,0.033101703437823204,0.9646245671490153,0.0058018734410199965,-0.008223821360156492,0.002889064459493897,Walking,Washing Face
24.6,-0.03175891024588031,0.19669617197301123,-0.22527310246517743,-0.035696559387559404,0.07735235668567804,0.04722933425327552,-0.017978044351821112,0.029906113579129697,0.9581971179990754,0.005576600338554819,-0.008255580270402373,0.003085760631466908,Walking,Washing Face
24.62,-0.1886726129761016,0.008939901507345194,-0.2730186651859191,-0.05037705545751206,0.04803598102203014,-0.055426586632911355,-0.007099230955690565,0.03392209006254742,0.953024895363149,0.0053035816733689005,-0.008444252883378476,0.0030947005329742534,Walking,Washing Face
24.64,0.17291791150267172,0.30989531418763605,-0.20487953681767515,0.02462578983607018,0.06294946616766009,-0.026393674060803396,-0.007844502211400638,0.026710686787622957,0.9640118219215119,0.005098702136551225,-0.008271334971875804,0.003404595847161889,Walking,Washing Face
24.66,0.06938256912659868,0.17094740268890163,-0.3864657102818768,-0.010499865540381754,0.08574496164299795,-0.15722541055250064,-0.0012911019436664638,0.0361018188504284,0.9530203214494342,0.004712236426269348,-0.008201952402749204,0.0035755432498507907,Walking,Washing Face
24.68,0.1439976885802885,-0.1085939379066325,-0.20890041535880577,-0.016185146144013503,0.042227370114421216,-0.1405184892588963,-0.006051357179518131,0.02756855344597279,0.9666026635697145,0.004503336010910543,-0.008057954714168916,0.0034669493119441584,Walking,Washing Face
24.7,0.15395678612875907,0.17118660036500033,-0.3973291862542668,0.03435031228479435,0.04661519359020449,-0.15927861549167285,-0.024203242229648148,0.030917117830764645,0.9576724179056351,0.004106006824656275,-0.007903997928040156,0.003638135912309159,Walking,Washing Face
24.72,0.20275547123690268,-0.01918417470205417,-0.23446843577809748,0.024364560530226446,0.011906650113743918,-0.08967590373164429,-0.006035323503097663,0.03900977376026924,0.964706448455648,0.003871538388878178,-0.007701242456803254,0.0036189517376071048,Walking,Washing Face
24.74,0.19079191757665578,-0.05058193617508736,-0.2038114235038672,0.074038344461461,-0.04893577138950436,-0.10905093593078868,-0.010997313720893888,0.03095322935694378,0.9632192819730784,0.00366772696537431,-0.0075104505392265975,0.003568369801432017,Walking,Washing Face
24.76,0.2125351072939047,-0.18483321344780113,0.11817984265325386,0.1541365674139735,0.021669545375720963,-0.10873372159977553,-0.001912485225400759,0.03901800898670114,0.9487995525362999,0.0037859068080275645,-0.007297915431932693,0.0033835365879842164,Walking,Washing Face
24.78,0.347718158628289,-0.09241422169370477,0.03774300610476816,0.08696340403776293,0.016389810371649206,-0.14865787064584446,-0.006327192744867081,0.036001487988792574,0.9521757384489498,0.0038236498141323324,-0.006950197273304404,0.003291122366290512,Walking,Washing Face
24.8,0.213597812962458,-0.11601390212884519,0.11330322706460691,0.18694874923455795,0.035758028308507946,-0.08142491443568188,-0.011412496791372026,0.029777917521462173,0.9587644718052795,0.003936953041196939,-0.006736599460341947,0.0031751084641616664,Walking,Washing Face
24.82,0.3207632464581185,-0.1285308616656865,0.0069859358385541415,0.15881911855804734,-0.004868785949178695,-0.10637970027507347,-0.006767441829267907,0.033614640515658815,0.972617813242293,0.0039439389770354934,-0.006415836213883828,0.00304657760249598,Walking,Washing Face
24.84,0.14794753832572582,-0.20482761865629787,0.32122476308154435,0.07237339226037638,-0.037708421129760236,-0.07979364845623374,-0.008348554055008213,0.03092031938568622,0.9557589869744342,0.004265163740117038,-0.006267888675558102,0.002841749983839682,Walking,Washing Face
24.86,0.37598992894615696,-0.10052018443616262,0.17218870261011143,0.1799073729019375,-0.01403986821492664,-0.06206645553158891,-0.015423879497667912,0.03163833239253732,0.9600044131973254,0.004437352442727149,-0.0058918987466119455,0.002741229799403519,Walking,Washing Face
24.88,0.16027812822617787,-0.3315342921923086,0.29624757600238555,0.13838195763626618,-0.0005786706056260613,-0.07911188878385178,-0.004515057139459742,0.03216909193258453,0.9648742923650345,0.0047336000187295346,-0.005731620618385767,0.0024096955072112104,Walking,Washing Face
24.9,0.17096518858525525,-0.28358204670751774,0.45313732133846274,0.15017689099178014,-0.010268201382956206,0.02539621704768521,-0.004207618348489332,0.029826676431174093,0.9626440545963647,0.0051867373400679975,-0.005560655429800512,0.0021261134605036927,Walking,Washing Face
24.92,0.33124445231357846,-0.24768395106763325,0.3000500070724735,0.17071704199540302,-0.045210226631865254,0.013257180182312278,-0.0005625892482101994,0.03328594064195631,0.9629235921519735,0.005486787347140471,-0.005229410977486933,0.0018784295094360596,Walking,Washing Face
24.94,0.15651205560482742,-0.32704020985487436,0.2581574596350654,0.17923524639305805,-0.0323399994003249,0.015097680606691822,-0.005252624873581264,0.03358536477848987,0.9681898797113928,0.005744944806775537,-0.0050728989218821055,0.0015513892995811852,Walking,Washing Face
24.96,0.016409945333241638,-0.3606005032954134,0.2805073867504846,0.20886178453873167,-0.054486788869969195,0.005428764719912776,-0.008607123105399595,0.028996768275154933,0.9645430567428214,0.006025452193526022,-0.005056488976548864,0.0011907887962857718,Walking,Washing Face
24.98,0.06423419014702848,-0.25433065687456946,0.44422034447887165,0.15700810722750197,-0.03861812506456782,0.054652035939810634,-0.017498570330217122,0.03546683996162293,0.9603921879939946,0.006469672538004893,-0.004992254786401836,0.0009364581394112023,Walking,Washing Face
25.0,0.1595110240020783,-0.42899957882459105,0.18037627040737875,0.0250417807266282,-0.08339015533474174,0.06804434957875759,-0.009455488189198025,0.033917595960038585,0.9657890010457034,0.0066500488084122724,-0.004832743762399757,0.0005074585605866112,Walking,Washing Face
25.02,0.02706233855778032,-0.23084443922161044,0.10678668832232123,0.07612194137126688,0.05288285931772288,0.12553387595888407,-0.005566446942691137,0.029223804637417083,0.966457755494427,0.006756835496734594,-0.004805681423841977,0.0002766141213650008,Walking,Washing Face
25.04,0.2133339238365139,-0.03479398963682359,0.17792450728181175,0.13757410151811486,-0.025897984232831663,0.04007891835439032,-0.002877224349059717,0.03399510303569948,0.9590402208669657,0.006934760004016407,-0.004592347500005463,0.00024182013172817718,Walking,Washing Face
25.06,-0.17854829312928605,0.00428550915221107,0.015395013004954695,0.02580589980862806,-0.018722233408911947,0.1648944434333352,0.004904492561342121,0.02489330605652688,0.96725943483411,0.00695015501702136,-0.0047708957931347495,0.00024610564088038824,Walking,Washing Face
25.08,-0.008408561219589432,0.03576133778714466,-0.20012548779687533,0.04145948803645423,-0.12705271129783904,0.0829816220263991,-0.0098771457443943,0.02465879716453858,0.967996424717819,0.006750029529224485,-0.004779304354354339,0.00028186697866753284,Walking,Washing Face
25.1,-0.08006820687961709,-0.1549115518950198,-0.15858177430654072,-0.02824765392992549,-0.02135511985087206,0.029680873750485205,-0.0015316315433003104,0.02795400997159808,0.966874220971395,0.006591447754917944,-0.004859372561233956,0.00012695542677251307,Walking,Washing Face
25.12,-0.09147447930251013,0.07693436762690095,-0.26454821206072693,-0.02175742592685309,0.013821553760439375,0.18548648490253491,-0.013603957099448411,0.03137287546599498,0.964222177884128,0.006326899542857218,-0.004950847040536467,0.00020388979439941405,Walking,Washing Face
25.14,-0.25421142668639385,0.030168323955982915,-0.23922709109715234,-0.04482301093069565,-0.06780440363828447,0.13223377461008615,-0.011461897196071776,0.0315653835326182,0.9592573795868594,0.006087672451760065,-0.00520505846722286,0.00023405811835539695,Walking,Washing Face
25.16,-0.4248081291531022,0.27856418529473936,-0.2827996067902686,-0.14518694893928047,-0.034954783426336025,0.10847809418658005,-0.000941166601860827,0.03287605507742053,0.9628280108800806,0.005804872844969796,-0.005629866596375962,0.0005126223036501363,Walking,Washing Face
25.18,-0.28945065325558195,0.18524844386617803,-0.5919253424811279,-0.05804420353835255,0.0679865569511366,0.11709327433777694,0.0015557609135625544,0.03565926211505151,0.9636788380731707,0.005212947502488669,-0.005919317249631544,0.0006978707475163143,Walking,Washing Face
25.2,-0.4456337319068086,0.3081746433470673,-0.5468786103299071,-0.12741529367998666,0.02621070442677937,0.12892093738981827,-0.004973631198851797,0.029913810618103928,0.9561810618511549,0.004666068892158762,-0.006364950981538352,0.0010060453908633815,Walking,Washing Face
25.22,-0.5073876498390192,0.26062666938549506,-0.4805397899457923,-0.07560949840043488,0.0015165716912073236,0.012316132073169927,-0.004309316534563793,0.02557933407612279,0.9670371207580448,0.0041855291022129685,-0.006872338631377372,0.0012666720602488768,Walking,Washing Face
25.24,-0.44133906100621373,0.22386524060740537,-0.6098418201482358,-0.10890363104236768,0.006407470663170243,0.09413695508510227,-0.009732180289535347,0.029967912789722766,0.9618618440074373,0.0035756872820647333,-0.0073136776923835856,0.0014905373008562818,Walking,Washing Face
25.26,-0.44992810244287285,0.2805723988975117,-0.6258739713072787,-0.054916088305693805,-0.002128037880030907,0.07163227717851041,-0.0039099590012490765,0.029424945743959995,0.9555841650703802,0.0029498133107574544,-0.007763605794826459,0.0017711096997537938,Walking,Washing Face
25.28,-0.3977198182620852,0.17487773363024087,-0.532837630645041,-0.123802216684756,-0.01351245253135997,0.027895681268546392,-0.0025947446202401526,0.02816345695543733,0.9578371975084607,0.0024169756801124135,-0.008161325613088544,0.0019459874333840348,Walking,Washing Face
25.3,-0.456279669329545,0.27315705257822914,-0.39047030211965555,-0.04756812527042316,0.014520301246637323,0.01642484988478407,-0.014342910887067356,0.029461285076268568,0.960716154775202,0.002026505377992758,-0.008617605282418088,0.002219144485962264,Walking,Washing Face
25.32,-0.5373257543291089,0.15574028769290985,-0.39259495510404996,-0.0249974071297263,0.10308591245179123,0.027882764580937316,-0.016736520984661843,0.02285583967930633,0.9503927489077022,0.0016339104228887081,-0.009154931036747197,0.0023748847736551736,Walking,Washing Face
25.34,-0.5102578365624622,0.34788017531727683,-0.483297870726905,-0.029941652402607613,0.06386387505011243,0.009710400751611772,-0.0035340028718076053,0.025958806475098118,0.9689775354651615,0.0011506125521618027,-0.00966518887330966,0.00272276494897245,Walking,Washing Face
25.36,-0.4613002942661392,0.26669246207054437,-0.20141543486503174,-0.04021712154901204,-0.001315321648805011,-0.044634987554678665,-0.013157336854992199,0.030101369680436557,0.9560307191123095,0.000949197117296771,-0.010126489167575801,0.002989457411042995,Walking,Washing Face
25.38,-0.4259386720325395,0.2469556275094711,-0.1440864827579821,0.040793324506383705,0.13213804683824532,-0.0777402535285895,0.0007022558044583477,0.03132321173735389,0.9651355375173305,0.000805110634538789,-0.01055242783960834,0.003236413038552466,Walking,Washing Face
25.4,-0.4787360495598177,0.3294089881009577,-0.04219526677733977,-0.0073982722675469716,-0.03001011695379093,-0.05277720787125118,-0.007318053274582894,0.030860164280846286,0.9595124337400058,0.0007629153677614492,-0.011031163889168158,0.003565822026653424,Walking,Washing Face
25.42,-0.379120621129794,0.2449009189985102,0.11346506211160452,0.06014969406770309,0.0439818290979121,-0.03784947658253384,0.0007495766846897754,0.02753244605537892,0.9617728023554196,0.0008763804298730538,-0.011410284510297951,0.003810722945651934,Walking,Washing Face
25.44,-0.3636210634235693,0.005806388943932844,0.2975262189001946,0.05221881554673776,0.006509761912239465,-0.01167706982709084,-0.005133296480422219,0.030885073090081313,0.9601976296271795,0.0011739066487732482,-0.01177390557372152,0.003816529334595867,Walking,Washing Face
25.46,-0.2503170257684855,0.3980829192266989,0.3325026448262989,0.04220311736822269,0.031175584997361155,0.023651687548945165,0.00571156003116521,0.03310042130896908,0.9572701297652029,0.001506409293599547,-0.012024222599490006,0.004214612253822566,Walking,Washing Face
25.48,-0.08743970041905161,0.05174792530000821,0.37213110956450757,-0.010470040379628284,0.011149540152765381,-0.03528513637778983,-0.010729055685208277,0.03612966075058455,0.9579437128484208,0.0018785404031640548,-0.012111662299909058,0.004266360179122574,Walking,Washing Face
25.5,-0.20209697050274744,0.07654283181651612,0.31367117246283194,0.05598528505895102,0.027414491306850572,-0.030411589715932587,0.0003066646806797668,0.03213223449824254,0.9599926431499283,0.0021922115756268868,-0.012313759270411805,0.004342903010939089,Walking,Washing Face
25.52,-0.16946442945039025,0.043283092310335475,0.4581106971344589,0.02779943246599148,-0.0597043995989572,-0.037648229154258625,0.006831064043702647,0.033561288602447246,0.9550115813536516,0.0026503222727613457,-0.012483223699862194,0.004386186103249425,Walking,Washing Face
25.54,-0.13780938754232386,0.044142557095147625,0.6381052309332116,0.22422414671524002,0.09849777379526752,-0.009947413183715439,0.0016242539009295402,0.021992868709662137,0.9595325769039219,0.003288427503694557,-0.012621033087404518,0.004430328660344572,Walking,Washing Face
25.56,-0.01158629272261348,-0.057619735575631034,0.5502090183416631,0.10929906644376089,0.01537979680136912,-0.010024766945555154,-0.003173351286704619,0.03078138887615816,0.9611729833174545,0.00383863652203622,-0.01263261938012713,0.004372708924768941,Walking,Washing Face
25.58,-0.061805530753346785,-0.1990353071778953,0.6391361566406196,0.07770904342070648,-0.06502245701391489,-0.02290440803925193,-0.002570647142200168,0.019746557271184115,0.959863993278948,0.00447777267867684,-0.012694424910880478,0.004173673617591046,Walking,Washing Face
25.6,0.14749490607723015,-0.08555190106033198,0.7211059143766799,0.08499136824117323,-0.07905108976440715,0.004787395254686105,-0.002584354415197868,0.027388088064124964,0.9548010676943413,0.00519887859305352,-0.012546930004803248,0.004088121716530714,Walking,Washing Face
25.62,-0.05243889924537523,-0.10162516099737329,0.6862550037569364,0.15972173546885704,-0.017002556057552364,0.04712105306551915,0.004024576985275082,0.013234261760167731,0.9536933636624337,0.005885133596810456,-0.012599368904048622,0.003986496555533341,Walking,Washing Face
25.64,0.3214458679139841,-0.1469092244146478,0.45044454967051184,0.14089290074298955,-0.09152887705758607,0.022550053766736043,-0.006530572708960312,0.02062782928087257,0.9481577674289305,0.006335578146480968,-0.012277923036134638,0.0038395873311186934,Walking,Washing Face
25.66,0.3004359837122349,-0.16175553920298938,0.3291604151038136,0.04168519022620321,0.043930818304285024,0.031317905606649585,-0.0017070363506190877,0.033792067997448764,0.9699710326793067,0.006664738561584781,-0.011977487052422403,0.0036778317919157043,Walking,Washing Face
25.68,0.35424739602003186,-0.18635630967268013,0.3017179860684905,0.08997788117338645,-0.013508523294509049,0.08305731528743564,0.0026241626092693253,0.025101005629464507,0.9598399777472196,0.006966456547653272,-0.01162323965640237,0.0034914754822430237,Walking,Washing Face
25.7,0.27853107015962547,-0.2950365850332479,0.2245187688030435,0.03033862512085004,-0.07561124596246795,0.04296316226543947,-0.007330829349069106,0.023830747779061266,0.9574030295420509,0.007190975316456315,-0.011344708586242746,0.0031964388972097755,Walking,Washing Face
25.72,0.4925806675336792,-0.18191982983528235,0.1452036752314597,0.08786414768395191,-0.09124723198806584,0.07825613110708406,-0.004965411428991831,0.03247709538412908,0.9586973166437633,0.007336178991687776,-0.010852127918709068,0.0030145190673744934,Walking,Washing Face
25.74,0.3846543094972718,-0.23878828623592313,-0.015995223166659793,0.04567752686338389,-0.14599389359408424,0.0723253535645746,-0.005326189722954899,0.023518910057680642,0.9621800190595993,0.007320183768521116,-0.010467473609211797,0.00277573078113857,Walking,Washing Face
25.76,0.518459584748418,-0.23455853964995216,0.009908313985820157,-0.05943448748470845,-0.07505345651118735,0.10145098219457606,-0.005571290729706224,0.02173947127998255,0.9534917984881566,0.007330092082506935,-0.009949014024463378,0.002541172241488618,Walking,Washing Face
25.78,0.5568637114257275,-0.04795879069865734,-0.1349632638698661,-0.004703293056688623,-0.07759522494745444,0.11483515316192049,-0.0010403857777521058,0.02729807402228747,0.9569532775177909,0.007195128818637069,-0.009392150313037652,0.002493213450789961,Walking,Washing Face
25.8,0.6439435857771487,-0.1584674449285612,-0.09936413666876429,0.034944633262891045,-0.0961796991733768,0.07670010428432886,0.007887874016870678,0.028576139989320282,0.9557405384877949,0.007095764681968305,-0.008748206727260502,0.0023347460058614,Walking,Washing Face
25.82,0.6021514658553799,-0.169424146820985,-0.3493733401412208,-0.1297587921413512,-0.10765804611086317,0.08543460977966641,-0.0027909462192413003,0.027014246042301446,0.9587731756133502,0.006746391341827084,-0.008146055261405123,0.0021653218590404148,Walking,Washing Face
25.84,0.3660915036215782,-0.16085552563792405,-0.1945140708488656,-0.14987076550902959,-0.03186945406404683,0.03515405090180367,-0.007349891051989056,0.02145531983672408,0.9584804284360748,0.006551877270978218,-0.007779963757783544,0.002004466333402491,Walking,Washing Face
25.86,0.49309442428443184,0.008719434111352226,-0.40024474393593185,-0.04668065727403967,-0.07192828069107744,0.040409120467144136,-0.001879074906234951,0.017785351951735716,0.9632700195889415,0.006151632527042286,-0.007286869333499112,0.002013185767513843,Walking,Washing Face
25.88,0.4955404596409165,0.052836593857714886,-0.22888363263895461,-0.09172235079475174,-0.1278946880104188,0.025379095402471054,-0.007828659462389415,0.021309811387245917,0.9571720361459581,0.005922748894403332,-0.006791328873858197,0.002066022361371558,Walking,Washing Face
25.9,0.38123476934589895,0.015049359482060341,-0.22644532567527098,-0.06315508353434107,-0.08799123728607605,-0.027609204744728506,-0.006777841404403646,0.023493518186410073,0.9614420254689467,0.005696303568728062,-0.006410094104512297,0.002081071720853618,Walking,Washing Face
25.92,0.2975448949899031,0.10531330380558074,-0.19900894785231354,-0.10538247946278617,-0.024102792428073654,0.00844057978071835,0.001794226435767007,0.0184778072784525,0.956209168750855,0.005497294620875749,-0.006112549209522394,0.002186385024659199,Walking,Washing Face
25.94,0.33360023108660947,0.20094228457987773,-0.14746138294080188,-0.09082604168823732,-0.0858411133978094,-0.055300770197287415,0.001786822714703825,0.021247435557799198,0.9573110251091839,0.005349833237934947,-0.005778948978435785,0.002387327309239077,Walking,Washing Face
25.96,0.09003884263017442,0.11757705506086244,-0.2647427094973985,-0.2317117219844635,-0.07375803521252686,-0.05557444306148456,0.0068145474890520434,0.021230741688362045,0.9594949504605693,0.0050850905284375485,-0.005688910135805611,0.0025049043642999397,Walking,Washing Face
25.98,0.21033326316967593,0.17505859506425195,-0.08202527182861633,-0.14717617487580098,0.04483837037870543,-0.09817038204844242,0.00013947905799349485,0.025922274860284394,0.9682351101605065,0.005003065256608932,-0.005478576872635935,0.0026799629593641915,Walking,Washing Face
26.0,0.2225118259578594,0.17888260936498263,-0.2066839644386133,-0.15011209118065097,-0.01773186766296672,-0.06060796581302553,-0.0034355330544289806,0.01957972722116315,0.9566908234843746,0.004796381292170318,-0.005256065046678075,0.002858845568729174,Walking,Washing Face
26.02,0.20204329488014378,0.2988701748873867,0.10575572802185995,-0.0854673648882451,-0.014772416385126172,-0.11655816438633008,0.00797316258587521,0.02576894158528251,0.9587765287354786,0.004902137020192179,-0.005054021751797932,0.003157715743616561,Walking,Washing Face
26.04,0.2176938886388871,0.2782333585961158,0.038804984514414304,-0.08949912617332849,-0.03145382393044338,-0.046705214634955375,-0.002653539878229918,0.011570365435916987,0.9617679166938508,0.004940942004706593,-0.004836327863159044,0.0034359491022126765,Walking,Washing Face
26.06,-0.09883155729924767,0.23941032143579816,0.12602255167079596,-0.08660279929075092,-0.04757632504347692,-0.1659100864844546,-0.006355723789892782,0.01184793963005375,0.961927473234257,0.005066964556377389,-0.004935159420458291,0.0036753594236484752,Walking,Washing Face
26.08,0.0325477280635922,0.11959572686378322,0.1460567718379796,-0.06293475825431899,0.09187118116336207,-0.10696566563237105,0.0011528004520645774,0.014906645244551353,0.9546170912258221,0.00521302132821537,-0.004902611692394698,0.003794955150512258,Walking,Washing Face
26.1,-0.08498375937888591,0.10983354241736173,0.2200942183647165,-0.02285424977863789,0.00387887492366495,-0.07418757105648102,0.0023067923898596487,0.022580631917937875,0.9649418131519245,0.0054331155465800855,-0.004987595451773585,0.00390478869292962,Walking,Washing Face
26.12,-0.05647247949827652,0.13425479126383283,0.33354977415635273,-0.023228655115878953,-0.002097302809130665,-0.09376487192411191,0.003701910733648359,0.025559486489936972,0.9580650638006432,0.005766665320736438,-0.005044067931271862,0.004039043484193453,Walking,Washing Face
26.14,-0.05140793945767855,-0.037713390638362404,0.3773388086764183,0.06527364566011792,0.004988691280407931,-0.10866183647032442,0.0031918235880093026,0.021781594706337212,0.9675658331588964,0.006144004129412857,-0.005095475870729541,0.004001330093555091,Walking,Washing Face
26.16,-0.3858302969932912,-0.20231197124452766,0.22569207713838488,0.030384871912500076,0.05045452697689998,-0.0386404698272458,-0.009436867448688633,0.021682444327427258,0.9546762735899571,0.006369696206551242,-0.005481306167722831,0.003799018122310562,Walking,Washing Face
26.18,-0.1697225449385657,0.07308405530436962,0.4087804170706197,0.0395572023703048,0.08102109608470613,-0.06527494873931963,0.007318029397560097,0.019300787604500262,0.9627607899400498,0.006778476623621861,-0.0056510287126613976,0.003872102177614932,Walking,Washing Face
26.2,-0.0017103645503665776,0.004981448418614941,0.36708008709315054,0.06087751823903596,0.12425053685275543,-0.07453783572674129,-0.003752997734303002,0.01625040136672011,0.9588537510462146,0.007145556710715012,-0.005652739077211764,0.0038770836260335474,Walking,Washing Face
26.22,-0.26187461851618926,-0.03629029694325917,0.4487551203020764,0.11688723403959565,0.08207661554100235,-0.09179294399071775,-0.0012009777427307703,0.016534749080262857,0.9695534589096771,0.007594311831017088,-0.0059146136957279535,0.0038407933290902883,Walking,Washing Face
26.24,-0.38282213319629943,-0.11064470332213619,0.28698356250422113,0.1329379181167437,0.06752335808059631,-0.05396952866338111,-0.0008377963983488128,0.02726512011044266,0.9649143451297107,0.00788129539352131,-0.006297435828924253,0.0037301486257681517,Walking,Washing Face
26.26,-0.05527624757632302,-0.2992421592750256,0.11339728288534925,0.15074432397060689,0.06868658893518996,-0.015351031618351716,-0.002541493981424145,0.02554749034529776,0.9617704626052684,0.007994692676406658,-0.006352712076500575,0.0034309064664931263,Walking,Washing Face
26.28,-0.3056875671763234,-0.19858349707191864,-0.08979108596199117,0.09711235849584945,0.061589822739139946,0.07378343742696049,-0.0019053459865188936,0.01926730774105767,0.9721357291237278,0.007904901590444666,-0.006658399643676899,0.003232322969421208,Walking,Washing Face
26.3,-0.4148052872951487,-0.08968823432180795,-0.03512840920709055,0.1748901127759956,0.07880257071446002,-0.001138939866656476,0.0027027242056602077,0.01287344363811909,0.9568543508867584,0.007869773181237575,-0.007073204930972048,0.0031426347350994,Walking,Washing Face
26.32,-0.2883101597126868,-0.20154086633489812,0.0630842847257862,0.14134796965133184,0.09047768749116661,0.07240210661923405,-0.012477036001053371,0.024587392847944797,0.964017486497728,0.007932857465963361,-0.007361515090684734,0.002941093868764502,Walking,Washing Face
26.34,-0.22602333091647708,-0.3418313891171999,-0.2597338440553168,0.14315907999771613,0.10287890109161535,0.08200353275693166,0.0018084761480489568,0.01475957397282917,0.9607528807720717,0.007673123621908045,-0.007587538421601212,0.002599262479647302,Walking,Washing Face
26.36,-0.12107001218259505,-0.24472681520653117,-0.24761281767608478,0.15965022382654,0.11511638295352371,0.11193021156564371,-0.0010353508749803286,0.01716647395832039,0.9587711540197806,0.007425510804231961,-0.007708608433783806,0.002354535664440771,Walking,Washing Face
26.38,-0.1983862633092192,-0.38318506522746587,-0.2448148660534522,0.18352316468621696,0.04396937997539731,0.1308759753240993,0.008734298628023943,0.017457083125379348,0.966518147829646,0.007180695938178508,-0.007906994697093026,0.001971350599213305,Walking,Washing Face
26.4,-0.20710452282679817,-0.271652742392672,-0.3920459079162064,0.10657902935471393,0.09178047936381398,0.0707821916586693,-0.00023263860411621134,0.02208844205357098,0.9608418821619167,0.006788650030262302,-0.008114099219919823,0.001699697856820633,Walking,Washing Face
26.42,-0.0583502757319576,-0.4018061609496807,-0.6085262278732444,0.07302275810504943,0.03319421513151591,0.1662571622573339,0.0037671952978909433,0.016903565710182412,0.963495318637765,0.006180123802389057,-0.008172449495651782,0.0012978916958709525,Walking,Washing Face
26.44,-0.03666680490482929,-0.23933485134617027,-0.5698437576357434,0.1287684299970569,0.02345427465414131,0.10674511348915645,0.0016614609685179963,0.015890809594157465,0.9629901245875448,0.005610280044753314,-0.008209116300556612,0.001058556844524782,Walking,Washing Face
26.46,-0.26023891821856127,-0.4348806834269213,-0.6404471577618598,0.06577642197669765,0.037612545078548325,0.12534945556178456,-0.005063868547243376,0.012997015317480994,0.9598459205389205,0.0049698328869914555,-0.008469355218775173,0.0006236761610978606,Walking,Washing Face
26.48,-0.07177052154145938,-0.22533052805224452,-0.57976650661076,0.11913852292089142,-0.006059599775444087,0.15580577116588712,0.00452650996282718,0.01972706144685052,0.9677814746981241,0.0043900663803806955,-0.008541125740316633,0.0003983456330456162,Walking,Washing Face
26.5,0.1332295975300436,-0.3448121442821942,-0.6231601015999072,0.1077710517449928,-0.04606359506936643,0.08471250961780315,0.0016000755713243262,0.016774874468811547,0.9672680049925947,0.003766906278780788,-0.00840789614278659,5.3533488763421904e-05,Walking,Washing Face
26.52,0.1209308703764356,-0.263954198652751,-0.6204457342275003,0.11745125498637242,-0.07892553442867269,0.09697541961344489,0.004764207414529103,0.023514264866405846,0.9595794700703654,0.0031464605445532877,-0.008286965272410154,-0.0002104207098893291,Walking,Washing Face
26.54,-0.032666580979946985,-0.1268555189937664,-0.2999987211753281,0.03184965454002788,-0.09953496188727909,0.1351928848443953,8.095836616499948e-05,0.018581647885739017,0.9481829612208482,0.0028464618233779593,-0.0083196318533901,-0.0003372762288830955,Walking,Washing Face
26.56,0.18664195044593962,-0.3068547110297698,-0.5381847304918626,0.10316191874112207,-0.04314258567470155,0.06942043753597767,-0.0019204966372994591,0.02314791913184889,0.9531611865836359,0.002308277092886097,-0.00813298990294416,-0.0006441309399128653,Walking,Washing Face
26.58,0.22151867925386098,-0.039921908184869175,-0.3258070542762658,0.030143735130994675,-0.11964027209281158,0.1456831405073869,0.0013666636596484662,0.01345820097440728,0.9619610664853772,0.0019824700386098307,-0.0079114712236903,-0.0006840528480977345,Walking,Washing Face
26.6,0.1953599646577047,-0.028435322183197335,-0.23574091701482872,-0.059600032552582886,-0.0030403820873450534,0.05937629205012467,-0.0003057164605420764,0.02346658991804226,0.9634383893114278,0.001746729121595002,-0.007716111259032595,-0.0007124881702809319,Walking,Washing Face
26.62,0.29025429234869693,-0.18119908764596107,0.03139282578295499,-0.1163121957694243,-0.015088617967205314,-0.01700645610316452,-0.0019119184531667362,0.0175310572706615,0.9510087422955004,0.001778121947377957,-0.0074258569666838985,-0.0008936872579268928,Walking,Washing Face
26.64,0.2737999981033451,0.20428849118965306,0.05167649923219565,0.0002870358319262238,-0.0576242908840363,0.016959182293119476,0.00198558238123433,0.02662198157324215,0.958417049334803,0.0018297984466101526,-0.007152056968580553,-0.0006893987667372398,Walking,Washing Face
26.66,0.28931672851809814,0.2530573505053056,0.08278919597166473,-0.0945876955201162,0.010411436441947752,0.04521705375352828,0.007485191445274621,0.021698337405692422,0.96459137990734,0.0019125876425818173,-0.006862740240062455,-0.00043634141623193415,Walking,Washing Face
26.68,0.34096374052356787,0.12414673509167638,0.220576117788828,-0.07565415270341071,-0.0992582171990682,-0.020946344289050137,0.001736457598381,0.012339204507848912,0.9561588112670052,0.0021331637603706453,-0.006521776499538887,-0.0003121946811402578,Walking,Washing Face
26.7,0.1670066375088737,0.2758158954537887,0.3469163602939025,-0.046044969072801215,-0.02759283738950282,-0.10238835661353658,0.002812328206447383,0.017042857625603865,0.9595134431291854,0.0024800801206645478,-0.006354769862030013,-3.6378785686469074e-05,Walking,Washing Face
26.72,0.10752326515317148,0.12114790526851693,0.4419224339048531,-0.13203011236423312,-0.05574073987295802,-0.025633448319868114,0.009351655165114055,0.014200323768103776,0.9582178281112524,0.002922002554569401,-0.006247246596876841,8.476911958204786e-05,Walking,Washing Face
26.74,0.30771267934882485,0.323916592798813,0.5166555121673395,-0.0663215455830445,-0.02531066588149785,-0.030097414069042316,0.002904483416668087,0.011372944575944191,0.9536897692119991,0.0034386580667367414,-0.0059395339175280166,0.0004086857123808609,Walking,Washing Face
26.76,0.2784992910470686,0.30232184891737335,0.3432783549494898,-0.09443997268072746,-0.02251941333993223,0.024460849037571557,0.0054773081756993944,0.012348045670581441,0.9669772100469001,0.0037819364216862307,-0.005661034626480948,0.0007110075612982343,Walking,Washing Face
26.78,0.24782638276911123,0.11785575168752746,0.44183915274545416,-0.013695118836806566,0.015240558237093162,-0.11708636906757681,-0.00032569099083164157,0.010376542933332327,0.951415651283481,0.004223775574431685,-0.005413208243711837,0.0008288633129857619,Walking,Washing Face
26.8,0.1844705465629049,0.3635695519624211,0.6500118005210475,-0.11128848402922505,-0.09214286366712035,-0.05622351782703682,-0.0021387761267787618,0.018296914745086573,0.9617419113976898,0.004873787374952733,-0.005228737697148931,0.0011924328649481827,Walking,Washing Face
26.82,0.11967402847098296,0.37083257158047783,0.38964538680810823,-0.06594277634279841,0.0214951359011331,-0.09111364674112803,0.0008375725450874743,0.01895288944506808,0.9655616482955993,0.005263432761760841,-0.005109063668677949,0.0015632654365286608,Walking,Washing Face
26.84,0.031638580567678876,0.3920204624844127,0.36706355091591286,-0.040088488070353076,-0.05279748661828265,-0.12082386756950857,0.010759064686225209,0.017778799675701583,0.9561000205309023,0.005630496312676755,-0.005077425088110269,0.0019552858990130734,Walking,Washing Face
26.86,0.10226882549973713,0.2824055924350072,0.5491274928525675,0.025656016516972246,-0.08034522832567402,-0.009284819306398908,0.012713656267955021,0.01157035668610544,0.967300198076942,0.006179623805529322,-0.004975156262610532,0.0022376914914480806,Walking,Washing Face
26.88,0.06050199686657406,0.20835020425926512,0.691084286249728,0.015318287929287721,0.0827764748905549,-0.025476868430569642,-0.0006713436943839735,0.012850722091255576,0.960213900763554,0.006870708091779049,-0.004914654265743959,0.002446041695707346,Walking,Washing Face
26.9,0.0816890335537951,0.17764365022154435,0.35480417705255285,0.03241670627796641,-0.05179208191411049,0.03711489672672033,0.009448408309413745,0.011449056903374897,0.9619123498841412,0.007225512268831603,-0.004832965232190164,0.0026236853459288903,Walking,Washing Face
26.92,-0.1522182338574715,0.14260434097365515,0.25530748901949757,0.04204955901700078,0.044914390715995615,0.01619028640547448,0.0038468121686427714,0.013858254762703966,0.9587826425920359,0.0074808197578511,-0.004985183466047635,0.002766289686902545,Walking,Washing Face
26.94,0.042487706039693526,0.12485398540308895,0.295556024117805,0.02308100843281711,0.027375296770442505,-0.01226986040407784,0.00019756351484416772,0.013180276073838202,0.9562662570945005,0.007776375781968905,-0.004942695760007941,0.002891143672305634,Walking,Washing Face
26.96,-0.22983584956981423,0.1428853048558874,0.22501097843640458,0.058191231897528166,0.07907993442830967,-0.018292898381916077,0.0002706326243348137,0.011262014179534196,0.9603553364234427,0.008001386760405309,-0.005172531609577755,0.003034028977161521,Walking,Washing Face
26.98,-0.21635819564680442,0.17267647234450928,-0.07084013947005205,0.07498802896198682,0.06839247756590457,0.06961005260923078,0.008765975559477168,0.012470654544192824,0.9610375096642046,0.007930546620935256,-0.005388889805224559,0.0032067054495060303,Walking,Washing Face
27.0,-0.23636655534081147,0.04059624386461956,-0.1161706495979878,0.1504077659598283,0.026874462095986634,-0.05087100242464298,0.000873690309218514,0.01129944764355735,0.9512573588539572,0.00781437597133727,-0.005625256360565371,0.00324730169337065,Walking,Washing Face
27.02,-0.35628099506450317,-0.002613160145334405,-0.07712881376082982,0.10325762452102442,0.03535686451953248,0.07159788678483785,-0.003452840642479773,0.01680758225318673,0.9632055653310708,0.00773724715757644,-0.005981537355629874,0.003244688533225316,Walking,Washing Face
27.04,-0.33071871114075957,0.024050385756936757,-0.06024293472708944,0.052433391977405465,0.054075364511984775,0.10384633690025337,-0.00500675114538775,0.021822319935991548,0.9595071800322797,0.00767700422284935,-0.006312256066770633,0.0032687389189822525,Walking,Washing Face
27.06,-0.5571161037835314,-0.08279525960055809,-0.2952182269252856,0.1715198513495013,0.023227487750931662,0.11075991738264303,0.0008333478462789713,0.022191361907868197,0.9636437615840603,0.007381785995924065,-0.006869372170554166,0.0031859436593816948,Walking,Washing Face
27.08,-0.38312345335404574,-0.0972541535640537,-0.36659982057269136,0.09517717968588076,0.017571383387541863,0.06189813087055545,-0.0006491001903706183,0.012770097070158398,0.9688477873214038,0.007015186175351372,-0.007252495623908211,0.0030886895058176407,Walking,Washing Face
27.1,-0.2625971846536703,-0.006117349848343362,-0.3824831927032759,0.1013771053860213,0.03775627491443491,0.07844102078353281,0.008985650715052838,0.01265902222408524,0.9661393806644936,0.0066327029826480964,-0.007515092808561882,0.0030825721559692974,Walking,Washing Face
27.12,-0.33954534816511284,-0.22154441272184416,-0.42650097409456933,0.15418889230225247,0.015074585051528082,0.11482251027592805,0.006298748599093924,0.009033781868854335,0.9586301415808819,0.006206202008553527,-0.007854638156726995,0.0028610277432474535,Walking,Washing Face
27.14,-0.5455089190069515,-0.27545644766914934,-0.3363132211118572,0.06553656346571743,0.08026515270457808,0.010054756422281574,0.00445758756559929,0.011144610805482921,0.962480448611126,0.00586988878744167,-0.008400147075733947,0.002585571295578304,Walking,Washing Face
27.16,-0.37085774239521196,-0.053414287401033184,-0.0985182557866276,0.13274083595013444,0.01603302862158422,0.05613396406342415,-0.0009717801509090572,0.012649109495545895,0.9667184079438925,0.0057713705316550425,-0.008771004818129157,0.0025321570081772707,Walking,Washing Face
27.18,-0.34323458429677434,-0.19063585614713568,-0.27138787653110336,0.06627140687092813,0.013156900978332758,0.05264866301972099,-0.002064184382635845,0.004223440720386435,0.9580924863185302,0.005499982655123938,-0.00911423940242593,0.002341521152030135,Walking,Washing Face
27.2,-0.33573285671148534,-0.33614970867449023,-0.24650795180825563,0.0433695236319643,0.03041103810285699,0.06243513288666246,0.008126253213818388,0.0065536739809730895,0.9631692587941353,0.005253474703315684,-0.009449972259137417,0.002005371443355645,Walking,Washing Face
27.22,-0.3641906206734144,-0.1782475505314767,-0.27961063202085645,-0.004595716801525351,-0.002742255857151877,-0.014090681391290065,0.005442268710183453,0.014542580068993918,0.9600820849864912,0.004973864071294827,-0.00981416287981083,0.0018271238928241685,Walking,Washing Face
27.24,-0.3894003014675817,-0.230394153995591,-0.19093230071652342,0.05061061842775337,0.06670522976269064,-0.004373265469818201,0.0019316425117112384,0.00843752702010001,0.9638006141516895,0.004782931770578303,-0.010203563181278413,0.0015967297388285774,Walking,Washing Face
27.26,-0.5308435844079126,-0.2807481858036581,0.15771320319977053,0.04241593638705166,-0.05352530306765389,0.019346327435183233,0.005859878056168348,0.004033922132778755,0.9692485528627112,0.004940644973778073,-0.010734406765686325,0.0013159815530249192,Walking,Washing Face
27.28,-0.2467521709021816,0.04377166628536423,-0.07439859622982221,-0.07888647216321935,-0.0983994712413038,-0.042076383196634155,0.013407258317347646,0.0017740477208128044,0.9614707103035725,0.004866246377548251,-0.010981158936588508,0.0013597532193102835,Walking,Washing Face
27.3,-0.27947526633390896,-0.11580719570449852,0.08671022625468842,-0.057700088955459125,-0.027419405770729165,-0.041776658134382194,0.005092935784704255,0.009148769157156244,0.9634395068583984,0.00495295660380294,-0.011260634202922417,0.0012439460236057848,Walking,Washing Face
27.32,-0.2093888203491708,-0.004312301225238839,0.15913272332776496,-0.06421222618020635,-0.05497676186513152,-0.03927272384249155,0.0033931473283453193,0.01363021825100185,0.963795922711534,0.005112089327130705,-0.011470023023271587,0.001239633722380546,Walking,Washing Face
27.34,-0.3766845238991565,-0.06593195444109767,0.15956686243200977,-0.07071475142734633,-0.06248780930866356,-0.09024214647083059,0.0018794975810415481,0.014452465182738128,0.9599160466130456,0.005271656189562716,-0.011846707547170744,0.0011737017679394482,Walking,Washing Face
27.36,-0.07961171346548855,0.07693511369350209,0.16743500003477663,-0.05218167305022346,-0.03630182356435614,-0.14192531918793955,0.0019547153658762773,0.013441094211565538,0.9671742591071528,0.005439091189597492,-0.011926319260636233,0.0012506368816329503,Walking,Washing Face
27.38,-0.01023309411486796,0.2455650654797049,0.24684469052330876,-0.1256926719777994,-0.09064975447713972,-0.08527118239476406,0.010194787563164392,0.008555755795193873,0.9639862655318464,0.005685935880120801,-0.011936552354751101,0.0014962019471126552,Walking,Washing Face
27.4,-0.009563868816520361,0.1196518713963711,0.43687448199847023,-0.1885536861997839,-0.05769865793252343,-0.12816065000307486,0.006883887368697047,0.0037039073546949533,0.9572162214587889,0.006122810362119271,-0.011946116223567622,0.0016158538185090264,Walking,Washing Face
27.42,-0.0787968214662661,-0.047918571754320294,0.3185999819269095,-0.20903970834524757,-0.08078202393749094,-0.16754858480834742,0.006539990528705234,0.013230188715652935,0.9580169160745404,0.006441410344046181,-0.012024913045033888,0.0015679352467547058,Walking,Washing Face
27.44,-0.07748446526148252,0.14987438816257148,0.13997309231965352,-0.09415022987498729,-0.03737410048705875,-0.13046028711682964,0.014786818259682127,0.012835286365640252,0.9662649835862404,0.006581383436365835,-0.012102397510295371,0.0017178096349172774,Walking,Washing Face
27.46,0.00015561115898569955,0.09130691647921603,0.35767316459164067,-0.1377719741314665,-0.1126567093506461,-0.13677504829800816,0.006433732842188668,0.003608994773732138,0.9663370445744522,0.006939056600957475,-0.012102241899136385,0.0018091165513964933,Walking,Washing Face
27.48,0.07358660096016544,0.14250109981360876,0.2869958912167254,-0.22227465289578258,-0.07760207279357367,-0.06796938337621862,0.012653198084912384,0.00559105986314796,0.9621298103388922,0.007226052492174201,-0.012028655298176219,0.0019516176512101022,Walking,Washing Face
27.5,0.10604409967792434,0.07347301651305288,0.031115330160694288,-0.15500347876372522,-0.14220145557987016,-0.19411151073897226,0.008527576504319751,0.014565205210363055,0.967510824915934,0.007257167822334894,-0.011922611198498296,0.002025090667723155,Walking,Washing Face
27.52,0.404307322005225,0.0466669493706276,0.08252131979993599,-0.10069096469833526,-0.041946601069407126,-0.14104225804064777,0.011718172180957314,0.009069379735956064,0.9563786599603807,0.00733968914213483,-0.01151830387649307,0.0020717576170937823,Walking,Washing Face
27.54,0.2731529609234712,0.23136298372103303,-0.015274036575511709,-0.03135396056213224,-0.15951263846890282,-0.012440650167985118,0.008180860074250567,0.012461270130719774,0.9619700524425767,0.007324415105559319,-0.011245150915569598,0.0023031206008148155,Walking,Washing Face
27.56,0.4167417565652384,0.1433885745504854,-0.09393603083168323,-0.09157526355266346,-0.10214594991324444,0.03935917959892514,0.007658973341467331,0.00783442659674132,0.9610620234109446,0.007230479074727636,-0.010828409159004359,0.002446509175365301,Walking,Washing Face
27.58,0.40663582913797325,0.20576385109716924,-0.14462656141391705,-0.029412801093528066,-0.06498831487038417,-0.04039023626680942,0.006590175980516891,0.013872886935557723,0.9637657848550529,0.007085852513313719,-0.010421773329866386,0.0026522730264624704,Walking,Washing Face
27.6,0.5126009928198634,0.3300215956836757,-0.2672508460771032,0.003393313512111697,-0.04097590021310099,-0.06748563267617723,0.0045073996865985,0.0006501487518152009,0.9636743749457231,0.0068186016672366154,-0.009909172337046523,0.0029822946221461457,Walking,Washing Face
27.62,0.31470068238189886,0.22175447167532208,-0.2933087308169559,-0.07616523854873643,-0.027532828413385262,0.015272784252674289,0.00959484431708224,0.00924957138891341,0.9565153221097143,0.006525292936419659,-0.009594471654664623,0.003204049093821468,Walking,Washing Face
27.64,0.4265885021924496,0.04067806014893274,-0.39355255112316523,0.07584084286896586,-0.005496706239175971,0.07676794361602896,0.0124620258923739,0.006397754846846545,0.9636807853795112,0.0061317403852964945,-0.009167883152472174,0.0032447271539704004,Walking,Washing Face
27.66,0.43671426174961975,0.043057340854960546,-0.5626401621809063,-0.022458485672417195,-0.022152170773780917,0.03423595921514816,0.005507628856892747,0.013451478557646574,0.9703889974568134,0.005569100223115589,-0.008731168890722554,0.0032877844948253614,Walking,Washing Face
27.68,0.5838236819027308,0.049582294727437914,-0.6145286684065479,0.05419428374429668,-0.013071160466875422,0.07645522324657454,0.00968451791302724,0.009700697423635204,0.9598762873512249,0.0049545715547090405,-0.008147345208819823,0.003337366789552799,Walking,Washing Face
27.7,0.5968195006434962,-0.009464671165403123,-0.6085905176024079,0.016572369373606455,-0.017957681987983493,0.07974486284716983,0.0037395891111111496,0.004946673013443836,0.9563971436569356,0.0043459810371066325,-0.007550525708176327,0.003327902118387396,Walking,Washing Face
27.72,0.37381674419934807,-0.05839774034280907,-0.4741323073839669,0.1475874958719663,-0.0019006140359863503,0.0729515448199153,0.008241919252379345,0.008682761064794153,0.9515259182449922,0.0038718487297226658,-0.0071767089639769785,0.003269504378044587,Walking,Washing Face
27.74,0.3772035536424325,-0.04319106225135365,-0.6530292509907918,0.08884974169215162,0.04486052467092229,0.09539179670086066,0.019670340257199097,0.00889198811837678,0.9654348861718768,0.0032188194787318744,-0.0067995054103345475,0.0032263133157932333,Walking,Washing Face
27.76,0.3755742657539936,-0.1502569932583173,-0.3983051860825093,0.09923497281891057,0.016026403871374766,0.12044682202495992,0.00573395061133547,0.014679933561534417,0.9658892108319919,0.0028205142926493645,-0.006423931144580554,0.003076056322534916,Walking,Washing Face
27.78,0.30024783229365043,-0.06730465629710691,-0.3250700939425533,0.1801628354733362,0.01346994978067385,0.16328186759110463,0.011183015081347092,-0.00013217146304464293,0.9580127985678714,0.002495444198706811,-0.0061236833122869025,0.0030087516662378093,Walking,Washing Face
27.8,0.38768885164776423,-0.18975565358529956,-0.3176974695536341,0.13874042322338329,0.08708675605106327,0.16466733229043218,0.020188617989762885,0.0005308719238968319,0.9610636334074146,0.002177746729153177,-0.005735994460639139,0.00281899601265251,Walking,Washing Face
27.82,0.2281000845584505,-0.3826558718598243,-0.20744678893862478,0.158173224971979,0.09857245073937682,0.17195275412593203,0.004913344486209135,0.0015726399727489116,0.9557688712172385,0.0019702999402145525,-0.0055078943760806885,0.0024363401407926856,Walking,Washing Face
27.84,0.1068773205398985,-0.32514481401916673,-0.20737491738576339,0.21709913901000785,0.058346777085945996,0.09576458139593139,0.006946153261345529,0.0073295893943369165,0.96555731902917,0.0017629250228287888,-0.005401017055540789,0.002111195326773519,Walking,Washing Face
27.86,0.19351106241816957,-0.2484888422432017,-0.16840236718650164,0.11579165090783422,0.02983922064944033,0.11260553541166539,0.016726875148160042,0.018641116966284024,0.9614764982274423,0.0015945226556422873,-0.00520750599312262,0.0018627064845303173,Walking,Washing Face
27.88,0.27466390822249037,-0.4556124393758493,0.0822249642736636,0.22369220447263954,0.023032454133717864,0.10839094388570783,0.014652761786770382,0.010922509021788714,0.9682477145558832,0.0016767476199159512,-0.00493284208490013,0.001407094045154468,Walking,Washing Face
27.9,0.18332176476682352,-0.24341436094768054,0.027523508936822927,0.12380236356933935,0.161832565910291,0.09177729353300443,0.011654868006139048,0.005955418262316537,0.9631156577079828,0.001704271128852774,-0.004749520320133306,0.0011636796842067873,Walking,Washing Face
27.92,-0.020780208416352995,-0.07713240487438336,0.3129596976205754,0.15343648661014753,0.13953008659467933,0.09330971891484545,0.007869323522410807,0.006645196360789559,0.9587996322063057,0.0020172308264733495,-0.00477030052854966,0.001086547279332404,Walking,Washing Face
27.94,-0.17294191379686158,-0.3123525125682294,0.3112775221697581,0.06652922547310985,0.06067090587413783,0.05358945666242602,0.013581027055449559,0.004585624969428844,0.9618035281471304,0.0023285083486431074,-0.004943242442346521,0.0007741947667641747,Walking,Washing Face
27.96,-0.03903515355208785,-0.17930592240257515,0.4769192010773589,0.1800496714658121,0.06514080690708038,0.03734875885392808,0.0011461066593241916,0.01147274468953765,0.9625616885524314,0.0028054275497204663,-0.0049822775958986085,0.0005948888443615995,Walking,Washing Face
27.98,0.03780218280295791,-0.3069813642869714,0.3388729273723129,0.1182552045310352,0.07810299490625439,0.0006568860746853245,0.016832068830378785,0.011053125740399381,0.9637144879631504,0.0031443004770927794,-0.004944475413095652,0.00028790748007462806,Walking,Washing Face
28.0,0.028708470502293193,-0.19328217115811594,0.5064488010965423,0.03377607419202722,0.047102620009674176,0.011337151202792268,0.013828115463505626,9.181705804453284e-05,0.9559948778252945,0.0036507492781893223,-0.004915766942593358,9.462530891651214e-05,Walking,Washing Face
28.02,-0.24689407585419165,0.02555532032693994,0.47405871245582815,0.06371439622277347,0.07428227116020375,0.04656650022413851,0.005196625471229455,0.0033890789276160545,0.9609654722021748,0.0041248079906451495,-0.00516266101844755,0.00012018062924345208,Walking,Washing Face
28.04,-0.31406952730431004,-0.07663858281477819,0.37807083835081906,0.04268715907722204,0.02001165196990303,-0.08005951659546469,0.02132823666186469,0.0005080127497185997,0.9681050360765642,0.004502878828995969,-0.0054767305457518595,4.354204642867389e-05,Walking,Washing Face
28.06,-0.3261912201729573,0.012682872110867799,0.6697774683557657,0.06310247113203728,0.056411735908281205,-0.005660073322608915,0.012043763785471739,0.004935752540502724,0.9679121577933526,0.005172656297351735,-0.005802921765924817,5.622491853954169e-05,Walking,Washing Face
28.08,-0.3097759257046769,-0.060298940810900266,0.5158554929672149,-0.040798334696720374,-0.012205504100672612,-0.11809146212940742,0.014939520321042326,0.0030800300826466353,0.9688205026386121,0.0056885117903189494,-0.0061126976916294935,-4.074022271358578e-06,Walking,Washing Face
28.1,-0.15071179401858398,-0.02054622229633741,0.5109586214054195,-0.025537505892531946,0.05771192357432162,-0.05664551512183078,0.014419651349761347,0.0069304022245595094,0.9616417053918078,0.0061994704117243685,-0.006263409485648077,-2.4620244567695988e-05,Walking,Washing Face
28.12,-0.31628158822606994,0.03771917813037767,0.40316613358390174,-0.05564073814103287,0.024457819912103124,-0.06160328305003134,0.013529773181043108,0.0017519843154720383,0.9640009844222562,0.00660263654530827,-0.006579691073874146,1.3098933562681688e-05,Walking,Washing Face
28.14,-0.2588073912713333,0.20502580272461868,0.36802636203585154,-0.13992472857626276,-0.009405816259005625,-0.027446738379556947,0.019757569381386342,0.0022483194051631803,0.9620611720987242,0.0069706629073441224,-0.0068384984651454804,0.00021812473628730038,Walking,Washing Face
28.16,-0.37886087408756813,0.35820413044100213,0.2790188555756959,-0.06724615809299142,-0.04562151651854365,-0.07845931349746559,0.011450255490348275,0.0018217363198496355,0.967948264220961,0.0072496817629198185,-0.007217359339233048,0.0005763288667283025,Walking,Washing Face
28.18,-0.4695416784892633,0.039374108288901866,0.22706397408395962,-0.10105218502902417,-0.08512756111968399,-0.037562250198949314,0.004857685828430446,0.005313739946519758,0.9574565091957604,0.007476745737003777,-0.007686901017722312,0.0006157029750172044,Walking,Washing Face
28.2,-0.24276833014178803,0.35012087681896853,0.03348742521304756,-0.099128839280463,-0.025385745455896048,-0.05518117776906554,0.013763671206993977,0.00687499098539077,0.9600788679161348,0.007510233162216826,-0.0079296693478641,0.000965823851836173,Walking,Washing Face
28.22,-0.284191328905213,0.3283664373526739,0.02136931766642574,-0.10830107002504838,-0.10970763328428014,-0.11225838741742886,0.014725016775765536,0.00705861329448098,0.9664971909997523,0.007531602479883251,-0.008213860676769314,0.0012941902891888469,Walking,Washing Face
28.24,-0.06909075356920266,0.28216651864278075,0.014182442636217207,-0.15300499117421362,-0.051429950202183224,-0.04681850172828581,0.007191583519751437,-0.0034077828275589743,0.9703555885360081,0.007545784922519468,-0.008282951430338517,0.0015763568078316277,Walking,Washing Face
28.26,-0.006496239365341744,0.29729090847017636,-0.07647593178231993,-0.09140668071220928,-0.060642476758826544,-0.023794339505918728,0.009118842031868036,0.013358057000675515,0.9613896225186918,0.0074693089907371495,-0.008289447669703858,0.0018736477163018039,Walking,Washing Face
28.28,-0.2623962706063603,0.42524700833611995,-0.270597142322517,-0.052948705767228724,-0.06056972467176313,0.026596822109642156,0.018607028307126988,0.004585264834319994,0.9676367981363423,0.007198711848414631,-0.008551843940310217,0.0022988947246379236,Walking,Washing Face
28.3,-0.09523995307584443,0.4480568525172937,-0.4386844309281391,-0.05506767248766582,-0.041948255901288596,-0.07780740297182917,0.01633594279247981,0.0019195382056520407,0.9657990733778077,0.006760027417486493,-0.008647083893386063,0.002746951577155218,Walking,Washing Face
28.32,0.006326288695488555,0.3143143443441827,-0.37566441736894024,-0.07160266690868301,-0.10706342245787712,-0.011403186807549074,0.016995911503781085,-0.0027761753003565075,0.9643257672389813,0.006384363000117553,-0.008640757604690574,0.0030612659214994,Walking,Washing Face
28.34,-0.09219101456537912,0.3077185311545492,-0.45580863401392147,-0.11284197878810316,0.0009620161920795411,0.04116157836660735,0.01834542715210679,0.011297391291261474,0.9629508721440201,0.005928554366103632,-0.008732948619255955,0.0033689844526539493,Walking,Washing Face
28.36,0.027573580879892753,0.30295362551172667,-0.4669632728608387,-0.033086601490302486,-0.05766664527552799,0.11230398682984412,0.012141693639938972,0.0013354238117657736,0.9646840768933576,0.005461591093242793,-0.008705375038376062,0.0036719380781656758,Walking,Washing Face
28.38,-0.049526958990231754,0.43741808227577883,-0.26164054111844015,0.017830058808637826,-0.06975936341421429,0.06402071269104685,0.018269308622863682,0.006877655940622875,0.9597864497264561,0.005199950552124353,-0.008754901997366294,0.004109356160441455,Walking,Washing Face
28.4,0.12660907465896346,0.2614562037895067,-0.4618953402221402,-0.015471791698962702,-0.08547188134348033,0.022406976501822114,0.021728843618918248,-0.001298713372721917,0.9699376094143102,0.0047380552119022125,-0.00862829292270733,0.004370812364230962,Walking,Washing Face
28.42,0.1649572681123725,0.08485397415959038,-0.4063055480797587,0.03276638149648077,-0.02562781364476397,0.14455450327572295,0.019009789148324886,0.001139475747149912,0.9694045965412016,0.004331749663822454,-0.008463335654594957,0.004455666338390552,Walking,Washing Face
28.44,0.22473244428443398,0.0070271411837763,-0.20027125115527883,0.10616260416544304,-0.0503746011708138,0.04239771082896439,0.007688686850728252,-0.0006966278418052019,0.9585128503337225,0.004131478412667175,-0.008238603210310521,0.004462693479574328,Walking,Washing Face
28.46,0.15925190946176826,-0.05847902575890121,-0.10122240898640722,0.06991585862660718,-0.07230085278166806,0.10256421503772202,0.007669884438978051,-0.003194114871643483,0.9647335995315166,0.004030256003680768,-0.008079351300848754,0.004404214453815428,Walking,Washing Face
28.48,0.2730059081266709,0.21368338671356912,-0.15462376954817994,0.056255593498477315,0.017755722263653847,0.09220587727683531,0.01688738329033506,-0.0020824956862481757,0.9618229863136687,0.0038756322341325874,-0.007806345392722083,0.004617897840528997,Walking,Washing Face
28.5,0.23498554306648503,0.11927815143881154,-0.03017913545342245,0.1262785247225621,0.06956476280581023,0.016632225245034098,0.004100933251640779,-0.0009695631009652532,0.9634337709514063,0.003845453098679165,-0.007571359849655599,0.004737175991967809,Walking,Washing Face
28.52,0.04571602489554352,0.09863881847198232,0.09918843767301067,0.1793793793924356,-0.07502801943716755,0.08619187915705714,0.01275102822663912,0.004568167237086954,0.9689151693527859,0.003944641536352176,-0.007525643824760055,0.00483581481043979,Walking,Washing Face
28.54,0.25763501089857693,-0.1678130268500777,0.13743471425172546,0.12607441179798348,0.011285312944046142,0.05596011287366535,0.018657445426562943,-0.0028749959006702363,0.9635077142189495,0.004082076250603902,-0.007268008813861478,0.004668001783589713,Walking,Washing Face
28.56,0.28655677774392796,-0.012955231418484398,0.23792408466278525,0.12244790786638884,-0.00524380335569978,0.013528907712584153,0.013594109145392887,0.009054018687963688,0.9618635752426842,0.004320000335266686,-0.00698145203611755,0.004655046552171228,Walking,Washing Face
28.58,0.17566353929396716,-0.04439022643537294,0.34655455119969614,0.05752611987508725,0.025617590631682965,-0.02456281885239732,0.021669872889795123,-0.0022664359189320973,0.9724462622768473,0.004666554886466382,-0.006805788496823582,0.004610656325735855,Walking,Washing Face
28.6,0.23606213248193564,-0.1652112774346395,0.4925506138978148,0.058796298200731886,0.03331835888952554,0.06554214051737303,0.015789176184980304,0.0016039205827626504,0.9617708908601892,0.005159105500364197,-0.0065697263643416486,0.004445445048301216,Walking,Washing Face
28.62,0.07978624233357975,-0.11229669197491148,0.37373798465192537,0.1527854480145012,0.012093844233710344,-0.05014387680429622,0.012564168087147748,0.003422542116135455,0.9685930249861923,0.005532843485016123,-0.006489940122008069,0.004333148356326304,Walking,Washing Face
28.64,0.17155372603129082,-0.1851278248461791,0.23944504075935688,0.0913541497367894,0.01687110996339445,-0.051067621461235786,0.013261431853483252,0.0027403439657506076,0.9771466807032213,0.005772288525775479,-0.006318386395976778,0.004148020531480125,Walking,Washing Face
28.66,-0.13005266047689526,-0.42270141764375874,0.22586071402478697,0.010886352410642588,0.006741272298923429,-0.026916991832947254,0.011168535779415035,-0.009529734319697229,0.9642594638784315,0.005998149239800266,-0.0064484390564536745,0.003725319113836366,Walking,Washing Face
28.68,0.2740305214182848,-0.1987973869136462,0.433525442777696,0.08703847988809638,0.04230634682928294,-0.055155326764128036,0.01796793810472191,-0.0031446566855069737,0.9639866408831059,0.006431674682577962,-0.0061744085350353885,0.00352652172692272,Walking,Washing Face
28.7,0.062906185332647,-0.2278491614580949,0.23723313932850104,-0.0017595179417156,0.007974151641574207,-0.13594537778396462,0.017347325263593026,-0.0033432500046216692,0.9653330527668729,0.006668907821906463,-0.006111502349702741,0.003298672565464625,Walking,Washing Face
28.72,0.11622752017344576,0.039174041882356986,0.2996882139310205,0.04833757581063053,-0.03454135371141058,-0.0993302502509248,0.015699618831270176,-0.006137518495263522,0.9586539771305451,0.006968596035837484,-0.005995274829529295,0.003337846607346982,Walking,Washing Face
28.74,0.23355778629519253,-0.19398688206617004,0.055923872351501425,0.048186388998982164,0.013605269231562207,-0.11364200782564046,0.012996465442772094,-0.006814982683991052,0.9612811990898161,0.007024519908188984,-0.005761717043234103,0.003143859725280812,Walking,Washing Face
28.76,-0.15872862864840354,-0.06898370510535515,0.04066212100369741,-0.08761017434654741,0.08694655083987374,-0.09449089346464044,0.021524336536675123,-0.0024466483916586795,0.9754747106566333,0.007065182029192681,-0.005920445671882506,0.0030748760201754566,Walking,Washing Face
28.78,0.021038411777430627,-0.05476451916046032,-0.008439821365013027,-0.047478983200242825,-0.0025745711998919705,-0.10681770744676007,0.018348977252439565,-0.004267823511467583,0.9654208971045345,0.007056742207827669,-0.005899407260105075,0.0030201115010149962,Walking,Washing Face
28.8,-0.09875023236783156,0.030937628145863316,-0.30979931834670627,-0.05704070196670153,0.023030519070231285,-0.1498245698160002,0.016170524817271607,-0.0038820569521741738,0.9655633113191529,0.006746942889480962,-0.005998157492472907,0.0030510491291608596,Walking,Washing Face
28.82,-0.12509072496247414,-0.1713990361068713,-0.252536756028078,-0.1262184280193542,-0.05938146106412662,-0.09487239164940667,0.017066005963079427,-0.007550609106125939,0.9521928646193296,0.006494406133452885,-0.006123248217435382,0.0028796500930539887,Walking,Washing Face
28.84,-0.23720037199563962,-0.12309509720917026,-0.3225432428206773,-0.13378955036681334,0.007350640031977726,-0.05643937928266867,0.010525674069551367,0.0016491229766906227,0.9754111422357178,0.006171862890632207,-0.00636044858943102,0.002756554995844818,Walking,Washing Face
28.86,-0.18149388883285567,-0.010298440842499444,-0.39665971454677423,-0.13890331277562762,0.03112008555017965,-0.07671177469514583,0.020709233493206115,-0.007659137554611494,0.9607630207854897,0.005775203176085433,-0.006541942478263877,0.0027462565550023187,Walking,Washing Face
28.88,-0.26995025941610334,0.24650384610105935,-0.3451383046819996,-0.12261484513347527,-0.00798641815875564,-0.06631939885504967,0.015815378018852827,-0.006967923054297323,0.9622725014745769,0.005430064871403433,-0.0068118927376799795,0.002992760401103378,Walking,Washing Face
28.9,-0.2213977160774968,0.11327398045956676,-0.46269849025680876,-0.18585848937538052,-0.011511002320719336,-0.0472663963242369,0.0074381366456017966,-0.006841491577325853,0.9597561203102093,0.004967366381146624,-0.007033290453757477,0.003106034381562945,Walking,Washing Face
28.92,-0.2945336208232374,0.20701465936701358,-0.5073713853965125,-0.12174155699871027,-0.07133414923588685,0.009011598308113806,0.012144171948870483,0.0027537241762308224,0.9636638491665442,0.004459994995750112,-0.007327824074580713,0.003313049040929958,Walking,Washing Face
28.94,-0.3699810585041776,0.27600632908629236,-0.6661115851879897,-0.11814356464591202,-0.053579525042740356,0.016925796856400194,0.02391440016871802,-0.0026601472541379245,0.9594386585789739,0.0037938834105621226,-0.0076978051330848915,0.0035890553700162506,Walking,Washing Face
28.96,-0.6132136452726696,0.09658611323823679,-0.5964698754873158,-0.13729405161867675,-0.05674161941436186,0.0026179026175927834,0.0109024402364307,-0.00962763568988154,0.9604096758554123,0.0031974135350748066,-0.00831101877835756,0.003685641483254487,Walking,Washing Face
28.98,-0.4510554788627298,0.2430001947549172,-0.49103735472563437,-0.18434919595999363,-0.05794598419499269,-0.05726895158648768,0.01839649121245769,-0.0028061594955887726,0.9718780115023595,0.0027063761803491717,-0.00876207425722029,0.003928641678009405,Walking,Washing Face
29.0,-0.5248346308317242,0.17346265997671986,-0.6562170471383849,-0.061642535728893284,-0.06931119469144276,0.09419573475200486,0.01903002706736383,-0.010206508799922763,0.9655801183914086,0.0020501591332107868,-0.009286908888052016,0.004102104337986124,Walking,Washing Face
29.02,-0.38973482613768284,0.10449809417152126,-0.39876527738831585,-0.02461033152135424,-0.14058446675386307,0.07097440909398776,0.017047853888979937,-0.010347240094287101,0.9763667340204227,0.001651393855822471,-0.009676643714189699,0.004206602432157646,Walking,Washing Face
29.04,-0.3915803901683803,0.21032895345455643,-0.1504926030726045,-0.06995618504840743,-0.09205217799416454,0.09921495918657534,0.01059418329471499,-0.008937584319780888,0.9704737145314125,0.0015009012527498662,-0.010068224104358078,0.004416931385612203,Walking,Washing Face
29.06,-0.6910239088312875,0.16048661529623093,-0.23253953310508174,-0.07655164906233516,-0.1140402498874829,0.07682061943749356,0.006788626845881544,-0.0032801944681160725,0.9578412510984096,0.0012683617196447847,-0.010759248013189365,0.004577418000908433,Walking,Washing Face
29.08,-0.28609557624327187,0.32843770166060016,-0.35568472807869467,-0.0456502769162735,-0.04767357630530873,0.07338623725652536,0.012286824307506938,-0.0096947436476763,0.9688260384724426,0.0009126769915660898,-0.011045343589432637,0.004905855702569033,Walking,Washing Face
29.1,-0.41430326969711934,-0.059019074623390996,0.16569491227353553,0.006727532239301951,-0.11223527783264418,0.1158026456639666,0.019230562013141,-0.006060847291564069,0.9704272402870462,0.0010783719038396254,-0.011459646859129757,0.004846836627945642,Walking,Washing Face
29.12,-0.3860287878222362,0.08495973586085034,0.023487027575218228,0.006632160572864011,-0.09963331479285964,0.17681419185293332,0.014251022865163315,-0.0141654553362375,0.9570309522841179,0.0011018589314148435,-0.011845675646951992,0.004931796363806492,Walking,Washing Face
29.14,-0.24862864336233836,0.04419268471405726,0.10507370514473266,0.02131208265070542,-0.15419922155328772,0.12012885850474034,0.017231715714316982,-0.011853886164291748,0.9650445522427095,0.001206932636559576,-0.01209430429031433,0.00497598904852055,Walking,Washing Face
29.16,-0.22974586592173601,-0.07521393604849831,0.351451933191448,-0.013010091985415546,-0.06622458347774454,0.13861838241048857,0.010604658696629974,-0.005893395269573106,0.953455619598046,0.0015583845697510243,-0.012324050156236067,0.004900775112472052,Walking,Washing Face
29.18,-0.062019326254462215,-0.04055232120093391,0.48521051465909637,0.0650618266277819,-0.12840995442511663,0.10378839427138863,0.022372854419255014,-0.004815294555384717,0.9636954751117136,0.0020435950844101204,-0.01238606948249053,0.004860222791271118,Walking,Washing Face
29.2,-0.2857539498274369,-0.100525032237179,0.24183946037399703,0.1222760090724179,-0.12399876297535803,0.13968960841688804,0.016496015584060424,0.0013026461439426072,0.969752369308274,0.0022854345447841174,-0.012671823432317967,0.004759697759033938,Walking,Washing Face
29.22,-0.10993121111546353,-0.1789198633272091,0.4378234735535723,0.06159802174538976,-0.1256599529925002,0.0963650350386068,0.01965410321382373,-0.0030291813146622604,0.9692296450142535,0.00272325801833769,-0.012781754643433431,0.004580777895706729,Walking,Washing Face
29.24,-0.21564812012154733,-0.32076156412767004,0.7040329881494624,0.1384125334172934,-0.07769414628934732,0.1752618890891202,0.017857184594408566,-0.001311794091473287,0.9621832107699626,0.0034272910064871522,-0.012997402763554978,0.004260016331579059,Walking,Washing Face
29.26,0.06751658851640706,-0.22473158645666602,0.6934586560343574,0.14225103339377043,-0.10477842735886206,0.08100780790096515,0.0065653554086751945,-0.014952317064482253,0.9731621658853055,0.00412074966252151,-0.012929886175038572,0.004035284745122394,Walking,Washing Face
29.28,0.0972724613319299,-0.35726508884639985,0.5587727074819424,0.13623165675479082,-0.12415256963128193,0.04302723937719533,0.010132806758342869,-0.008156662600567684,0.9693990334915896,0.0046795223700034526,-0.012832613713706642,0.003678019656275993,Walking,Washing Face
29.3,0.06753498361127686,-0.3436088558802821,0.4979288433794038,0.15780835534452708,-0.012584942852063546,0.0057660568736263625,0.007381143765215986,-0.006092595918323235,0.9735556399651759,0.005177451213382856,-0.012765078730095367,0.003334410800395711,Walking,Washing Face
29.32,0.12129562108156837,-0.3478295868315411,0.52190543285886,0.16258632237382184,-0.019935971485306014,-0.020457212961311817,0.01679863852517864,-0.013630792156308663,0.9725280602545046,0.005699356646241716,-0.012643783109013798,0.00298658121356417,Walking,Washing Face
29.34,0.01502745621888471,-0.3274439281250582,0.5601246790117216,0.09592153345329951,0.04913039586759016,0.026728267352976814,0.02424476056770901,-0.002943139366642873,0.9658280054365594,0.006259481325253439,-0.012628755652794914,0.0026591372854391114,Walking,Washing Face
29.36,0.35281140776141856,-0.33294932000680105,0.32041779651990365,0.19986864204579197,-0.026286027265522434,0.01217875661625832,0.025736447306544126,-0.01185641798051294,0.9668042048008841,0.006579899121773342,-0.012275944245033496,0.0023261879654323104,Walking,Washing Face
29.38,0.19584545927996516,-0.3719679470978355,0.31675531529828155,0.10751893842066002,0.03936513080136374,-0.09477035936055188,0.013219661165852409,-0.014049207156228663,0.9679918927649063,0.006896654437071623,-0.01208009878575353,0.001954220018334475,Walking,Washing Face
29.4,0.27830135443569287,-0.4705402512234671,0.2407203867146024,0.15192882701327773,-0.03035162197449169,-0.02712004586228068,0.01733922716079363,-0.0021782249881065934,0.9666972147755849,0.007137374823786225,-0.011801797431317838,0.0014836797671110076,Walking,Washing Face
29.42,0.5957506407776673,-0.28086804852742675,0.21588567385981305,0.07849092591515491,-0.00870024501422887,0.056371286052528495,0.01616461112234384,-0.010412656403366628,0.9632771809191999,0.007353260497646038,-0.01120604679054017,0.0012028117185835807,Walking,Washing Face
29.44,0.44699239102262334,-0.12352058171223881,0.1464602801492701,0.12055284010036073,0.06262846299419132,-0.09397386421924478,0.029898536612592966,-0.01611700576279148,0.963979121020626,0.007499720777795309,-0.010759054399517546,0.0010792911368713418,Walking,Washing Face
29.46,0.4098000863453621,-0.3622580157254152,-0.06268280752651226,0.1564582871784872,0.05501353178258112,-0.07469911078388031,0.014356775758439123,-0.01094474293038016,0.9657217957261585,0.007437037970268796,-0.010349254313172185,0.0007170331211459267,Walking,Washing Face
29.48,0.5400999793720039,-0.24887582390801052,-0.21681987267008745,0.005889747659278818,0.018968553969946917,-0.0849212095902907,0.005316813201325999,-0.014625573516485147,0.9626160277870346,0.007220218097598709,-0.00980915433380018,0.0004681572972379161,Walking,Washing Face
29.5,0.583280805165082,-0.32301135535615116,-0.2879699663799343,0.02223286538379382,0.05779228296772966,-0.04410183742064736,0.017829215873429772,-0.011042948926829537,0.9672264192772378,0.006932248131218774,-0.009225873528635098,0.00014514594188176494,Walking,Washing Face
29.52,0.5281249198113402,-0.04597426764106492,-0.22531767266548747,-0.0049049533486162,0.049667647259045794,-0.027606609115890725,0.01781991478678703,-0.01869715396987219,0.9559632671428202,0.006706930458553287,-0.008697748608823759,9.917167424070002e-05,Walking,Washing Face
29.54,0.2710195337763969,0.02795066966361548,-0.47801046551575854,0.04259361709296852,0.04478681599924261,0.0012693100025481779,0.015937198332808163,-0.010129105481691592,0.9653000871782342,0.006228919993037528,-0.008426729075047363,0.0001271223439043155,Walking,Washing Face
29.56,0.4007667166043023,0.05128246457376074,-0.43387001246149964,-0.023242141627350277,0.11163349599934823,-0.025269258312969514,0.018694148206824596,-0.01231052102858432,0.9677010506464904,0.005795049980576028,-0.008025962358443061,0.00017840480847807622,Walking,Washing Face
29.58,0.4347794475085828,-0.04934590144533592,-0.36334372219755784,-0.08425599875814292,0.02658121775430571,-0.15163424150111565,0.013976364375499088,-0.014020517676611137,0.9654973652211851,0.00543170625837847,-0.007591182910934477,0.00012905890703274032,Walking,Washing Face
29.6,0.5068309203671238,0.04122930772773958,-0.19686782414045365,-0.07060821509830245,0.12878149877812406,0.005891047544036318,0.017118027105332195,-0.008831424574994542,0.9626257121180208,0.0052348384342380165,-0.007084351990567353,0.0001702882147604799,Walking,Washing Face
29.62,0.46488892368987556,0.16622291980025947,-0.22202197923417055,-0.07520265203903229,0.051167560721436856,0.026727219447629416,0.014145630901783814,-0.013420035453569892,0.9635136981094546,0.005012816455003846,-0.006619463066877478,0.00033651113456073935,Walking,Washing Face
29.64,0.24603764794143929,0.29205779704688006,-0.17271707448578924,-0.08296004479635975,0.016663036069003462,0.0823442865161833,0.02031790954926215,-0.011751329966227688,0.9620130065605561,0.004840099380518056,-0.006373425418936038,0.0006285689316076194,Walking,Washing Face
29.66,0.2575739935991084,0.16720995253176732,-0.21139939448875136,-0.06122983534448576,0.03117112416774852,0.027055633205376163,0.016191187184944802,-0.017978464008405855,0.9667845965166052,0.004628699986029305,-0.00611585142533693,0.0007957788841393867,Walking,Washing Face
29.68,0.34388085697721604,0.05685899435295749,-0.1625075630657924,-0.030036273940291715,0.030680237949431984,0.10495070593141838,0.01271227885260037,-0.014414848396190718,0.963564421354423,0.004466192422963513,-0.005771970568359714,0.0008526378784923442,Walking,Washing Face
29.7,0.07866562771684404,0.18354243205703932,-0.041243454215533736,-0.02318146522875153,-0.023891783651206207,0.03134672017386495,0.008366340492017588,-0.020562227722637938,0.9592376013984634,0.004424948968747979,-0.00569330494064287,0.0010361803105493833,Walking,Washing Face
29.72,0.07447485608180276,0.2220364972003208,0.046712386195888245,-0.04713690384049377,0.020398910411018642,0.06093459941123128,0.024818277562508453,-0.01518313292970772,0.9693972837148236,0.004471661354943867,-0.005618830084561067,0.0012582168077497043,Walking,Washing Face
29.74,0.10618616676310828,0.26800056416366314,-0.020206302008327584,-0.09693403835208504,0.07657919633167587,0.1114498615306894,0.02605141473675212,-0.012107090978709241,0.9719466770203465,0.0044514550529355405,-0.0055126439177979585,0.0015262173719133674,Walking,Washing Face
29.76,0.07361631186023296,0.32692524679198676,0.1682281793697823,-0.06989945360190558,0.015628709446510604,0.09820883320479765,0.021236758659910378,-0.010803570900376348,0.9711674700845991,0.004619683232305322,-0.005439027605937726,0.0018531426187053544,Walking,Washing Face
29.78,0.1980158968570987,0.47106999485644585,0.09863197409473413,-0.04474022276737956,0.03563390880264894,0.13464785327554576,0.02302493534252254,-0.0025188785021281104,0.9662651729343256,0.004718315206400057,-0.005241011709080627,0.0023242126135618,Walking,Washing Face
29.8,0.10495482783055682,0.3551430567446909,0.166364876976141,-0.011626333921216416,-0.05641220061077056,-0.0130933413913183,0.018250599007538736,-0.020440390181592404,0.9673979480990155,0.004884680083376197,-0.005136056881250069,0.0026793556703064905,Walking,Washing Face
29.82,0.02045161655451412,0.2965282790486327,0.33897786947703845,0.03100069391452838,-0.06778090634631959,0.10442256818567307,0.01162210628270316,-0.014200175930428598,0.9661807350251991,0.005223657952853236,-0.005115605264695555,0.002975883949355123,Walking,Washing Face
29.84,-0.07349835693487469,0.28801056208134423,0.3419803550098232,-0.014273658500507484,-0.09079372921862637,0.1459462926505257,0.016073543824871618,-0.011759603710300177,0.9633818209077865,0.005565638307863059,-0.005189103621630429,0.0032638945114364677,Walking,Washing Face
29.86,-0.13610011959772594,0.24329419595932328,0.33242723433637045,0.06358150434691999,-0.048345046489563934,0.11615452409406457,0.016599764339149805,-0.019605654673192776,0.9658240798292962,0.0058980655421994295,-0.005325203741228156,0.00350718870739579,Walking,Washing Face
29.88,-0.0621039590244582,0.3134742344954767,0.3279980442611837,0.04017659963075093,-0.08110628636585622,0.005037719713565708,0.01917119354571722,-0.013625658706462563,0.9664471412659144,0.006226063586460613,-0.005387307700252614,0.003820662941891267,Walking,Washing Face
29.9,-0.18949488558824992,0.14628418886423944,0.42946421216849406,0.03670985399371508,-0.03641337313647375,-0.02390019129513095,0.017095067046428995,-0.011047096275126636,0.9598927353873655,0.006655527798629108,-0.005576802585840864,0.003966947130755506,Walking,Washing Face
29.92,-0.23042477432025582,-0.05982238706494991,0.34884106472107146,0.02844333414234918,0.024083436684106556,0.0102235103411172,0.02706897112919509,-0.017979670737464974,0.9681586346604295,0.007004368863350179,-0.00580722736016112,0.003907124743690557,Walking,Washing Face
29.94,-0.27221675179778465,0.14644218232022743,0.2250468105223576,0.0664498031335011,-0.09577404263704925,0.05014995474017396,0.025976789163236175,-0.017818077102952988,0.9563555001092024,0.007229415673872536,-0.006079444111958904,0.0040535669260107834,Walking,Washing Face
29.96,-0.3284546877380162,-0.09369724733478846,0.23798407971176042,0.12027295858212807,-0.07710969663375,0.033877049044333654,0.01941022177904689,-0.015314604605276425,0.9668583053522736,0.007467399753584298,-0.006407898799696921,0.003959869678675995,Walking,Washing Face
29.98,-0.3536037468811099,0.10339935812524997,0.09050846078907976,0.061249119800846547,-0.11804562674938143,-0.047784368728436034,0.024608658123715,-0.023342686404172266,0.9589881926445254,0.007557908214373377,-0.00676150254657803,0.004063269036801246,Walking,Washing Face
