motionRotationRateX(rad/s),motionRotationRateY(rad/s),motionRotationRateZ(rad/s),motionUserAccelerationX(G),motionUserAccelerationY(G),motionUserAccelerationZ(G),motionGravityX(G),motionGravityY(G),motionGravityZ(G),motionYaw(rad),motionRoll(rad),motionPitch(rad)
0.009140177513152423,0.2143550412735244,0.262178994125459,-0.0753885979330386,0.09226807256377118,-0.002904160389750903,-0.025107193643682267,0.0324643361426139,0.9677337586485213,0.000262178994125459,9.140177513152422e-06,0.00021435504127352442
0.0068597903208922895,0.1340539948636948,0.1907911605137585,-0.1075151033297668,0.06399760009517079,0.002369865621233631,-0.020137769892235376,0.03916741363809513,0.97151969209606,0.0004529701546392175,1.5999967834044712e-05,0.0003484090361372192
-0.05740941255729354,0.0918007351061377,0.053764719280501694,-0.03382022811406017,0.09669114132215323,0.04426089176495642,-0.01316067173440457,0.02242430515684258,0.9759459215164463,0.0005067348739197191,-4.1409444723248824e-05,0.00044020977124335694
0.029041792700629412,-0.0662041452962796,0.09598412479316026,-0.042322739847422935,0.08721585427327413,-0.04932819680505084,-0.01812796107241067,0.030749407106811465,0.9685337932349346,0.0006027189987128795,-1.2367652022619414e-05,0.00037400562594707733
0.13256630846991854,-0.06242045846527236,-0.024359908944102015,-0.04843394509820742,0.07595807757118933,-0.02117138487781381,-0.011790982603937239,0.03484098840518371,0.9721567223469036,0.0005783590897687775,0.00012019865644729914,0.000311585167481805
0.06360887505338347,0.013913040037138447,-0.011779254099141614,-0.037314811560197475,0.03686007484119773,-0.01966624863217152,-0.0207081931923464,0.02053412430319653,0.9775888456817987,0.0005665798356696358,0.0001838075315006826,0.00032549820751894346
-0.00648117044747204,-0.09564892230654128,-0.11656282709140445,-0.05920183269009998,0.04634582892203154,-0.008999608454871804,-0.01963326212023855,0.024592187088603744,0.9696122681941295,0.0004500170085782313,0.00017732636105321055,0.00022984928521240216
0.07061296637401977,-0.10537233787203333,-0.25645576738716025,-0.0266648098464114,-0.018245636963206205,-0.045232918205037664,-0.02055187985209793,0.022389188928529043,0.9755404333542639,0.0001935612411910711,0.0002479393274272304,0.00012447694734036885
0.07359180972147525,-0.10828652933936939,-0.3567691714787888,-0.029866871935541665,0.028849852371910803,-0.035060697173246294,-0.022026002641143454,0.03296858683957756,0.9773571598873687,-0.0001632079302877177,0.00032153113714870565,1.6190418000999447e-05
0.08604008192264857,-0.005788435696137906,-0.28903940441946985,-0.024298824029937754,0.03579508954772734,-0.06101931585260662,-0.02060251646502834,0.029110763433706235,0.9674476222548944,-0.00045224733470718755,0.0004075712190713542,1.0401982304861544e-05
0.012334516206011337,-0.1283242740356157,-0.24713864782606512,-0.08476535677376708,-0.028439194287250304,-0.011174375282938865,-0.03185003922231826,0.03204845770367342,0.9676869422802616,-0.0006993859825332527,0.0004199057352773655,-0.00011792229173075415
0.03443669270227273,-0.1962541874132594,-0.28484049593889904,-0.02942769852355521,0.002434110795441122,-0.005662799433319548,-0.028903975694159534,0.03000511002144019,0.9660036805855806,-0.0009842264784721518,0.0004543424279796382,-0.0003141764791440135
0.13630545100375605,-0.2338304306217085,-0.29732840336332866,0.03875700593599822,-0.04355805725379369,0.023992286983241087,-0.02155930309170613,0.02841588463646309,0.9713724167176794,-0.0012815548818354806,0.0005906478789833945,-0.000548006909765722
0.13171771044293315,-0.09762499348178372,-0.24813504993091,0.016845972074093243,-0.025894907545889592,-0.010552006740200204,-0.028856825072958642,0.026522473564026827,0.9788978455345773,-0.0015296899317663905,0.0007223655894263275,-0.0006456319032475058
0.19723150022351582,-0.21041734377518412,-0.17793125193344111,0.011890299213109155,-0.06393342045410556,-0.008981771084905258,-0.024189414380848036,0.04421409537980657,0.9728560978863015,-0.0017076211836998317,0.0009195970896498434,-0.0008560492470226898
0.10769654719964813,-0.10073331829334797,-0.19222198253967399,-0.0031976547142042447,-0.03969078035965708,-0.045046292598541586,-0.028212994557111758,0.030979672899591866,0.9647758975854969,-0.0018998431662395057,0.0010272936368494914,-0.0009567825653160379
0.032312848415796264,-0.13799898847381717,-0.26440418013460987,0.06986536676780852,-0.03424274897170272,0.004180890612730322,-0.0153737127299166,0.02900626553976292,0.967018876623105,-0.002164247346374116,0.0010596064852652876,-0.0010947815537898553
0.1815637635359315,-0.1874663028319648,-0.16488024212225116,0.04687041535132561,-0.10958801725390757,0.005159267271337453,-0.020646877067066926,0.03326829398027773,0.9637783394758771,-0.002329127588496367,0.001241170248801219,-0.00128224785662182
0.10203631572774088,-0.1927482705423908,-0.04872269614231063,0.026740343480115777,-0.0676862490024696,0.0007993757657880959,-0.017428510316588024,0.03380468916637405,0.9639876280813406,-0.002377850284638678,0.00134320656452896,-0.0014749961271642107
0.0796393586599598,0.03818620482223506,-0.053505864993995844,0.03324528015256129,-0.08491444664252372,0.06677289936845053,-0.01945026745281942,0.028639031507253564,0.9714877169636498,-0.0024313561496326734,0.0014228459231889197,-0.0014368099223419758
0.0901219311715003,-0.11190310174037628,0.01747143198922738,0.06181993532432465,-0.07072307117739983,0.028726560686014473,-0.01997221799123685,0.026217123372093885,0.956581115652492,-0.0024138847176434462,0.00151296785436042,-0.001548713024082352
0.12681742480184255,-0.009495109810673787,0.12600315974288048,0.05127602279319759,-0.07766766659074657,0.036296696551143606,-0.019155466187121637,0.030022263281603716,0.9652347356474471,-0.0022878815579005654,0.0016397852791622627,-0.0015582081338930257
0.19671818213236536,0.016751346572508215,0.05183619683359589,0.06696408441594154,-0.15220804738782276,0.047278290338008754,-0.016936168487376866,0.03371136234029074,0.9667423153559161,-0.0022360453610669696,0.0018365034612946281,-0.0015414567873205175
-0.08406855061416273,0.0026286874593114858,0.1788420267806444,0.0028701056400494904,-0.04371806910494177,0.02000969132794593,-0.03344216875604918,0.025194323633563876,0.964167945511566,-0.0020572033342863253,0.001752434910680465,-0.001538828099861206
0.05071034478894582,0.023847411501438903,0.1668490340946124,0.046004026106628654,-0.03231222519121973,0.008502171479620497,-0.020900674799688393,0.03009531962008507,0.9679927759966305,-0.001890354300191713,0.0018031452554694112,-0.001514980688359767
0.16863814068652325,0.09124068295463898,0.1765080395905927,0.026820982702329615,-0.06836157799770236,0.03787329357259508,-0.014836734656964765,0.03701321290708959,0.9745170896721946,-0.00171384626060112,0.001971783396155934,-0.0014237400054051281
0.004222101027145712,0.07536076761452175,0.25092106107589174,0.025585458254175648,-0.08179695824792842,0.06527745340606983,-0.013583478507344444,0.028599254020726946,0.968926983473488,-0.0014629251995252283,0.00197600549718308,-0.001348379237790606
-0.005613796637307142,0.09115652917895563,0.218209222311035,0.023686374339015322,-0.008514065865681004,0.039804002414861865,-0.015809082936844493,0.03274058644106642,0.9674346338226538,-0.0012447159772141932,0.0019703917005457726,-0.0012572227086116506
-0.03008692281533005,0.14278098737344808,0.3551163119032617,0.02247509115246009,-0.0347258546035788,0.026364119318110987,-0.02169310495328834,0.030067246830984013,0.9673526504779129,-0.0008895996653109315,0.0019403047777304429,-0.0011144417212382025
0.06860379799138494,0.18639962734274537,0.20999074138654514,0.036201594295533546,-0.020014579636372612,0.06728317773703738,-0.022930679422610747,0.027680413821687556,0.9657975946280988,-0.0006796089239243864,0.0020089085757218276,-0.0009280420938954572
-0.04878339852515057,0.2361969588316139,0.18434486614718226,0.014855092748524087,-0.01430830937794315,0.0643478688196078,-0.018515942301595777,0.026183289132307226,0.9649952017674709,-0.0004952640577772041,0.001960125177196677,-0.0006918451350638433
-0.1309540512422706,0.18501362426826015,0.17791080901046447,0.003997110547273891,0.01268240258669625,0.02994805470338221,-0.019069892536069333,0.02935465658077004,0.9734996186655765,-0.0003173532487667396,0.0018291711259544063,-0.0005068315107955831
-0.09584231522728232,0.17674680642418789,0.2496015479140162,-0.003500507132888863,-0.005296811172168098,0.042533991641716805,-0.02954810230194364,0.027803585295385784,0.9683398488437138,-6.77517008527234e-05,0.001733328810727124,-0.0003300847043713952
-0.04256851617302508,0.2662692095001934,0.17775142651701642,0.00803861074844411,0.01081490615807198,-0.00804574623567877,-0.018057809519780654,0.025854424400666955,0.9756842583176811,0.00010999972566429303,0.0016907602945540991,-6.381549487120181e-05
-0.17568897559025393,0.13811097864363003,0.14502724586605928,-0.0050372530697020915,0.09424122122997967,0.041466445746740355,-0.0282403236341487,0.03539166720746935,0.9661504026722353,0.0002550269715303523,0.001515071318963845,7.429548377242824e-05
-0.09125836379392097,0.12540588081203133,0.1460781025514239,-0.006152765148427803,0.005925967105181697,0.004083839521596761,-0.01088245864155062,0.02846330716977531,0.9644420332246224,0.0004011050740817762,0.001423812955169924,0.00019970136458445956
-0.1614855038079379,0.20488335730703322,-0.07542419854811143,0.031793463500681594,0.024348006988840563,0.018639774936925688,-0.016385310347043533,0.028150087262251294,0.9722749460242222,0.0003256808755336648,0.0012623274513619861,0.0004045847218914928
-0.21907505480330297,0.10802408031187002,-0.12681087190835028,-0.01370271816460901,0.01049087848983006,-0.028286558296792268,-0.02134627858245246,0.029681874851574714,0.9793802493603625,0.0001988700036253145,0.001043252396558683,0.0005126088022033629
-0.2241893569573506,0.08963325065583624,-0.08005377504285975,-0.045195720931967644,0.0641279814230559,0.022005533735425686,-0.027315453024655115,0.03372232186860241,0.9665480896323094,0.00011881622858245474,0.0008190630396013326,0.0006022420528591991
-0.17264803455597816,0.02787498735781667,-0.17151705221774666,-0.11051515833517847,0.04665995970434151,-0.07726618499075129,-0.01471295643624589,0.02209099157552343,0.9718412462987535,-5.270082363529193e-05,0.0006464150050453543,0.0006301170402170158
-0.2472137115024874,0.03609331822260729,-0.16466035534586743,-0.1114715926304217,0.07764465883185014,-0.036473830268410064,-0.019173708654001472,0.021277789586134636,0.9735778155743555,-0.00021736117898115936,0.00039920129354286695,0.0006662103584396231
-0.3706337288699766,0.08544286060681189,-0.35927770518277735,-0.02913838439622889,0.04547614375331962,-0.0492127139219505,-0.028537753786450983,0.022129164984128563,0.9689508985203654,-0.0005766388841639368,2.8567564672890345e-05,0.0007516532190464349
-0.2737307444552571,-0.11603216986177196,-0.3158465382163374,-0.06474431049348357,0.06622895653771592,-0.0686405703597291,-0.01580861031521434,0.02965548155513301,0.9711528332844114,-0.0008924854223802741,-0.00024516317978236674,0.0006356210491846629
-0.28638319295338044,-0.002769512217344179,-0.39229883204002214,-0.024867638620793067,0.06563114514071215,-0.03299413860840655,-0.014604760055698492,0.03187096872087554,0.9582028035187784,-0.0012847842544202962,-0.0005315463727357473,0.0006328515369673187
-0.23598104296463368,-0.18243000956651267,-0.27544476336362866,-0.13087228737165793,0.06473699789854868,-0.06322785117569935,-0.022605587329798567,0.028365001172258365,0.9677948042840322,-0.0015602290177839247,-0.0007675274157003809,0.00045042152740080603
-0.24799981608400964,-0.14313397054052976,-0.5028462305960475,-0.04576467111531112,0.014283440313758753,-0.10390375860191205,-0.02204249545386684,0.023806026940814014,0.9700551034481651,-0.002063075248379972,-0.0010155272317843905,0.00030728755686027626
-0.16995697670226015,-0.2040976973335749,-0.3961396273468564,-0.06301281621025459,0.04884264560730857,-0.06113329571617835,-0.019575431195629097,0.023379956162716802,0.971232042023245,-0.002459214875726829,-0.0011854842084866506,0.00010318985952670128
-0.27842818668737274,-0.055316285937581394,-0.3424518687546855,-0.04996751480668532,0.044237240700339873,-0.06427563399157839,-0.016158102670011935,0.021793817594629873,0.9705425579186188,-0.002801666744481514,-0.0014639123951740234,4.787357358911989e-05
-0.23841345758033453,-0.18375209504294004,-0.32722060540522124,-0.09841023427184968,0.017880420254017662,-0.07194347394467888,-0.017432818340195097,0.024698101123358865,0.9764397673743681,-0.0031288873498867354,-0.0017023258527543578,-0.00013587852145382018
-0.23036818838274095,-0.325616260227306,-0.41679854306072256,-0.06848517232524037,0.003172540314659995,-0.024119224335146766,-0.014222337288731356,0.03304763197190724,0.9663954046175481,-0.0035456858929474584,-0.0019326940411370987,-0.00046149478168112614
-0.12653520603826338,-0.3363479477918587,-0.31807077801446365,-0.08455696735958831,0.02230624755270927,0.032535980661686295,-0.026618972233572177,0.017287016834528053,0.9720819818702853,-0.0038637566709619217,-0.0020592292471753623,-0.0007978427294729848
-0.13915917572513722,-0.206190033106724,-0.30829636730518123,-0.03276914463952703,-0.018014856422814467,-0.02841848672494548,-0.00474188081983851,0.034131794084723985,0.9644048811527669,-0.004172053038267102,-0.0021983884229004997,-0.0010040327625797088
-0.11600830483177665,-0.3429516059381461,-0.2806440430569567,-0.0365355430037343,-0.01507255622997979,-0.06232193428257995,-0.020404539502800804,0.01449868824789945,0.960592157086945,-0.00445269708132406,-0.002314396727732276,-0.001346984368517855
-0.105681981659769,-0.25626189453299036,-0.1342549501303846,0.0014422349554490607,0.0090947007900827,0.020878348971757457,-0.024098930945541493,0.02153139338063536,0.9671917208205851,-0.004586952031454444,-0.0024200787093920455,-0.0016032462630508452
-0.1250639435382432,-0.4551405046914348,-0.0969317216990956,-0.014246739365862656,-0.012748867193632489,-0.018961185308833922,-0.006837634703719333,0.02088436083967955,0.9753817437419781,-0.004683883753153539,-0.002545142652930288,-0.00205838676774228
-0.15388212260903267,-0.3099728358233703,0.007738429599833854,-0.0016438266382388846,-0.07428770938648577,-0.01687272559691387,-0.017938447975683825,0.029175027963495786,0.9707103803575655,-0.004676145323553706,-0.002699024775539321,-0.0023683596035656506
-0.1045340151543339,-0.335285730789845,0.08525088742472305,0.015539462441307078,-0.0773987279910673,0.024267541504951473,-0.025101232081085598,0.022339417006343315,0.9674545234334366,-0.004590894436128983,-0.002803558790693655,-0.0027036453343554953
0.021742416062989964,-0.2821498302093421,0.009270955527981586,0.04158956021251835,-0.0707142939572685,0.012983338901013,-0.014228153313436288,0.018860347944038527,0.9681453982253175,-0.004581623480601001,-0.002781816374630665,-0.0029857951645648373
-0.01571809320829807,-0.2808357898141652,0.1445860251604723,0.09194047853105689,-0.03709823956037259,0.036798908790428034,-0.020043914275601166,0.01135326012387977,0.9750576877050828,-0.004437037455440529,-0.002797534467838963,-0.0032666309543790024
-0.027639408638598092,-0.2582271726249836,0.1793635888117903,0.003916572726462309,-0.11872619300599922,0.09906755399549831,-0.009696558164467992,0.026037901370870656,0.9623113702516437,-0.004257673866628738,-0.0028251738764775614,-0.003524858127003986
0.06229420988417364,-0.33935872308415005,0.28493848256307774,0.057944062784921355,-0.10425016250820343,0.03691801963113888,-0.01832517236486085,0.03154648960298956,0.9657032726472924,-0.00397273538406566,-0.0027628796665933875,-0.0038642168500881363
0.12095112658203412,-0.1041207644592893,0.40098972124142684,0.09251552028455481,-0.1116521600237068,0.001606478502128304,-0.016194266380093775,0.02047634778673953,0.9578292470318424,-0.0035717456628242337,-0.0026419285400113533,-0.003968337614547426
0.07727684391156822,-0.1118518094309196,0.4152260156686417,0.09162199560836391,-0.07234614480396911,0.038372173540209185,-0.01869764162060667,0.0246043555259894,0.970833838889257,-0.0031565196471555926,-0.0025646516960997857,-0.004080189423978345
0.15551637752837796,-0.04614392169832916,0.3317011977159209,0.08529285680930099,-0.12998133631790576,0.1045943012140378,-0.013728533676797917,0.02288133494595652,0.9713904292846538,-0.0028248184494396715,-0.0024091353185714077,-0.004126333345676673
0.2045613449969763,-0.02297498256825263,0.45931540759184275,0.08188822578739961,-0.13315842054823368,0.10454648442447058,-0.015243174074257978,0.026456719192237323,0.9643745737511233,-0.0023655030418478287,-0.002204573973574431,-0.004149308328244927
0.11335044021663782,-0.11490729057175202,0.5564649707151655,0.06975999594402658,-0.08403953326601399,0.026176094609965353,-0.013448539265918769,0.019616292796168375,0.975346503538015,-0.001809038071132663,-0.0020912235333577934,-0.004264215618816679
0.18800292322436166,0.01547490712584515,0.47223042964900735,0.08081112479070984,-0.12105723792474696,0.06353369756832396,-0.02216129860214784,0.024433878634444725,0.9674196856527987,-0.0013368076414836557,-0.0019032206101334316,-0.004248740711690835
0.1771954464590374,0.06035435026751037,0.5097094459542866,0.08484044036293702,-0.07086334435805419,0.06422393052721262,-0.021177378131166883,0.018643698610680156,0.9663033673388208,-0.000827098195529369,-0.0017260251636743943,-0.004188386361423323
0.19196688253116254,0.13362329032052184,0.5062372305488833,0.07596130473952488,-0.08643099104346894,0.07108868665442925,-0.01901134535423249,0.01640035264023146,0.9674477196523139,-0.0003208609649804858,-0.001534058281143232,-0.004054763071102803
0.2570347751135954,0.2697762534582211,0.30206042508623177,0.11994719464243497,-0.10228430070734525,0.12284180210454541,-0.008417867018429902,0.018474427452856206,0.970762852842408,-1.880053989425401e-05,-0.0012770235060296368,-0.003784986817644581
0.16846475230551095,0.11005091565889438,0.28370481395789404,0.12709266380085107,-0.15222157988960774,0.11244213341338692,-0.023520131483164463,0.022529279753982983,0.9728059839131586,0.00026490427406364005,-0.0011085587537241258,-0.003674935901985687
0.19179283430002386,0.21337646649626305,0.25079104990249196,0.09275170597195188,-0.12254151735303899,0.07385580942398996,-0.006994234025901741,0.013854582832459193,0.9664357805239538,0.000515695323966132,-0.0009167659194241018,-0.003461559435489424
0.28200621021528743,0.1766844168155384,0.21026801253020402,0.10997167851798156,-0.0859657115824718,0.06198191115507347,-0.017972841350548024,0.018667809329343307,0.9630767529361858,0.000725963336496336,-0.0006347597092088144,-0.003284875018673886
0.29926656706969235,0.19553038958352037,0.1421918491948455,0.08087080830200444,-0.07415164634257658,0.06980750884428664,-0.011490024003038283,0.019174001115880954,0.9543567637406197,0.0008681551856911815,-0.0003354931421391221,-0.0030893446290903657
0.2806869439586018,0.2618121612912158,0.13919011029150508,0.08044085988625123,-0.06127096684655614,0.016158444159462958,-0.01893262629774658,0.016278286334140024,0.9659654581933849,0.0010073452959826867,-5.48061981805203e-05,-0.0028275324677991495
0.2092099345511187,0.3511155735856635,0.032077307411839714,0.07533725713488806,-0.08353220926500436,0.0763753831875642,-0.02349169142306126,0.01715176619415545,0.9695286102721037,0.0010394226033945263,0.0001544037363705984,-0.002476416894213486
0.23096011869700125,0.293461587522273,0.05525435232412228,0.022153668132076393,-0.04402571121762927,0.00635679558684636,-0.011773871058520027,0.02401566325226611,0.962683374477777,0.0010946769557186485,0.00038536385506759963,-0.0021829553066912127
0.3284245951870597,0.28991112469430624,0.05717223685957433,0.048308841265244824,-0.03339304215656607,-0.02231210600747794,-0.020212446104290897,0.029663831008742574,0.9649567859314739,0.0011518491925782228,0.0007137884502546594,-0.0018930441819969065
0.25973491790565495,0.3191052081003164,-0.003009372054883913,0.05162633353173053,-0.011538804392779527,-0.008823432306842271,-0.015352800291839797,0.016660137619472354,0.9652830555760019,0.001148839820523339,0.0009735233681603143,-0.0015739389738965903
0.2750589656295447,0.29624699917121655,-0.21254865957454486,-0.05978624434457568,-0.03957931334825014,-0.018699350252785532,-0.02396025677091076,0.025145483021976812,0.9695738732226161,0.0009362911609487941,0.001248582333789859,-0.0012776919747253736
0.2233821483571881,0.30496930941941175,-0.24576190110325524,-0.022305991542942945,0.03534130473718523,-0.014696828066328266,-0.012490618246600112,0.02086893003029226,0.9655112917986401,0.0006905292598455389,0.0014719644821470472,-0.0009727226653059619
0.05162055323408962,0.20551711757085092,-0.20943480385334393,-0.009685254702578902,-0.009142973951332137,-0.051119498226941236,-0.01156791738378077,0.009268450419204132,0.9714747894457462,0.000481094455992195,0.0015235850353811366,-0.0007672055477351111
0.1421054422609474,0.35748279764430263,-0.26076516522783566,0.05392983371591934,0.05658995984901688,-0.01934102690053522,-0.022276040006601487,0.0181382005160304,0.961823256446457,0.00022032929076435935,0.0016656904776420841,-0.0004097227500908084
0.16433674846211999,0.32984465238970395,-0.3850338625991136,0.003209194628627737,0.01847392872777626,-0.07527558079219134,-0.011942986683395624,0.015841742675653213,0.9625586190370771,-0.00016470457183475425,0.0018300272261042043,-7.98780977011045e-05
0.0964492116617622,0.3358311859725676,-0.1152875518189578,-0.0020274088623524877,0.05900107400660724,-0.015880878830338632,-0.022682094070475806,0.01890257731558037,0.9676253861327793,-0.00027999212365371206,0.0019264764377659662,0.00025595308827146317
0.09215788869721851,0.1429383520151578,-0.2886889017635528,-0.013766285808515384,0.08016556689364589,-0.02738467519931099,-0.012689201999653413,0.02393871372838853,0.9755282831471203,-0.0005686810254172649,0.0020186343264631847,0.000398891440286621
0.052987401596348384,0.13342389155641715,-0.24826821493649034,-0.026517021737332818,0.10774419882183078,-0.04852138479197698,-0.01309968222422675,0.014615079663695893,0.961527120012355,-0.0008169492403537551,0.0020716217280595333,0.000532315331843038
0.06830658807433532,0.12756568265765383,-0.19072075823849832,-0.04287713162564179,0.09917817397407348,-0.07073502584704618,-0.014489296420758774,0.01803356342521124,0.9625107140189219,-0.0010076699985922535,0.0021399283161338684,0.000659881014500692
-0.014521038060930042,0.10033465730812853,-0.22151067910895633,-0.01561558656607206,0.08075118994533984,-0.03533509768936758,-0.02440429907690158,0.02046130810991609,0.9636300548898428,-0.00122918067770121,0.002125407278072938,0.0007602156718088204
-0.04099004738391096,0.010629525263835583,-0.04833704015592864,-0.06723560113213356,0.140010481754799,-0.06349736579860342,-0.024280675457152203,0.0185618269458027,0.9660654203191252,-0.0012775177178571385,0.002084417230689027,0.000770845197072656
-0.06659922843253985,0.00843056408290786,-0.08211715163655436,-0.02454712049314329,0.11551947954512107,-0.008800066388170732,-0.02037424561112304,0.012990347925957794,0.9590706063330038,-0.001359634869493693,0.0020178180022564873,0.0007792757611555639
-0.054642980585383596,-0.06775649735905917,-0.05192153045462754,-0.024226850183660935,0.13297257182819744,-0.05922958241927042,-0.024951499840505174,0.026132082267757803,0.9562262522198448,-0.0014115563999483203,0.001963175021671104,0.0007115192637965047
-0.1418767814158216,-0.04583631332442306,0.03377473204784473,-0.04296189155746867,0.10875134551725184,-0.058811817295706274,-0.018162906317921015,0.012436457984661505,0.9603527568851998,-0.0013777816679004756,0.0018212982402552825,0.0006656829504720816
0.04608958099408078,-0.02663773740980041,0.06479275516478686,-0.0014582745387041254,0.10119832511734621,-0.01803466747444219,-0.005810611790291735,0.02210637223936296,0.9682892926927278,-0.0013129889127356886,0.0018673878212493633,0.0006390452130622813
-0.15149190156226494,-0.13077931462323453,0.0800519740398536,-0.04114386261317385,0.11704945140879924,-0.001419573748696423,-0.018787010441930894,0.013575016876723273,0.9612638728774191,-0.001232936938695835,0.0017158959196870984,0.0005082658984390467
-0.04616580315216194,-0.09667367707099403,0.07974423109041112,-0.05187309883336681,0.12515512150375316,0.017229106810104214,-0.0180635872250437,0.02772719961301659,0.9627580639884066,-0.001153192707605424,0.0016697301165349366,0.0004115922213680527
-0.17889574823182103,-0.18867449807330045,0.16417427365887505,-0.06012885554142172,0.12529124578274445,0.017205307838225374,-0.011286195760023994,0.013010531814071124,0.9523353502432805,-0.000989018433946549,0.0014908343683031153,0.00022291772329475218
-0.10895128086863595,-0.17321752868558918,0.33007015327522293,0.0113673863646426,0.06333189837594008,0.037257792088187934,-0.019470689188794223,0.008557656916998977,0.9662166964748438,-0.000658948280671326,0.0013818830874344793,4.9700194609163e-05
-0.1559118507569621,-0.09858336678096803,0.2580899203055372,-0.0234429983398122,0.04046199508788594,0.041414273199488504,-0.015041097568481404,0.017940555477229694,0.9500122345319189,-0.0004008583603657889,0.0012259712366775174,-4.888317217180504e-05
-0.1274025251432182,-0.1589523054177941,0.25998685665675286,0.015581679250710235,0.0615955962206774,0.10385462494421491,-0.01755599058080521,0.02230148130869833,0.9686911958416908,-0.00014087150370903603,0.001098568711534299,-0.00020783547758959913
-0.11564039563652581,-0.13998680260841811,0.3178966495091899,0.04262319297912748,0.0775910779048642,0.08126128856790228,-0.012477745679561902,0.016637577992092863,0.9786965436069861,0.00017702514580015389,0.000982928315897773,-0.00034782228019801726
-0.16075125477958777,-0.14036866395499903,0.32363889487978637,0.026596912683600177,0.046807041268952375,0.0005298216860158116,-0.011397903696463426,0.009067533708129488,0.9657044747396746,0.0005006640406799403,0.0008221770611181855,-0.0004881909441530163
-0.03619325734319234,-0.25835318474116087,0.192144333214539,0.05253774524273642,0.006037789318252705,0.05960931485085854,-0.02101721271912905,0.016774721803990998,0.9630328432634608,0.0006928083738944792,0.0007859838037749932,-0.0007465441288941773
-0.04665778267336698,-0.2181921545415869,0.24922310203372858,0.05319485519920734,0.02591453290045111,0.08179467371651676,-0.013647757403704565,0.017659130249024695,0.9692461899668805,0.0009420314759282077,0.0007393260211016262,-0.0009647362834357642
-0.14774520366141491,-0.22657246823326618,0.22336635734783233,0.05702117387055146,0.014344924913167542,0.041531504507824585,-0.014065175658664105,0.01008782812621993,0.9673403432130545,0.0011653978332760403,0.0005915808174402114,-0.0011913087516690305
-0.2151363193367315,0.03329368677989786,0.18118160779851744,0.04138523927924159,-0.011742527722426456,0.07042168126408381,-0.019493624729935863,0.0020930240689824783,0.9586522908910907,0.0013465794410745576,0.0003764444981034798,-0.0011580150648891326
-0.034821825009687835,-0.01627028680074631,0.18464385855790116,0.0911498662317169,0.01493544299561744,0.09088624495452173,-0.008225475791606629,0.009857444287478593,0.9574765954990099,0.0015312232996324586,0.000341622673093792,-0.001174285351689879
-0.14125233738522747,0.04656874164415119,0.09967310509707264,0.03466112165208098,0.030973553716844227,0.03582752979601551,-0.020759341942684726,0.019588494547290558,0.9603119324014526,0.0016308964047295313,0.0002003703357085645,-0.0011277166100457277
-0.13186957640692593,-0.11559650570277141,0.0763284235953985,0.039719285132252403,0.019795903569263057,0.009125760092337223,-0.016421243669275592,0.010297412472765988,0.9713993098192734,0.0017072248283249297,6.850075930163857e-05,-0.0012433131157484991
-0.1246943155339231,-0.045021079880727274,0.0378512152055296,0.07581964106153818,-0.0460976804940863,0.01102237086722793,-0.022576156778557423,0.01641183005658195,0.9638448620802413,0.0017450760435304595,-5.619355623228454e-05,-0.0012883341956292267
-0.09164160598054333,0.05099356102628884,-0.076135315550645,0.049998614593366866,-0.004956068321037373,0.010913463855588225,-0.015543761124298967,0.012629757986093015,0.9625893651505647,0.0016689407279798147,-0.00014783516221282786,-0.0012373406346029379
0.010412852283318383,-0.0072723103478958065,-0.016197647392067915,0.06309446389578417,-0.03757596457525205,0.031975395678019713,-0.01136101118159699,0.01691578705357775,0.9655942169601694,0.0016527430805877465,-0.0001374223099295095,-0.0012446129449508335
-0.10761491031454529,0.15354558645323882,-0.2512896140760927,0.06979143702987384,-0.05244608108384371,0.04325687821214983,-0.013433888251154933,0.013581390785447877,0.9629702869521016,0.001401453466511654,-0.0002450372202440548,-0.0010910673584975945
0.033692330685134934,0.10772989735910433,-0.29886808313825425,0.05867985729226971,-0.050938215436414504,0.015836326495913836,-0.006324013256682748,0.019148025717406363,0.9668353381028121,0.0011025853833733995,-0.00021134488955891983,-0.0009833374611384902
0.12089244667970062,0.012619327155827434,-0.4063106990621549,0.04101875264026469,-0.0701842026420019,-0.014741594962632427,-0.015766838807440557,0.02506363861941257,0.963518808501491,0.0006962746843112448,-9.045244287921923e-05,-0.0009707181339826628
0.06763217698954077,0.13534812430180346,-0.43993481408203206,0.04923231592423341,-0.07118677562319886,0.01073090471807043,-0.01702585180568747,0.012620960808808328,0.9555288801254516,0.0002563398702292127,-2.282026588967845e-05,-0.0008353700096808593
0.034202994072672126,0.1983970675851125,-0.2927108061541928,0.040200278583869216,-0.10199782769275993,0.00607236733898806,-0.012949132502545573,0.0217218505943654,0.9669792739474778,-3.637093592498014e-05,1.1382728182993677e-05,-0.0006369729420957469
0.08642570790801135,0.17652012211741086,-0.4254723590277751,0.032943473585072776,-0.06996880917894022,-0.038080399537437484,-0.01629371718873285,0.012491245201163358,0.963567460229376,-0.0004618432949527553,9.780843609100503e-05,-0.000460452819978336
0.12222370821308562,0.31809960307292057,-0.41169364788763885,0.002725285722964526,-0.062261466115232894,-0.016131059414278545,-0.018244076965390037,0.00822051043305619,0.9566441136242423,-0.0008735369428403941,0.00022003214430409065,-0.0001423532169054154
0.0720369748075945,0.1561517974901503,-0.42417370196526805,0.01379223784246611,-0.05882646665594765,-0.0350857882455478,-0.014849408369542839,0.01176602698024009,0.9704132818277919,-0.0012977106448056623,0.00029206911911168514,1.3798580584734876e-05
0.15029123316355675,0.19479323280664224,-0.4684707740348004,-0.0085323439562365,-0.1346900696659945,-0.026160976899683837,-0.01986483206353483,0.005013901746513835,0.9619272533355975,-0.0017661814188404627,0.00044236035227524195,0.00020859181339137712
0.15547233453077047,0.13079116724845713,-0.4362446507585307,-0.029598563873574464,-0.06519429703018734,-0.08459311365488933,-0.0176635106129349,0.009547931640574457,0.9661012858422269,-0.002202426069598993,0.0005978326868060125,0.00033938298063983425
0.1001845169240983,0.19836060507391662,-0.4168822005719482,-0.028293848256385312,-0.05432739900519261,-0.05291614784712317,-0.011240812577585232,0.0062665547542618515,0.9557687304059532,-0.0026193082701709415,0.0006980172037301107,0.000537743585713751
0.16738586506519826,0.13424307169623764,-0.3750420971836363,-0.08659955841515621,-0.01743740895718952,-0.07792922844261496,-0.012502134520358511,0.01402673300628355,0.9680984364892096,-0.002994350367354578,0.0008654030687953089,0.0006719866574099886
0.1510935603136148,0.2537961806685824,-0.20280117684312565,-0.07914022754170001,-0.061070756723628154,-0.029477309823460404,-0.011256816234915906,0.002271201448455445,0.9692311392868431,-0.003197151544197703,0.0010164966291089238,0.0009257828380785709
0.23232625499673948,0.15676421897243895,-0.23965871120249654,-0.07244475456167979,-0.018879619510625504,-0.05369770523621333,-0.017626235962616813,0.009243101689147033,0.9647111357799808,-0.0034368102554001995,0.0012488228841056634,0.0010825470570510099
0.12657930679065782,0.12279872655177482,-0.17532519514793213,-0.023425050462101037,0.02725837506354383,-0.07575937748713871,-0.02183094771960107,0.011396110881538364,0.9649387928538554,-0.003612135450548132,0.001375402190896321,0.001205345783602785
0.11800052276303696,0.06284292659642154,-0.1064983902395453,-0.03915595299324143,-0.03592945282751021,-0.0560812564136021,-0.016189297836805366,0.013121960715669609,0.9654956290479407,-0.0037186338407876767,0.001493402713659358,0.0012681887101992065
0.15509557763413348,0.0065521303036760285,-0.050468467141500085,-0.05379418124722698,-0.02192455399416594,-0.04735896866051429,-0.025889986478812795,0.009008175678831458,0.962118367101497,-0.0037691023079291773,0.0016484982912934915,0.0012747408405028825
0.09352324911664377,-0.10961599390855548,0.034063266427797875,-0.057965573060723086,0.03829317752166523,-0.021707644626864107,-0.01643548309758039,0.011250862792998894,0.9615950297975753,-0.0037350390415013795,0.0017420215404101353,0.001165124846594327
0.10674545764118537,0.09701038722747962,0.11509281558865911,-0.14305994815742162,0.034121006676235965,-0.05017089590013131,-0.01760641466005786,0.004010997098018363,0.9695140236521345,-0.00361994622591272,0.0018487669980513208,0.0012621352338218067
0.16062677364779399,-0.016495170314662494,0.22258282962170683,-0.1027837194183298,0.02487214302662204,-0.014276212651051392,-0.01476515453662251,0.012705185615576427,0.9587685875903891,-0.003397363396291013,0.0020093937716991147,0.001245640063507144
-0.01575355494905488,-0.23452971566941383,0.19717985464800505,-0.06698434187766755,0.03781209386130656,-0.045562116466527476,-0.01021680557316612,0.007026373540033878,0.9650689557009131,-0.0032001835416430088,0.00199364021675006,0.0010111103478377302
0.012297059658288305,-0.1904811384129974,0.36167971247167885,-0.056178237434198613,0.03582309472002746,-0.020140338532981812,-0.0160790931619537,0.008970047218886747,0.9581795843192398,-0.0028385038291713293,0.002005937276408348,0.0008206292094247328
0.12297595777840135,-0.1774293391247376,0.38357308762491304,-0.047055144191177956,0.0006196068159754365,-0.034540526111352735,-0.011180382604773588,0.008082119476955148,0.9659873519399883,-0.0024549307415464164,0.0021289132341867495,0.0006431998702999952
0.021065725186861006,-0.2657957229621742,0.38184003103774683,-0.03759190459843441,0.05264277347387269,0.08337716291294271,-0.008678163687122615,0.004069009141372774,0.9613269705129968,-0.0020730907105086693,0.0021499789593736104,0.000377404147337821
-0.07591852614969798,-0.23103295165072488,0.4158836864826792,-0.07754728253022175,0.07624490769334515,-0.037131520612636006,-0.013818044308300501,0.006347277806360206,0.9696300349360587,-0.0016572070240259903,0.002074060433223912,0.0001463711956870961
-0.07258914875354969,-0.08974575776263868,0.4478261697792727,-0.0601590879788269,0.04073356228560238,0.04761623991248777,-0.014083233277187041,0.006663989495829703,0.9538183672161041,-0.0012093808542467176,0.0020014712844703625,5.66254379244574e-05
-0.046845865293626845,-0.34425553305948053,0.48092379693058385,0.016907024917960752,0.031728262029978804,0.052486832413451534,-0.013177719160371389,0.012496564252187911,0.9665588803111996,-0.0007284570573161337,0.0019546254191767356,-0.00028763009513502316
0.007290185750279142,-0.32031340240642764,0.41978991778930286,-0.019394481015154747,0.030146985869589853,0.07770215290164477,-0.011596856747410265,0.007716931610366844,0.9541102719691082,-0.0003086671395268308,0.001961915604927015,-0.0006079434975414509
-0.08361413744377777,-0.33037812944750844,0.4144843117186601,-0.07652399017581807,0.06327229320372636,0.06950659242634677,-0.01453322207040971,0.008373718481180013,0.9666977256995749,0.00010581717219182935,0.0018783014674832372,-0.0009383216269889593
-0.16476800708724554,-0.2888602284976876,0.3879844770493553,-0.0037128516896872896,0.04058891370836834,0.02733499409472226,-0.017262957753841873,0.018112970451021004,0.9659703467410538,0.0004938016492411847,0.0017135334603959917,-0.001227181855486647
-0.05907082299595757,-0.2438773136658214,0.36769411081527986,-0.017718722737563836,0.07841775043894826,0.02345780157924922,-0.016807303035984482,0.019102411139647703,0.9617531726611972,0.0008614957600564647,0.0016544626374000342,-0.0014710591691524683
-0.15389633930374752,-0.3113242968555723,0.24240639247486148,0.022950928828728977,0.032408118780213234,0.1040313858406964,-0.01614106865688302,0.00025042228073428145,0.9518403527023301,0.001103902152531326,0.0015005662980962864,-0.0017823834660080408
-0.14307651263834403,-0.29387154071829613,0.32539961205739604,0.02054205733848416,0.027624158986438153,0.06675820965647679,-0.011766817544960633,0.0013667159060070195,0.9593564158375065,0.0014293017645887222,0.0013574897854579425,-0.002076255006726337
-0.20195340595023428,-0.26657635409515695,0.2541868317763145,0.049609341901346395,-0.004597795375744783,0.09807504111910091,-0.019700276253852622,0.006899158524870785,0.9672467212983451,0.0016834885963650367,0.001155536379507708,-0.002342831360821494
-0.3157029565566052,-0.270174753768677,0.1325793721713173,0.030091949276388256,-0.000630422010383205,0.10290515928118565,-0.01681514631017158,0.006475184473133298,0.9542435550536347,0.001816067968536354,0.0008398334229511029,-0.002613006114590171
-0.15627092598038028,-0.2257802235793666,0.1724604892758635,0.04855606315631994,-0.00251502350106355,0.07587152481399542,-0.02186241859099553,0.0048714900730499455,0.9655622769634243,0.0019885284578122176,0.0006835624969707227,-0.002838786338169537
-0.1768132416607808,-0.2611984308937801,0.103968762127613,0.08696551161516748,-0.009175974949228555,0.12272272901184444,-0.02253645836353599,0.00424098987457165,0.9569593669522748,0.0020924972199398303,0.0005067492553099418,-0.0030999847690633174
-0.17456759360498497,-0.18410295371113156,-0.11047518029993594,0.07872717735048664,-0.008890620481185019,0.04281679978914394,-0.011829168388498535,0.0015658699035413668,0.9634513244127169,0.001982022039639894,0.0003321816617049568,-0.003284087722774449
-0.20463530960469334,-0.09636577087903624,-0.0369558526971553,0.08041652212679644,0.030106247784922678,0.10620108132990337,-0.010454356644939926,0.00538671571777983,0.971281495758096,0.001945066186942739,0.00012754635210026344,-0.0033804534936534847
-0.24671732644319008,0.009324414237598347,-0.13754435712430976,0.14070652254855365,-0.06298107052341204,0.06878267643618634,-0.010245087596491103,-0.0026916831290695028,0.9590943764401484,0.0018075218298184291,-0.00011917097434292665,-0.003371129079415887
-0.30605983754599836,-0.05548711088216092,-0.2813747533802574,0.024735458118578895,-0.010714418741182266,0.031827752677470594,-0.011081055078805989,0.006744635076999888,0.9643109708535946,0.0015261470764381718,-0.000425230811888925,-0.003426616190298048
-0.2016468290836099,-0.0626404631738244,-0.2608600472216636,0.05825138328259945,-0.031246167888218365,0.029260791930592993,-0.022655125230789386,0.009649360749094105,0.9628669389008452,0.0012652870292165083,-0.0006268776409725349,-0.003489256653471872
-0.2849335123633246,0.0331406000114093,-0.29662191422046835,0.05560881134176089,-0.05446770945738717,0.04784914922240404,-0.009931424013989859,0.0007436496927679922,0.9610442164846333,0.0009686651149960398,-0.0009118111533358595,-0.0034561160534604626
-0.1784232319829438,0.1358062897308394,-0.3315177835314607,0.08837980923128767,-0.0631969393010388,0.004441761547996229,-0.004498644222260224,0.0060643082969907116,0.9663386422401278,0.0006371473314645791,-0.0010902343853188034,-0.0033203097637296234
-0.2841481988889772,0.11863704841439666,-0.20414252539702232,0.11221890622035931,-0.05821354640320323,0.06434251827912114,-0.0144233690479257,0.010764533455855894,0.9655206794008647,0.00043300480606755674,-0.0013743825842077806,-0.0032016727153152263
-0.18968358980796696,0.15199626716740736,-0.25750393533417376,0.013698625277851074,-0.08576096069704536,0.008853645869182941,-0.015164954428686369,-0.001526955373520396,0.9657320248577076,0.00017550087073338295,-0.0015640661740157474,-0.003049676448147819
-0.16068380778951347,0.13802221503047202,-0.288574082774683,0.11929604942243954,-0.13378268738876364,0.03621488575135809,-0.004629637788193534,0.005833218665583695,0.9625668224121825,-0.00011307321204130005,-0.0017247499818052608,-0.0029116542331173475
-0.14571417449005283,0.21158908658576572,-0.17555496846941915,0.05814691513707089,-0.057137562047026004,-0.0034135360209264966,-0.016728960776145434,0.007513371322857376,0.9619887843115487,-0.0002886281805107192,-0.0018704641562953138,-0.0027000651465315818
-0.0817928664424345,0.2888474720923448,-0.2355683540959404,0.02546891459164377,-0.14732591422638436,-0.022045735691573393,-0.009948730953043949,-0.001406369105906101,0.9530388360666345,-0.0005241965346066596,-0.001952257022737748,-0.002411217674439237
-0.22232634062014356,0.2488749929395295,-0.22593229831956654,0.09209582899027094,-0.11540955567007377,-0.03892665311415318,-0.009328366246527654,0.015180337703458672,0.9648780801157406,-0.0007501288329262262,-0.0021745833633578914,-0.002162342681499707
-0.10905794319019639,0.2720027609959355,-0.07963368538984757,0.028247581642606046,-0.09898494741095153,-0.037005435800397946,-0.01228066890471937,0.0016721824019292428,0.9735584802145189,-0.0008297625183160738,-0.002283641306548088,-0.0018903399205037717
0.009907233223067718,0.30895989241777455,-0.12436667052456746,0.05789840674872099,-0.09480214491733135,-0.013617639857669452,-0.012564975085439445,0.005509987914525789,0.9648242611647027,-0.0009541291888406412,-0.0022737340733250204,-0.0015813800280859971
-0.020919351167771744,0.23799392181501225,0.07844053786467271,0.08849401296167939,-0.11759741321944772,-0.032164784042128164,-0.00985066371864969,0.008143024222065136,0.9665809262352288,-0.0008756886509759685,-0.0022946534244927923,-0.001343386106270985
-0.11843366996886079,0.3676584320717573,-0.027557622424612006,0.03332171800139463,-0.08956419338101157,0.02635137514449156,-0.006071738622989655,-0.002383728195078688,0.9610108963185683,-0.0009032462734005804,-0.0024130870944616533,-0.0009757276741992276
-0.08545660012946349,0.22052570632320612,0.09163389696970325,-0.0025656830573878835,-0.1680880674308675,-0.061828839906100365,-0.018985263232933466,0.007972269505114007,0.9619822776922894,-0.0008116123764308772,-0.002498543694591117,-0.0007552019678760216
0.11793671088683665,0.28075821431029174,0.09068310290799023,-0.008798750976380039,-0.1259364593851448,0.0045191331115356555,-0.009933216904953655,0.00541099273414171,0.9646835866657022,-0.000720929273522887,-0.00238060698370428,-0.00047444375356572974
-0.053255056764467415,0.2600859841522111,0.15890483542730693,-0.018396884667951613,-0.14126472588868366,0.0015236250327391367,-0.00588061782377312,0.012317345593553356,0.958274252815149,-0.00056202443809558,-0.0024338620404687475,-0.00021435776941351858
0.09268541084070911,0.28415123846833723,0.11261941596683835,4.454539133593588e-05,-0.09378098906852057,-0.017728029340347222,-0.008491854096555562,0.006642217252118778,0.9648098094846155,-0.0004494050221287417,-0.002341176629628039,6.979346905481864e-05
0.10159122859816645,0.19745129023689484,0.28686019525353595,0.024791474891683058,-0.06433312265507299,-0.003034299138482891,-0.007975889167637744,0.0059002537364243116,0.9610370626610992,-0.0001625448268752057,-0.002239585401029872,0.00026724475929171347
0.11066220607649281,0.3031248058150452,0.2301483567021729,-0.01429850748630296,-0.0863870203073135,0.001135881511359101,-0.01648885797704757,0.002045827801725416,0.9597084149986622,6.760352982696718e-05,-0.002128923194953379,0.0005703695651067586
0.16183829773072828,0.07596060576687191,0.2285482482652484,0.00395403811529391,-0.04707886266166813,-0.031162880955390597,-0.008646558254774677,-0.0016657112692429093,0.9621805322498801,0.0002961517780922156,-0.001967084897222651,0.0006463301708736305
0.205975086856992,0.14037474872125294,0.24512902032453832,-0.0026040847014499394,-0.01222921656283097,0.044028685532662475,-0.010389509895905848,-0.004540248799733986,0.9649975491359093,0.0005412807984167539,-0.001761109810365659,0.0007867049195948835
0.11849858208403485,0.13383667370081537,0.18237889119150733,0.0006838753933333958,-0.01117807867016675,0.006247770957383712,-0.01862553678249922,0.004799925795242305,0.9622647055473587,0.0007236596896082613,-0.001642611228281624,0.000920541593295699
0.10632066342519134,0.08049171180771167,0.20658081659386804,-0.0493711722263838,-0.003555440926199481,0.023975329248163604,-0.014634400202213647,-0.0014367139978665438,0.9622263462137421,0.0009302405062021293,-0.0015362905648564325,0.0010010333051034105
0.23763193443303443,-0.019289221640474502,0.21025144519770436,-0.041794469642781225,-0.006757065057807898,0.018255406378496764,-0.0005113909133330277,0.0012897964950805288,0.9712784716672344,0.0011404919513998337,-0.001298658630423398,0.000981744083462936
0.14100440187247978,0.0032245805381063675,0.23469637500425244,-0.028409120292705203,-0.025358952109752357,0.02157194888894491,-0.010654296552439558,0.0012728683166976134,0.9670501786089643,0.0013751883264040861,-0.0011576542285509181,0.0009849686640010424
0.21029530697611232,-0.03416969521732137,0.10059881651222759,-0.09076589873009915,0.016921497179706445,0.007086138639326471,-0.0023890757321544847,-0.003763328695090273,0.959991540701493,0.0014757871429163137,-0.0009473589215748058,0.0009507989687837211
0.16322443927978186,-0.17052516839127552,0.18277002074638596,-0.007714748792227463,0.05410503521146465,0.004211594669210025,-0.0017615450274245771,0.003970046456128412,0.958310591108832,0.0016585571636626999,-0.0007841344822950241,0.0007802738003924456
0.21555302479702382,-0.04721980343594558,0.09341780430688645,-0.037686981401202566,0.03491522602361684,0.017215539490333408,-0.010714873562354519,-0.0026734927058000117,0.9668056583603002,0.0017519749679695863,-0.0005685814574980002,0.0007330539969565
0.2262860563514459,-0.1525045519829107,-0.060139376386358384,-0.02223049112236045,0.08629739814425909,0.045402152142436036,-0.019548397714069445,-0.001706230397782775,0.9666135801413399,0.0016918355915832278,-0.00034229540114655424,0.0005805494449735893
0.22550854619669403,-0.12043350919751888,-0.026679519248245638,0.0005424298896523454,0.08321323810337726,0.05950005363261697,-0.005689993042236987,0.0032978805067630053,0.9646350296489964,0.001665156072334982,-0.00011678685494986019,0.00046011593577607044
0.2851826646316792,-0.13384734653382402,-0.009152308010668492,0.07366318642936273,0.07871043823590686,0.07270852087327236,-0.00795925242125978,0.004691980307198229,0.9687833308572044,0.0016560037643243136,0.000168395809681819,0.0003262685892422464
0.1830752894584892,-0.12065873188768987,-0.25341942392944783,0.004359109761462946,0.10851500777753954,0.03645681106085502,-0.009444316158430497,-0.0010510059747613671,0.9646111132203304,0.0014025843403948658,0.00035147109914030817,0.0002056098573545565
0.052161646045473464,-0.06709571820391375,-0.30816218495983233,0.0126234209597445,0.09135036321688757,0.07757121333592937,-0.007471036064161602,6.358700850751949e-05,0.9607329891933442,0.0010944221554350334,0.00040363274518578164,0.00013851413915064276
0.2089246224933407,-0.1484900114315351,-0.3388837618744768,0.022576892239752136,0.17543637161514722,0.05512721399946394,-0.003479531998525547,-0.003317783815339902,0.964669113758887,0.0007555383935605566,0.0006125573676791223,-9.975872280892335e-06
0.09580101589922377,-0.12095278353335225,-0.2979591618988321,0.08886884645817701,0.10737548597246603,0.04717923572956315,-0.0014058394874645079,-0.010147466951085921,0.9610725384142712,0.0004575792316617244,0.000708358383578346,-0.00013092865581424456
0.16070238661892597,-0.10957570660729803,-0.38010250859802047,0.008580809615842686,0.13818614556344627,0.05423854188837098,-0.007511095538416643,0.00210378652649435,0.9664558527403695,7.747672306370395e-05,0.0008690607701972721,-0.00024050436242154265
0.04282831071510461,-0.11104200687317727,-0.37954860550620356,0.016651878527705468,0.1114106857798973,0.04382619479122828,-0.004537963034157894,-0.005424812828070712,0.9677707485022454,-0.0003020718824424996,0.0009118890809123766,-0.0003515463692947199
0.1539556617604241,-0.20144317308224738,-0.3700208673500377,0.04544174530373888,0.12147908538351158,0.022085889561465497,-0.0112589338963971,0.004241681811397276,0.9621618230870844,-0.0006720927497925373,0.001065844742672801,-0.0005529895423769673
0.17610813104640366,-0.1406738812661977,-0.3574806131624848,0.06875941349050436,0.08572581561235805,0.025387106195572717,-0.006645385204121576,0.005836722314466095,0.9674707113758659,-0.0010295733629550221,0.0012419528737192046,-0.000693663423643165
0.03812898856692834,-0.1522927510985595,-0.4671621107975783,0.03327661147086154,0.09619061033985503,-0.010551319892062328,-0.013044065653487499,-0.00870624212628782,0.9731178979118574,-0.0014967354737526004,0.0012800818622861329,-0.0008459561747417246
0.15803146217008812,-0.15188723082094907,-0.3833027850071409,0.044034639118056954,0.07639403837042073,0.03424996466471132,0.0011246559388627397,-0.003965363432537011,0.9635311029624251,-0.0018800382587597414,0.001438113324456221,-0.0009978434055626737
-0.01929930509750432,-0.08550725305922743,-0.3653117707966645,0.09743017138965032,0.07631434632079835,-0.018557990525806214,-0.009789512466045612,0.0003439080655578872,0.9653610668517159,-0.002245350029556406,0.001418814019358717,-0.001083350658621901
0.15909367930523396,-0.10664105059628447,-0.5000100753949243,0.0329747463587578,0.07384864365494447,-0.018806925242008006,-0.008433220066168578,-0.004054896605072309,0.9618443266009667,-0.0027453601049513303,0.0015779076986639506,-0.0011899917092181855
0.062473415110519334,0.00499009224515902,-0.41774006528542806,0.03489632528104391,0.05587656606451822,0.022581475629717233,-0.007403055270174555,0.003501999114144677,0.9573685674072259,-0.003163100170236758,0.0016403811137744699,-0.0011850016169730265
0.0018280571132918916,-0.009253064917440483,-0.2584885191125128,0.07964058424307136,0.055472527404882725,-0.03725327813747155,-0.011596278897007073,-0.010042725039090147,0.9700196040963458,-0.0034215886893492714,0.0016422091708877618,-0.0011942546818904671
0.043708701061942586,0.06888974061454428,-0.20299852281016983,0.08396065466588076,0.02397473097590229,-0.021573726598946595,-0.0068620595620675455,-0.002827707804189986,0.9634540202816456,-0.003624587212159441,0.0016859178719497046,-0.0011253649412759227
-0.12012496944122589,0.08024721019466795,-0.17474909121159973,-0.013777883209999732,0.028426089019613517,-0.041322299059356284,-0.005038572011709201,-0.0022181895089911073,0.9595996602953387,-0.0037993363033710405,0.0015657929025084786,-0.0010451177310812547
-0.1596334901406575,0.1401357311172611,-0.061507749521758845,0.08911968483811389,0.05961302174149168,-0.04119322738530078,-0.002043140319236386,-0.003377955461856384,0.9642941793652327,-0.0038608440528927995,0.001406159412367821,-0.0009049819999639936
-0.05399582049274726,0.09893326281136133,0.0034219851539485785,0.03324635835226298,0.04381952047211625,-0.05661291339736791,-0.006920234033952749,-0.011137663288142353,0.9639518794000874,-0.0038574220677388507,0.0013521635918750737,-0.0008060487371526324
-0.024185209830892507,0.16112738862821135,0.06160825637396006,0.0802969001470563,0.009299088140789166,-0.07746339143794331,-0.006646501027034408,-0.009548508972398256,0.9620136262177582,-0.0037958138113648905,0.001327978382044181,-0.000644921348524421
-0.08435480618544286,0.1340269556489157,0.1276828407321007,0.02901937924805649,-0.014489123915043098,-0.0661150299675616,-0.002583813650061954,-0.005604778138647144,0.9598837875038422,-0.00366813097063279,0.0012436235758587384,-0.0005108943928755053
-0.22440968366851027,0.1922902141175719,0.1588943688249381,0.0075350452616019525,-0.00888615804015923,-0.08012155699294875,0.00044200399153726967,-0.0026801306642224238,0.9544764232880435,-0.003509236601807852,0.0010192138921902279,-0.0003186041787579333
-0.10790015495381952,0.1825171195528532,0.3540964456592302,0.008738846498209586,-0.008118735530913296,-0.05680334092846693,-0.004238488470818958,-0.004041583833698564,0.9590909584261634,-0.0031551401561486212,0.0009113137372364083,-0.00013608705920508006
-0.033656216162879726,0.19831018338056358,0.3201144382381865,0.0647064552851126,-0.05024301060301686,-0.03669856124036993,-0.010259874930973918,0.0029890382163794875,0.9657610048898635,-0.0028350257179104352,0.0008776575210735285,6.222312417548351e-05
-0.12216872041843242,0.09300845801666527,0.3474987074036739,-0.01888658441641037,-0.010319355054180683,-0.05044135311967121,-0.0035275046042609996,-0.008625350312459616,0.9669090472159292,-0.0024875270105067615,0.0007554888006550962,0.0001552315821921488
-0.13905074434075265,0.11617637437022033,0.43250531929883734,-0.007040038515368666,-0.05400508839907322,-0.00735209626435262,-0.003787816649365842,-0.006814577443091229,0.9602764488911654,-0.002055021691207924,0.0006164380563143435,0.0002714079565623691
-0.09086440970905965,0.15952413193476006,0.24405851788567923,-0.04794780957094735,-0.016220315054466486,-0.03501143344647989,-0.0047183093701302576,0.002411660748063184,0.9689962027313664,-0.0018109631733222446,0.0005255736466052838,0.0004309320884971292
-0.10942760570295486,0.19033519570913807,0.46244647254060445,-0.038078333966059676,-0.050763249518240766,-0.016886282796390324,-0.0022545628909522763,-0.007942622619925725,0.961958995832995,-0.0013485167007816403,0.000416146040902329,0.0006212672842062672
-0.20774280003652235,0.14452253491087821,0.34024866794513,-0.04036670986783204,-0.09764449323659051,-0.031820642816319876,-0.014671173519900329,-0.009317247962276239,0.9597670264635729,-0.0010082680328365103,0.00020840324086580667,0.0007657898191171454
-0.07366905535316152,0.1746645031520736,0.27127136371251226,-0.06579251533515779,-0.11581490878970364,0.02841683680091866,-0.00673618991320384,-0.0018889128342720286,0.9632979511896473,-0.0007369966691239981,0.0001347341855126451,0.0009404543222692191
-0.1244243934010976,0.08843112620249517,0.3680529971365421,-0.0674741288716789,-0.04559301570686971,0.03170845223406401,-0.005101201017041503,-0.00012821596783451142,0.9615948910044084,-0.00036894367198745596,1.0309792111547506e-05,0.0010288854484717144
-0.06287567985035386,0.11974972685200044,0.33010928727826844,-0.022150081790301066,-0.06412331579378702,-0.01790142599555926,-0.004982833969300675,5.073605862803993e-05,0.963409136707646,-3.883438470918754e-05,-5.2565887738806364e-05,0.0011486351753237148
-0.07564994622513183,0.01982570836992417,0.40001617720036386,-0.091325514655277,-0.0731080114034281,-0.008796562318862776,-0.010893081488876851,-0.01065991812129709,0.9612182571414467,0.00036118179249117633,-0.00012821583396393818,0.001168460883693639
-0.18322036552002013,-0.1293209015188797,0.28501475934299897,-0.0758481637765348,-0.08933734576389452,0.04171711648528065,0.0013536219986281638,0.003561848412155959,0.9755965872232467,0.0006461965518341753,-0.00031143619948395833,0.0010391399821747594
-0.05005864068610795,-0.022598474222160315,0.24550847957629005,-0.08066547628750487,-0.06517262040572441,0.036864091077435636,-0.008111718269281917,-0.005613628360095237,0.9570296317549497,0.0008917050314104654,-0.00036149484017006624,0.0010165415079525992
-0.04037351127350745,-0.11207126591680291,0.18855625638483553,-0.11308070808528496,-0.024420498690089335,0.03419675531830712,-0.0017574250294917718,-0.004516033758640354,0.956398513634103,0.001080261287795301,-0.0004018683514435737,0.000904470242035796
-0.1034843259312655,-0.23800120671162087,0.02546263031703333,-0.05948395667823356,-0.04946923005328147,0.08529210850239327,-0.008933709600282152,-0.009297472457010509,0.9643494541015107,0.0011057239181123343,-0.0005053526773748391,0.0006664690353241753
-0.003461490546763762,-0.10815212618087275,0.10689576021183653,-0.045750668155471776,-0.030548542357963455,0.0733251443179764,-0.0003883767025575262,-0.017514342501599243,0.9593605483590177,0.0012126196783241708,-0.000508814167921603,0.0005583169091433024
0.025512503468756192,-0.21932763030380537,-0.14153562921037005,-0.058409739289018714,0.017757372742376508,0.042758734522085055,0.0007574685160332871,-0.0037953898766373683,0.9544970577869877,0.0010710840491138008,-0.0004833016644528467,0.0003389892788394971
-0.005972170094694033,-0.2535662709631446,-0.055461772677854376,-0.04198959041518877,-0.04417688544365493,0.059840010851438474,0.0017392235018085771,-0.006822006300902898,0.9628420406146518,0.0010156222764359465,-0.0004892738345475408,8.54230078763525e-05
0.1584569975809333,-0.16934622490909923,-0.16139479211790264,-0.011379286487968623,0.04160615248577576,0.08230941628389886,-0.0021170234809838404,-0.011122034337511327,0.9605084647251505,0.0008542274843180438,-0.00033081683696660746,-8.392321703274676e-05
-0.010676981785047085,-0.28097931077262456,-0.17201356329391898,-0.0328223126218356,0.003638145235665009,0.11075900383791985,-0.0005747325076790985,-0.003538063340829953,0.9545047630833707,0.0006822139210241247,-0.00034149381875165453,-0.0003649025278053713
0.04855854171141738,-0.19873513353060232,-0.20010343601996908,-0.00028692039469912015,-0.03352234995355564,0.07233308248371265,0.0016702615205120399,-0.01658871911055617,0.9576003236261488,0.0004821104850041557,-0.00029293527704023713,-0.0005636376613359736
0.10741134927756579,-0.3374170375520627,-0.15519453549982737,-0.009312376288469428,0.004822704794327201,0.09600871520146903,-0.004011800006080243,-0.0054499539985608135,0.9617287058628449,0.00032691594950432835,-0.00018552392776267137,-0.0009010546988880365
0.0767211056473327,-0.20766897161419512,-0.2823961025582613,-0.005603358736758646,0.05455558638028704,0.06684324968071076,-0.004410596065270827,-0.008606625692779014,0.9624797172348479,4.451984694606698e-05,-0.00010880282211533865,-0.0011087236705022315
0.18371581903804218,-0.26195427743146904,-0.25606852413179987,0.05461649543015672,0.04989341393197857,0.04836345983863489,-0.00957705925667624,-0.005706851338280176,0.9581244571796005,-0.00021154867718573293,7.491299692270353e-05,-0.0013706779479337008
0.028687633731807494,-0.3979574713274013,-0.18139172968534195,0.04061669944404048,0.030365773206358096,0.11277008757984268,-0.0005490941078082714,-0.006710920336702777,0.965633260049289,-0.00039294040687107485,0.00010360063065451105,-0.001768635419261102
0.11463050270703352,-0.35598315866742886,-0.2535808512216897,0.02850692641613472,0.08841698175219963,0.02715883816067992,-0.006237175740918399,-0.006241234935748585,0.9582877116517031,-0.0006465212580927647,0.00021823113336154454,-0.002124618577928531
0.13278608807219033,-0.30369024982778503,-0.23165008587156247,0.06552220523296215,0.05231182851958274,0.08193353491924721,-0.01011854360679106,-0.0064254139893686855,0.9623598738635003,-0.000878171343964327,0.0003510172214337349,-0.002428308827756316
0.07572689177081787,-0.2850563053162528,-0.21746503444311055,0.09863440777566282,0.014982362388134069,0.035876605299040944,-0.00180936206692791,-0.008350944925571594,0.9634301452806948,-0.0010956363784074376,0.0004267441132045528,-0.0027133651330725687
0.21103408033975782,-0.23740738639875947,-0.2663015595484637,0.06606299555525738,0.10514380058674265,0.0337468628001694,-0.00864653998576883,-0.008330979178434849,0.9531484553704981,-0.0013619379379559014,0.0006377781935443107,-0.002950772519471328
0.07266326817950121,-0.25162572698773095,-0.044293418673664875,0.1295629850098237,0.06526337444185557,0.04629955322272336,-0.007700323078918481,-0.014250132751402042,0.9632678416248902,-0.0014062313566295663,0.0007104414617238118,-0.003202398246459059
0.18567346388750988,-0.16134294331193544,-0.06082899832624788,0.06935996849518561,0.0731471485147167,-0.03550748731935811,-0.0009502458305473431,-0.003786797001711184,0.9673068280967577,-0.0014670603549558142,0.0008961149256113218,-0.003363741189770995
0.10359158102082762,-0.09493305094761531,-0.07111276805052935,0.07476601292346524,0.09747912264887218,0.04210546790070616,-0.011639334432109549,-0.011578778125497855,0.9550621008769106,-0.0015381731230063433,0.0009997065066321494,-0.0034586742407186097
0.24300080234506388,-0.13404045813341522,-0.02657577474220603,0.04728397905493555,0.08669254827042946,0.012088404318677332,-0.0008367151332535504,-0.010684131496094082,0.964938131888054,-0.0015647488977485495,0.0012427073089772132,-0.003592714698852025
0.23008028305297237,0.011949516418844341,0.10773905211052787,0.047546814987974986,0.07834498155423177,-0.021244598241104404,0.0020721290027435123,-0.01140455118867007,0.9629798622854772,-0.0014570098456380214,0.0014727875920301859,-0.003580765182433181
0.11926190537461662,-0.00972392567573701,0.05948239738810564,0.07391813408564919,0.06803892173678285,-0.005229946424702864,0.008199285620836322,-0.006246146427005623,0.9579942849572762,-0.0013975274482499159,0.0015920494974048024,-0.003590489108108918
0.12314132136945247,0.00039657021746462764,0.2428545500212812,0.06990941552528901,0.039922342374493526,-0.01918713682846286,0.0021702862054354217,-0.007151365644942551,0.9516261771186146,-0.0011546728982286347,0.001715190818774255,-0.003590092537891453
0.0010722329071607972,0.05497374074219977,0.22162897327560932,0.07411753311800715,0.053737529907984194,-0.01277682698722032,0.0026061331980814406,-0.012254498728815242,0.955917690663266,-0.0009330439249530253,0.0017162630516814156,-0.003535118797149253
0.010753521744342388,0.10724621211176395,0.2112691123661298,0.07968030440134083,0.00402653588524585,-0.05223674144766855,-0.0030526199625783225,-0.01466939281363577,0.964024009562115,-0.0007217748125868956,0.0017270165734257583,-0.003427872585037489
-0.03681763550567276,0.14097188110428593,0.18339770939935932,0.13443976640457883,0.04445370272138199,-0.04221357863586629,4.6322762074285304e-05,-0.014121854685745797,0.9611850941208304,-0.0005383771031875362,0.0016901989379200855,-0.003286900703933204
0.03372016473752445,0.2290232063098248,0.3290771556102297,0.08949168093624714,0.050696215767051425,-0.011167312983412407,-0.005427903775044749,-0.00806268284813395,0.9643561513438369,-0.00020929994757730658,0.0017239191026576098,-0.0030578774976233788
-0.028479114135012244,0.32244903404502223,0.27572928135305447,0.06190151625728979,-0.007589043392515826,-0.022100345768947836,0.00034274445194862335,-0.01594015942589763,0.9589427667976042,6.64293337757479e-05,0.0016954399885225975,-0.0027354284635783565
-0.02067254798186322,0.17070561036394677,0.379166936894589,0.05652548730330505,0.018982927741359828,-0.06266306450301562,0.0014428364950004335,-0.01453424514228398,0.9602348391161394,0.000445596270670337,0.0016747674405407345,-0.0025647228532144095
-0.02947158395510377,0.233457530264029,0.14153609351157617,0.11013058958775282,-0.006295738639855891,-0.04814048128510121,-0.009154641513430414,-0.0034272312268732053,0.9623587311747133,0.0005871323641819131,0.0016452958565856303,-0.0023312653229503803
-0.10472526390713853,0.18872915515313882,0.283140440196783,0.056563905736990085,-0.01833227594728165,-0.014579615645024377,-0.006360322137542004,-0.018115767097170055,0.9648012257159473,0.0008702728043786961,0.001540570592678492,-0.002142536167797242
-0.09061090804226857,0.26439452183548184,0.1783026558433668,0.055565444313100884,-0.035386694936121954,-0.032798565176407564,0.0021570286315548788,-0.01858622776639725,0.9665250907522385,0.0010485754602220629,0.0014499596846362234,-0.00187814164596176
-0.09463882916585407,0.30088454901972483,0.2211122256774659,0.0680513061578488,-0.03822588879424366,-0.04671317309016015,0.001634660147615663,-0.009382887034709391,0.9655030060359078,0.0012696876858995286,0.0013553208554703694,-0.0015772570969420354
-0.23110131055086353,0.23545363536030423,0.1376182354292646,0.04439548117044461,-0.07968572114036035,-0.05241020806690978,0.0017157929842164584,-0.00617587268427763,0.9629979424603026,0.0014073059213287932,0.0011242195449195059,-0.001341803461581731
-0.19146053414083553,0.36404353476138657,0.012468112043430839,0.03327623387304729,-0.06039877016853395,-0.030940585900256952,0.006747470913926652,-0.014441583007954738,0.9563861892156064,0.001419774033372224,0.0009327590107786704,-0.0009777599268203443
-0.10764826197692023,0.3462909051001096,-0.00872682291205896,0.01584904960156149,-0.07680223891519435,-0.019535080357229652,-0.008012292143096067,-0.01564765601436555,0.9563058879080812,0.0014110472104601653,0.0008251107488017501,-0.0006314690217202347
-0.08935643721833829,0.30332396299089426,-0.07333263220224509,-0.024445008712283632,-0.12905395331151792,0.024280689886583037,4.0404929779756674e-05,-0.012868611737639032,0.9547682363479736,0.00133771457825792,0.0007357543115834118,-0.0003281450587293404
-0.2258947855268228,0.15087330247717978,-0.11802243177786335,-0.01507907287769067,-0.061739974407845816,0.03973981664354156,-0.0052396831739562905,-0.022336798761502435,0.9648573189007771,0.0012196921464800567,0.000509859526056589,-0.00017727175625216064
-0.229482029237845,0.20606026614570577,-0.17230055856693102,-0.016663216019412036,-0.13279050767939435,-0.018645487007392963,0.003371366479225509,-0.015298803502354907,0.9572854919462188,0.0010473915879131255,0.000280377496818744,2.8788509893545148e-05
-0.28553197770612826,0.18633841585514943,-0.16299811042198964,0.03898766200432409,-0.15026159429229285,0.031708528780427805,-0.003724905423046417,-0.0191140099155305,0.9541730524831892,0.0008843934774911359,-5.154480887384239e-06,0.00021512692574869458
-0.18039383938814685,0.20141307327900906,-0.2666133821789925,-0.015707731784263063,-0.09650704592026985,0.03315800537369528,0.0030088301389923277,-0.014714079836092579,0.9633966165799169,0.0006177800953121433,-0.0001855483202755311,0.0004165399990277037
-0.3204409057151631,0.20811678406398662,-0.2716651549307665,-0.007355532580900031,-0.12673494633840338,0.07571997611756597,0.0017299826429941815,-0.014517931284057116,0.94434090387838,0.00034611494038137684,-0.0005059892259906942,0.0006246567830916904
-0.10788386776214892,0.15392080737699373,-0.34205586224474804,-0.011603838548845271,-0.11786351067087374,0.07429051412430901,-0.0075578691524600065,-0.019628600193016574,0.9627654099868658,4.059078136628758e-06,-0.0006138730937528432,0.0007785775904686841
-0.18710929249604913,0.1275801129995214,-0.38087515442292547,-0.03499725041787444,-0.12941538389350477,0.054327983209944204,-0.008884465050452232,-0.01960405396630919,0.957197957999479,-0.00037681607628629676,-0.0008009823862488923,0.0009061577034682056
-0.21391493872867517,0.006496497843455601,-0.4035453133239694,-0.04222815125309518,-0.11305568649823239,0.06351477109912966,-0.001725938442955276,-0.015851298117927428,0.9510196118775429,-0.0007803613896102662,-0.0010148973249775675,0.0009126542013116612
-0.10547604584309266,0.09360451397431307,-0.5244212238874328,-0.0022362101295084116,-0.11617632607089562,0.05370973844612172,-0.0011289202691098198,-0.017534769047996796,0.9695418394255988,-0.001304782613497699,-0.00112037337082066,0.0010062587152859742
-0.19166365210623934,0.0229063028693362,-0.4714350694445701,-0.01218701682600622,-0.12187419644117853,0.08074035574525011,-0.0003327539479958505,-0.022096015875910806,0.9640400948417845,-0.0017762176829422692,-0.0013120370229268994,0.0010291650181553102
-0.15277861163772177,-0.09748739768906287,-0.45052883475667854,-0.03953853509404467,-0.10183206585637625,0.02720945545490202,0.004253748650622889,-0.02269471960364407,0.9555338242758875,-0.0022267465176989474,-0.001464815634564621,0.0009316776204662474
-0.175776921912583,-0.03946802568336348,-0.4791340406338042,-0.015080145910545472,-0.12202400625529423,0.04925241480982172,-0.002519858851324495,-0.013052579225660936,0.9638500006984063,-0.002705880558332752,-0.0016405925564772041,0.000892209594782884
-0.22381868597905172,-0.09065822910101119,-0.3770919103668229,-0.05243452453134641,-0.07085646898550745,0.07573175429341686,0.00149194714150672,-0.02821006366672479,0.9552149222001,-0.0030829724686995746,-0.0018644112424562557,0.0008015513656818727
-0.10415855072071757,-0.14450829032102408,-0.2820085143060178,-0.07363190554323308,-0.0301538109116595,0.04120134770117653,0.008214380138102726,-0.019890272413311795,0.9614393397539793,-0.0033649809830055923,-0.001968569793176973,0.0006570430753608486
-0.19498467930417834,-0.10148996491184702,-0.31929768376079376,-0.0319649018637666,-0.030485244202824873,0.04603285716102244,0.003975091078420787,-0.014520175165849651,0.9624859130292004,-0.0036842786667663865,-0.002163554472481152,0.0005555531104490016
-0.18073521922316188,-0.19180448112561116,-0.25308686926701,0.01149002728970909,-0.0711033114935097,-0.001716802110733608,0.004624750215694655,-0.025047002911271196,0.9645356025872166,-0.0039373655360333965,-0.002344289691704314,0.00036374862932339044
-0.07013428039196579,-0.18509443299704192,-0.09293434982204243,-0.0037992028327786184,-0.010501714916823914,-0.02131209021818383,-0.0050171183025204645,-0.02018794761215188,0.9635164589837912,-0.0040302998858554396,-0.002414423972096279,0.0001786541963263485
-0.10382521631128439,-0.20491197083101753,-0.07909489835452799,0.020208805324403424,-0.01333755748377762,-0.02444096815284992,0.002271152819969178,-0.019009270024057723,0.9556538243806285,-0.0041093947842099675,-0.002518249188407564,-2.6257774504669044e-05
-0.034680058194243725,-0.10362276003767672,-0.038455841620600846,0.027429079723411798,-0.008377085712305055,-0.030063631433067985,0.00742257792426483,-0.014772852601429482,0.9625634682652692,-0.004147850625830569,-0.0025529292466018078,-0.00012988053454234577
-0.08571367447509359,-0.22401551568641304,0.01904421236033025,0.030968826304050977,0.014889071560227736,-0.036591333238728374,-0.005215751036758289,-0.019714040216018008,0.9644308841026334,-0.004128806413470238,-0.0026386429210769015,-0.00035389605022875884
-0.03900815653085081,-0.16328650671468212,0.11591358245379556,0.062460338779106644,0.07254157159164087,-0.07016128342716985,0.009142577066343463,-0.01627573797239807,0.9652588828885555,-0.004012892831016443,-0.0026776510776077523,-0.0005171825569434411
0.005340296922726957,-0.146008764707503,0.230180050491669,0.00999143115724325,-0.014371115987882089,-0.07887167289526455,-0.008348240822747668,-0.016680031648008072,0.9641116403075389,-0.0037827127805247734,-0.002672310780685026,-0.000663191321650944
0.006638776409165985,-0.2290530041502274,0.23916136355792678,0.07520717341848548,-0.0072516028515150245,-0.03108753913069759,0.0036627850898237856,-0.019363685627358636,0.9648943854813103,-0.003543551416966847,-0.0026656720042758596,-0.0008922443258011716
0.013393525579646237,-0.2192970749469232,0.3245635122978097,0.079619552701897,0.023763195254272677,-0.07391205319697108,4.747536480801751e-05,-0.01863523244870648,0.9523166001135395,-0.003218987904669037,-0.0026522784786962134,-0.0011115414007480946
0.035129835802375636,-0.17987051980192947,0.35181988879554477,0.05558622430989927,0.07113591995419197,-0.05161824845886107,0.009268239919121535,-0.016144581204188636,0.9548526329879647,-0.0028671680158734924,-0.0026171486428938377,-0.0012914119205500241
0.06375276857838094,-0.08339826123345345,0.43570284786325136,0.05763517987698791,0.10927312281297612,-0.06452929073038649,0.0077285088170779784,-0.01773339917697935,0.9625048251506896,-0.0024314651680102414,-0.002553395874315457,-0.0013748101817834776
0.11433410187086987,-0.1656432858763971,0.45784387580783525,0.07229059971876634,0.08534690285153529,-0.07487149071907855,-0.005043294329268344,-0.015202727835955925,0.9616894503622293,-0.001973621292202406,-0.0024390617724445868,-0.0015404534676598748
0.20389073823958845,-0.005578580990577051,0.40050717899125504,0.05607621951805827,0.13850924099443254,-0.03424746380895265,0.006682436620258127,-0.02510262239105658,0.9611750062801949,-0.0015731141132111508,-0.0022351710342049984,-0.0015460320486504519
0.25354125733178906,0.020603386729774766,0.5461816802110036,0.12208179664719543,0.0965966372614027,-0.0779321733363162,0.0061490010670329056,-0.017175610457352067,0.9612322916775272,-0.0010269324330001472,-0.0019816297768732094,-0.001525428661920677
0.1131163325581159,0.11943428211840423,0.49526097400675445,0.037462878822645936,0.1664642741479003,-0.06325458120959856,-0.00179787992029567,-0.024888298861495906,0.9519097127711631,-0.0005316714589933928,-0.0018685134443150932,-0.0014059943798022728
0.1422359020695577,0.05254539996981413,0.46964606055196106,0.08798301544705571,0.12747219697579054,-0.046300800133842586,0.009551999447857713,-0.029445579749993282,0.9636366757509994,-6.20253984414318e-05,-0.0017262775422455358,-0.0013534489798324586
0.1647629202347211,0.16685715515398075,0.3947063161949955,0.061291988079727834,0.11585704329251331,-0.0814875520660578,0.0038887209595873536,-0.0202948797416151,0.9593426986165227,0.00033268091775356376,-0.0015615146220108146,-0.0011865918246784777
0.36569102019371336,0.136832122733063,0.3791878195700754,0.048809967465156305,0.11440694747315398,-0.07504404737530189,0.011412366283080278,-0.020846400168239545,0.9537031958676077,0.0007118687373236393,-0.001195823601817101,-0.0010497597019454147
0.18516954257029467,0.10977978335088515,0.3413586896432312,0.022663021286666883,0.10388132615513072,-0.02598678067561374,0.008449015193393918,-0.022741004741781472,0.9616776669511382,0.0010532274269668706,-0.0010106540592468066,-0.0009399799185945295
0.07897459800608353,0.07552875375504298,0.1903787465460703,0.008043502698539508,0.09901909623948481,-0.02363147981497827,0.004777758245658354,-0.01964522585649322,0.962226611636547,0.0012436061735129407,-0.0009316794612407231,-0.0008644511648394865
0.20097737521681633,0.12245563240641844,0.11910823379729026,-0.0007548946744213806,0.09376145955840454,-0.08677372593743334,0.001230834624711513,-0.015672429208308344,0.9628573747425608,0.0013627144073102308,-0.0007307020860239067,-0.0007419955324330681
0.2544738916933519,0.22162061753132667,0.11314168991990317,0.05566745674518786,0.16299002862119547,-0.02001559971581108,0.00052624834249049,-0.021276428341364926,0.9591442701669343,0.001475856097230134,-0.0004762281943305548,-0.0005203749149017414
0.23957594198366344,0.17688658450912897,0.053595080703978705,-0.010746945426585266,0.11163102181175294,-0.02293063976121902,0.008853742141793053,-0.023122343890200143,0.963783140502513,0.0015294511779341128,-0.0002366522523468913,-0.00034348833039261244
0.20415121558487337,0.20443219049789793,-0.04429584832863255,0.04949347314180916,0.08459566517827623,0.0017235557176069182,0.004456136050783292,-0.017945497017863934,0.9527715906733676,0.0014851553296054802,-3.2501036762017935e-05,-0.00013905613989471447
0.2742992354958017,0.27333113356015004,0.02278896166983048,-0.06213736507581786,0.05339452614641718,0.018597522917341517,0.007534188965740122,-0.024177197544237656,0.9608676854135277,0.0015079442912753105,0.0002417981987337838,0.0001342749936654356
0.1193943373079749,0.05435026785114802,-0.145425898708867,-0.03754803885448543,0.049459387246061186,0.024518495909997665,0.0033341741913476054,-0.016058447691679564,0.9596768296899447,0.0013625183925664436,0.0003611925360417587,0.0001886252615165836
0.16423250709726597,0.17154477563799603,-0.08835059903962988,0.009012104858868657,0.01866542150547902,0.03771293510011229,0.00551705831376231,-0.028454246376794345,0.9606091621236743,0.0012741677935268138,0.0005254250431390246,0.00036017003715457964
0.1711374086135387,0.12660388858484728,-0.08513519409893484,0.015586217135387293,-0.014668832571679818,0.07535329400897758,0.004765423027091663,-0.015961994714330834,0.9604266362505849,0.0011890325994278789,0.0006965624517525633,0.000486773925739427
0.13132410113683518,0.15594926398703052,-0.2993791973384658,-0.10027111639777436,0.03432562988251977,0.09011486084250743,0.012979417416023098,-0.023554428562951063,0.9663135467724623,0.000889653402089413,0.0008278865528893984,0.0006427231897264574
0.14681515437428597,0.12079009219015673,-0.12807632174381234,-0.057696737328209555,-0.02111420098658852,0.1009871309693767,-0.002861075281212589,-0.02703960501607594,0.95956767680953,0.0007615770803456007,0.0009747017072636844,0.0007635132819166141
0.07864917020038134,0.03555275134081566,-0.217542389835889,-0.04026592947297093,0.006738099473519001,0.06469637706227721,0.006440794577165528,-0.01981514821186916,0.9612897352471679,0.0005440346905097116,0.0010533508774640656,0.0007990660332574299
0.17453215192505894,-0.00037666317223034734,-0.1496065203257358,-0.08493528728293921,-0.011028833936760397,0.08242385829777164,0.005786472597650443,-0.024430550533201166,0.9672257902214988,0.00039442817018397574,0.0012278830293891247,0.0007986893700851994
0.11718602637359513,-0.00925236608915829,-0.13253277571115832,-0.0207655102757356,-0.005169296494304034,0.10639002093466617,0.005571166738364621,-0.020540404788529615,0.9674811095540033,0.0002618953944728174,0.0013450690557627197,0.0007894370039960412
0.098143966451178,0.001497399420352456,-0.24421753648772931,-0.04903179081769704,-0.06825016390498706,0.08336570061093063,-0.003520991590131887,-0.02831257991412555,0.9430224044942218,1.7677857985088084e-05,0.0014432130222138979,0.0007909344034163937
0.07387374004862327,-0.013842601597991895,-0.31214500633920456,-0.123211560881386,-0.04899256179410555,0.05316654636245578,0.010872480673803551,-0.01685945667264057,0.9646964841918623,-0.0002944671483541165,0.0015170867622625213,0.0007770918018184018
0.012882716646901552,-0.023228127056960465,-0.13876182679297092,-0.07253426710642079,-0.08727056129701137,0.11898447917076395,0.009745712919557467,-0.021734707334075017,0.9593087978467021,-0.0004332289751470874,0.0015299694789094227,0.0007538636747614413
-0.05519944505448066,-0.10874404102132264,-0.22526385169197094,-0.056438225628932526,-0.07285959053977129,0.05374110052372464,0.0048521847163996434,-0.018003961720914976,0.9588875129776552,-0.0006584928268390583,0.001474770033854942,0.0006451196337401186
0.003788632257873299,-0.16609198221454782,-0.17496231872117943,-0.04759912308717547,-0.030975397139848093,0.103938833532556,0.012301598821344604,-0.023922937304019457,0.9520538161054335,-0.0008334551455602378,0.0014785586661128156,0.00047902765152557083
0.012083755210839632,-0.19701957600757325,-0.023392586844678834,-0.08461096368860638,-0.05908286590412797,0.054431063017709766,0.0007302739879222189,-0.03044772438368833,0.9628170418443803,-0.0008568477324049167,0.0014906424213236551,0.00028200807551799755
-0.13511218682894927,-0.1624423166791066,0.057451248540899974,-0.0698142705483176,-0.07715921109192175,0.08818099496531591,0.013020205816339149,-0.02367726836961562,0.9687712925041562,-0.0007993964838640165,0.0013555302344947057,0.00011956575883889096
-0.08362917252393871,-0.20197401215365696,-0.04599279865153657,-0.06349465674764587,-0.08450425491244012,0.0818491773708679,0.010422441861746963,-0.009573654126498422,0.9537547007143957,-0.0008453892825155533,0.0012719010619707673,-8.240825331476602e-05
-0.08020974142087138,-0.22418912175454156,0.15462815042320383,-0.02675653400054606,-0.0613515250992822,0.01971657074135088,-0.0038097823812248428,-0.028291728911710917,0.9543335608351187,-0.0006907611320923493,0.0011916913205498958,-0.00030659737506930757
-0.09168610525377369,-0.25517100336860465,0.1032146253784923,-0.02544234752655907,-0.08329919345181519,0.04346598016656984,0.011881627815679582,-0.021400966196459523,0.9580237444491387,-0.0005875465067138571,0.0011000052152961221,-0.0005617683784379122
-0.21192178266606515,-0.30024932374168956,0.15183912174088737,0.0041035688098136226,-0.06780317194570061,0.03593594412442884,0.0028545751390641385,-0.019981228079557455,0.9595884187820641,-0.0004357073849729696,0.0008880834326300571,-0.0008620177021796019
-0.18914733515558457,-0.3245438886679517,0.143308349100569,-0.000940279108392502,-0.07458423130599197,0.033495180076130025,0.007614195850795124,-0.024197459829735826,0.9562060382983824,-0.00029239903587240063,0.0006989360974744725,-0.0011865615908475534
-0.1103090157874758,-0.2804548159066194,0.27977192925089994,0.01085931356334657,-0.06982848709874442,0.030319830787091252,0.007320695712068039,-0.032713303600012886,0.9651850682908523,-1.2627106621500684e-05,0.0005886270816869968,-0.0014670164067541727
-0.19464437980836075,-0.3239236293922661,0.3140999960686069,-0.003952575807269295,-0.06744568366484019,-0.0011392173427340092,0.008789387397357084,-0.029920933439901893,0.9592551231357108,0.00030147288944710625,0.00039398270187863596,-0.001790940036146439
-0.20848018253322956,-0.3407864929087053,0.18648885244994418,0.033305583254317275,-0.023911921287437337,-0.0023916778685988335,-0.0015855669505740353,-0.02197273193467251,0.9609653319027276,0.0004879617418970504,0.00018550251934540646,-0.0021317265290551443
-0.09013846198478469,-0.27097623707852875,0.21810903499599346,0.03828555459829264,-0.05301598010701178,-0.018286670073006273,-0.0065923181680494995,-0.031193021023871014,0.9596141759620819,0.0007060707768930439,9.536405736062175e-05,-0.0024027027661336735
-0.13145780219073794,-0.236947759008253,0.13913635825368137,0.06639425899718548,-0.054469447946969056,-0.019329506051522317,0.008971673843283005,-0.03537460698456074,0.9530293519279665,0.0008452071351467251,-3.60937448301162e-05,-0.0026396505251419264
-0.15097508169424878,-0.2724555641296865,0.2945743303370027,0.07831195819527344,-0.03156316726501622,0.004350881375375431,0.0035527099604354155,-0.02708068615500261,0.9561333981891119,0.001139781465483728,-0.000187068826524365,-0.0029121060892716125
-0.1507885734223359,-0.16571207174675973,0.2786696810291975,0.08494278650281602,0.011065860080575866,-0.005410236882466205,0.006408359906849742,-0.031933033301797975,0.9676455071762105,0.0014184511465129255,-0.00033785739994670087,-0.003077818161018372
-0.1195966197723218,-0.24850466420568645,0.1726383288638663,0.054784868538868284,0.029651834575234577,0.0034424481211958926,0.013245096634506626,-0.030612285355264595,0.9514545338426629,0.001591089475376792,-0.00045745401971902273,-0.003326322825224059
-0.08854878137754843,-0.20004377100932524,0.07859109701877409,0.0824688911000311,-0.021066332903357642,-0.03956754140818307,0.002296432641345586,-0.025432138391986936,0.9559936529454297,0.0016696805723955658,-0.0005460028010965711,-0.003526366596233384
-0.13086664678350782,-0.041002374024087254,0.041361336293003814,0.14251317079599607,0.07716132766993221,-0.03943656204758826,0.017383020143311168,-0.028846081105104244,0.9583625548959817,0.0017110419086885697,-0.0006768694478800789,-0.0035673689702574716
-0.04707665220872073,-0.16947432178843175,0.09770687986210082,0.09699169929009213,0.05447715453257162,-0.0314504984289814,0.008916491500635363,-0.01846550734382773,0.9542553168488928,0.0018087487885506703,-0.0007239461000887996,-0.003736843292045903
0.0999834538772565,0.018343673315073618,-0.07609890532052752,0.135513520239244,0.07962315671214772,-0.06450052864340569,0.008126573625665006,-0.021589027105773293,0.9670260407013602,0.0017326498832301428,-0.0006239626462115431,-0.0037184996187308293
0.0029173890044412454,-4.967737705110879e-05,-0.031830281465487796,0.06281054980393576,0.06212336204584564,-0.03992877207253181,0.00541039545436289,-0.02909195040690052,0.9705280251534025,0.0017008196017646551,-0.0006210452572071018,-0.00371854929610788
0.007018820791136027,0.018370250437194702,-0.203794602668957,0.057133037215674726,0.0442003660041839,-0.005211268095738493,0.001902560073401417,-0.0203422020409572,0.9589826865619049,0.0014970249990956981,-0.0006140264364159658,-0.003700179045670686
-0.04186039031236778,0.1403078473741051,-0.13116498066447407,0.09722196107772343,0.06368177981724998,-0.01126816318405058,0.007547604453308212,-0.02499827989186163,0.9565695080284095,0.001365860018431224,-0.0006558868267283335,-0.0035598711982965806
0.02843462624788794,0.14472544234729473,-0.33168070832976737,0.09587289919618533,0.06842119637615018,-0.002631340445032054,9.651046513135635e-05,-0.026778994066829757,0.9540800406615791,0.0010341793101014565,-0.0006274522004804456,-0.0034151457559492867
-0.04458604842607816,0.10538423295081352,-0.3292507664427051,0.08110617982327718,0.09474805787667132,-0.0001354549365189476,0.011902879029939395,-0.02602727930712166,0.9481062703697071,0.0007049285436587513,-0.0006720382489065238,-0.0033097615229984723
0.018980212508862785,0.250421613965628,-0.2960190461914413,0.06013638479104742,0.07167415606412912,0.0025604101614607275,0.01225865951749639,-0.03814397348604948,0.9606747400020063,0.0004089094974673101,-0.000653058036397661,-0.003059339909032845
-0.006748831745600939,0.30553190925196316,-0.3885337761748685,0.06820113474277578,0.05709421587027022,0.007884166440121281,0.012849870754215072,-0.030592997292537314,0.967272004414221,2.037572129244153e-05,-0.0006598068681432619,-0.002753807999780882
0.10627619673207525,0.1769935923680748,-0.4672186947327311,0.06058238278865391,0.031812457009731024,0.028864985566894492,0.014178943742465346,-0.03187533422753936,0.9582322773529929,-0.00044684297344028956,-0.0005535306714111866,-0.002576814407412807
-0.01647997033914668,0.17002651091848303,-0.4500628455876825,0.057047037784162494,0.06518277106990471,0.030868909626508158,0.010573743172169156,-0.03374521291290325,0.9641923918539457,-0.0008969058190279721,-0.0005700106417503333,-0.0024067878964943237
0.10231810672655406,0.26591382134884733,-0.31432337255537923,0.044437454040360425,0.007728282880564048,0.05399120505253206,0.006579430736161155,-0.027873116707843582,0.9633098324955699,-0.0012112291915833513,-0.0004676925350237793,-0.002140874075145476
0.2889436319329578,0.24538095161271406,-0.42213078993346753,0.05748955445855311,0.050959279143459116,-0.008694596903218369,0.00748006225311524,-0.02274050787118377,0.9610193117128881,-0.0016333599815168192,-0.00017874890309082148,-0.0018954931235327618
0.1406692585286166,0.32919888996028307,-0.40770755376834683,0.035924760156564,0.018826958853595727,0.031347516321281924,0.019654343816172794,-0.030481206888224692,0.9626151663342731,-0.002041067535285166,-3.807964456220489e-05,-0.0015662942335724784
0.25243134368368636,0.272433457428906,-0.4133213350339441,0.022057996169410416,0.09606758530453606,0.03101207162456697,0.00800620364730547,-0.029519536428915843,0.9616111599985112,-0.0024543888703191102,0.0002143516991214815,-0.0012938607761435726
0.11609175547398695,0.2265935193490602,-0.3550217226253063,0.026907792914301468,-0.007403478534231638,0.041322141359003015,0.005650100362649158,-0.02829266900018081,0.9631488679761249,-0.002809410592944416,0.00033044345459546845,-0.0010672672567945123
0.2276919772785314,0.3445396393773642,-0.28563688862487735,0.03125149141424381,-0.00029338230959149655,0.038295231660813785,0.008511890464536764,-0.026880547871751127,0.9627292424074269,-0.0030950474815692936,0.0005581354318739999,-0.0007227276174171481
0.14570689341379972,0.3940212056873931,-0.22963030143528737,-0.027588844373678846,-0.01916593919606754,0.06297636143308567,0.011364710228539979,-0.029424396922846336,0.9605387194143559,-0.003324677783004581,0.0007038423252877996,-0.00032870641172975506
0.16230692098265193,0.25337438991402345,-0.18073993664181534,8.497249009833605e-05,-0.026343189038338148,0.10176651865794495,0.016712016016508673,-0.03602131925502136,0.968090494513789,-0.0035054177196463957,0.0008661492462704514,-7.533202181573157e-05
0.0955943284179131,0.32192143404541645,-0.07658087459137926,-0.009966399780901518,0.03238748830613192,0.030077735307367577,0.01661035882031548,-0.029616540106411633,0.9577774351445189,-0.003581998594237775,0.0009617435746883644,0.0002465894122296849
0.2019199706872117,0.11505233999165934,0.05371391404816651,0.03522136344593124,-0.041600945455360805,0.054240535438759015,0.011574586857728013,-0.025843151395657134,0.9614541244976711,-0.0035282846801896087,0.0011636635453755762,0.00036164175222134424
0.14862557881631258,0.25493827085168663,0.10681963211763759,0.004128142779301047,-0.07387010287681407,0.052565552397808524,-0.0006286568961857905,-0.028265486348117447,0.9634661346611468,-0.0034214650480719707,0.0013122891241918889,0.0006165800230730308
0.0987139704539858,0.16415097120802907,0.05006941494659838,-0.020397561638305944,-0.08770413610931586,0.06790755394544735,0.019934058273811422,-0.025276091294067087,0.9603579614091139,-0.0033713956331253726,0.0014110030946458748,0.0007807309942810599
0.21591034747287968,0.13956881113029385,0.26234291638219537,-0.016191334928833637,-0.08039854496326387,-0.02187013513296853,0.012236011254847351,-0.021906721710609447,0.9581876365150892,-0.003109052716743177,0.0016269134421187546,0.0009202998054113538
0.08714506357859474,-0.02561036870898334,0.18942776584403292,-0.07033592887319415,-0.07125045727091572,0.008559665480683258,0.016228285830976547,-0.022267023376109866,0.9619657105094015,-0.002919624950899144,0.0017140585056973489,0.0008946894367023704
0.05323281059371393,0.012660166987188477,0.226301785513565,-0.048115968351330765,-0.09754110132438525,0.02575020710474355,0.01618833550546249,-0.03592463826351102,0.9612278496676214,-0.0026933231653855794,0.0017672913162910628,0.000907349603689559
0.007479479684618075,0.08821905389134434,0.3460539558133499,-0.025637317202399063,-0.10296195881631819,-0.01020140059924827,0.01808424350648695,-0.042289799531466686,0.9612175041862834,-0.0023472692095722293,0.0017747707959756812,0.0009955686575809032
-0.000347180315081054,-0.05553180509968049,0.39743197391495766,-0.02379040436165313,-0.14034125603883685,-0.026609569791745787,-0.002837784655255672,-0.04222418161142302,0.9561791419142815,-0.0019498372356572717,0.0017744236156606,0.0009400368524812228
0.037130836332791545,-0.13526326330774974,0.45377196598993497,-0.03878118779585436,-0.11428028284192214,0.009019815297967108,0.017385959164971876,-0.03583918709102119,0.9605102165934473,-0.0014960652696673366,0.0018115544519933917,0.000804773589173473
0.0031090952257694085,-0.12544667231804393,0.41159813624515706,-0.04243637046682815,-0.14014635863574976,0.02302455757240387,0.011284660284927356,-0.03229755697133362,0.9684596311941506,-0.0010844671334221798,0.0018146635472191608,0.000679326916855429
0.06015134726829931,-0.07421741110817398,0.4132948304252345,0.051627371802000166,-0.147053830995194,-0.014004875359292122,0.004161282333922651,-0.03269826748483917,0.9612789828656902,-0.0006711723029969451,0.0018748148944874603,0.0006051095057472551
0.031619221886539414,-0.051199581989604864,0.4201796900206091,-0.035134568486079605,-0.07250827789501267,-0.05105956290887118,0.0034688894620206936,-0.034049360256458876,0.9563555257319416,-0.000250992612976336,0.0019064341163739997,0.0005539099237576502
-0.08338705965889157,-0.20474921673988614,0.41905082544778005,0.028875069543744747,-0.11813634966305112,-0.04292978518155834,0.0142725926278733,-0.032975660670438035,0.9620935880707202,0.0001680582124714441,0.0018230470567151083,0.00034916070701776416
-0.07248681501628329,-0.1250607293320158,0.4055436413102064,0.03359218814561403,-0.13544866872316733,-0.045020443441193575,0.013911591936593285,-0.03395729918108975,0.9630898201712668,0.0005736018537816506,0.0017505602416988245,0.00022409997768574834
-0.16889194725199236,-0.22646834356736703,0.4151577406041563,-0.006313593854248728,-0.11567651734006992,-0.016140439216692788,0.016470790988865166,-0.03041054315459626,0.9675437029604211,0.0009887595943858067,0.0015816682944468322,-2.368365881618706e-06
-0.21193679561901774,-0.16010804488584007,0.3448932717471355,0.046707235206211714,-0.0948652471035509,-0.070040876950427,0.017573405672045163,-0.03301240599227629,0.9550666455993713,0.0013336528661329426,0.001369731498827815,-0.0001624764107674588
-0.13064771486546164,-0.14254999393337447,0.27448969729761247,0.0371657011270713,-0.06789549168408007,-0.040482120541903775,0.0060623166534809775,-0.01946667845260125,0.9604362731830319,0.001608142563430555,0.0012390837839623531,-0.0003050264047008333
-0.18426158375556462,-0.2882937396071798,0.2776154999290464,0.046816074323451265,-0.10522256093616678,0.0002951351557937184,0.014700975478945633,-0.03199224708905424,0.9529677806257403,0.0018857580633596012,0.0010548222002067884,-0.0005933201443080131
-0.1470604917461386,-0.0662744546387985,0.136152461731854,0.03619309929230142,-0.06327719517494441,-0.04905994130622653,0.008447438424525623,-0.027364843063824265,0.9634053873008872,0.0020219105250914556,0.0009077617084606497,-0.0006595945989468115
-0.20122028414015264,-0.19721274290117569,0.19138999144590763,0.02148591435303017,-0.07166846822769965,-0.08163243019723736,0.01592262413416043,-0.04034194798536,0.952895470633835,0.002213300516537363,0.0007065414243204971,-0.0008568073418479872
-0.09019119101889456,-0.13307819422266148,0.040255755393939135,0.041204469020891116,-0.04822301449523653,-0.029993076943922857,0.020714301921836768,-0.026653778834294983,0.9631601845246257,0.002253556271931302,0.0006163502333016024,-0.0009898855360706488
-0.2551669478061182,-0.10402217333599707,-0.007635261218094986,0.06324901015750811,0.019860087259791877,-0.02524172863119869,0.007806277705523542,-0.02943571116967768,0.9581749257082565,0.0022459210107132073,0.00036118328549548424,-0.001093907709406646
-0.2419569661161165,-0.03350867085128738,-0.07119871149203229,0.04515004768054556,-0.027530962729054816,-0.011580152013551096,0.006433284091161267,-0.03538410912442785,0.9562407153840597,0.002174722299221175,0.00011922631937936773,-0.0011274163802579332
-0.21368418884945628,-0.09972790999757114,-0.10267286545035399,0.06254815790723327,-0.05261589109501777,-0.021867592841374198,0.0014904898542348645,-0.0388944591552194,0.9608139760238774,0.0020720494337708208,-9.445786947008856e-05,-0.0012271442902555044
-0.1516136690475112,-0.0947030043016229,-0.2454379553987428,0.1074537067285373,-0.030639128136315957,-0.06934429872029621,0.01223897411581178,-0.033664715695883106,0.950263076134367,0.0018266114783720784,-0.00024607153851759976,-0.001321847294557127
-0.23217681796909756,-0.05166264643620308,-0.1667624989464644,0.05862366330186089,-0.018987270500703247,-0.0010848869439160549,0.019426400913590394,-0.02745432516719693,0.959457896834846,0.0016598489794256138,-0.00047824835648669733,-0.0013735099409933303
-0.2923020586903137,0.031761870766483964,-0.2521127052860153,0.04154853879146572,0.03732412315978206,0.05009145522274252,0.01638791741112106,-0.034160069239038415,0.965703183413355,0.0014077362741395985,-0.0007705504151770111,-0.0013417480702268463
-0.14543205011188554,-0.01906341060580631,-0.19100435544659783,0.04463425421853005,0.027259406388950427,0.035799103590739234,0.004847513937347966,-0.04031458481701976,0.9596881718077138,0.0012167319186930006,-0.0009159824652888966,-0.0013608114808326527
-0.09885585715762137,0.0789640138614111,-0.2598536681439279,0.07510336160608742,0.051745887196361806,-0.017825281831103608,0.008657250039355874,-0.03269173652634219,0.972767977094124,0.0009568782505490728,-0.0010148383224465182,-0.0012818474669712414
-0.2465364450609518,0.06238033813698328,-0.23956661472496796,0.034239475735323766,0.04999664612255611,0.08367496237187902,0.014628840195297631,-0.03690051748137421,0.9591192992541371,0.0007173116358241047,-0.00126137476750747,-0.0012194671288342585
-0.1170901109070258,0.16310651777486485,-0.2462534173266042,0.03640229692562032,0.06853578192120989,0.0036279530229354744,0.009547356870089035,-0.033967126490257814,0.9603946775715524,0.0004710582184975006,-0.0013784648784144957,-0.0010563606110593935
-0.24073035741152005,0.07348474754467692,-0.2824025505193955,0.008752360466578714,0.03231171315305143,0.05346174888100495,0.013845531567200735,-0.04535006312344254,0.9662668823424968,0.00018865566797810504,-0.0016191952358260158,-0.0009828758635147166
-0.28794663884751237,0.14138140088629897,-0.2135327223645303,0.04492381040306072,0.1262680111007865,0.05535327854370985,0.012132049958650748,-0.042539369700461876,0.9661611938211018,-2.487705438642529e-05,-0.0019071418746735283,-0.0008414944626284177
-0.16996014815403146,0.14377154540732912,-0.23888826340487984,0.026984243902509822,0.09432026516012541,0.03221905538581777,0.01737816453512804,-0.03063460388955486,0.9577783086273878,-0.00026376531779130516,-0.0020771020228275597,-0.0006977229172210884
-0.1305759360511986,0.2738067687264844,-0.11724502420195423,0.02335768410356708,0.11322567324760643,0.07933527590848805,0.017768881920880428,-0.027331608301339474,0.9584679152849965,-0.0003810103419932594,-0.002207677958878758,-0.000423916148494604
-0.033915754504608916,0.14753043026109106,-0.19886674636672713,0.006300899989908893,0.14227902660104147,0.08359995271436677,0.016906964731187735,-0.025512341053321952,0.959965706578004,-0.0005798770883599864,-0.002241593713383367,-0.0002763857182335129
-0.03326215802238958,0.28125181357664786,-0.06807593159866032,-0.045167651684075154,0.08966743412883674,0.10113790280938119,0.011488210411261619,-0.02951300036568086,0.960792855744458,-0.0006479530199586468,-0.0022748558714057567,4.86609534313498e-06
-0.07517470063557359,0.0808211660725753,0.08158837102982987,-0.002135295227442279,0.15062709062758584,0.10149653492119615,0.007206381162276454,-0.03993458847384737,0.9593190733596857,-0.0005663646489288169,-0.0023500305720413305,8.56872614157103e-05
-0.06124750528057207,0.17720437905425962,0.02052319391643901,-0.006643162173539536,0.1072469209442006,0.05447777532365911,0.016957970244851246,-0.033195775461542225,0.9569787208626026,-0.000545841455012378,-0.002411278077321902,0.00026289164046996993
0.0178748451441468,0.05055013948763448,0.011064365912825253,-0.022725497986350256,0.158247084940558,0.0804693334978566,0.015645962680587586,-0.03962895170610543,0.9599791263461988,-0.0005347770890995527,-0.0023934032321777554,0.00031344177995760444
-0.13808029131240135,0.17107656334229837,0.09164239579559418,-0.011152355632189992,0.12554566990379676,0.10751232691956894,0.02227920803770697,-0.031494187122701446,0.9611627430148845,-0.0004431346933039585,-0.0025314835234901568,0.0004845183432999028
0.014762134900234244,0.13919713333856654,0.2733036558693205,-0.0737153861503254,0.04037561539341848,0.0740556160028867,0.015547948647054664,-0.0279030981849129,0.9630139790697159,-0.00016983103743463803,-0.0025167213885899224,0.0006237154766384694
0.005429746190256726,0.04459611100793357,0.3038789613283311,-0.009175946168697826,0.07908956554074469,0.09417040207212703,0.024040531529147244,-0.03949214982709339,0.9582010621302963,0.00013404792389369306,-0.002511291642399666,0.000668311587646403
0.19350621779137334,0.14463335837918795,0.23052890432937512,-0.04309417979046975,0.060285834153806145,0.07979918773351373,0.019836328716111785,-0.0406536639688644,0.9576157037840869,0.0003645768282230682,-0.0023177854246082923,0.0008129449460255909
0.012005878070449338,0.0569422705722189,0.36413515390485507,-0.08525072261048285,0.07843410006412388,0.02920561395682101,0.009729607244463666,-0.03078400367357475,0.9631511577220649,0.0007287119821279233,-0.002305779546537843,0.0008698872165978097
0.1763370660474139,0.01775819086133449,0.3839321341968641,-0.03859307993307361,0.08010300286066835,0.035492843696349495,0.019923541034065018,-0.026379773708366624,0.9540646270172604,0.0011126441163247876,-0.0021294424804904287,0.0008876454074591444
0.18749489064879415,-0.1068889855008294,0.320941971789623,-0.06563381665404787,0.05573410093001903,0.06249043041038081,0.02015282337123687,-0.0404382005096984,0.9594414676628652,0.0014335860881144104,-0.0019419475898416348,0.0007807564219583149
0.1894767064898796,-0.023269595401776158,0.2686054759181058,-0.05843437495740175,0.0007059286669904999,0.06429693098593917,0.007737461485875769,-0.03763661861449645,0.9609685840334803,0.0017021915640325165,-0.0017524708833517551,0.0007574868265565387
0.15794047146803042,0.009472630754606942,0.27182994190973936,-0.07052767056455396,0.042590498967493076,-0.017341375769755814,0.014545144535940894,-0.03948411647302128,0.9663401174894205,0.001974021505942256,-0.0015945304118837246,0.0007669594573111457
0.23844725678209383,-0.27765080034666145,0.26988686572855347,-0.10777314243780448,0.031122947469774568,0.014404161150018203,0.014154509332209003,-0.03291902637696804,0.9661083779347853,0.0022439083716708093,-0.0013560831551016309,0.0004893086569644842
0.2989213015713755,-0.26082967910669264,0.04162416135706541,-0.0874386229513064,-0.0028796185776181803,-0.017936940187299147,0.01619476621888396,-0.036837213747768195,0.9678853758766874,0.0022855325330278747,-0.0010571618535302554,0.00022847897785779146
0.19165124327387673,-0.20105877116789542,0.07514398788808103,-0.07255114731006579,0.03065238613418056,-0.02222173610425421,0.015062133684635388,-0.03801019092559241,0.9527314319811707,0.0023606765209159557,-0.0008655106102563787,2.742020668989606e-05
0.13795228568738596,-0.27078414815797747,0.11007263402260763,-0.031933454432320166,0.0038153761333180897,-0.014635075890822533,0.010346921130201064,-0.02941509409516673,0.9607284918101962,0.0024707491549385632,-0.0007275583245689928,-0.0002433639414680814
0.20203047656445727,-0.2988230757494553,-0.03706826122217946,-0.031604408057980954,0.025598486712012928,-0.030460424464734855,0.017243670904182457,-0.036515927837517004,0.9618270845463633,0.0024336808937163836,-0.0005255278480045354,-0.0005421870172175367
0.2305612002107516,-0.32483124582544287,-0.07376376495158793,0.019963721746785675,-0.0348207081076239,-0.04961796617961415,0.021578395569926766,-0.03235092160778995,0.9686868524921908,0.0023599171287647957,-0.00029496664779378386,-0.0008670182630429795
0.18282988883070017,-0.3108934994715327,-0.1813837360752704,-0.0226313518587366,-0.023386030746020088,0.029324923897385946,0.019783912430381474,-0.033324784574774766,0.9618725293451508,0.0021785333926895253,-0.00011213675896308366,-0.0011779117625145125
0.2540340405474285,-0.4020354721489149,-0.21561011085699738,-0.03156947531084549,-0.05076700038437239,-0.04641758305757982,0.009916941047587127,-0.04225589921382529,0.9640285063412597,0.001962923281832528,0.00014189728158434486,-0.0015799472346634273
0.22720600687588355,-0.2868470689853762,-0.1795626315703007,0.006846977918179773,-0.07107391527125397,-0.020554244539981614,0.01991392364401998,-0.03658902725500818,0.9606986588698658,0.001783360650262227,0.0003691032884602284,-0.0018667943036488035
0.13004938583252254,-0.32325869855728384,-0.25015909153331617,0.02225227547470389,-0.04165402893058268,-0.03506580827773333,0.009257979983531521,-0.041080008566075014,0.9656047175115208,0.0015332015587289109,0.000499152674292751,-0.0021900530022060873
0.21940564902897403,-0.32586628567607706,-0.3554659730329018,0.0518704037644766,-0.09646830156740938,0.001279690729559307,0.012245933600603323,-0.04152794176275085,0.9633019662851525,0.0011777355856960091,0.0007185583233217251,-0.0025159192878821644
0.17037111800361193,-0.31533004855275176,-0.43743024232518046,0.03231577828742552,-0.0736044845247671,-0.035903678634140124,0.015282305125288333,-0.03420826742121193,0.9745614063789118,0.0007403053433708285,0.0008889294413253371,-0.002831249336434916
0.2016147508156322,-0.2780193948744891,-0.378945912452782,0.0374342900701039,-0.05589563525367047,-0.06080653095486308,0.01955720736934139,-0.03495809100732958,0.9645778434288085,0.0003613594309180466,0.0010905441921409693,-0.0031092687313094055
0.05774884226265817,-0.20517274774879188,-0.41856107224262534,0.05344207901272206,-0.06654457226284678,-0.0037636900186061393,0.008140089714778762,-0.028120168681857384,0.958332480344671,-5.720164132457878e-05,0.0011482930344036272,-0.003314441479058197
0.21419350386687896,-0.2745586796121936,-0.41460047377322895,0.09936692483838667,-0.056548804069559255,0.00212070601858314,0.015939559229770923,-0.036664715356726614,0.9610892587395934,-0.00047180211509780776,0.0013624865382705063,-0.003589000158670391
0.17515378017982317,-0.310530973656168,-0.4643272941313683,0.0766903216432493,-0.09598508005484878,0.03134180936971318,0.01843393414139687,-0.04068869721613976,0.963308015143832,-0.0009361294092291761,0.0015376403184503293,-0.003899531132326559
0.1758375701971444,-0.20843134577666123,-0.42469528740559653,0.0769103242912225,-0.048438544568373564,-0.023319274549834866,0.016890633531771504,-0.04151510765955271,0.9574835689756688,-0.0013608246966347725,0.0017134778886474739,-0.00410796247810322
0.10406101421997313,-0.15492226477945278,-0.3899608374854185,0.10288144283193368,-0.04720161239018089,0.003972092660643568,0.01658529099689103,-0.041558240923398604,0.9548591146244227,-0.0017507855341201911,0.001817538902867447,-0.004262884742882673
0.051623052968470425,-0.17091069109457396,-0.31501093550710924,0.13602405102079054,-0.056419633950204176,0.0012880929367137962,0.02308819601558206,-0.03638754390827403,0.9640616361163507,-0.0020657964696273,0.0018691619558359176,-0.004433795433977246
0.031660801771257185,-0.05196381469587892,-0.2823066094312192,0.09110894954015444,-0.02233714052820958,-0.003168734297524938,0.016651214346482857,-0.033484351981732496,0.9679343590879169,-0.00234810307905852,0.0019008227576071746,-0.004485759248673125
-0.10895645339722174,0.042118555252697525,-0.2396236360389471,0.09779002171999875,-0.08318340776777797,0.025700691692774433,0.016802165267552523,-0.03175243979538904,0.9653439365727184,-0.002587726715097467,0.0017918663042099528,-0.004443640693420427
-0.02836289096665002,0.0070724418332049,-0.1207746129311347,0.06770536387373846,-0.0002553841546553458,0.0383308786670548,0.01411128661574636,-0.03184950794077253,0.9598138366813863,-0.002708501328028602,0.0017635034132433029,-0.0044365682515872225
-0.03987679790531983,0.09274175790724165,-0.1878111208504185,0.08906085261392362,-0.041211895156636764,0.0017119181186308983,0.008969491593793854,-0.03494762678191661,0.952866749357571,-0.0028963124488790206,0.001723626615337983,-0.00434382649367998
-0.09865277856890914,0.242893699662512,-0.09904369462555844,0.07523272399199755,-0.0008663882825158077,0.06352613868410233,0.010744939813763538,-0.03986979944216774,0.9583532712654217,-0.0029953561435045787,0.001624973836769074,-0.004100932794017468
-0.00841343165292946,0.1019950962870877,-0.05491824098125006,0.0802914185637668,-0.020076887376355358,0.060304184151125546,0.020681517446749384,-0.03667596664984462,0.965432685049069,-0.0030502743844858285,0.0016165604051161444,-0.003998937697730381
-0.07467280699652651,0.1252893677764193,0.07260654555592273,0.14330147533764673,0.0455963669367905,0.013955478096530345,0.016711895596093727,-0.033340416255104754,0.9621464495623988,-0.0029776678389299063,0.0015418875981196179,-0.0038736483299539612
-0.1788651069702684,0.1432884006700002,0.14136099040295527,0.03475714405858668,0.010637127644298819,0.05461035322036645,0.012090794673494446,-0.0377916873086033,0.9694801642093857,-0.0028363068485269503,0.0013630224911493495,-0.003730359929283961
-0.16883722820380925,0.22802520545901353,0.2486924543064318,0.049845277342384475,-0.015629940624345737,0.030150748804463265,0.02032507848842681,-0.043983514017502216,0.9624419703969106,-0.002587614394220519,0.00119418526294554,-0.003502334723824947
-0.0553325199380867,0.2905066865753098,0.23140831318192034,0.03877969576708329,-0.008435630691616482,0.04603546932395101,0.01412891779991407,-0.0387136217381873,0.9642176665572115,-0.0023562060810385986,0.0011388527430074534,-0.003211828037249638
-0.048456313897865436,0.3136682240816821,0.25536037002421447,0.02852548246427558,0.09374935468942978,0.053830695756915306,0.01143566417956671,-0.03427455123755703,0.963494671047496,-0.002100845711014384,0.001090396429109588,-0.0028981598131679557
-0.13034647366071925,0.21238879747053171,0.3728711581766611,0.0469186072546708,0.03910485505403852,0.013003831506572484,0.014034111219647698,-0.04280026897996098,0.9647290084660312,-0.001727974552837723,0.0009600499554488685,-0.0026857710156974243
-0.1625457476289015,0.3506401868781976,0.40746888544222204,0.01499856355539961,0.07917210902388491,0.0512655856061925,0.014666030501266787,-0.036703081851120326,0.9633498941016533,-0.001320505667395501,0.0007975042078199671,-0.0023351308288192267
-0.20996065241556394,0.3038387603768643,0.4381809194222888,0.029038899632699712,0.02149028716417654,-0.0005713596007459101,0.019149490393005043,-0.040785431054263896,0.9595181017373293,-0.0008823247479732122,0.0005875435554044031,-0.002031292068442362
-0.14428182818642754,0.33964436877187254,0.3917862851162971,0.0516879838244119,0.05537885556621308,0.006224294821480644,0.015709914656367622,-0.04021681728771155,0.9689695239306393,-0.000490538462856915,0.00044326172721797553,-0.0016916476996704896
-0.10303643253475658,0.37325476988519307,0.41901679404052067,-0.04941014493818875,0.06157003049701966,-0.003164525847987253,0.018392890178660387,-0.030737632005182414,0.962057664655824,-7.152166881639438e-05,0.00034022529468321895,-0.0013183929297852965
-0.14966231833797136,0.3639214289763075,0.45823421377030127,0.0124811475631707,0.06359679877439894,0.015167275370988722,0.01363537669237912,-0.02846667872786804,0.9588409659618627,0.0003867125449539069,0.0001905629763452476,-0.000954471500808989
-0.20435360516509027,0.34022460859587794,0.43712663925299217,-0.046487581276272824,0.08853412955996078,-0.023608394101986195,0.01314452255802971,-0.037247958112039604,0.9677612791402864,0.0008238391842068991,-1.3790628819842695e-05,-0.000614246892213111
-0.07498026263342797,0.25897983794724216,0.3336107945241722,-0.0652343494618519,0.0550394032602767,0.0037636190829350895,0.02531005536345594,-0.03661089777762061,0.9594985639165662,0.0011574499787310713,-8.877089145327066e-05,-0.00035526705426586886
-0.19903298161942837,0.20736382109080176,0.3859561391980667,-0.01276247856982203,0.07202972999137335,0.03460379355835825,0.017570757830922816,-0.04235754739860947,0.961856496103079,0.0015434061179291382,-0.00028780387307269904,-0.0001479032331750671
-0.10494613859025277,0.18019868568786462,0.24009151794096048,-0.02493828703085823,0.07050597973721782,-0.019810023757130896,0.02302324801796879,-0.032776319158678686,0.9638584455414977,0.0017834976358700985,-0.00039275001166295183,3.229545251279753e-05
-0.15679028960949437,0.12672007752032982,0.1762238795529561,0.012933622877390985,0.08247669122390144,-0.030621822870902392,0.020155189477133472,-0.03752157081736218,0.96330973207023,0.0019597215154230547,-0.0005495403012724463,0.00015901553003312737
0.010876903108135189,0.1971757973416695,0.18491091013131938,-0.021614483199812747,-0.004074136194425772,-0.014218070341006294,0.01241018003582468,-0.02741533511970385,0.9598403573863807,0.0021446324255543743,-0.0005386633981643111,0.0003561913273747969
-0.009932685871403987,0.03903092730395212,0.14275863233794078,-0.05898642888657947,0.031651585841905625,-0.059974071791649174,0.019844341829611135,-0.046705457699382884,0.9612094750835776,0.0022873910578923152,-0.0005485960840357151,0.00039522225467874904
-0.11518425050208136,0.060723735834305195,0.07344667526370986,-0.022072300427491847,0.007702640832497354,-0.041454675411293614,0.029029164464407096,-0.04560985465630736,0.963101437747734,0.002360837733156025,-0.0006637803345377964,0.0004559459905130542
0.09005298312680848,-0.06367632303250292,-0.07561682822752108,-0.026367717737377755,-0.021225823983818375,-0.02308046275397061,0.02175858505970143,-0.03356203189363962,0.9658891975113066,0.0022852209049285042,-0.000573727351410988,0.0003922696674805513
-0.005081442335399276,-0.08615637921450284,-0.08652092318328858,-0.03500857117541864,-0.030921905030111944,-0.0668896236135859,0.017640687463196,-0.037617296121289785,0.9746716168127761,0.0021986999817452156,-0.0005788087937463873,0.00030611328826604846
0.04655598694680661,-0.026978718189052703,-0.12839122533888828,-0.06164133791137212,-0.00679628965531499,-0.08393132297194782,0.02010493700813382,-0.03909327125555279,0.9556059723675492,0.002070308756406327,-0.0005322528067995807,0.0002791345700769957
0.031008878112607746,-0.026822278005491723,-0.12926857304079326,-0.03540631895365193,-0.019877398065862896,-0.05202701220137886,0.017482580074460977,-0.049231859912071047,0.9710044706058527,0.0019410401833655341,-0.0005012439286869729,0.000252312292071504
0.05573220340450065,-0.24412930024476864,-0.1897582188407594,-0.020428381134306464,-0.043544717654860995,-0.08561037472473024,0.02247318975494212,-0.03612653003021552,0.961516163681345,0.0017512819645247747,-0.0004455117252824723,8.18299182673532e-06
0.06771555829117132,-0.08337204784462499,-0.280043073764113,0.009808915845416783,-0.08678823036545404,-0.10313668703448957,0.018503578703937464,-0.042909633940104414,0.9566188894782915,0.0014712388907606616,-0.0003777961669913009,-7.518905601788967e-05
0.16158487245371828,-0.13241974599477524,-0.2118335092081698,-0.005969657017299266,-0.06147682072441678,-0.05347928582464085,0.021035071537532868,-0.04033940835234108,0.9669238554741264,0.0012594053815524918,-0.00021621129453758267,-0.0002076088020126649
-0.069327254262298,-0.27289226519031734,-0.262415643580181,0.012674989835521537,-0.09115722898652336,-0.02824723147503682,0.016133433735634334,-0.04092614513138353,0.9643063067663092,0.0009969897379723109,-0.0002855385487998806,-0.00048050106720298226
0.09729911523963446,-0.22644613976985034,-0.268142035873274,0.043890603855731194,-0.11488374123726237,-0.011185055979144107,0.024675557971406577,-0.031507919176826674,0.9642436867616293,0.0007288477020990368,-0.00018823943356024615,-0.0007069472069728327
0.0863189383811033,-0.2596421320630683,-0.18951797135915435,0.024550882811977842,-0.11885789863825802,-0.025199594505786543,0.018541450610009398,-0.04064561888859755,0.9592134921004035,0.0005393297307398824,-0.00010192049517914283,-0.0009665893390359009
0.18931791341532747,-0.2957689016305284,-0.2894839555588983,0.03166630945158598,-0.09736713943774866,-0.06635805019851763,0.020103828517338433,-0.04684293468305689,0.9650727957243672,0.0002498457751809841,8.739741823618463e-05,-0.0012623582406664294
0.20691853303297786,-0.06390084246941341,-0.26566638670451487,0.06301894206791006,-0.1079922507347793,-0.009425077381166084,0.022468391007758843,-0.03521389654439997,0.9653666627961223,-1.5820611523530816e-05,0.00029431595126916247,-0.0013262590831358428
0.09703920785203349,-0.10521501677512898,-0.16417773811581282,0.04600239403692579,-0.1374081557077474,0.021306303302865988,0.014487085443345916,-0.04065539811343931,0.958724950513472,-0.00017999834963934363,0.000391355159121196,-0.0014314740999109717
0.12198391555215296,-0.26630338480528265,-0.18467118643902164,0.051817176655226754,-0.13830047843439316,0.028720493361959615,0.025421337410719787,-0.03597354362342763,0.9617579747499985,-0.00036466953607836527,0.0005133390746733489,-0.0016977774847162543
0.12484268704454035,-0.13961567167861785,-0.03961623540086988,0.10645759023084873,-0.12207667545025166,0.027488413820731097,0.013371537864852744,-0.04776832590490839,0.9670628557161257,-0.0004042857714792352,0.0006381817617178893,-0.0018373931563948722
0.06612880513177306,-0.110428568344514,-0.07757516797347279,0.058871244742907114,-0.14009573154821894,0.014118108414675484,0.023230040379680857,-0.03844310932780754,0.9658272463147612,-0.00048186093945270803,0.0007043105668496625,-0.0019478217247393863
0.18353450256513604,-0.15497403768110576,0.05268916864898964,0.06370749527858237,-0.09852751936330861,0.044747586928959394,0.016994508170844854,-0.04438620684276219,0.9525418486414039,-0.0004291717708037183,0.0008878450694147985,-0.002102795762420492
0.12869620956832586,-0.08806861924725004,-0.09378588511037403,0.03251618171306661,-0.13221442288837448,0.04952380553437181,0.009229172009629584,-0.050049488012635084,0.9626962154118069,-0.0005229576559140925,0.0010165412789831243,-0.0021908643816677424
0.1890873594583043,0.04067187174398563,0.08038641362202043,0.10101519407818942,-0.1164552556981051,0.07513273684794097,0.02247128844206494,-0.034740646306903045,0.9648923967147612,-0.00044257124229207193,0.0012056286384414285,-0.002150192509923757
0.1756567405455723,0.004879606507346328,0.11425545236941526,0.06307225322889738,-0.11290883227363271,0.04041881442133637,0.011656828008282653,-0.03760958335591527,0.9587892999518346,-0.0003283157899226567,0.001381285378987001,-0.0021453129034164106
0.018925765245384404,-0.0049427138363063,0.23012550605248497,0.06756115978761243,-0.13076338461487796,0.0784434368174854,0.006793865776275462,-0.036933758561871026,0.9612701521905407,-9.819028387017173e-05,0.0014002111442323853,-0.0021502556172527166
0.055199578710066914,0.07107259586246344,0.20987713987721912,0.028356174007068323,-0.10413714516016669,0.06382313513017344,0.014800220718186511,-0.03602323155689167,0.9627961118869705,0.0001116868560070474,0.0014554107229424523,-0.0020791830213902534
0.0019349115409424064,0.08527807700527269,0.2359064425581882,0.03993408575795612,-0.1147130056366809,0.11611786168125472,0.01604894264053116,-0.031873741345959,0.9743858861687326,0.0003475932985652356,0.0014573456344833947,-0.0019939049443849807
-0.044922923857558326,0.14247133333886192,0.20066248659246458,0.062419687573071876,-0.08214394747459879,0.12748858637257998,0.020196241920721107,-0.04026666170386772,0.9528287214466459,0.0005482557851577001,0.0014124227106258364,-0.0018514336110461186
-0.0048044434615615444,0.1372785818993511,0.3103721793568719,0.039021419632506674,-0.06304229976199373,0.1103228415613929,0.025035243237900295,-0.04595383059538578,0.9674431167767383,0.0008586279645145721,0.0014076182671642749,-0.0017141550291467677
0.040129231827073585,0.27025832975286285,0.21029416201866047,0.06573661536273806,-0.05901865571214075,0.09163652788804019,0.01665997290557468,-0.044430311247717375,0.9724851333534419,0.0010689221265332324,0.0014477474989913483,-0.0014438966993939046
0.06503553622337464,0.20485741501662352,0.28029697803876397,0.015376325713227914,-0.03188184910653477,0.09825477719981199,0.023999308564237386,-0.04562230733189921,0.9612990353959099,0.0013492191045719965,0.001512783035214723,-0.001239039284377281
-0.05647384028786809,0.22997053760396807,0.296938073647533,-0.017040543061681908,0.00785359266478817,0.05103178946333169,0.012828401528458058,-0.03339074466118984,0.966532782791649,0.0016461571782195297,0.0014563091949268549,-0.0010090687467733128
-0.08572805963891886,0.2398887348108088,0.21421330748321493,-0.008466614367432004,0.002439274620416181,0.07607884712585848,0.011248536977560964,-0.04202178748794308,0.9741978618544136,0.0018603704857027446,0.0013705811352879359,-0.0007691800119625042
-0.07770881933138887,0.2037749400910306,0.2455956813071229,0.025199695559563383,0.025447168598744983,0.08102459438819012,0.01818907794202633,-0.033527636298864766,0.957001527090769,0.0021059661670098672,0.001292872315956547,-0.0005654050718714736
-0.09298252916883507,0.19169069124091934,0.14670899513429228,0.019176538224829367,0.018194681755363123,0.0537483753690948,0.02214813528652018,-0.04360022313291963,0.965339950576168,0.0022526751621441596,0.001199889786787712,-0.00037371438063055424
-0.16613828500519595,0.21983626814764792,0.14441913344212898,-0.03134527130467045,0.03084827277351636,0.05552244243217202,0.017818332878321297,-0.04284024524533894,0.9606684843407695,0.0023970942955862887,0.0010337515017825158,-0.00015387811248290627
-0.1916647906785936,0.09337637218769128,0.03393146591249954,-0.05886111069952045,0.027836752441692855,0.010724881213888452,0.0232464256196157,-0.04796301667422263,0.9578215837991801,0.0024310257614987884,0.0008420867111039224,-6.050174029521498e-05
-0.102493302264719,0.19496481726709547,0.07296716229622423,-0.0816259787515927,0.08886475899121735,0.01973936320592602,0.018313207847558487,-0.03937379104285444,0.9621562151083725,0.0025039929237950127,0.0007395934088392034,0.00013446307697188048
-0.24590402836589653,0.1355466801735379,-0.13494311189680522,-0.0994487142217529,0.07191210859103578,0.045303608264665014,0.020768433876536697,-0.039989225891384594,0.9547479323897062,0.002369049811898207,0.0004936893804733068,0.00027000975714541845
-0.2596289423042275,0.10420882456848705,-0.19082115077112055,-0.05982225261962868,0.08305582713400467,0.04855899823313353,0.01582206166801762,-0.042382330826278826,0.9701695920155539,0.002178228661127086,0.00023406043816907927,0.0003742185817139055
-0.21020393399822634,0.13306415800329838,-0.3130178306987965,-0.06403871424492587,0.06243498671504477,0.026325796039584508,0.02874454170033309,-0.040792873964302145,0.9616846896771344,0.00186521083042829,2.3856504170852944e-05,0.0005072827397172039
-0.24364482072674018,0.047609979637070976,-0.2837245105640298,-0.10598246386007801,0.15714892551999474,-0.028594945836808876,0.025621480292974647,-0.048377944347476304,0.9688497016859691,0.00158148631986426,-0.00021978831655588725,0.0005548927193542748
-0.17091431955598682,-0.0736887779329413,-0.20144567670492686,-0.11670617711241912,0.09600992248696924,-0.007925534345446942,0.015213326781292003,-0.02946169458615823,0.9565081587366931,0.001380040643159333,-0.0003907026361118741,0.00048120394142133345
-0.15176965831564576,0.0450321872747682,-0.35579631306219767,-0.03873399387481279,0.13833856252505697,0.0023477962916320597,0.018898941420973106,-0.026527836344891663,0.966161264497838,0.0010242443300971355,-0.0005424722944275198,0.0005262361286961016
-0.17088451174829555,-0.04403694496506602,-0.36064031439875277,-0.03112004247157575,0.09464594645680204,0.003891448138959053,0.01779598091135915,-0.03892334367454904,0.9513752467783944,0.0006636040156983826,-0.0007133568061758154,0.00048219918373103554
-0.21030149482337196,-0.0891964769825034,-0.31489341884984323,-0.07072066775801478,0.10675421510058561,-0.035686095455949814,0.012664957850237633,-0.04370475966056332,0.9774293591826221,0.00034871059684853936,-0.0009236583009991872,0.00039300270674853225
-0.20675553742698263,-0.2478654261596862,-0.46992699820817657,-0.04462534602293157,0.08718041253974533,-0.07554484693927528,0.02207516611383641,-0.03997172283782961,0.9671727357501789,-0.00012121640135963726,-0.0011304138384261699,0.00014513728058884596
-0.2545125866882144,-0.08697362031663997,-0.4893298971699523,-0.027263118475571748,0.15097941612986532,-0.013950105307416071,0.023634950993966994,-0.04575209621239291,0.9654844688015736,-0.0006105462985295895,-0.0013849264251143843,5.816366027220599e-05
-0.1805837658908493,-0.27323469154455254,-0.36616740291005223,-0.07913970532751055,0.055503815306511065,-0.051802009721267715,0.023161990679555995,-0.0402173896016156,0.9602805984311769,-0.0009767137014396418,-0.0015655101910052338,-0.00021507103127234658
-0.21003114988470115,-0.24217263893162275,-0.37294280152077647,-0.01787349566464831,0.07867456292880122,-0.027691375414421994,0.023858400414113017,-0.036476604424023416,0.9619583562489155,-0.0013496565029604184,-0.0017755413408899346,-0.00045724367020396933
-0.2008344065450757,-0.31553847778988897,-0.36558014990360554,-0.0741713744363787,0.08451360456730411,-0.04360053317745426,0.014351724327081653,-0.041661865765874835,0.9665513772615972,-0.0017152366528640239,-0.0019763757474350104,-0.0007727821479938582
-0.14779590780843077,-0.314580956341155,-0.36539526702353287,-0.02759492923763545,0.07939210207283226,-0.04867731038781608,0.014962307266558759,-0.036581135065087984,0.9665285581516563,-0.0020806319198875566,-0.0021241716552434413,-0.0010873631043350135
-0.08324836752057596,-0.28125083110442317,-0.23566583909843025,-0.09747126687474385,0.09478742599802063,-0.012216069200501839,0.018627299588438558,-0.03454412632474396,0.9676713580497086,-0.002316297758985987,-0.0022074200227640175,-0.0013686139354394365
-0.1551387429954482,-0.25019022054800455,-0.21454958940260443,0.01667707868113672,0.04621722380278325,-0.05407416769313767,0.015803936116628656,-0.039319683851336995,0.9687297593462978,-0.0025308473483885915,-0.0023625587657594657,-0.0016188041559874412
-0.14334950300538196,-0.3767464012864117,-0.23788032443736945,-0.01077206636756197,0.06882792761137946,0.03218238609694775,0.015544377819372096,-0.03355928269737171,0.962680901685977,-0.002768727672825961,-0.002505908268764848,-0.001995550557273853
-0.05773925893096578,-0.3378685057232591,-0.02701607431573154,-0.008132348983291545,-0.014429189408805644,0.004285769423860837,0.016741362230854432,-0.03894656742031671,0.968944733360813,-0.0027957437471416925,-0.0025636475276958133,-0.002333419062997112
-0.05829044082460549,-0.32510856205915306,0.049724275435447135,0.03372481820289712,-0.001120981587468168,0.01562946142479172,0.01870697810909582,-0.03873675442425605,0.9677838123579338,-0.0027460194717062454,-0.002621937968520419,-0.002658527625056265
-0.07103789806553251,-0.30788644382015135,0.08610611843692118,-0.012140900699456867,-0.005344464934400198,0.027428974089101353,0.014511645257487295,-0.03771815259550594,0.9628539797953325,-0.0026599133532693242,-0.0026929758665859517,-0.002966414068876416
0.022860139879988153,-0.30359947414889094,0.05347393893194027,0.03087923380257381,0.027938535006260784,-0.021348117459262107,0.030722821618537795,-0.03953616794335871,0.9584152642896254,-0.002606439414337384,-0.0026701157267059634,-0.003270013543025307
0.0931839209682321,-0.2721496693037954,0.14454189849674226,0.021188895529481784,-0.03015083339352924,0.01339141398612855,0.027568105732561618,-0.0397198953751511,0.9616542156845731,-0.002461897515840642,-0.0025769318057377315,-0.0035421632123291027
0.1211555266977011,-0.2095297698684584,0.1940340674107079,0.04611730266358607,-0.017509468597974386,0.009428807763276105,0.013750778284893076,-0.04179889357842827,0.9693343247259951,-0.002267863448429934,-0.0024557762790400305,-0.003751692982197561
0.05200111539314749,-0.3482590918244609,0.32184005015975176,0.052657546166591226,-0.03190609542841061,0.01676476489525327,0.021035648587238533,-0.03827031733427552,0.971122186924106,-0.001946023398270182,-0.002403775163646883,-0.004099952074022022
0.03621810074911327,-0.22285239881307026,0.3468424213091923,0.06218889706950839,-0.04509720857292393,0.014428778062543198,0.03167175825007714,-0.04278626457828599,0.9700577436357338,-0.0015991809769609897,-0.0023675570628977696,-0.004322804472835092
0.023015265056250858,-0.1398722498614437,0.40644005122918203,0.0688060856671183,-0.06986065022029724,0.04573708282700902,0.023955079512594697,-0.040705396501499486,0.9619283085504092,-0.001192740925731808,-0.002344541797841519,-0.004462676722696536
-0.036581428218528916,-0.07718632232467937,0.38905706704560117,0.12757267412650042,-0.03553602659132175,0.03778297056630628,0.01249344360747658,-0.04375122548272757,0.9675381483187601,-0.0008036838586862067,-0.002381123226060048,-0.004539863045021215
0.21030429873571888,-0.019786222690109212,0.46555632513132794,0.09140672888498992,-0.0932733736469703,0.04559305240002973,0.020692682743747224,-0.04429478146660883,0.9692553223388563,-0.0003381275335548787,-0.0021708189273243294,-0.004559649267711323
0.2426366777707344,-0.06724395191539687,0.5262973466645978,0.11085563564925213,-0.07606995184300062,0.04406820719964057,0.011582373671920084,-0.03925772188024103,0.9597620219273715,0.00018816981310971917,-0.0019281822495535947,-0.0046268932196267204
0.146616614196319,0.0223034235818301,0.4427573485734517,0.04514482064853765,-0.0564835780100059,0.034195888783827094,0.010709062645885047,-0.034875803616224915,0.9629506353022302,0.000630927161683171,-0.0017815656353572758,-0.004604589796044891
0.17849326655796277,-0.035941169229942574,0.4240012602724312,0.07222309621624794,-0.08746752448094705,0.04910941126614747,0.018201746086977458,-0.04775999451692414,0.9693553426176097,0.0010549284219556023,-0.0016030723687993128,-0.004640530965274833
0.12977988768177193,0.12219622934134418,0.36286298731590316,0.06975346360483016,-0.0993646318714354,0.0772154815312224,0.019058933976053544,-0.03768537655476094,0.97545960551066,0.0014177914092715054,-0.001473292481117541,-0.004518334735933489
0.21047216141937936,0.19317062480326294,0.32084345557632543,0.08051719495025897,-0.06620204779118201,0.009727291297031577,0.02175789641574864,-0.044811559570463476,0.9626223152951686,0.001738634864847831,-0.0012628203196981616,-0.004325164111130226
0.2201932191299647,0.21445017555617316,0.36288669420130126,0.07227217904062547,-0.05396400931051314,0.027328592111804516,0.017173453039640928,-0.045796944642827256,0.9615340223792183,0.0021015215590491324,-0.0010426271005681967,-0.004110713935574053
0.23080980424753042,0.21827838137240535,0.21817513004808242,0.07500436649217442,-0.033019854545371735,0.04041613236504638,0.021891460323778773,-0.0348730442260101,0.9689936671356376,0.002319696689097215,-0.0008118172963206666,-0.0038924355542016478
0.2507844527679305,0.25528259445278767,0.14464087363310804,0.10008456250696612,-0.0628859859085165,0.015936773052850836,0.022488902601893117,-0.041832163696430724,0.963976229893635,0.002464337562730323,-0.000561032843552736,-0.0036371529597488596
0.2587144729564709,0.20889879460160793,0.1333032281202053,0.09471438692158614,-0.06275510943609595,0.0033234273802449175,0.028250442948047353,-0.0463146307761758,0.9753535850871281,0.002597640790850528,-0.0003023183705962651,-0.0034282541651472517
0.23716724582523652,0.27072151655850846,0.11118703286361296,0.04898436880138581,-0.06190563251607853,-0.02440118637232143,0.02250252881300713,-0.04558355354325588,0.9611165414623926,0.0027088278237141408,-6.515112477102858e-05,-0.003157532648588743
0.22233105440431158,0.4284326211368089,0.11043232449232776,-0.00199659895281039,-0.03733883067125412,-0.01135955917355331,0.018571887538540353,-0.040043317899471534,0.9696546822824522,0.0028192601482064684,0.00015717992963328303,-0.0027291000274519343
0.1918722858347043,0.37611111428788824,0.09826133534544221,0.022357042082919415,-0.05399483739144138,-0.017199742914716883,0.01262920254437621,-0.04428391527590804,0.9636449204795197,0.0029175214835519105,0.00034905221546798734,-0.002352988913164046
0.24321530516965936,0.2900738784178858,-0.04531678732513336,0.031823978639725595,-0.006552736489061662,-0.028784585435042018,0.01091093734443795,-0.03902095209333634,0.9593775987824142,0.0028722046962267773,0.0005922675206376468,-0.00206291503474616
0.18966295928975332,0.2657489244228849,-0.09786002099365484,0.08290108498140916,-0.04778726176288185,-0.012321109801740839,0.025589593561715848,-0.03285658229034117,0.9756420209951846,0.0027743446752331227,0.0007819304799274,-0.0017971661103232753
0.2241510459470331,0.36651735147957193,-0.24676931829837728,-0.014079821660380284,0.022678054332801217,-0.06003075968906104,0.0178864744976293,-0.03295824665860566,0.9634652463255668,0.002527575356934745,0.001006081525874433,-0.0014306487588437034
0.11805965481207428,0.2732773486859075,-0.22465736343856457,0.0241967245753941,0.05203839737341956,-0.011979672704148086,0.016613914226819487,-0.03885778759329587,0.9670300224743091,0.0023029179934961805,0.0011241411806865076,-0.0011573714101577959
0.20753710079181306,0.21328914970229004,-0.2639172613255027,0.020394106202829644,-0.02932283226601628,-0.038537133167759426,0.01786185292450466,-0.03712238882968077,0.9542944127819635,0.0020390007321706774,0.0013316782814783205,-0.0009440822604555059
0.15168203559438448,0.13105808447090583,-0.29194616591145217,-0.02757140664227061,0.020773062745458405,-0.05821218551141188,0.014439417782853983,-0.043989388140933235,0.9654712286623826,0.0017470545662592253,0.0014833603170727049,-0.0008130241759846
0.03758465704341772,0.2698793313820023,-0.20023077431518033,0.0078110387456155304,0.047717963613168324,-0.09312141289327122,0.02034251301730921,-0.03905945927777241,0.9669720068464556,0.0015468237919440452,0.0015209449741161226,-0.0005431448446025977
0.09022780241909206,0.177257108642121,-0.3368877816720764,-0.025087316162107465,0.03380237752274637,-0.08252238954448983,0.021970048002844536,-0.04270386530341888,0.9689568167414954,0.0012099360102719688,0.0016111727765352147,-0.00036588773596047677
0.08655830539059031,0.14878672959847078,-0.20619693944634515,-0.05064157689794782,0.03241656026721177,-0.03469613068951918,0.010947233472947881,-0.0451118725150564,0.9677999983676221,0.0010037390708256236,0.001697731081925805,-0.000217101006362006
0.17467933848575448,0.12302287807455789,-0.18232668531695817,-0.03476474440375462,0.04031684325151644,-0.034209297491394695,0.01718851383107375,-0.0401698921197885,0.9598548895413783,0.0008214123855086653,0.0018724104204115594,-9.407812828744809e-05
0.08299674171724744,0.05947093812381615,-0.19021512732866336,-0.026200706356281134,0.021784208047182823,-0.09324611811277997,0.022909411931734482,-0.04656246940398846,0.962260944179412,0.0006311972581800021,0.001955407162128807,-3.460719016363193e-05
0.03701844134515537,0.07143968459288179,-0.24936220435744622,-0.047293663961424974,0.05809598542698868,-0.027503014118244885,0.01061221460806616,-0.03486068934531296,0.9633241885675972,0.00038183505382255586,0.001992425603473962,3.6832494429249864e-05
-0.009225707675645992,0.053412933353041654,-0.16551771636012702,-0.009489001686126661,0.06778702758659912,-0.060943360086649655,0.030081332835373387,-0.035596131024491995,0.9658045692900187,0.00021631733746242882,0.0019831998957983168,9.024542778229154e-05
0.01747021788532141,-0.013254601809592545,-0.10736646606437478,-0.03433297881319959,0.06127168765767979,-0.021577450673240642,0.015945293345993553,-0.031532680117141054,0.9629087080444062,0.00010895087139805405,0.002000670113683638,7.699082597269898e-05
-0.11561089531153941,-0.08277343193573733,-0.1030619099288793,-0.0494423261148664,0.033609800280843954,-0.019681943911196167,0.011661757864207183,-0.03676602931430993,0.9660036584377568,5.888961469174739e-06,0.0018850592183720983,-5.782605963038354e-06
-0.09388661697267606,-0.11161126766501897,0.058817372592406436,-0.01858645463125258,0.0762865609468548,-0.05441768289703528,0.01789962310330889,-0.04514451925267353,0.9495094234020626,6.470633406158117e-05,0.0017911726013994222,-0.00011739387362805733
-0.06374446835287528,-0.11823224208660417,0.1339530491508817,-0.012996531896724336,0.03751777168735686,-0.012005273967604918,0.024218229783888268,-0.03571910807686501,0.9726341678317907,0.00019865938321246286,0.0017274281330465471,-0.0002356261157146615
-0.07176388930282233,-0.055340480657943864,0.07417716166231869,-0.0337699207429463,0.07223029398965204,-0.016955611213882088,0.017650144976610806,-0.031222091748160492,0.9591235241461362,0.00027283654487478157,0.0016556642437437247,-0.00029096659637260536
-0.09038683563332389,-0.07901075848668812,0.1433323103782017,-0.06598962905189781,0.04649328337133128,0.009971736024297205,0.01807184610543721,-0.04473913096000163,0.9575342078033761,0.0004161688552529833,0.0015652774081104008,-0.0003699773548592935
-0.18090369675694384,-0.18639258847711182,0.21642971592143034,-0.016521737990676997,0.02851016345026064,0.01971090255642114,0.0217238259160424,-0.03932473475095753,0.9659946804052929,0.0006325985711744136,0.0013843737113534568,-0.0005563699433364053
-0.13193087260366085,-0.16937808562351792,0.18360334822709062,0.027405672151011903,0.020351686889746916,0.0060506554356255324,0.020175776228596707,-0.03764684734854911,0.9626438720067336,0.0008162019194015042,0.001252442838749796,-0.0007257480289599232
-0.20670416424424384,-0.186789140524573,0.12218207540341874,0.020138542743368175,0.027133529955447683,0.04574730067891258,0.015542479532980075,-0.028468008993045992,0.968773207392127,0.000938383994804923,0.0010457386745055522,-0.0009125371694844961
-0.1586935336504885,-0.2941552032842124,0.20401307153361442,0.04157377332014696,-0.0345672209379542,0.05210208565549989,0.02152982300535015,-0.037483897786391225,0.9699028294832935,0.0011423970663385376,0.0008870451408550638,-0.0012066923727687088
-0.1654613842440692,-0.1925755003322532,0.27085803652131135,0.037770955194434144,-0.03584875187526568,0.07224619577220924,0.020695232327932314,-0.042658226001410504,0.9629636865023734,0.0014132551028598489,0.0007215837566109945,-0.0013992678731009618
-0.08481502540980812,-0.18482201292867256,0.2318811346454191,0.08094614616747325,0.01776161053340425,0.023155407733131815,0.02331940677408378,-0.039028203903058216,0.9658306814125087,0.0016451362375052678,0.0006367687312011864,-0.0015840898860296345
-0.11957338807964976,-0.17756830791730147,0.35383582096687416,0.062151259163043135,-0.028223354785376277,0.07543888804074865,0.015165087329323586,-0.03524050015065638,0.9650831532878482,0.001998972058472142,0.0005171953431215365,-0.001761658193946936
-0.13893386522652726,-0.15689517406797956,0.1921725658765454,0.05138540771535305,-0.024034773733216018,0.09185156901110998,0.021398584249713283,-0.039428318332725615,0.9734187333330585,0.0021911446243486877,0.00037826147789500933,-0.0019185533680149153
-0.16447906363288115,-0.23128341659163737,0.20803038459810488,0.05335412219159384,-0.027485593207748037,0.09000911388870829,0.014117027805189013,-0.039492400662556354,0.973793941789364,0.0023991750089467924,0.00021378241426212816,-0.002149836784606553
-0.11851158140451588,-0.06315391250406223,0.23600665052996167,0.05047288225695024,-0.06663049030260557,0.07372971793435704,0.022876974204144373,-0.03380888279123885,0.96825594620773,0.002635181659476754,9.527083285761228e-05,-0.002212990697110615
-0.03499997238168051,-0.059071254464359506,0.18863705685778093,0.07248478593817492,-0.0867162281964398,0.08675808271315744,0.025257399109068938,-0.029626336102840618,0.9660615320868263,0.002823818716334535,6.027086047593176e-05,-0.0022720619515749748
-0.11199288770936174,-0.15698117169624343,0.04653292698893898,0.11516248660831135,-0.07318685296838522,0.06720000371430904,0.020559543239529965,-0.042479895633208205,0.9692864350445638,0.002870351643323474,-5.172202723342998e-05,-0.0024290431232712184
-0.06680809107750574,-0.032755654435426995,0.03235384209428731,0.09564216037347932,-0.10032661976107733,0.1359336697117574,0.019544987404696183,-0.043139428693116835,0.9656216465741426,0.0029027054854177613,-0.0001185301183109357,-0.0024617987777066455
-0.002031124425835709,-0.09762455889631215,-0.13115385880796193,0.08780579378917908,-0.07753017450498531,0.07086122704548839,0.02053804188628964,-0.038577658914132104,0.9588711239951173,0.0027715516266097993,-0.00012056124273677142,-0.0025594233366029572
-0.04413827328854217,0.08480351946597825,-0.2086875654904054,0.05083835674244377,-0.08128841017366026,0.12762367188944757,0.01821199802290783,-0.03275116694434317,0.9664237521069753,0.002562864061119394,-0.00016469951602531357,-0.002474619817136979
0.165654066260639,0.04907045602645966,-0.1579945295117149,0.0560849696653167,-0.1283026578427188,0.0702178178467095,0.013395381640969603,-0.0371657067968772,0.9747495485394659,0.002404869531607679,9.545502353254243e-07,-0.0024255493611105195
0.015751664731010598,0.13870378858878832,-0.13139828165521578,0.07938612178052169,-0.12000309031280675,0.09378261168237036,0.033198732756655136,-0.043034528674943395,0.9748668164146895,0.0022734712499524632,1.6706214966336024e-05,-0.002286845572521731
-0.04014464500216469,0.08709999131498644,-0.20960119654928167,0.025260776481667982,-0.12261394825530787,0.06097609711383857,0.01727000653741204,-0.030945835808025776,0.972829683556422,0.0020638700534031814,-2.343843003582867e-05,-0.002199745581206745
0.09126100237405556,0.14205571070224784,-0.31290288828487883,0.05191837177493422,-0.14889980891340002,0.038890722381761535,0.02286949214396463,-0.037185830956078955,0.9682072112497434,0.0017509671651183023,6.782257233822689e-05,-0.0020576898705044967
0.1320658100350425,0.21312242456388278,-0.29300634067795484,0.047855410850329384,-0.15149080004304225,0.03227197927611078,0.0215005852590419,-0.03720080440963809,0.9645730591297342,0.0014579608244403475,0.0001998883823732694,-0.0018445674459406142
0.10538040405378443,0.16330104027290823,-0.4650289484154654,0.05390271691913325,-0.12814298516006628,-0.016251837650402036,0.008882151248684838,-0.03852832122456429,0.9828959588885537,0.0009929318760248823,0.00030526878642705383,-0.0016812664056677059
0.11888897381239079,0.1478751068167338,-0.4253069690638055,0.0030202508299242356,-0.12622966616956197,0.03787095996141153,0.0203317023079954,-0.03885907597026734,0.9689266645484211,0.0005676249069610766,0.0004241577602394446,-0.001533391298850972
0.13066435292132456,0.16157021314859482,-0.4168617789152666,0.033452676041460225,-0.1521133309404381,-0.014411360617870376,0.023071482220025977,-0.029558978396857314,0.9612798668818939,0.00015076312804581,0.0005548221131607692,-0.0013718210857023771
0.15139304302596618,0.13768382103876764,-0.478905289366506,-0.05028967559681411,-0.10758092819955145,-0.006772014873966821,0.015269747844433683,-0.039922618562935094,0.9567475065659519,-0.000328142161320696,0.0007062151561867355,-0.0012341372646636096
0.0797035987815978,0.209521084896995,-0.4354090396993116,0.02807056723091546,-0.08981610273770871,0.0403794102378615,0.023023126390800303,-0.033715163195908546,0.9659130713988093,-0.0007635512010200077,0.0007859187549683332,-0.0010246161797666145
0.08814595495681504,0.17420581637401913,-0.3758701390552662,-0.06003992647321992,-0.09588839240241444,0.012312318230816832,0.01701268481712977,-0.03301919237161503,0.974309219481151,-0.0011394213400752738,0.0008740647099251481,-0.0008504103633925954
0.12252318719531839,0.14927685035775967,-0.5191296735461763,0.010457633172390443,-0.051423941152334694,0.0036739243012593823,0.013422823269092065,-0.038221874911506505,0.9659345305286449,-0.00165855101362145,0.0009965878971204666,-0.0007011335130348358
0.12322763403066604,0.1362310943146314,-0.2504413576125953,-0.03522098750076841,-0.07736329229083239,-0.04153333569870722,0.01684399301736889,-0.032661875751958246,0.9672885204443649,-0.0019089923712340452,0.0011198155311511328,-0.0005649024187202043
0.12557192099992476,0.018087644383393678,-0.23852155050911872,-0.014617366507490232,-0.042523110130761814,-0.03596406460952112,0.015136793756496295,-0.03424142460347482,0.9736861137297206,-0.002147513921743164,0.0012453874521510576,-0.0005468147743368107
0.0777957256004257,0.21768667195377625,-0.19368575400120341,-0.056087623611388165,-0.008446531479206876,-0.01559558751981298,0.020036590361431208,-0.03598897264951385,0.9761572679724448,-0.0023411996757443676,0.0013231831777514834,-0.0003291281023830344
0.13262181631844308,0.07362834549628386,-0.16344280555769886,-0.05037939135788898,-0.04099633507070921,-0.052012016477449394,0.021077319812765144,-0.03610799896793522,0.9670932014586919,-0.0025046424813020664,0.0014558049940699266,-0.00025549975688675056
0.07969751936630513,0.05221382941316096,-0.06326835612930021,-0.06834208867637677,-0.002453535062468608,-0.047890651181321894,0.018450018297866622,-0.04109472913247546,0.9721735492187897,-0.0025679108374313665,0.0015355025134362317,-0.00020328592747358956
0.042410834210900514,-0.01341467954735837,-0.027683092464100927,-0.06630867187383153,-0.012801139988891395,-0.07237582074738717,0.01911115931825273,-0.04376753451859572,0.964920101733906,-0.0025955939298954677,0.0015779133476471322,-0.00021670060702094795
0.1110449155870465,0.07966727106178735,0.1194968716499599,-0.055740797125660144,0.0037861580423913044,0.023122365201505103,0.02270218304226805,-0.030924188517719556,0.9709083935784636,-0.0024760970582455074,0.0016889582632341788,-0.00013703333595916058
0.1491040025758612,-0.06769115867125163,0.25782994038224005,-0.07211701407324056,0.035500784643788516,-0.050410825904684854,0.022472952778710056,-0.03973612479475203,0.9822621130294038,-0.0022182671178632672,0.0018380622658100401,-0.00020472449463041222
0.14851418033947686,-0.06591062532504363,0.23156240142408385,-0.07972770847770425,0.04231095492443191,0.037410024661788444,0.01494141137550117,-0.029413090303028612,0.969501003109282,-0.0019867047164391833,0.001986576446149517,-0.00027063511995545586
-0.030915099459781575,-0.07381063255058477,0.3799514544537829,-0.08672158920421498,0.09492807374506881,-0.048319456178421316,0.018270725519680415,-0.04226328374721426,0.9712425883744773,-0.0016067532619854004,0.001955661346689735,-0.00034444575250604063
0.09158270163232421,-0.116374281486389,0.32177786242607137,-0.03460541751447424,0.0926474487600332,0.016479362424393185,0.01759457729772073,-0.04094767742066602,0.9758818567404888,-0.001284975399559329,0.0020472440483220596,-0.0004608200339924297
0.055177916849828104,-0.19130589937584472,0.2674508258941961,-0.04030927844703887,0.06464549139186414,-0.02120364497725276,0.010971188599285402,-0.032288187244955635,0.9716858548886647,-0.0010175245736651329,0.0021024219651718874,-0.0006521259333682745
0.024546316712376996,-0.1616731100491458,0.38936975142041663,-0.06315750064288789,0.09747074851325828,0.05417634392586102,0.022853655625708146,-0.044756356948973626,0.9658555510200875,-0.0006281548222447162,0.0021269682818842645,-0.0008137990434174203
-0.0444141202100526,-0.20365930673507746,0.5710933898131415,-0.056464262034566025,0.11103775320772404,-0.04920731786080021,0.02232288356481461,-0.044613527216429506,0.9619253338699769,-5.7061432431574694e-05,0.002082554161674212,-0.0010174583501524977
0.028977654000572187,-0.18094388845395804,0.39826619116739287,-0.03686276292574619,0.059506047376958165,0.02836325579804036,0.020181661991030237,-0.034789655329652905,0.9718426567517722,0.0003412047587358182,0.002111531815674784,-0.0011984022386064559
-0.03147852485850631,-0.26642495847466335,0.40431689317683744,-0.02882986503077473,0.0789413054127273,0.03534355037098474,0.01597167145327237,-0.037789448956348885,0.9652715563264997,0.0007455216519126557,0.002080053290816278,-0.0014648271970811191
-0.003781749380505496,-0.3722207969845235,0.47511692142786355,0.020570713632722927,0.10507241833901144,0.03069928777234851,0.020588524647965355,-0.03294127498709667,0.971462364066048,0.0012206385733405192,0.002076271541435772,-0.0018370479940656428
-0.1683894266152672,-0.2929264195504019,0.41292665193629513,-0.024743812579658797,0.11271731743185961,0.06057748557276619,0.009678804654965087,-0.03698488583034205,0.9742459465246217,0.0016335652252768144,0.001907882114820505,-0.0021299744136160444
-0.22135800423496815,-0.3119995771886722,0.3552762020665608,-0.034590810668736365,0.07959413091421366,0.018327003392808405,0.010936954701076732,-0.0369431584759471,0.9716287725913947,0.0019888414273433754,0.0016865241105855366,-0.0024419739908047165
-0.10002862452757255,-0.33935978729259625,0.3227053231065018,0.02771969008532299,0.11713114473062833,0.0595614228135697,0.013158128201675801,-0.04741127783123703,0.9720677146829414,0.0023115467504498765,0.0015864954860579641,-0.0027813337780973127
-0.2841837787661984,-0.3895008051636411,0.3219579030888638,0.009128551860367087,0.0935333610890503,0.021831926156556887,0.013273100972434865,-0.03276976752054499,0.9589268399975351,0.002633504653538741,0.0013023117072917655,-0.003170834583260954
-0.17645019142890014,-0.209686771328841,0.2285342666981524,0.009322557124204926,0.08664010908862473,0.06845533982377652,0.019186350669197105,-0.037284942194672245,0.9780142675902151,0.002862038920236893,0.0011258615158628656,-0.0033805213545897946
-0.2804626180895149,-0.2060350507264897,0.1199783712572077,0.09621180149056939,0.11362235260717621,0.06621300176713386,0.010578291955647787,-0.03895467391444586,0.972288022364611,0.002982017291494101,0.0008453988977733507,-0.0035865564053162847
-0.23093895745460802,-0.3227795478898732,0.057473568687566604,0.08238980513257488,0.09485052487983696,0.027005877307812357,0.012764434529729947,-0.03493567431628667,0.9678910308656561,0.003039490860181668,0.0006144599403187426,-0.003909335953206158
-0.18324172609097267,-0.30057018829787735,0.12792673896016893,0.0942635360155545,0.10166300827071224,0.0759520304341585,0.020658441772586245,-0.03578356948057673,0.9706674366904573,0.0031674175991418365,0.00043121821422777,-0.004209906141504036
-0.18324592615806654,-0.1361446172566605,0.06413357400379184,0.051690847968711776,0.06277206063516215,0.01962475545175068,0.012792569437906166,-0.03811291654952463,0.9789751837160966,0.0032315511731456285,0.0002479722880697034,-0.004346050758760696
-0.19048922978463245,-0.1750451122621603,0.025074522479361067,0.06411681537436463,0.049609551441974535,0.04152614366133365,0.015739572195040807,-0.036068366706877235,0.9670478318338803,0.0032566256956249903,5.748305828507097e-05,-0.004521095871022856
-0.12772395653820465,-0.06920538023741078,-0.05924056985668467,0.13065564365843946,0.012292226383160652,0.03239058444408432,0.02385439406416816,-0.032917953883481205,0.9710331475420306,0.0031973851257683056,-7.024089825313368e-05,-0.004590301251260267
-0.2629007151584809,0.03002745855681327,-0.09843967122965006,0.10248264372369174,0.04676548959158449,0.02073580074086323,0.020214113512680917,-0.03838233048802077,0.968068985982291,0.0030989454545386555,-0.0003331416134116146,-0.004560273792703454
-0.19980118306148908,-0.014961592769781807,-0.13638244872083455,0.13878649207087967,0.02733006071250144,-0.014838440293254958,0.02650605422881957,-0.036028578817840426,0.9635130410110384,0.002962563005817821,-0.0005329427964731037,-0.004575235385473236
-0.25403064324224556,-0.022812974080830207,-0.19700512280325821,0.06679882914696024,0.0010505645829307106,-0.00406689976121523,0.015002178263962869,-0.03692863851928467,0.9748060110602631,0.0027655578830145626,-0.0007869734397153493,-0.004598048359554067
-0.14672642551353454,0.16212204840679148,-0.18758231187695287,0.07350029963285416,-0.015854439339151753,0.012634785255606816,0.01207588242103446,-0.024326176983746277,0.9803292327820791,0.0025779755711376096,-0.0009336998652288838,-0.004435926311147274
-0.19948247454922788,0.041424758384482896,-0.22533195227418742,0.08808227230621374,-0.002550687223446081,0.02400546684548331,0.015980335615346435,-0.03717759213473762,0.9796767661292715,0.0023526436188634225,-0.0011331823397781118,-0.004394501552762792
-0.27151976731473704,0.20221551426063647,-0.32457737241623746,0.014346902000461088,-0.04059740888286319,-0.01470714131273968,0.01280655662192142,-0.03837859415630158,0.9745529686267493,0.002028066246447185,-0.0014047021070928488,-0.004192286038502155
-0.11592604918195427,0.2392466920144874,-0.18651703978249976,0.10869299426214066,-0.05140245935986741,-0.024613357211971443,0.026613316171206658,-0.042668995536310844,0.9719834952440424,0.001841549206664685,-0.001520628156274803,-0.003953039346487668
-0.17039351390397586,0.20470238958934286,-0.28894988191643867,0.09519345506919823,-0.08909947286930245,-0.015732636044919597,0.017763544059087064,-0.035722498962991574,0.9736354361466371,0.0015525993247482465,-0.0016910216701787788,-0.0037483369568983254
-0.18527756718612298,0.2769777418857273,-0.25220739305059897,0.0480813278970193,-0.08208013505217274,-0.04254949497675564,0.016967877127520403,-0.03719811240918695,0.974548292471125,0.0013003919316976476,-0.0018762992373649021,-0.003471359215012598
-0.2043892027650664,0.26582886950614054,-0.17638019829844478,0.022486264926351685,-0.05107560981301112,-0.0458473136463081,0.011526534602784726,-0.04061921413796535,0.976108537923857,0.0011240117333992025,-0.0020806884401299683,-0.003205530345506457
-0.0747501564446254,0.16221097194020168,-0.14145311201764316,0.056001189191222024,-0.0778697399061853,-0.12116137014565238,0.020170907749415233,-0.04042899360620775,0.9864790259189282,0.0009825586213815594,-0.002155438596574594,-0.0030433193735662557
-0.16098934551200686,0.30081062734420655,-0.061715505691791614,0.07896546436160153,-0.032356146833390394,-0.051580812222238835,0.009308150441056567,-0.036405371456112764,0.9793382060356228,0.0009208431156897677,-0.002316427942086601,-0.002742508746222049
0.005229099510168617,0.312212166450672,-0.022855504068953737,0.06252002982516842,-0.07167039304322954,-0.06897608364162519,0.01857210623246157,-0.0387649490727087,0.9633835245408069,0.000897987611620814,-0.0023111988425764322,-0.002430296579771377
-0.032276664373904904,0.4122188770054661,-0.056512061138688376,0.076241864917613,-0.043959223339656336,-0.06860719494781342,0.022194100192288804,-0.0328020410289605,0.9735248907752071,0.0008414755504821258,-0.002343475506950337,-0.002018077702765911
-0.060549934038994335,0.36727363033415866,-0.025954641454126216,-0.01155702441284762,-0.07903387581488533,-0.05960604782343922,0.021145459506484995,-0.03066044375746355,0.9738630360701033,0.0008155209090279996,-0.002404025440989331,-0.001650804072431752
-0.08497531206987817,0.33565522297794465,0.10082729714547109,-0.004123309000787047,-0.04176005438106749,-0.10297568576617817,0.01370500414556338,-0.032008678057531256,0.9750540629625687,0.0009163482061734706,-0.002489000753059209,-0.0013151488494538076
-0.016313305812427886,0.20226131646616968,0.16974034033006594,0.017272689914097694,-0.0999540019558343,-0.047091482453672284,0.018401626696548944,-0.027703601369119008,0.965350864022153,0.0010860885465035365,-0.0025053140588716374,-0.0011128875329876379
0.04152646570357224,0.20137810515652538,0.15718862438524364,-0.006500641006059835,-0.0398258768713713,-0.06420864725410548,0.013963322414071985,-0.036917740152371224,0.9783088246765396,0.0012432771708887802,-0.0024637875931680653,-0.0009115094278311126
0.1819785098619473,0.2634221727801646,0.23656419033204443,-0.04544089831248879,-0.04674273288294566,-0.03338429289168994,0.013686205341328387,-0.03406355233287449,0.9646297387373507,0.0014798413612208247,-0.0022818090833061177,-0.0006480872550509478
0.012182816729966059,0.11275266103650836,0.2350413186452195,-0.05373319510635025,-0.0642541610406853,-0.02768961482496851,0.020405923578284753,-0.03024374722625233,0.974757385058327,0.0017148826798660444,-0.0022696262665761516,-0.0005353345940144394
0.10914725660161245,0.19007446697178487,0.24158164042310512,-0.025116756814339464,0.0027866534813069574,-0.027365096982513826,0.014985918664908896,-0.03228847820880148,0.9842047623325911,0.001956464320289149,-0.0021604790099745393,-0.00034526012704265457
0.12677556068931262,0.06085788373407944,0.30126701684499146,-0.06719863170045118,-0.08029682498525598,-0.02644730713304018,0.0195580016541539,-0.03127285827440035,0.9665567717775979,0.0022577313371341407,-0.002033703449285226,-0.0002844022433085751
0.01520300423638088,0.1994635235797616,0.2684042270843454,-0.02103749885839218,-0.041981390147197525,-0.03579983460787511,0.024205573491016243,-0.03334079877178882,0.9720560455203762,0.0025261355642184863,-0.0020185004450488453,-8.493871972881351e-05
0.20232684892316502,0.07466250832111694,0.24631402491087212,-0.027378135873544263,-0.005624542841187849,0.01281465997800559,0.017385808453187015,-0.04417280000045269,0.971265065430301,0.0027724495891293583,-0.0018161735961256802,-1.0276211407696566e-05
0.10890588162832797,0.10221205341479615,0.2611308745468766,-0.03161616279048958,-0.013155234606356916,0.015388633120641896,0.007828961757077023,-0.031388533314200655,0.9723637709724259,0.003033580463676235,-0.0017072677144973525,9.193584200709959e-05
0.23775981259405143,0.006730870613368672,0.15044642902829825,-0.06234180872257693,-0.031209527885322778,0.07954587018068175,0.01699904027652143,-0.028022730704642437,0.979421305573924,0.0031840268927045335,-0.0014695079019033008,9.866671262046827e-05
0.21605208220666217,-0.07387082435480541,0.15586890118954547,-0.043980459642724345,-0.028844961761269817,0.06853195640193063,0.017211483259897426,-0.032504253684219615,0.974412936327367,0.003339895793894079,-0.0012534558196966388,2.4795888265662856e-05
0.18900967671484534,-0.07490471223616846,0.12056445880661648,-0.009491748446817206,-0.006591521694576316,0.032750243985944956,0.017682953098069363,-0.04101344238080104,0.9760565886069144,0.0034604602527006953,-0.0010644461429817936,-5.010882397050561e-05
0.265847647998959,-0.09323375540187005,0.06064782064439482,-0.06243718225621058,0.03411762257446103,0.05127686828498097,0.008683953215718979,-0.035778664285871085,0.9719160838237338,0.0035211080733450906,-0.0007985984949828346,-0.00014334257937237565
0.1816450507888671,-0.13067897712507845,-0.0025257952801580504,-0.041524063702766914,0.04586017873094941,0.07900598876601078,0.009455117602280363,-0.030152508349852877,0.9714817626128199,0.0035185822780649323,-0.0006169534441939676,-0.00027402155649745413
0.36029373737338544,-0.1745225444294994,-0.013745789891403147,-0.05173285293004005,0.026574169579563493,0.0724099984955721,0.014441491072129045,-0.032796656715665264,0.9791505017496323,0.0035048364881735297,-0.00025665970682058205,-0.0004485441009269536
0.21055887046877977,-0.14203908482736433,-0.052232205726379856,-0.028304409021284144,0.08704946984658098,0.07301087211502243,0.014939418751270094,-0.026400887695441536,0.980542180038868,0.003452604282447149,-4.610083635180226e-05,-0.0005905831857543178
0.14332899672095561,-0.19707489479980123,-0.17776156712314456,0.003174404659155996,0.0360434473340384,0.06410341015474541,0.01486393222673196,-0.028073258312929436,0.9712946579929604,0.0032748427153240045,9.722816036915337e-05,-0.000787658080554119
0.23033127667576117,-0.2751856857009073,-0.16758347352067313,0.033276618521388385,0.05057098939982476,0.1354687496761938,0.024643596823910405,-0.031688330839277884,0.9702642189253335,0.003107259241803332,0.0003275594370449145,-0.0010628437662550262
0.26715317916690823,-0.25504440363072334,-0.23470207786913366,0.008400457407559856,0.10397058881386262,0.12398082384255033,0.016416075858200773,-0.03415149442017442,0.9738606558291449,0.002872557163934198,0.0005947126162118228,-0.0013178881698857497
0.21631233872953884,-0.22094189694870567,-0.2695780159925358,0.051728432848113376,0.07012814417801655,0.09098105628067818,0.00996621211582262,-0.027322709597759558,0.9655057473166226,0.0026029791479416624,0.0008110249549413617,-0.0015388300668344552
0.12220765574981132,-0.20509176262881307,-0.4993056923352382,0.01406659392828349,0.10982538351425006,0.15046760973230838,0.002522275902817568,-0.03150267004204121,0.9748934563875834,0.002103673455606424,0.000933232610691173,-0.0017439218294632683
0.12087502232556052,-0.18242248633728972,-0.32519388420106116,0.005085137669424683,-0.006669898563840551,0.10615135745826973,0.015357621136632055,-0.02645331208801096,0.9869509864712877,0.0017784795714053628,0.0010541076330167335,-0.001926344315800558
0.13411019876481983,-0.13846279050117946,-0.36885086218253316,0.0919942500429769,0.04910630761171345,0.0635371137515726,0.012048194253835916,-0.03252964910062292,0.9683108165945139,0.0014096287092228296,0.0011882178317815534,-0.0020648071063017375
0.13087234889759422,-0.21767498528826223,-0.3754609318481898,-0.001514263858131507,0.06700286549764634,0.07561341917372787,0.014231250998876292,-0.04121477288654098,0.9737821525938677,0.0010341677773746396,0.0013190901806791476,-0.0022824820915899996
0.1553579593251709,-0.19560916378749915,-0.4353715360679809,0.07906503549481404,0.01090403838503828,0.07149286191238603,0.0213886332988404,-0.029221194742591782,0.9678237489593638,0.0005987962413066588,0.0014744481400043184,-0.0024780912553774986
0.08565866691384368,-0.13749486377453876,-0.33705819789415714,0.03443061502298106,0.0649242712496386,0.07567909028273541,0.020972610553340567,-0.033041410984123575,0.9813594326857442,0.00026173804341250164,0.0015601068069181622,-0.0026155861191520377
0.045898952503600855,-0.13420579756394369,-0.33601808070378675,0.042281312645892785,0.088544487164624,0.039864614873903005,0.02099271450914051,-0.02764608581286846,0.9807135346447116,-7.428003729128513e-05,0.001606005759421763,-0.0027497919167159815
0.04864420013076429,-0.07020740749384162,-0.46872933259643706,0.09676456808258704,0.015194360618625285,-0.004343165830650567,0.01741178307629477,-0.03187932689487767,0.9722190331054881,-0.0005430093698877222,0.0016546499595525275,-0.002819999324209823
0.12124501604914675,-0.021984450006310233,-0.4021329212080448,0.06934501975094846,0.019096748223255217,0.07485923120260408,0.012936076290644936,-0.030050961807136994,0.969258889919282,-0.000945142291095767,0.001775894975601674,-0.0028419837742161332
0.10617119959059088,0.05885717487573382,-0.30212463822301766,0.05241945403406124,0.025005525931347715,-0.002683172371868851,0.021376925899955136,-0.025959881760274615,0.9765618547850987,-0.0012472669293187846,0.001882066175192265,-0.0027831265993404
0.0022530683517922225,0.05179326087664217,-0.18433496289499413,0.05357835528280591,-0.014758151714377828,0.02472137446781724,0.011515332909758865,-0.03225485668763284,0.9779119520533651,-0.0014316018922137788,0.001884319243544057,-0.0027313333384637577
-0.023322452089585635,0.19636446623807147,-0.22108963898614156,0.06167839387311031,-0.01537001454292641,0.018684805668234834,0.01772694174033351,-0.0380784029875882,0.9696818387340504,-0.0016526915311999204,0.0018609967914544716,-0.0025349688722256865
-0.18978129620318285,0.10743804948146851,-0.082313085886541,0.019678864268108116,-0.02625263945549143,-0.04404324552720974,0.01938111033008375,-0.031151700303733737,0.9716286584268614,-0.0017350046170864616,0.001671215495251289,-0.0024275308227442185
0.022581125446519176,0.2091620756273745,0.029434459311755923,0.017331167154886147,-0.05615685488510952,-0.02672715465107984,0.012317430906115506,-0.03131693253583945,0.9702504979433931,-0.0017055701577747056,0.001693796620697808,-0.0022183687471168437
-0.10479754243027961,0.1541696010146005,0.06893611888137782,0.020965467239112204,-0.05916711262890311,-0.04486559690658412,0.01932335659791594,-0.025559790731723767,0.9692370414179258,-0.0016366340388933279,0.0015889990782675283,-0.0020641991461022432
0.010897039423806765,0.20225722168284094,0.1736694215207924,0.022157544425748726,-0.056226221664472845,-0.08203014276610045,0.013053367602575628,-0.03945706752329636,0.9717002954692405,-0.0014629646173725357,0.0015998961176913352,-0.0018619419244194021
-0.051445567672426876,0.17927270444746127,0.2230908261698826,0.0015652030371296347,-0.07645015947732346,0.00038203228933167237,0.005984254371980686,-0.026935487989317396,0.96480165104561,-0.001239873791202653,0.0015484505500189085,-0.001682669219971941
-0.08201266471720361,0.13866262820909875,0.2786201203036308,0.0017824561734379471,-0.06181767519585571,-0.03764638153871091,0.01628758187235047,-0.027902276122016668,0.9713934632926096,-0.0009612536708990222,0.0014664378853017047,-0.0015440065917628422
-0.17608908648752128,0.24614446742701052,0.2759371478004178,-0.0217419497546856,-0.07454792781425536,-0.037176604879232786,0.019703571928748803,-0.020806557916766395,0.966790181771721,-0.0006853165230986044,0.0012903487988141834,-0.0012978621243358317
-0.08131901897119587,0.16178010984080593,0.29937086403848157,0.005602251829469726,-0.08232228027321864,-0.05642152914946296,0.007610922234571815,-0.03070413632887089,0.9696351171840508,-0.00038594565906012283,0.0012090297798429874,-0.0011360820144950257
-0.06671103882370198,0.13914944213559988,0.3933947440209727,0.04114934569398579,-0.08989485171723412,-0.06408361020913395,0.010956815164891182,-0.02838661724930301,0.9770861625258375,7.449084960849894e-06,0.0011423187410192855,-0.000996932572359426
-0.14363136196673257,0.28721991679965037,0.43547149057291645,-0.044072912927708895,-0.09567527643730127,-0.009197551922455796,0.004781269673712724,-0.025854761767822778,0.9722260431137434,0.00044292057553376634,0.0009986873790525529,-0.0007097126555597756
-0.051934630915906776,0.16372197180039744,0.4277866528690182,0.0029837218561087134,-0.09778189668956525,0.021384682964809894,0.010206836526234607,-0.035937133851285774,0.9745623592995178,0.0008707072284027846,0.0009467527481366461,-0.000545990683759378
-0.12460561684669089,0.12906260479416326,0.4140149065787849,-0.045350235874507136,-0.11560877607881095,-0.008558038048632687,0.012475535340955687,-0.029295143621977472,0.9763214865893008,0.0012847221349815696,0.0008221471312899553,-0.0004169280789652148
-0.10925524952111143,0.0944840162132412,0.361479601380451,-0.06996065134009759,-0.13539296516107022,-0.018171978795370754,0.017371625181445,-0.028112285545930062,0.9782869509759883,0.0016462017363620203,0.0007128918817688438,-0.00032244406275197356
-0.09056347424029601,0.12750781416900286,0.32677812523330535,-0.051236315512745455,-0.05659215855299366,0.0008041435276668878,0.008955259375874408,-0.03319818868551508,0.9686750980922217,0.0019729798615953256,0.0006223284075285479,-0.00019493624858297066
-0.08618393486321586,0.04855066413176179,0.4167478815627857,-0.07666433653907792,-0.13454707590212428,-0.017553642186724325,0.016075363762891773,-0.01499906889751194,0.9711792224706832,0.0023897277431581113,0.0005361444726653319,-0.00014638558445120885
-0.09622394689628876,0.03269590763065847,0.3958797101162381,-0.05934097250608638,-0.07037412120124432,0.006268771949670217,0.009089733586888901,-0.02835186304099977,0.9697395724991758,0.0027856074532743493,0.00043992052576904316,-0.00011368967682055039
-0.15156025139992235,-0.01601127961755977,0.2259618922795302,-0.1277542558081411,-0.09769906756845487,0.010214125080684228,0.004104599694651299,-0.029786752495720024,0.9827969496464913,0.0030115693455538793,0.00028836027436912083,-0.00012970095643811017
-0.11328193356959076,0.0772062588590794,0.31173124264244223,-0.07698243632192436,-0.060001690161816765,0.020812858609847287,0.017193722725576142,-0.02988648955076005,0.9735555260297029,0.0033233005881963215,0.00017507834079953004,-5.249469757903076e-05
-0.08030550398573301,-0.06845178508857917,0.1603164577042617,-0.05327136744235637,-0.07282682950669485,0.03885689327791706,0.015006743722168581,-0.028476064861628802,0.9701809090501057,0.0034836170459005833,9.477283681379704e-05,-0.00012094648266760993
-0.053885400567672215,-0.06258177812887146,0.17818898210786893,-0.10869030171797163,-0.09003197537999082,0.03480993317316811,0.008283444053847382,-0.02978422051560113,0.9787796844695712,0.003661806028008452,4.088743624612483e-05,-0.00018352826079648138
-0.11854391939868021,-0.05180303762693181,0.06788830292761466,-0.040455993356144956,-0.059184497471128035,0.033269011395301036,0.013255778656892477,-0.03567971781066459,0.9760453722122703,0.0037296943309360663,-7.765648315255539e-05,-0.0002353312984234132
-0.027511252261851492,-0.2374181943644494,0.04420835176830695,-0.10842469046181928,-0.04884098484677574,0.07336458371527797,0.012720273124028047,-0.03906476866972948,0.9803973603700886,0.0037739026827043735,-0.0001051677354144069,-0.0004727494927878626
-0.07722790845613493,-0.2390027783356189,0.002232479544135066,-0.09371324062957498,-0.09679381946814397,0.04715725240295398,0.017746915387118048,-0.0232093088375422,0.9780292876589376,0.0037761351622485084,-0.0001823956438705418,-0.0007117522711234816
0.049694186387205075,-0.2899615114987974,-0.11865127011931269,-0.028221430455756043,-0.08881908264547506,0.020304941909897373,0.01542908674090796,-0.029604285544749368,0.9872932095397742,0.003657483892129196,-0.0001327014574833367,-0.0010017137826222788
0.033936053878481504,-0.21893349171707177,-0.18496626738649286,-0.0620771224041215,0.038206520570337243,0.018205914966365137,0.005479629930231709,-0.023314911399221268,0.9760416798665895,0.0034725176247427034,-9.876540360485523e-05,-0.0012206472743393508
0.07644535289415999,-0.23887358833386302,-0.2286044704486031,-0.06373206762859351,0.02804190554926947,0.08304088100330018,0.011407680853656834,-0.019828802452470554,0.9855729633033098,0.0032439131542941002,-2.2320050710695235e-05,-0.0014595208626732139
0.12001820121627776,-0.307610186550177,-0.015700086723363732,-8.976539819344122e-06,0.0599826036286955,0.049547545801307824,0.015710385897883376,-0.021290284750055243,0.9778031665016459,0.0032282130675707365,9.769815050558254e-05,-0.0017671310492233907
0.08828966053549187,-0.2637193951501261,-0.1658798913876944,-0.000987581220565894,0.04481435042752238,0.04465070678997861,0.01665801595810419,-0.02408190975239399,0.9730102464269688,0.0030623331761830425,0.00018598781104107442,-0.002030850444373517
0.12152045369079398,-0.36714033298196286,-0.2886932190265663,-0.036789229168632774,0.012332496173498,0.07590831525114562,0.013522774691672453,-0.026491921382292123,0.9788606881804044,0.002773639957156476,0.0003075082647318684,-0.0023979907773554795
0.0452882372120941,-0.3051077267877377,-0.23890660849844922,-0.005769136535716021,0.11081402689217403,0.0831680274234068,0.009278739954696627,-0.02141656877084923,0.9840117984063418,0.002534733348658027,0.0003527965019439625,-0.0027030985041432173
0.09071757922229101,-0.42609146127306946,-0.3379426047250283,0.048496405398740956,0.057013998372948606,0.041060787643650204,0.00865406152577776,-0.02198028218357229,0.978061142008594,0.0021967907439329987,0.00044351408116625356,-0.003129189965416287
0.1958973556089674,-0.2946411596661164,-0.15510839669393733,0.021386748876390648,0.09952765471952209,0.04320503680734971,0.013298295801728732,-0.022337501564058285,0.9731035030008776,0.0020416823472390612,0.0006394114367752209,-0.003423831125082403
0.1626990471321135,-0.19266457926454322,-0.3214881949865137,0.035267413561769344,0.06288252280833057,0.013586254860279357,0.008240855620615599,-0.026963323383777257,0.9827909118217122,0.0017201941522525478,0.0008021104839073345,-0.003616495704346946
0.21713886118865344,-0.3624658424644356,-0.19671317497997742,0.05799719683371649,0.06630738765062674,0.031215518455315817,0.011024896416267606,-0.022033706309965186,0.9777060510209917,0.0015234809772725702,0.0010192493450959879,-0.003978961546811382
0.1902614333931348,-0.21766057354552767,-0.22720483527505597,0.06443318760298795,0.08590864971497897,-0.022452382678575904,0.012907385937462698,-0.024636488110139118,0.9789448139088444,0.0012962761419975143,0.0012095107784891226,-0.00419662212035691
0.06235869128629551,-0.07701067094667927,-0.15041844737597865,0.07559737024219551,0.10564325682558,-0.009843245257050515,0.004654854075902691,-0.010125525734198988,0.9819955254476931,0.0011458576946215355,0.0012718694697754181,-0.004273632791303589
0.1511142146391014,-0.20447187673800582,-0.08917297622772792,0.08034749067041151,0.1030138363881958,-0.03867204615310796,0.011003539427382978,-0.021308717446286814,0.9759616973062242,0.0010566847183938076,0.0014229836844145195,-0.004478104668041594
0.15069686834853055,-0.09717063754504472,0.03602422212252546,0.07454000907705279,0.10878473600430208,-0.025807837719083203,0.012909499903560391,-0.016427927128659755,0.9760690461583772,0.0010927089405163332,0.0015736805527630502,-0.004575275305586639
0.08661153180610691,-0.1737438583064423,0.011400841428366202,0.11022410119719116,0.11021341738350518,-0.04664881073791926,0.012455510878881467,-0.017280213424856715,0.9773437093475376,0.0011041097819446993,0.001660292084569157,-0.0047490191638930816
0.12331068325314289,-0.0708540340684777,0.1105895237259094,0.10620476935313417,0.09573572977014744,-0.014892310562542756,0.00644305394401815,-0.023030165534801424,0.9896047205668436,0.0012146993056706087,0.0017836027678223001,-0.004819873197961559
-0.030399228075851187,0.014951797989671008,0.05741469925300334,0.10965043016014712,0.07059798218704885,-0.041847241641519047,0.0170002523069026,-0.02266933608891838,0.9881746936354688,0.001272114004923612,0.0017532035397464488,-0.004804921399971888
0.05373623403688499,0.006884976756198136,0.09915296513999064,0.09400781063393616,0.12578067320958014,-0.054439283648463656,0.006515464124358598,-0.017862728129511056,0.9846752268821424,0.0013712669700636027,0.0018069397737833339,-0.00479803642321569
0.026037482708397897,0.12519469701641478,0.1953337256195261,0.08880371847632805,0.09924131112688918,-0.035679716499467586,0.010151177531061676,-0.018534031150406124,0.9741081128238057,0.0015666006956831287,0.0018329772564917317,-0.004672841726199275
0.1367919637346785,0.0004113136278306728,0.25628154897757593,0.06103842975038665,0.07878010104023397,-0.09461479217285028,0.010935624069107667,-0.029517717286232537,0.9821346232420356,0.0018228822446607045,0.0019697692202264097,-0.004672430412571444
0.04288983082553412,0.13575213508527267,0.2454424369642222,0.09897889558747734,0.06705318860200539,-0.04300121352658564,0.01589954063826994,-0.030781538176843024,0.9752430195725247,0.002068324681624927,0.0020126590510519443,-0.004536678277486171
0.05767450773303362,0.18706402783812948,0.3166657980573867,0.06920272195318614,0.11603033820332703,-0.07556850824079676,0.01706696277499751,-0.02620169876497471,0.973727888677302,0.002384990479682314,0.002070333558784978,-0.004349614249648042
0.008984498133013394,0.1302012753594875,0.2941071397406913,0.07714079946921025,0.05507489326393266,-0.03429988200619374,0.0018252276101180754,-0.013712934977046305,0.985477451410801,0.002679097619423005,0.0020793180569179913,-0.004219412974288554
0.040542504688103345,0.2510920728583099,0.2385433877597301,0.08114656452061232,0.07888673034411789,-0.06451511078897168,0.008591086519458245,-0.033970168117800265,0.9784369937266475,0.002917641007182735,0.002119860561606095,-0.003968320901430244
-0.022288586877361755,0.252680819104512,0.24804755821387361,0.06170029585310589,0.030685968211833805,-0.06800196718315456,0.004184117779541988,-0.02438267862419231,0.9805029339339082,0.0031656885653966087,0.0020975719747287325,-0.0037156400823257323
-0.08025782251433593,0.3284241931381043,0.27551437060818745,0.023394056660310206,0.03796927468440206,-0.053883367709930984,0.012603328435717008,-0.028248618431399506,0.9803120879173653,0.003441202936004796,0.002017314152214397,-0.0033872158891876283
-0.04570512667658762,0.30126627589816424,0.22574774716548326,0.07295723622945553,0.026961686729606298,-0.0077666552624953925,0.012265310587667761,-0.02794903429133254,0.9790167497785929,0.0036669506831702794,0.0019716090255378093,-0.0030859496132894636
-0.008491449130244993,0.3463697063787311,0.03125058100712205,0.01434423432855553,-0.015911443295634885,-0.008909783052207557,0.006681324364602465,-0.026405857968786545,0.9834152031977915,0.0036982012641774012,0.0019631175764075644,-0.0027395799069107325
-0.20841865600896858,0.3314416742216239,0.18552548001317687,0.017014456374017262,-0.012863575650393266,-0.013035409536546473,0.013529188748048301,-0.03384460766650415,0.9795637373188687,0.0038837267441905786,0.001754698920398596,-0.0024081382326891086
-0.2640283188865312,0.35422381191298913,-0.012590624501196176,-0.014703738492821514,-0.02236056177100424,-0.0010627062530684152,0.00757117349021323,-0.020580962111695265,0.9871161235320648,0.0038711361196893824,0.001490670601512065,-0.0020539144207761197
-0.08606949580463714,0.2676857127947314,0.014250010304249373,0.016824584102429364,-0.07202682075918763,0.04031231485656845,0.010176247948394716,-0.014867061106617617,0.975247878293723,0.0038853861299936315,0.0014046011057074277,-0.0017862287079813883
-0.17237735760347908,0.2542492546743201,-0.10775458482916603,-0.03704392111347771,-0.07051638669659094,-0.01036830190173125,0.006102023647468852,-0.021386934379918957,0.9773298026349571,0.0037776315451644657,0.0012322237481039488,-0.0015319794533070683
-0.1420966564187912,0.22045376951491047,-0.11690463292497871,-0.03227183971837179,-0.0297371225987631,-0.014706815756787573,0.00503111072100856,-0.027272485343964068,0.9777981438145319,0.003660726912239488,0.0010901270916851575,-0.0013115256837921577
-0.2802610429552253,0.22326697849385435,-0.13018911782147,-0.0064401339174990566,0.027775225178331163,0.05909763511401117,0.008320421161810537,-0.01266354250064604,0.9844385218184937,0.0035305377944180177,0.0008098660487299323,-0.0010882587052983032
-0.3185680211673213,0.2801110835317543,-0.2897354613131593,-0.01926023808995806,-0.03224066848430958,0.01983076496916169,0.009082226201816824,-0.019918168923957064,0.9795746715243664,0.003240802333104858,0.000491298027562611,-0.0008081476217665491
-0.22813272515389577,0.17756967325819498,-0.32830740453455115,-0.006673758354720108,-0.06008393170715913,0.07346777270474233,0.009705068119201625,-0.013618836346420136,0.9654424522770684,0.002912494928570307,0.00026316530240871525,-0.0006305779485083541
-0.3003091145916894,0.22308418909583425,-0.33119374249088035,-0.009564590531394992,-0.059026449798290234,0.04667300424309468,0.0018412560709181762,-0.01634948322435552,0.9776050187579811,0.0025813011860794264,-3.7143812182974195e-05,-0.0004074937594125198
-0.2523822340005793,0.22885706689028915,-0.49416192017787064,-0.09760282004056783,-0.03589715928367683,0.07848669157504568,-0.0005721598870325655,-0.023587800153300288,0.9841797680062794,0.0020871392659015556,-0.0002895260461835535,-0.00017863669252223062
-0.2708585410775145,0.059195890135593086,-0.4426011977514051,-0.06911880877962853,-0.0724852300086347,0.03639475718355439,0.0035565858758707207,-0.014462466422799875,0.9867772663266774,0.0016445380681501505,-0.0005603845872610679,-0.00011944080238663752
-0.23802849553668162,-0.017495760029499985,-0.44452596418168905,-0.027607103927190693,-0.03662984486951789,0.10484267746729424,0.0056637281275119305,-0.020139514540878194,0.9791386027806215,0.0012000121039684615,-0.0007984130827977497,-0.0001369365624161375
-0.3566087461669034,-0.013025922980690871,-0.5426381163965848,-0.00874952927246184,-0.07343706332993402,0.0527476981969709,0.012407146077574652,-0.02082683237274028,0.9750147482209892,0.0006573739875718768,-0.001155021828964653,-0.0001499624853968284
-0.184021339436621,-0.04289550299334252,-0.3723300586877091,-0.06868464154252085,-0.0481056670212664,0.0924897695025608,0.009357022946807592,-0.020154259809111914,0.9822515938953451,0.0002850439288841677,-0.001339043168401274,-0.00019285798839017092
-0.22434223975855982,-0.09027576064644616,-0.5042127272714174,-0.018629753276769623,-0.09290269080146576,0.08052140571187065,0.010701595977219864,-0.016679860594377927,0.9848518339734372,-0.00021916879838724978,-0.0015633854081598339,-0.00028313374903661705
-0.2601538189261308,-0.12211750135641616,-0.37123874771610793,-0.06966607526149232,-0.09288902128887726,0.048154207600725155,0.005195088805432072,-0.021962680372764602,0.9691778023424805,-0.0005904075461033578,-0.0018235392270859645,-0.00040525125039303327
-0.09685160760617544,-0.2222561419505849,-0.4235518242635419,-0.02238979546324884,-0.05976885300151065,0.10731843546738928,-0.005375129631236044,-0.025474463240301608,0.9824582926103649,-0.0010139593703668997,-0.0019203908346921402,-0.0006275073923436181
-0.142235327904095,-0.09045481048429115,-0.27820094014223373,-0.04998538684112025,-0.045683289602844034,0.056835131488573186,0.008038666208958612,-0.019642425735319657,0.9786168215153817,-0.0012921603105091337,-0.002062626162596235,-0.0007179622028279094
-0.19288645657662984,-0.26608089493835413,-0.1209973770055292,0.021316753399718086,0.00821752676882776,0.05995709514591601,-0.006436236418229961,-0.020840291799146742,0.9782604141976713,-0.0014131576875146628,-0.0022555126191728648,-0.0009840430977662634
-0.04919758860160943,-0.13946012275106584,-0.24187251724682027,-0.00521840756329937,-0.040063073902924115,0.03489611503809123,0.009935951916775553,-0.01582169767562095,0.9788934822781088,-0.0016550302047614832,-0.0023047102077744745,-0.0011235032205173293
-0.08671712060478484,-0.035726385470638694,-0.18994311048927492,-0.02256899208987216,-0.014426340061575166,0.06591678205146763,0.0017908771393202738,-0.013107005428729,0.9880325872059936,-0.001844973315250758,-0.0023914273283792598,-0.001159229605987968
-0.014781315326180128,-0.11506175340214707,-0.08494030735563865,0.05838658698438117,0.007486619937421531,0.04424565579916421,0.008978241293163498,-0.020783084485373256,0.983148942613115,-0.0019299136226063969,-0.0024062086437054396,-0.001274291359390115
-0.16566425137329976,-0.11498991012210308,0.053502150787305504,0.014516635387086483,0.005862501942333434,0.0038029056324094413,0.010567367656965063,-0.022044649215545387,0.9838476725295882,-0.0018764114718190913,-0.002571872895078739,-0.0013892812695122181
0.032255086301782865,-0.1870466943883816,0.18096878627982127,0.04740002326581481,0.02649111287449991,0.009581787550180097,0.004918203604536452,-0.022140869789945665,0.9682418311485529,-0.00169544268553927,-0.0025396178087769565,-0.0015763279639005993
0.04643866549533091,-0.237521797633096,0.12272271359748585,-0.00015051030931475433,0.011767964730927243,0.026908312247457357,0.005414900608777531,-0.018607667466676758,0.9864356700633191,-0.0015727199719417842,-0.0024931791432816256,-0.0018138497615336957
0.019063523737740146,-0.17091305978001078,0.21712939179954152,0.05525950780109144,0.0202101572158934,0.015714634127807266,0.014860867836899296,-0.024794926361006005,0.9749036579081742,-0.0013555905801422427,-0.002474115619543885,-0.0019847628213137064
-0.03929831071191901,-0.2013983956296824,0.23255587614990894,0.02709032367660525,0.05390641795396984,0.05346872788507739,0.010148959561549174,-0.01721649477691373,0.9822300147996361,-0.0011230347039923338,-0.0025134139302558037,-0.002186161216943389
0.049610476773474396,-0.10935031809801724,0.30731564098654407,0.08577842200824294,0.06453263263269407,-0.01518451823813883,0.00304296118905336,-0.02104666423586756,0.9864650908090025,-0.0008157190630057897,-0.0024638034534823295,-0.0022955115350414062
0.17561767233689526,-0.10442095796528966,0.4228509690800268,0.008963352943808855,0.06402658618289186,-0.016891529044149554,0.0029791238158427555,-0.018031444836741135,0.9823553226494731,-0.0003928680939257628,-0.0022881857811454342,-0.002399932493006696
0.040996231675584666,0.016104360980395943,0.3450680690582285,0.05437950848324486,0.07858755578162148,-0.0238845491375722,0.008211489020373998,-0.015309752581897255,0.9875382923346089,-4.780002486753427e-05,-0.0022471895494698495,-0.0023838281320262998
0.11686265892564601,0.0898266083016859,0.4591175957174167,0.021602098364849134,0.043783860238179595,-0.015234081347362283,-0.0041553227357015695,-0.014771547831607026,0.9815389050117908,0.0004113175708498825,-0.0021303268905442036,-0.002294001523724614
0.1320263336856095,-0.07538184277738647,0.4036195699309589,0.015891004881559475,0.07720225679795298,-0.029947734946366295,0.0006832259057743973,-0.016123618620162376,0.9866344778360565,0.0008149371407808414,-0.001998300556858594,-0.0023693833665020003
0.15471807236654184,0.11934850226767985,0.3318313145282163,0.04143183448602644,0.09175192473475746,-0.051148925377757094,0.0037845402954869733,-0.01727334821685385,0.9804708647080835,0.0011467684553090577,-0.0018435824844920522,-0.0022500348642343205
0.04043606464958854,0.0023858353031928486,0.28753379024626513,0.028895193178704977,0.10962781835657605,-0.01760587284835983,0.01044273780353087,-0.01397152483920108,0.9735982870574584,0.0014343022455553227,-0.0018031464198424636,-0.002247649028931128
0.09316245246614778,0.025539492246240112,0.5158843199411377,0.08854806025067938,0.05779337075013617,-0.012366448933177935,0.004260633444803427,-0.015643894277172964,0.9833826650678588,0.0019501865654964604,-0.001709983967376316,-0.002222109536684888
0.21411631178743698,0.09716335522269909,0.43973360990653754,0.07032166648387339,0.1015103174290024,-0.07261261682301498,9.528856063107608e-05,-0.020419861740594434,0.9808497562888209,0.002389920175402998,-0.0014958676555888789,-0.002124946181462189
0.2640120471234231,0.002624499506732686,0.31613819910977314,0.041447836466464896,0.0786341567745965,-0.04618549148172076,0.0026268895819467316,-0.010108232633033367,0.966029904437701,0.0027060583745127714,-0.0012318556084654558,-0.002122321681955456
0.15766307514210906,0.19094994909424176,0.2511810466644815,0.01492249266987582,0.12186466028662646,-0.03967172324515624,-0.0017517085428768765,-0.02254283670871298,0.9760420894455493,0.0029572394211772528,-0.0010741925333233467,-0.0019313717328612143
0.20022993192136396,0.22004069596500958,0.25236852719195285,-0.034770882566680705,0.0719860215567526,0.019763254845637616,-0.003431893481640339,-0.011736847047083235,0.9753507806584069,0.003209607948369206,-0.0008739626014019827,-0.0017113310368962048
0.28777729669110336,0.19834220353766635,0.25341660069021954,0.011616558830651765,0.043962258017156766,-0.019135682652415838,-0.0024681817671766025,-0.011307669518216861,0.9780184349093923,0.003463024549059425,-0.0005861853047108794,-0.0015129888333585385
0.3141933975679494,0.047539268559140535,0.0983324422350774,0.0029302937584875324,0.005299386179587868,-0.013875613540748464,-0.004910356067827394,-0.004714771051434559,0.982792274021682,0.0035613569912945025,-0.00027199190714293,-0.001465449564799398
0.2691903404246704,0.08347128831501714,0.05037331526632648,-0.011989663959569016,0.0027356117560271244,0.01134838796834264,0.006995448783126701,-0.016659855528059986,0.9759316681267001,0.003611730306560829,-2.8015667182595963e-06,-0.001381978276484381
0.14156009085868138,0.176682060261301,0.07008298358717618,0.0209446220087556,0.009841777628840434,-0.015475569061973225,0.005044671710967675,-0.010681915030523001,0.9820771052222537,0.0036818132901480054,0.0001387585241404218,-0.00120529621622308
0.1159016690008479,0.15190857515963394,-0.00032011665386265375,-0.06699832010499046,0.005054985657135808,-0.009611159521796515,0.0002653780772222886,-0.012452306346610893,0.9914304367652822,0.003681493173494143,0.0002546601931412697,-0.001053387641063446
0.22303337861336608,0.14139928987877007,-0.07714396805287613,-0.057563509763761685,-0.060502302154966256,0.054001671272922686,0.00471729716002776,-0.012093562135280976,0.9836127150242555,0.0036043492054412666,0.0004776935717546358,-0.000911988351184676
0.12601759533917614,0.1011580749404455,-0.08849888199671818,-0.0531348196744546,-0.00040569058289439286,0.019215245314601885,0.005123422333231661,-0.014903359082504031,0.9789830765784844,0.0035158503234445485,0.0006037111670938119,-0.0008108302762442305
0.2476153757365642,0.17396810203760985,-0.16565149268822368,-0.03233979670061152,-0.0091581385038695,0.026426982112929813,0.006177764228782788,-0.009908385657450712,0.9807575868570835,0.0033501988307563253,0.0008513265428303761,-0.0006368621742066207
0.12241708547512456,0.11871592085183631,-0.2786616002742604,-0.054424150567512486,-0.080298560598939,0.03587298373691203,0.012127418678011767,-0.023185567187831678,0.9825637577583867,0.0030715372304820645,0.0009737436283055007,-0.0005181462533547842
0.05532422925805597,0.04099562359975238,-0.12942965130765724,-0.07686234705274125,-0.08672250228410684,0.06856553075299716,0.005305389800055059,-0.00888851054065363,0.9881140578372193,0.0029421075791744074,0.0010290678575635567,-0.0004771506297550319
0.1766808222161046,0.097114252750486,-0.29588820510515046,-0.08250324743436571,-0.07690868007741973,0.09133959470292213,0.005806116377715182,-0.0014770290010442215,0.9758913410976563,0.002646219374069257,0.0012057486797796614,-0.0003800363770045459
0.04804261559400766,-0.025047993159309806,-0.36327038905389314,-0.04773263623174558,-0.05791848736597938,0.06250567285430003,-0.0005559956995286482,-0.017705819910206564,0.9825586841805024,0.002282948985015364,0.001253791295373669,-0.0004050843701638557
0.06869341390906954,-0.01717033008036873,-0.24783092351683353,-0.09277772610114632,-0.1011355589483985,0.06890734191462713,-0.004094587780958876,-0.010966659273366076,0.9776973938883243,0.00203511806149853,0.0013224847092827387,-0.0004222547002442245
-0.04616403244852314,-0.036178081918065284,-0.2782165204369246,-0.08144801951534138,-0.11191908528783857,0.06827481511976966,0.0006117881033281462,-0.009545882095847245,0.981135966973655,0.0017569015410616052,0.0012763206768342155,-0.0004584327821622897
0.01793109012983317,-0.022239119476451068,-0.15109559580169404,-0.08978525758908117,-0.07366104136316455,0.10767254843016304,0.0049830436875156914,-0.008773338892276862,0.9763413513013358,0.0016058059452599114,0.0012942517669640486,-0.0004806719016387407
0.07499754497407396,-0.16275066248572728,-0.25660001359256435,-0.10870198319934371,-0.07507471907745038,0.06167049758051569,-0.0030528148089566595,-0.014477117863460913,0.9777347870640287,0.0013492059316673472,0.0013692493119381224,-0.000643422564124468
-0.005536981610688383,-0.22084112858323457,-0.19771933411108394,-0.08094670640818336,-0.07026760552185185,0.050986512305919905,-0.0025429927903260203,-0.010011870378294848,0.9781947103550456,0.0011514865975562631,0.0013637123303274342,-0.0008642636927077025
-0.055176740871970976,-0.17427733292857958,-0.24255448717527672,-0.0750590388000462,-0.08964102975174353,-0.011708244942791405,0.009586974965334857,-0.011598986629864163,0.9867109998586607,0.0009089321103809865,0.0013085355894554632,-0.0010385410256362822
-0.06532975349449902,-0.2042915700322446,-0.046213294106072486,-0.06569606144302756,-0.11627251823671812,-0.02994828579907071,-1.4081835095161198e-05,-0.009591777285133739,0.9821008982488599,0.000862718816274914,0.0012432058359609643,-0.0012428325956685268
-0.10180848028780046,-0.2260656556132663,0.16624424190887396,-0.05976475919957924,-0.09262129835872401,-0.0026899402017613126,0.002179834286426959,-0.010248349292716572,0.9821525248999542,0.001028963058183788,0.0011413973556731636,-0.001468898251281793
-0.10799904053230018,-0.2568952126078479,-0.024429711225789984,-0.09099243164683571,-0.12199440287811919,0.011281182993343047,-0.007111805433563286,-0.009272021235309347,0.9891562834192359,0.0010045333469579979,0.0010333983151408633,-0.0017257934638896409
-0.01787947546124148,-0.30653336364551553,0.09933620596477982,-0.0754682172357907,-0.08755951081724613,-0.006782550738034474,0.00216604525601325,-0.021235089525153975,0.9834716798279599,0.0011038695529227776,0.001015518839679622,-0.0020323268275351564
-0.17127505022417472,-0.30264955113246356,0.1290950414732889,-0.049557516252236776,-0.12406401461542976,-0.0012931239015219875,-0.007344085576768909,-0.0012191806288858655,0.9780542190911442,0.0012329645943960667,0.0008442437894554474,-0.0023349763786676197
-0.16776248717186934,-0.24758374325375324,0.14572263476125583,-0.02425610969043842,-0.1168788324944031,0.023286281948365642,-0.003760946595247668,-0.011197685949348021,0.9900077062687622,0.0013786872291573224,0.000676481302283578,-0.0025825601219213734
-0.12323571853135935,-0.3495324707738747,0.22809596437661575,-0.019764110994162382,-0.11933278016938702,-0.05702386830176943,-0.0032872607226661367,-0.01580781047817892,0.9886272597712292,0.0016067831935339385,0.0005532455837522186,-0.0029320925926952478
-0.15262646328411678,-0.19103715703490132,0.3377679954951437,0.0434489765074674,-0.03890901881605959,-0.047342338271431916,0.007146267604653655,-0.011644454670232767,0.9926343659999108,0.001944551189029082,0.0004006191204681018,-0.0031231297497301487
-0.1847018334314412,-0.35321643263212893,0.34100720276610796,0.02107884971986257,-0.0707440435031132,-0.030019555237378127,-0.001985729767630814,-0.007440666698194152,0.9916916244555863,0.00228555839179519,0.00021591728703666057,-0.003476346182362278
-0.08435088131381668,-0.24761405023299943,0.2722999212337873,0.026513167807969418,-0.08739210634005148,-0.03103449552369994,-0.0006642803663284086,-0.012584413089571877,0.9808007671446509,0.0025578583130289774,0.00013156640572284392,-0.003723960232595278
-0.13364085131121606,-0.24513721722288032,0.31053028579284564,-0.00939615931272616,-0.044880127840101744,-0.05732083918089747,0.0052684360579610835,-0.0072561930648724115,0.9864835437668561,0.0028683885988218232,-2.0744455883721644e-06,-0.003969097449818158
-0.16254365922664243,-0.2601714893778553,0.22316818556357804,0.06453598938562423,0.01320589963080735,-0.050743571498782516,0.0022023665592228493,-0.0011583725410481867,0.9885742381471986,0.0030915567843854013,-0.0001646181048150146,-0.004229268939196013
-0.17281980444417938,-0.3044377967260954,0.174233484902454,0.05216644294812965,-0.005988974314496016,-0.016586168069469685,0.0023666870532204048,-0.007064330736032699,0.9836864194876546,0.0032657902692878552,-0.000337437909259194,-0.004533706735922108
-0.22230065803915844,-0.2458278522193996,0.1903888196302737,0.03402682777644488,0.002585638125558846,-0.08485126015689272,-0.010953196539337514,-0.012886912061181314,0.9927698738497979,0.0034561790889181296,-0.0005597385672983524,-0.004779534588141507
-0.059237241669771304,-0.1279728524781637,0.3031282791597414,0.0873500509501152,0.03854743979130013,-0.03872178517111526,0.004290849502573125,-0.018541780069086813,0.9819515124438349,0.00375930736807787,-0.0006189758089681237,-0.004907507440619671
-0.06259049281548765,-0.16123552693621446,0.15694298076746474,0.08512174062633272,0.026378386809696005,-0.07514586432224844,0.00025568421599631854,-0.005762471871274573,0.9791877830001583,0.003916250348845335,-0.0006815663017836113,-0.005068742967555885
-0.014867882506788055,-0.2071734395317747,0.01017668017581061,0.09432635387468434,0.07037844060893975,-0.04299866145152633,-0.0015360068655816126,-0.007674627656437345,0.9840833739844326,0.003926427029021145,-0.0006964341842903995,-0.00527591640708766
-0.16682044133333596,0.00800001908069023,0.041281194031164356,0.0533887215320119,0.04358157388928553,-0.05854781797027441,0.005139215789146484,-0.0029013613147364963,0.9859844315640617,0.0039677082230523105,-0.0008632546256237355,-0.0052679163880069695
-0.0695969406032816,-0.12394743921768483,-0.053990711699520216,0.01590616918894535,0.08879378432823287,-0.05973901733264903,-0.0013608007373211747,-0.01060376559013683,0.993880477732749,0.00391371751135279,-0.000932851566227017,-0.0053918638272246544
-0.12435265965208797,0.10126344799609477,-0.13611819433642197,0.1105126764011118,0.11398432795497673,-0.060229927720726,-0.00032395785993872303,-0.007836962008271588,0.9916213358660794,0.0037775993170163676,-0.0010572042258791049,-0.0052906003792285595
0.01883694910110238,0.11295296103931791,-0.07316574698027506,0.08979264702114903,0.11178613198450067,-0.019686717606011206,-0.00045571292584576907,-0.009731218473117987,0.9857698357633905,0.003704433570036093,-0.0010383672767780023,-0.005177647418189241
-0.0168970193943466,0.10089685297767002,-0.26974172749621506,0.113117894140125,0.11979602631633303,-0.038942416388768566,-0.0040832799277405974,-0.01469006228152799,0.9838570694359584,0.003434691842539878,-0.0010552642961723488,-0.005076750565211571
-0.005574628227558109,0.11876626692320458,-0.38251450726411906,0.14757222023610023,0.1291733532756013,-0.05361270955365074,0.0007146624115470455,-0.008320967752579152,0.9835067613553858,0.0030521773352757586,-0.001060838924399907,-0.004957984298288367
0.07957965039293369,0.08555449807675418,-0.2904427016288047,0.022022449271476594,0.10611848478186092,-0.025698266418664184,-0.004608608966986643,-0.008606723972207828,0.9821563661558567,0.0027617346336469544,-0.0009812592740069733,-0.004872429800211612
0.16451980191976712,0.07599933735906353,-0.4293581772330086,0.09986122310219064,0.08495108296138794,-0.004609541534440516,0.005342460145961251,-0.003510104231295496,0.9850352667646614,0.002332376456413946,-0.0008167394720872062,-0.004796430462852549
0.07606854558988246,0.2631850014107601,-0.3799440412186782,0.039296683175505075,0.09340138547492734,-0.03646175298368025,0.0022808520621314804,-0.012361713293276507,0.9866567729381817,0.0019524324151952675,-0.0007406709264973238,-0.004533245461441788
0.026953125902556684,0.258396749045767,-0.5422801704357189,0.057770282876988786,0.12700218004817124,0.03358962766469772,0.0011207352803237701,-0.00749640679694779,0.9788264141197657,0.0014101522447595488,-0.000713717800594767,-0.004274848712396021
0.0974811011871474,0.33497234547936355,-0.36289193317999546,-0.032935036900474786,0.07038112410365592,0.05262791383425602,-0.0019103940056072665,-0.004700435179794831,0.9691828413141564,0.0010472603115795533,-0.0006162366994076196,-0.003939876366916658
0.1546447536757398,0.26198903116903927,-0.4310290691906201,0.014433737012383546,0.12642377198052948,0.0178491250495185,0.0027850288011465408,-0.006321316482221793,0.9892312127413118,0.0006162312423889332,-0.0004615919457318798,-0.0036778873357476184
0.11313874472183745,0.32816938174270377,-0.43387016014661417,0.01301065469441631,0.1315246132859318,0.011635186816814682,-0.010711857781003411,-0.010839871890548105,0.9744447289110506,0.00018236108224231907,-0.00034845320101004236,-0.003349717954004915
0.04816311413246749,0.24167489696400699,-0.43634102317858814,-0.006246418590620239,0.06808049826188356,0.14485887599214903,0.0019148323614479861,-0.008241934820684577,0.9844165641438692,-0.00025397994093626905,-0.0003002900868775749,-0.003108043057040908
0.22561710235679946,0.2817318209733958,-0.2656472082045943,0.03461656410408887,0.09031633464270451,0.06574886684960791,0.0021258730142292193,-0.015244514097757927,0.9895535744176303,-0.0005196271491408634,-7.46729845207754e-05,-0.0028263112360675125
0.04558014158182212,0.290270388171839,-0.27745431198881176,-0.019181439407111336,0.06387360641747568,0.0407934599282558,-0.0018159599331667338,-0.004288786337896205,0.992120894527972,-0.0007970814611296751,-2.909284293895327e-05,-0.002536040847895673
0.12629304497108806,0.2643227901965837,-0.2645127536757518,-0.0182496444883505,0.046110162221124386,0.105748431868551,0.0015031505554288856,-0.0043205229484848595,0.987087283314801,-0.001061594214805427,9.72002020321348e-05,-0.0022717180576990893
0.21386958729024136,0.294244960698285,-0.2119537811499383,-0.03068966065484322,0.06605976652621126,0.07372761538016956,-0.00047963035918340436,-0.0025787305949852976,0.9884216091292315,-0.0012735479959553654,0.0003110697893223762,-0.001977473097000805
0.1652209199171354,0.20416834224526736,-0.09762795664748943,-0.049018063129260915,0.04616938636180427,0.07630971903560234,-0.001279107827053546,-0.0034975863960633718,0.9888805834324731,-0.0013711759526028548,0.00047629070923951156,-0.0017733047547555372
0.06522076187257451,0.25452232571009126,-0.038085985338285874,-0.001426951044123605,0.01823113216097322,0.13193041791201865,-0.002821699395879049,-0.004452534748405532,0.9865270530608321,-0.0014092619379411405,0.000541511471112086,-0.001518782429045446
0.12924183113857943,0.2449055527472853,-0.08072120636351846,-0.035914628444286154,0.0322245802916442,0.13033663475405566,-0.010293613845224474,-0.006678044251999801,0.9918102055803484,-0.001489983144304659,0.0006707533022506655,-0.001273876876298161
0.09472002361469722,0.21827889641712084,-0.09661966662378205,-0.10267897815028273,0.018729918109384694,0.11482244897534268,0.003415449394757002,-0.007557919532229256,0.988796399240078,-0.001586602810928441,0.0007654733258653628,-0.00105559797988104
0.0757980116497876,0.1961713849203219,0.12445814515799755,-0.042157019133034566,-0.004820508042247588,0.04890536256808796,-0.009620277418052098,-0.007744746376577568,0.9855588559209326,-0.0014621446657704434,0.0008412713375151505,-0.0008594265949607182
0.13015996696469523,0.17729299581802965,0.1682899602765965,-0.055008260700686484,0.007675247017042924,0.04262270225249406,-0.001710238514137846,0.003090367005684487,0.97701580611938,-0.0012938547054938468,0.0009714313044798456,-0.0006821335991426885
0.14626927124833689,0.09275894918889088,0.27483520851334253,-0.046430734837885373,-0.023392355902708085,0.09083893616941198,-0.007608012746051365,0.005841967086869525,0.9773532515036225,-0.0010190194969805042,0.0011177005757281827,-0.0005893746499537975
0.050117487385260354,0.07998222338647248,0.38620690341603015,-0.053325133782104184,-0.008795304625439442,0.02986695819049459,-0.008359690826252791,0.003994719903472851,0.9810336992420565,-0.0006328125935644741,0.001167818063113443,-0.0005093924265673251
0.0021076926282282693,-0.07787820215349565,0.3288775151926032,-0.019571264430994537,-0.010079285779411532,0.02450758796792942,-0.00328383768852548,0.014873700090426857,0.9964030196434271,-0.00030393507837187087,0.0011699257557416711,-0.0005872706287208207
0.16506691534742574,-0.11613133905764177,0.26789981841418925,-0.0082363479892943,-0.024609582986261654,0.04477772446510276,-0.003369751327749576,-0.0020406979538305347,0.9816749064550351,-3.6035259957681584e-05,0.001334992671089097,-0.0007034019677784625
0.08295306902430113,-0.003792344833100675,0.4226044238462891,-0.09664968725916667,-0.004434666833155644,0.0005263363977538165,-0.004870194329945508,-0.0055402617025497695,0.9893810365445903,0.00038656916388860756,0.0014179457401133982,-0.0007071943126115631
-0.005329523447674801,-0.14165513436606889,0.44000808418228515,-0.08098650867829647,-0.04631340336391336,0.030116791239591413,0.0038290875907527463,-0.010372314117253333,0.9900294231816413,0.0008265772480708927,0.0014126162166657233,-0.000848849446977632
-0.03969674410268613,-0.1612326623002815,0.44735982948650205,0.0029694829136091543,-0.1032144266208022,-0.004252323837264404,-0.003533630585406083,-0.006274234387628336,0.9973053667283193,0.0012739370775573947,0.0013729194725630373,-0.0010100821092779136
-0.057834161344424345,-0.1573121557650667,0.4822102945198163,-0.012339995020967116,-0.0945374404476529,-0.04236550257729567,-0.005046951996929461,-0.005063403048609672,0.9850964383763436,0.001756147372077211,0.0013150853112186129,-0.0011673942650429804
0.060559406357804504,-0.20637404874824106,0.32626742360421745,-0.010038218795474473,-0.10455307733217703,0.009514814342430103,-0.005029365211980208,-0.0039043761122901427,0.9869953925312519,0.002082414795681428,0.0013756447175764172,-0.0013737683137912213
-0.03259363898018621,-0.1717872338146832,0.32440059266868804,-0.012252645379044014,-0.07173105690804572,-0.05274302205057179,-0.004454403326842736,-0.0027697665512345046,0.9927230808584616,0.0024068153883501165,0.0013430510785962311,-0.0015455555476059045
0.006166057592213711,-0.1959775880598501,0.35147897764777297,-0.0074240188924465066,-0.10879419603453709,-0.03425376038189026,-0.011437820324017158,-0.0159762723187054,0.983663553636604,0.0027582943659978897,0.0013492171361884448,-0.0017415331356657546
-0.12499085768569482,-0.13348450075536758,0.3732688986675702,0.022291310211953026,-0.07544883473959937,-0.04586085273740157,-0.008187795918043745,-0.00476559204073695,0.9872563867271219,0.0031315632646654597,0.00122422627850275,-0.001875017636421122
-0.19668723780988306,-0.20779267560114606,0.1410876111412973,-0.02785264895784026,-0.0038589514052105632,-0.08032710991073026,-0.004513774914732361,-0.0034477894226548683,0.9906098861462173,0.003272650875806757,0.0010275390406928669,-0.0020828103120222683
-0.21829325920533035,-0.24932016865216156,0.17033161321688234,-0.012463040491591918,-0.10215916416756918,-0.04457798232553407,-0.005978798676072961,-0.001321143497912929,0.9897904243351533,0.003442982489023639,0.0008092457814875365,-0.00233213048067443
-0.14846417383377342,-0.13371503591315426,0.16151648568777696,0.01915897082216529,-0.06778851910750767,-0.06491157591553924,-0.007142807422735219,-0.006636501304853559,0.9813926128456474,0.0036044989747114164,0.0006607816076537631,-0.0024658455165875843
-0.1491103180987261,-0.13671754679176876,0.06188453234391036,0.02877754701532751,-0.017511705104823038,-0.02309917755375332,0.0008766428084102159,-0.0063718688721261406,0.9924463739218097,0.0036663835070553266,0.000511671289555037,-0.002602563063379353
-0.1505499525851297,-0.138454645198659,0.17923937537446952,0.040606462808754754,0.002330957889961067,-0.020895477021224754,-0.007338677796916559,-0.003357029958209961,0.984816540124527,0.003845622882429796,0.0003611213369699073,-0.002741017708578012
-0.18482982281106258,-0.11154484260622002,0.025205909351472114,0.010763785952328016,-0.05346216036462129,-0.022872542154231283,-0.00040314157157181774,-0.0037727390752109423,0.9909997681514124,0.0038708287917812684,0.00017629151415884465,-0.002852562551184232
-0.2682075621785156,-0.11048549577485968,-0.023380747071911213,-0.00567487928632555,-0.05100974800920519,-0.042625374646416705,-0.00948411778233282,-0.001934697808687661,0.9948110194050767,0.003847448044709357,-9.191604801967097e-05,-0.002963048046959092
-0.20245021116594766,-0.09787472514326573,-0.05971516129821383,0.033294239381059985,-0.0026517213432788287,-0.041149399143990927,-0.006409469355593975,0.004489419538598921,0.9874069303466868,0.003787732883411143,-0.00029436625918561867,-0.0030609227721023575
-0.23936161503498044,-0.13846202250642403,-0.14434972562703174,0.07561608903465014,0.059578101448138236,-0.014218122894134712,-0.005474313138618418,0.007626299651076348,0.9891953063106256,0.003643383157784111,-0.0005337278742205991,-0.003199384794608781
-0.12959453378361852,0.026665438207736487,-0.293458837925526,0.03052635118243272,-0.0023552281211520402,-0.024297502646848358,-0.003884415157778404,-0.010877602150114702,0.9858215553317229,0.0033499243198585856,-0.0006633224080042177,-0.0031727193564010446
-0.26934602211010594,0.048598773796414314,-0.2867330863968382,0.023249992668384043,0.0428731667504275,0.005036645096958248,-0.007456010762070492,0.0006341334614696051,0.9943072400878874,0.003063191233461747,-0.0009326684301143236,-0.0031241205826046305
-0.20303859123320633,-0.003612758415162988,-0.14617929905311317,0.02278602938026479,0.0698594097316562,0.037892445623080084,-0.006902883730082127,-0.0006069132622336153,0.9801011461220602,0.0029170119344086344,-0.00113570702134753,-0.0031277333410197937
-0.17526832112713117,0.12352711113054896,-0.312706113145344,0.08172223866134135,0.058353729342256924,0.026654942608978556,-0.0046193725246752625,0.0022972820610930333,0.9836244464844328,0.00260430582126329,-0.0013109753424746613,-0.0030042062298892445
-0.21879001823967298,0.06724758711079874,-0.2606715188489134,0.04364815387422682,0.0565484756569743,0.006500054783912671,-0.005621238513569939,-0.0036844115254733344,0.9890879049337988,0.0023436343024143768,-0.001529765360714334,-0.002936958642778446
-0.15099064106151536,0.13046726184379304,-0.27257920683274617,-0.0001325571200551795,0.06689648429793149,0.01545896389494502,-0.01006384038202293,-0.00261314296475193,0.9828599303701955,0.00207105509558163,-0.0016807560017758497,-0.0028064913809346527
-0.1249669517428029,0.2707506880398795,-0.32653620972104375,-0.006638897584536364,0.009028258969625263,0.007522427585298556,-0.0035031277239054694,0.005520280699584534,0.9794827837984885,0.0017445188858605865,-0.0018057229535186525,-0.0025357406928947735
-0.20941636538834907,0.09706726398152009,-0.11061739483258372,0.04244896729554873,0.05568492013734645,0.016120844637380324,-0.008214215407946084,0.007809207028783321,0.9915683710716864,0.0016339014910280024,-0.0020151393189070015,-0.002438673428913253
-0.032352813063716346,0.2087736510994929,-0.20113503805505645,0.007427328617743717,0.0666527540638099,0.05645271473112098,0.0010114449311658296,0.0032743730118964323,0.9820472509020106,0.001432766452972946,-0.0020474921319707175,-0.00222989977781376
-0.1709428762288162,0.2476828459887449,-0.12691785481046836,-0.006621551927081939,0.06999024170788992,0.0881284987423151,-0.01415875624577068,-0.0025181526377740467,0.9881488091107686,0.0013058485981624777,-0.002218435008199534,-0.0019822169318250153
-0.08069393927755865,0.17594762116879675,-0.10554000367524774,-0.03536862304210125,0.0416165208285224,0.14791559149618644,-0.011388971180082967,0.012542132693081565,0.9742942152453814,0.00120030859448723,-0.0022991289474770926,-0.0018062693106562185
-0.004030281673505623,0.28189475022599697,-0.09879165196892384,-0.040564083529949585,0.05127013518610706,0.07264699519424712,-0.010997397191191097,0.001379291927693185,0.9943231599147744,0.001101516942518306,-0.002303159229150598,-0.0015243745604302215
-0.15468426654123255,0.16702193667407356,0.04646674891942717,-0.04702302729054441,0.1178219724519644,0.009696359352874285,-0.01291658134559054,0.006080853660558981,0.9801518776843813,0.0011479836914377332,-0.002457843495691831,-0.0013573526237561481
0.016955911514223338,0.19656938009813674,0.07613398560145831,-0.05630746032195186,0.038375452243417735,0.07545831719300072,-0.01212775833059392,-0.005392839218053596,0.9873140592181716,0.0012241176770391915,-0.0024408875841776074,-0.0011607832436580114
0.05692613141587372,0.10380801118446246,0.13582189918334583,-0.05068579065980603,0.04024988878301172,0.048739532305907135,-0.004354830194661872,0.00632490369960688,0.9830888366091176,0.0013599395762225375,-0.002383961452761734,-0.0010569752324735488
-0.04663170947002562,0.15898916905588004,0.2642195213405171,-0.09631532776984274,0.07114112452788958,0.051117142127643976,0.003144595004876383,0.0013873986119586007,0.9918106501627704,0.0016241590975630547,-0.0024305931622317593,-0.0008979860634176688
0.09511770681847707,0.09759873930051129,0.21443008767580823,-0.06797986134998839,0.020212127215213857,0.04424008418801497,-0.008002189644439684,-0.0006006203642996174,0.9918987714994065,0.0018385891852388627,-0.002335475455413282,-0.0008003873241171577
0.06958622424302996,0.11041288899804688,0.23152134083062084,-0.10586566949332411,0.03335864281910339,0.10290041090194167,-0.00017718410690521855,0.0023848327488476193,0.9902378964561662,0.002070110526069484,-0.002265889231170252,-0.0006899744351191107
0.025725814758970053,0.04218974915594634,0.25514386691010144,-0.040115417962023496,-0.005158527036462316,0.04171278791424192,-0.0035418710111267708,0.008860550429653452,0.9872103773668601,0.002325254392979585,-0.0022401634164112816,-0.0006477846859631643
0.0594464207412005,-0.06697399937044542,0.20799977806125913,-0.07803944030275764,0.030297192032535992,0.007785381401111992,-0.005846816863868133,0.01676012415741045,0.9863569485952269,0.0025332541710408442,-0.0021807169956700816,-0.0007147586853336098
0.1742487280403987,-0.08833596472836173,0.24570234421364523,-0.09068012761323752,0.00810126348552533,-0.036204924209338345,-0.012919151385148049,0.014983910417857469,0.9957447410300134,0.002778956515254489,-0.0020064682676296827,-0.0008030946500619716
0.15820918894852037,-0.02572195289085704,0.30456061558360764,-0.09224770578950493,-0.009960924061131733,0.009414312289062367,-0.0027995802878191785,0.011686848585126983,0.9919982783043725,0.003083517130838097,-0.0018482590786811624,-0.0008288166029528284
0.15733474533245764,-0.12528668610143542,0.1746317311528875,-0.09882195118655157,0.02488905766269962,-0.02317089016218988,-0.00673821646845981,0.00870603812844576,0.988807080024167,0.0032581488619909844,-0.0016909243333487049,-0.000954103289054264
0.11363341679066565,-0.16337849329316634,0.2608503823179603,-0.04080567767390051,-0.07150203506815521,0.0005708584597291667,-0.008880624160642796,-0.00447523491903453,0.9947912832634943,0.0035189992443089447,-0.0015772909165580392,-0.0011174817823474301
0.2236566647466669,-0.2490419783000753,0.18216789110742965,-0.09406904568651564,-0.07537123088175142,-0.031223100689206702,-0.006265971923239043,0.011062347084730266,0.9899691435554052,0.0037011671354163743,-0.0013536342518113724,-0.0013665237606475056
0.27921234496039715,-0.3081919959836802,0.18070361436857768,-0.042410280969017805,-0.06450752814804425,-0.09065969105701537,-0.015726672189620716,0.0038779711094002133,0.9876113097830062,0.003881870749784952,-0.001074421906850975,-0.0016747157566311859
0.20771416200692766,-0.19037974405177166,0.10078991157467979,-0.03125754692479765,-0.0619007058610872,-0.038375010157221265,-0.009480956327836167,0.008488349946920343,0.9935043331765466,0.003982660661359632,-0.0008667077448440475,-0.0018650955006829573
0.2659726294960413,-0.18720827054867029,0.0718167038117685,-0.050357573623783736,-0.10512129281228494,-0.07700597801370727,-0.004787030736407451,0.0008387561481380309,0.9873858403977543,0.0040544773651714,-0.0006007351153480061,-0.0020523037712316277
0.1932436732872766,-0.23935268562176504,-0.012445303601508296,-0.05269434320799011,-0.06783631198263322,-0.05225478658212063,-0.0032234755582243504,0.007543371740245627,0.9887382776003135,0.004042032061569892,-0.00040749144206072955,-0.0022916564568533928
0.21867429171371072,-0.3253623397033714,-0.0833400297981313,-0.018742346278047016,-0.039172657320897884,-0.04618560382409344,-0.0008585522867459346,0.007975374617128873,0.9803324875943594,0.003958692031771761,-0.00018881715034701886,-0.002617018796556764
0.3000805620744429,-0.26147955040581383,-0.063445151552863,-0.06113282552277881,-0.09588938602254302,-0.05907095264303885,-0.016130790091344598,-0.002319451926153423,0.9916555960781133,0.003895246880218898,0.00011126341172742404,-0.002878498346962578
0.20216085722587945,-0.2987634332167169,-0.28094386662183873,-0.057508230023199165,-0.09646145487453459,-0.050559712916378896,-0.001956054369228799,0.0036590391608589496,0.9910360355332557,0.003614303013597059,0.0003134242689533035,-0.003177261780179295
0.2559897758733332,-0.32996717218889005,-0.1914238562990767,-0.04936323539608307,-0.1333992313643519,-0.03492597195937499,-0.00432596844933864,0.004203258981043712,0.9800021207354324,0.0034228791572979826,0.0005694140448266367,-0.003507228952368185
0.13681021461913737,-0.34903423336309775,-0.17799435844458006,-0.018276593365686968,-0.08571620797246708,-0.05666433963428514,-0.013363436755516702,0.0008549821200052495,0.9856935408441571,0.0032448847988534022,0.0007062242594457741,-0.0038562631857312827
0.2980604500198686,-0.3099132758364284,-0.39583444304226956,0.022122890390080308,-0.1303853169335913,-0.0849830241562538,0.001182253466955243,0.007450645994732308,0.9789535356435197,0.002849050355811133,0.0010042847094656425,-0.004166176461567711
0.08019058617214338,-0.3660468127290486,-0.36035073678886176,0.005468559710762377,-0.12814220664037573,-0.06196489466431949,-0.0068322393673993995,0.0038468081925496366,0.989978116390271,0.002488699619022271,0.0010844752956377863,-0.00453222327429676
0.1138941121250511,-0.2811864188471672,-0.45591752298428895,0.0480069397152288,-0.08108316729584046,-0.04071946231738708,-0.011496578934675487,0.00965006838657052,0.9861613649924632,0.0020327820960379817,0.0011983694077628373,-0.004813409693143928
0.22550101937887918,-0.19114362001961113,-0.5224380821448198,0.04104365020256365,-0.07612276999093248,-0.026009885916726212,-0.0026528998634331655,-0.0002834452391835612,0.9823694345809254,0.001510344013893162,0.0014238704271417166,-0.005004553313163539
0.053689409104459365,-0.1385773770343014,-0.37212611935849765,0.02735984411316412,-0.0972179674567208,-0.055229864698485724,-0.012791994704504612,0.013742253505332161,0.9886592300915102,0.0011382178945346642,0.0014775598362461759,-0.00514313069019784
0.16466689256424616,-0.17970449382991954,-0.4071349172906653,0.04605029897040468,-0.08676323212088144,-0.018732103843906313,-0.00620561290944877,-0.0016721763906763255,0.9852525026693908,0.0007310829772439989,0.0016422267288104218,-0.00532283518402776
0.08979953501770463,-0.13851881181550219,-0.4023965265427892,0.056098214914965215,-0.12692519423055154,0.018206257645545905,-0.00645342151493142,0.01856329008041051,0.9906983890776646,0.0003286864507012097,0.0017320262638281265,-0.0054613539958432615
-0.04522247376729088,-0.008895844415598791,-0.37669090455133974,0.0749553468541042,-0.08771412713975028,0.00896111588615643,-0.011094452831854413,0.007928671715345118,1.0005972999358308,-4.800445385013008e-05,0.0016868037900608355,-0.00547024984025886
0.13915942998284458,-0.03772996812412151,-0.39284007605416094,0.07303553751674652,-0.06361953698803668,-0.0076008593351042635,-0.015882668042052003,0.008091997030850177,0.9964638581462333,-0.000440844529904291,0.0018259632200436802,-0.005507979808382982
0.008768994177235158,-0.002523097033933889,-0.38723401625628034,0.06870604492547337,-0.07306362291498636,0.04986323759000422,-0.017165478924159733,0.013813491685038794,0.9990617735765184,-0.0008280785461605713,0.001834732214220915,-0.0055105029054169155
-0.0945288154495026,0.06058203010116471,-0.2497347535385626,0.0855891058107451,-0.058459108951322086,0.03267664290593423,-0.01584527870091717,0.008318511809578594,0.9878457678139924,-0.001077813299699134,0.0017402033987714127,-0.005449920875315751
-0.060847805041224626,0.05357310656603554,-0.19734546938712416,0.12919470232988117,-0.06303997928317476,0.026888568821073905,-0.018412337088717923,0.009877011629073599,0.9913296779819128,-0.0012751587690862582,0.0016793555937301878,-0.005396347768749716
-0.16450168551268407,0.21726919050551746,-0.1491996585924405,0.06459989953938995,-0.053140505724084734,0.04905765562503711,-0.004286975781653244,0.006709894173642731,0.992332796284394,-0.0014243584276786986,0.0015148539082175038,-0.005179078578244199
-0.09393207625787509,0.16785557665942738,-0.09321648994609653,0.06743657163213138,0.02436315288320847,0.0697517166164771,-0.0051228803022737085,0.013200013764444846,0.9923068112042672,-0.0015175749176247952,0.001420921831959629,-0.005011223001584773
-0.012085203671994844,0.2689958155082539,0.03690682674255547,0.14089487605635537,0.053127645545636946,0.042829621707835906,-0.008886020550650593,0.020208894434505142,0.9850411374788531,-0.0014806680908822398,0.0014088366282876338,-0.004742227186076518
-0.10767514840686214,0.19433136948760957,0.04792511637941552,0.10045372881875046,-0.005210916827979218,0.0643296869906182,-0.0068253811463779915,0.00901010810282929,0.9954724589472974,-0.0014327429745028242,0.0013011614798807717,-0.004547895816588908
-0.07329680252512673,0.2892776036391113,0.05434271623994087,0.032983889545519944,0.05951440664706774,0.07416713837758712,-0.016686030274244413,0.010839596841492941,0.9903459803250682,-0.0013784002582628834,0.001227864677355645,-0.004258618212949797
-0.012399310467902408,0.35381117289712277,0.1314845093651626,0.045989475293731104,0.06878799026710944,0.1518751600260042,-0.01471478376783918,0.00482389666056638,1.0018839538305273,-0.0012469157488977209,0.0012154653668877428,-0.0039048070400526744
-0.18106297102502342,0.29347197504668987,0.39111017016681426,0.0846062623371277,0.0636328014189286,0.06541350677818975,-0.012070389751056893,0.0029434728753444843,0.9952037563507005,-0.0008558055787309066,0.0010344023958627194,-0.0036113350650059843
-0.06228553768951396,0.2608265654545734,0.32101008506053874,0.002712409325471535,0.06405288770128713,0.07684866155851396,-0.011720158443200077,0.011218454292023748,0.9948032914403455,-0.0005347954936703677,0.0009721168581732054,-0.003350508499551411
-0.12670259212267512,0.3220175791797954,0.4337795239517365,-0.004471805482705405,0.02146924410352807,0.0832800271984585,-0.01484505705993926,0.02044648144603428,0.9831040181329285,-0.00010101596971863121,0.0008454142660505303,-0.0030284909203716153
-0.16220232892748407,0.37549802502245444,0.4015324622106113,-0.023531643174829888,0.062496302686211785,0.0571250799362091,-0.009167084492879358,0.009045361125832336,0.9807887973722321,0.0003005164924919801,0.0006832119371230462,-0.0026529928953491605
-0.2092956818811383,0.3887505537185882,0.4168325268475464,-0.006650658114275836,0.08679653211776785,0.0953792049522505,-0.012564431529651306,0.010957950059559057,0.9828085110357818,0.0007173490193395264,0.00047391625524190786,-0.002264242341630572
-0.08935568000481228,0.24806158600426187,0.37668504756509236,-0.01305330674721595,0.11554547692198994,0.10878286731007263,-0.013945810304428576,0.0036739065593561805,0.987455014429384,0.001094034066904619,0.0003845605752370955,-0.0020161807556263104
-0.2545807227103128,0.195511971858692,0.4740719843422937,-0.05203593736037626,0.12922284226703573,0.1165382395963511,-0.010995944681911899,0.011030553191662252,0.9862126328829727,0.0015681060512469126,0.00012997985252678274,-0.0018206687837676186
-0.1991059043674468,0.20640468513295931,0.384379861279401,0.007074043436566258,0.12206873662349985,0.05742620319896744,-0.011941048215730247,0.022627410743802708,0.9948974101435887,0.0019524859125263135,-6.912605184066406e-05,-0.0016142640986346593
-0.12556812681960947,0.35431381797733186,0.5002196569656754,-0.09493147472755714,0.1423550662946094,0.06091431806869169,-0.01771797099981377,0.011933640555139053,0.9931312696095295,0.0024527055694919895,-0.00019469417866027354,-0.0012599502806573272
-0.07822878797778698,0.24265941312263628,0.3178896215133998,-0.032350201685019744,0.1559843031311429,0.0591160398464211,-0.014053461318734396,0.015342882633188872,0.9981918576080413,0.0027705951910053893,-0.0002729229666380605,-0.001017290867534691
-0.186817813858508,0.235063444315768,0.28295925143589856,0.030783478749837202,0.1293451049331079,0.03986405246182478,-0.014719129824962129,0.019946753008956992,0.9889720778194598,0.003053554442441288,-0.0004597407804965685,-0.0007822274232189229
-0.1251834250661616,0.28730872157732174,0.2703509207497556,-0.09719826787797621,0.13145660886571678,-0.004289712903087198,-0.019386011922794953,0.011785150354129708,0.9974454250714951,0.0033239053631910435,-0.00058492420556273,-0.0004949187016416011
-0.06536562139872716,0.13934004465609465,0.18133376619912697,-0.05346845777029364,0.10780814298925229,0.021870476405314594,-0.016714148785776872,0.023968329790772708,0.9911581063598421,0.0035052391293901707,-0.0006502898269614573,-0.0003555786569855064
-0.020048680414536946,0.17663700758583428,0.1471209147005571,-0.03055374144591149,0.09992911524537118,0.016737067518893124,-0.015489521029739866,0.01936664761160031,0.9923298808458063,0.0036523600440907275,-0.0006703385073759942,-0.00017894164939967212
-0.0832472784731543,0.23239446326919427,0.14659550587362807,-0.039742514813766595,0.1359008537413369,0.004066879836818103,-0.0035844050673764487,0.015048792876783968,0.9968973548266583,0.003798955549964355,-0.0007535857858491485,5.345281386952217e-05
-0.06926293504515083,-0.03958987693041766,0.042957689474454275,-0.05755579553330335,0.11117242150654963,-0.027945971347910874,-0.01880878906221017,0.0050852572822810745,0.9972508465026377,0.0038419132394388097,-0.0008228487208942993,1.3862936939104503e-05
-0.017804033221520663,-0.06364672590126004,-0.04395608876868459,-0.07073189935839187,0.0993420725345129,-0.03857076421168779,-0.0068339377914104155,0.017371871478778344,0.9915832489818072,0.0037979571506701255,-0.00084065275411582,-4.9783788962155536e-05
-0.06764943630025248,-0.06676188922754261,-0.008052521885689806,-0.07661027222233342,-0.0019372083556990034,-0.052901452611866635,-0.012915102861382513,0.01348317087310084,0.9961394157117986,0.0037899046287844353,-0.0009083021904160724,-0.00011654567818969817
0.06008444787000848,-0.07978309676869873,-0.14806497743977645,-0.03275850074380915,0.037066312965953425,-0.024679887391761753,-0.015158403464337666,0.013227483437439253,0.9938301442362815,0.003641839651344659,-0.000848217742546064,-0.0001963287749583969
-0.018272776671326846,-0.13420301462785875,-0.16551332926932713,-0.05959122167267018,0.026223352968309303,-0.026448940007585638,-0.023830758020922608,0.004287036138501626,0.9996316499639413,0.0034763263220753318,-0.000866490519217391,-0.00033053178958625566
0.10599734062434696,-0.0739996908613702,-0.16279570700013088,-0.06477152282369317,-0.028163286072594256,-0.010671293001782057,-0.0068477985291011245,0.013633950441253519,0.9863352695204514,0.0033135306150752007,-0.0007604931785930439,-0.0004045314804476259
0.14761462976381046,-0.115535222394873,-0.15207174236298973,-0.0448657292361319,0.05396328627764675,-0.019562692726110012,-0.012709275757893431,0.010112970258838859,0.9895520970596504,0.0031614588727122113,-0.0006128785488292334,-0.0005200667028424988
0.1309794493209696,-0.24384499807069074,-0.31654381383799224,-0.016009132868776005,0.050505586849922096,-0.027389244689421006,-0.008811666607840787,0.00953001000536836,0.9952323813634515,0.002844915058874219,-0.00048189909950826387,-0.0007639117009131895
0.14386148969672244,-0.174573081774264,-0.3159546791757589,-0.049963773687760615,0.01905945851312712,0.00690878925293127,-0.018587590926193838,0.007446338196805418,0.9962583144931749,0.00252896037969846,-0.00033803760981154145,-0.0009384847826874536
0.1337260589949727,-0.2646732022042102,-0.21771623652800765,0.014065782827310322,-0.03952998264810856,-0.06051184136726127,-0.020027982377851243,0.02108419298443406,1.000204996953621,0.0023112441431704525,-0.0002043115508165687,-0.001203157984891664
0.1557979411316582,-0.1451347509647975,-0.2626493678464614,0.01120657394007275,-0.03589474470290773,-0.062154889853994706,-0.003949523462240036,0.009928309219780905,0.9884879725417526,0.002048594775323991,-4.85136096849105e-05,-0.0013482927358564616
0.11887583569888219,-0.14734874054685787,-0.22766378803521806,0.01693701774494165,-0.04932740904898157,-0.0259294641455348,-0.018457640909303685,0.012540865496148499,0.9871653735171199,0.0018209309872887728,7.036222601397169e-05,-0.0014956414764033194
0.2322590231304658,-0.3029668167477234,-0.20692583322334285,-0.005285824099407034,-0.028640690460825697,0.0003727006050832319,-0.011259382765974778,0.017143235005458876,0.9981653151482073,0.0016140051540654299,0.00030262124914443754,-0.0017986082931510429
0.14061306816232877,-0.2848606859737403,-0.2250657212689514,0.021885049133820854,-0.05398390139726863,0.017665851876632964,-0.009955106184770385,0.019422200777802785,0.9864907311822307,0.0013889394327964784,0.0004432343173067663,-0.0020834689791247828
0.09950728152661592,-0.15616664535462274,-0.2293144145057375,0.04461643800411509,-0.03402682568217205,-0.004978691955717884,-0.008654874648389002,0.01284652412004229,0.989395420797237,0.001159625018290741,0.0005427415988333822,-0.002239635624479406
0.21389255383166975,-0.21004883547324296,-0.10752020073646913,0.044075060372654976,-0.06079219626958229,0.023493407112117424,-0.0213888739638929,0.019773258612221765,0.9962009019887327,0.0010521048175542718,0.0007566341526650519,-0.002449684459952649
0.2371664301830147,-0.13566776724872495,-0.1452483105552326,0.06445079210839424,0.0001711386847425998,0.06345155596604467,-0.021982411589363565,0.016301889114858206,0.9845099549634572,0.0009068565069990393,0.0009938005828480667,-0.0025853522272013736
0.08043271064881641,-0.10129877660691075,-0.05607115205356221,0.04522014575794871,-0.09888604191390138,0.03961798879618363,-0.014276061849725743,0.01255322631220426,0.9923446390894969,0.0008507853549454772,0.0010742332934968828,-0.0026866510038082844
0.2139580789372999,-0.06725363218697633,0.16335524150306835,0.051789363968120894,-0.06270878733228497,0.05741465054201263,-0.017118128886769633,0.011337984289417714,0.991265444519942,0.0010141405964485455,0.0012881913724341826,-0.0027539046359952605
0.09631157159729328,-0.01564103760115941,0.050027562635540666,-0.006462406220650812,-0.029783023243041547,0.06944054413043224,-0.015960738273324008,0.01515696772053251,0.9932052004015873,0.001064168159084086,0.0013845029440314762,-0.00276954567359642
0.050615736455766024,-0.04543154506305234,0.1251665072649029,0.010678995035807841,-0.019813654576604525,0.03540759331172835,-0.014161868751589451,0.012407256377189212,1.0005429364621254,0.0011893346663489892,0.001435118680487242,-0.0028149772186594722
0.06291122100516401,-0.05116935260676084,0.23373686512548986,0.04052087139094058,-0.06153467135247717,0.07354136466903431,-0.014306787081882624,0.017354932920707014,0.9915261851385684,0.001423071531474479,0.0014980299014924062,-0.002866146571266233
0.16875233025501496,0.004832264878375514,0.22340762630274824,0.058684170640836364,-0.10077062134632371,0.0729730616324437,-0.011244203411347702,0.008548647714039348,0.9964448859508405,0.0016464791577772272,0.001666782231747421,-0.0028613143063878576
0.0341700418982178,0.04936251140676147,0.15223990111108898,0.08782405752186961,-0.023137841894662434,0.03899034923134651,-0.008987217177993952,0.02077130521268676,0.9990961089010697,0.0017987190588883162,0.0017009522736456389,-0.0028119517949810966
-0.02260428446129631,0.09367359170261494,0.22104626405003244,0.003477959100202597,-0.06987160781677454,0.08783151212595068,-0.019698086279436047,0.02114231526903871,0.9940843640639472,0.0020197653229383486,0.0016783479891843427,-0.0027182782032784815
-0.041302870989477464,0.17200021273258892,0.39426440733963786,0.03869706470042396,0.011011866729709205,0.06549011421098001,-0.018863804686000525,0.016061108421988792,0.9871696660362088,0.0024140297302779863,0.0016370451181948653,-0.0025462779905458927
-0.02769984245669184,0.07523009384345103,0.3169434535777033,0.028150542454874597,-0.00480113669805871,0.054838000791489115,-0.024600416218122586,0.0099713551713114,0.9891656288886435,0.0027309731838556896,0.0016093452757381733,-0.0024710478967024416
-0.12504585151512573,0.17197677595075936,0.3222184984041898,-0.006778133181591782,-0.010897818881488512,0.04200365815117947,-0.018329744018840275,0.0236508891767701,0.9941014700410387,0.0030531916822598795,0.0014842994242230474,-0.002299071120751682
-0.0018986351807151608,0.12939979553608844,0.15160035177904319,0.026158167707635065,-0.011576474419356778,0.03975620155795663,-0.010466639860944336,0.01811235892281292,0.9828946335822243,0.0032047920340389224,0.0014824007890423324,-0.0021696713252155934
-0.028751129900950766,0.21453046033485185,0.23205427597453618,-0.013612208694565791,0.0014076795583239168,0.022500931140732115,-0.01597912045607191,0.021492552200899046,0.9942529890543361,0.0034368463100134584,0.0014536496591413817,-0.0019551408648807414
-0.11065125145528804,0.13087377968342445,0.12471947467238914,-0.05794131278594395,0.014556412265294659,0.016011686728085513,-0.008737346382318132,0.016635236999626313,1.0013239797438904,0.0035615657846858476,0.0013429984076860936,-0.001824267085197317
-0.21556554962681368,0.26995803090400705,0.031398591894993985,-0.05834597460298606,-0.010097315722255189,0.0040323417764712224,-0.01344159127767219,0.015041964480500864,0.987935829066543,0.003592964376580842,0.00112743285805928,-0.00155430905429331
-0.11990205234022094,0.1092478480800018,0.08176681074099408,-0.01780565734419008,-0.003059577449403034,-0.0016778943444395716,-0.01634016048507647,0.019098297816304687,0.9930755867986487,0.0036747311873218357,0.001007530805719059,-0.001445061206213308
-0.18766673460778485,0.23309845297637077,0.03460257203919003,-0.08870830726682825,0.024265636899376046,0.02691748881388168,-0.030494402156005546,0.016528681329117282,0.9951121042800517,0.003709333759361026,0.000819864071111274,-0.001211962753236937
-0.1391855077760926,0.2434624539050605,0.027815102575556833,-0.08015495230492825,0.0668205680549756,-0.023727973131901593,-0.01915829117569356,0.013839119287289713,1.0072586790881997,0.0037371488619365825,0.0006806785633351814,-0.0009685002993318766
-0.29794420784701925,0.16807597537114438,-0.0452038921928623,-0.09088805004202816,0.02349373981724296,-0.012019814910910817,-0.025635617130402417,0.022663067409877655,0.9991191902598461,0.0036919449697437206,0.00038273435548816215,-0.0008004243239607321
-0.2339308160236648,0.05579768075870972,-0.15690325198665614,-0.11132375293198418,0.09172698969681056,-0.020819729176031372,-0.016819816071781204,0.02616838198609296,0.9827522367659944,0.0035350417177570643,0.00014880353946449736,-0.0007446266432020224
-0.33330775099035925,0.08260912265414969,-0.33586340326253605,-0.08303730037995745,0.08170818342700809,-0.028271750357574635,-0.017655728086794133,0.021342295171280615,0.9937067032421087,0.003199178314494528,-0.00018450421152586192,-0.0006620175205478728
-0.29855297949597026,0.04387441996228869,-0.31979857777540033,-0.1010642148001765,0.07207297219149576,0.015128054151985043,-0.01716959654010277,0.020310500257570863,0.9920970789762288,0.002879379736719128,-0.00048305719102183226,-0.0006181431005855842
-0.19894941035855904,0.014277585961061812,-0.2854906430570302,-0.060073156288188885,0.0359395655788153,-0.03851285793157453,-0.017087427334109742,0.018356556123631147,0.995422521301746,0.0025938890936620974,-0.0006820066013803913,-0.0006038655146245223
-0.16388254823235343,0.027185116556813646,-0.2975311720847733,-0.07762307843024804,0.09122201549691371,-0.06190933756188311,-0.015703858020467337,0.017898275688315788,0.9923377301914668,0.002296357921577324,-0.0008458891496127448,-0.0005766803980677087
-0.15144414782306315,-0.06781614001312687,-0.3676372267377382,-0.1399753316668603,0.06864992546307157,-0.05699154602207738,-0.011172460368271173,0.024611500310641132,0.98666049050278,0.0019287206948395861,-0.000997333297435808,-0.0006444965380808356
-0.14900539477813196,-0.06501070038491537,-0.4174568478152864,-0.10663022189812224,0.028784876270162043,-0.07543962032645186,-0.012248760108643482,0.022002731967779313,0.9916541400861161,0.0015112638470242998,-0.0011463386922139398,-0.0007095072384657509
-0.26943154321870205,-0.14910736115349657,-0.4432518281531663,-0.08517051840051543,0.0584022472904822,-0.053648221845509485,-0.005585832303988122,0.021004774795047178,0.9966231357374024,0.0010680120188711333,-0.001415770235432642,-0.0008586145996192474
-0.16490349065268833,-0.06563783785366212,-0.526243988245845,-0.08588068591833127,0.05639183221028994,-0.04692887783341335,-0.011713777987994663,0.019007289611149863,0.992166619605351,0.0005417680306252884,-0.0015806737260853302,-0.0009242524374729095
-0.0627857101854446,-0.1644594359567702,-0.4644391228096426,-0.11919483443748148,0.04615249967281666,-0.08762568711533496,-0.018351570355709536,0.030322298143005934,0.9861619591669349,7.732890781564572e-05,-0.0016434594362707746,-0.0010887118734296797
-0.08414626836571623,-0.1996649349616457,-0.3781923799347708,-0.07585185888974999,0.10336445895955008,-0.05545835647475512,-0.019174781290758242,0.0207602102319225,0.9949010959391046,-0.00030086347211912505,-0.001727605704636491,-0.0012883768083913254
-0.1989704258849819,-0.31321506707607066,-0.43814006234072017,-0.06666354894987866,-0.002476088800536606,-0.07837172844247849,-0.021950017996387454,0.03642687530772554,0.9877857003301174,-0.0007390035344598453,-0.0019265761305214725,-0.0016015918754673964
-0.14003479600706528,-0.26563912625282377,-0.40980825962459644,-0.04689021303130246,0.037770312859723945,-0.018308820243002094,-0.01371982391908549,0.023364549799558668,0.9966751810899817,-0.0011488117940844417,-0.002066610926528538,-0.00186723100172022
-0.2162415539594522,-0.31189356200000345,-0.31494190206489303,-0.07568965408167358,-0.019873099855045637,-0.047872640765517956,-0.019055499256644542,0.01564901344104893,0.9877731871817966,-0.0014637536961493347,-0.00228285248048799,-0.0021791245637202234
-0.11406445637873948,-0.2844325556623291,-0.20671113349567868,-0.0421398008712307,-0.033312821228366714,-0.04025902004861114,-0.0043704451638258025,0.02326463829197991,0.9912446084027505,-0.0016704648296450135,-0.00239691693686673,-0.0024635571193825524
-0.07730791729448218,-0.30633249633845805,-0.10348305718705611,-0.0010760564879746751,-0.012831065031868778,-0.03583748611180631,-0.01830380924059687,0.021705525836513275,1.0060123280135223,-0.0017739478868320697,-0.0024742248541612124,-0.002769889615721011
-0.06944937964055599,-0.3382516783075796,-0.06830671325567761,-0.0028532207720611685,-0.031182779732265464,-0.023627845704648938,-0.023372254088271083,0.02001208581412598,0.9974475379411412,-0.001842254600087747,-0.002543674233801768,-0.00310814129402859
-0.01698897476537843,-0.31109347507782165,-0.04937809066854208,0.032315795196813546,-0.008784788411767145,0.015258669276876257,-0.020363393532724504,0.024996989516092288,0.9901652649165474,-0.0018916326907562895,-0.002560663208567147,-0.0034192347691064124
0.032315319799941254,-0.45522211176198957,0.06996751704700292,0.01330906277333105,-0.07691806301417946,0.006113385195428641,-0.025479980478022968,0.021366385350367337,0.9923592908643812,-0.0018216651737092864,-0.0025283478887672055,-0.0038744568808684017
0.03386987349847556,-0.17069440244337683,0.14471862939877808,-0.022797846844024756,-0.03654759269253566,-0.00736758389516118,-0.009504628530564541,0.022887260204248666,0.9915766092245808,-0.0016769465443105082,-0.00249447801526873,-0.004045151283311779
0.09537232253173396,-0.24288181943800552,0.1589989556779563,0.00936912375849805,-0.03864642311386767,0.03937823942233756,-0.019123450472487636,0.016005716188257378,0.9946927389918999,-0.001517947588632552,-0.002399105692736996,-0.004288033102749784
0.03217499540051308,-0.38631153719738676,0.1868121236040713,0.05243765631873411,-0.07523990159573693,0.077487477267842,-0.013267000023258181,0.019946682497900527,0.999440985345762,-0.0013311354650284808,-0.002366930697336483,-0.004674344639947171
0.04735804659694988,-0.18671924318305108,0.3604577437591465,0.054162888341543244,-0.09479578929830895,0.039424041763231894,-0.02231641511963895,0.025215714818001837,0.9985857774686616,-0.0009706777212693343,-0.0023195726507395332,-0.004861063883130221
0.05021897822565012,-0.21858453120022808,0.32508962725685486,0.07917492090223865,-0.06742044105257299,0.08951002221673494,-0.017764865488513682,0.0301998455746856,0.9967707795007553,-0.0006455880940124794,-0.002269353672513883,-0.005079648414330449
0.0606676580072403,-0.12446094351143927,0.36083349853410596,0.05074425473167901,-0.10295857003449342,0.04532699594535742,-0.026185890050194838,0.025494015500299373,0.9933452587358537,-0.0002847545954783735,-0.002208686014506643,-0.005204109357841889
0.08468071976676103,-0.1292758216266353,0.4416162281856777,0.0709023647831251,-0.06838371127263693,0.10143048246436036,-0.019948325937394824,0.023782986673278123,0.9844179995294123,0.00015686163270730425,-0.002124005294739882,-0.005333385179468524
0.09750135872547949,0.012431372892285894,0.38270941544222953,0.07625517736030873,-0.10276341518662921,0.10228848938750976,-0.020644366808325234,0.022057013092687778,0.9975414924240669,0.0005395710481495337,-0.0020265039360144025,-0.005320953806576237
0.23428580616474187,-0.09792833753331046,0.3721305349401034,0.06787758639323976,-0.08874393189029249,0.043631047356880656,-0.020516044961421016,0.014406934508543426,0.9893820633053851,0.0009117015830896372,-0.0017922181298496605,-0.005418882144109547
0.11314308280273856,0.052800329881384736,0.37236225092506375,0.0963564500403746,-0.08144697538898694,0.06109079453702857,-0.014969835516409324,0.03220573004972211,0.998986388598313,0.0012840638340147008,-0.001679075047046922,-0.005366081814228162
0.2575937385864757,0.11911143001767797,0.45106157560161503,0.050972114508840566,-0.0987582865330496,0.07430604700238401,-0.009516077920950152,0.021282476133878587,0.9968263323021622,0.0017351254096163158,-0.001421481308460446,-0.005246970384210486
0.1844486903813861,0.048661410386040396,0.3910327827142274,0.08794651438053175,-0.0566052981887899,0.09287896162630292,-0.01866537686508418,0.022313337685931404,0.9978971984296497,0.0021261581923305434,-0.00123703261807906,-0.005198308973824444
0.1742162310246531,0.20606030200669434,0.29641851369503025,0.06543384654807552,-0.07148032382478199,0.08201211308554979,-0.026942690626986267,0.02325961611971227,0.9948364097200396,0.0024225767060255736,-0.001062816387054407,-0.00499224867181775
0.23862187163898402,0.16731487602430928,0.3037062900382091,0.06843769728189877,-0.09420486263656454,0.07419365418393284,-0.02140636274663948,0.023318133060614376,1.000217982408976,0.0027262829960637827,-0.0008241945154154229,-0.0048249337957934416
0.29788165359089724,0.25514642817747124,0.2797046948987499,0.017761209178064563,-0.06698930767336964,0.09435575286822485,-0.018388391748023623,0.02698662867889065,0.9874809389129503,0.0030059876909625323,-0.0005263128618245256,-0.00456978736761597
0.22086935527711501,0.11307627441696297,0.1844050941715853,0.09201959849529864,-0.04663915936140031,-0.005960564575259947,-0.01458264191361135,0.021207868843265643,1.000011995168251,0.0031903927851341177,-0.00030544350654741065,-0.004456711093199006
0.3266748805171169,0.2102798392483589,0.04408724375429467,0.028614940315298817,-0.04790679178319347,0.09680554476925439,-0.01731142555760556,0.032246446390891526,0.9857818288585097,0.003234480028888412,2.1231373969706314e-05,-0.004246431253950647
0.19157813489905245,0.29905979742729205,0.03744262436720846,0.057739319093219374,-0.06366217068285787,0.0247859915441854,-0.015512347403082495,0.023274242180013987,0.9968223116748249,0.0032719226532556206,0.00021280950886875876,-0.0039473714565233554
0.2642042390747817,0.26682142698470757,0.07675101885869748,0.021667676030383234,-0.06041133179607691,0.06949893048801684,-0.012357776895773987,0.026666725798657056,0.9976653685339514,0.0033486736721143186,0.00047701374794354047,-0.0036805500295386488
0.3028624907836259,0.2957510571719731,-0.030691031695374182,-0.01459615287077529,-0.027684218581178994,-0.007213806422318581,-0.01970949548509657,0.017242295037441895,0.9957942320584727,0.003317982640418944,0.0007798762387271664,-0.0033847989723666755
0.18855684133620818,0.32496937519276164,-0.11854146941331414,0.03202792319933905,-0.02129996596798475,-0.01643041361425325,-0.012356563706338409,0.028481562115904045,0.9970365838583405,0.00319944117100563,0.0009684330800633746,-0.0030598295971739136
0.22078653860477976,0.19638944621083482,-0.11768018745732711,-0.00850000196455518,-0.011238245411440615,-0.055846215315514015,-0.01876908618917009,0.027359323435310223,0.9927114362700779,0.003081760983548303,0.0011892196186681543,-0.002863440150963079
0.20185408951520267,0.31505513525010975,-0.08690909870316643,-0.043582997230729476,0.010139484765490741,-0.005021822829788256,-0.023438655700538456,0.023764456331669355,0.995400466710275,0.0029948518848451366,0.001391073708183357,-0.002548385015712969
0.23611333203107143,0.3285427371801556,-0.12593435259288316,-0.05685445650927359,0.013406077655756958,-0.02032509710401509,-0.02181326527908375,0.031267891149903505,0.9949327068876229,0.002868917532252253,0.0016271870402144286,-0.002219842278532813
0.05236078159480703,0.2636757619736716,-0.20658902857109798,-0.017349072212116796,0.057450059281642166,-0.016164950326916068,-0.020634329080537694,0.0297744472951852,1.0024610905480233,0.002662328503681155,0.0016795478218092357,-0.0019561665165591414
0.1254876702264166,0.20726520880014812,-0.21966555386084083,-0.039447762145483026,0.01341542624095619,-0.08339648642570076,-0.022992102427667117,0.020708228761585713,0.9973570300441048,0.0024426629498203144,0.0018050354920356518,-0.0017489013077589936
0.12600684872294823,0.30615345667506616,-0.29338475851223655,-0.07783933289713132,0.013559372407942269,-0.010951053598073001,-0.0158740464089148,0.02545490940619791,0.9990545422559268,0.0021492781913080776,0.0019310423407586002,-0.0014427478510839276
0.0761648241977237,0.22992456469907707,-0.225721797219894,-0.02088606256871499,0.057255731626124434,-0.01177928990938428,-0.01120674162506682,0.02452648393283622,0.9887855052237079,0.0019235563940881838,0.002007207164956324,-0.0012128232863848503
0.038894738724624456,0.21712577371239516,-0.2095716865604868,-0.03657756493769839,0.13170728009325225,-0.008634294480670835,-0.020825440870184092,0.025036164979670532,0.9925022447107122,0.001713984707527697,0.0020461019036809485,-0.000995697512672455
0.1107296730500503,0.22603152868037296,-0.2879058601421669,-0.042523575898368464,0.0961261242061455,-0.0164042070875772,-0.015853848238356706,0.022862752404649647,1.0033205177629254,0.00142607884738553,0.002156831576730999,-0.0007696659839920821
0.06457210398060258,0.10610582693805513,-0.10792219155952529,-0.061709895039474494,0.09824225812552727,-0.03688318481428941,-0.01998578779033495,0.02346632097794856,1.0008098253870643,0.0013181566558260048,0.0022214036807116015,-0.000663560157054027
0.03260583136587929,-0.07093590629351204,-0.13446285452269283,-0.07176571257716066,0.1562729839659212,-0.04425708917091563,-0.0151462168613867,0.027876659095444598,0.9920358486678347,0.0011836938013033119,0.0022540095120774806,-0.0007344960633475391
0.14647174890473713,-0.0034395302714442556,-0.15592270936685448,-0.07849254859205118,0.07808410052211968,-0.0217056294355724,-0.021603162594738528,0.02679585290358472,0.9867249892147013,0.0010277710919364574,0.0024004812609822184,-0.0007379355936189833
-0.107255679187192,0.006809583142090483,-0.03494264326559672,-0.06815000878996622,0.08569277806567838,-0.008997501354020413,-0.022287439659137893,0.0250878122326072,0.9968479081286085,0.0009928284486708607,0.002293225581795026,-0.0007311260104768929
0.027308285799634797,-0.02255270297391235,-0.1335432884838913,-0.04387546461168077,0.09743691164022415,-0.004468494136007832,-0.010098175437897833,0.024706061616065644,0.9953103349138489,0.0008592851601869694,0.0023205338675946607,-0.0007536787134508052
-0.14568776778569248,-0.08935313672762599,-0.030528000080137823,-0.032970614145861415,0.1477160358648937,-0.011512958515833427,-0.02499647233797478,0.025784266067468305,0.9959112985132128,0.0008287571601068316,0.002174846099808968,-0.0008430318501784312
-0.07251361819764791,-0.18407070099921963,0.14475875810121153,-0.03673960258739248,0.08327543239574377,-0.022173645072831406,-0.024938956335579368,0.024687671024903372,1.0015393390525424,0.0009735159182080431,0.00210233248161132,-0.0010271025511776508
-0.0902201643017356,-0.12049684157231876,0.12972432486695704,0.0002723125406703282,0.09937366462575913,-0.0017107265888807177,-0.015118090154301385,0.021483977764092096,0.9950529159328844,0.0011032402430750001,0.0020121123173095844,-0.0011475993927499695
-0.0289812481899257,-0.12781539887317794,0.024817398945017916,-0.06401785439992869,0.11242949590044195,0.0760187863579579,-0.029554188288312626,0.03674938191168883,0.9949368305217464,0.0011280576420200181,0.0019831310691196587,-0.0012754147916231476
-0.19404441533314654,-0.2610365221923999,0.2822104601360741,-0.03730692244897024,0.11309911999426171,0.02834914769244757,-0.007968461046843442,0.03249865322267859,1.005595434717728,0.0014102681021560925,0.0017890866537865124,-0.0015364513138155474
-0.09890767379030965,-0.11449301381625372,0.18092430193253534,-0.08929897411478283,0.12476864544116405,0.030829038224177527,-0.021384731867681497,0.024495184072136283,0.9936666232573732,0.0015911924040886275,0.0016901789799962028,-0.001650944327631801
-0.11439924557101588,-0.1898161470696558,0.18979873127743452,-0.019108690943322713,0.07504900883961008,0.06246038929169889,-0.024617852004171516,0.024451557594762103,1.0057380672912548,0.0017809911353660623,0.0015757797344251867,-0.001840760474701457
-0.13133482978754465,-0.12337898616771933,0.27066487521514254,0.02833828591563667,0.10792499948702913,0.06514673913121241,-0.014667279397800931,0.03476522010493835,0.996031990064843,0.0020516560105812045,0.0014444449046376422,-0.001964139460869176
-0.23232980454883823,-0.1981586333418861,0.3144070925815771,-0.019752459028413098,0.05867276726816986,0.03882088310959931,-0.02712101560017902,0.03054509545176303,1.0055344999897906,0.002366063103162782,0.001212115100088804,-0.002162298094211062
-0.08750615512405337,-0.09295799792035181,0.2863442043216916,0.035156472180145094,0.028020147080750967,0.036736748312699165,-0.007785569319697325,0.03984396739696003,1.0019601091334531,0.002652407307484474,0.0011246089449647504,-0.002255256092131414
-0.10863906488716386,-0.12155425863950747,0.3502910748593858,-0.006617350589946834,0.03498817674364787,0.023112056989142142,-0.025642314408399043,0.027310901740114656,0.9980566184222196,0.0030026983823438595,0.0010159698800775864,-0.002376810350770921
-0.06758449260942467,-0.24608067928380606,0.1581235807436412,0.04161239496036815,0.02363836620018032,0.02355211300537339,-0.016336100643849674,0.02817229134749554,0.9931335757778714,0.0031608219630875007,0.0009483853874681618,-0.0026228910300547274
-0.10264823617591427,-0.2076476368371739,0.16845466290984323,0.04174772088177862,0.037282380077207,0.09361807428808847,-0.022047048676980603,0.03288856098885433,0.9962429516599975,0.003329276625997344,0.0008457371512922476,-0.002830538666891901
-0.1047023096502517,-0.15332567877685696,0.142160060330423,0.04142496669501271,-0.006576935511345331,0.053332730386634955,-0.027241674151628634,0.02352285530662511,0.9990917954482987,0.003471436686327767,0.0007410348416419959,-0.0029838643456687585
-0.11451936948114631,-0.1418137434311251,0.11007850324670612,0.0628298417388885,0.027215723515948753,0.06454633409913653,-0.02782755744564882,0.022201233108660463,0.9993705068395329,0.0035815151895744733,0.0006265154721608496,-0.0031256780890998835
0.0485617025553715,-0.0580023079710043,0.06542639632101213,0.06056972851773298,-0.04382253841212094,0.06792191144560426,-0.0162740516263842,0.029241539929290683,0.9999566230781258,0.0036469415858954852,0.0006750771747162211,-0.003183680397070888
0.007166012212743211,0.10519169968441636,-0.0660387114288477,0.07564091874925624,0.048262900656118254,0.034529582571834895,-0.011388488096066206,0.03626431096757197,1.0000594656024198,0.003580902874466638,0.0006822431869289643,-0.0030784886973864714
-0.028176165849523524,0.06706143613173741,-0.0789808850354998,0.08625400111436637,-0.025922682271576774,0.05789391338242909,-0.021764093620046648,0.03010955780978156,1.0003113264487296,0.003501921989431138,0.0006540670210794407,-0.003011427261254734
0.0046993431019593385,0.05028374160146124,-0.1314127500194727,-0.00741120807005605,-0.016477759433708494,0.05646143853478346,-0.017474023322543473,0.0280039668175937,0.9973524790739252,0.003370509239411665,0.0006587663641814001,-0.002961143519653273
-0.06126442715212115,-0.006804342322315526,-0.16286603539563932,-0.0063564302241449645,-0.039873501831329455,0.011051130345804572,-0.02312938395263198,0.0276455715226831,0.9940635891834682,0.0032076432040160255,0.000597501937029279,-0.0029679478619755884
0.047284680627951325,0.057183176050256114,-0.24596766578778664,0.01180846466260714,-0.049282863462316376,-0.018291908084376397,-0.02083437318800408,0.04052681570100486,1.0039957503184327,0.002961675538228239,0.0006447866176572302,-0.0029107646859253327
0.02073381985226655,0.07114007586760962,-0.33672290178188885,0.06278096193033363,-0.05210221690125793,-0.0024221431043766582,-0.017449427196906876,0.030990459813941815,0.9988433993766351,0.0026249526364463503,0.0006655204375094968,-0.002839624610057723
0.06126918877890733,0.10063970159816954,-0.3819933238083145,-0.005306302900156013,-0.0478826818895263,-0.0028565056986501122,-0.019509251874042618,0.025643914287389664,0.9996891659557042,0.002242959312638036,0.0007267896262884041,-0.0027389849084595535
-0.018681909075564725,0.16292886668138012,-0.4067975512813984,0.014831663039704594,-0.0581075456373202,0.005225338561866355,-0.02633065314800426,0.02820240435789531,0.9956208290329106,0.0018361617613566377,0.0007081077172128394,-0.002576056041778173
0.12194628843845973,0.20190160202165713,-0.45575579646884207,-0.04406946184899731,-0.06967554160530705,0.0038590390731312717,-0.007109392150929379,0.0305484074980303,0.9975174840695357,0.0013804059648877954,0.0008300540056512991,-0.002374154439756516
-0.03514791954051828,0.23873843062695105,-0.4285470450098202,-0.030956109789148513,-0.08362474221729921,0.0007712606005989119,-0.029171286399390362,0.03339811743576544,0.9961721615507596,0.0009518589198779751,0.0007949060861107808,-0.002135416009129565
0.04727463184399391,0.2589599079619097,-0.36895656713915814,0.012585458192407563,-0.041664765130227197,-0.008904918877553928,-0.023563223808914666,0.025099881692158356,0.9936125787845992,0.0005829023527388169,0.0008421807179547747,-0.0018764561011676553
0.09193423569705736,0.246763904426385,-0.34213656265793024,-0.0023743854232753745,-0.053170341841087855,-0.02691689327100104,-0.020806759656438082,0.0312768034202363,0.9940731492044292,0.00024076579008088674,0.0009341149536518322,-0.0016296921967412705
0.15115001684378737,0.21566888347758453,-0.33641280213877506,-0.015206142347318648,-0.056331145401382274,-0.06725620604313717,-0.02624106619197003,0.03883059378392585,1.0030695541687453,-9.564701205788834e-05,0.0010852649704956195,-0.0014140233132636858
0.09987753223815124,0.26325921356954873,-0.3781015606203306,-0.07414590567850292,-0.08153943498552586,-0.07830263388495001,-0.020577019255778962,0.02448914236156448,1.001631738806957,-0.000473748572678219,0.0011851425027337708,-0.0011507640996941371
0.070758833471534,0.2608181963830651,-0.41912562659400376,-0.035256129875387676,-0.037186995941473844,-0.07747275764566236,-0.014726325083993793,0.024691206326107412,1.0008755910611464,-0.0008928741992722226,0.0012559013362053047,-0.0008899459033110719
0.08646169825867119,0.11612124012707592,-0.3193590624705533,-0.09629252234598133,-0.03160756126316992,-0.1114021183765749,-0.02771027517166277,0.039645219523881996,0.9950617280033698,-0.001212233261742776,0.001342363034463976,-0.0007738246631839961
0.1775419273967001,0.0910990716784327,-0.2261642306771749,-0.09601463927565594,-0.04145317852972032,-0.09150997848476186,-0.018327200169420934,0.03176193394720523,1.006368757439503,-0.001438397492419951,0.001519904961860676,-0.0006827255915055634
0.15768949026386056,0.13335881103535865,-0.3349349933029778,-0.07339876935914397,-0.03910045933446825,-0.05982066736633574,-0.01989150965284428,0.034150970506806294,1.0022658451929005,-0.001773332485722929,0.0016775944521245365,-0.0005493667804702048
0.07923358986591048,0.14050481422302247,-0.09881261126640412,-0.11315597914642966,0.016309310594156166,-0.0627881130460421,-0.022665746830761026,0.041254389513855065,0.9903984763056628,-0.001872145096989333,0.0017568280419904471,-0.00040886196624718226
0.16610214143798296,0.16974882914063738,-0.02640877077695395,-0.06584989567966083,0.023951451240367145,-0.09705660573732473,-0.028585005432864415,0.0364434636410308,0.9976801176631042,-0.001898553867766287,0.00192293018342843,-0.00023911313710654487
0.3074851523747051,-0.007307271819160108,-0.003276499823124319,-0.11894107787171235,0.0011519084018886292,-0.04814894041051207,-0.02442003011144518,0.03208662833657239,1.0047341572226114,-0.0019018303675894114,0.0022304153358031348,-0.00024642040892570495
0.019364463369312218,-0.0557145270216295,0.0803288971960976,-0.08399894086100056,0.03303446043257111,-0.044170447117550714,-0.01945187018999463,0.03225018943578111,1.002845117678894,-0.0018215014703933136,0.002249779799172447,-0.0003021349359473345
0.06661353831469091,-0.08044251801523629,0.14738049218076807,-0.08551025780135084,0.03942238873508468,-0.061066120986722906,-0.015482767169649633,0.028803346582611786,0.9930300970677782,-0.001674120978212546,0.002316393337487138,-0.00038257745396257076
0.13182323697426762,-0.06953440186475855,0.2569901921619713,-0.0990344215013164,0.042267678061260694,-0.035474309460213335,-0.0182725890817648,0.028586504480927696,1.0014321733253082,-0.0014171307860505744,0.0024482165744614055,-0.00045211185582732936
0.019740893007078472,-0.1210155526136752,0.2944557948795484,-0.09866508713478801,0.048122009116590245,-0.00896296965998246,-0.014735257991763163,0.04086761570887832,0.9979989199134527,-0.001122674991171026,0.0024679574674684843,-0.0005731274084410045
-0.013373352056616446,-0.15896087907281614,0.38936718158525874,-0.11302952558613429,0.077342208269123,-0.016126628541255496,-0.021803001652908594,0.03546991838201506,0.9993873345517693,-0.0007333078095857673,0.002454584115411868,-0.0007320882875138206
0.1157296352624973,-0.24253029613125737,0.296380344403886,-0.08953635390480892,0.054271626204101676,-0.017940412868485918,-0.021090260134703276,0.030676066012906983,0.9918592382457357,-0.0004369274651818814,0.002570313750674365,-0.0009746185836450781
-0.08244866125172239,-0.20970682884807937,0.4534036500613281,-0.03131147556682156,0.11325897122735924,-0.01640965968738598,-0.025096117983290037,0.02917864049177059,1.0007591200224042,1.6476184879446743e-05,0.0024878650894226426,-0.0011843254124931576
0.02186059052075624,-0.21805983402806756,0.43603570323083213,-0.04165064598564823,0.07671787377189979,0.04092234787178686,-0.023583756610500824,0.02858359328474843,1.0057953145628726,0.0004525118881102789,0.002509725679943399,-0.0014023852465212252
-0.03087054531094638,-0.2288794413527172,0.4823718901193386,-0.07003647049427124,0.10432620682091298,0.0463808037909799,-0.02834238132991873,0.04294756344370413,0.997413240647063,0.0009348837782296176,0.002478855134632452,-0.0016312646878739422
-0.03935771708471988,-0.30361460089993386,0.49875751234472815,-0.048935686059958565,0.06983288056366709,0.012752704629166842,-0.016951025440395333,0.035112185734104906,1.0001515984719727,0.0014336412905743457,0.0024394974175477326,-0.0019348792887738761
-0.03245987716164288,-0.3404490151060718,0.45122419970240835,-0.043805104816891434,0.08826473815600204,0.042236192564434644,-0.019402378699944454,0.03653042426985525,0.9939428125524827,0.0018848654902767538,0.0024070375403860895,-0.002275328303879948
-0.08066033283629831,-0.3065464130296778,0.41176469726367004,-0.04087838653447483,0.06489532412261349,0.1418409539324032,-0.02663510772032783,0.031574979205349275,0.9926198786524258,0.002296630187540424,0.0023263772075497913,-0.002581874716909626
-0.07416775759209193,-0.4324078272715625,0.39805968726195423,0.005195815175643277,0.06303784895152989,0.08390627284731211,-0.023188241429945505,0.04154317023832427,1.0005545569411174,0.0026946898748023787,0.0022522094499576994,-0.0030142825441811885
-0.08030048957036195,-0.17302858131820686,0.35649928039449746,0.018472454195637145,0.05732228862355215,0.08631419683644607,-0.019435818736790168,0.03803978838047175,1.0000868971657677,0.003051189155196876,0.0021719089603873375,-0.0031873111254993956
-0.18347521210418077,-0.3257050292312683,0.23929261042152775,-0.004090321768627175,0.09795153262923346,0.07285839499229115,-0.014130818612391977,0.03968644548494761,1.0023295956302989,0.0032904817656184034,0.0019884337482831567,-0.003513016154730663
-0.14361150106181927,-0.10015932874874331,0.3191049337076728,0.03990416150539673,0.08052417738203613,0.10188353415956325,-0.012296529120726268,0.033067318809435926,1.0022508229044416,0.0036095866993260763,0.0018448222472213375,-0.0036131754834794073
-0.1496571541994198,-0.21501384619523595,0.17112362418328794,0.09285244465911154,0.04003068817646368,0.02999677234995044,-0.03031383561710055,0.040675940036672235,0.9929738307073604,0.0037807103235093643,0.0016951650930219176,-0.003828189329674643
-0.11199898718955742,-0.2487883087515574,0.08118270946000594,0.045616798108875,0.03054589445989774,0.04017759554466436,-0.01808669318046697,0.040439724729098306,0.9980842252466726,0.00386189303296937,0.00158316610583236,-0.004076977638426201
-0.2597336754040819,-0.16761967328851157,0.007453112648692854,0.05250767997633072,0.050940779779489895,0.08733865805008244,-0.02308522459093731,0.032530615141323195,0.9884661247090027,0.0038693461456180637,0.0013234324304282783,-0.0042445973117147115
-0.17036748283349182,-0.23336497477305185,-0.01633930527964452,0.031909373878970373,0.01609695491891698,0.08505848876885123,-0.03008254903616697,0.031149275026517757,0.9930111297687246,0.003853006840338419,0.0011530649475947866,-0.0044779622864877635
-0.2114279316089004,-0.1102551565627658,-0.021416475022932493,0.07589594348740333,0.06550271857517123,0.08242759399537349,-0.015932199196442447,0.03889130179971366,0.9962258452226621,0.0038315903653154864,0.0009416370159858862,-0.004588217443050529
-0.22514662227103657,-0.09384796190962177,-0.04728725157858983,0.05621128848766293,-0.014643431504340668,0.07920786767927561,-0.01321913570457419,0.03460446241153851,1.001213498351265,0.0037843031137368963,0.0007164903937148495,-0.0046820654049601505
-0.24833490244822762,0.017114360181785714,-0.17177349737098851,0.08341528163970344,-0.03943275593205966,0.07300999654097715,-0.021460486011769173,0.035514245953552,0.9985939451363376,0.003612529616365908,0.000468155491266622,-0.004664951044778365
-0.3015605983043418,0.05885091353068405,-0.2572848120022501,0.08323431720801418,-0.03377624280431762,0.03126502299951695,-0.016607240268345373,0.03508560337680662,1.0034047292115054,0.003355244804363658,0.00016659489296228015,-0.00460610013124768
-0.20097866045655288,-0.08324429716124539,-0.19291165520158088,0.07381649706714331,-0.08095624207928294,0.06456293022072365,-0.02389701123739787,0.041182160499096225,0.9969924936638803,0.003162333149162077,-3.4383767494272745e-05,-0.004689344428408927
-0.04285271102305033,0.1375342596047598,-0.3015450354256536,0.06820176031701236,-0.07321978607188785,0.041392566093382675,-0.019393949079425776,0.03668376952314914,0.995482403233558,0.0028607881137364235,-7.723647851732307e-05,-0.004551810168804168
-0.24509819154846754,0.10875300237723878,-0.27372641248450214,0.08078614734598949,0.004771371221574879,0.028069125682155797,-0.014592527155758319,0.02903583322257959,1.0004027120666803,0.0025870617012519214,-0.0003223346700657907,-0.004443057166426928
-0.22205029945983393,0.17036362514422446,-0.24888309536880143,0.07470392418701507,-0.07325543051834632,0.023491751817761697,-0.019318060258934667,0.03942155155388851,1.0054875838100805,0.00233817860588312,-0.0005443849695256246,-0.004272693541282704
-0.2235988095003688,0.13458007219015064,-0.23744331185672274,0.10527160692417072,-0.06995720150296535,0.051319142017405735,-0.023891592415710577,0.03949616064062624,0.9951166229553857,0.0021007352940263973,-0.0007679837790259933,-0.0041381134690925536
-0.11726235736834018,0.25187876356249406,-0.18956579964169695,0.09515846717539463,-0.13099328000658383,0.029246203378630493,-0.019893181920188244,0.03110776930230252,0.9924670438743248,0.0019111694943847004,-0.0008852461363943337,-0.003886234705530059
-0.09243369378047085,0.17787768827881856,-0.28729954086803755,0.0409239590740558,-0.08803090298042446,0.028188518309239616,-0.023248437446189495,0.034762543316414,0.9997929963886742,0.001623869953516663,-0.0009776798301748045,-0.0037083570172512406
-0.09521453897945018,0.2779804975788102,-0.18193460277797513,0.06409628595065106,-0.05370838364721539,-0.00678256703861946,-0.02304169433997647,0.03655851078485665,1.0083802975776008,0.001441935350738688,-0.0010728943691542545,-0.0034303765196724307
-0.1259852658817399,0.31565630138034867,-0.11141453996894096,0.011997982017480122,-0.1143764171203356,-0.037748814130277544,-0.015010800110075342,0.04487436593747344,1.000896256584587,0.0013305208107697469,-0.0011988796350359946,-0.003114720218292082
-0.07860257790641598,0.2786750395149334,-0.029734008992427327,0.06456814901724857,-0.12231999477931464,-0.06055470355266245,-0.017941703017590887,0.028462251159372738,0.9991999563665461,0.0013007868017773196,-0.0012774822129424104,-0.002836045178777148
-0.08132353006534855,0.44217026128382175,-0.14725630108511967,-0.004312753910684775,-0.08507683590091741,-0.007593871844290627,-0.019549461775584896,0.03860741188971475,0.9959528752438926,0.0011535305006921998,-0.0013588057430077589,-0.002393874917493327
-0.10788763747717849,0.328683527781197,-0.006766462715310655,-0.009101180063501205,-0.12742957058553456,-0.0319514295275787,-0.028996497589125477,0.03086786732580333,0.9973609873423691,0.0011467640379768892,-0.0014666933804849374,-0.00206519138971213
0.04567379577955579,0.28621427233519015,0.09527503049929528,-0.002324429550954594,-0.10453193825956837,-0.06632547648266365,-0.023646775199988975,0.04053668331822362,1.0053362625688707,0.0012420390684761845,-0.0014210195847053815,-0.0017789771173769395
-0.07149053164868777,0.1750527362292885,0.1730984181843928,-0.01181996178004512,-0.12972117100937597,-0.03244371705446276,-0.019022349971311105,0.038095602841708154,0.9971108841789433,0.0014151374866605774,-0.0014925101163540695,-0.0016039243811476513
-0.04824851862148666,0.32766858416615713,0.14131448799246263,-0.029729015580582736,-0.09986444775266531,0.021079973003873743,-0.02223188889305421,0.03105907051619739,1.0043554542907667,0.00155645197465304,-0.0015407586349755562,-0.0012762557969814943
0.06148999379467157,0.32615147998527416,0.20046795300026435,-0.01928241280193802,-0.03598727855296084,-0.062230889901170934,-0.018388165462031335,0.030325547882771725,0.9995696230459512,0.0017569199276533044,-0.0014792686411808844,-0.00095010431699622
0.10755195551141691,0.16595639470923573,0.13056679220115824,-0.04358023578051615,-0.09513966154269535,-0.04932659248849707,-0.016483114401929243,0.03282615816200808,0.9940642353211833,0.0018874867198544626,-0.0013717166856694676,-0.0007841479222869841
0.1276311841780007,0.26879333568739,0.25358263204386133,-0.059821106344390716,-0.0676399945244978,0.036512266500195234,-0.013125622923966667,0.03474985945124459,0.9972264138630075,0.0021410693518983236,-0.001244085501491467,-0.0005153545865995941
0.07745298274739575,0.09592264438737491,0.2659719470602625,-0.08643088576833073,-0.035944407796802066,-0.032560508627989974,-0.024893125776106792,0.039072432851998976,0.9984051575126404,0.0024070412989585866,-0.0011666325187440713,-0.00041943194221221916
0.1595577293453505,0.16078265967838612,0.21423459401567257,-0.0037937223612798127,-0.034996171139887705,-0.029452012327414567,-0.02693639929759259,0.034357383892581424,0.99402409900935,0.002621275892974259,-0.0010070747893987208,-0.0002586492825338331
0.12388292851539026,0.08324724204811293,0.350616849911022,-0.02603933321358785,-0.04984823093315864,0.010789596511467872,-0.01471450692191979,0.03392527978555898,1.0036397343470458,0.002971892742885281,-0.0008831918608833305,-0.00017540204048572015
0.18899944041694186,0.20779175719228893,0.24584853494387623,-0.06844895478102725,-0.05636626843264636,0.055231596354553394,-0.01588816986399665,0.03166143200590411,1.0005660920217005,0.0032177412778291573,-0.0006941924204663885,3.238971670656879e-05
0.21913416573317157,0.1188975677438977,0.23943274474560705,-0.07037047789226225,-0.019191536775891714,0.007671597139623449,-0.01961316781661177,0.032755378389591534,1.0028307869947095,0.003457174022574765,-0.000475058254733217,0.0001512872844504665
0.11306827758957441,0.006956151661406885,0.16401204793897003,-0.034781362951155276,0.03752992399068772,0.0007404516290399031,-0.02053335067525822,0.0327934712445076,0.9924551056721009,0.0036211860705137352,-0.0003619899771436426,0.0001582434361118734
0.25263980814448117,-0.1271223486794405,0.15288628705850257,-0.04619600420028168,0.03387830306105104,0.06745956039946384,-0.016078945856805395,0.04106047912200403,0.9959771446055127,0.0037740723575722373,-0.0001093501689991614,3.112108743243289e-05
0.22077077015686583,0.01934846443675066,0.11559866301832704,-0.05895374879852497,0.07363189684164065,0.03659721412370422,-0.015722268558927444,0.041911057189708716,0.9969413346199515,0.0038896710205905643,0.00011142060115770444,5.046955186918355e-05
0.1555987780933509,-0.089040583901757,0.16861653696566425,-0.06424308977105662,0.029787363841787207,0.009278391404808217,-0.018934893490137286,0.03172635338009841,0.9940975732054212,0.004058287557556229,0.0002670193792510553,-3.857103203257345e-05
0.20999731139296973,-0.17774649799610595,0.1018999848666565,-0.02770377799809278,0.0695952256383748,0.03025698623679938,-0.020334726181323686,0.03999247950914098,0.9991694900497354,0.004160187542422885,0.0004770166906440251,-0.00021631753002867942
0.1500836300616583,-0.06227653291168947,0.012417071308696515,0.00045180235406709623,0.09201498636196623,0.07668391939258384,-0.020154982923544257,0.04201237427717452,0.9987841359842607,0.004172604613731582,0.0006271003207056834,-0.00027859406294036886
0.1259505196477848,-0.23644504069071265,-0.11328004916893285,0.005144444912076352,0.02895571314842854,0.06140134719211071,-0.024370298337256024,0.04227904895371662,0.9957426171351279,0.004059324564562649,0.0007530508403534681,-0.0005150391036310816
0.1624951277384544,-0.18302966392615094,-0.08535044619156135,-0.0013111042586752518,0.09226081705076777,0.07504622993369225,-0.01837634200423584,0.029243910954202985,1.0004253429935968,0.003973974118371088,0.0009155459680919225,-0.0006980687675572325
0.1536585940853997,-0.1925626161214272,-0.16302737106650467,-0.0033011831167452464,0.11397719099869914,0.0754467400914686,-0.020891985707375247,0.03705434954844526,0.9973193960126768,0.0038109467473045836,0.0010692045621773223,-0.0008906313836786598
0.1806972941438649,-0.26702999107533654,-0.2334735904914323,-0.005127183253091069,0.0911436816516835,0.0357537157908386,-0.013056600185192738,0.03656452024240616,1.0089903644457314,0.0035774731568131513,0.0012499018563211872,-0.0011576613747539964
0.2749220582207317,-0.22953961332316744,-0.27493233118245974,-0.031023134243962004,0.1429078390982853,0.05942589443249391,-0.02337648166558949,0.044386987169401,0.9999225436242964,0.0033025408256306915,0.001524823914541919,-0.001387200988077164
0.21374378255199694,-0.15708176876071436,-0.3539339421330661,-0.012257083779658978,0.09449565114514757,0.010607078265243054,-0.02398891780909207,0.03931103895419614,0.9932365334367321,0.0029486068834976248,0.001738567697093916,-0.0015442827568378783
0.19734167910988828,-0.11480261576721743,-0.44755867883125955,0.020115470947924843,0.06835070578974921,0.06200807903248748,-0.01721051943495915,0.03770866258848554,1.0030718477924412,0.0025010482046663655,0.0019359093762038042,-0.001659085372605096
0.2493317111438994,-0.0931882653404393,-0.30362654434992054,0.04670241041209787,0.12459433846469717,0.014171635628166519,-0.019275540028392796,0.036173559950611264,1.0025072483441535,0.0021974216603164445,0.002185241087347704,-0.001752273637945535
0.08802852764819763,-0.07631913393064993,-0.4960276728877103,0.04078654677984264,0.12994495288458432,-0.002001197019648732,-0.024787303076594203,0.03327049197489583,0.9991630953609411,0.0017013939874287343,0.0022732696149959015,-0.001828592771876185
0.11337996386611465,-0.03621465446014398,-0.5227957091683021,0.06638757741701296,0.11388644056789982,0.005078464744758754,-0.02565520534123302,0.04449360152470514,1.003194655723579,0.0011785982782604322,0.0023866495788620163,-0.001864807426336329
0.12748043581951002,-0.10651002644089277,-0.4377683967793179,0.012810828805445096,0.12967110864787365,0.028814643169569117,-0.021586728211999234,0.04358615181339698,1.0030669463237554,0.0007408298814811143,0.0025141300146815262,-0.0019713174527772217
0.05142006713205299,-0.14954102474778336,-0.46919272166721093,0.012627516303828119,0.11740097264693339,-0.016251363971932963,-0.01489164997597936,0.03022946369616089,1.0033319985754228,0.00027163715981390324,0.002565550081813579,-0.002120858477525005
-0.05688852108747158,-0.036545618046533314,-0.507666763062585,0.04035805613281998,0.11469038158391438,-0.0041837709434973235,-0.017753112294806073,0.04012675955871341,0.995351437012906,-0.0002360296032486817,0.0025086615607261076,-0.0021574040955715384
0.027982837157133362,-0.017595635103210792,-0.351196959502493,0.06263790568414865,0.08086983111881116,-0.02312850801719541,-0.030692806107170657,0.03189977669028777,1.0014544914049668,-0.0005872265627511748,0.0025366443978832413,-0.0021749997306747494
0.08647213161998099,0.05262779202415115,-0.2843278349434974,0.00991961965586826,0.059439185667860314,-0.030077616307409197,-0.023520344834104173,0.039762994577394,0.9990601951658363,-0.0008715543976946723,0.002623116529503222,-0.002122371938650598
-0.12819753983500787,0.014028670701587222,-0.08872993054797579,0.016439272932810767,0.045348354962936835,-0.0522346813179835,-0.014120122606090444,0.02721219459231285,0.9933099227444706,-0.0009602843282426482,0.002494918989668214,-0.0021083432679490106
-0.01662580284080538,0.02259224280463646,-0.02725629643109359,0.04105328294474192,0.08132414384823244,-0.06821480172239493,-0.014239057589929424,0.04444557033918893,1.0054492858884023,-0.0009875406246737416,0.002478293186827409,-0.0020857510251443743
-0.022818917005214833,0.05238970482133805,-0.1610640262949144,0.0072447493950235885,0.02431671558778948,-0.03876324916224784,-0.022103607651533484,0.03354940751058513,0.9920277892525997,-0.001148604650968656,0.0024554742698221937,-0.0020333613203230363
-0.12504310036617736,0.07403673880181881,0.034505235476325245,0.028993383806275357,0.04783610472913159,-0.05997869897590228,-0.020371763222795675,0.037970433159230266,1.0062415288442452,-0.0011140994154923308,0.0023304311694560165,-0.0019593245815212176
-0.10009868502181136,0.12815792308481774,0.07495032136023096,0.05852891033089862,0.005336966219814145,-0.06298506401952231,-0.02711090023864217,0.0406611521964456,0.9934334435443114,-0.0010391490941321,0.0022303324844342052,-0.0018311666584363995
-0.15543032789624714,0.08659603886620405,0.1666817282687601,0.010389891042957778,-0.006261115224617657,-0.05915741931214454,-0.008907040353523169,0.043163829886500985,0.9982692579263804,-0.0008724673658633397,0.002074902156537958,-0.0017445706195701957
-0.1780900179790217,0.21099328922053498,0.17887125909389,-0.007775501513699547,0.018952250480911564,-0.06747764852454179,-0.0170499428184181,0.03779591503154878,0.9979264655866419,-0.0006935961067694497,0.0018968121385589364,-0.0015335773303496605
-0.19497086565224328,0.15447907640774683,0.20064081197516842,0.0010142124639426608,-0.05928762343507509,-0.02373795226968009,-0.02259852963941205,0.043222681044980046,0.9934760831821314,-0.0004929552947942813,0.0017018412729066928,-0.0013790982539419138
-0.08249852820076031,0.2266089362330259,0.20367994783137894,-0.06291774251570853,-0.037563189447249304,-0.07236240455209052,-0.011968838723145962,0.03365140360214445,1.0024024994880283,-0.0002892753469629024,0.0016193427447059327,-0.0011524893177088879
-0.26414223965469935,0.2003614238807117,0.34344697923789697,-0.03080016528536404,-0.011051975615404988,-0.03298535631401395,-0.021493854992106372,0.03845689047902207,1.0079480620500305,5.417163227499461e-05,0.0013552005050512335,-0.0009521278938281761
-0.13294887028557525,0.08235477528613383,0.3739346483885189,-0.08159753576006429,-0.03659035679879523,-0.0807616241644234,-0.017277548397743998,0.03716753886198437,0.9979003475587518,0.0004281062806635135,0.0012222516347656582,-0.0008697731185420423
-0.018535664729440682,0.12363814800183409,0.4728031996344276,-0.05075124711614885,-0.045042124991419775,-0.05891543125755475,-0.016084734284837202,0.036115054404454484,0.9952970117408184,0.0009009094802979412,0.0012037159700362175,-0.0007461349705402084
-0.17762962420132755,0.24837950375439943,0.453709715463015,-0.06420115551886894,-0.07893662138600287,-0.0442833763063879,-0.0200364318003821,0.035855722443562055,0.9986439404640463,0.0013546191957609563,0.0010260863458348899,-0.0004977554667858089
-0.1338473106267427,0.18900534563099397,0.3983695341677447,-0.0952682456292748,-0.06612479478569702,-0.08331197457637762,-0.015463564791282964,0.04668416859460891,0.9961933600756807,0.001752988729928701,0.0008922390352081472,-0.0003087501211548149
-0.17050628597409967,0.146438486809709,0.45900627901003693,-0.0770214298942928,-0.05591735336101446,0.0178386505906934,-0.01850258365880162,0.044646125081273656,1.00042624298315,0.002211995008938738,0.0007217327492340475,-0.0001623116343451059
-0.08225836029600597,0.06316111535562582,0.43050756893252,-0.10749840245356045,-0.06940167778235941,-0.0013625666696879223,-0.018564225318098263,0.04406963189092835,0.995173245588373,0.002642502577871258,0.0006394743889380416,-9.915051898948007e-05
-0.10192117673840259,0.0101889849381369,0.3304337776133796,-0.08165902513931356,-0.03242810017733792,-0.015714091139374747,-0.012216082215318034,0.04629874989778523,1.0008555379807678,0.0029729363554846376,0.0005375532121996389,-8.896153405134315e-05
-0.13964105393433343,0.05722306643878284,0.3574076653228488,-0.11436635058205859,-0.05767737176179371,-0.05095892713752342,-0.02126085749096607,0.03629775517534453,0.9992839350596253,0.003330344020807486,0.0003979121582653055,-3.1738467612560306e-05
-0.11034141362052913,-0.0004198664945808117,0.309990432909799,-0.09159413608779787,-0.02846280916988433,0.00509023614421758,-0.018713938945282324,0.03199993257203431,1.0020403846558783,0.0036403344537172854,0.00028757074464477635,-3.215833410714112e-05
-0.1268967013407557,0.019261453486922736,0.30121936696216844,-0.10576153945350956,-0.037597549070881815,0.03483158966344743,-0.018558670903122375,0.03682404531613121,1.0034759809152527,0.003941553820679454,0.00016067404330402063,-1.2896880620218382e-05
-0.04545349649075773,-0.047365065936831305,0.16856165487944172,-0.14930806747926118,-0.008200850510651439,0.02205619229602479,-0.014278470510846493,0.04248347505114035,0.9998776921873982,0.0041101154755588945,0.00011522054681326292,-6.0261946557049685e-05
-0.10673633751398812,-0.10784029009538133,0.1107638566456957,-0.050700326817152946,-0.03158153702873577,0.07055186261793633,-0.018185220406395235,0.042552267427523015,0.997371982569999,0.004220879332204591,8.484209299274791e-06,-0.00016810223665243102
-0.02937835641536754,-0.1408060489073843,0.04170902668338226,-0.11058825332615493,-0.08262968975628823,0.033874385183781164,-0.027311865805625696,0.040012598130628296,1.0075065065507303,0.0042625883588879735,-2.089414711609275e-05,-0.0003089082855598153
0.025299721778080812,-0.28100738026739314,0.05028741567900413,-0.098897809015181,0.0015924776030406158,0.09818587695754731,-0.01862092189031454,0.03624209311723353,0.991525941438663,0.004312875774566978,4.405574661988064e-06,-0.0005899156658272085
0.03357077429271095,-0.277406668005761,-0.023346119619498704,-0.1004159539521754,-0.03224347926288822,0.07264380888418795,-0.014238198088627346,0.036116585432697204,0.9962139766810579,0.004289529654947479,3.7976348954699016e-05,-0.0008673223338329695
-0.04541137517485629,-0.10350214545283531,-0.08556246843044833,-0.08604020114870929,-0.0033937056343988246,0.048644495053157946,-0.014934604545929507,0.031169258272657027,0.9980570432458107,0.00420396718651703,-7.4350262201572786e-06,-0.0009708244792858049
0.030176381190794455,-0.20202184936153594,-0.19077223465533535,-0.031759718448536804,0.006303826704604354,0.07855951634413703,-0.01740457604662663,0.039189190415696816,0.998960926860636,0.004013194951861696,2.274135497063718e-05,-0.0011728463286473409
0.028565876641614696,-0.25603656542881376,-0.0652148874405725,-0.04551675931596211,0.02105812993635177,0.08430317344406754,-0.02240308724650411,0.04008317910520698,1.006125598084164,0.003947980064421123,5.1307231612251874e-05,-0.0014288828940761545
0.11267858662153518,-0.19956011461444886,-0.10941606814868517,-0.026047529103673875,0.04137389748270151,0.1466144470027146,-0.011726397985134779,0.04741513574793525,0.9949685635474907,0.003838563996272438,0.00016398581823378708,-0.0016284430086906034
0.1361225752444168,-0.19119927359243738,-0.2636843745942319,-0.04850731920372295,0.019751145718006707,0.10274312326527583,-0.014563286157574904,0.03592615772109296,1.0050339227368768,0.003574879621678206,0.0003001083934782039,-0.0018196422822830405
0.05892593308990699,-0.18477603691222955,-0.31895528086521463,-0.016285107787469798,0.018035576301401065,0.06751699962889714,-0.02259237594447526,0.037191952729291024,1.00121014309299,0.0032559243408129914,0.00035903432656811087,-0.00200441831919527
0.1239965963314693,-0.3238930212872228,-0.3366180684401312,-0.05104378771772303,0.05349640430795919,0.06945161079855651,-0.018843891089423786,0.048030744221458095,1.0002747610746505,0.0029193062723728604,0.00048303092289958023,-0.002328311340482493
0.041854145510855686,-0.37252737477216147,-0.3020085228531934,-0.07618152937212061,0.02711700794578492,0.11270025162846709,-0.022381649879152837,0.032178162776806664,0.9915202758040943,0.0026172977495196666,0.0005248850684104358,-0.0027008387152546547
0.12931483984616016,-0.2895891836426887,-0.20982506673373785,0.021428887663593292,0.060071761552097105,0.024084862504435804,-0.016757418018269472,0.04453352945354231,1.000316620081184,0.002407472682785929,0.000654199908256596,-0.0029904278988973428
0.1251267146345705,-0.3085225434138136,-0.18276965081693775,0.012839185574013132,0.06038887273524274,0.041910157457889306,-0.017030661434938726,0.03574649789495131,1.0026012625990464,0.002224703031968991,0.0007793266228911665,-0.0032989504423111566
0.17342772475173607,-0.2637357007598673,-0.10883167304243621,0.02784753176468855,0.09536426801932751,0.06023342409643701,-0.01838408988645125,0.04486058289212173,1.0041923291842212,0.0021158713589265548,0.0009527543476429024,-0.0035626861430710236
0.12716387963885087,-0.1594614471196249,-0.17241267302168783,-0.004557141954431625,0.0850713953925471,0.016190294444915057,-0.012645008564682021,0.03956903751230765,1.006917015804375,0.001943458685904867,0.0010799182272817533,-0.0037221475901906484
0.174834894318606,-0.23463154573439515,-0.06201513799884102,0.003400117095107633,0.040661391934487506,0.062208261119096525,-0.008994906250199839,0.04786825036145802,1.0016031795351301,0.001881443547906026,0.0012547531216003595,-0.003956779135925044
0.17527669634530504,-0.23559158884142004,-0.004474552214231875,0.0875495836574115,0.1171650931384391,0.017184975308150094,-0.015733722670079223,0.04520922987580018,0.9971330396269952,0.0018769689956917941,0.0014300298179456645,-0.004192370724766465
0.2041087614196318,-0.18238861941543333,-0.06896305188699016,0.07408491786689192,0.08771386006679549,-0.023598115248645253,-0.02019703701625385,0.04608458012963431,0.9944909376786916,0.001808005943804804,0.001634138579365296,-0.004374759344181897
0.13549803891984158,-0.03078562384622016,0.013507986947875389,0.07925121767732753,0.0673520148075626,-0.0037519713608787017,-0.0153830462073359,0.04795753699536898,1.0006935341905903,0.0018215139307526794,0.0017696366182851375,-0.004405544968028117
0.13226236535938854,-0.10840997993209112,0.06508183545708075,0.022812655125559106,0.11445109744895503,-0.023892258089864053,-0.022326695088808784,0.04376615782474182,1.0003343732153105,0.0018865957662097602,0.001901898983644526,-0.004513954947960208
0.10431817303354288,-0.007388820977641255,0.06388700858762777,0.04762791366372332,0.04581046360179433,-4.6430737683773524e-05,-0.021106346909512925,0.03854810657294638,1.0004225466024288,0.001950482774797388,0.002006217156678069,-0.00452134376893785
0.0911903993701769,-0.08513641270853918,0.10608132246791069,0.08663102199895192,0.07168714211361188,-0.014489562619490108,-0.020715917996897027,0.039487045120458794,1.0017125200842059,0.002056564097265299,0.002097407556048246,-0.004606480181646388
0.1217670195216386,0.04708703402808091,0.18522211987277748,0.01584493298916547,0.05714699942310571,-0.057926409403407604,-0.009057719361308232,0.0397906893368963,1.0015803068003082,0.0022417862171380766,0.002219174575569885,-0.0045593931476183075
-0.05439983103861137,0.07479656244954297,0.18321350065061703,0.07809108860618816,0.07765117158322085,-0.04846798982212682,-0.01256993601968084,0.029711954151434797,0.9878440208991619,0.0024249997177886932,0.002164774744531274,-0.004484596585168764
-0.05657434254941898,0.11849200496978414,0.3173110070853175,0.05569656259445892,0.039625050550903394,-0.040678229932513146,-0.01682836134306169,0.0374816416538662,0.989306418554702,0.0027423107248740106,0.0021082004019818547,-0.00436610458019898
0.05728954477497902,0.12289556780137204,0.22924353631182737,0.050122530344259064,1.4095518229450231e-05,-0.047970473685502384,-0.011148436523559353,0.04175244715411496,0.9906187102219189,0.002971554261185838,0.0021654899467568336,-0.004243209012397608
-0.020829618516652937,0.2261014715212481,0.3546800648383013,0.02089120070999361,-0.01409809972676268,-0.012270118915077266,-0.014683426922759583,0.037297634315201895,1.0039504907880594,0.0033262343260241386,0.0021446603282401808,-0.00401710754087636
0.08785081479533072,0.23776253421535004,0.3400064322751065,0.03805113213843152,-0.03908674144568261,-0.06688965792294975,-0.01614821657631873,0.046085087233580777,0.9944429827253988,0.0036662407582992457,0.0022325111430355113,-0.00377934500666101
0.033606088636804976,0.28271107952286423,0.2586213828430855,0.0601048877230584,-0.022679848493003578,-0.0014680704614285587,-0.0040281785962577536,0.031621189347644164,0.9935097337042025,0.003924862141142331,0.002266117231672316,-0.003496633927138146
0.006920870026813811,0.2907022021418829,0.21179387056031665,-0.014420974347398433,-0.007481972303914935,-0.014398949654863902,-0.019623110720483804,0.034923858349043914,1.0063259989835727,0.004136656011702647,0.00227303810169913,-0.0032059317249962626
-0.07931751400024048,0.3287124484825896,0.14024009301204302,0.05342877240645366,-0.027500857315600993,-0.06328761368745717,-0.011228551739663261,0.036673099010317234,0.9946224417006789,0.00427689610471469,0.002193720587698889,-0.0028772192765136734
0.08356021551090015,0.3223183025832451,0.15524154296126164,0.007362401869873528,-0.08979065547062576,-0.017015245867641596,-0.014637592986033123,0.03157679329907167,1.0005794414914213,0.004432137647675952,0.0022772808032097895,-0.002554900973930428
-0.10373337755424517,0.23922027803397494,0.15177256781630216,-0.03463772272006193,-0.07272869356732092,-0.049855539392936604,-0.0030687859683205705,0.04064553075534229,0.9903875072786109,0.004583910215492254,0.002173547425655544,-0.002315680695896453
-0.17843530803565133,0.32801097195508966,-0.04308149600761105,-0.0071472445273739,-0.10882071288459158,-0.0020221242598652787,-0.007824334753451515,0.03745985930833148,1.0022143088292543,0.004540828719484643,0.001995112117619893,-0.0019876697239413635
-0.157216509990166,0.2531588871261696,-0.03069836612052091,-0.0312204269082804,-0.05947273064562893,-0.01718365106972572,-0.0032902708450404695,0.03865007128700691,0.9978127426253076,0.004510130353364123,0.0018378956076297267,-0.0017345108368151938
-0.22398231941029462,0.3991639983987839,-0.05287179023203138,-0.06809163164229659,-0.058898142976606394,0.02224188352738618,-0.007496358555027522,0.046463067006375404,0.9972181244819192,0.004457258563132091,0.0016139132882194323,-0.0013353468384164095
-0.17806417345209333,0.3017025282647452,-0.11078914809160852,-0.07400254311006374,-0.07645097505692747,0.05094814588076614,-0.01632936487379984,0.04688947792844906,0.9960577630830602,0.004346469415040482,0.0014358491147673388,-0.0010336443101516643
-0.2593150478824968,0.3150091716335687,-0.2997495794242443,-0.04909911077783393,-0.10624466536036298,0.044912976482797635,-0.014358719872651343,0.04042478580400101,0.9987476844199594,0.004046719835616238,0.001176534066884842,-0.0007186351385180958
-0.29212673964139924,0.2046220547452965,-0.18161720412906066,-0.06756769680181703,-0.13090205793020443,0.020499975433458634,-0.010925367234062911,0.04282756900831676,0.9974660778158292,0.0038651026314871773,0.0008844073272434427,-0.0005140130837727991
-0.3011935180773782,0.1786757734169573,-0.34584238973352494,-0.058541014166014864,-0.12058130527616001,0.018536303991537037,-0.014911419056444178,0.03643857103682598,1.0010534691690807,0.0035192602417536533,0.0005832138091660643,-0.00033533731035584194
-0.27208495920002723,0.20135293169476853,-0.32591654715883406,-0.051291211985554676,-0.08528715994610465,0.017725564020443667,-0.015563540466029067,0.037852952814579614,1.0060166668633286,0.0031933436945948187,0.00031112884996603715,-0.0001339843786610734
-0.1427031113008714,0.14186255338848872,-0.4549281237773164,-0.06890343136111464,-0.10678800749900987,0.029139874911901197,-0.022057495565589676,0.043224465754062205,1.004523470188834,0.0027384155708175028,0.00016842573866516575,7.878174727415338e-06
-0.22790666940080634,0.05809465878059006,-0.3797123487471561,-0.08779564394870323,-0.11489140109897777,0.08016472990822306,-0.0136800668115516,0.043656331032061846,1.0057864969852601,0.0023587032220703467,-5.9480930735640624e-05,6.59728335080054e-05
-0.203813637197797,0.036008360235419895,-0.43811501359946187,-0.07576869517032225,-0.08151752966325544,0.02881712243790288,-0.013179294802920816,0.03982252240463031,0.9998925753194424,0.0019205882084708846,-0.00026329456793343765,0.00010198119374342529
-0.20363529874880337,0.1678222907877919,-0.34994934544469425,-0.07625196435465124,-0.07512857227885475,0.06630118771950698,-0.011609863152546437,0.0460985954718514,0.9997948117380069,0.0015706388630261905,-0.00046692986668224104,0.00026980348453121717
-0.25079594969452185,-0.06105265680902741,-0.29193256506905707,-0.06780328918900545,-0.08830845143863744,0.0859606190393482,-0.01659182647560683,0.042586227751945614,1.00226846666934,0.0012787062979571335,-0.0007177258163767629,0.00020875082772218976
-0.22406214894156307,-0.11993039727768101,-0.47213845392489373,-0.08250020500111485,-0.08403620814956264,0.07092376705954943,-0.007956167381430932,0.03231179889558366,1.006634347595282,0.0008065678440322397,-0.0009417879653183258,8.882043044450874e-05
-0.15657596448474895,-0.02850619058779825,-0.34733694700568646,-0.03917011935483489,-0.07316002929879423,0.047225923674432096,-0.02615106783310596,0.0372387319714912,0.9995027281604468,0.0004592308970265531,-0.0010983639298030748,6.03142398567105e-05
-0.2023576535738149,-0.09410726000646896,-0.3456689229478337,-0.04717816288282143,-0.04923185831678064,0.026673044780381842,-0.01124714330809601,0.03510994782444382,0.9983233963985956,0.00011356197407871942,-0.0013007215833768897,-3.379302014975847e-05
-0.14743939409257004,-0.0582060402686283,-0.33561292845197643,-0.055049808530742116,-0.04583337135844305,0.03674593549279256,-0.005584897300305364,0.031814507198379104,1.0005364940755301,-0.00022205095437325702,-0.00144816097746946,-9.199906041838676e-05
-0.1545220524260024,-0.05439592174542046,-0.28485397083990804,-0.04935405918278632,-0.027054902144399682,0.03889193290916132,-0.00779031323581438,0.040742034157287985,1.004240396208439,-0.000506904925213165,-0.0016026830298954621,-0.00014639498216380723
-0.1935850702007027,-0.239729036755365,-0.22683504749191463,0.0016397642003513312,-0.00038002378288228174,0.0015262672933032944,-0.006068282800152564,0.038592561898907043,0.9989864417350003,-0.0007337399727050796,-0.001796268100096165,-0.0003861240189191723
-0.020977322682748142,-0.09189358430103739,-0.08409486454507209,-0.035407660634636115,-0.035558257576219485,0.004518228967140986,-0.0140227302528809,0.041214125256338975,0.9968597294097159,-0.0008178348372501518,-0.001817245422778913,-0.0004780176032202097
-0.03020591514913,-0.24421616791844766,-0.005723001908081268,-6.168509817098058e-05,-0.011957312270746739,-0.010804073667419147,-0.01093400067082798,0.03240700593316828,0.9977109658107344,-0.000823557839158233,-0.0018474513379280431,-0.0007222337711386573
0.04261428019084453,-0.2615431256872012,0.05926195227837151,-0.0054975078928326555,0.027532080576325803,-0.000578745652744064,-0.004780337369706926,0.03413493746180763,0.991398416686119,-0.0007642958868798616,-0.0018048370577371986,-0.0009837768968258586
0.03794636914601188,-0.2277903378344592,0.007651138434680779,0.036822016106192734,0.011628745983591145,0.012266548712420776,-0.010761963959273294,0.03850255789566172,0.9973107022063626,-0.0007566447484451807,-0.001766890688591187,-0.0012115672346603179
0.004561478142921981,-0.07119721323856716,0.19686032992781544,-0.01023242565416965,0.06646637387285427,-0.006505393937883403,-0.01424025027318821,0.03159567091781903,1.0058823536201904,-0.0005597844185173653,-0.0017623292104482647,-0.0012827644478988851
0.05344318871696879,-0.19662673265431538,0.3425085985293652,0.017152113885934732,0.07534017110732787,-0.09154629732144139,-0.019613014219707934,0.04285276382072225,0.9996621218879568,-0.00021727581998800006,-0.0017088860217312962,-0.0014793911805532003
0.08013066617430367,-0.22161670264051517,0.22412728378038588,0.06015739120335337,0.09217753060461586,-0.03894373267918006,-0.015783364205503175,0.03745749288661395,0.9974799005209513,6.851463792385826e-06,-0.0016287553555569924,-0.0017010078831937157
0.09257385419651519,-0.15424686431464402,0.4107548861354454,0.046729337980795864,0.06278898324283644,-0.0975435829348674,-0.013156578850903936,0.046776959746107995,0.9916490320798149,0.00041760634992783123,-0.0015361815013604772,-0.0018552547475083594
0.19080388834558162,-0.05713301611419207,0.49264436496877617,-0.030262348415561555,0.10000730728212934,-0.05492112702944645,-0.011903371203728676,0.04603933923761825,1.0016835199320742,0.0009102507148966076,-0.0013453776130148956,-0.0019123877636225515
0.06097248406351525,-0.020857778940114813,0.43448142329581063,0.04849115751467044,0.06916699610312457,-0.0550164167597837,-0.013212438307570728,0.03550740192966439,1.00218698465422,0.001344732138192418,-0.0012844051289513804,-0.0019332455425626661
0.13751958612645407,-0.19876005219659756,0.45616082218282855,0.036037008884918884,0.13623100771352142,-0.04736952781706869,-0.0031162537779407234,0.035637899155841285,1.0038291356313371,0.0018008929603752465,-0.0011468855428249263,-0.002132005594759264
0.15798894265992755,-0.02756869313197645,0.35536865833494913,0.03497067804560382,0.08216758382182486,-0.07882593048531134,-0.00455411919876651,0.0422509472829885,1.00215757725923,0.002156261618710196,-0.0009888966001649986,-0.0021595742878912404
0.060973504023470404,0.05927269685367183,0.4259897732910068,0.022177745844105427,0.0946030646625349,-0.06177640614612457,-0.015097967434619532,0.03910197716315222,1.0090934689958906,0.0025822513920012026,-0.0009279230961415284,-0.002100301591037569
0.21623257931653594,0.09780960266693137,0.4687751570875483,0.007752497930895434,0.1292323491226263,-0.04398839238246504,-0.015537391845605283,0.03837700830764025,0.9876302332063548,0.0030510265490887507,-0.0007116905168249925,-0.0020024919883706374
0.21591518297566134,0.028480087003506016,0.3420820124189765,0.046102126485251776,0.15580448141470168,-0.0529453078058433,-0.01622878864238465,0.03776759623274656,1.0024531411238566,0.0033931085615077276,-0.000495775333849331,-0.0019740119013671314
0.22171257407764114,0.08752888619580868,0.3743339190923618,0.03187798321608951,0.15922106728328803,-0.09111594328704319,-0.00730619245192181,0.040748973180603505,0.9956617846916173,0.003767442480600089,-0.00027406275977168994,-0.0018864830151713225
0.3194943567021033,0.23146861443802813,0.32958434434856315,0.027027562702278643,0.1547501679742828,-0.047137649354539825,-0.009385753040123145,0.03254525012494243,0.9928733117177769,0.004097026824948652,4.5431596930413376e-05,-0.0016550144007332946
0.17525195756338127,0.09796347447862447,0.24906138213481277,0.033531252458217226,0.15092032094263108,0.0004952638859433475,-0.016184095508956137,0.03767015558438302,1.005600562337397,0.0043460882070834655,0.00022068355449379469,-0.0015570509262546701
0.24037142410418028,-0.04837674834126157,0.29397263308989013,0.004673248381761752,0.11906998205670115,-0.06986621383122223,-0.003972939596347006,0.03147649867378249,0.9981295742548334,0.004640060840173355,0.000461054978597975,-0.0016054276745959318
0.15723207892138735,0.14125032465388263,0.1853748330193866,0.008031550870930913,0.06571175290414842,-0.037693032661961355,-0.016290797826433164,0.03811973179740853,0.9946858720740916,0.0048254356731927414,0.0006182870575193623,-0.0014641773499420492
0.13536164890177121,0.12427638307152486,0.0995561343114292,0.021976897194553875,0.10739314995428222,-0.026042212359602003,-0.01678641243772257,0.03785263342705246,1.0038614051193546,0.004924991807504171,0.0007536487064211335,-0.0013399009668705244
0.268063406739282,0.16397645515074086,0.02093788032673028,-0.02847043894054136,0.06549207858207275,0.01814317843706377,-0.017236577438804496,0.037134465139212106,1.0045953175824407,0.0049459296878309016,0.0010217121131604154,-0.0011759245117197838
0.21816279920243775,0.054646278799478476,0.06410641900430811,-0.03326593781294655,0.04891492599818926,0.04047776263893164,-0.007401630308844263,0.02999285313138937,0.9982297030826968,0.00501003610683521,0.0012398749123628532,-0.001121278232920305
0.18671327322540082,0.2536478343065307,-0.09704997425490648,-0.08756297267503207,0.025000059083549492,0.03250210425219415,-0.008902319486717165,0.03477193800774297,0.9992867740487128,0.004912986132580304,0.0014265881855882543,-0.0008676303986137745
0.19397590471863463,0.2432940884261634,-0.035952884709058136,-0.05623982888962743,0.055818503689333575,0.04247090019596241,-0.005869900948384683,0.03855632563267576,1.0040624717284368,0.0048770332478712455,0.0016205640903068888,-0.0006243363101876109
0.2571688241173204,0.13320440938422623,-0.04087991965209188,-0.04304884466815069,0.05257153129787015,0.043719929658459486,-0.011413177325151843,0.039067848360812785,1.0057549166987114,0.004836153328219153,0.0018777329144242093,-0.0004911319008033847
0.1826335726683236,0.18613470538426333,-0.10296590664690129,-0.07439780353177115,0.05451271869014284,0.008850187839374237,-0.010438647076159428,0.033393026975312,1.0010825729621728,0.004733187421572253,0.0020603664870925326,-0.0003049971954191214
0.1954094190622045,0.09996777677726185,-0.18803346789632597,-0.09700985179905698,0.04140551856313155,0.10221067847655033,-0.005899165074761867,0.04025764023505409,0.9948185864702556,0.004545153953675927,0.0022557759061547374,-0.0002050294186418596
0.25500192804657873,0.07029181866977127,-0.2730290381450584,-0.1441483816484461,0.028010912057992082,0.05365596452821944,-0.014194554024334644,0.03283137436300771,0.9986519169956428,0.0042721249155308685,0.002510777834201316,-0.0001347375999720883
0.11270531420691103,0.05459645822690931,-0.3569509474409309,-0.045384289875897585,-0.025962318347502233,0.05471895220890674,-0.013585250529384887,0.04617104228308963,0.9944622739101442,0.003915173968089938,0.002623483148408228,-8.014114174517898e-05
-0.022874882081722017,0.01877168357242883,-0.20500877803714987,-0.07076850224107328,-0.04772046693570793,0.056093227301071226,-0.008899207446788826,0.03818092294709659,1.0073932457824315,0.0037101651900527883,0.002600608266326505,-6.136945817275013e-05
0.1289676359169296,-0.028666811538846808,-0.2796681304079872,-0.12553755662647212,0.055595271139482365,0.14343490964193562,-0.017356235201224115,0.04539717076583412,1.0019647979773476,0.0034304970596448015,0.002729575902243435,-9.003626971159696e-05
-0.02608954126540946,0.06134336179236325,-0.2575830081677513,-0.08771501672933327,-0.041062747875676854,0.08451646750193413,-0.015553904983855752,0.0362839278627431,0.9948821647972914,0.0031729140514770503,0.002703486360978025,-2.86929079192337e-05
0.10368128985758582,-0.05594524759833134,-0.2438228036125847,-0.09822632403055387,-0.05179051263443561,0.05466222234595638,-0.01767874364644694,0.0305368164320386,1.0035269478931172,0.002929091247864465,0.0028071676508356113,-8.463815551756504e-05
0.00594834968387049,-0.14243110634458428,-0.20851578376916846,-0.11147930130252835,-0.015255646406345214,0.10132519801131704,-0.006025637027320475,0.03249934411518421,1.0037943926588038,0.0027205754640952967,0.002813116000519481,-0.00022706926186214936
-0.04234006259631262,-0.1274675128423217,-0.19877800239755747,-0.09294439493846121,-0.06678208246673781,0.06918591369252429,0.0007594557278450993,0.03357496133546562,0.995314285314008,0.002521797461697739,0.0027707759379231693,-0.000354536774704471
0.011362308465589922,-0.11594840239322105,-0.029491573004747626,-0.04421471727707167,-0.08068936920999667,0.07748874442042394,-0.005444765277390921,0.0395258194559049,1.006371149128624,0.0024923058886929914,0.002782138246388759,-0.000470485177097692
-0.05408232256042539,-0.18526663358528214,-0.10901518336348648,-0.14270432377487302,-0.08942790488426162,0.052065674754912576,-0.007079036784709551,0.0374539428406205,0.9979011726300435,0.0023832907053295046,0.0027280559238283338,-0.0006557518106829742
-0.1283573221345004,-0.2511695402497456,-0.0013187254066614404,-0.07467912913025135,-0.07159685650465424,0.0317336829034284,-0.010743205624193659,0.045011133412085576,0.9957017851591548,0.0023819719799228435,0.0025996986016938338,-0.0009069213509327198
-0.06592748924028924,-0.17401810129897505,-0.016911921156121557,-0.06053542021492016,-0.04466226786298685,0.059180320205019114,-0.0028935454472156117,0.03562644958060237,0.9984845842501688,0.002365060058766722,0.002533771112453544,-0.001080939452231695
-0.024831511763157357,-0.1881392404329526,0.121141377755053,-0.042399633803667985,-0.07632017731646451,0.060035496222595665,-0.010620201362143863,0.034773550861628914,0.9977257484057636,0.0024862014365217753,0.0025089396006903867,-0.0012690786926646475
-0.14069917679968091,-0.3963244068522856,0.12166637857304151,-0.0343293181416711,-0.07203663033223492,0.03324866975362157,0.000800889640163888,0.028338866086313627,0.9957341116946026,0.002607867815094817,0.002368240423890706,-0.001665403099516933
-0.14422575766371193,-0.26015976971933713,0.24877751975037957,0.012147136320370764,-0.048729183410405295,-0.0006852819861753682,-0.006698878201838511,0.046252352412270395,0.9879192735205099,0.0028566453348451964,0.002224014666226994,-0.0019255628692362702
-0.01047886556599327,-0.2177780263941305,0.2625180832437216,-0.039386915350033525,-0.047567866119555394,0.0756545873732426,-0.00041401781398103105,0.043822885521955735,1.0059335832745706,0.0031191634180889184,0.002213535800661001,-0.002143340895630401
-0.11158771089879935,-0.23925606296545804,0.15441575421871437,-0.02753261711031738,-0.028867193627406036,-0.03434537748979083,-0.0025798274560095355,0.03407476570619538,1.004221220270995,0.003273579172307632,0.0021019480897622018,-0.002382596958595859
-0.2323997065130382,-0.37705326678808065,0.2965231068654892,-0.0351198436505363,0.003360384071920089,-0.031195452545196525,-0.0031763873689288086,0.037983140119742596,1.001344851578718,0.0035701022791731216,0.001869548383249163,-0.0027596502253839396
-0.10662337459557193,-0.44193449432481835,0.21102353673982743,0.005526883942817272,-0.02915224366393377,-0.01983391180744907,-0.007285749068389811,0.03190526012701742,1.0046536840864901,0.003781125815912949,0.0017629250086535911,-0.003201584719708758
-0.13240375555643247,-0.24936421654446458,0.2027517435138052,0.0016588413603394227,-0.04965205090029494,-0.0027185039341179433,-0.01286144374596109,0.04094140408154214,1.0019346432263527,0.003983877559426754,0.0016305212530971587,-0.0034509489362532218
-0.13849996013813426,-0.28470734856541696,0.27110935758612204,0.028200250706497423,-0.0073226667388015376,0.0038477970263509683,-0.006822455635264667,0.04257002224835552,1.0001769033539365,0.004254986917012877,0.0014920212929590245,-0.0037356562848186396
-0.12607821227630736,-0.2791862783354259,0.3003342734076356,0.03839170950658438,0.003737973003950507,-0.0401828304013818,-0.004093024432029482,0.03259793898760088,1.0011506965415806,0.004555321190420512,0.0013659430806827171,-0.004014842563154065
-0.16809072042153078,-0.24268629705446187,0.19513843751895313,0.020916379905496035,0.00885411578036781,-0.06627429738122738,-0.011558350923064864,0.03639636300495314,0.9963466431781707,0.0047504596279394655,0.0011978523602611865,-0.004257528860208527
-0.10122241484888295,-0.18535559429322,0.106633468833176,0.04812003291404343,0.0501079384742647,-0.08995182828000163,-0.017972744838962055,0.03948059703385867,1.0009342134847605,0.004857093096772642,0.0010966299454123036,-0.004442884454501747
-0.040721993400941764,-0.1231407329161017,0.061869378902660435,0.05906862059043357,0.007516118589881635,-0.0487017595355043,-0.016095548840716636,0.04111286294506382,0.9988142305948955,0.004918962475675302,0.0010559079520113617,-0.004566025187417848
-0.10300678193821491,-0.13303748214239197,0.02654788564580724,0.09276831008891376,0.06912019543255933,-0.043298178463760995,0.006406849970034254,0.041042927808832695,1.0065795681937566,0.004945510361321109,0.0009529011700731469,-0.00469906266956024
-0.0927487733102434,-0.08186720315075328,0.030236200784353625,0.029411609135799877,0.07395945242521779,-0.028301960924352165,-0.0017528198640777062,0.0414692370524093,0.9979672724513974,0.0049757465621054625,0.0008601523967629034,-0.0047809298727109935
-0.12931953316675804,0.08944852925412781,-0.10007129865466963,0.08932264854326166,0.08807077858896638,-0.037427738951384563,-0.003933438077477262,0.03377617844952125,1.0019577791140368,0.004875675263450794,0.0007308328635961454,-0.004691481343456865
0.06022750548651299,0.04290711895379188,-0.07303982331991785,0.07657144179453823,0.06782109211559634,-0.022101007658574937,-0.009017044052430642,0.03109003290186033,1.0090127665488646,0.004802635440130876,0.0007910603690826584,-0.004648574224503073
-0.0051533120908419,0.041545859853788066,-0.18684734703462805,0.03558792665912121,0.058766119627728236,0.008353785975374386,-0.015196459191525435,0.047195560880442265,0.9994660261316092,0.004615788093096248,0.0007859070569918166,-0.004607028364649285
-0.027270175687930873,-0.013593167983963761,-0.2079630084871031,0.05769809719196043,0.07202305241320725,-0.015673605682810586,-0.010200095565676158,0.03896118517678834,0.9917870757097237,0.004407825084609145,0.0007586368813038857,-0.004620621532633248
