motionRotationRateX(rad/s),motionRotationRateY(rad/s),motionRotationRateZ(rad/s),motionUserAccelerationX(G),motionUserAccelerationY(G),motionUserAccelerationZ(G),motionGravityX(G),motionGravityY(G),motionGravityZ(G),motionYaw(rad),motionRoll(rad),motionPitch(rad)
-0.18027634632304423,0.19250359044430768,0.2850257101651257,-0.023567487485567987,-0.07137032937270138,-0.02065612532321103,-0.01686678288017426,-0.041107830383968993,0.9642988381939428,0.0002850257101651257,-0.00018027634632304424,0.0001925035904443077
-0.1369180539191569,0.14927163001462213,0.3231445332553718,-0.02978664140741815,-0.030000477912154152,-0.037842410487723493,-0.02194704672635724,-0.043585298160947125,0.9627515700247934,0.0006081702434204975,-0.00031719440024220117,0.00034177522045892987
-0.22567885697390272,0.09878737043492691,0.4009238511313627,-0.017995823855242832,-0.08476032340569815,-0.010068770862491678,-0.021524507178228354,-0.0453421500465153,0.9627483598863377,0.0010090940945518601,-0.0005428732572161039,0.00044056259089385677
-0.13913202286139448,0.1521799103648547,0.45257879211317287,-0.039231458534307075,-0.08262486758411429,-0.03194673353876928,-0.014711204963282794,-0.03714456319806515,0.9581917311156868,0.001461672886665033,-0.0006820052800774984,0.0005927425012587115
-0.057072864057535776,0.13204893612453053,0.40560245448112375,0.0012895822578933118,-0.03783654742474718,0.023133266458870892,-0.0216587035861335,-0.03912705878594378,0.9539991271563442,0.0018672753411461572,-0.0007390781441350342,0.000724791437383242
-0.03686075136117458,0.015025340867870132,0.5519674901232279,-0.032149700093706574,-0.05584518619482666,-0.011994611693423888,-0.007518564397836566,-0.039455823164256255,0.9668032303911278,0.0024192428312693848,-0.0007759388954962088,0.000739816778251112
4.266168874611509e-06,0.06706091841708528,0.40953342067764464,-0.05766207857012987,-0.08499344628928054,-0.03977069017602068,-0.025725652584569887,-0.03858839203776488,0.9604409600516314,0.002828776251947029,-0.0007759346293273342,0.0008068776966681974
-0.017768850923554527,-0.10330389418025297,0.4861003158440817,-0.031004571446907138,-0.09384420746463085,0.02647441726233519,-0.018702510225983626,-0.03424513926184426,0.9520425879020367,0.0033148765677911106,-0.0007937034802508887,0.0007035738024879443
0.02083024275177152,-0.049476043687100055,0.3946863893053601,-0.004996189085794989,-0.049637051748870356,0.03149511864215572,-0.006944230108201513,-0.03777099171592413,0.9602843596775426,0.0037095629570964707,-0.0007728732374991173,0.0006540977588008444
-0.07740138508389405,-0.10412405094105724,0.36620522571879893,-0.026566878847490025,-0.05026291526822875,0.046956023791373105,-0.02114135229866573,-0.03812032270253586,0.9583145760285222,0.0040757681828152694,-0.0008502746225830112,0.0005499737078597871
0.014889739919218563,-0.15469802764696636,0.36198297156842457,-0.0055351766608807244,-0.029587347734412517,0.026045720456668482,-0.021538639273866105,-0.04736419851776255,0.9704162608471131,0.0044377511543836935,-0.0008353848826637927,0.0003952756802128207
0.06330088664250978,-0.14209454779521466,0.24752331095853777,-0.048723262022498944,-0.04127184532416739,0.04814392831479365,-0.02510585413279251,-0.04646397559911564,0.9542932207082068,0.004685274465342232,-0.0007720839960212829,0.000253181132417606
-0.015281805405335067,-0.13814231196750287,0.11141264632374132,0.05091448376301328,-0.031170417705466524,0.04184134282061701,-0.0165235503260478,-0.04701572421500089,0.9691168096639826,0.004796687111665974,-0.0007873658014266179,0.00011503882045010313
0.05169490631398243,-0.20466116485867344,0.014023362528885072,0.11174962892289525,0.03030978467779668,0.03244742411208562,-0.015454183111205298,-0.036851930902163016,0.9621228065573049,0.00481071047419486,-0.0007356708951126355,-8.962234440857034e-05
-0.021922769259142896,-0.24484788087333512,0.13444563638902546,0.04339283883410815,-0.02930246052746066,0.01904507677617559,-0.012956039862795407,-0.03418010867970228,0.9621624598952422,0.004945156110583885,-0.0007575936643717785,-0.00033447022528190545
0.12115928444207183,-0.07949716280331456,0.11180212543861427,0.008058505762303783,0.02053231269264217,0.07382142647033678,-0.020652406060761214,-0.040257014055368426,0.9648515757016332,0.005056958236022499,-0.0006364343799297067,-0.00041396738808522005
0.009876319816110521,-0.20562906945418397,-0.049060092098471945,0.03582248861252411,0.005126466927056192,0.041578836267372486,-0.027926437643958996,-0.04786560538321655,0.9571951077165405,0.0050078981439240266,-0.0006265580601135962,-0.000619596457539404
0.162220378332519,-0.24854546451204973,-0.03183233965056853,0.05772021483241079,0.02396626115235948,0.0658767629786465,-0.015478337276289885,-0.03231479458823355,0.9682818389551305,0.004976065804273459,-0.0004643376817810772,-0.0008681419220514536
0.06195489755278118,-0.15983193656178998,-0.17061478333015095,0.02905746162981295,-0.0006606920918966691,0.0481662298854006,-0.01593729038189312,-0.04079805467029759,0.9669809949091334,0.0048054510209433075,-0.00040238278422829603,-0.0010279738586132436
0.2313880399417828,-0.27672369407747877,-0.2778904845822928,0.08445024182899417,-0.011507723642176233,0.07799674076785186,-0.01808610224655911,-0.039854767567618535,0.9672154057415387,0.0045275605363610145,-0.0001709947442865132,-0.0013046975526907227
0.1183540648949323,-0.2231350149566417,-0.30685966210066423,0.045732187869024735,0.07989853283393814,0.03235732342512049,-0.023829874351004834,-0.04924439345509994,0.9663922940053158,0.004220700874260351,-5.264067939158087e-05,-0.0015278325676473645
0.03648914714035098,-0.23996668191257298,-0.23704565761521174,0.03117077848431715,0.05700549566309518,0.05730502442471441,-0.011162866480401617,-0.042269687738659543,0.9660421079919442,0.0039836552166451385,-1.6151532251229895e-05,-0.0017677992495599374
0.15627357512709833,0.039861996612106806,-0.29109007768004913,0.04770314698658063,0.0571817539254008,0.026932967243718978,-0.01694462531617639,-0.03851497763368592,0.9623034580053558,0.0036925651389650895,0.00014012204287586842,-0.0017279372529478308
0.14920788922886372,-0.10272618281222935,-0.2085641819143606,0.06179799593039889,0.07057084870894037,0.05762177436847601,-0.019985016495460233,-0.030363207475052154,0.9611236575614078,0.0034840009570507287,0.00028932993210473216,-0.0018306634357600601
0.07396711130274897,-0.03223176541757419,-0.22354986638080387,0.10176072134495556,0.08252789997949925,-0.0028804032940309126,-0.016213290367142526,-0.028488663083549245,0.9663152791550038,0.0032604510906699257,0.0003632970434074811,-0.0018628952011776343
0.13406563548372447,0.014425083899893418,-0.2652009913456084,0.03568529043886929,0.028010896367444336,0.047333611792394016,-0.024559104741410383,-0.04448135777389118,0.9528738733321529,0.002995250099324317,0.0004973626788912056,-0.0018484701172777407
0.17299125047761707,0.044167782999130295,-0.08226128087577558,0.07859803667730449,0.06294423141859776,-0.017402560045447234,-0.01937016641663066,-0.0352096024628906,0.9539599274068946,0.0029129888184485416,0.0006703539293688226,-0.0018043023342786105
0.13571372266150286,0.028347504200014844,-0.2863034540810407,0.059680399411627116,0.08572454389266285,-0.00022411705641614717,-0.015624828119397,-0.04622254842015442,0.9653715980207288,0.002626685364367501,0.0008060676520303255,-0.0017759548300785956
0.08784475421291488,-0.020611929152758016,-0.060311060280229256,0.06644097205135388,0.07349498669926786,-0.02137943078083309,-0.023311772406793482,-0.03645040041530161,0.9686868065231425,0.0025663743040872716,0.0008939124062432405,-0.0017965667592313537
0.07782702346514353,0.12317290721492931,-0.15938309889974778,0.04304519260065838,0.030642828677576592,-0.059144505611635624,-0.013579484984231094,-0.04151753867078784,0.9592701095715108,0.002406991205187524,0.000971739429708384,-0.0016733938520164247
-0.023386244331306358,0.24686518658201206,-0.039643183404463773,0.02764727062167384,0.029628116641681145,-0.11207752257534671,-0.0233208365099483,-0.040517168055373795,0.957436709567334,0.0023673480217830598,0.0009483531853770777,-0.0014265286654344123
0.0003005780697607069,0.11812060622636991,0.04434467099860754,0.010251065316060782,0.04182574808018403,-0.054570187326340024,-0.011345176692567226,-0.03925094301271545,0.959690443355404,0.002411692692781667,0.0009486537634468382,-0.0013084080592080424
0.04241839850619331,0.15883121156066074,0.060734055765238715,0.024671746843323305,0.020236599989999993,-0.08932129750855246,-0.022904337142547224,-0.041360484528167,0.9692602116947476,0.002472426748546906,0.0009910721619530317,-0.0011495768476473816
-0.017445751022307755,0.1146061953342141,0.21504026825793982,-0.084822322627709,0.03455953512481994,-0.09366280653798743,-0.020174635979380025,-0.04072268324353854,0.9638126359047873,0.002687467016804846,0.0009736264109307239,-0.0010349706523131673
-0.024623651832437324,0.06070170153328641,-0.0007445107283589047,-0.006397162676287881,-0.0093582647092416,-0.010042725970724137,-0.022913960736294276,-0.047936901638798185,0.9622733692279912,0.002686722506076487,0.0009490027590982865,-0.000974268950779881
-0.05459972131391318,0.21191087738157166,0.19825082988519968,0.0228673958514322,0.006126071145484332,-0.06427990134639451,-0.02159588532702871,-0.03083107842167712,0.9598355777142666,0.0028849733359616867,0.0008944030377843735,-0.0007623580733983093
0.007724236009665174,0.16633136770246937,0.13779432066619507,0.016881313807533736,-0.04170843840061515,-0.10502394350761068,-0.013358889670634467,-0.038477331716819205,0.9698339856945415,0.0030227676566278814,0.0009021272737940386,-0.0005960267056958399
0.033228948225126266,0.1058193813374114,0.2732658101581675,-0.003844876563772564,-0.03533668020791605,-0.05004082591684381,-0.01139990024519087,-0.04363852549574143,0.9652341816766562,0.0032960334667860493,0.0009353562220191648,-0.0004902073243584286
-0.10098603675299955,0.14542513575021887,0.21497452484018426,-0.05103907324539406,-0.02963119388809734,-0.044723014463010455,-0.013660433593394045,-0.030649066219573362,0.9695338436745279,0.0035110079916262334,0.0008343701852661652,-0.00034478218860820964
-0.10353138233958989,0.14473353847819548,0.30765114053395554,-0.07074089052505994,-0.09351976848121855,-0.06724072872089674,-0.018682094006700282,-0.04117652907600993,0.9662587383967414,0.0038186591321601893,0.0007308388029265753,-0.00020004865013001417
-0.24413543075127775,0.08828776122850693,0.2836682135308617,-0.06814173876961553,-0.0627420151701413,-0.05077799758489263,-0.024659901587246204,-0.037815120815333544,0.9626476716036211,0.004102327345691051,0.0004867033721752976,-0.00011176088890150722
-0.18102340172171677,0.1667290539870584,0.24665807143251847,-0.07371095372898288,-0.0830585430064272,-0.04403767264763582,-0.022179502144977097,-0.034761024889710515,0.9560726034951814,0.00434898541712357,0.00030567997045358083,5.4968165085551165e-05
-0.029301021282538572,0.07350360820657822,0.22130966746287467,-0.07696420030288112,-0.09767442685799571,-0.004485902925050524,-0.0253439587962337,-0.040611711460818586,0.9593228071243991,0.004570295084586444,0.00027637894917104225,0.0001284717732921294
-0.0676434800098531,0.15641183386267477,0.2258203423000504,-0.13158185700278652,-0.08137762892239794,-0.03145065498350655,-0.02111437722667858,-0.04898287084424526,0.9589812420866372,0.004796115426886495,0.0002087354691611891,0.0002848836071548041
-0.062000149411843355,0.03995840313760603,0.08682472224468132,-0.03887300498809279,-0.09320425847140297,-0.04056535689043037,-0.021062032516515478,-0.039907340975482965,0.9557971408421304,0.004882940149131176,0.00014673531974934579,0.0003248420102924102
-0.13866518406153341,0.04668135596430395,0.152180760094754,-0.06554079834830563,-0.08439948228789182,-0.05675067084605478,-0.011241425068812151,-0.027823193500615864,0.9768988352654796,0.0050351209092259295,8.07013568781237e-06,0.0003715233662567141
-0.16104291212594934,-0.028239698882651397,0.061407359732408975,-0.10608108531763191,-0.13989254458328773,0.0048824050540473745,-0.011346511335831599,-0.035718817616332,0.9617642547208292,0.005096528268958339,-0.00015297277643813698,0.00034328366737406275
-0.24552248329896403,-0.11271630501125622,0.08722284718009916,-0.13362417048900002,-0.10632364530666694,0.010395313587964038,-0.01846483217605024,-0.040564849210491825,0.9593188026083204,0.005183751116138438,-0.00039849525973710103,0.00023056736236280653
-0.1655717352616002,0.016642939628639025,-0.015353338150284564,-0.03755696978656322,-0.10698091503155217,-0.0018960013257767524,-0.030304183430895602,-0.0363178565042916,0.9720335739134222,0.005168397777988153,-0.0005640669949987012,0.00024721030199144556
-0.244858138898047,-0.16379348757842593,-0.12781858400313506,-0.05399433784834511,-0.16391727840466086,0.06742057580732992,-0.02253956602427292,-0.04370269349058282,0.9648346275907606,0.005040579193985018,-0.0008089251338967481,8.341681441301961e-05
-0.2605940892622783,-0.18369418250885491,-0.17321689106695715,-0.07510384937431067,-0.13369526577531995,0.013578628402459025,-0.014871463684293183,-0.0436205944568831,0.9647392352064705,0.0048673623029180605,-0.0010695192231590265,-0.00010027736809583534
-0.17833739158068984,-0.1460061090758239,-0.22016004387091803,-0.07001723832665248,-0.12677133643055483,0.016710630547419933,-0.017149934404150514,-0.027737429056017532,0.9624015703183323,0.004647202259047143,-0.0012478566147397165,-0.00024628347717165925
-0.18895709767448143,-0.29575057588114834,-0.37465473641930996,-0.031361184245618026,-0.11397467342039468,0.05926267444890998,-0.017141283891227096,-0.040280931390906646,0.9651921257167188,0.004272547522627832,-0.0014368137124141978,-0.0005420340530528076
-0.16852695959593408,-0.22047812356460977,-0.33761005335631517,-0.041871376268565734,-0.12363374619133927,0.09501566316287441,-0.024448003966802235,-0.03956590992650106,0.9598251944756562,0.003934937469271517,-0.0016053406720101318,-0.0007625121766174175
-0.19367834468227033,-0.2727151678218263,-0.37278669034247114,0.004511686601134747,-0.09364509508752329,0.11932271445914469,-0.017204383788813768,-0.04081106178114028,0.9618417300648092,0.003562150778929046,-0.001799019016692402,-0.0010352273444392437
-0.09619647291031248,-0.27603421109102366,-0.43016829002347373,0.007441011193546525,-0.07093486169109744,0.09713310662676648,-0.027369356069769785,-0.03524304489225139,0.9589219960893176,0.0031319824889055724,-0.0018952154896027145,-0.0013112615555302674
-0.16390982588556666,-0.36726621626148354,-0.4369564928253308,0.05396157358924771,-0.09245258440455904,0.08479716400098777,-0.01889431398183104,-0.04440432217317267,0.964703688958586,0.002695025996080241,-0.002059125315488281,-0.001678527771791751
-0.18156748407705198,-0.19968706970586175,-0.534646687775195,0.08189375355345949,-0.08802335481409489,0.10675011597646335,-0.02331591990410599,-0.027730168209623464,0.9695770838282027,0.0021603793083050465,-0.002240692799565333,-0.0018782148414976125
-0.1518508390610202,-0.3796265859414436,-0.42748776294211055,0.05090243173419966,-0.03652947513688135,0.09653348942055386,-0.009005034010474127,-0.04251044875772952,0.9609707134923863,0.0017328915453629357,-0.0023925436386263536,-0.002257841427439056
-0.07263417653793888,-0.32427031310066107,-0.4571200683295111,0.05141782408518247,-0.09117062892887817,0.07668276044658245,-0.024849173210643415,-0.031006597834446446,0.9617891628108896,0.0012757714770334247,-0.0024651778151642927,-0.002582111740539718
-0.04972912623590581,-0.2228441857827248,-0.41320155297324773,0.09262024196713602,0.00340398511231344,0.12149958764803685,-0.024635268564984224,-0.03317189372687959,0.9644109260308649,0.0008625699240601769,-0.002514906941400198,-0.0028049559263224424
-0.04341772667758626,-0.32850482637012,-0.3695209526724687,0.09229055809288768,-0.017584863444718712,0.05159021370876243,-0.019520684767671326,-0.03345975613201094,0.9610115502117511,0.0004930489713877081,-0.0025583246680777848,-0.003133460752692562
0.025481813655046773,-0.3203412135452851,-0.34937066073992595,0.13330308181720235,-0.02732647110732396,0.05392681499996701,-0.011032379552657809,-0.033923510219540466,0.9631821751106852,0.00014367831064778208,-0.002532842854422738,-0.003453801966237848
-0.006927740054630233,-0.2014075199262743,-0.2561879337704221,0.09302500492703693,0.030965027980778867,0.07752123911515105,-0.0255441978501929,-0.03642419398337423,0.9624484475492694,-0.00011250962312264002,-0.0025397705944773677,-0.003655209486164122
-0.08288544114380858,-0.19117938405643597,-0.1562217293978843,0.10175975012404131,0.06758106721498836,0.02851981710062365,-0.02931891771136693,-0.0387798187256365,0.9726611467919172,-0.00026873135252052435,-0.0026226560356211767,-0.0038463888702205576
0.013243307671238814,-0.11256112195681356,-0.1234560765521181,0.144987900780747,0.0028545232751376907,0.028970891835827017,-0.022069829112911842,-0.03499639935282339,0.964290929071995,-0.00039218742907264244,-0.002609412727949938,-0.003958949992177371
0.06753797901962448,-0.17729949398867104,-0.12191991453082682,0.09934665686840284,0.03941944198179869,0.01937377219342197,-0.01500834700634659,-0.034556580242700446,0.9606048945837153,-0.0005141073436034692,-0.002541874748930313,-0.004136249486166042
-0.05102573837977186,-0.11323656230014309,-0.022866200155910475,0.1093359126893435,0.08016306470488284,-0.02747864882246665,-0.020634538561208397,-0.04724812831708353,0.9691921039880584,-0.0005369735437593797,-0.0025929004873100846,-0.004249486048466185
-0.063279535637271,-0.10526970762350638,0.13274195684988555,0.10236976791648639,0.048371250584289954,-0.009619908186266577,-0.015275923612448509,-0.03837413773941868,0.9636023288561028,-0.00040423158690949416,-0.0026561800229473556,-0.004354755756089692
0.04032319410299262,0.08328276471809525,0.18530516718655682,0.0724329983930599,0.07262390009566413,0.012860890178661395,-0.02613235407656196,-0.03508743885098776,0.9587139489421416,-0.00021892641972293733,-0.002615856828844363,-0.004271472991371596
0.1532061640782294,-0.040618564157560516,0.286612491344257,0.08425058925728003,0.06372282377410084,-0.018851738383750177,-0.018888299615996453,-0.048859963334253124,0.9597418851236714,6.768607162131968e-05,-0.002462650664766134,-0.004312091555529157
0.10759536950854308,0.15369535884233015,0.2547192939396507,0.09124231113236306,0.08620542555124282,0.0037938600698458006,-0.016766478415168554,-0.04706926515920369,0.9596258427132022,0.0003224053655609704,-0.002355055295257591,-0.004158396196686827
0.18424416234436447,0.116689946763858,0.2923607900510806,0.07780822442439685,0.10947311954165388,0.0008048251734076566,-0.015751079428153052,-0.03621967461740251,0.9680102482863117,0.000614766155612051,-0.002170811132913226,-0.004041706249922969
0.12613848412605616,0.08940669562321606,0.3546527644493813,0.10707437774871671,0.09632930954063475,-0.022167841922100154,-0.024261873790054667,-0.033861245500232034,0.9615273143087599,0.0009694189200614323,-0.00204467264878717,-0.003952299554299753
0.14271307399483923,0.1663050707101067,0.3527549649989462,0.07008191281831823,0.09058696937570325,-0.0552472782542466,-0.03526588166192163,-0.040517260973607354,0.9715059807280566,0.0013221738850603786,-0.0019019595747923304,-0.0037859944835896466
0.2976614472184869,0.2828956360829938,0.46410564582706254,0.10499637248230562,0.07642999156895953,-0.04047241729337151,-0.016408284248741366,-0.04451326292628569,0.9525680215296598,0.001786279530887441,-0.0016042981275738435,-0.003503098847506653
0.21404354133489611,0.30368729855650467,0.42801295632091174,0.09655829401306308,0.07247274901864031,-0.027310006682000218,-0.018896843228131753,-0.04131044097720886,0.9613571405950576,0.0022142924872083527,-0.0013902545862389474,-0.003199411548950148
0.2122620075345448,0.3585266430216163,0.4400378989890067,0.06630382485264233,0.10301666175560609,-0.036534231196084094,-0.01719322626826645,-0.04489823792333325,0.9645987610290461,0.0026543303861973596,-0.0011779925787044026,-0.002840884905928532
0.2299144918029956,0.29964273311576867,0.5279618741549088,0.03560604165983829,0.0931171294069482,-0.0814785543525549,-0.029913031976583043,-0.04042786636899151,0.9703450494773481,0.003182292260352268,-0.0009480780869014071,-0.002541242172812763
0.27879298498159316,0.36295289564577793,0.45676074817098317,0.08031827585809459,0.11851983147509734,-0.010447994540713304,-0.023965186565911015,-0.04458263014969405,0.9562865086707356,0.0036390530085232513,-0.0006692851019198139,-0.002178289277166985
0.3011185546690808,0.35665055913354143,0.47360498426475894,-0.010124202235575027,0.10251659620682274,-0.0079308552567108,-0.01464637145123139,-0.04208242979347129,0.9607620831264028,0.00411265799278801,-0.0003681665472507331,-0.0018216387180334439
0.2913973006100289,0.33937427019929656,0.3377056956953766,-0.015312521727056183,0.12200220339258427,-0.028218138703410535,-0.022852659024785248,-0.043752963544643454,0.9618425579837225,0.004450363688483387,-7.676924664070418e-05,-0.0014822644478341474
0.3239701005989179,0.2202861537856588,0.3177544335926123,-0.024296816136663707,0.054224834674039504,-0.028420378968624822,-0.020590253110515634,-0.03435046334086305,0.9650590379488126,0.004768118122076,0.0002472008539582137,-0.0012619782940484887
0.2684118253873994,0.2602248511342941,0.35575888912397957,-0.006381077494105849,0.0489956696218185,-0.03235775339661808,-0.01946179986720041,-0.032653781856135065,0.9721741565002577,0.005123877011199979,0.000515612679345613,-0.0010017534429141944
0.29323833862827,0.25491175440324354,0.2820357588364585,0.0002774920901340381,0.04695396644922866,-0.01166926061870724,-0.0215509008041233,-0.04098099752660759,0.9614574506940273,0.005405912770036437,0.000808851017973883,-0.0007468416885109508
0.18938583966220962,0.20659663242579374,0.07205275274553703,-0.03977372895429399,0.06416669855122827,-0.021162450139379847,-0.01871530681775694,-0.04606403092558015,0.9692787587105831,0.005477965522781975,0.0009982368576360928,-0.0005402450560851571
0.30899934193859485,0.22460757030311493,0.09496095321498597,0.00564193881045293,0.05113156120247029,-0.03530582700085159,-0.02560965877847144,-0.04765929707706636,0.9630882410366526,0.00557292647599696,0.0013072361995746875,-0.0003156374857820421
0.06257900327249505,0.14070546394568617,0.03638777142305731,-0.0004851100977913119,0.04857612413269684,-0.009551835493206278,-0.02233177214775972,-0.040226567341596194,0.9641857281095901,0.005609314247420017,0.0013698152028471825,-0.00017493202183635592
0.045425783763955854,0.20936663510387607,-0.09833769419204218,-0.01184225772552855,0.014981191607182323,0.010206503011885096,-0.015740521788950353,-0.03603070823036014,0.9645834433092038,0.005510976553227975,0.0014152409866111384,3.443461326752015e-05
0.13818074251709736,0.10776919987870914,0.009346558524269091,-0.1179008335189362,-0.011888961280931446,0.029351518488639664,-0.024754846812772596,-0.035159228171555715,0.9651791795487775,0.005520323111752244,0.0015534217291282358,0.00014220381314622929
0.13826612402855784,0.17600289915027312,-0.10035325323057587,-0.03494155576474288,-0.01557764242527055,0.07040079989439212,-0.014580699151602917,-0.046132014650112775,0.9724189907753732,0.005419969858521668,0.0016916878531567936,0.00031820671229650246
0.05557880161847653,0.045608121746745216,-0.2663400620486914,-0.03499016995951923,-0.03928118397292649,-0.0031993336636719164,-0.019436522797926886,-0.038305149816573764,0.9639674834574478,0.005153629796472978,0.0017472666547752704,0.00036381483404324767
0.09342300676759119,-0.036541720933019654,-0.25262283623508724,-0.04434695551485657,-0.014667468272164825,0.03899565090813565,-0.026404096604518944,-0.03791889565582351,0.9612933088546451,0.00490100696023789,0.0018406896615428615,0.00032727311311022805
0.03544005807379945,0.07613583339366797,-0.23008430658092768,-0.03532098522735927,-0.047573077560075464,0.02190594421559871,-0.01471803624746719,-0.023727442756438698,0.9610781607058863,0.004670922653656962,0.0018761297196166608,0.000403408946503896
-0.05903898656818615,-0.10759648825153145,-0.34364289302273726,0.005621892826837047,-0.04407099621019121,0.0892408521702391,-0.020741863364531384,-0.04028445066200784,0.9628001767234247,0.004327279760634225,0.0018170907330484747,0.00029581245825236455
-0.02912948615375303,-0.05223223916526021,-0.19838509524305747,-0.015024375406000481,-0.08270577341280569,0.06750622515066398,-0.015259573371057144,-0.034623561103110066,0.958895193372947,0.004128894665391167,0.001787961246894722,0.00024358021908710433
1.8187088853930528e-05,-0.11243418284883368,-0.32310178408215545,-0.023461657147355174,-0.048974545723578934,0.031946608201912884,-0.019483628737810853,-0.0480826875370813,0.9591684726947851,0.0038057928813090116,0.001787979433983576,0.00013114603623827067
-0.07216132708020781,-0.05929136314540695,-0.33987402961527496,-0.020120776227405608,-0.10845066229398075,0.06600765613981575,-0.016636788398238105,-0.0424307990309598,0.9682264092563163,0.0034659188516937365,0.0017158181069033681,7.18546730928637e-05
-0.057729367461045844,-0.2622120280730203,-0.23125630313930207,0.0214298438091994,-0.0519947857579907,0.07259162304101457,-0.02240343151999812,-0.038429907501982205,0.9661976585200281,0.0032346625485544338,0.0016580887394423223,-0.00019035735498015662
-0.022467343761140235,-0.10639485301076207,-0.24842332693691588,-0.009360500260067985,-0.07168923429564508,0.0745529064838317,-0.023536118017616913,-0.03350897734522781,0.9687940385164304,0.002986239221617518,0.001635621395681182,-0.0002967522079909187
-0.06442666414244148,-0.1350544234593622,-0.2210743004255144,-0.023108475588358546,-0.08748421239859479,0.057327386883641994,-0.025170322236334156,-0.03264974107293678,0.9653522812770431,0.0027651649211920034,0.0015711947315387405,-0.0004318066314502809
-0.05602199857058049,-0.2197035978288419,-0.15191509757916835,0.052831686754431624,-0.051177492482853346,0.0771104742130666,-0.0196082410136019,-0.041384753137747476,0.9741841210978996,0.0026132498236128353,0.0015151727329681599,-0.0006515102292791228
-0.154185658726765,-0.23608254329988437,-0.12231129111166567,0.04077080716741616,-0.059503277643786864,0.011002553246984828,-0.017555835408446553,-0.02738318425967874,0.9600086250424621,0.0024909385325011697,0.001360987074241395,-0.0008875927725790072
-0.14442245519633018,-0.1917039064725655,-0.05332257074802653,0.038173182023172665,-0.10315192967676716,0.08688789543548471,-0.016514638417910718,-0.040089885033605235,0.9663849282880049,0.002437615961753143,0.0012165646190450648,-0.0010792966790515726
-0.14508826031147878,-0.21139737023582678,-0.043042888257057085,0.04193446053790438,-0.06648405047389447,0.059002554519177124,-0.018284317882529568,-0.02949621355355912,0.9659865453362347,0.0023945730734960856,0.001071476358733586,-0.0012906940492873992
-0.13035661115494881,-0.11205550808533496,0.03415383686356174,0.06305154541904916,-0.048555350312689455,0.01745329468199725,-0.019091031008201736,-0.04163472899655552,0.9662524714129066,0.002428726910359648,0.0009411197475786373,-0.0014027495573727343
-0.17522888913146606,-0.11154561517569897,0.08680173292310722,0.06979101845615893,-0.06620720513429332,-0.03846304653993505,-0.018063567615446672,-0.03192731075718316,0.9674476951019021,0.0025155286432827547,0.0007658908584471713,-0.0015142951725484334
-0.06601111881872035,-0.14366171916782258,0.15749319567671594,0.07957856133619157,-0.060256219545477344,-0.05870630966908961,-0.017973013455791716,-0.040521628186744395,0.9647075359695959,0.0026730218389594707,0.000699879739628451,-0.001657956891716256
-0.11406142043635223,-0.0626983613749878,0.271736195383819,0.09163892461472134,-0.06367177660063261,-0.060476357490893896,-0.021364352622982242,-0.04118175847681933,0.9598587042859034,0.00294475803434329,0.0005858183191920985,-0.001720655253091244
-0.06059854916593933,-0.021781703230338886,0.26710343155855887,-0.003254511906112591,0.009295280305993636,0.007498225139543789,-0.011662219592309628,-0.027931676007651576,0.967210915990235,0.0032118614659018482,0.0005252197700261593,-0.0017424369563215827
-0.10177915276849185,-0.009288840046309935,0.2887120589550013,0.09252991671622295,0.00742780729447688,-0.04980007260681708,-0.013500355125807474,-0.034881000571941725,0.9734415718946405,0.0035005735248568497,0.0004234406172576674,-0.0017517257963678926
-0.033168856135073116,-0.11491419082550587,0.1438337300169203,0.09158555971175784,0.019512204505737915,-0.057695209972073995,-0.023717691341388705,-0.038646320649648916,0.9654375479673213,0.0036444072548737698,0.00039027176112259434,-0.0018666399871933984
-0.060246025915089936,0.06622229576931164,0.3519663008993459,0.05920117565315276,0.029097967241501068,-0.0889823152371391,-0.018821947960846346,-0.030915670312698863,0.9686316441634962,0.003996373555773116,0.0003300257352075044,-0.0018004176914240867
-0.18034501579715104,0.006358744194567735,0.3300903238302289,0.04671056440027805,0.030467864176130257,-0.06033227646084615,-0.012687122729232971,-0.03961211526876792,0.9588540937241067,0.004326463879603344,0.00014968071941035335,-0.001794058947229519
-0.08396360419890816,0.045543137462759536,0.28864640245037654,0.06950320151389319,0.029539398129985666,-0.05563614558235725,-0.01491487485830928,-0.038638524858700486,0.9676026552950704,0.004615110282053721,6.57171152114452e-05,-0.0017485158097667595
-0.08252529026053447,0.1594357054567951,0.24756341558474787,0.09542308820300767,0.029499404769830095,-0.03341971438523028,-0.01975400198006382,-0.03554181019570883,0.9715177083979362,0.004862673697638468,-1.6808175049089284e-05,-0.0015890801043099642
-0.013131878245105165,0.07658465272477877,0.20677609706257824,0.030734402177780687,0.04944402653767103,-0.08209389563814161,-0.0255550961992232,-0.038043499839170915,0.9693665821346213,0.0050694497947010465,-2.994005329419445e-05,-0.0015124954515851857
-0.02888488143449513,0.09418192460873759,0.09042460663953383,0.019089225490595906,0.05726246487314804,-0.10441863630970216,-0.018824646438657923,-0.027702902083190803,0.9717363032080677,0.005159874401340581,-5.8824934728689576e-05,-0.001418313526976448
-0.02388268631364089,0.15575721630881492,0.09676912310893011,0.0378342529185774,0.0492579383978111,-0.1154060415184887,-0.02157953355485366,-0.03168969208380916,0.9681953266345005,0.00525664352444951,-8.270762104233047e-05,-0.001262556310667633
0.03493141203771097,0.162678992004518,0.10720782804611208,0.018676212251859746,0.0840244357090622,-0.04494242101085694,-0.023095156420873286,-0.035008466930649566,0.9657461101626034,0.005363851352495622,-4.7776209004619504e-05,-0.001099877318663115
0.04759947636302463,0.2799964308265279,-0.010462207391703717,0.03712169825556787,0.03796977376628854,-0.061318063774417515,-0.023443538564450438,-0.03324527382490176,0.9642914020103461,0.005353389145103919,-1.7673264159486641e-07,-0.0008198808878365872
0.021734423425483065,0.23960543970603468,-0.14752073404068672,-0.028273912097845674,0.06512323409638976,-0.06880727020130893,-0.021614053016822603,-0.03848615454862992,0.9712892790897105,0.005205868411063233,2.15576907838882e-05,-0.0005802754481305524
0.08475869687783487,0.21446339670980114,-0.14143054472646135,0.017854674357093925,0.07480228087793744,-0.016174520649693665,-0.00980957553923973,-0.048335046931314726,0.9690442773383439,0.005064437866336771,0.00010631638766172307,-0.0003658120514207513
0.09181390634989024,0.22999760655639756,-0.33701969518362884,0.024844827624912212,0.016067340142478553,-0.0056799561796229085,-0.019347239856362896,-0.0337781086647511,0.9697356813381065,0.004727418171153143,0.00019813029401161334,-0.00013581444486435374
-0.01664382709019077,0.1872973333205963,-0.2294459277346933,-0.02270317050001419,0.04293228581678243,0.016966956246909824,-0.021095467862505077,-0.043486120598308295,0.9697413069975404,0.004497972243418449,0.00018148646692142255,5.1482888456242576e-05
0.16606974601311364,0.08975828704752352,-0.36388950237942025,-0.08258322368977501,-0.0016666863125371564,0.006610203277967368,-0.011466131445338472,-0.034025117112815514,0.9710137226631386,0.004134082741039029,0.0003475562129345362,0.00014124117550376607
0.25462359393481304,0.21159938378647802,-0.3958290451218274,-0.08285793498005153,0.06806531608588759,0.013167115127434001,-0.010424086099089163,-0.030189303775881065,0.9650375530036943,0.0037382536959172014,0.0006021798068693493,0.00035284055929024415
0.03459339051862688,0.15134397228186536,-0.3526056317625842,-0.11052588481075305,-0.00038285274119216443,0.04605202016176398,-0.017046794437398365,-0.03918537708584257,0.9709062119636215,0.003385648064154617,0.0006367731973879762,0.0005041845315721094
0.10671793751503499,0.030186364125503018,-0.38715234809403903,-0.09077066015977779,0.030201903351119126,0.03806289888472044,-0.020941824311258295,-0.026691094454779685,0.9739208186243107,0.0029984957160605783,0.0007434911349030112,0.0005343708956976125
0.13732909530447407,0.19885834049019147,-0.4710385907449769,-0.08058331680306233,0.009764749549653612,0.08363876124675323,-0.01973304440703206,-0.040629464938587795,0.9698262589293316,0.002527457125315601,0.0008808202302074853,0.0007332292361878039
0.03317911718487773,0.12160160292442786,-0.4782240571226076,-0.03611986731697631,-0.028694259641828652,0.049221303685747606,-0.012255535435413984,-0.027869341047593955,0.960429346075562,0.0020492330681929935,0.0009139993473923631,0.0008548308391122318
0.14023164002581534,0.013928214406360086,-0.38356922738692695,-0.09772677045843593,-0.026321811223941845,0.04027034042254001,-0.017096576999927632,-0.04090857198959392,0.9714144140323635,0.0016656638408060667,0.0010542309874181784,0.0008687590535185919
0.2113943441307329,-0.11133191219052577,-0.39274408755825013,-0.07248498608673491,-0.026967987090807208,0.09644867362890852,-0.020853756276838043,-0.040900958295733716,0.9654862715178213,0.0012729197532478165,0.0012656253315489112,0.0007574271413280662
0.1321737158107649,-0.09522467444206661,-0.37617021215108726,-0.047558648430587984,-0.03466702415467046,0.08707687202319961,-0.012452900846236046,-0.03616226335085153,0.9668754914574335,0.0008967495410967292,0.0013977990473596762,0.0006622024668859996
0.15405102050909245,-0.04611332920218725,-0.3431343152030538,-0.05387142813333028,-0.050669056929038885,0.06162622654712346,-0.005795180102186142,-0.032396558414552946,0.964364297965117,0.0005536152258936754,0.0015518500678687686,0.0006160891376838123
0.20371854962647087,-0.09488998999192824,-0.31130827404199746,-0.0672475326115546,-0.0038523354155638777,0.11755960220283303,-0.009831315755548395,-0.02838537538613401,0.9632136736191865,0.00024230695185167796,0.0017555686174952395,0.0005211991476918841
0.14326416457147145,-0.15731176487670007,-0.11547502961968117,-0.07997972259018798,-0.07506227609510399,0.06915922851071102,-0.027930839153616882,-0.0326959965704242,0.9704454743599834,0.0001268319222319968,0.0018988327820667107,0.000363887382815184
0.15344718711789346,-0.1795314634468669,-0.1957297052214825,-0.07354632662818161,-0.10170583655117833,0.08186644641058921,-0.017874855388667767,-0.02869872938275423,0.9639522717594122,-6.889778298948574e-05,0.0020522799691846043,0.00018435591936831705
0.14976527783240806,-0.2691676487841053,-0.08631781223201249,-0.04224294294443768,-0.12141146784104095,0.03687646787321426,-0.016104901376435832,-0.04243807313481679,0.9718779386555247,-0.00015521559522149823,0.002202045247017012,-8.481172941578827e-05
0.032928966102434364,-0.21689668022827358,0.026270484833306754,-0.020899982096006874,-0.06651295904190518,0.11460997343679076,-0.017202957145787453,-0.03601714249482329,0.9652810407333495,-0.00012894511038819147,0.002234974213119447,-0.00030170840964406187
-0.05973055260082803,-0.31605745286669035,0.01607890877846433,-0.010884163775473098,-0.13353692025471914,0.09458009023938761,-0.0199075762878267,-0.042744700593427415,0.9734001349568578,-0.00011286620160972712,0.002175243660518619,-0.0006177658625107523
0.05567420114752574,-0.3140970028578346,0.06819116716810845,0.011089832737133008,-0.11468998008366547,0.09112865307615493,-0.015023092452872512,-0.03887861711478244,0.9808181594679475,-4.467503444161868e-05,0.0022309178616661445,-0.0009318628653685869
0.1362514908752781,-0.30763395391848536,0.13521790710949996,-0.00521209393139805,-0.1373482224294785,0.06253881831022244,-0.012841586130003085,-0.03350253997786244,0.959664443643051,9.054287266788129e-05,0.0023671693525414224,-0.0012394968192870725
0.011470566043435198,-0.29773453413566325,0.22265539361214212,-0.004008013568198099,-0.0981702062747969,0.07102497508975289,-0.013115382812682038,-0.029319142172902008,0.9721064491164961,0.0003131982662800234,0.0023786399185848576,-0.0015372313534227355
-0.009315869616116898,-0.3859627964499638,0.24219891724225093,-0.0057194919864983085,-0.09218203659819402,0.0662196638644615,-0.020214402222649832,-0.036369234856750914,0.9692749316676602,0.0005553971835222743,0.0023693240489687413,-0.0019231941498726994
0.0007618746125631903,-0.3584506406349148,0.21999156022463473,0.07115528727746491,-0.1667012362589768,0.06354909776205664,-0.016075353275402954,-0.03346703634764996,0.9619795323315532,0.0007753887437469091,0.0023700859235813044,-0.002281644790507614
-0.016860354434272126,-0.22400398770489421,0.3046647487692535,0.06165954507017888,-0.1446096018996623,0.01831502938497389,-0.009600638880772998,-0.02866260913980188,0.9740078658156966,0.0010800534925161625,0.002353225569147032,-0.0025056487782125084
-0.01883458570671158,-0.1685816403698241,0.44569670496120795,0.06323694470707085,-0.12807046991012416,0.017816090070498232,-0.020244630607884867,-0.034315287636342874,0.9746584886004581,0.0015257501974773706,0.0023343909834403205,-0.002674230418582332
-0.11203761536941081,-0.2565314684678957,0.4090560845511585,0.04859034140600355,-0.09498036584238359,-0.024383007648622564,-0.011824801673952718,-0.033415842191478105,0.9744212640125781,0.001934806282028529,0.0022223533680709095,-0.002930761887050228
-0.13271028105541907,-0.2848439502049334,0.5035788261237533,0.07082621292377095,-0.0705869374023361,0.0297670156259423,-0.013780715069410851,-0.03157363516908211,0.9666949050989647,0.002438385108152282,0.0020896430870154903,-0.0032156058372551618
-0.15272049428354875,-0.1973456012956453,0.40255839392609244,0.116298295568452,-0.09906337068384992,-0.015330525639120825,-0.009259580901601134,-0.030155260471722976,0.9636708877848964,0.002840943502078375,0.0019369225927319414,-0.0034129514385508064
-0.03848346073499723,-0.27301908539736763,0.3978060412895939,0.0828001095078314,-0.12664007020337822,-0.036646878338387714,-0.020005357974076765,-0.025946784369304705,0.9676032695837404,0.0032387495433679686,0.001898439131996944,-0.003685970523948174
-0.17224297839483219,-0.1309448308711981,0.4661343663181189,0.15975501743099374,-0.09174153332695233,-0.03410303474131754,-0.01648004564061528,-0.03332161511563821,0.9672183666149057,0.0037048839096860877,0.001726196153602112,-0.003816915354819372
-0.30192954934037114,-0.13803982804385656,0.3197300514399197,0.12932562512802634,-0.08274659993055873,-0.05792077986519301,-0.007900373363238537,-0.03140541168313966,0.9728201019573228,0.004024613961126008,0.0014242666042617409,-0.0039549551828632285
-0.2165831892609913,-0.057728544566025525,0.4073350684846675,0.11425112818976225,-0.07982702204816958,-0.04489522564141188,-0.010771546661215894,-0.030616444316123585,0.9751294387524937,0.004431949029610675,0.0012076834150007495,-0.004012683727429254
-0.2880177513058526,-0.050940235200058206,0.284398619844215,0.12402976324956248,-0.06719390517354092,-0.039814254280721086,-0.009923286992754706,-0.026001095338570125,0.9656602847242076,0.004716347649454891,0.0009196656636948968,-0.004063623962629312
-0.2724697184774109,0.038084805205802263,0.2506865036101423,0.0840772561096765,-0.028296565305885108,-0.0071381190222046965,-0.017099790518501076,-0.02868157389998007,0.9686744282038017,0.004967034153065033,0.0006471959452174858,-0.00402553915742351
-0.27009047362005945,0.06902885469127881,0.12062052052833828,0.09526964897761325,-0.011234101353128167,-0.07483735248757105,-0.015608194122619922,-0.027532897317082302,0.9654191040929804,0.005087654673593372,0.0003771054715974264,-0.003956510302732231
-0.20270508596870596,0.08717377775260828,0.033754229122601745,0.12657524154203237,-0.03405243105468316,-0.01988713698786799,-0.00866052075708363,-0.036302942646204234,0.9659211609130035,0.005121408902715973,0.0001744003856287204,-0.003869336524979623
-0.2736174176805139,0.15750052587045055,0.07373053561208273,0.10637715322090102,0.026029462555271103,-0.019937295573679695,-0.023249880098506773,-0.03739570862172993,0.9682285439640136,0.005195139438328056,-9.92170320517935e-05,-0.0037118359991091723
-0.14272558895598284,0.1272595905757228,0.04188856672238702,0.11203872096471904,0.02596568510197067,-0.0004994706181218281,-0.032845135000955684,-0.03344068092517649,0.9701147541918423,0.005237028005050444,-0.00024194262100777635,-0.003584576408533449
-0.25561590989789545,0.19958105385249264,-0.0004512080479815439,0.05647592191340946,0.018620733199116623,-0.030949544385982637,-0.01107670529047132,-0.043033222918241854,0.9721799938722747,0.005236576797002462,-0.0004975585309056718,-0.0033849953546809565
-0.2823408332065346,0.22519287400220106,-0.03115930091016042,0.10197497814863708,0.005191047411504634,-0.0237388523139141,-0.012221268531652814,-0.035743994829008856,0.977449341249654,0.005205417496092301,-0.0007798993641122064,-0.0031598024806787557
-0.1885568245961045,0.2501126202532104,-0.1584304177238393,0.05911977399215794,0.026444673578400996,-0.039161531595782444,-0.015156264329753253,-0.036653609025625006,0.9686435406404658,0.005046987078368462,-0.000968456188708311,-0.002909689860425545
-0.2099097029067871,0.34651335187010396,-0.24890412942588236,0.048594033183083064,0.055436421732893565,0.0018974381789813605,-0.018369933228318917,-0.030848617112647296,0.9683123886647316,0.004798082948942579,-0.0011783658916150982,-0.002563176508555441
0.0025805577081762787,0.23117465205991264,-0.128612808912905,0.05224064913876593,0.05454110338144653,0.021306697869787873,-0.014213099677250127,-0.036028053377699945,0.9575855080303858,0.004669470140029675,-0.0011757853339069218,-0.002332001856495529
-0.23030071680829123,0.40592261740750174,-0.2401030959810148,0.054389042800843626,0.06773229193332758,0.02445521162242422,-0.019010935932507324,-0.04020047478875552,0.9697699574723256,0.00442936704404866,-0.0014060860507152132,-0.0019260792390880272
-0.06252955607847731,0.4017574456231413,-0.24815045158034799,0.014684329364693834,0.06778546941228504,0.03651545773708144,-0.011896067089885111,-0.02784300893119845,0.9701078179677175,0.004181216592468312,-0.0014686156067936905,-0.001524321793464886
-0.11518363733502246,0.22542724549488682,-0.302059352611987,0.00866836259764434,0.091725722150392,0.02776099236333144,-0.02124981050531157,-0.03303167162840917,0.976865346071924,0.003879157239856325,-0.0015837992441287128,-0.0012988945479699991
-0.09231303457606843,0.22404841433338155,-0.16151103742295425,-0.025616886320705204,0.099267690724329,0.006075729211913411,-0.023553789009418395,-0.02231164659566936,0.9567051487439239,0.003717646202433371,-0.0016761122787047813,-0.0010748461336366174
-0.08944719666634499,0.3378014976527569,-0.20967738525142068,-0.03730075788132599,0.10627368266469754,0.002811963807663678,-0.02046759750471658,-0.02913770847288246,0.9686249006892659,0.0035079688171819503,-0.0017655594753711265,-0.0007370446359838604
0.021863940562689844,0.29050415363696497,-0.22521786337457148,-0.024737144433374117,0.10081858472663108,0.020001925796483362,-0.018703786955051475,-0.03638870008414539,0.9707336390123866,0.0032827509538073786,-0.0017436955348084364,-0.0004465404823468955
-0.0011581079464500488,0.3362858919298571,-0.18126603004355699,-0.006204986590877985,0.12409728602454166,0.06005078912189347,-0.01138991636681415,-0.031728311513790936,0.9745642096032832,0.003101484923763822,-0.0017448536427548866,-0.00011025459041703834
0.04713171238620478,0.25937969050617343,0.03344578595515643,-0.036262428047896825,0.11738443123299364,0.028719894875695436,-0.01144409472566011,-0.024243923220116897,0.9681312333014492,0.0031349307097189778,-0.0016977219303686817,0.00014912510008913512
-0.0328983770564968,0.12615170766771255,0.05193597292832762,-0.047398117881770306,0.06196597874332441,0.0840169461313368,-0.004847671615376137,-0.035797506020903806,0.9765248650421222,0.0031868666826473054,-0.0017306203074251786,0.00027527680775684765
0.08894375860529495,0.17572344878152474,-0.03439499887839109,-0.052685321375406574,0.04848669310280862,0.04359436922858934,-0.013690327724096778,-0.030858974706703606,0.9663817428831661,0.003152471683768915,-0.0016416765488198835,0.0004510002565383724
0.006633872622896483,0.10810993523189852,-0.05713643376399405,-0.009225142278066556,0.10930819365231885,0.09339043771443892,-0.011529869041024324,-0.026308829232931118,0.9748389578204217,0.0030953352500049207,-0.001635042676196987,0.0005591101917702709
0.13609336072024342,0.11970247259232208,0.03316680085288051,-0.03483993403048935,0.06768405574824327,-0.006005471787864489,-0.008306558700678148,-0.03120616465596932,0.9765352546553634,0.003128502050857801,-0.0014989493154767435,0.0006788126643625929
0.08328700150465161,0.10211322332091907,0.11638394882306316,-0.055010618124188816,0.03336582146858807,0.025887953548245198,-0.017202653904169612,-0.027328563708098122,0.9706253000690087,0.003244885999680865,-0.001415662313972092,0.0007809258876835121
0.08070441310057996,-0.09237882586459159,0.1038825610525034,-0.05696330793715378,0.08887348165586316,-0.004317775564536936,-0.01157396530275208,-0.024924355784568922,0.9630570283017204,0.003348768560733368,-0.0013349579008715118,0.0006885470618189205
0.1845081186220337,-0.0019707004479779743,0.16027714953506936,-0.004057910095098358,0.02630892188862405,0.040436097287195265,-0.021967965552906768,-0.03297698707458696,0.9764397061815092,0.0035090457102684375,-0.001150449782249478,0.0006865763613709425
0.11107443470859119,0.00742871902257676,0.18330713952157726,-0.02042041462112075,0.0449976020716253,0.01043508671711084,-0.017629424382746464,-0.03047865151532618,0.9658978482190708,0.0036923528497900143,-0.0010393753475408868,0.0006940050803935192
0.18733551819091948,-0.11740083325038692,0.270328568442419,0.02010643938177361,0.034292050663916496,-0.018663449138312208,-0.022320090694559275,-0.030825785729552073,0.9628980091612771,0.003962681418232433,-0.0008520398293499675,0.0005766042471431323
0.17204238073657147,-0.15906497489887245,0.29732173018053404,-0.032199445129412765,-0.05156843903918054,0.03074354300484862,-0.020547181735444838,-0.032555736404115805,0.9688394840723831,0.004260003148412968,-0.000679997448613396,0.0004175392722442599
0.23380444025576952,-0.19879234636444781,0.37104567002996913,0.03539707402435463,0.02209233830121924,0.012218834785264176,-0.007961329522418147,-0.024399466492681512,0.9670227280015632,0.004631048818442936,-0.00044619300835762644,0.00021874692587981208
0.307966570038438,-0.1456234139302013,0.3216361507693088,-0.053579288425017274,-0.04961901753527329,0.026530229224539147,-0.00945851909892079,-0.025384041398481737,0.9734877516745214,0.004952684969212246,-0.0001382264383191884,7.312351194961073e-05
0.23560758172349863,-0.21408783415445873,0.3039622547500891,-0.00892834221660055,0.01431852951857334,-0.06966960727058513,-0.013554453398699193,-0.023320287686096817,0.9728016393735996,0.0052566472239623345,9.738114340431023e-05,-0.000140964322204848
0.25726476514655355,-0.1345140241494617,0.13528088270053268,0.01901832556347515,-0.01065356030944664,-0.03601158434680107,-0.014175982967788058,-0.030567179214238852,0.9672342877668484,0.005391928106662867,0.0003546459085508638,-0.0002754783463543097
0.2531172521925667,-0.15415330960648563,0.17422965330455376,0.04541406354257758,-0.054618125820399474,0.013148779644100985,-0.016531348841062696,-0.022159159109912688,0.9645001950278982,0.005566157759967421,0.0006077631607434305,-0.00042963165596079537
0.20066760605021994,-0.23334395428042354,0.12744217970579166,0.01669024972299906,-0.009770010165093511,0.019855882936747338,-0.013802515744493421,-0.027962987546480272,0.9684150380025935,0.005693599939673213,0.0008084307667936504,-0.0006629756102412189
0.2519326649553199,-0.24939848207184737,0.06892196291828913,0.06247040314908915,-0.11759610988948958,-0.018335041062243727,-0.005904363062652476,-0.01803130020190556,0.9831176401874334,0.005762521902591503,0.0010603634317489705,-0.0009123740923130662
0.26748202393238707,-0.10947164107840231,0.10088059851799165,0.03158792611884531,-0.027431890664825126,-0.04665478947227982,-0.014290605804973459,-0.032981800881767886,0.974539939751943,0.005863402501109494,0.0013278454556813575,-0.0010218457333914686
0.2079905753244297,-0.25677069553747367,-0.04003190306099494,0.14223914730115936,-0.05927304899026378,-0.031220412399299423,-0.012326559785378874,-0.023849967278533057,0.9626426896913117,0.0058233705980485,0.0015358360310057874,-0.0012786164289289423
0.09940338273897133,-0.12262029562779031,-0.07621726434731324,0.03104383997504255,-0.02953673371865586,-0.05691656142792081,-0.011779096854178444,-0.022622247691240757,0.9784055913849974,0.005747153333701186,0.0016352394137447589,-0.0014012367245567325
0.20579695132542516,-0.18942196720408716,-0.1578331778178597,0.04976595597612316,-0.027620789645160213,-0.04553004151292961,-0.014523229573987108,-0.0196440794915881,0.9715694070773573,0.005589320155883325,0.001841036365070184,-0.0015906586917608196
0.20214246733949817,-0.06497108354212708,-0.2143962276220159,0.08653936063999329,-0.08197904736350033,-0.07591479233795058,-0.006908699126689257,-0.0235677144884828,0.9633912352685252,0.00537492392826131,0.002043178832409682,-0.0016556297753029467
0.1845479612816152,-0.15416868266079875,-0.2536150097239051,0.04137881395005664,-0.036492249998439766,-0.07574861974130333,-0.015474594433574403,-0.029502727781990236,0.9772458855801462,0.005121308918537405,0.0022277267936912973,-0.0018097984579637455
0.1886334859406871,-0.10315671124956734,-0.10978479977974795,0.07971300715322133,-0.04857757800036174,-0.10285015424385606,-0.008842505203067006,-0.032805989950612936,0.9709037507205703,0.005011524118757657,0.0024163602796319844,-0.0019129551692133127
0.08358002889855784,-0.0024150742695666083,-0.2974980022432297,0.06663907961136317,-0.02754118571002092,-0.06338988353812304,-0.004353494011119533,-0.0186853410572672,0.9753521685164749,0.004714026116514427,0.0024999403085305422,-0.0019153702434828793
0.07837134158226529,0.012248076274155533,-0.3289694758015258,0.047370057722961725,-0.05230750271292087,-0.054700637258897906,-0.011521654586385514,-0.029078611308758176,0.9758707752951168,0.004385056640712901,0.0025783116501128076,-0.0019031221672087238
0.13624327019997598,0.044765760413438875,-0.39665702241204953,0.07542355829459312,-0.08298557513041663,-0.03666887146554251,-0.001913976217303567,-0.024817689869429546,0.9669654519662839,0.003988399618300852,0.0027145549203127835,-0.001858356406795285
-0.008239202628863504,0.09703463817754956,-0.322161511193248,0.06736789573082089,-0.0557884803662974,0.023331680656683902,-0.015036846599552265,-0.021685759762321094,0.9770814592596128,0.0036662381071076037,0.00270631571768392,-0.0017613217686177356
-0.011415104406093446,0.0783957314097501,-0.46310387959449467,0.05719488240508282,-0.05112222346052891,-0.028597959464098474,-0.003314457664578856,-0.029398970190142943,0.9679608402278703,0.003203134227513109,0.0026949006132778266,-0.0016829260372079853
0.10812125009871398,0.12590457732934057,-0.31588034780285934,-0.016589290346133163,-0.030870984466020965,-0.060537303995101995,-0.008479085139095335,-0.03477588954284786,0.9736374402200453,0.0028872538797102497,0.0028030218633765406,-0.0015570214598786447
-0.07565156160694259,0.28369340297640144,-0.32811987341618243,0.03133079528488939,-0.035891623015365005,-0.01797966395288371,-0.017504921303954087,-0.02718940620602006,0.9664268121485575,0.002559134006294067,0.0027273703017695983,-0.0012733280569022431
-0.036499080434059604,0.10288302740618296,-0.2951540898619139,0.0024709430887776915,0.0021509291760253143,0.027142101661334336,-0.01334220014349277,-0.025152409686456514,0.9721376717083658,0.002263979916432153,0.0026908712213355385,-0.0011704450294960603
-0.13700444614828639,0.1738234459421667,-0.3510240646231422,0.019441819959800977,0.011162846209166938,0.06399029235651454,-0.0023521415933109163,-0.023987478901073805,0.9692508360323076,0.0019129558518090107,0.002553866775187252,-0.0009966215835538936
-0.009861104650391521,0.047669486441103776,-0.3369082955799507,0.04795073934047864,0.032693682103472205,0.06531127229456021,-0.009188009079954406,-0.02790760420899282,0.9731116507316309,0.00157604755622906,0.0025440056705368606,-0.0009489520971127897
-0.10285966489794035,0.21579887245080467,-0.3430241721377111,-0.044020842139131135,0.022285334244052782,0.05962867223559171,0.002994029478078102,-0.027467713634761717,0.9573375584019644,0.0012330233840913488,0.0024411460056389203,-0.000733153224661985
-0.12140143190984126,0.06058772410111496,-0.31722029621775766,-0.05388072202910241,-0.016964470383284726,0.05231883996772178,-0.010542699441890685,-0.029181868469879503,0.9810370766449983,0.000915803087873591,0.002319744573729079,-0.0006725655005608702
-0.1446067787962314,0.17133252893727294,-0.05956370391198593,-0.00133331897582031,0.031448579829786154,0.06078499042355237,-0.00895107859780169,-0.021946038542309605,0.9756620054661329,0.0008562393839616051,0.0021751377949328476,-0.0005012329716235973
-0.01413962289994472,0.12337004378467945,-0.0429122083437814,-0.026396076441812834,-0.0069272339399466575,0.12750238171955874,-0.015335716638516631,-0.02348375772318772,0.9790718766148218,0.0008133271756178236,0.002160998172032903,-0.00037786292783891786
-0.034301039119957646,0.19371419082051117,0.15737446197548643,-0.028527691055553157,0.049324173485238244,0.08497773225336364,0.0007745483012090194,-0.033428480111978943,0.9745947706653667,0.0009707016375933102,0.0021266971329129453,-0.00018414873701840667
-0.0895446735366494,0.12200626042529289,0.041040202812851416,-0.03479755725593577,0.05178541184675431,0.06495962849985937,-0.006838726476644616,-0.036901514221702944,0.9726318736912382,0.0010117418404061616,0.002037152459376296,-6.214247659311379e-05
-0.15584063971312118,0.12754499734478714,0.11709924609289807,-0.09421730081803556,0.029079095539814866,0.0718879168888981,-0.010863439801706766,-0.02443936997015257,0.9714511918437706,0.0011288410864990597,0.001881311819663175,6.540252075167336e-05
-0.11211046948670629,0.03430366663542066,0.19089573873150267,-0.08933834391495733,0.05646330719292473,0.04662994665283209,-0.004395258346238846,-0.021014086915139774,0.9796292983503155,0.0013197368252305624,0.0017692013501764685,9.970618738709401e-05
-0.1654278243194034,0.12375141237060089,0.1387160335577066,-0.07947651686295079,0.05077463191143246,0.05498536119793241,-0.005082672225575661,-0.02054238061679461,0.9727811725118223,0.001458452858788269,0.0016037735258570653,0.0002234575997576949
-0.16300887546928297,0.05361501854249234,0.2909767973839905,-0.08853413272453697,0.04246998317602349,0.08435833139485494,-0.016002326783785305,-0.02030818904713557,0.9769774074022534,0.0017494296561722596,0.0014407646503877825,0.00027707261830018726
-0.11284298140854407,0.001981294984420418,0.31412005705587204,-0.04385463824045998,0.09367797951266314,0.12484557746907339,-0.017200269386698545,-0.02075458864603742,0.9728078371683259,0.002063549713228132,0.0013279216689792382,0.00027905391328460763
-0.142394784633022,0.00678571787049553,0.3721465859428017,-0.05740744607496395,0.06931737927742616,0.07506799879769002,-0.005101486925531066,-0.028118827816118505,0.9754001944514948,0.002435696299170934,0.0011855268843462162,0.0002858396311551032
-0.04569150650660003,-0.07403300981313257,0.4554472035933777,-0.12141178919507613,0.0011792807499985411,0.05353018636659428,-0.010533143855003875,-0.03298550409104588,0.9747975414323485,0.002891143502764311,0.0011398353778396162,0.00021180662134197062
0.028017284214069307,-0.07522369316698753,0.35859244980333144,-0.06286480535235561,0.022751422839582536,0.06588678160748286,-0.006220275738381312,-0.017697205414041926,0.962428052244464,0.0032497359525676425,0.0011678526620536856,0.00013658292817498308
-0.2047515054080149,-0.14731473583709248,0.38769088321444767,-0.08349385176939063,0.04797930502169225,0.07460092922501363,-0.006100695747532083,-0.020731589422478533,0.9815697115523713,0.0036374268357820903,0.0009631011566456707,-1.0731807662109406e-05
-0.048081367940591854,-0.20377806628215936,0.48535082966095366,-0.0886075326069076,0.051242943308491766,0.010253715822096781,-0.010063888500511618,-0.02730190949666954,0.977890908582513,0.004122777665443045,0.0009150197887050788,-0.00021450987394426875
-0.13365687097872633,-0.19550599161793553,0.3098764233726401,-0.043314110929979416,0.06006988652616501,0.006190544310253411,-0.005211753399497806,-0.01861639511200397,0.9654529466468038,0.004432654088815684,0.0007813629177263524,-0.0004100158655622043
-0.036384369099785624,-0.25174793195840967,0.45650032350675607,-0.034479666433619625,-0.007114159214908439,0.056343506426911834,0.00090866225881071,-0.022845140992960603,0.9774014974946493,0.00488915441232244,0.0007449785486265669,-0.0006617637975206139
-0.04972145868118795,-0.2466955029467426,0.32470567763734065,-0.07579510414647808,-0.009094870562569357,-0.009153320048488003,-0.009683739685079261,-0.02041492519620493,0.9763754520015638,0.005213860089959781,0.000695257089945379,-0.0009084593004673564
-0.052786481241337904,-0.31850471986298007,0.3173944743678152,0.00918741588932582,-0.019744289599996818,-0.03337092987080033,-0.0019942325721173824,-0.017788399614549068,0.975155075820449,0.005531254564327596,0.0006424706087040411,-0.0012269640203303367
-0.040285465460547204,-0.31203407233156893,0.21875843994714353,-0.03765401560920977,-0.0076973500544178786,-0.035611587045142515,-0.014315393807249575,-0.03196950985614214,0.9726029614440906,0.00575001300427474,0.0006021851432434939,-0.0015389980926619055
0.028197681655888367,-0.3032169424402218,0.17440998333945987,0.03386400822496204,-0.014422132200441484,-0.022735518144956765,-0.019858972700349677,-0.02641332740658814,0.969333073873394,0.0059244229876142,0.0006303828248993822,-0.0018422150351021273
-0.030300979962857404,-0.32519384172681265,0.1470718349141592,0.011565719919062321,-0.0340980616491555,0.019820026706175067,-0.0064842567610157355,-0.015544642522662154,0.9762465619241,0.006071494822528359,0.0006000818449365247,-0.0021674088768289398
0.01917553375382257,-0.2673540553389073,0.15684253255571096,0.06587409543635143,-0.0204041136552783,-0.05842137648968047,-0.015457880807539556,-0.022663357952836173,0.9745637670123667,0.00622833735508407,0.0006192573786903473,-0.0024347629321678473
0.08768100461416511,-0.27714114385114264,0.010000362327703792,0.05729074320343725,-0.018683144047033997,-0.005764775171568282,-0.01007023653806205,-0.02216159915150795,0.9786980788954565,0.006238337717411773,0.0007069383833045125,-0.00271190407601899
0.06797974430987148,-0.26681473874252315,-0.08100819965354467,0.052494021536181906,-0.09637959651065321,-0.05986545778152339,-0.007500238112910459,-0.019869288095742104,0.9676771547037823,0.006157329517758228,0.000774918127614384,-0.0029787188147615135
0.14537139226424106,-0.30031255030993753,-0.08778895460257435,0.0604038626455518,-0.06777565644376732,-0.04574790391996753,-0.00820207603202783,-0.0206738624186928,0.9762236325797217,0.006069540563155654,0.0009202895198786249,-0.0032790313650714505
0.06689191198132635,-0.2889340208560701,-0.1512924992846871,0.05437100281099401,-0.07359999236657719,-0.04482209999387319,-0.004520399421626205,-0.016677355904554093,0.9723682577704119,0.005918248063870967,0.0009871814318599514,-0.0035679653859275206
0.1506560294742402,-0.23289414426752217,-0.1786577267236535,0.050275273248689314,-0.11608298497051255,-0.039331405775393645,-0.013727210334859487,-0.015468456530075798,0.9748317548425771,0.005739590337147314,0.0011378374613341916,-0.003800859530195043
0.05127360296022204,-0.21383649577613195,-0.2006382443088145,0.03947655533527361,-0.09183006563441078,-0.0490393096678337,-0.00961125015859608,-0.02313233586375359,0.9710930654640073,0.005538952092838499,0.0011891110642944136,-0.004014696025971176
0.2505261910950802,-0.2552010602701544,-0.32811767288422217,0.0949053623414102,-0.04809255322265557,-0.055031150273525904,-0.007872571548665476,-0.024989128753149546,0.9619401044191241,0.005210834419954277,0.001439637255389494,-0.00426989708624133
0.15707192084681787,-0.16365770013567557,-0.2512123145460082,0.09608697421291426,-0.12264920531631902,0.0074276014127321235,-0.0073893363427889715,-0.028054267546579286,0.9769238616059145,0.004959622105408269,0.0015967091762363118,-0.004433554786377005
0.1540421334685951,-0.15380078531366592,-0.295234059306941,0.09789350078230116,-0.12189959433568898,-0.0687599462114563,-0.013799201414434473,-0.029177408501478416,0.9618122348680435,0.004664388046101327,0.001750751309704907,-0.004587355571690671
0.16180498730040682,-0.012645441576094082,-0.32629488304078946,0.13134280921135555,-0.10892977665236112,-0.007833194571556118,-0.007723390637812834,-0.020091705652080516,0.9767218212120171,0.004338093163060538,0.0019125562970053137,-0.0046000010132667656
0.09840597988788774,-0.06265673834051638,-0.3453855636886746,0.09612860571389287,-0.10081395772457098,0.024589047657623174,-0.007652920893384651,-0.02346598014581152,0.9690154740435956,0.003992707599371863,0.0020109622768932013,-0.004662657751607282
0.05288880245828147,-0.01907437569763727,-0.2927594248631116,0.09717013764682145,-0.1211459356090935,-0.01370499273153142,-0.01072504751278181,-0.0229637888659438,0.971319621505662,0.0036999481745087514,0.002063851079351483,-0.004681732127304919
0.18537315262653126,0.03479878856227694,-0.1884216165684572,0.11930683143209894,-0.1295120232671161,0.03461692494194741,-0.0029794841778994115,-0.02105444407863782,0.9829051517815286,0.0035115265579402943,0.002249224231978014,-0.004646933338742642
0.1154408749078054,0.1584203916159077,-0.20767481681402172,0.03212432737207569,-0.09608192924811024,0.04510545817618436,-0.009616959611584288,-0.027663118562896855,0.9765777230235584,0.0033038517411262723,0.00236466510688582,-0.004488512947126735
0.10185803906351042,0.20938952894082238,-0.09565602860125112,0.07330417780192008,-0.08710515717106039,0.025727540450069926,-0.00978531091743998,-0.021152467902999787,0.9748064054685914,0.0032081957125250217,0.00246652314594933,-0.004279123418185912
-0.0013051887213342689,0.20004859418983842,0.059932457857305096,0.11146029201479703,-0.09592502281439125,0.03621561803051959,-0.007639370957328273,-0.01159941128451901,0.9714789202339353,0.0032681281703823267,0.0024652179572279952,-0.004079074823996074
0.14755578509498352,0.1479699222290091,-0.11302117297163522,0.09674812301806061,-0.06472731701189158,0.003463426435707193,-0.009151837146986332,-0.01876849126919139,0.9745503826414068,0.0031551069974106918,0.0026127737423229784,-0.003931104901767064
0.11122661290599402,0.22610000484380516,0.033013836664322255,0.05231912438730688,-0.08037557226394079,0.014557757992290596,-0.008905206293642155,-0.017297047888372052,0.9780666157498614,0.003188120834075014,0.002724000355228973,-0.003705004896923259
0.002317344280180926,0.13573891442391664,0.1397878619041884,0.08024452957077909,-0.05222132127344677,0.0312669518683544,-0.0021943065597976198,-0.011622920656758481,0.9690216444893709,0.0033279086959792023,0.002726317699509154,-0.003569265982499343
-0.003670239427575564,0.20985376777074308,0.18808179280872497,0.08816712485526072,-0.05730315128307022,0.008488303505451529,0.003550264332825092,-0.014089751262945519,0.9731527052475655,0.003515990488787927,0.0027226474600815782,-0.0033594122147285995
-0.06239999695958478,0.24934320620845823,0.15603559051695168,0.03374188888152792,-0.054666607735783676,0.10820612829928787,-0.010790496454920709,-0.014708476595843602,0.9724580324973907,0.0036720260793048787,0.002660247463121993,-0.0031100690085201412
-0.06303444805139706,0.31292923624775354,0.16594948809963342,0.02192722186867356,-0.030523354337731363,0.0531240758107872,-0.0013312503815512099,-0.016324130376019416,0.9710686745493781,0.0038379755674045122,0.002597213015070597,-0.002797139772272388
0.005391760377541591,0.3723194879662469,0.26367630919253404,0.01395428020818532,-0.018349593947298768,0.03472147836167594,-0.003032912303893772,-0.016452412200506642,0.9710000846424696,0.004101651876597046,0.002602604775448138,-0.002424820284306141
-0.06258931219021435,0.37526948232122825,0.23273666827840297,0.03685884374236927,0.0012418677391333567,0.09662164408188796,-0.015514723247454636,-0.018523886857455124,0.982580009942033,0.004334388544875449,0.0025400154632579243,-0.0020495508019849128
-0.11832726705380944,0.23662669576538725,0.30137004681613694,-0.015629350705562726,0.05734584804234295,0.07092888418964531,-0.00717089130808342,-0.005774947486614997,0.977079673670977,0.004635758591691587,0.0024216881962041146,-0.0018129241062195254
-0.11154222897441228,0.2940779491247987,0.2785618854367412,0.012677013472826432,-0.00943218409502139,0.07923754390607354,-0.008834803636529406,-0.016364786973535248,0.9797947248646155,0.004914320477128329,0.002310145967229702,-0.001518846157094727
-0.13269348112305213,0.28066734874739513,0.2716985008980671,-0.006032282436523437,-0.004700728586855389,0.05260730913047925,-0.0015036924569055577,-0.009287880160017716,0.9749621758353677,0.005186018978026395,0.00217745248610665,-0.0012381788083473315
-0.22322430062725906,0.27489095250418405,0.24833179871564415,-0.014128320732543428,0.04814281521585653,0.0652329957628381,-0.0014936287346865328,-0.013172460598300179,0.9806408866049052,0.00543435077674204,0.0019542281854793907,-0.0009632878558431474
-0.16245143426837905,0.3245140124768931,0.19463119065747034,-0.05336836812057767,0.03533017235903236,0.014706545969435636,-0.0017989417990665578,-0.013202835368832901,0.98557347203442,0.005628981967399509,0.0017917767512110117,-0.0006387738433662545
-0.20885884322512685,0.27621638461691583,0.1264763746991847,-0.04643639425891047,0.10152055559598323,0.06704164474833989,-0.006899573104156015,-0.013018847002625122,0.966439812015175,0.005755458342098695,0.001582917907985885,-0.0003625574587493386
-0.25933706834776205,0.26662233734710467,0.18211543952278703,-0.03137211126626467,0.0848563032353666,-0.031318867163121135,-0.0020872806401363436,-0.020321874128712638,0.9692492864806211,0.005937573781621481,0.001323580839638123,-9.593512140223392e-05
-0.1633513069411709,0.17610541431813914,0.037499246953769196,-0.05453219694612895,0.1179299372379462,-0.024565596077187835,-0.005843510146680652,-0.029158252897238293,0.9719039351748769,0.005975073028575251,0.001160229532696952,8.017029291590522e-05
-0.2660255513307997,0.08932742869028394,-0.002804629469534428,-0.08623762965501483,0.12469251752106597,0.03337122579367218,0.003054947171876204,-0.014784366250197668,0.9669545988433927,0.005972268399105716,0.0008942039813661523,0.00016949772160618917
-0.25394186449531403,0.03447613287472724,-0.10560464052642637,-0.05740019783247346,0.09241353978450467,-0.004878934989600216,0.001353891110061518,-0.015482222534259661,0.9806366509602952,0.00586666375857929,0.0006402621168708383,0.00020397385448091637
-0.18236243162229945,0.014853008745190455,-0.1744845654458588,-0.019655211532291765,0.13422937915472782,-0.023543691517928136,0.0021089084338755068,-0.0234191660722434,0.9726746646293725,0.0056921791931334315,0.00045789968524853874,0.00021882686322610684
-0.20638001690281352,-0.03763834179072459,-0.14570792952911985,-0.05035286468907642,0.11515635048690964,-0.06825730755456554,-0.00526787173668859,-0.0158728827250409,0.9824437565172532,0.005546471263604311,0.00025151966834572524,0.00018118852143538227
-0.3033172903515801,0.02137630099581469,-0.15109554467157973,0.01072557536818147,0.1223436851380973,-0.04557378760573615,-0.004089314975909107,-0.012524247403686895,0.9779466211005123,0.005395375718932731,-5.179762200585486e-05,0.00020256482243119695
-0.21880975342461573,0.044374520917955615,-0.19493595999741858,-0.030434086437570965,0.08822448387517026,-0.05944987881172235,-0.0064450287368720575,-0.013317896415727906,0.9702738843848853,0.0052004397589353124,-0.0002706073754304706,0.0002469393433491526
-0.24292459784089337,-0.018093739945056253,-0.29673919138174565,0.05426232844575039,0.09904744945934489,-0.08587088422224542,0.002631664794335613,-0.017259007610272183,0.9780499666693616,0.004903700567553567,-0.0005135319732713639,0.0002288456034040963
-0.22562947072214679,-0.10074813976577565,-0.34362726752574335,0.007827883120750338,0.1264729428886793,-0.025865215748113582,0.0006997270141368647,-0.011834913557706814,0.9798438225982865,0.004560073300027823,-0.0007391614439935107,0.00012809746363832066
-0.13681510490970833,-0.14522352759255103,-0.31146588423776544,0.009157033028899088,0.09861327037507356,-0.030974698004563622,-0.001636630275342137,-0.022528354461349025,0.9733118541226766,0.0042486074157900575,-0.000875976548903219,-1.712606395423036e-05
-0.10952034492381871,-0.15477042962253476,-0.34302361580242585,0.023555730624115902,0.039103890858655135,-0.0739126295343939,-0.005624876992221377,-0.015134252027084481,0.9792156322734181,0.003905583799987631,-0.0009854968938270378,-0.00017189649357676512
-0.08874294921707473,-0.2291224202738822,-0.4931195577968777,0.021052670916272567,0.06253345964824392,-0.03687814423382253,-0.006027829894735687,-0.008056092787822312,0.9795619021067059,0.0034124642421907536,-0.0010742398430441124,-0.0004010189138506473
-0.21996996417470802,-0.2124249959234261,-0.526271196463464,0.011334842272886983,0.08047744204809672,-0.09449677430154683,-0.0011192595191294595,-0.013160748539587576,0.975715052235391,0.0028861930457272896,-0.0012942098072188206,-0.0006134439097740734
-0.07227536618235325,-0.1575643013674218,-0.40348435845600494,0.049396257611896935,0.08356466440054817,-0.06692380658679424,-0.0005519367165829419,-0.018080211482831537,0.9762296393518737,0.0024827086872712847,-0.0013664851734011736,-0.0007710082111414952
-0.23534506312520218,-0.0986343627102685,-0.4388672182900829,0.08029040323761459,0.02528608064596372,-0.02707952994154434,-0.004327248719437111,-0.006865600788196403,0.9804846387311588,0.0020438414689812018,-0.001601830236526376,-0.0008696425738517637
0.002988399592145738,-0.19010841737158332,-0.4384712206012664,0.04242995060359299,0.040627214168631055,-0.0033731487061508542,0.003985140698839663,-0.013370439577102886,0.9757595133547132,0.0016053702483799352,-0.0015988418369342298,-0.001059750991223347
-0.12065732716508766,-0.18487534005904238,-0.29712079597555063,0.06584708102661586,0.040484279436213175,-0.04024554668753529,0.001939398308235636,-0.012895076405086307,0.9791364282565047,0.0013082494524043844,-0.0017194991640993177,-0.0012446263312823893
0.11221205678728649,-0.16418631024714536,-0.25950508234842046,0.03272023932210836,0.0531775986871959,-0.005165506721628145,-0.0008874309568945792,-0.00981148277925995,0.9638102812043492,0.001048744370055964,-0.0016072871073120312,-0.0014088126415295347
-0.08402903206419535,-0.17851341107614918,-0.3660046551872072,0.07841086222729853,-0.0057745525748988695,-0.035235526913347984,-0.0002850566200423249,-0.013258802360252765,0.9799467310829563,0.0006827397148687569,-0.0016913161393762267,-0.0015873260526056837
-0.07603486663816296,-0.17140508220796774,-0.15940803590694338,0.11534462358968539,-0.021158781341802026,0.00022559442146951984,-0.0011720597396170426,-0.014660885051799199,0.9695734961534718,0.0005233316789618135,-0.0017673510060143898,-0.001758731134813652
0.048170735158380155,-0.06522801321907051,-0.07417115646632282,0.07931736179689156,-0.05101632343766826,0.017611333353008244,0.0016233697074771974,-0.012089109841921165,0.9755223162741905,0.00044916052249549066,-0.0017191802708560093,-0.0018239591480327224
0.15065811630736867,-0.12059940130282729,-0.07057579812857062,0.05776837145493967,-0.04268978071111368,0.026302567881428096,-0.001548239930781806,-0.010639981384324843,0.9723626898090578,0.00037858472436691997,-0.001568522154548641,-0.0019445585493355498
0.05627429176692489,-0.051707789996269855,0.03984947852373659,0.0805829517596804,-0.046934434070641594,0.020140078983537434,-0.007207945639371302,0.00024390536124528975,0.9834171319037553,0.0004184342028906566,-0.0015122478627817158,-0.001996266339331819
0.08869652260245268,-0.03806503920920102,0.05643355995000461,0.07279695763010982,-0.03386635425558413,0.01424420973033711,0.004315673258683661,-0.014619676082002792,0.9823179497046465,0.0004748677628406612,-0.0014235513401792631,-0.002034331378541021
0.05568566873903575,0.05654224012236815,0.13193546680827936,0.048740035313675364,-0.08820822584630612,0.01619471547806175,-0.003555830625513789,-0.006196765919637714,0.9691314565914023,0.0006068032296489405,-0.0013678656714402274,-0.0019777891384186526
0.2026417151854522,0.09264820807972124,0.24821479153712714,0.0519172708510113,-0.032650196640981455,0.026826121837030738,-0.0005481395130955073,-0.012685083347977575,0.9773392330240191,0.0008550180211860676,-0.001165223956254775,-0.0018851409303389313
0.18269474246134107,0.013952147303556206,0.2867823096618875,0.06010551866797659,-0.10044153771923972,0.08806694836102953,-0.005612464351304684,-0.008233106560636309,0.9916742465736145,0.0011418003308479553,-0.000982529213793434,-0.0018711887830353752
0.15169032293922458,0.10540877779965022,0.23890229782758854,0.09302390705457378,-0.07105610706966868,0.07996565713381043,-0.003045422968730814,-0.012684596500712013,0.9706680033321543,0.0013807026286755438,-0.0008308388908542094,-0.0017657800052357248
0.22464594314115272,0.11229403311580566,0.36519240261508623,-0.014329154862539694,-0.05533430661171504,0.11986298004237612,0.007911370686718024,-0.012406337246993571,0.9814432246787769,0.00174589503129063,-0.0006061929477130567,-0.001653485972119919
0.29228923082567987,0.1822350875648283,0.4911704514299813,0.009518994192943265,-0.04235619104975473,0.08317644796223927,-0.003279271929037448,-0.012679848801769339,0.9780553941459652,0.002237065482720611,-0.0003139037168873768,-0.001471250884555091
0.18654605949750375,0.24072886161020324,0.5078751008071647,0.008291595640419137,-0.08109198019318928,0.10400732805914521,-0.004222792722399256,-0.0046346496533394566,0.9752041951399517,0.002744940583527776,-0.00012735765738987304,-0.0012305220229448877
0.21132290380156238,0.17605481077792573,0.38889203127132055,-0.00033848665488780093,-0.05439567242318567,0.1375749552454607,-0.0007568183022907537,-0.01042076598162126,0.9771855110097893,0.0031338326147990966,8.396524641168935e-05,-0.001054467212166962
0.32931244499860945,0.17630065946029982,0.4167213376554648,-0.032076494757986726,-0.08396588782435646,0.068448822950887,-0.007009632025707144,-0.009216089556186266,0.9766220720626649,0.003550553952454561,0.00041327769141029884,-0.0008781665527066622
0.2894598149206902,0.13616399795160883,0.5099704497489362,-0.024363110866031455,-0.05507040400368559,0.11626613314666089,0.011845189826554792,-0.005325624780376081,0.9854345472378203,0.004060524402203497,0.000702737506330989,-0.0007420025547550534
0.210653939059782,0.2415559457723934,0.3750385053107298,0.03025888918205466,-0.041275284549979675,0.08339693597558769,-0.008367386450062856,-0.010724568889850622,0.9798284607194688,0.0044355629075142275,0.0009133914453907711,-0.0005004466089826601
0.16110537386230916,0.18375428567176597,0.33834561025506316,-0.050258811333456575,-0.042266136699769266,0.07482534186332405,-0.001635311675570149,-0.011121710083650144,0.9807406474834307,0.0047739085177692904,0.0010744968192530802,-0.00031669232331089404
0.22480416704701353,0.1963962868100413,0.33027926528488866,-0.017359583106553174,-0.04789964458522368,0.05022889004135921,0.010804115146861748,-0.009344272223244241,0.9820850166660874,0.005104187783054179,0.0012993009863000939,-0.00012029603650085274
0.25532748785999154,0.09639296866043034,0.22648625936929212,-0.04709621700320325,-0.04485187008008913,0.0550885046683069,-0.006034095982773241,-0.0013122363471483253,0.9748832669772153,0.005330674042423471,0.0015546284741600853,-2.39030678404224e-05
0.21642558211285554,0.2311771893539542,0.21396374683719518,-0.06770824359434405,-0.06583281438265665,0.052429937341385346,0.005166726631811736,-0.013548269725638277,0.9764470820478418,0.005544637789260665,0.001771054056272941,0.0002072741215135318
0.15285686061428325,0.1072420961104034,0.2079988381793756,-0.06955326949458032,-0.0073893012494610786,0.04762692722762061,-0.006268292716768616,-0.006464957418128624,0.980148527162596,0.005752636627440042,0.0019239109168872242,0.00031451621762393524
0.1425136873886329,0.0785719819409289,0.014041528913976614,-0.048999326561400006,0.006399509576747681,0.12196989741586296,0.005585202351841349,-0.009775588074627741,0.981574971104914,0.005766678156354017,0.002066424604275857,0.0003930881995648642
0.2291043447201961,0.07112686960344096,-0.05589750315775037,-0.0842338677351207,-0.016605746734793807,0.030124610676127463,0.004704069852925302,-0.008953486468461226,0.9730314975383634,0.005710780653196267,0.002295528948996053,0.00046421506916830506
0.13131601414839889,-0.02090334143367291,-0.15186994475657098,-0.08219109016718609,0.05006200009317281,-0.003815383475908712,0.006766767909235695,-0.012570160848432026,0.9870517716900465,0.005558910708439696,0.0024268449631444523,0.00044331172773463216
0.1511831761880952,-0.06107947138377512,-0.09648659104616247,-0.12402850817225768,0.05452675121399201,0.008817517289475626,0.003979614757955209,9.36145267729678e-05,0.9800200296954454,0.005462424117393534,0.0025780281393325472,0.0003822322563508571
0.1393686259382545,-0.06347036490851546,-0.1779186354266626,-0.027598597307330337,-0.0019087822980702737,0.03124672427585924,0.0011113418997007014,-0.005444756699369974,0.9740435376432576,0.005284505481966871,0.0027173967652708016,0.0003187618914423416
0.03632747463384805,-0.12433016954451329,-0.07713849517601093,-0.08467501643608152,0.020272846453468815,0.009406739757608279,0.0018482822777447364,-0.008864315379570586,0.9727684428568765,0.0052073669867908606,0.0027537242399046495,0.0001944317218978283
0.01840814991844495,-0.26942196660754647,-0.33531069761603666,-0.10329797547894932,0.0869814035689371,-0.037787604866962414,0.0006321876976328837,-0.010481941346469889,0.9833183912550406,0.0048720562891748235,0.0027721323898230944,-7.499024470971819e-05
-0.018318870521694106,-0.10874991699024221,-0.28062592508853396,-0.05786426823904483,0.051998599720255494,-0.03499750997832695,0.013461057950006319,-0.0059453164321677816,0.9780074452332984,0.0045914303640862885,0.0027538135193014004,-0.0001837401616999604
0.02392658401388074,-0.3370298226857498,-0.24441945117472116,-0.0526658475307404,0.05228547451338905,-0.0992518090888459,0.002300132047261471,-0.0034074656701879058,0.9784146823219312,0.004347010912911568,0.0027777401033152807,-0.0005207699843857102
-0.007381255790606967,-0.19592121501363402,-0.34721333441240737,-0.05725020655819626,0.08548924193979365,-0.031695931086321884,0.005562078720593153,-0.011089711958009622,0.9845905232666429,0.00399979757849916,0.0027703588475246742,-0.0007166911993993442
-0.050506794318868564,-0.21637555222758859,-0.1868176622152083,-0.0020222875220619295,0.04397256225827643,0.017587840496570452,0.0007388549434294818,-0.008431463232283382,0.9762532813423349,0.003812979916283952,0.0027198520532058057,-0.0009330667516269329
-0.10346934997388595,-0.32226989322994387,-0.18246694470734537,0.009646042008710467,0.06322023138000192,-0.05875966992354329,0.01243311331343491,-0.0036581959010565483,0.9795169948693612,0.0036305129715766063,0.0026163827032319197,-0.001255336644856877
-0.027985084082355012,-0.25500310116271063,-0.23489838137396202,-0.06363488614600481,0.052163130499464146,0.014512477221260268,0.000773462197232786,-0.0022099034215535803,0.9685630405786583,0.003395614590202644,0.0025883976191495646,-0.0015103397460195876
-0.14990755098557176,-0.36536874481444254,-0.1598749004257897,0.003994212664755331,0.06964088704723732,-0.035907606884682065,0.004065895672582255,-0.0032633684542746396,0.9736293354796047,0.0032357396897768546,0.0024384900681639933,-0.00187570849083403
-0.08804745059311732,-0.3149684256392488,-0.24702271873095855,-0.007114610012912631,0.08177931661333208,0.0038624120524266056,-0.001671966783306035,-0.000559826846299568,0.9831957030691465,0.002988716971045896,0.002350442617570876,-0.002190676916473279
-0.00773227909261362,-0.2633565927912732,-0.09997558015053876,0.0031359775880346955,0.06672671570857766,-0.04784381490143851,0.0034607086695524958,0.0008742965678000536,0.97433787106559,0.002888741390895357,0.002342710338478262,-0.0024540335092645524
-0.18301242635161416,-0.3311764236547206,-0.07723059812124508,0.04815559930956606,0.028588015160006107,0.0020493087383547017,0.007831854903394475,-0.00598305857624922,0.9880510948580493,0.002811510792774112,0.0021596979121266476,-0.0027852099329192734
-0.14636019240439097,-0.2636946262684742,0.006288685424101673,0.06799194924381657,0.04295273954980859,-0.015973201352973886,0.0012472142376940404,-0.005727227324139156,0.9761348489665385,0.0028177994781982134,0.0020133377197222566,-0.003048904559187747
-0.06446688305914315,-0.2658219834436641,0.05031910182057129,0.06804105512923347,0.020612481198622676,-0.044535026200086765,0.004018449454522755,-0.005040877519903682,0.9757736904698652,0.0028681185800187845,0.0019488708366631133,-0.003314726542631411
-0.1486763820769067,-0.34885713187329814,0.04277416413947405,0.08780665562733597,0.00041881721264912936,-0.02822006238394798,0.0068180199505105885,-0.011270244827747508,0.9876985633112649,0.002910892744158259,0.0018001944545862068,-0.0036635836745047092
-0.1554613295023232,-0.33059665698469193,0.13195459057841114,0.04378134765786473,0.00846654023143869,-0.0038779313983860076,0.01035684179376285,-0.00471118282568547,0.9784475749555333,0.00304284733473667,0.0016447331250838836,-0.003994180331489401
-0.13139443197208672,-0.11326603080197813,0.1678077165334099,0.07329660451038905,-0.035747966717062214,0.025653079832334162,0.0055296727818395005,-0.007669709486162876,0.9821558210825144,0.00321065505127008,0.0015133386931117966,-0.00410744636229138
-0.09798919412841187,-0.2303853090261362,0.1564309223278517,0.10143871071439571,0.042596920394912266,-0.0030952422033920096,-0.00027931611505097,-0.002717677805833764,0.9821107971368455,0.003367085973597931,0.0014153494989833848,-0.004337831671317516
-0.09751470735634371,-0.13712250539868642,0.1475150303139906,0.15210950166559964,-0.050351776581651346,0.06117939873905826,0.0008909500657798548,-0.009766729523175055,0.9805772727493313,0.003514601003911922,0.0013178347916270412,-0.004474954176716202
-0.2246574382827705,-0.09264440171439815,0.11947419268184213,0.09645234962495926,-0.059194672291079255,0.04761580681428717,-0.0011632189120897012,-0.004939831150773413,0.9863813087044355,0.0036340751965937643,0.0010931773533442708,-0.0045675985784306
-0.13666757633275248,-0.0941695966938574,0.28079878600791974,0.052998454722007704,-0.01979183928764106,0.04848944926964066,0.00046930448347365155,-0.011546402801580143,0.9835165951258125,0.003914873982601683,0.0009565097770115184,-0.0046617681751244585
-0.08546151796178512,0.009933665566085714,0.3197419714271773,0.09839306105594463,-0.03744349542846552,-0.020889139655250993,0.009571891468465966,0.0008188657704652162,0.9832733654536628,0.004234615954028862,0.0008710482590497332,-0.004651834509558373
-0.14141481796703873,0.025718777746099562,0.25444973764828555,0.10369093963318107,-0.09819666665166536,0.06558603677905804,0.00972681012049585,-0.008413134094360356,0.9811488236551204,0.0044890656916771465,0.0007296334410826945,-0.004626115731812273
-0.08644909652516186,-0.019238695132386144,0.2478689081478746,0.1038854320454263,-0.12411145631728919,0.06459511524781095,0.00329993155791078,-0.008413459252443715,0.9875652909606505,0.004736934599825021,0.0006431843445575327,-0.004645354426944658
-0.21143473102023128,0.05945991510285306,0.1832222660087583,0.07812626692836318,-0.0677630327104304,0.07959493674451328,-0.005174810684694497,-0.006045586818724484,0.9741158334113812,0.00492015686583378,0.0004317496135373014,-0.004585894511841805
-0.10050746176927632,0.11727653271564642,0.18384128253176948,0.07439515318118663,-0.0559462238314845,0.058661043107523285,0.0004745083443600164,-0.0033463036424783658,0.97950140285331,0.005103998148365549,0.00033124215176802505,-0.004468617979126159
-0.005513952757510557,0.11341453972909754,0.12774302908630647,0.08442047795077665,-0.13674930688446882,0.06607893627369403,0.01180905387727505,-0.0023542539956299805,0.9868751322538909,0.005231741177451856,0.0003257281990105145,-0.0043552034393970615
-0.0465759915547131,0.2903369234125096,0.08175202143428216,0.11916189182042206,-0.12793610272703212,0.05405469821386425,-3.4191408811229916e-05,-0.006398425124924781,0.972815260834165,0.0053134931988861375,0.00027915220745580136,-0.004064866515984551
0.01798161738383466,0.20820298037769247,0.07630226663496802,0.03727383751113209,-0.12674951285588712,0.06180846043873961,0.003091426473556498,0.0030313457693031997,0.9895760270406901,0.005389795465521106,0.00029713382483963604,-0.0038566635356068594
-0.06140315050783393,0.19807459843489708,0.14233951362915712,0.08852715383724837,-0.11080763834195054,0.01902951309203025,-0.005118893382420493,-0.004225225568504298,0.9709800129081027,0.005532134979150263,0.0002357306743318021,-0.003658588937171962
-0.0913394920709133,0.2388651203877449,-0.0740409453091958,-0.0034299682052823903,-0.14815281105931524,-0.004691603729737462,0.0033691945643905827,5.4061025376028315e-05,0.9817043103127133,0.005458094033841067,0.0001443911822608888,-0.003419723816784217
0.14361012514288704,0.3457379447460874,-0.05161376166134528,0.08379490309643044,-0.11541267007466208,5.612731229827535e-05,-0.003719562822262999,-0.003979548338710982,0.9793228228629731,0.0054064802721797214,0.00028800130740377585,-0.00307398587203813
0.031043847680788193,0.29429407984788114,-0.2048341931404741,0.03396565446736552,-0.12567539909092537,0.035209414623203435,0.006525596855256788,0.0044863403737652715,0.9860164626001353,0.005201646079039248,0.00031904515508456407,-0.0027796917921902487
0.08283149195507267,0.3607150658085095,-0.07911725189050048,-0.0179813805961379,-0.15682434669431716,-0.0017520345295957505,0.005951667607811282,0.009767928650983191,0.9805128254759425,0.0051225288271487465,0.0004018766470396367,-0.0024189767263817392
-0.0020591125656902604,0.45303391861720194,-0.3277896003198548,-0.027003437924032515,-0.12507635770261274,0.008138526706153022,8.580911712644315e-05,-0.003510548538152762,0.9665331180114919,0.004794739226828892,0.0003998175344739465,-0.001965942807764537
0.08884403007158448,0.28484741011484743,-0.31848628779939797,0.03254896844478963,-0.1433208651536871,-0.03105764524330626,0.0014975111658192038,0.002946198840724392,0.9863111716841039,0.004476252939029494,0.0004886615645455309,-0.0016810953976496897
0.08342245905868109,0.2578845120664614,-0.4220864768635352,-0.0015744100309706514,-0.12165805375128036,-0.01870803670332357,0.00013791533690214568,0.0012526618811660442,0.9863220886680869,0.004054166462165959,0.0005720840236042121,-0.0014232108855832283
0.11208661125999039,0.26578296103786647,-0.32988999279622205,-0.05772288658155097,-0.11924091049652995,0.01804438205791628,0.009807515755710162,0.005239091791685125,0.9833359399842645,0.003724276469369736,0.0006841706348642024,-0.0011574279245453619
0.09861286565606106,0.251919831338835,-0.48590309978298973,-0.03999296228539244,-0.0314077625818581,-0.002660077603268819,0.007616544094112157,-0.0009626034441335227,0.980923345249274,0.0032383733695867467,0.0007827835005202636,-0.0009055080932065269
0.20412032070165717,0.20632266064031815,-0.4242703529795231,-0.03518867147082174,-0.07941154734742213,-0.05270903335826905,0.010387840709555046,0.0022474813868021536,0.9861095243194119,0.0028141030166072235,0.0009869038212219209,-0.0006991854325662087
0.12514345039091998,0.05662009418752009,-0.4881325029571066,-0.026172541620401404,-0.05191528851798842,-0.027832706659098393,0.002849745709893131,-0.0022378496351731013,0.98120237752371,0.002325970513650117,0.0011120472716128406,-0.0006425653383786887
0.16687570752611072,0.10329704287812243,-0.3378097788869251,-0.03133127411620334,-0.0456712406261899,-0.06282125203086757,0.0006436461764641284,0.008291540401432936,0.9865792784554143,0.001988160734763192,0.0012789229791389514,-0.000539268295500566
0.06751478242944285,0.16170815401521094,-0.44339749078386037,-0.027857000798731824,-0.05268140746889849,-0.08777435775419426,0.003082302186351654,0.004086444001476715,0.9849366232029613,0.0015447632439793317,0.0013464377615683943,-0.0003775601414853552
0.12012393717653251,0.15427000282886855,-0.5008335604251457,-0.0667875633394834,0.0050779450443543305,-0.050251063223590804,0.003828466322238266,-0.007410020179880789,0.9873546638528964,0.001043929683554186,0.0014665616987449268,-0.00022329013865648664
0.16496953369734396,0.10972912355326464,-0.314725018442861,-0.050503728875229026,-0.025023059443205486,-0.06690625332601159,-0.0017118500494027649,0.003352998803536294,0.9878947082821097,0.0007292046651113249,0.001631531232442271,-0.00011356101510322198
0.17605915818289103,-0.03377656211036494,-0.2238839477553604,-0.0639510077507172,0.0532984972631817,-0.06358478891793552,0.009344232871726747,0.00143239558661724,0.9775076686255669,0.0005053207173559644,0.001807590390625162,-0.00014733757721358692
0.12446545902748091,-0.047734568602317784,-0.2709136417813164,-0.0340547506754536,0.07295758290370478,-0.0839274418652841,0.007873147279299534,-0.0036671498587486865,0.9842088197568779,0.00023440707557464806,0.001932055849652643,-0.00019507214581590473
0.09843859373227719,-0.06159857879609797,-0.058544012937504344,-0.012272325061472954,0.023925201223850136,-0.07512111101503703,0.011451931423226607,0.011087106449826696,0.9837380420746175,0.0001758630626371437,0.00203049444338492,-0.0002566707246120027
0.03130684371648832,-0.09024384962800316,-0.057301715183323804,-0.00026761625107011786,0.04187393873797531,-0.055669589253540645,0.012253339610654276,0.0006605949404686125,0.9821118603303186,0.00011856134745381988,0.0020618012871014084,-0.00034691457424000584
0.13301158089221127,-0.05027855389041923,0.017815638759943655,0.002746772278010493,0.03930600178831844,-0.06126354075990124,0.010930600790737556,0.003917776588040875,0.9898071252328268,0.00013637698621376355,0.00219481286799362,-0.00039719312813042506
0.07841644993839658,-0.21639147750481125,-0.020926997742641645,-0.03049352915780644,0.06280172260545466,-6.299900464380899e-05,0.01049239442423203,-0.003998063508141608,0.9816308624553659,0.0001154499884711219,0.0022732293179320165,-0.0006135846056352363
-0.04733424282130508,-0.11529816617922439,0.1296435079061382,-0.02302353390697799,0.08645963716930086,-0.05210304641907524,0.007295561689675758,0.005342077533507168,0.9788847429295591,0.0002450934963772601,0.0022258950751107114,-0.0007288827718144608
-0.15401483480057857,-0.12692586956859803,0.19520139267839826,-0.02757996237977992,0.10809742187679171,-0.02510769395050589,-5.830242734421523e-05,0.0025856244312309033,0.9791954226481184,0.0004402948890556584,0.002071880240310133,-0.0008558086413830588
0.020655711906295064,-0.22329787332080397,0.2818174753042032,0.07794168596017995,0.07222685617137145,-0.03973445000702635,0.007360558267893707,0.007994434775262769,0.9865144437461146,0.0007221123643598616,0.002092535952216428,-0.0010791065147038627
-0.0008964183773493908,-0.23971343217306706,0.4152562850179695,0.041970749310108135,0.10785587509290488,-0.03962705444918881,0.01453096563763722,0.011348504221470091,0.9852201217943493,0.0011373686493778312,0.0020916395338390786,-0.0013188199468769299
-0.10502794526764964,-0.2241774628935227,0.282346897970319,0.07435587561303847,0.09670553241972604,-0.012855679167570641,0.002005096333657374,0.013599817442688806,0.9816360831949374,0.00141971554734815,0.0019866115885714287,-0.0015429974097704525
-0.06618610188000937,-0.16970738590889864,0.4176469422898698,0.041179028424360296,0.1053729969349909,-0.005716698675926014,0.006593101370458946,-0.0033245544581702066,0.9875474876205953,0.0018373624896380197,0.0019204254866914195,-0.0017127047956793512
0.004503514460590385,-0.22943996280486226,0.3308831535887893,0.06413967587963436,0.12693960738149793,0.014889906917268247,0.0056911926881338375,0.015114332450472513,0.9833014460071519,0.002168245643226809,0.0019249290011520096,-0.0019421447584842136
-0.16285562824841543,-0.17586420220776447,0.4504616895034855,0.01361432663981503,0.12107204697965748,0.01615233485001264,0.006437499333857861,-0.004387179966569117,0.9901304173170821,0.002618707332730295,0.0017620733729035944,-0.002118008960691978
-0.23864346466628783,-0.11363825510278604,0.3662945581533751,0.07068806534754539,0.10557801435504476,0.05588250381118372,0.010645405387131785,-0.0005149269714481456,0.9782365081489043,0.00298500189088367,0.0015234299082373065,-0.0022316472157947634
-0.1879589309596552,-0.1709211526691494,0.39095239218264144,0.046353459469486366,0.10055153680881142,0.07504946141626978,0.010387363433719642,0.009374395890903352,0.9865057307694639,0.0033759542830663113,0.0013354709772776512,-0.002402568368463913
-0.16537693981288853,-0.19239003860833218,0.35300566029581676,0.040886005680314974,0.07785391854901544,0.02508533485221264,0.010222188196908715,0.008543749438145941,0.975570177202623,0.0037289599433621284,0.0011700940374647626,-0.0025949584070722453
-0.12337821728457268,-0.07811648199111762,0.33012909907331134,0.08865919247851177,0.10228028151164013,0.06735418762118729,0.006595666691823827,0.007174375422893585,0.9642123704339651,0.00405908904243544,0.00104671582018019,-0.002673074889063363
-0.22584364829423348,0.025812950064600174,0.29522002423332533,0.03719955177169967,0.09303926261248863,0.030919109035264347,0.009391301239069422,0.005236194903668732,0.9816493269819403,0.004354309066668764,0.0008208721718859565,-0.0026472619389987626
-0.16145108056714993,-0.07259359915566403,0.31785763423123925,0.06449209870169072,0.05975095973567079,0.0716426258164057,0.012900884820667065,0.001981229669421869,0.983636606235334,0.004672166700900004,0.0006594210913188066,-0.002719855538154427
-0.23082911524597602,0.07453197253531392,0.2424908729356849,0.059820676000315716,0.05341852811418778,0.08030648467348034,0.0156924356738695,0.008274204572464526,0.9816637757072808,0.004914657573835688,0.00042859197607283045,-0.002645323565619113
-0.1693587354643118,0.037441824811681595,0.17452487205204262,0.05877500290964603,0.04177915521078942,0.07528423851838234,0.0070388351037901035,0.009512603255030358,0.9836815724700975,0.0050891824458877315,0.0002592332406085186,-0.0026078817408074317
-0.2675998744487298,0.10721367810178396,0.07419918954719715,0.07695694288821968,0.07546955484477949,0.09557482475792632,0.01606364350398987,0.007505039361678982,0.9838130312726362,0.0051633816354349285,-8.366633840211192e-06,-0.0025006680627056477
-0.2216626388229202,0.13356304433167765,0.08765066511348867,0.027002581912453034,0.014322743373401826,0.05408302475032004,0.004949516089445985,0.008281672982992793,0.9804414768354237,0.005251032300548417,-0.00023002927266313142,-0.0023671050183739703
-0.2641541746546192,0.1852899899543919,-0.05246206525259087,-0.0011344912288212532,0.03675687571506896,0.08421216971498334,0.008868334159380424,0.005542045567189339,0.9840486328914958,0.005198570235295826,-0.0004941834473177506,-0.002181815028419578
-0.2028638641839677,0.1153999954517018,-0.058513674666160864,0.03359004492315561,0.016508813437382405,0.09490835267979866,0.011313988034917668,0.012733645039685874,0.9840045733339358,0.005140056560629665,-0.0006970473115017183,-0.0020664150329678765
-0.2784549320453876,0.1262387622241079,-0.05706316057334212,0.005755500144970026,-0.033000765658669974,0.06890904136251075,0.004925421030073879,0.010487925390236996,0.9894115516099631,0.005082993400056322,-0.0009755022435471059,-0.0019401762707437682
-0.1827842767298419,0.149711598509851,-0.1610810163139001,0.04420345187388528,-0.03864983774795555,0.055465668756525165,0.00966396177328153,0.00662424076259458,0.9842325314826758,0.004921912383742423,-0.001158286520276948,-0.0017904646722339173
-0.2841580636811179,0.09511575889414106,-0.1490319046169195,0.04460113148054513,0.004372550883630574,0.03276292147877154,0.011745648886434463,0.006315247295431339,1.0019660750097152,0.004772880479125503,-0.001442444583958066,-0.0016953489133397762
-0.21699577291735492,0.12076079460603169,-0.2113990751561327,0.030510884386625546,-0.07412346139897351,0.04352019513624207,0.0016305589844479735,0.012896632194604756,0.9787391368378828,0.00456148140396937,-0.0016594403568754206,-0.0015745881187337444
-0.16056526912356606,0.23917184224574803,-0.15497866689875173,-0.034497287061215715,-0.06828702624465453,-0.0036330149979075365,0.007565927341263351,0.01166518178721003,0.9798304344490144,0.004406502737070618,-0.0018200056259989866,-0.0013354162764879964
-0.12462351593178433,0.13718525442009089,-0.3358845507504359,-0.0051508511756294135,-0.07664714866489494,-0.003649694223590306,0.005427399774430076,0.004683711610104172,0.9741014384161994,0.004070618186320182,-0.0019446291419307708,-0.0011982310220679058
-0.0804843901734835,0.14604455815553608,-0.2669973507336658,-0.04455635271397922,-0.027376877718081068,0.010941789379130484,0.005469797896818663,0.0006671315498346098,0.9846175738746129,0.003803620835586516,-0.0020251135321042546,-0.0010521864639123696
-0.16539880555907335,0.2660434483714655,-0.2614148005383287,-0.07165185212599108,-0.048270882256910834,0.007933677972887474,0.019988064891640636,0.006405110202010032,0.9872547993091186,0.0035422060350481874,-0.0021905123376633278,-0.000786143015540904
-0.14841003179527767,0.11482240654013834,-0.25313494321034957,-0.09951537929849509,-0.09642306946365053,0.006117053417802793,0.002053199648696307,0.01133788034383597,0.9872364048548252,0.003289071091837838,-0.0023389223694586054,-0.0006713206090007656
-0.04959960711357339,-0.03466639125350984,-0.05186252871012556,-0.09510917959877244,-0.03093210680014197,-0.016383833186608528,0.010321199501261447,0.0037321691545177792,0.9890566955790875,0.0032372085631277117,-0.002388521976572179,-0.0007059870002542755
-0.02150975898047748,0.049141903172624866,-0.16726119718438262,-0.06041034245248338,-0.039366154413946516,0.004495347629666769,0.012364504858353395,0.0021941627598167012,0.9927423320386248,0.0030699473659433294,-0.0024100317355526565,-0.0006568450970816505
-0.0787542031857061,0.1444422253825029,-0.1559961147316937,-0.06486774461671768,-0.04795755538296472,-0.001427100067734043,0.009486992684750136,0.010826216173985293,0.9854469408731161,0.0029139512512116363,-0.0024887859387383625,-0.0005124028716991476
0.007509286039266844,0.023205078714946068,-0.07581917396652908,-0.0666952313861917,-0.04290572971032754,-0.03848354514743344,0.010879681567390624,0.011954444167403433,0.9875238718525289,0.0028381320772451067,-0.0024812766526990954,-0.0004891977929842014
0.006070036299065152,-0.05780377381540973,-0.16223780346175296,-0.07236440977967284,-0.06638429670039796,-0.045539385514245447,0.007399252147314261,0.01969068410085047,0.9804729709109625,0.002675894273783354,-0.0024752066164000306,-0.0005470015667996112
0.10684105751423038,-0.08104743250327423,-0.12144951192190145,-0.09842329880480812,-0.07812067903921881,-0.0654935719242168,0.010350277578069982,0.012347798324677625,0.9860616852534037,0.0025544447618614523,-0.0023683655588858,-0.0006280489993028855
0.08196607832450756,-0.08365031932445671,-0.02464193883179719,-0.0675671232386393,-0.04760001750023515,-0.038194106183705424,0.01210401207238124,0.013314905324199468,0.9878216917312894,0.0025298028230296555,-0.002286399480561292,-0.0007116993186273422
0.2275558678652945,-0.15723534520385024,0.10563661359027228,-0.08214877563459436,-0.04438525514494714,-0.029509808944590495,0.013663290334384133,0.01775529447351551,0.9780305906152134,0.0026354394366199276,-0.0020588436126959975,-0.0008689346638311923
0.13237710698111144,-0.15248530411258754,0.15132633742758594,-0.047685875267669486,-0.03312760190544391,-0.05379958417701836,0.01307049307189348,-0.006339517342842079,0.9865219671897434,0.0027867657740475137,-0.001926466505714886,-0.0010214199679437798
0.1682035432545681,-0.06803826874163227,0.14298604788715852,-0.04359279996689863,-0.08111091863847139,-0.036212742724371416,0.014912139573202124,0.006565697079257542,0.9883300286339693,0.002929751821934672,-0.0017582629624603178,-0.0010894582366854121
0.18229699778712818,-0.2619785038995338,0.15504907328534734,-0.06160669156824413,0.018078525392751045,0.006237422352589473,0.008218750733285237,0.009140678014172223,0.9878032223184259,0.0030848008952200196,-0.0015759659646731898,-0.001351436740584946
0.11801221373137559,-0.2369496594305665,0.24476180936900727,-0.04331738484988017,-0.0045930620928720965,-0.03432248664255707,0.016307871469474877,0.015369749844942429,0.9823997917474345,0.0033295627045890268,-0.0014579537509418143,-0.0015883864000155125
0.026750564539500643,-0.1686928438880922,0.31845278867402127,-0.0202936580717568,0.002795117648083643,0.0008196932738158535,0.012865037218630916,0.012603446810034676,0.983377869088989,0.003648015493263048,-0.0014312031864023135,-0.0017570792439036047
0.17427375656060998,-0.19789949662658812,0.24804249951012075,-0.01741234342209244,0.002873403762854789,0.007881918860681954,0.01106321436095655,0.010222117669307345,0.9841961053214267,0.0038960579927731693,-0.0012569294298417036,-0.0019549787405301927
0.27588148085961506,-0.3548505112962602,0.26425951449640234,0.003376333893213221,0.0639734090176422,-0.006687732610589784,0.020402892430860332,0.004373074336980569,0.9839092565329864,0.004160317507269571,-0.0009810479489820885,-0.0023098292518264527
0.18837354858541092,-0.3217787170154371,0.18784339214576146,0.040047997344607324,0.03753636536407845,0.04786645341350237,0.017898470920331103,0.012747236575441342,0.9938822176697336,0.004348160899415333,-0.0007926744003966777,-0.0026316079688418897
0.20974193284504006,-0.18536128783914058,0.2640832449974235,0.012297065245403352,0.017583433906207806,-0.006246267250372117,0.007040813171107772,0.0033599656021584077,0.990263150796319,0.004612244144412757,-0.0005829324675516375,-0.00281696925668103
0.27103893459022604,-0.3108975367854733,0.2047908328504024,-0.012533339309181709,0.019200377976335094,-0.0011145124922803031,0.009062451016064687,0.015098535809783145,0.9820185088524039,0.004817034977263158,-0.0003118935329614115,-0.003127866793466503
0.2816071028577769,-0.30947542087545216,0.26254189212345347,0.039270280347368326,0.06241797438025017,0.034705983552862335,0.01129364157921849,0.01150942621072431,0.9857064166374149,0.005079576869386613,-3.028643010363458e-05,-0.0034373422143419556
0.22862401783756994,-0.3351014765581041,0.03649358448440765,0.022898738076178836,-0.0030928554195997276,0.02766386404520956,0.017519736224417867,0.006592791507029835,0.9900709651107915,0.00511607045387102,0.0001983375877339354,-0.0037724436909000597
0.25648046238523475,-0.39621049309209433,0.06575691575782404,0.05957399170160183,0.047350760696700904,-0.04198485058823433,0.014616632380173043,0.00342893866248096,0.9886266040779682,0.005181827369628844,0.0004548180501191701,-0.004168654183992155
0.24238040596343874,-0.2872983016531472,-0.0022184669353852715,0.05048108545310425,0.08795992924237936,0.02830806872474114,0.01424368751195707,0.011056175353044692,0.985521593101415,0.005179608902693458,0.0006971984560826087,-0.004455952485645302
0.17870452516832158,-0.29189407340418155,-0.03672530801486686,0.07940904566334996,0.05544998364938541,0.06951560071517093,0.022404450166000824,0.019537632340632237,0.9952421956277729,0.005142883594678592,0.0008759029812509305,-0.004747846559049484
0.24255083262458732,-0.13720159327512238,-0.10041216864346059,0.12388645560415334,0.023062591410550642,0.02840215712187956,0.01063550321433225,0.008065559361663043,0.9841222427186554,0.0050424714260351305,0.001118453813875518,-0.004885048152324606
0.18384886831047023,-0.27850380822167664,-0.1744401251014385,0.09795955289407647,0.060403557886631404,0.0701186196412892,0.02144269233470244,0.007946433186880437,0.983915312532801,0.004868031300933693,0.0013023026821859882,-0.005163551960546283
0.237061243585285,-0.12247966090311954,-0.2873736872377249,0.10164420226848347,0.02229510400982914,0.07222412261033181,0.007511801351985101,0.010636117885755511,0.9780275181631759,0.0045806576136959674,0.0015393639257712732,-0.005286031621449402
0.17725535271633439,-0.19049356434040585,-0.1557449921239176,0.08070984249822837,0.05536375064737043,0.06622383740772536,0.009790816708049292,0.016424745380893568,0.9821836262434085,0.0044249126215720495,0.0017166192784876075,-0.0054765251857898075
0.22735325299776082,-0.11088408114157923,-0.28660802977432687,0.11162626302281238,0.03145651675044235,0.009777992108771517,0.009461689139299031,0.01612851428096842,0.9828042522593574,0.0041383045917977234,0.0019439725314853683,-0.0055874092669313865
0.04627451135940479,0.07096750937112961,-0.3481447737880877,0.0904371359682066,0.06174541024306582,0.030207227201375808,0.015802533194229463,0.012882178102322499,0.9849189712465556,0.0037901598180096353,0.001990247042844773,-0.005516441757560257
0.055637821216761564,0.06462791655168434,-0.36977858181077744,0.12894656784134265,0.019761509106551285,0.015020390915240557,0.011277930645166679,0.015532795285303182,0.9805109025320856,0.0034203812361988575,0.0020458848640615345,-0.0054518138410085725
0.15558185294089805,0.09337269208676396,-0.45472335067853814,0.10779809624935686,0.01737158619312404,0.059094722377697646,0.0229439390605466,0.013653172121020183,0.9954987314432222,0.002965657885520319,0.0022014667170024327,-0.005358441148921808
0.012568177726236196,0.02475704080494208,-0.34568569713973707,0.09826205624018858,0.01450012616356833,0.038940397559958755,0.02030695315089756,0.01139831268946136,0.9827869039512462,0.002619972188380582,0.002214034894728669,-0.005333684108116867
0.08439851840420526,0.26996051749811567,-0.44154666700737133,0.11306331575659305,0.011393506385479259,0.011231182642080265,0.011737904039202291,0.011778737875573143,0.9866511322389678,0.002178425521373211,0.0022984334131328737,-0.005063723590618751
-0.007035385917431223,0.2347653942644241,-0.3491900141524005,0.060278805788709144,-0.022472263661706023,0.03729400156581594,0.01847802637371261,0.010554224353198383,0.9891121293837113,0.00182923550722081,0.002291398027215443,-0.004828958196354326
-0.04334488935541593,0.24301651126699797,-0.41592076856137045,0.04488128782623809,0.02954663532906313,0.05765431501870332,0.016730946288551936,0.004626311597438804,0.9838159599130781,0.0014133147386594398,0.002248053137860027,-0.004585941685087329
-0.037379775814507195,0.21344669602367164,-0.4487185636269415,0.047633628146960455,-0.07691265568090942,-0.044547971220573544,0.020047722198539737,0.014052848735905177,0.9961282129039702,0.0009645961750324983,0.0022106733620455197,-0.004372494989063658
-0.028591145761074473,0.13771498908817198,-0.22809864009731276,0.034184052469485054,-0.03108410094839989,-0.07191001453315582,0.020762755493471192,0.012527449000344738,0.9874008209900538,0.0007364975349351856,0.0021820822162844453,-0.004234779999975485
-0.15059206942713127,0.3807577691540005,-0.32409767777736975,0.048396255072464395,-0.05942203830999498,-0.012518335941844034,0.011099206954914839,0.01076579349234387,0.9889980493496716,0.00041239985715781584,0.0020314901468573144,-0.003854022230821485
-0.10178262167939492,0.33562050896207773,-0.18084046701354195,0.0006368737911265857,-0.1007160624153258,-0.05070180768218709,0.015350422445792676,0.01581313309808518,0.982130782397146,0.00023155939014427387,0.0019297075251779193,-0.0035184017218594073
-0.04380140676934417,0.20791314291375484,-0.13967921065915806,-0.025151571782809384,-0.0459929774785625,-0.04883157271131639,0.019637487537505216,0.007258526047262051,1.0018884415790734,9.18801794851158e-05,0.0018859061184085752,-0.0033104885789456517
-0.01928627703750628,0.2946968099512613,-0.2043440747103129,-0.01252469256330349,-0.06528472453798431,-0.08471305488044233,0.02287234729321358,0.017426726649506178,1.0037425964852853,-0.00011246389522519712,0.001866619841371069,-0.0030157917689943906
-0.17020237241433964,0.33359592980954816,-0.012267369650092026,-0.01334612310773281,-0.06742997893614669,-0.08539295973034584,0.010271811007450487,0.009833067706549504,0.9821529426377185,-0.00012473126487528915,0.0016964174689567295,-0.0026821958391848423
-0.14812467545326016,0.2784236825184747,0.003949269380347228,-0.04134275659607012,-0.12554278198199434,-0.0530980236666548,0.02334404040019912,0.010583709364955014,0.9911251979298441,-0.00012078199549494193,0.0015482927935034693,-0.0024037721566663676
-0.2009400427753527,0.24148004384407032,0.14727804259725036,0.013183363299982721,-0.10265999074087181,-0.08737268050560351,0.015605494617200873,0.01951220598834448,0.9806450601090696,2.6496047102308448e-05,0.0013473527507281164,-0.002162292112822297
-0.07039625863064984,0.2810629846162744,0.11235003645913744,0.009326642428237834,-0.08192326838791135,-0.05208491218487477,0.014967885972331401,0.02038008409087033,0.9918703542205939,0.0001388460835614459,0.0012769564920974666,-0.001881229128206023
-0.18921727590359508,0.19942268079142222,0.24722926138662404,-0.0392141176778041,-0.15844315656599445,-0.021415891417853813,0.006564050465479983,0.017970683570330773,0.9837517110038975,0.00038607534494806994,0.0010877392161938715,-0.0016818064474146005
-0.06879139457003132,0.2704518551359944,0.3887215636741991,-0.0023253515088832374,-0.12172881216359882,-0.029760897511052355,0.012360713646520898,0.020563159248370006,0.9898219452428271,0.000774796908622269,0.00101894782162384,-0.001411354592278606
-0.2157305124896196,0.22487655949187613,0.2977308942848372,-0.04204206621789232,-0.12887746994334223,-0.044515896981545504,0.006964314092234717,0.018096188764761257,0.9858210666906873,0.0010725278029071062,0.0008032173091342206,-0.00118647803278673
-0.03933564858617279,0.08195293057329525,0.3652022828539971,-0.04564740534924484,-0.10893991310030961,-0.024628891722324152,0.011138131899710994,0.023952658560440782,0.9824202057225271,0.0014377300857611034,0.0007638816605480478,-0.0011045251022134346
-0.13936124130222366,0.09454900241904955,0.4097746103108566,-0.07317811877526052,-0.13192935321711702,-0.07289421832836195,0.015520548397717417,0.017341914276230913,1.0000172070611424,0.00184750469607196,0.0006245204192458241,-0.001009976099794385
-0.07384743782049727,0.0952660019925192,0.4901063579012312,-0.06816162796170663,-0.10754433265415304,-0.0316024466954357,0.01101645497232921,0.01338688590328329,0.990305265045808,0.0023376110539731912,0.0005506729814253267,-0.0009147100978018658
-0.11238298791374418,0.010489754334130505,0.38980994891526954,-0.027790857110943305,-0.12012232895322085,-0.035845507469055515,0.007726893100186644,0.013847283019249205,0.9928051381975161,0.002727421002888461,0.00043828999351158254,-0.0009042203434677354
-0.150175586152195,0.09839789887754907,0.4532346516011805,-0.07291369340185655,-0.08843708172176147,-0.030728929602061257,0.011215974229956797,0.015706161584710734,0.9856282148533382,0.0031806556544896414,0.00028811440735938755,-0.0008058224445901864
-0.04727154288848594,-0.023201746993744637,0.4014420777984815,-0.02305717045383731,-0.08102504873696098,0.03652095689669994,0.02537445093409061,0.015512336942032655,0.9903218491973652,0.0035820977322881227,0.0002408428644709016,-0.0008290241915839309
-0.13280582199054727,-0.0733556015182073,0.41201821079306794,-0.01589912133876389,-0.11727506827240618,0.047292465976122744,0.009337492224710267,0.020546302719513545,0.9874038353994501,0.003994115943081192,0.00010803704248035431,-0.0009023797931021382
-0.08265687527175697,-0.09790144352904519,0.46965311082574557,-0.015763506754202038,-0.03335090032446149,0.009356944897522472,0.018758620789427895,0.016305370704782343,0.9867892948355845,0.0044637690539069365,2.538016720859734e-05,-0.0010002812366311836
0.05977681648929557,-0.18923372408825706,0.38741701208377766,-0.007564545620534257,-0.06858820699325006,0.014155303040155125,0.017617117461582787,0.015813977914441,0.9787976097785354,0.004851186065990715,8.515698369789291e-05,-0.0011895149607194407
0.02061954815234869,-0.2180553016393995,0.23478267777277298,-0.022517390837019646,-0.018716925357118927,0.047924172114946546,0.012048091427282522,0.018189069775907764,0.9931437201199335,0.005085968743763488,0.00010577653185024161,-0.0014075702623588403
-0.02837136433631984,-0.11783735231345879,0.17488174128113385,-0.03005289248786055,-0.034073534077986835,0.04588423629533266,0.019518767980146193,0.016899062630085036,0.9906923262100316,0.005260850485044621,7.740516751392177e-05,-0.001525407614672299
-0.018656058519400325,-0.1461002845226269,0.1964491899505621,0.014751399221408433,-0.07735499435169302,0.06760860509499965,0.018372742756227398,0.019119683532451193,0.986904278753715,0.0054572996749951835,5.874910899452144e-05,-0.001671507899194926
0.13149383707288761,-0.08376404987773184,0.12114809006395086,-0.0006956553805194006,0.006950828700507389,0.07418120699006221,0.02218760404636414,0.02648315805330508,0.9908461388343278,0.005578447765059134,0.00019024294606740906,-0.001755271949072658
0.09372265240631444,-0.2084857522944445,0.03764483845721443,0.03177544604594579,0.01199296434676187,0.09884922171675957,0.016066491952900858,0.026033094944613967,0.9829386655929272,0.0056160926035163485,0.0002839655984737235,-0.0019637577013671024
0.1013772085233906,-0.2545715165576784,0.02729752660984445,0.0449694818512452,-0.034165867344023035,0.09181382560798161,0.011753927640259818,0.020205099146606877,0.9811526778693108,0.005643390130126193,0.0003853428069971141,-0.002218329217924781
0.1494800569315439,-0.174214751297257,-0.06969740845284049,0.006997476782259683,0.03932338503707083,0.12351223898842004,0.01605944597466687,0.020204974230566095,0.9879408320798309,0.005573692721673353,0.000534822863928658,-0.0023925439692220377
0.0804007309849264,-0.03952415246884999,-0.10107646939108,0.037013412558631276,0.05449364258754591,0.05037168119265782,0.008661725239076407,0.02339736458057598,0.99275383459549,0.005472616252282273,0.0006152235949135844,-0.0024320681216908877
0.1677182958217288,-0.17807266946049302,-0.18219656115011476,0.047846211643364334,0.07475794454116977,0.09088978111597616,0.014128760103632038,0.012396221173542473,0.9893206204220559,0.005290419691132158,0.0007829418907353132,-0.002610140791151381
0.11062577633869738,-0.21108680245458183,-0.15643642350282902,0.08423415941118657,0.04173498250160764,0.07033074560374633,0.013751736120687107,0.012602833127857779,0.981777237774755,0.00513398326762933,0.0008935676670740107,-0.0028212275936059625
0.12121261162418481,-0.11684528358800032,-0.3030530252502204,0.04745197559736941,0.06556413904775943,0.02178000366098507,0.016695419109965987,0.019912869655550284,0.9888797249840192,0.00483093024237911,0.0010147802786981954,-0.002938072877193963
0.15289227385873577,-0.08425317694875877,-0.282979271584913,0.035718811042401995,0.10233638403343363,0.038712716543844665,0.011360870442550292,0.026634907202140866,0.9937761765533779,0.004547950970794196,0.0011676725525569312,-0.0030223260541427216
-0.02043158725364455,-0.037834929100728054,-0.26937341484816624,0.043583238547998664,0.12085562690798987,0.009273369963247615,0.02050862510384497,0.011116998039694606,0.9942040237449293,0.00427857755594603,0.0011472409653032866,-0.0030601609832434495
0.15578111226097752,-0.0871277796222392,-0.2178075065222076,0.046821059568111535,0.08782610529022576,0.06414140683957162,0.026042040651497723,0.030170845782756035,0.9824904079512056,0.004060770049423823,0.0013030220775642643,-0.003147288762865689
0.2596096510814965,-0.07368680406656186,-0.16139707387203966,-0.0017146253308482767,0.11663035886408202,0.10180597526948976,0.017109223410464572,0.022106080705712166,0.9902525267605075,0.003899372975551783,0.001562631728645761,-0.0032209755669322508
0.24795340004368954,-0.13574966244148093,-0.15302047511472383,0.048199188111720664,0.10686416031186094,0.05350038341396207,0.0225093334222476,0.02031558621601521,0.9971327276404122,0.0037463525004370586,0.0018105851286894506,-0.003356725229373732
0.39300030747861275,-0.04810995541668073,-0.30342494821034766,0.0461814438593348,0.12868413351230829,0.06111407893633456,0.015082543947304716,0.014000766197733999,0.9899695394227578,0.0034429275522267115,0.002203585436168063,-0.0034048351847904123
0.1375431569696845,0.03951038406007238,-0.13267992593651934,0.03590606062743909,0.11016479047563643,0.035804983923055124,0.028802936488339075,0.01842803485565042,0.9935619466016323,0.0033102476262901917,0.0023411285931377473,-0.00336532480073034
0.1666066364092848,0.1308554218255672,-0.23400202501803602,0.04810748756800334,0.10550917142640218,0.0032486787646581836,0.008098710557305985,0.025966663346885518,0.986302881621765,0.003076245601272156,0.002507735229547032,-0.0032344693789047724
0.04478084603326393,0.07222005172731401,-0.1216813984673265,-0.003299854968288725,0.11452131930847019,-0.007490591218116677,0.021725455668791967,0.02441169253161611,0.9854595626743284,0.0029545642028048296,0.002552516075580296,-0.0031622493271774585
0.07340325123548132,0.10294637117390258,-0.14626935127615054,0.053766453683681346,0.09716268416721988,0.017660958960054852,0.011452242856587172,0.01931863831967591,0.9865845691282177,0.002808294851528679,0.0026259193268157767,-0.0030593029560035557
0.005932774508320263,0.08764740957357821,-0.008464896094352612,0.04982291686185803,0.09899500968974384,-0.00659271783379752,0.023887191658254002,0.028061154273138694,0.9906930196218409,0.0027998299554343265,0.002631852101324097,-0.002971655546429978
0.08173018578078103,0.19700312063278003,0.029870014723840387,0.0413894155583463,0.05235064148832412,-0.013557851762639616,0.015237491886718529,0.027986123652503702,0.9943008709929931,0.0028296999701581667,0.002713582287104878,-0.0027746524257971973
-0.018103780027428205,0.2086087229791576,0.08159309168559252,-0.026627247915709203,0.11412471208093157,-0.019061018712431446,0.02328712174886001,0.025573663776809613,0.9891005721640189,0.0029112930618437594,0.0026954785070774493,-0.0025660437028180395
0.1390153559716022,0.11024450006397683,0.15157696225361866,-0.02020808694293058,0.07209321848905936,-0.009869304955885944,0.022380788222912396,0.02360926999366546,0.9912104541552487,0.003062870024097378,0.0028344938630490515,-0.002455799202754063
0.07756823339988746,0.15403098312162072,0.19215837548680023,-0.04145754589321288,0.027237356946352674,-0.005344095819782275,0.014773816132365423,0.021988799227514313,0.9986460148288728,0.0032550283995841783,0.002912062096448939,-0.002301768219632442
-0.09019057413035393,0.1317362849861053,0.31070031886343813,-0.028894853379410314,0.04741375161454616,-0.04467059650267786,0.020587462627229748,0.024098656286483944,0.9949318055673956,0.0035657287184476163,0.0028218715223185848,-0.0021700319346463367
0.01131195401460143,0.1927213274796901,0.23357665902362093,-0.029792031090609475,0.040425599868349156,-0.0352409863573328,0.017148286083942553,0.0300619259853875,0.986608940899947,0.003799305377471237,0.0028331834763331864,-0.0019773106071666463
-0.02287789637486394,0.18965065446399973,0.18294046891084254,-0.05922109142282648,0.009099261354488658,-0.055609068453915035,0.021474169843119006,0.03277163453747766,0.9892577058720236,0.00398224584638208,0.0028103055799583226,-0.0017876599527026468
-0.041833269369199955,0.05892102578453011,0.22548224375619103,-0.08166576154547808,0.00825207093940351,-0.05280901789501396,0.021019060759652753,0.025724156179751684,0.9973839045270662,0.004207728090138271,0.0027684723105891227,-0.0017287389269181168
-0.09063991510270067,0.07933967182544469,0.27634698139137,-0.10003329218857493,-0.020354704142873305,-0.036889078740880606,0.024631395189622044,0.03683731445045548,0.9944413706399149,0.00448407507152964,0.002677832395486422,-0.001649399255092672
-0.05206708613462936,0.18380161538909331,0.15478279915083948,-0.06020088176497625,-0.038229020721995764,-0.02527515967706686,0.01969152353780664,0.026043525026270133,0.995581328049663,0.0046388578706804805,0.002625765309351793,-0.0014655976397035786
-0.09068163030234984,0.058475585186155185,0.2569800014053134,-0.11915472983175389,-0.018198890195076586,-0.04879328734429209,0.018563009517154293,0.03716116040948346,0.990390407256674,0.004895837872085794,0.0025350836790494426,-0.0014071220545174236
-0.21564617949916068,0.021384528242118908,0.2765885348817336,-0.07620976650244765,-0.05661815957916732,-0.02418437721269203,0.013606372859225578,0.023170025820003638,0.990724383276138,0.005172426406967528,0.002319437499550282,-0.0013857375262753045
-0.33981026731393993,0.07073626656279117,0.05747184145039916,-0.058160917247507965,-0.0358412197686788,0.0032182196182757826,0.019414172637750193,0.03176237714229243,0.9836513215378397,0.005229898248417927,0.001979627232236342,-0.0013150012597125133
-0.23615568736770196,0.043789267826156886,0.04465202166979341,-0.09574488691271654,-0.03133965611947219,0.024935529677208808,0.010770459192759523,0.025450105279659126,0.9882952102001622,0.00527455027008772,0.0017434715448686401,-0.0012712119918863564
-0.24872769541509993,-0.11695793010968925,-0.023393193659150727,-0.07947678696786953,-0.06886505737166569,-0.07241014712778482,0.013355329197804227,0.02862266242538776,0.9985265052489414,0.005251157076428569,0.0014947438494535403,-0.0013881699219960458
-0.2710462330492186,-0.06913699466394721,-0.04829998902761251,-0.054922183416098724,-0.07656144721361796,0.04077182193761521,0.018751276646101368,0.026898202980864205,0.9887577111909037,0.005202857087400956,0.0012236976164043214,-0.001457306916659993
-0.23348617058188503,-0.15364648044803889,0.00886114303663793,-0.05481746794529892,-0.08673337067885427,0.0010866300548489586,0.024294109696421564,0.019147839973066016,0.9921023092085104,0.005211718230437595,0.0009902114458224364,-0.001610953397108032
-0.26973207705042485,-0.17524377721142684,-0.053212345754856324,-0.09689903627456387,-0.0848095743138926,-0.011040924412956619,0.021614735459688336,0.030494022364655857,1.0092224229079656,0.005158505884682738,0.0007204793687720115,-0.0017861971743194588
-0.24851087897506868,-0.2637090464876255,-0.2800910173636658,-0.020012298337886585,-0.09433911625581165,0.014912327791743554,0.016204392419770185,0.025041501958773544,0.9975409902303664,0.004878414867319073,0.0004719684897969428,-0.002049906220807084
-0.26021015029508665,-0.16670153636591445,-0.21477615303896463,-0.0886837755013026,-0.09604521770776114,0.03396264163208228,0.019302682162255207,0.031020623914218465,0.9943549706791875,0.0046636387142801085,0.00021175833950185614,-0.002216607757172999
-0.15773942227792742,-0.25486127310835444,-0.28993979256290203,-0.03468099997935835,-0.11306899095926243,0.00906518842713711,0.016591840999846307,0.01868691275356088,1.000476567815048,0.004373698921717207,5.4018917223928717e-05,-0.0024714690302813534
-0.33162336896019357,-0.20130925620241244,-0.32062031942422353,-0.014526293537730082,-0.09573048913021183,0.0127112660616916,0.019577149606138995,0.023865404281529848,0.9896845265395489,0.004053078602292984,-0.00027760445173626486,-0.002672778286483766
-0.19430491988997634,-0.3891015659355319,-0.4359528916426352,-0.024513598079472912,-0.030369279567105854,0.05624046579147517,0.02037203006266201,0.024847034415126812,0.987841635991127,0.003617125710650348,-0.00047190937162624124,-0.003061879852419298
-0.06609968898304866,-0.3531195917796941,-0.4683980466201848,-0.028483686519539007,-0.037516354885999324,0.0445075537783074,0.023016058623846116,0.028578150169768238,0.993895438513322,0.003148727664030163,-0.0005380090606092899,-0.003414999444198992
-0.1568099572687411,-0.3822686112776021,-0.43975526397761494,-0.015866381245935677,-0.07137682000522613,0.10890244584716649,0.01038178411044579,0.024036135979646694,0.9914540697917821,0.0027089724000525484,-0.000694819017878031,-0.0037972680554765937
-0.22891375765731226,-0.3574607293313207,-0.49082734952701357,0.044414907064765474,-0.023468957075333457,0.02739061718949265,0.016072470257566397,0.014244267992442331,0.9956462363082674,0.0022181450505255346,-0.0009237327755353433,-0.004154728784807915
-0.18672155237592175,-0.3455820344206461,-0.37983971094513463,0.07709376443161296,-0.0326240741811715,0.1036388056310255,0.021883032604462983,0.026625344328758304,0.9904142693829711,0.0018383053395804002,-0.001110454327911265,-0.00450031081922856
-0.14241258563603904,-0.27944793067451,-0.4075863556059708,0.0023143850289916194,-0.08692832781503172,0.023968976179100716,0.016801806138213474,0.02467178229384126,0.9868360711413953,0.0014307189839744294,-0.001252866913547304,-0.004779758749903071
-0.09666831866278455,-0.32688993407283584,-0.39737086348957795,0.03588219686443442,-0.01155508388184237,0.01835167680188863,0.02223777016843984,0.016606739013574432,0.9998982463632725,0.0010333481204848512,-0.0013495352322100886,-0.005106648683975906
-0.09458855782328147,-0.3456625414271092,-0.31564956258163057,0.0734714723537545,-0.024606021483816336,0.021641837472261984,0.02070519495428701,0.028868779924198607,0.9930233446972162,0.0007176985579032206,-0.0014441237900333702,-0.005452311225403015
-0.026507190200042365,-0.2397909023553341,-0.29085734211957864,0.069144603006697,-0.03421803800953146,-0.014460601565920628,0.020832887728578303,0.0313047840502489,0.986304508982609,0.00042684121578364195,-0.0014706309802334126,-0.00569210212775835
0.05061176989696722,-0.2441710736581167,-0.3261657171025565,0.10982233345815323,0.006882156818389495,0.004575516867990971,0.017334230568548943,0.028971561426961327,0.9919569817385618,0.00010067549868108546,-0.0014200192103364453,-0.005936273201416466
-0.04237861709896243,-0.11632562988796773,-0.2429427321189652,0.08700115225091207,-0.014318749323834298,-0.0024909479451405304,0.01960728112614059,0.027990053638521403,0.9927813799079541,-0.00014226723343787974,-0.0014623978274354078,-0.0060525988313044335
-0.0012816675138404097,-0.19254814578543394,-0.2390165852451445,0.08054647066614762,0.01707357904411447,0.04563423558288054,0.024790546855533654,0.02945224446506127,0.9980398037569151,-0.00038128381868302426,-0.0014636794949492483,-0.006245146977089867
0.029947840132454464,-0.02710025684685051,-0.10173399917613661,0.04189962702740594,0.056674463907380894,-0.002901880146200431,0.013796920355230998,0.03151558092572306,0.9894188847777438,-0.0004830178178591609,-0.0014337316548167938,-0.006272247233936718
0.16220016937994353,-0.004965717121880396,0.07160836821888987,0.09145855909126684,0.051784510362161314,-0.004401311711289822,0.017865099675808585,0.036117742257675986,0.9894034917009097,-0.00041140944964027104,-0.0012715314854368504,-0.006277212951058597
0.1281101761491854,-0.10535230956816424,0.09796403742574915,0.08518815276432831,0.04376257374722558,-0.031295184782825565,0.025926245784878864,0.03583455429875862,1.0024369346916517,-0.0003134454122145218,-0.0011434213092876649,-0.006382565260626762
0.112313238762521,-0.06044701993270958,0.13145472682641426,0.08089322368323071,0.04929251194814537,-0.037408640091899724,0.022740108026891918,0.029057604271590272,1.0026467643131698,-0.00018199068538810758,-0.0010311080705251439,-0.006443012280559471
0.16295441070702524,0.10996687534637012,0.12449532139599133,0.08693113829421825,0.05659847157022012,-0.02150153672155298,0.0073835119585866586,0.03040115913452555,0.9970369193526512,-5.749536399211623e-05,-0.0008681536598181187,-0.006333045405213101
0.16706536956231763,0.08707745731309277,0.22506593562374871,0.1046265077861378,0.09329675760869685,-0.04342114017083244,0.023457321117585313,0.02928116019866571,0.9940813522355186,0.00016757057163163246,-0.000701088290255801,-0.006245967947900008
0.19526691206862945,0.23134879181422568,0.30275344267148946,0.10659861520005973,0.08119177805265648,-0.06939635791014488,0.017577069062574113,0.033289239922236216,0.9959638485834493,0.000470324014303122,-0.0005058213781871716,-0.006014619156085782
0.22989225322375373,0.10028177248732838,0.3770065504153882,0.01844166422189201,0.059873141940462525,-0.08029164620444566,0.014650453375884928,0.023905310222984803,0.9913624475652056,0.0008473305647185101,-0.0002759291249634178,-0.005914337383598454
0.18943144125172628,0.2565066171123213,0.4786314172676184,0.09473998017492134,0.07789698969287298,-0.09764516573404271,0.010279154144470832,0.028588050949408042,0.9982385952961631,0.0013259619819861283,-8.649768371169153e-05,-0.005657830766486133
0.32085624750912844,0.2047127330134929,0.4831886190749757,0.06413629817917266,0.07703824866064954,-0.08085435995724634,0.015478371906689695,0.027397420997393264,0.9969935261631881,0.0018091506010611041,0.00023435856379743693,-0.00545311803347264
0.1837545582551596,0.24695234671248892,0.4429132164852458,0.0639433739821936,0.0535889288101717,-0.024888114054077128,0.014286351734454465,0.024308421866673306,0.9962227948749258,0.00225206381754635,0.0004181131220525966,-0.005206165686760151
0.22581788620286225,0.4153154806138368,0.41945631633303204,0.06581997122484959,0.06966159404806554,-0.08970677636285623,0.016690076042583362,0.024934249514575218,0.9986244324593831,0.002671520133879382,0.0006439310082554589,-0.004790850206146315
0.22012113859228064,0.32864488076296006,0.4623059948259721,0.06094080442000194,0.020464462805221458,-0.06273194148917413,0.03043857035837516,0.02208530946140142,0.9932746971577289,0.0031338261287053542,0.0008640521468477394,-0.004462205325383354
0.21607994071881736,0.3289622775352571,0.4308595917218352,-0.02294492353578343,0.05077753546481807,-0.04614052460959987,0.017017274866825027,0.03518921281029795,0.9924569493905969,0.003564685720427189,0.0010801320875665568,-0.004133243047848098
0.1657336490381071,0.3265346683037845,0.3612655430220822,0.009414778344778734,0.03808921440617366,-0.06663185773619361,0.015162581033522578,0.0395145922005728,0.9893492764821578,0.0039259512634492715,0.001245865736604664,-0.0038067083795443133
0.16613182263193577,0.301195369779555,0.4110356092835037,-0.018748220346710576,0.013922713463702927,-0.0013688318495556368,0.01280110209293079,0.03911330457456991,0.9975759448903624,0.004336986872732775,0.0014119975592365996,-0.0035055130097647585
0.2899627143154011,0.3072742989921948,0.2583913305977632,-0.003119889381353558,0.048017298132905534,-0.032441651356062834,0.0210634499353436,0.03455428048846073,0.9905122131163189,0.004595378203330538,0.001701960273552001,-0.0031982387107725636
0.24903989048036018,0.1771037180514572,0.2768006507612667,-0.034267623212705045,0.028856018012277013,-0.02765335405195729,0.023073972883766173,0.031115334509738905,0.9923256824814289,0.004872178854091805,0.001951000164032361,-0.0030211349927211067
0.16532797287826814,0.28766509148406316,0.1690175584997603,-0.02036369009094003,-0.018468131341183743,0.00462252503335024,0.01918585180094159,0.026910827374044426,0.9891093852755917,0.0050411964125915655,0.002116328136910629,-0.0027334699012370434
0.17007394616567903,0.26855864972485793,0.12829695601913377,-0.04417869387617385,-0.008532626575548298,-0.027398942767428207,0.01706050203339173,0.031143068551798183,0.9980766703694557,0.005169493368610698,0.002286402083076308,-0.0024649112515121854
0.16238413849740796,0.3339679094725993,0.1585183824101315,-0.07865740855494517,-0.03465013448498711,0.0029693075896200724,0.02804793501268904,0.030661755771154424,0.9916915682405075,0.005328011751020829,0.002448786221573716,-0.002130943342039586
0.2059074828048566,0.21437741371403438,0.07522976403891116,-0.04870694811028251,-0.021286201192165698,0.0034007137066879743,0.015172003453303065,0.02287407639447603,0.9958664652735396,0.005403241515059741,0.0026546937043785725,-0.0019165659283255515
0.20328975486493872,0.1554369614312605,0.04025600804480417,-0.053661289290866644,-0.07346058078193012,0.08624854578424168,0.02295934671332074,0.027769090944854788,0.9964907948855601,0.005443497523104545,0.0028579834592435114,-0.001761128966894291
0.09088973288383033,0.1690514718731761,-0.14704414024068715,-0.09193411754325163,-0.04863097921324346,0.08571246995906735,0.02603074366254072,0.03229134633617475,0.9921704495376116,0.005296453382863858,0.0029488731921273417,-0.001592077495021115
0.07958538634541024,0.16577041530018702,-0.1467169385606611,-0.11195210708376144,-0.06831307278307154,0.07250578712968947,0.015375743903243855,0.02177004856428915,1.0086717385272277,0.005149736444303198,0.003028458578472752,-0.0014263070797209277
0.04794327328579835,0.03265688866639205,-0.1577330816172255,-0.050080247328909575,-0.10573356096574722,0.05994328692161569,0.019200361217433015,0.03161725558410865,0.9881012499026015,0.004992003362685973,0.0030764018517585503,-0.0013936501910545357
0.0732484675799305,-0.020276290352451,-0.19611444850808155,-0.035695485098370304,-0.1281681822762022,0.08182417940151183,0.018047501125019644,0.02010937229586525,0.9903859609033414,0.004795888914177891,0.0031496503193384805,-0.0014139264814069866
0.11811094977161901,0.0020156303694620556,-0.20779083647555455,-0.08410990900776456,-0.11466500435744184,0.09197221885365368,0.019350781739640416,0.025587126912818323,0.9878427048075279,0.0045880980777023355,0.0032677612691100993,-0.0014119108510375245
0.1258677848175605,-0.07304743233239361,-0.2402894685953872,-0.05329953919982093,-0.11761023344961796,0.11249714539325135,0.01990456365574304,0.023622725612699062,0.9974388511809756,0.004347808609106949,0.0033936290539276597,-0.001484958283369918
-0.10755118055537916,-0.05924560883421184,-0.27069517311479785,-0.05290397034705405,-0.09128243347738918,0.09914813498711708,0.03031177541120715,0.024665776346655784,1.0023821121022272,0.004077113435992151,0.0032860778733722813,-0.00154420389220413
-0.0473373812961772,-0.15556939646671475,-0.21193027244497897,-0.024454894018215965,-0.09762874004248218,0.01548327322883746,0.01714048014611967,0.020790954373424986,0.997155553228942,0.003865183163547172,0.003238740492076104,-0.0016997732886708445
-0.0373164347919774,-0.11417779437668685,-0.23504391446875492,-0.023273529130186363,-0.08127750994115414,0.07596211952796757,0.019419949486939165,0.036050913692872624,0.9947014307985602,0.003630139249078417,0.0032014240572841267,-0.0018139510830475316
-0.07944794195891554,-0.1338556845890628,-0.30758002606304424,-0.04255061295195015,-0.13016640168914584,0.10093199934951748,0.026085030732468182,0.037880214203647275,1.0009888655866495,0.0033225592230153723,0.0031219761153252115,-0.001947806767636594
-0.11032834254692986,-0.20596881603856054,-0.14789202918913716,-0.05433498873694349,-0.07045097914160572,0.07458741024150166,0.029316838485963698,0.02126468003975221,1.0022065368806856,0.003174667193826235,0.0030116477727782816,-0.002153775583675155
-0.04710374178106862,-0.2178626237676629,-0.23541050469459118,0.018036259288802575,-0.12487899076201925,0.1076102409642691,0.017411143515141888,0.029418704063967238,0.9911122529848081,0.0029392566891316436,0.002964544030997213,-0.0023716382074428183
-0.11750636714538557,-0.21986449939484953,-0.1515395394898439,-0.010203712674938054,-0.12806856842739706,0.037940138129833996,0.01921030977897875,0.03790091834813587,1.001330668099784,0.0027877171496417997,0.0028470376638518274,-0.0025915027068376677
-0.17680809494514393,-0.2797298786646919,-0.050571398532520295,0.062409861377738934,-0.07871284657838955,0.07865476632505328,0.02256263031711994,0.031192482447424258,0.9960014159770996,0.0027371457511092792,0.0026702295689066836,-0.0028712325855023597
-0.1289959980467576,-0.2557027293868231,-0.10660072344886765,0.04826744150156485,-0.12966036428906985,0.10461392764377167,0.021940186378557148,0.037374166208968024,1.0018870834920022,0.002630545027660412,0.0025412335708599257,-0.0031269353148891833
-0.17916224097324793,-0.12939600952585179,0.08596159023623609,0.0647810801234435,-0.05423919884585655,0.07356425056126946,0.016448068077340734,0.035542401686763044,0.9833469593418284,0.0027165066178966475,0.0023620713298866777,-0.003256331324415035
-0.009573830932966251,-0.18991661510575553,0.06739529603540338,0.040044012756938446,-0.077044475257426,0.057471268967157964,0.020326763553341752,0.04235927250336321,0.984423492984476,0.0027839019139320508,0.002352497498953712,-0.00344624793952079
-0.2453665794805947,-0.18249445079182441,0.1920097693673565,0.043459535282760385,-0.04791447780261954,0.020883964780682947,0.028528661193842994,0.04090327531129151,0.9933794044849321,0.0029759116832994074,0.002107130919473117,-0.0036287423903126146
-0.055569567607615944,-0.23712147910722153,0.18461557580537913,0.07536651416468737,-0.011118687507057485,0.06062073126118015,0.02598065257652673,0.032616663142902326,0.9988579880465565,0.003160527259104787,0.002051561351865501,-0.0038658638694198362
-0.03154686263259146,-0.1477330061169608,0.21420732632346665,0.06491564035917206,-0.038987782034754837,-0.017654180647164848,0.014159886500779626,0.04124668705585976,0.9855386040616504,0.0033747345854282535,0.0020200144892329095,-0.004013596875536796
-0.09400572802618987,-0.06992751750194989,0.2082752551613251,0.027721428253231137,-0.025705063911269487,0.015736136870174673,0.020129954404825033,0.036471173724978406,0.9949474688681476,0.0035830098405895783,0.00192600876120672,-0.004083524393038746
-0.2619355460994573,0.01364187504732163,0.2416871769465755,0.059283402916617975,0.010588307710059138,-0.02663127836013021,0.023684183332090665,0.02985995870905133,0.9933513119130167,0.0038246970175361537,0.0016640732151072626,-0.004069882517991424
-0.13085233567925836,-0.020627708054294945,0.2738227187716964,0.06282395779038137,-0.00902897464274223,-0.041289722215826836,0.02446648229004299,0.033427952691931724,0.9894876102181032,0.00409851973630785,0.001533220879428004,-0.004090510226045721
-0.058653662179597076,-0.1225941267346513,0.21274555286692598,0.02887784557409659,0.021740159905233085,-0.0077480391606813016,0.017152237190342708,0.02907354550273003,0.9980236694267135,0.004311265289174775,0.0014745672172484072,-0.004213104352780372
-0.03645794841526775,0.10141759924094543,0.3107615276444443,0.08396407512183868,0.06401505887859237,-0.01842136831588425,0.024540399174994253,0.04259839780368112,0.9915628358645914,0.0046220268168192195,0.0014381092688331393,-0.004111686753539426
-0.06574402998589204,0.13000259560937164,0.17738337989462954,0.05421197785271135,0.10343831853192893,-0.031477321350498015,0.030664359480811282,0.03313916420946808,0.9890987007245964,0.004799410196713849,0.0013723652388472473,-0.0039816841579300545
-0.025326812517552505,0.050740647919130966,0.2304388485662065,0.026916099799176342,0.035053135964349086,-0.03276469088440901,0.018930711263447173,0.027641771960137236,0.9937737222448426,0.005029849045280055,0.0013470384263296947,-0.003930943510010923
0.046081271337989685,0.1705667197696609,0.15900977867646346,0.04299303399609004,0.05441284265916203,-0.058327855522221535,0.013162932967942135,0.03828909176965659,0.9884272706996948,0.005188858823956519,0.0013931196976676844,-0.003760376790241263
-0.002750918529028791,0.15680397954868605,0.18709964780768823,0.004533893250058586,0.06128286523001973,-0.012362865266712474,0.02730259862106661,0.03781636933734962,0.9976130858279638,0.005375958471764207,0.0013903687791386556,-0.0036035728106925766
-0.01224794044435705,0.1716830153007391,0.07731702870634985,0.004296975635673172,0.12406094558673224,-0.03301345073902081,0.01637236913463577,0.04474296803242474,0.9990596252383064,0.005453275500470557,0.0013781208386942985,-0.003431889795391838
-0.0010669091045803602,0.14895834139230066,0.04281842891759906,0.006431017894775429,0.08450201525950576,0.03688605277755124,0.02261921929541657,0.038858309281119316,0.9978544248510519,0.0054960939293881555,0.0013770539295897182,-0.003282931453999537
0.008179320975674977,0.12450782387087941,-0.021830565292370138,0.022580104456925997,0.10186598934063494,0.00011788875782919005,0.020542473594437078,0.030982006687101042,0.99567556387399,0.005474263364095786,0.0013852332505653933,-0.0031584236301286576
0.0005390690999867234,0.12187002717641798,-0.054761385923611364,0.014788867268225153,0.12091985266266427,-0.01871043720280101,0.02064126486877717,0.038618330670204176,0.9958579240738155,0.0054195019781721745,0.00138577231966538,-0.0030365536029522393
0.05418648018173759,0.17787865304430836,-0.1718042304399399,-0.044843834238741095,0.1317351650035659,-0.025513871442990742,0.024837357539783046,0.03507806244582723,0.9873879746233105,0.005247697747732235,0.0014399587998471177,-0.0028586749499079312
0.03951366917488476,0.22156961709681208,-0.23220348275457775,0.016905010210992395,0.14391672808970288,-0.020562791641708912,0.02485294746447761,0.03145048161622476,0.9924085561402104,0.005015494264977657,0.0014794724690220023,-0.0026371053328111196
0.1220264460331956,0.16803517204933388,-0.21761036588585028,-0.05259069177944006,0.07388679237645276,-0.0025855392693820423,0.02124389465188409,0.03906472028412127,0.9939081538624945,0.004797883899091806,0.001601498915055198,-0.0024690701607617853
-0.05174040517482503,0.16181771226827923,-0.3799489560000656,0.009498347717920392,0.10745291512116176,0.0686565999613891,0.02197938400599897,0.03765063261939244,0.9997804430472793,0.004417934943091741,0.001549758509880373,-0.0023072524484935063
0.1131341714124181,0.22764834731507322,-0.38874273525283326,-0.07596652513112342,0.1265524951143186,0.006881726888061589,0.018126177862357536,0.034931316827337265,0.9945297759263844,0.0040291922078389076,0.0016628926812927909,-0.0020796041011784325
0.1304971013611648,0.20380749633196527,-0.42371965497433955,-0.07574364883061772,0.10846959845639367,0.005609976997187254,0.01812476896588881,0.03378871510227682,0.9954047616293838,0.003605472552864568,0.0017933897826539558,-0.0018757966048464675
0.08344315374821022,0.06454174802637902,-0.440473063850841,-0.1305971085112263,0.08455874402698071,0.0044790702280500475,0.022882285406022815,0.02541686203907384,0.9991592303021197,0.003164999489013727,0.001876832936402166,-0.0018112548568200886
0.10914615949594966,0.07523170598420947,-0.4613397363798116,-0.07414563779960047,0.02007194438970608,0.016569323251555954,0.01892022080990183,0.04609941100311918,0.9905804331315776,0.0027036597526339154,0.001985979095898116,-0.0017360231508358791
0.1495604169338693,0.04334673574826064,-0.44857138973090166,-0.11459549796157514,0.09850715984799957,0.020492534277410525,0.02247619981890348,0.03583158762744672,0.9981348403689331,0.0022550883629030138,0.0021355395128319853,-0.001692676415087618
0.11279771724458953,0.07891788460408627,-0.4000131281585031,-0.06459255682206808,0.06451198443296136,0.07492587498735855,0.01083415411581506,0.035781153667580966,0.9877358480670088,0.0018550752347445106,0.0022483372300765745,-0.001613758530483532
0.14638592646427318,-0.04536003292326309,-0.4229644265642378,-0.09453646107417686,0.09766162792107765,0.03801220707417298,0.01765969160179198,0.03502090071025498,1.000423478511825,0.0014321108081802728,0.0023947231565408476,-0.001659118563406795
0.07502952776035945,0.008832950931962222,-0.46351349888867033,-0.09604705649020433,0.03908201326363354,0.08053538380685434,0.00933866812405999,0.03301647614499233,0.9901890727134813,0.0009685973092916025,0.0024697526843012077,-0.0016502856124748326
0.02573415853260058,-0.015308455940153745,-0.39745913458793575,-0.10252018481657846,0.03960494983153745,0.10037900398518149,0.01302839198675258,0.04326195748355811,0.9906869098880142,0.0005711381747036666,0.0024954868428338083,-0.0016655940684149864
-0.011059813181372724,-0.10097228282078755,-0.30088438399761436,-0.09829899488805267,-0.0020087092776698667,0.04031215454708523,0.023375173738025366,0.02921109273808338,0.9972707511293563,0.00027025379070605226,0.0024844270296524354,-0.0017665663512357738
0.02141423394185797,-0.16875485654464015,-0.2090751299398343,-0.10233989454888918,-0.05341317566556609,0.05512305015847254,0.014571196110657297,0.03607223201986726,1.0054485178800878,6.117866076621792e-05,0.0025058412635942935,-0.001935321207780414
0.12205576640543328,-0.25059710015002373,-0.24406605961844074,-0.06361073603747183,-0.016614954338178646,0.048903161296738384,0.022672059910605797,0.040181908355028634,0.994458847906754,-0.00018288739885222283,0.002627897029999727,-0.002185918307930438
0.004083907275158935,-0.20099858263605275,-0.12677382393326134,-0.06729440714334464,-0.0368968441365441,0.06505496740413153,0.02310553673301785,0.0436835547340722,0.9965879398022888,-0.00030966122278548415,0.0026319809372748857,-0.00238691689056649
0.11058520540172041,-0.22535262655568508,-0.021671325149398585,-0.06872697164173067,-0.03535624107902284,0.06623777253130739,0.02721819585801251,0.03856509752631688,0.9936465649067404,-0.00033133254793488273,0.0027425661426766063,-0.0026122695171221753
-0.07715349781418837,-0.21902794876905468,0.04737919961412458,-0.024767454744683542,-0.025613227446735398,0.00040443163785071866,0.024370069091933996,0.034395923221392906,0.9919754463539974,-0.0002839533483207582,0.0026654126448624176,-0.00283129746589123
-0.03781662863206319,-0.3179813819995049,0.11979552669967644,-0.03742146895648186,-0.050876014820837895,-0.003170698655982034,0.017510981625572648,0.04089595441587905,0.9963464485931409,-0.0001641578216210817,0.0026275960162303546,-0.0031492788478907348
0.05998072303111177,-0.39045318660650274,0.29168750758355977,0.021888046142885052,-0.05856139300020517,0.03477234185387264,0.019463853475187497,0.037280224104797255,0.9962872858603423,0.00012752968596247807,0.0026875767392614664,-0.0035397320344972374
-0.0049571307483728105,-0.3247562339834834,0.14800575163309698,-0.001822035106454616,-0.05036398296294892,0.04130239081595914,0.026593131021850725,0.03372101287841078,0.9923049114446231,0.0002755354375955751,0.002682619608513094,-0.0038644882684807213
-0.007228869148526546,-0.2710621577460197,0.274671681664759,-0.00810177130665159,-0.09240817753815139,0.037313356044784335,0.01644596623073118,0.039546134182327566,0.9968055352681541,0.0005502071192603342,0.0026753907393645675,-0.0041355504262267405
0.00100891119612969,-0.2871783344162475,0.3953372030676307,0.035942973338450236,-0.11538956407710879,-0.013635735732955763,0.021408678464278352,0.04020491694638263,0.9954907282794864,0.000945544322327965,0.0026763996505606968,-0.004422728760642989
0.06026978747716902,-0.2964115964226488,0.2571116605450637,0.06067432491083111,-0.08837536945043283,-0.03314787417307596,0.027012640960157486,0.03387390875249543,0.9941980191319433,0.0012026559828730286,0.002736669438037866,-0.004719140357065638
-0.0505482478020794,-0.2800009194983309,0.4482309503875873,0.09225846906145009,-0.07365033957998654,-0.03567117220744744,0.017937374210141716,0.031013458666000252,0.9991208655467807,0.0016508869332606158,0.002686121190235787,-0.004999141276563968
-0.1396903338125883,-0.20362412363338606,0.5459527235408289,0.05971452459225425,-0.07837215204793077,-0.03988081100584391,0.02004697337662214,0.032256163295753516,1.0021838245235295,0.0021968396568014447,0.0025464308564231986,-0.005202765400197354
-0.1575226038770137,-0.2615786061076626,0.4385660332609359,0.06536185489916897,-0.08154273289286085,-0.06794379194607203,0.026312579806242294,0.0321260291948142,0.999615250777533,0.002635405690062381,0.002388908252546185,-0.005464344006305017
-0.19477238664890986,-0.2895857620843456,0.44408430260752724,0.08418419357478191,-0.006730214838455676,-0.05516611408926599,0.02352019763077821,0.02717842703291786,1.0052544301015698,0.003079489992669908,0.002194135865897275,-0.005753929768389363
-0.13411655632396166,-0.2317849317228871,0.35976523350240064,0.10398783612098389,-0.07095300387987784,-0.020397530073749906,0.019221870179287462,0.031138951862332637,0.9885915056597079,0.0034392552261723087,0.0020600193095733133,-0.00598571470011225
-0.12390751047227958,-0.10634044687868466,0.4894313748635017,0.07630995252717956,-0.05266582891698132,-0.10675806625679514,0.01731906199608771,0.043524565923162575,0.9952957396420768,0.003928686601035811,0.0019361117991010337,-0.006092055146990935
-0.23133722520511524,-0.2530867103940123,0.47601121131240276,0.10193960756472933,-0.013821609298231782,-0.061646748648583306,0.0128570593458093,0.034205358721033204,0.9912035758608917,0.004404697812348214,0.0017047745738959187,-0.006345141857384946
-0.18434248858222396,-0.06401106593469645,0.32027145302954035,0.10316916333781682,-0.07091165640877589,-0.05783037483185433,0.014487165538064496,0.037555406082448534,0.9939829424051201,0.0047249692653777535,0.0015204320853136944,-0.006409152923319644
-0.20627025710955357,0.058982685536232385,0.22120627751418415,0.0961304845147438,-0.03303610633857455,-0.031063148581174704,0.01650770516969477,0.03801270684917961,1.0004934769013025,0.004946175542891938,0.0013141618282041408,-0.006350170237783411
-0.23886428183554648,-0.002969115388811762,0.17945093511425558,0.11820585868054413,-0.004337983407769538,-0.0803082305168798,0.019819234147879613,0.034448915323903345,0.9897284877747158,0.005125626478006194,0.0010752975463685945,-0.006353139353172223
-0.199677912201127,0.11773053830184539,0.26010655590535015,0.08311810928159569,0.024888946384444412,0.0009171071524915527,0.019501583963047048,0.04119655010551527,0.9985555329489,0.005385733033911544,0.0008756196341674675,-0.006235408814870377
-0.23721591100445644,0.1358100335853295,0.07155984397978683,0.11729500776195666,-0.001454648493327455,-0.07821660732105924,0.018064095495353545,0.03947560886489313,1.0019146664937413,0.0054572928778913316,0.0006384037231630109,-0.006099598781285048
-0.2880786218881492,0.22661547458227427,0.15436786755443357,0.08827328445916693,-0.018795533861309475,-0.04581928943126618,0.014586247265724026,0.03508572876069565,0.9960764891919986,0.005611660745445765,0.00035032510127486167,-0.0058729833067027734
-0.21454765942076587,0.22125025226299866,-0.02408885781696957,0.04205013575908591,0.013857378495542581,-0.0704891119253142,0.016404816192538717,0.04509285122444078,0.999180710271335,0.0055875718876287955,0.0001357774418540958,-0.005651733054439775
-0.14261464712198918,0.23388757220561893,-0.12839222132573944,0.03039970546441687,0.030595628888961744,-0.05570928670614459,0.025445414800058495,0.03728076853410156,0.9940799578464572,0.005459179666303056,-6.837205267893388e-06,-0.005417845482234156
-0.202682246350971,0.22247994298236684,-0.1115597818878303,0.06761563912055768,0.02327084142119697,-0.014046561546017093,0.014226302573750824,0.032474700006018674,1.0079596688434023,0.005347619884415225,-0.0002095194516188644,-0.0051953655392517895
-0.22020731588252032,0.28865071401914577,-0.1873695139478543,0.027561566454185827,0.06400283265903686,-0.011296279728396455,0.019804935982036597,0.04907919371691504,0.9978564585774977,0.00516025037046737,-0.0004297267675013848,-0.004906714825232643
-0.08612074279549677,0.2989653100329656,-0.1536083184071288,0.029960094808976098,0.062355533707904455,0.0049918975633740145,0.0084864368544357,0.0434097042354544,1.0004453297437104,0.005006642052060242,-0.0005158475102968815,-0.0046077495151996785
-0.08253729687366375,0.29337683404730097,-0.17198508937250823,0.006079395734789254,0.07432693308457407,-0.020086932427622724,0.015638600406808624,0.03652952377730038,1.0069518591162276,0.004834656962687735,-0.0005983848071705452,-0.004314372681152377
-0.2234619163376721,0.2791698709805874,-0.37067052191265853,0.03121198709927655,0.10012047265950046,0.05695503487560727,0.020340759973528307,0.046049594222923526,1.0014682559261183,0.004463986440775075,-0.0008218467235082173,-0.004035202810171789
-0.15394837446863496,0.32295224226514574,-0.20244949645449806,-0.03661573735551233,0.07347108193740981,0.0371845876961209,0.023662500408252785,0.03315515609096724,0.9988997995201117,0.004261536944320577,-0.0009757950979768523,-0.003712250567906644
-0.1562560600651351,0.25222444004893196,-0.3169943256430937,0.00942356532280367,0.041195733568696324,0.03820090099394723,0.022857850751304143,0.025918986879950832,0.9993101434105665,0.003944542618677483,-0.0011320511580419875,-0.0034600261278577116
-0.07961899446977498,0.28722724889194934,-0.31129691464384984,-0.049946562250461415,0.046690304886063655,0.055761908500631334,0.016863304224724898,0.029262720098790454,0.9986371242147388,0.0036332457040336333,-0.0012116701525117625,-0.0031727988789657623
-0.04041884594643745,0.3118713741951251,-0.26600263453871964,-0.02241198228859031,0.05488965962763154,0.08644382013514908,0.012812776170384173,0.03977084493826915,0.9962408046845757,0.003367243069494914,-0.0012520889984582,-0.0028609275047706373
-0.07849549908329201,0.3364160462636338,-0.1611593215258142,-0.018404206640802778,0.03562436120112983,0.04325785330668318,0.020464153659703485,0.03676632996450757,1.003905228975989,0.0032060837479691,-0.0013305844975414918,-0.0025245114585070033
0.0011171464693547559,0.30673196164251804,-0.1549592432847282,0.009839231148896926,0.045992336466085824,0.048289310020043816,0.01669528102636357,0.03985346629698712,0.9956055147216418,0.0030511245046843712,-0.0013294673510721373,-0.0022177794968644853
-0.06392073020206004,0.20156033093782574,-0.1544098345849802,-0.027694195316280257,0.08362099643407907,0.06240023703800843,0.01568858821178554,0.04146427992000507,0.992690082469149,0.0028967146700993917,-0.0013933880812741972,-0.0020162191659266596
0.10220853106171664,0.24300910647079413,-0.2133774016272485,-0.039085842759047876,0.049237359261426875,0.005247449692591366,0.0134581521413288,0.04253417484064556,1.0026923848340754,0.002683337268472143,-0.0012911795502124805,-0.0017732100594558655
-0.015306975553997536,0.10660669678425028,0.05880259618577753,0.006139674598979754,0.01355048246920768,0.04539021411886205,0.014760675523726357,0.03872483230064329,0.9892366418024242,0.002742139864657921,-0.0013064865257664782,-0.0016666033626716152
0.03264301255864624,0.14918237277096888,0.03666330231759955,-0.04851349922963303,0.05224931588357709,0.053043069512463764,0.021028065699181243,0.030598354519879557,1.000594503025827,0.0027788031669755205,-0.001273843513207832,-0.001517420989900646
-0.012284844397821959,0.13844336460980175,0.12903371310931896,-0.06476059778219563,-0.0009072899932200438,0.08282511709186065,0.017270406892047847,0.03859182642253659,0.9983220863953914,0.0029078368800848397,-0.0012861283576056537,-0.0013789776252908443
0.03986722147999554,0.05125511875878884,0.12329453187336868,-0.06333968099737124,0.012932786889678255,0.06896665711794274,0.011998273930835556,0.03859635063977051,0.9987219115532097,0.0030311314119582083,-0.0012462611361256583,-0.0013277225065320556
0.18527521019993742,0.03652882600877155,0.11990097518473711,-0.046056802491899314,0.027443577888200257,0.10699944366814003,0.019620198873552493,0.041721140077368275,1.0010212966677123,0.003151032387142945,-0.0010609859259257206,-0.001291193680523284
0.16923913252250622,-0.045321950256740115,0.18229043609610907,-0.06701880178396763,0.0158611079660437,0.07025429341701418,0.023673805914813707,0.04689802782475152,0.9845101088009883,0.0033333228232390547,-0.0008917467934032143,-0.0013365156307800243
0.2127925690256537,-0.0645577941637106,0.22974750840209157,-0.04264343983703233,-0.06401991540000104,0.05592622228401287,0.02062625435456442,0.03768040192106582,0.9958029501526882,0.003563070331641146,-0.0006789542243775608,-0.0014010734249437348
0.11012157179329547,-0.17375649763044537,0.2104424065152236,-0.06634991351463487,-0.03243984922342526,0.04243589161596926,0.02024112407739136,0.036168498553702515,0.9901602834435742,0.00377351273815637,-0.0005688326525842652,-0.00157482992257418
0.24153942403884943,-0.09860574538983215,0.18438050208151124,-0.02711155589771352,-0.00777823765490756,0.09531079562112817,0.01817465159587277,0.04912485010639046,0.9919874053436945,0.003957893240237881,-0.0003272932285454158,-0.0016734356679640123
0.16612576067773888,-0.05030279798786147,0.2834397080398839,-0.040633345633288416,-0.030060363172323155,0.02300768548346404,0.030690157487353455,0.04794723445552027,1.0033411534745058,0.004241332948277765,-0.0001611674678676769,-0.0017237384659518737
0.15646497988690006,-0.1720685958082714,0.3959275541547782,-0.03641129836645901,-0.09089510341126723,0.03615145984926967,0.02253494145937013,0.04391088920838642,0.9958396002004147,0.004637260502432543,-4.702487980776826e-06,-0.001895807061760145
0.3018308049758943,-0.21279466540161096,0.23289961690659997,-0.03676278169269828,-0.039811691543712106,0.03499462263242605,0.014445419371903832,0.044602965444429765,0.9960667534776295,0.004870160119339144,0.0002971283169951175,-0.002108601727161756
0.22690289010940132,-0.16533498082661283,0.24563445986976634,-0.01954890376303845,-0.07417820483750726,0.015297730123193945,0.005978895110414443,0.030068503737176885,1.0029839386369213,0.00511579457920891,0.0005240312071045188,-0.0022739367079883687
0.25069975387294213,-0.23486441751669632,0.2413990223663799,0.014314802278288408,-0.0655160645431584,-0.03447634177573243,0.01633380916643068,0.0393924127109614,1.0025682390710553,0.00535719360157529,0.0007747309609774609,-0.0025088011255050653
0.1251189989614704,-0.08828367396992734,0.08298714030621043,0.04480708925476814,-0.09530831442550527,0.027592332526226088,0.014611881559493136,0.031698125501643075,0.9982832412227837,0.0054401807418815,0.0008998499599389313,-0.0025970847994749927
0.1513203972699517,-0.20233794624329113,0.09104663013784063,0.017141362631616714,-0.092746632391539,-0.023545979953382083,0.01488135597080903,0.03785137859952988,0.998980975522408,0.005531227372019341,0.0010511703572088828,-0.002799422745718284
0.18948614155583268,-0.18589286386615037,0.10913279602967012,0.07592361446276806,-0.12395438934745401,-0.06272514107776157,0.017137369081862527,0.04256675620693718,0.9972881323879444,0.005640360168049012,0.0012406564987647156,-0.0029853156095844347
0.27005838733589194,-0.19876239865831713,-0.04518516742689266,0.011196656216538115,-0.07461823847861825,-0.02181721124852227,0.02062745271164489,0.03900308348458744,0.9907050896371603,0.005595175000622119,0.0015107148861006076,-0.003184078008242752
0.2633123677149893,-0.16896057486538654,-0.11338657601427282,0.09324889689145932,-0.09426714210546096,0.010776736105122363,0.016576173052888138,0.04460877254210741,1.004978801545839,0.005481788424607846,0.001774027253815597,-0.003353038583108139
0.2337843320001583,-0.09427756220549327,-0.10353661711494466,0.04379503238975084,-0.1155454274894608,-0.07344261169971404,0.027841172752953648,0.03998595777703196,0.9943905058229557,0.005378251807492901,0.0020078115858157553,-0.0034473161453136315
0.09582193569384503,-0.09141086107671144,-0.22095394759776768,-0.019223304176531772,-0.14992731491273123,-0.03162522420589882,0.008022312728237063,0.03788488862056888,0.9961550554262668,0.0051572978598951325,0.0021036335215096004,-0.0035387270063903433
0.20591863162934182,-0.07929269332684467,-0.16536497666236777,0.057289387009924767,-0.13182386064242257,-0.043794971432623266,0.011915438271440594,0.042249043828203235,1.0010615304166064,0.004991932883232765,0.002309552153138942,-0.003618019699717188
0.2056991830928246,-0.0270495201606124,-0.1745726777024161,-0.004308694897955623,-0.07223323317779877,-0.05404104161331282,0.020167250769140208,0.04492751546877172,0.9975803337153085,0.0048173602055303485,0.002515251336231767,-0.0036450692198778003
0.09805656730872415,0.008012817695953939,-0.324730794828147,0.029127436690212543,-0.1248306557289726,-0.06891606361325496,0.01923297063750809,0.035150812123345955,0.9964173629458748,0.004492629410702201,0.002613307903540491,-0.003637056402181846
0.19663028681543732,0.030178283170771508,-0.4768947112790823,0.09223339333882062,-0.09039373192467015,-0.01992346855775283,0.016696848715196416,0.051243532868920166,1.0028506834976438,0.004015734699423119,0.0028099381903559286,-0.0036068781190110744
0.17332081651787487,0.03568460060913531,-0.42881613187569945,0.08329947097942932,-0.10824961498552008,-0.02156586756075704,0.014414174184842058,0.029246407674619404,1.0011750358915477,0.003586918567547419,0.0029832590068738034,-0.0035711935184019393
0.1123828321501093,0.07059194544021932,-0.4083556380383469,0.07259989527129294,-0.07095282379037214,-0.026720065533629912,0.02338455873367732,0.03287037672436666,0.9857618652426967,0.003178562929509073,0.0030956418390239125,-0.0035006015729617205
0.0021001259481410704,0.12266954910887876,-0.4704439182477912,0.006199024282449673,-0.05532901346274466,-0.0017083070619442944,0.011243929074540186,0.04029793165502145,0.9992706344059921,0.0027081190112612816,0.0030977419649720543,-0.003377932023852841
0.012919084809095475,0.10650676217387971,-0.3101652542914689,-0.0005547362535485432,-0.08334165604857911,0.002905084970414369,0.016093355665651225,0.03840952954029504,1.0014290901657876,0.0023979537569698128,0.0031106610497811495,-0.003271425261678961
-0.048430025331292224,-0.01405313200043179,-0.36987360386620016,0.004143171898112112,-0.005876504405609298,-0.019594700363107564,0.01916348049768805,0.04637710702159797,1.01073323813902,0.0020280801531036125,0.0030622310244498574,-0.0032854783936793934
-0.07672336960742636,0.13654932591217503,-0.45836007925361644,-0.01912378199371035,-0.0447779058105537,-0.006007192126613827,0.019766398064609392,0.037895428207421256,0.9942812674712095,0.0015697200738499957,0.002985507654842431,-0.003148929067767219
-0.11870159867536241,0.1322915376394322,-0.4175183328261905,-0.0529120061850014,-0.042261334658330194,-0.032704590025929146,0.018705705007170385,0.04295127431702104,1.0008244738783805,0.0011522017410238053,0.0028668060561670688,-0.0030166375301277863
-0.0917671697427104,0.20124535286358408,-0.2480850216395858,-0.00537939576202273,0.010458034845281027,0.02057376923789976,0.018769823327940763,0.04034801452515902,0.9946756358461077,0.0009041167193842196,0.002775038886424358,-0.0028153921772642023
-0.04140584831733847,0.15709509964965862,-0.2007178712833687,-0.010338641868615031,0.0017540391578828936,0.059804347910519355,0.011908392338047353,0.03512932588940073,0.9983835111035299,0.0007033988481008508,0.0027336330381070198,-0.0026582970776145437
-0.12947002319762635,0.22897044724409502,-0.24434457199137233,-0.05011021255055197,0.03104411919574944,0.01649469570789084,0.012409157379845475,0.04402834117078882,0.9995495866378116,0.0004590542761094784,0.002604163014909393,-0.0024293266303704484
-0.10431767473856374,0.22628786641242604,-0.18894909764526738,-0.08300943351566825,0.07639409139694249,0.0550951608321699,0.015139051940157475,0.03716301932749154,0.9978577277333714,0.000270105178464211,0.0024998453401708295,-0.0022030387639580223
-0.007230326156636643,0.15558459359140545,-0.07933341632382332,-0.004587120912639413,0.04157667678293087,0.06534856949583498,0.013988079462278197,0.03654841359010204,0.9934393875590274,0.0001907717621403877,0.0024926150140141927,-0.002047454170366617
-0.06613371604963214,0.05457529443694106,0.17050077592712734,-0.06349087346194124,0.03973494897359916,0.09108336507672303,0.024667511131307666,0.034946814731035225,0.9947181502510797,0.000361272538067515,0.0024264812979645604,-0.0019928788759296756
-0.2410548159861497,0.15766051193506458,0.07291638822377665,-0.06373649745310192,0.09738994683230787,0.06582404249624414,0.003244122503966067,0.042642288387739355,1.0055141319663305,0.00043418892629129173,0.0021854264819784106,-0.0018352183639946112
-0.04953468738336082,0.109285948429441,0.24199749236704698,-0.11534330798569314,0.04926236175091875,0.06338203555889216,0.006821226674500714,0.03525439575104264,1.000064594383804,0.0006761864186583386,0.00213589179459505,-0.00172593241556517
-0.16957424367626983,0.039632740831406055,0.32005315830332104,-0.06898521123084889,0.12913970663748908,0.09494581975201499,0.02825493722023762,0.03257257374297875,0.9983683496831608,0.0009962395769616598,0.00196631755091878,-0.0016862996747337641
-0.15819586268565386,0.11418301785655802,0.25067641874961116,-0.05366516795686285,0.10826825050976518,0.0733103681154136,0.0227120577188887,0.04886582097014077,0.9945536563389453,0.0012469159957112707,0.001808121688233126,-0.001572116656877206
-0.136284127562323,0.016265882416242723,0.2694336945193259,-0.11257991722781484,0.10021491200502931,0.06589952261917106,0.00862797416276652,0.034507408084694165,0.9983412333246429,0.0015163496902305968,0.0016718375606708032,-0.0015558507744609634
-0.049947067704137746,0.002016521041682668,0.3057395003340043,-0.08512838813978899,0.07244195054925179,0.00987941544210606,0.013704912217561649,0.03849275598907533,0.9959423285468552,0.001822089190564601,0.0016218904929666653,-0.0015538342534192808
-0.07629417188060555,-0.09275921368641263,0.4355952658549797,-0.11428070691304054,0.0639418165285905,0.016764295447795223,0.014837371210942923,0.03236450507262576,0.9986559739618142,0.0022576844564195808,0.0015455963210860599,-0.0016465934671056935
-0.1288677565278478,-0.11195468925739491,0.40128212035657956,-0.09787738289115744,0.0840449021731802,0.053588580419150045,0.02565312647540338,0.045043229393071774,1.0029710174214732,0.0026589665767761603,0.001416728564558212,-0.0017585481563630882
-0.11016337110482448,-0.15244783087138505,0.3770201802994939,-0.10455555244107934,0.10855820240897358,0.027916285139324565,0.02043950969363044,0.04323805156182931,0.9999787127633732,0.0030359867570756544,0.0013065651934533876,-0.0019109959872344732
-0.09565132199251093,-0.25983621073781704,0.45530693455341253,-0.09507783003329068,0.10276170417874252,0.03061326212204079,0.016038025711053547,0.03145780182156994,0.986282061339932,0.003491293691629067,0.0012109138714608766,-0.00217083219797229
-0.1257765804216319,-0.17120730903291279,0.376272374782134,-0.053656085560552604,0.07378352438223322,0.03234615937928505,0.014705014664375514,0.02781206461920889,0.9968352953659094,0.003867566066411201,0.0010851372910392445,-0.002342039507005203
-0.05649577277627075,-0.18115809471243605,0.42227708016301296,-0.06584553931353068,0.08383107891250438,-0.025692447931426866,0.017023140289106987,0.038995039996856364,1.0024038244543583,0.0042898431465742135,0.0010286415182629738,-0.002523197601717639
-0.06887936381417446,-0.28378261954760137,0.42522491307250243,-0.04126342447829607,0.044698310677004666,0.020779097420667955,0.018985618397413848,0.0419119883732155,0.9906402333118888,0.004715068059646716,0.0009597621544487994,-0.0028069802212652402
-0.0018057180419075863,-0.2638055542150908,0.266568700908454,-0.03590368023465912,0.10954059348900479,-0.0295616805459383,0.014862511601390575,0.04037461410296155,1.0087325122638275,0.00498163676055517,0.0009579564364068918,-0.003070785775480331
0.000871460333108743,-0.3454703105147353,0.2124143129887035,-0.044906011803971135,0.09392904310661469,-0.059906615884033516,0.01861140443856908,0.041438136724602836,0.9954348423076306,0.005194051073543874,0.0009588278967400005,-0.0034162560859950664
-0.016338115101922707,-0.22363177258078712,0.12291967821686345,-0.013047965225831237,0.06461868339008488,-0.04358420151681756,0.016544554086740357,0.03602941170537783,1.0006749776697919,0.005316970751760738,0.0009424897816380777,-0.0036398878585758537
-0.04585066561233674,-0.27049608848724077,0.18511690056522073,-0.013419728433673925,0.043422129731877965,-0.06081548254115122,0.01245860009925764,0.031880543506211625,0.9995220397621121,0.005502087652325957,0.0008966391160257411,-0.003910383947063094
-0.0184565648892408,-0.3190463940369962,0.03453985860755211,-0.013833224274540685,0.010822781548875374,-0.049494875697470526,0.011582520824544192,0.0305153766922194,1.004662248524023,0.00553662751093351,0.0008781825511365003,-0.004229430341100091
0.06633265851648237,-0.3101012338761763,0.11607796980089699,0.025768324735463283,0.030095722373305933,-0.04234841997597247,0.008003644957608325,0.03507457679202439,1.0030447375985283,0.005652705480734406,0.0009445152096529826,-0.0045395315749762665
-0.022357572878753007,-0.23507376816221187,0.08146532916074589,0.01634485981920216,-0.025152142885657577,-0.0967786198255166,0.015589322197490353,0.047029680798933035,1.0012727353934305,0.005734170809895153,0.0009221576367742298,-0.004774605343138479
0.045440144026276705,-0.3501804177487018,-0.13267767117258028,0.03573343233296416,0.03555606100795992,-0.08326873680650526,0.020375854838165394,0.03330737913860085,0.9952807002397434,0.005601493138722573,0.0009675977808005064,-0.00512478576088718
0.1177153052710323,-0.1833023968245462,-0.14661843499647603,0.06512879438992877,-0.0003364393548888629,-0.04150432109875602,0.013907321976626518,0.03732451436315229,1.0033957149046457,0.005454874703726097,0.0010853130860715386,-0.005308088157711726
0.19794423710835696,-0.18097455988982186,-0.216917984848696,0.0687254621521313,-0.0019077328233809648,-0.05443095301558074,0.020317765691174883,0.04329623447157045,1.010401866850052,0.0052379567188774005,0.0012832573231798957,-0.005489062717601548
0.08082438827943317,-0.2635582538660042,-0.26718195696395375,0.055522544439750285,-0.08676960710895665,-0.04826510715149994,0.00899010914847833,0.0504771121170304,1.007500017074339,0.004970774761913446,0.001364081711459329,-0.005752620971467552
0.18923931929027266,-0.15810158670214092,-0.19129071246605167,0.09501952117002557,-0.027521066227678123,-0.05790261579622253,0.007021058906467211,0.043379867662149234,1.0014241702508666,0.004779484049447395,0.0015533210307496015,-0.005910722558169694
0.2100496961166072,-0.22857008059662903,-0.26236093466743715,0.05942519774745243,-0.05538106950658031,-0.0071122600922958,0.017071503122719565,0.037355198571058006,0.9915088877051306,0.004517123114779958,0.001763370726866209,-0.006139292638766323
0.17895571868780114,-0.10202209957625347,-0.2769647579161543,0.10309930038095844,-0.02444644494461329,-0.03792368931211106,0.012702567534590602,0.037209262297525074,0.9996228735016095,0.004240158356863803,0.0019423264455540098,-0.006241314738342577
0.1356419977081341,-0.05014865453655824,-0.232957589116159,0.05185051114718883,-0.02304229970019848,-0.062425105915092864,0.018607317330990976,0.039500114139969976,1.0009556047660302,0.004007200767747645,0.002077968443262144,-0.006291463392879135
0.05180705329439085,-0.09037756616656474,-0.3075774706313089,0.09529309078446732,-0.04680136029189631,-0.0237806429654683,0.011277746911779645,0.03896898905690729,0.9964702257562866,0.003699623297116336,0.0021297754965565346,-0.0063818409590457
0.14528265043822075,-0.0005093063959292522,-0.28186832240277254,0.1182939838376824,-0.038787121402923015,-0.05831876117429117,0.009061329169569459,0.04251112715754589,1.003065725046781,0.0034177549747135627,0.0022750581469947557,-0.006382350265441629
0.20499061110187194,0.01553355411390529,-0.17685564596404932,0.15915047331855037,-0.08648817572726121,-0.08424762656110811,0.004786741196948515,0.044278365302031185,0.9954934308589787,0.003240899328749514,0.0024800487580966275,-0.006366816711327723
0.09650227704199368,0.07623353545227714,-0.22572827131082773,0.10384237127540322,-0.060629309161914655,0.0033089373889012043,0.023376334482346293,0.04293155699224594,0.9903774110687592,0.0030151710574386863,0.002576551035138621,-0.006290583175875446
0.12451462686248244,-0.030672272794126765,-0.20143545821374695,0.1075625350267451,-0.046970542578941156,-0.010544550369487664,0.011195528342754349,0.04389465051492821,0.9987999803731367,0.002813735599224939,0.002701065662001104,-0.006321255448669573
0.14739787300674398,0.22560896419709148,-0.006100219494040521,0.043206696286796686,-0.06226405014129935,0.0524206241330635,0.01934222236473258,0.03396408031232127,1.0024014274128723,0.0028076353797308984,0.0028484635350078478,-0.006095646484472482
0.06743157584371864,0.19678875620068653,-0.07627046402332581,0.0477791912931273,-0.05929699190396514,0.058183757697385714,0.016803022103223635,0.04774710209776647,0.9883611640015842,0.0027313649157075727,0.002915895110851566,-0.005898857728271795
0.07548047545811432,0.14345134394905612,0.050347656288559736,0.05521660975389712,-0.07770574937369276,0.08292368558654097,0.016940247319232514,0.0370284084769174,0.9947753813986293,0.0027817125719961327,0.0029913755863096806,-0.005755406384322738
0.07050667520130519,0.2213340730409441,0.0644583139861834,0.05003433274499308,-0.054687912761128776,0.05399086482513119,0.018382146586695437,0.03491574051863542,1.0142582216975427,0.002846170885982316,0.0030618822615109858,-0.005534072311281793
0.04224214335147751,0.18304818388055527,0.09867414596816461,0.022110090733303684,-0.08168077648681395,0.06159531585717937,0.0037438514564408654,0.03553154712603414,0.9947646178804375,0.0029448450319504806,0.003104124404862463,-0.005351024127401238
-0.03358947275016508,0.312482291459008,0.16335853350471918,0.033248009885036636,-0.010166412224376717,0.05604590600604439,0.014922962800978332,0.02999923550445361,0.9959828072277039,0.0031082035654552,0.0030705349321122986,-0.00503854183594223
0.0192809440574319,0.2960892647921083,0.18184816662895023,-0.014327396511188322,0.008392762181061185,0.04546910369760228,0.014196884100419513,0.04714345173998149,0.9973351881503598,0.00329005173208415,0.0030898158761697306,-0.004742452571150121
-0.05007625336700537,0.202058041015867,0.27994520643045295,-0.0067104874729437365,-0.016060835050075023,0.03810432441698989,0.016001305729816447,0.03853991648281902,0.9919323876830233,0.0035699969385146026,0.0030397396228027253,-0.004540394530134254
-0.013453190066889033,0.30014835702904585,0.22823677603385453,0.0341026199751351,-0.018156006036699424,0.07037696072822312,0.006264188790704574,0.0414635858067474,0.9942639510868205,0.0037982337145484575,0.0030262864327358363,-0.004240246173105209
-0.00029234334040105503,0.2755008926687157,0.17829175660745272,0.02048265830042868,-0.008100958271322917,0.0932945281259681,0.009702794107377326,0.04412858713083133,0.9965094793878125,0.00397652547115591,0.0030259940893954352,-0.003964745280436492
-0.12318406327564621,0.4006299030098866,0.30835731616175827,-0.035110820578736025,-0.0040667703931339194,0.09593072760112932,0.02002843723505282,0.036712887242339835,0.9998113830820617,0.004284882787317669,0.002902810026119789,-0.0035641153774266057
-0.11549766581229598,0.31220462886821043,0.2696955307592688,-0.01251085933544006,0.0223023972032139,0.09324481971311388,0.019475397965313723,0.043941212715976515,0.9877393955960878,0.004554578318076938,0.0027873123603074927,-0.0032519107485583956
-0.09412793888940064,0.25443560978713214,0.3362292034285798,-0.014192160357348445,0.04271219584334422,0.08308727279241332,0.012580260375716053,0.027329501459003886,1.0027530113601506,0.004890807521505518,0.002693184421418092,-0.002997475138771263
-0.14319457633801788,0.2772540951053575,0.28197091314196226,-0.061742616213691766,0.02032154575059491,0.07390965239817163,0.011126726342235747,0.037346777965949575,1.0046192791966553,0.005172778434647481,0.0025499898450800744,-0.002720221043665906
-0.19574891238857595,0.18012518713434467,0.257046567152891,-0.0690462736492354,0.06303377155133491,0.053630252575256755,0.008985313032073982,0.03380897828810503,1.0023834902434727,0.005429825001800372,0.0023542409326914983,-0.002540095856531561
-0.11171888528645933,0.2749922808036904,0.2071661018275249,-0.047435940220477674,0.03055989460038759,0.06772317887090322,0.0025803805269363836,0.04066849568478103,0.9960005860285434,0.005636991103627895,0.002242522047405039,-0.0022651035757278704
-0.2206999413718576,0.14504680991731905,0.06832470659105308,-0.02043912087745097,0.08618755222460098,0.005750946273329836,0.010331128806329299,0.03064882742822709,1.001019212113359,0.005705315810218949,0.0020218221060331813,-0.0021200567658105516
-0.22548704722022495,0.13845043368432433,0.09292046188571666,-0.02850974467278514,0.07509536518478907,0.03085909567480969,0.010867470389635057,0.03943880229852188,0.9977864105183202,0.005798236272104665,0.0017963350588129563,-0.001981606332126227
-0.14773649952337586,0.009665584740600378,0.08545059690130852,-0.04308173065501216,0.08063273320934997,0.00883731471479548,0.011634197704509222,0.04140828040795938,1.0079210490971036,0.005883686869005974,0.0016485985592895804,-0.0019719407473856266
-0.23517345245766771,0.05539440300367454,-0.02054354196107053,-0.09330665237698513,0.07841856266358696,0.043805902574946314,0.01258647869841247,0.032169693314319035,1.002481635666434,0.005863143327044904,0.001413425106831913,-0.001916546344381952
-0.14816258118260736,0.04262017170777131,-0.11619555856581222,-0.025201258097645382,0.06396086757253663,-0.04521568541454243,0.008785630301926979,0.02754531733369569,1.0067112324340557,0.005746947768479092,0.0012652625256493056,-0.0018739261726741807
-0.21473795595631004,0.10102323050006849,-0.12269774958500582,-0.06825942917177814,0.050124493368192566,-0.017261927012442488,0.012124627050554622,0.03684264421133926,1.0046209613989199,0.005624250018894085,0.0010505245696929954,-0.0017729029421741122
-0.2567394717323488,-0.10253879416521083,-0.12616937071601075,-0.06195209109187545,0.07640758890722207,0.00953019069448577,0.005041291890925287,0.044480799231815804,0.9907610619423667,0.005498080648178074,0.0007937850979606467,-0.0018754417363393231
-0.28451072738081,-0.1028720314490566,-0.2725878913230579,-0.05449323272856644,0.08058282382869475,0.005626989546700588,0.008252961447474208,0.04525971694404204,1.003839304894605,0.005225492756855016,0.0005092743705798367,-0.00197831376778838
-0.2547063467752303,-0.08318665614053691,-0.303309822178941,-0.010980168715555764,0.09227990497113801,-0.013729591283582901,0.007614926116905516,0.04116691095381415,1.0030003272912955,0.004922182934676075,0.00025456802380460634,-0.0020615004239289167
-0.14390652753570055,-0.16205390913305925,-0.3862828801582858,-0.04067080284723792,0.05558619264007037,-0.036813902748816865,0.002883197269016434,0.04855805808412628,0.9990736471309746,0.004535900054517789,0.00011066149626890576,-0.002223554333061976
-0.18326819795916718,-0.17394803219217897,-0.4091190883068261,0.017092298081731756,0.05614411829892648,-0.03171207967329721,0.010138329644987159,0.035660567204511794,0.997282085932617,0.004126780966210963,-7.260670169026143e-05,-0.0023975023652541548
-0.10442315548287927,-0.2361011058199714,-0.4148328848021336,-0.035676430056253726,0.04850715355503808,-0.09976042343241033,0.014955602030014656,0.04472547746772678,1.0016638355539607,0.0037119480814088294,-0.0001770298571731407,-0.0026336034710741263
-0.11403757191196662,-0.19055100074830011,-0.507715861149398,0.02789944568402128,0.03551260308080208,-0.08903574384899939,0.01457093081248931,0.03826932013860366,0.9956208067226133,0.003204232220259432,-0.00029106742908510734,-0.0028241544718224268
-0.08705792970422778,-0.22017873085786618,-0.5357834224225534,-0.04748472482509633,-0.0015858018771960714,-0.08914168427104203,0.01198908105404268,0.04246840028762296,1.002625559891513,0.0026684487978368785,-0.0003781253587893351,-0.0030443332026802924
-0.0099624249581107,-0.17563100675880342,-0.413563114347465,0.009081888657784951,-0.002422240658230671,0.011174490149498032,0.01010960366660271,0.04020380015662779,1.0040940184636413,0.002254885683489413,-0.0003880877837474458,-0.0032199642094390963
-0.12612876632722464,-0.15370184999343844,-0.40211711276367934,0.032591115968843884,0.02930487996648272,-0.018373037226382435,0.007518175421250893,0.04393855953175747,0.9959524163211201,0.0018527685707257335,-0.0005142165500746706,-0.003373666059432535
-0.19118166148028054,-0.10510071697547593,-0.42963518079021873,0.06448864273437079,-0.04565791488004422,-0.0670385100741231,0.011575137008414909,0.030669660917701996,0.9993719532445109,0.001423133389935515,-0.0007053982115549512,-0.0034787667764080107
-0.02039659742777377,-0.17826606616507776,-0.3436319270965346,0.03000550774768956,-0.040438216694665984,0.04926335723114748,0.004066730966806009,0.040266699993056154,1.0049281492084787,0.00107950146283898,-0.0007257948089827249,-0.0036570328425730883
-0.16551342053585855,-0.16805816033370147,-0.2694161351777806,0.046083158162331966,-0.005768211731910234,-0.020145990687225723,0.012362437000806482,0.04437417866417411,0.9981262405552868,0.0008100853276611996,-0.0008913082295185836,-0.0038250910029067903
-0.01076947154938447,-0.1319012310084849,-0.250755860695305,0.041640867329158476,-0.049375355160903016,-0.039017225005060406,0.008199741588187448,0.03834111893679197,1.002650917371564,0.0005593294669658946,-0.000902077701067968,-0.003956992233915275
-0.0331250399645934,-0.23727130152688714,-0.18265448778264595,0.04183749815160881,-0.06872427098460428,0.0009764497573730158,0.010147410434072425,0.050144887598483914,1.0025851314709944,0.0003766749791832486,-0.0009352027410325613,-0.004194263535442162
0.0044191289149886,-0.010737290874164834,-0.1373275207015917,0.05678620984154721,-0.061382761575796564,-0.018690993454635506,0.005949291721952634,0.03365473462168593,1.0068106093355718,0.00023934745848165685,-0.0009307836121175728,-0.004205000826316327
0.004939426776360119,-0.06641273140615708,-0.05071390562423871,0.060938649034773355,-0.0823567634218685,-0.01753116488036075,0.013842742331507705,0.026499328063098515,1.001727120753124,0.00018863355285741814,-0.0009258441853412125,-0.004271413557722484
0.07941853608089992,-0.031059830974092817,0.06049181816623052,0.06479727356556406,-0.05913369300313037,0.022256071845982307,0.011472278486179693,0.03083344893236326,1.0013734105878125,0.0002491253710236486,-0.0008464256492603127,-0.004302473388696576
0.07231569492991448,-0.0003509115252699043,0.08504010628949364,0.03924275872787924,-0.09910587745005738,-0.06081500183794874,-3.851033293053585e-05,0.0355872513429115,1.0049530991022868,0.00033416547731314234,-0.0007741099543303982,-0.004302824300221846
0.17813276831543617,0.029595275109824116,0.07739239171421207,0.026084624968087895,-0.09308733065137137,0.04212340394554998,0.011966886201931605,0.03828812420132371,0.9995229932929142,0.0004115578690273544,-0.0005959771860149618,-0.004273229025112022
0.1257907405181308,0.07901835789759466,0.29746468000059295,0.0783144725622805,-0.1128371950507069,0.07463553339118631,0.0041746613415200055,0.03527106511167447,0.9948910432085839,0.0007090225490279474,-0.0004701864454968311,-0.004194210667214427
0.2211029616692046,0.11476219522275138,0.353586219923648,0.0021863616242623644,-0.11861560077116885,0.05401186647725002,0.011632746293162322,0.03500381800211453,0.9969887168124103,0.0010626087689515954,-0.0002490834838276265,-0.004079448471991675
0.2142395546017376,0.12863190651013798,0.26239688011755524,0.027430790125075096,-0.11490599535818963,0.06414111326390359,0.013846365097487108,0.0376780854621339,0.9925193598074827,0.0013250056490691506,-3.484392922588889e-05,-0.003950816565481538
0.3207701520340641,0.1451859301590498,0.3441554411414395,0.0004072050117648208,-0.10368400245202945,0.07133046213605966,0.017938614706205357,0.040803936113493346,0.9917737838434925,0.00166916109021059,0.00028592622280817527,-0.0038056306353224873
0.22534010811638122,0.17983406980012479,0.42428725138781487,0.017351052590324496,-0.09290289848522332,0.09614547430510409,0.008079047571423251,0.03202332356772537,0.9970040448879552,0.002093448341598405,0.0005112663309245564,-0.003625796565522363
0.27620258877614,0.21093991185448005,0.46503185606302944,-0.028047015304026954,-0.10282988863289483,0.0669927908299274,0.009964861876038737,0.03531127631479737,1.0029808297191665,0.0025584801976614347,0.0007874689197006964,-0.003414856653667883
0.3177515148313402,0.2307475585477439,0.4049714998143247,-0.005447306875421981,-0.09335162327644024,0.09956186367408858,0.008238492500827714,0.04229539076810022,0.991801513798103,0.0029634516974757596,0.0011052204345320367,-0.0031841090951201384
0.15046382759260513,0.2003546743368666,0.46820752257998316,-0.015315474588335763,-0.08543083140221355,0.05477746346188511,0.003957667397149131,0.028115719894619823,1.0043253293376837,0.003431659220055743,0.0012556842621246418,-0.002983754420783272
0.22651276329824385,0.17831698460798906,0.360707365066053,-0.09732527746943047,-0.06997215067363582,0.06491171052093145,0.00809108890645806,0.03509309797896315,0.9963506158716794,0.003792366585121796,0.0014821970254228856,-0.0028054374361752826
0.27934305363870576,0.24258360557075592,0.36321681306679904,-0.06834766960739708,-0.046992793462606874,0.06998898870818365,0.0046233651842127466,0.03604289279193437,1.0067767443900342,0.004155583398188595,0.0017615400790615913,-0.0025628538306045265
0.239252176966101,0.20092057747816033,0.3565809672220904,-0.05612039140982532,-0.11079792380682929,0.01741878318503679,0.007486270220801735,0.03434826792095205,1.0005616813184708,0.004512164365410685,0.002000792256027693,-0.0023619332531263663
0.2273956543989431,0.2053721743325711,0.2841106096891973,-0.06809531615759785,-0.08184777065471546,0.02847954556442643,0.0013803389973550857,0.030818434673904334,0.9955464872561629,0.0047962749750998825,0.002228187910426636,-0.0021565610787937953
0.27471091718758994,0.13145745734802058,0.3379099416861451,-0.09989624381467725,-0.05197761479772166,0.01668913707086546,0.010190141892554487,0.024062668844216345,0.9904538886996879,0.005134184916786027,0.0025028988276142258,-0.0020251036214457745
0.13858391827158434,0.1018764339042227,0.14663876151361172,-0.1280110350756936,-0.01285170077137056,0.01127803337641501,0.008429905289360547,0.03514372096392924,1.0012727246764341,0.005280823678299639,0.0026414827458858103,-0.0019232271875415522
0.1708932959700259,0.00813480622947578,0.05399635993867344,-0.12324735232468838,0.005790189655185888,0.024291047227185038,0.006598040466288728,0.037377527430306354,0.9935211572172843,0.005334820038238312,0.0028123760418558357,-0.0019150923813120763
0.13165280473657803,0.2564787510896548,0.01298195937687946,-0.050553920251014184,0.027095816908852394,0.02594545938466851,0.006907478819183093,0.038592604438578676,0.9911676014080616,0.005347801997615191,0.002944028846592414,-0.0016586136302224213
0.06767065277021561,0.04257508218598693,0.08556702168578234,-0.0598744938796032,-0.00739777447647829,-0.03544321733682044,0.013009896368246232,0.0301642782401761,1.0031671330061611,0.0054333690193009735,0.00301169949936263,-0.0016160385480364346
0.1754435380657135,-0.0232448427769954,-0.0635043567102413,-0.09911759275742855,0.044411610005665396,-0.054188525168355574,0.007816635976978976,0.04015917297392389,1.0038180712933318,0.0053698646625907325,0.0031871430374283433,-0.0016392833908134296
0.11463630760175833,0.00925331372729813,0.003464474643160173,-0.11556591821425999,0.054989644450567074,-0.05184048345931444,0.008069122826041702,0.042704752783427266,1.0009911193364198,0.005373329137233893,0.003301779345030101,-0.0016300300770861317
0.07271649148575347,-0.08909694972691466,-0.1381533213309284,-0.11653144224180424,0.06945553250847157,-0.029190342392503274,0.00812305420809666,0.04319939506980114,0.997187723836324,0.005235175815902965,0.0033744958365158548,-0.0017191270268130466
0.03461484828361016,-0.022557289617878035,-0.12193347827976372,-0.11708052489503053,0.09262903729469094,-0.0073097836984829054,0.0037803675858477936,0.03891612102077048,1.0063508598318682,0.005113242337623201,0.0034091106847994653,-0.0017416843164309245
-0.0018545943674797005,-0.09981920722632079,-0.27028700220511925,-0.10585210226080226,0.09062163094222045,-0.05754542475848303,-0.005623701088560303,0.03804229293002944,0.9984691189348031,0.004842955335418082,0.0034072560904319853,-0.0018415035236572454
0.07669910285693729,-0.1796909449504375,-0.32265457555741706,-0.09748678119804026,0.09142847537641782,-0.02417971809800249,0.013453766691260485,0.04460611209012785,0.9991184670887991,0.0045203007598606645,0.003483955193288922,-0.002021194468607683
0.10384043906000401,-0.19621973284437014,-0.23012723060185852,-0.10872976688063568,0.06478654107939726,-0.026452433269695874,0.008007330631053848,0.041753516694676286,1.0054229388597473,0.0042901735292588065,0.0035877956323489262,-0.0022174142014520534
-0.0007355627425864398,-0.23636142280662492,-0.22960624129907967,-0.0683621590654993,0.10697366583077364,-0.1038583006508157,0.009694269627129652,0.03120851816593241,1.003270000993979,0.004060567287959726,0.0035870600696063398,-0.002453775624258678
-0.191448883393963,-0.17976099557143216,-0.22446593760376565,-0.0781439096481803,0.07447660443470557,-0.02641009066056195,0.009452171325676889,0.03313842910441258,1.0052312266327161,0.0038361013503559606,0.003395611186212377,-0.0026335366198301105
-0.022998993517329036,-0.26682058859155056,-0.17626668045848226,-0.028099036517890932,0.16879709422118366,-0.04983345350454093,0.004290941947928821,0.03462697462581323,1.000590028301005,0.003659834669897478,0.0033726121926950475,-0.002900357208421661
-0.11244870859117644,-0.2314461591811565,-0.19080960289880833,-0.030802871849712532,0.11529572474698908,-0.05998185909294982,-0.0005931549839993579,0.02939616925844593,0.9982891159799516,0.0034690250669986698,0.003260163484103871,-0.0031318033676028174
-0.05978928309694036,-0.3600547068890243,-0.1394977207484533,-0.021669135799742785,0.08550073211315617,-0.06278202580226964,-0.0044652604066807424,0.028828367761900606,0.9937264122073858,0.0033295273462502165,0.0032003742010069305,-0.003491858074491842
-0.03788937791935654,-0.32636726534756283,-0.18318197240942283,-0.011950868988169064,0.10557800747464063,-0.06773012405962765,0.0037137290287132555,0.0349474585057359,0.9913673634357248,0.0031463453738407934,0.003162484823087574,-0.0038182253398394046
-0.16785016420194016,-0.4226050416673269,-0.10010016005115924,0.029323947727016672,0.09686902648252274,-0.035711342225344216,0.007285733923115186,0.03611153177866394,0.9963419189104732,0.003046245213789634,0.002994634658885634,-0.004240830381506733
-0.09915561679918683,-0.3687961056034663,-0.08622860577011819,0.0691694234872215,0.1507363886931515,-0.022924078446795837,-0.009360180545105446,0.033946703897028495,1.0102034548435392,0.002960016608019516,0.0028954790420864466,-0.004609626487110198
-0.04910669979276876,-0.3276827007058215,-0.03945141610223993,0.019800994067753694,0.07438469251686576,-0.0303385085565984,0.0023378258999967325,0.03333118726366263,0.9999478698534554,0.002920565191917276,0.002846372342293678,-0.0049373091878160205
-0.10466702978725026,-0.22396912606392513,-0.01625094115882252,0.08735118367520285,0.1032141445084807,0.012065255153556291,0.0014564041950014517,0.027793279295506464,0.996531330003936,0.002904314250758454,0.002741705312506428,-0.005161278313879945
-0.16440474910575148,-0.30630685651278494,0.13461881624122599,0.03295796768707758,0.0233650542642809,-0.0018555162393166184,0.014777497026290567,0.03145145478272192,1.0001538824478657,0.0030389330669996794,0.0025773005634006766,-0.00546758517039273
-0.21094441656817206,-0.2729069833655889,0.05340106969337438,0.02865961576852968,0.04686266988983064,-0.006226777239070511,0.010565643524348217,0.03356188859858297,0.9924857631225548,0.0030923341366930535,0.0023663561468325045,-0.005740492153758318
-0.08656520106304869,-0.2608918017770735,0.08280273704924444,0.06457671989287071,0.07659901352156114,0.043797678354233066,0.008274523399026495,0.033508649775034996,1.0047388775352992,0.003175136873742298,0.0022797909457694557,-0.006001383955535392
-0.14808082336963158,-0.24628647103213963,0.1137457141854554,0.1045558656401813,0.07788539874967404,0.06904093142437853,-0.008939562023307271,0.027466189237618226,0.9939945876271448,0.0032888825879277533,0.0021317101223998244,-0.006247670426567532
-0.0821618418507914,-0.19150576390818363,0.1868075979822801,0.10546457080303429,0.08203640736248166,-0.01352600532101829,0.007361883346250156,0.03574518800323688,1.0032660045874673,0.0034756901859100335,0.0020495482805490332,-0.0064391761904757155
-0.20522097148964663,-0.13196026213175951,0.3102554253606741,0.042605535515632106,0.008433860106790632,0.000728532060064067,0.007280209916019005,0.023708304106966574,0.9918219606494464,0.0037859456112707074,0.0018443273090593864,-0.006571136452607475
-0.08102642633335785,-0.0544517869668083,0.3115089661310647,0.09612294589022301,0.04507783403572902,0.01925760522351362,-0.002449481640537708,0.027072649648326362,1.0016257444344017,0.004097454577401772,0.0017633008827260288,-0.006625588239574283
-0.06045309327253748,-0.006094553153401603,0.34977355052300324,0.09485333295002213,0.027542481268965885,0.06538177205849362,0.007916369476904793,0.03957352557429408,0.9984345203321066,0.004447228127924775,0.0017028477894534912,-0.006631682792727684
-0.060138329250594307,0.041996022872235354,0.19425532082421043,0.1047218616752037,0.02666915028026208,0.07964347911444238,-0.0012865115194674618,0.028278854330512446,0.9992133882426167,0.004641483448748986,0.0016427094602028969,-0.006589686769855449
-0.0716861419454474,0.03876854651536521,0.19507103200998213,0.05964119000938298,-0.01572118410932441,0.06785842661032054,-0.00045904337583687173,0.02503725006458822,0.9942116340642424,0.004836554480758967,0.0015710233182574494,-0.0065509182233400845
-0.022649752192157514,0.08515793862739254,0.25797836986907996,0.07282809660428063,0.006892331007625307,0.07792854911400586,0.004056584438982384,0.03272414279052592,0.9925179795331025,0.005094532850628048,0.0015483735660652919,-0.006465760284712691
-0.05237569825878229,0.09937042046509233,0.2580677602525037,0.10911487594261447,-0.006964971157822359,0.03867359013698565,-0.0014677702883841284,0.035091099278180014,1.0035783351433032,0.005352600610880552,0.0014959978678065096,-0.006366389864247599
0.04764678776727434,0.12268260045642759,0.14881493991122546,0.06403310354973807,-0.04659814232632192,0.014466546448661374,-0.00309421021773904,0.02887659028898106,0.9986932325627462,0.005501415550791777,0.001543644655573784,-0.006243707263791171
0.008194711590992665,0.23640859597974964,0.03631209806794107,0.02979505460095725,-0.07861049133834563,0.05976726922933324,0.004912693099575403,0.037779748150359074,1.0030502123302374,0.005537727648859718,0.0015518393671647766,-0.006007298667811421
-0.08740805277340083,0.247655180551924,-0.05212450575066019,0.035457189339941964,-0.033341909381849846,0.11811107069296443,0.0016912169385092113,0.031375610551145135,1.0086453477317303,0.005485603143109058,0.0014644313143913758,-0.0057596434872594976
0.028688900239982457,0.25773150442103815,-0.023995140463603713,0.034462800136560695,-0.016028477874771564,0.09304225271068227,-0.0026459790393277244,0.031167623597114426,0.9924945218349113,0.005461608002645454,0.0014931202146313582,-0.00550191198283846
0.045260159835719,0.24177238968206824,-0.16165686712972285,0.07234738628518182,-0.07288672601702406,0.06876509454006381,0.007752419555601051,0.04034290837325644,1.0110195627805885,0.005299951135515731,0.001538380374467077,-0.005260139593156392
0.02740269170026918,0.254747980250045,-0.10781485299811065,0.008578098052885452,-0.10658503861897471,0.07236590203315504,-0.0031572760769841323,0.03376290935892423,0.9950994587018779,0.00519213628251762,0.0015657830661673464,-0.005005391612906347
0.029636271100128043,0.26954935644074846,-0.2331607270926962,-0.01669878096929671,-0.05888107176172257,0.09110743976106872,-0.002137481620285997,0.02442108303990157,0.9973280962314685,0.004958975555424925,0.0015954193372674744,-0.004735842256465598
0.012486686301901459,0.2936060770513608,-0.2437492256682093,-0.011766369953289637,-0.07006329158715606,0.06516986518962922,0.004627392366767976,0.04507319488403238,0.9994705633031404,0.0047152263297567144,0.001607906023569376,-0.004442236179414238
0.09929047840505108,0.27618359105169205,-0.15345668714663235,-0.022211799628574534,-0.029824263555023395,0.06674599671217515,0.0018810943592301823,0.03490228337518125,1.0001962842580054,0.004561769642610083,0.001707196501974427,-0.004166052588362546
0.01656169160217226,0.329279422298405,-0.23479324442303168,-0.08621858680009781,-0.056205507947826916,0.029467388569434157,0.00243511722370398,0.028899256129005176,1.0060299193064604,0.004326976398187051,0.0017237581935765991,-0.0038367731660641415
0.10730956627654344,0.3332162180207841,-0.32927890082398625,-0.024680138987718207,-0.011404218474987198,0.04734322100081282,0.0037517121401634706,0.038206938640610914,1.0037898248835466,0.0039976974973630645,0.0018310677598531427,-0.003503556948043357
0.14301739659886692,0.3937459207144328,-0.3785058278640534,-0.05874150036470714,-0.036381197566955355,0.02436164575104221,0.002455923994569691,0.026345150422491238,0.9973448430670905,0.003619191669499011,0.0019740851564520098,-0.0031098110273289244
0.17285452483246477,0.33436955033590415,-0.47001740389051466,-0.022715128943339474,-0.03354817889421725,0.017221826540528284,0.009806656866903308,0.026469118457334427,0.987678453004861,0.0031491742656084964,0.0021469396812844746,-0.00277544147699302
0.17756910547383545,0.24656998342558994,-0.5275560647911466,-0.006809364891103776,-0.026227433832588132,-0.03384738916410981,0.014725944350542077,0.0353191826297566,0.9975707158940117,0.0026216182008173493,0.0023245087867583103,-0.0025288714935674302
0.16867121050390363,0.1839248128161726,-0.38710061831373344,-0.0762055928499706,-0.02750751229793008,0.0010295123979651398,-0.010160698185872766,0.022399261102933644,1.008468747143598,0.002234517582503616,0.0024931799972622137,-0.0023449466807512575
0.13598256399771746,0.12845887768342573,-0.45519763643655065,-0.08842108734565617,-0.03839423076701303,-0.02223657760500502,0.00798869450925962,0.03761670328610018,0.9948392685196956,0.0017793199460670655,0.0026291625612599313,-0.002216487803067832
0.13155594471203366,0.08254724283269865,-0.3598958232008586,-0.05787508324834223,-0.0344156351001641,0.006426633059642811,0.0028080521310463874,0.029736487452557508,0.9950359508760507,0.0014194241228662067,0.0027607185059719645,-0.002133940560235133
0.1360970889505108,0.08189980811397679,-0.4056363598329957,-0.06833150751769691,0.0020898098792363276,-0.07246114082335896,0.0013541532607775101,0.03498796974776054,0.9998656468507693,0.0010137877630332108,0.0028968155949224755,-0.0020520407521211564
0.04350024349115557,0.06863866134873858,-0.3047741731998215,-0.03740593877134254,-0.003945415992578698,-0.001272646959372849,-0.008558935109639496,0.03567529318361647,1.0066237406061125,0.0007090135898333894,0.002940315838413631,-0.001983402090772418
0.17830607627380549,-0.08453618765196133,-0.25277457362256683,0.02739700072274906,0.031207477606371797,-0.02905813909772382,0.009785099379654074,0.041419770237000914,0.9933879120342726,0.0004562390162108226,0.0031186219146874367,-0.002067938278424379
0.06368857782820306,0.05509886315808277,-0.2598404186808024,-0.019004833828260962,0.040667512136916675,-0.006432376011541575,-0.0057161387961174,0.03087240742259556,0.9934588161303691,0.00019639859753002015,0.0031823104925156396,-0.002012839415266296
0.013591778675176538,-0.06900373021760567,-0.0059941489781117074,-0.06081432629852072,0.06555380916098336,-0.0664102795574122,0.0064640527464331675,0.040755983381078435,0.9922016522407082,0.00019040444855190845,0.0031959022711908164,-0.002081843145483902
0.10340961869895765,-0.14991783435806988,-0.08767288006521755,-0.05585621449725159,0.0805976043836749,0.006186353923386593,-0.00027081284003184535,0.03246660968316607,1.0006484106186344,0.00010273156848669088,0.003299311889889774,-0.002231760979841972
0.04645388298238899,-0.15327407312279476,0.00040324346062372597,-0.0448018856179049,0.007474586334298132,0.0019494879740481735,0.0014489826504795736,0.03665635408500625,0.9981767101279482,0.00010313481194731463,0.0033457657728721626,-0.002385035052964767
0.07466899753892811,-0.05994817852367555,0.1227453651824148,-0.019354124065377044,0.03615162579462973,-0.03626849619967925,-0.0088932996448981,0.03077590674960224,0.988236400933899,0.00022588017712972942,0.0034204347704110912,-0.0024449832314884425
0.06398870644350696,-0.18077478873976924,0.1742841937549654,-0.024478695712747335,0.060723543888359835,-0.0006761575832549948,-0.007152456368036346,0.03395279913507732,0.996819635122963,0.00040016437088469486,0.003484423476854598,-0.0026257580202282116
-0.01966624971133519,-0.2551619498858186,0.2559531666332662,-0.01563743440782563,0.05897240908370859,0.013181167250981016,0.007269503139658501,0.03351429052155745,1.0031097678133412,0.0006561175375179611,0.003464757227143263,-0.00288091997011403
-0.0013767308219418267,-0.2144197475488733,0.22806239661015573,0.023065546561854867,0.06421963315640165,-0.01757080709728695,-0.0003131077066171756,0.03169754706016543,0.9908767753247484,0.0008841799341281168,0.0034633804963213216,-0.003095339717662904
-0.007943003808008782,-0.14107706888881238,0.2856906773383718,-0.008858406707927913,0.08769614170084268,0.030170063742992637,0.009775941064957296,0.01858939592793974,0.9980404157504087,0.0011698706114664885,0.003455437492513313,-0.003236416786551716
0.012804674523460444,-0.2691097562249938,0.3786904357850081,0.039051620495219735,0.12406780923155394,0.0036093142075241703,0.0022651891335079724,0.03229944338013768,1.0058295439945022,0.0015485610472514965,0.003468242167036773,-0.0035055265427767096
-0.03606462302195645,-0.17815193526137985,0.35602243563416736,0.06439269695323965,0.11898425501064172,0.02001458651680455,-0.007022251400151709,0.030363229467709765,1.0037282458425019,0.0019045834828856642,0.003432177544014817,-0.0036836784780380897
-0.15437040816595984,-0.19799485457301516,0.4141848174843206,0.08228532141787659,0.07835588720460107,0.0608691224113779,0.009419928675278952,0.02652583262505427,1.0010506013170644,0.0023187683003699847,0.0032778071358488567,-0.003881673332611105
-0.17014428192867545,-0.17531114231293196,0.491040905311491,0.05821501075169093,0.01903533492181221,-0.023312378906815555,0.0012705962559596711,0.023753889955750035,1.0020399037336327,0.002809809205681476,0.0031076628539201813,-0.004056984474924037
-0.14553203742391269,-0.2620287207829479,0.4143377812177467,0.010755572275945868,0.039058119331498053,0.06861513568074881,0.009285030138608279,0.035855237766021134,1.0044571409804732,0.0032241469868992227,0.0029621308164962685,-0.0043190131957069845
-0.18411964541166906,-0.07626752421083187,0.3731475647140075,0.03670021551469747,0.09597140045143542,0.018336388445749814,-0.0030856268942940955,0.02544040210255375,1.0002986968775132,0.0035972945516132304,0.0027780111710846,-0.004395280719917817
-0.1725249289218553,-0.05761879499041503,0.41896932399111964,0.03290082186897193,-0.016446837591146096,0.052047415429226605,0.0005863045209397765,0.027283196074159216,1.0007540118224179,0.004016263875604349,0.002605486242162745,-0.004452899514908232
-0.06524028411722341,-0.09381831311831546,0.452505133546634,0.05763519271742985,0.039330997762466964,0.06988104560253437,-0.005104461223944152,0.023348087399125486,0.9881150505871855,0.004468769009150983,0.0025402459580455214,-0.004546717828026548
-0.23746106872506062,-0.10825586704467695,0.29577661919765413,0.04002130949751829,0.010836473240675045,0.08075864012063087,-0.005731625344463781,0.036979444802430386,1.0038832436480862,0.004764545628348637,0.002302784889320461,-0.004654973695071225
-0.1294787112382244,-0.0411713907359367,0.350140552642442,0.038816591702126806,0.0188445298521867,0.04486119689972929,-0.0013994860097124283,0.030114880962647354,1.0020691259881926,0.005114686180991079,0.0021733061780822363,-0.004696145085807161
-0.12994812842289175,0.02005725693003422,0.11019154183831295,0.004906066317372107,0.04481312964445483,0.03700951301876716,0.008976292734593161,0.02684971784865969,0.9975963986973747,0.005224877722829393,0.0020433580496593447,-0.004676087828877127
-0.18013761579052318,0.07432893524655657,0.2346669787725815,-0.008294423619623946,0.02657966686657066,0.05999873255726664,-0.0013102627407001537,0.025573084259397118,0.9927921995206765,0.005459544701601975,0.0018632204338688216,-0.004601758893630571
-0.24488042538992097,0.08370728511184566,0.1331513266069029,0.03511465958456708,0.028402589607865937,0.0892700063200382,0.0005598641393616884,0.029859735708433328,0.9998408522109793,0.005592696028208877,0.0016183400084789003,-0.004518051608518725
-0.24946942910973538,0.15124815550148807,-0.0332575663922972,0.0400567537971928,-0.04719425055860031,0.06630726224250957,0.00479868516664499,0.027935189797972666,0.9933202880118843,0.0055594384618165805,0.001368870579369165,-0.004366803453017237
-0.2156262781871607,0.17747576660897418,0.05322910224865766,0.02318367431349557,-0.09643490733284904,0.03676839503371377,-0.005274535857302596,0.022645946108870423,1.0023303983535956,0.005612667564065237,0.0011532443011820041,-0.004189327686408263
-0.26579795289691555,0.12597292517512315,-0.10114224747381653,-0.009463977302173346,-0.061256740382387605,0.0675667611860006,0.0058275405681757885,0.03318130359751169,0.9949891418239046,0.00551152531659142,0.0008874463482850888,-0.00406335476123314
-0.21740446890405155,0.11650672412766284,-0.1183233963850896,0.0105539649743509,-0.05755247735722806,-0.055134041902023735,-0.0014892024145818127,0.01767400272601205,1.0084917486792004,0.0053932019202063315,0.0006700418793810372,-0.003946848037105477
-0.3157426931457632,0.14996107889055457,-0.2051605441107708,-0.044538196845133465,-0.05452074735445162,0.06851673880504786,-0.0017452218743987113,0.022387838946214128,1.0014203946990712,0.005188041376095561,0.0003542991862352739,-0.003796886958214922
-0.10479204813345216,0.20071490001665326,-0.2509050026030416,-0.040645786504143584,-0.0617850501096531,-0.029787974842771923,-0.006309202630732981,0.030639643778290804,0.9943475249039234,0.004937136373492519,0.00024950713810182175,-0.003596172058198269
-0.2015008362526936,0.19209767682907064,-0.30312026982616824,0.001918578532598839,-0.08488735545224496,0.017917994265671797,-0.0018851945985389857,0.033898096269277485,0.9950475847290882,0.00463401610366635,4.800630184912813e-05,-0.003404074381369199
-0.22843552953536098,0.14818038270773745,-0.1377238774591404,-0.07264280097099751,-0.08510826186381582,-0.025717844302960903,0.0002539339672067609,0.018855558996330422,0.9983640593515081,0.00449629222620721,-0.00018042922768623287,-0.0032558939986614614
-0.1929372667835223,0.2013132969402236,-0.17737188503442342,-0.04539980381115894,-0.11159354836821399,-0.006539475608413574,0.0038355961000931175,0.029766273068098793,0.9974827636965433,0.004318920341172787,-0.00037336649446975516,-0.0030545807017212374
-0.21465308244481984,0.14593129076000239,-0.1748797916789458,-0.10757213787513481,-0.08159423541267595,-0.04876140559022667,0.005883143415146591,0.026697157302020262,0.9941656027931092,0.00414404054949384,-0.000588019576914575,-0.002908649410961235
-0.13052230081548102,0.11670526895308167,-0.3123025817890973,-0.08125997183424209,-0.11419456384046639,-0.032920872785866175,-0.011766391673933608,0.031603214485480965,0.9970572491208177,0.003831737967704743,-0.000718541877730056,-0.0027919441420081533
-0.01051670649501689,0.09299975234160046,-0.1398211991635669,-0.05519900425473258,-0.07458167944763015,-0.014337245876411645,0.0009911371569935653,0.025454136916444995,0.9986034936686712,0.003691916768541176,-0.0007290585842250729,-0.002698944389666553
-0.15439205529792874,0.1832536575317495,-0.16058975686570387,-0.09769563151105452,-0.1084567725754928,-0.037567329971201456,-0.0014483776930085922,0.02503022929282793,1.0069711647187,0.0035313270116754726,-0.0008834506395230016,-0.0025156907321348034
-0.10720081512578772,0.014664931167033365,-0.08474901494661863,-0.08852922062988057,-0.111115693357777,-0.06122440776259377,0.007089378645046034,0.030518692733355293,0.9936198871827185,0.0034465779967288537,-0.0009906514546487893,-0.00250102580096777
-0.055724999020283605,0.13358266062264704,-0.1347416282533985,-0.11081870329576195,-0.08036344988172647,-0.06194943134487033,-0.005710884972587498,0.03625338332306557,0.9969726170988272,0.0033118363684754553,-0.001046376453669073,-0.002367443140345123
0.010553603852329028,0.007948669873404889,-0.059423098481885615,-0.11070201809170196,-0.09705771170360337,-0.07749674820826644,-0.0011290322674510742,0.023784255443804934,0.9984198899227616,0.00325241326999357,-0.001035822849816744,-0.0023594944704717177
-0.022309552967697717,0.023275251175002308,0.033667795503805525,-0.09222718143162961,-0.07308920805987128,-0.056040625062040016,-0.001822572660727492,0.026099406874063723,0.998631943560656,0.0032860810654973746,-0.0010581324027844417,-0.0023362192192967154
0.06496076562627572,0.058797207401124214,0.047269594405361326,-0.09845002367048776,-0.09626361998344193,-0.07249060111168328,-0.0035302357815940287,0.027387807675563886,1.0023033425151606,0.0033333506599027363,-0.000993171637158166,-0.002277422011895591
0.08989120718315266,-0.058678462926043444,0.02713562909903498,-0.07781142579935621,-0.0915577963444722,-0.05272984596384537,-0.009080208392434654,0.034786258476671675,1.0030482919646166,0.0033604862890017715,-0.0009032804299750133,-0.0023361004748216345
0.07712461810492012,-0.09971828483420048,0.06195274780024264,-0.05935201531919494,-0.030110044161638573,-0.08983194520531053,-0.012986916524195468,0.02534560472505151,0.9878362670187881,0.0034224390368020143,-0.0008261558118700931,-0.002435818759655835
0.19513207550219352,-0.15070671764922072,0.16511536822807565,-0.11734186526140813,-0.05848000368194609,-0.07215523160927872,-0.004754357190938915,0.027595396572661312,1.002811152343121,0.00358755440503009,-0.0006310237363678997,-0.002586525477305056
0.20796466689397552,-0.16471951874165888,0.19755791516007845,-0.10234778168636266,-0.0289587063244663,0.0020677576797166874,0.0033452852322157136,0.027123061315116298,0.9986739340980327,0.0037851123201901684,-0.00042305906947392416,-0.002751244996046715
0.0679085366189844,-0.20588337482070967,0.19370938043528577,-0.09857770600366952,-0.001713986667832416,-0.0589145861956964,-0.004950788847042592,0.028542735882719415,1.0059697988725262,0.003978821700625454,-0.0003551505328549398,-0.0029571283708674247
0.22558100137996173,-0.2333780081242446,0.1295452623944534,-0.06959769191183461,0.021975125155391705,-0.01395189767116639,-0.008611392898048216,0.01834483896973865,0.9969606404592403,0.004108366963019908,-0.00012956953147497802,-0.003190506378991669
0.23211909486171597,-0.24443956505956665,0.23662646404577878,-0.035006192406823976,0.006132318493341105,0.02110616646369362,-0.013349537691505809,0.02809756113919271,1.0043749093732368,0.004344993427065687,0.00010254956338673796,-0.0034349459440512356
0.25112325109443023,-0.20333474976214722,0.21866919304519142,-0.07939610870289437,-0.018235946337678298,0.026122639718490735,-0.0007471255764452079,0.019693247260231132,0.9922546663647158,0.004563662620110878,0.0003536728144811682,-0.0036382806938133824
0.2231858637739703,-0.35344142364752285,0.29128638099433396,-0.04023086631844863,0.04427783475726062,0.018131226079576034,-0.008815076309018528,0.016115877312088446,1.0010403963567116,0.004854949001105213,0.0005768586782551385,-0.003991722117460906
0.22715023539425194,-0.4204352932884266,0.2700970816506265,-0.037785151982489135,0.06351387044450339,0.0024681839442291208,-0.0035073637789808103,0.025750535250737876,0.9956391625674379,0.005125046082755839,0.0008040089136493906,-0.004412157410749332
0.2610141376532115,-0.3444486508545265,0.18815516644008287,-0.09387964456777736,0.059815746024453734,0.034593068146461625,-0.009367330154748742,0.025847890191454604,0.9997003051746614,0.005313201249195923,0.001065023051302602,-0.004756606061603859
0.1823310481453387,-0.3015498367627106,0.115376787269069,2.8575880091103595e-06,0.06207143727027586,0.05292292967899371,-0.00197181695722755,0.027841807068150214,0.9900020750315776,0.005428578036464991,0.0012473540994479408,-0.0050581558983665694
0.27732830299174716,-0.28589130757114734,0.1600247060543318,0.003874533187875652,0.10311310558903236,0.07692611602988812,0.0027950872497151356,0.027444763989891385,0.9966133422153269,0.005588602742519323,0.0015246824024396878,-0.005344047205937717
0.28675784719622494,-0.2989208322598268,0.21378815128760184,-0.006181829365645706,0.11221477609354244,0.03169196586030737,-0.010862934352488474,0.025514601243135746,1.0061998174760167,0.005802390893806925,0.0018114402496359127,-0.005642968038197544
0.21827862522783187,-0.19596415716737414,0.054537253994982354,0.010803792648085885,0.10173457610730224,0.05982490462530903,-0.009390894596018995,0.02860942949805429,1.0112024556863435,0.005856928147801907,0.0020297188748637446,-0.0058389321953649185
0.1224331633364824,-0.283591504845198,-0.01659896373892145,0.06481727605778084,0.12953928746369794,0.10422974354858942,-0.004784189101588561,0.025882951351642546,1.0026133609545134,0.005840329184062985,0.002152152038200227,-0.006122523700210117
0.24344949190862913,-0.2573289142144403,-0.04262662170582108,0.037094075722061845,0.13820015755727144,0.06850033633341235,-0.005263366958056832,0.029032603709324162,0.9996097432410594,0.0057977025623571635,0.0023956015301088564,-0.006379852614424557
0.17225719412874962,-0.22010173588058599,-0.1318973675429897,0.06990702649928209,0.09346311536153457,0.08499025109667281,-0.009561470994192706,0.029442359926184235,1.0016297134437926,0.005665805194814175,0.0025678587242376058,-0.006599954350305143
0.2238800522911479,-0.15205193327311464,-0.09790962228911139,0.08306696225202198,0.11143264915626923,0.07651223158932174,-0.0032738295577774187,0.029071590944943777,0.9916838753188603,0.005567895572525064,0.0027917387765287534,-0.006752006283578258
0.21344443930076354,-0.17015361290135475,-0.2549097361949892,0.11759304224718678,0.09081149897764143,0.0830970123488079,-0.010557515356197212,0.02449142533658177,1.0036323558449554,0.005312985836330074,0.0030051832158295173,-0.006922159896479613
0.174848377562022,-0.16737680225093962,-0.2857038040125892,0.04098985309794581,0.07432644512513,0.06622174046412706,-0.007061852573905847,0.021585152493091675,0.9963295301491883,0.005027282032317486,0.0031800315933915393,-0.007089536698730552
0.16517310584399156,-0.11549251150248438,-0.3028219733313865,0.10618431289102767,0.10229151891467737,0.03842183950796125,-0.013230479373752367,0.029726573479706322,1.0023134733655914,0.004724460058986099,0.003345204699235531,-0.007205029210233036
0.07233361089891957,0.0033812946840841886,-0.2658610387665333,0.12278561170379858,0.11530076197685286,0.059307502462706274,-0.008440533244696222,0.023077897212480956,0.9953074201018598,0.004458599020219565,0.00341753831013445,-0.007201647915548952
0.04871838840204654,-0.04709431931295059,-0.4382724967092456,0.10366499118392411,0.1016079189874378,0.07690655001774385,-0.004911414851521639,0.029611047112377522,1.0055148329588548,0.00402032652351032,0.003466256698536497,-0.007248742234861902
0.007320394795618711,0.06087431570520547,-0.46575627166191874,0.03204437010382739,0.09162955259921306,0.007359216963363264,-0.007918361572887157,0.017517876156743335,1.000611745072757,0.0035545702518484015,0.0034735770933321157,-0.0071878679191566975
0.02395369642654218,0.15460113168470316,-0.4182440135273887,0.11118942992001424,0.11227113231954106,0.028405628580819492,-0.006470600763952727,0.022102598856675194,0.9969484905829896,0.0031363262383210123,0.003497530789758658,-0.007033266787471994
0.06693331522256446,0.21063961455040808,-0.4029803025817484,0.04894899136371885,0.03515866532904079,0.035982838527136456,-0.009189052788784362,0.02734025435665985,0.997814558139246,0.0027333459357392637,0.0035644641049812223,-0.006822627172921586
-0.03316043249006512,0.19512365938900345,-0.4098126186888911,0.055128147827222876,0.08370316694473827,0.07091306112271302,-0.005486032095235207,0.0193291272997783,1.0018849037897204,0.002323533317050373,0.0035313036724911578,-0.006627503513532582
-0.11759361328989945,0.251047439817405,-0.3854034483689064,0.06871499071918341,0.03733368034244347,0.031197209059237473,-0.012335581532761535,0.019663116510663374,1.0054321898710634,0.0019381298686814666,0.0034137100592012575,-0.006376456073715177
0.020577921770157923,0.19041007811732058,-0.41604923470744015,0.04024296465260482,0.06969062257882998,-0.004479329816411203,-0.004616778503573927,0.015969739944677763,1.0002424259035236,0.0015220806339740266,0.003434287980971416,-0.006186045995597856
-0.060908924565199585,0.2609962100817897,-0.3304733926243924,0.03922759509424194,0.0042531132170626085,0.008838021791856871,-0.009211778843590441,0.021023827100790725,1.0000586459601444,0.0011916072413496342,0.0033733790564062158,-0.005925049785516066
-0.12417765968697388,0.1832650652788425,-0.2980360831834825,-0.0031934431338099534,0.021760897745893334,-0.017999612167069447,-0.007819802648746514,0.026815300077327055,0.9930960711956413,0.0008935711581661517,0.0032492013967192427,-0.005741784720237224
-0.06897271360498254,0.3086573678238367,-0.24102732190798082,0.04869968647122037,-0.0048582633393265936,-0.005434474209520011,0.0029731011390056877,0.019956675877940054,1.007683796787606,0.0006525438362581709,0.0031802286831142594,-0.005433127352413388
-0.022989746590050944,0.20013238201080852,-0.15153458652683685,0.03390736785070013,0.007225788730475566,0.028403602343023533,-0.015236274200525205,0.01672187058431515,0.9951400500629513,0.000501009249731334,0.0031572389365242086,-0.005232994970402579
-0.1259931850606815,0.2537615459242997,-0.02982512612777838,0.0004338700077941883,-0.022997874133793672,-0.03517431113536181,-0.0053813254034289874,0.025188193944613264,1.0000469578357274,0.00047118412360355565,0.003031245751463527,-0.004979233424478279
-0.08985629569238421,0.315016178040647,-0.045694202815719356,-0.012785311514545367,-0.028609702122265226,-0.06124873911231816,-0.007573076726294355,0.010899813599774391,0.9988280329084049,0.00042548992078783626,0.0029413894557711426,-0.004664217246437632
-0.1829963036993746,0.25744987133747316,-0.027714758383367857,-0.0016658621151451232,-0.017308428669490457,-0.04687493795549131,-0.010157425693978886,0.023753212129053944,1.0034626511708409,0.0003977751624044684,0.002758393152071768,-0.004406767375100158
-0.07961302820930068,0.41396838709209655,0.1414197812232645,-0.06003323482364467,-0.08046852897947568,0.01747602896484892,-0.008753359881730566,0.020134331001678732,0.9934212084252699,0.0005391949436277329,0.0026787801238624676,-0.003992798988008062
-0.08707364168427967,0.2896134124767146,0.14565150886081932,-0.0587320704093882,-0.04292448149032718,-0.052809201051123474,-0.006347265936550544,0.016417983749086536,0.998694267161377,0.0006848464524885523,0.0025917064821781876,-0.003703185575531347
-0.11695894288323948,0.28031654752217067,0.11920262705327048,-0.026774357871798427,-0.060928209936212716,-0.02700861357595042,-0.010525293520460078,0.02097147332494475,0.991783295790019,0.0008040490795418227,0.0024747475392949483,-0.0034228690280091764
-0.21828682848888575,0.21518483261154708,0.2766036343128344,-0.06985045294447605,-0.06501982300186004,-0.015512975858696274,0.002114786760932524,0.015578166367989905,1.0031768448175655,0.0010806527138546571,0.002256460710806062,-0.003207684195397629
-0.0765376633324089,0.24930242197836316,0.2791867548586997,-0.10813452038838371,-0.05778575215677421,-0.025094736502660413,-0.0053665170746455115,0.021488471874582606,0.9969768066048169,0.001359839468713357,0.0021799230474736533,-0.002958381773419266
-0.10724655537049896,0.13457698750648958,0.31795551492145274,-0.07366761325635743,-0.06703509516001077,-0.013502427297409041,-0.012278735569537175,0.01881684295007893,0.99038889390654,0.0016777949836348097,0.002072676492103154,-0.0028238047859127768
-0.18230187249091961,0.16629902158352805,0.46880695364743696,-0.08755341270769913,-0.05066142873551772,-0.0354230006186592,-0.006182821791568444,0.019334016356708044,1.0003776867927452,0.0021466019372822463,0.0018903746196122348,-0.0026575057643292484
-0.1606456545861084,0.13147801582014185,0.45321446456876047,-0.08508209199166983,-0.04603088598006391,-0.0437184751183825,-0.014836350154679557,0.02247327590915982,0.9961796915631639,0.002599816401851007,0.0017297289650261263,-0.0025260277485091064
-0.007809340932720593,-0.033693997371399,0.41619238109545925,-0.06136751315384567,-0.06606879026339908,-0.012815173076606725,-0.010945957853333506,0.012302671770598385,0.9937728169932378,0.0030160087829464665,0.0017219196240934058,-0.002559721745880506
-0.11272758145791995,0.05014203308634563,0.40426822002668755,-0.030489155084843275,-0.0579208788481322,0.03003443878027115,-0.0017817719881028666,0.017914419826052946,0.9955093346819016,0.003420277002973154,0.0016091920426354858,-0.00250957971279416
-0.1926129856335559,0.09814378811665661,0.33416696397408896,-0.0942703677563561,-0.06569380903044755,-0.03712094285532213,-0.010939907657455075,0.02391392661125729,1.001553308187998,0.003754443966947243,0.0014165790570019297,-0.002411435924677503
-0.09858141051215613,-0.07149435588126381,0.40549421785293494,-0.017830838560098303,-0.050338151006001114,0.033757906474957765,-0.021125242338176226,0.020414253431182628,1.0038931947186018,0.004159938184800177,0.0013179976464897736,-0.002482930280558767
-0.0813505756073394,-0.0987174680316894,0.3350179431461686,-0.024454343477329388,-0.09095683060643373,0.03199179719105872,-0.015907409478159214,0.018505423787977943,0.9908403987223185,0.004494956127946346,0.0012366470708824343,-0.0025816477485904564
0.048274948732040565,-0.2333907804567703,0.3487605076375356,-0.0727442982830055,-0.0259073982298904,0.04484210479595701,-0.009846938749026023,0.01858613817892819,0.9871683567386907,0.004843716635583882,0.001284922019614475,-0.0028150385290472268
-0.03689624877223763,-0.08575562969612804,0.2287112280205802,-0.04650931439351888,-0.006311291186731836,0.06459410052843162,-0.004695497948065973,0.016765446829054308,0.9986905618650886,0.005072427863604462,0.0012480257708422373,-0.002900794158743355
-0.0373830829416056,-0.24392413573322386,0.235675887053796,-0.0068330126513313875,0.00763171659452723,0.07437535298983106,-0.010325791863056434,0.01741799448496337,0.98867004214309,0.005308103750658258,0.001210642687900632,-0.0031447182944765793
0.05424392749757692,-0.21077104985935802,0.053322933499327846,-0.007962754744689965,-0.009135687034405609,0.03874019006028126,-0.012377294649136316,0.013897974520208061,0.9979286914731981,0.005361426684157587,0.0012648866153982087,-0.0033554893443359375
-0.014692501377389741,-0.158252574047912,0.0816590127184414,-0.017783341508479086,0.016878717009919098,0.05772920737151405,-0.00896687228215137,0.013007691937054821,1.0025582543543203,0.0054430856968760285,0.001250194114020819,-0.003513741918383849
0.12749955097862564,-0.26035434045652234,0.008677188198764622,0.0235979767340738,0.07039603845813895,0.028428315452271084,-0.013711676090304716,0.01666195276400611,1.001501674565797,0.005451762885074794,0.0013776936649994448,-0.003774096258840372
-0.009567898055195354,-0.14823829668699204,-0.020657208015978264,0.00473647472747119,0.029287037997595185,0.07093963387763526,-0.010267838916311913,0.012855253612079546,0.9954091153529364,0.005431105677058814,0.0013681257669442494,-0.003922334555527363
0.05724829668206773,-0.22228866775635572,-0.18332337032254642,0.05358922236669354,0.02266321360092883,0.059563706005895584,-0.007681395083115283,0.019593853802538207,0.9929200295821784,0.005247782306736268,0.001425374063626317,-0.004144623223283719
0.08271888581156764,-0.17320542246632337,-0.1818873547709281,0.034752321822908154,0.05291176333191193,0.053443233106805973,-0.004528939298727368,0.020120967412533865,0.9983799683110586,0.00506589495196534,0.0015080929494378848,-0.004317828645750042
0.09890369994768393,-0.2029348761719272,-0.1397654426373336,0.024966114088956385,0.07224239325842702,0.044288782807147035,-0.007335646054110578,0.020240776000892025,1.0015556536797363,0.004926129509328006,0.0016069966493855688,-0.00452076352192197
0.06671134617678215,-0.17468408022799556,-0.31128708748131534,0.018839411597447477,0.08836032124167924,0.09185987242962694,-0.009974447310988361,0.020083935820262248,1.0050482790603323,0.0046148424218466905,0.001673707995562351,-0.0046954476021499655
0.18403282694989045,-0.18690336109886396,-0.22190262243047035,0.0194165448216738,0.0644510054652597,0.08706703833076362,-0.01445644981446726,0.016125389433740592,0.9919663943715006,0.00439293979941622,0.0018577408225122416,-0.004882350963248829
0.10209431847197087,-0.1820031560096404,-0.15345219743555444,0.030499260097909164,0.08443489863611565,0.06505158556469223,-0.011860763212682375,0.023531322825664183,0.9901733476853021,0.004239487601980665,0.001959835140984212,-0.00506435411925847
0.09942785649124228,-0.1008454721766302,-0.2188764214824616,0.07913554211530496,0.11424429978717111,-0.0023065018621791656,-0.0097237690722331,0.012701318708052176,0.9978817545367549,0.0040206111804982035,0.0020592629974754547,-0.0051651995914351
0.11980969923402356,-0.10607527013070633,-0.30986817546942397,0.04032469367359973,0.08381468406777651,0.043639163588215284,-0.01249759558267228,0.009840983115752825,0.9986607426819252,0.00371074300502878,0.0021790726967094785,-0.005271274861565806
0.1302035441015058,-0.1048100708621012,-0.23733391344654264,0.02585269411235,0.09204768409005228,-0.008641780280177551,-0.0099763001156766,0.01715179377217707,0.9841527662838774,0.0034734090915822372,0.0023092762408109843,-0.005376084932427907
0.20062498215202862,0.07649609496666869,-0.24323966368616168,0.031207279786336174,0.13487025379424733,0.019211677131456748,-0.01895686846548461,0.02222365934163366,0.9943936631562441,0.003230169427896076,0.0025099012229630128,-0.005299588837461238
0.022415843299526117,0.07975605134053299,-0.1565095872731257,0.0018225418010373844,0.0818853892139673,0.03469548194136444,-0.01617904234851336,0.018427671724061,0.9938161890593517,0.0030736598406229504,0.0025323170662625394,-0.005219832786120705
0.1665539939960426,0.1378944033347903,-0.21674114677386302,0.022948692417582964,0.07017521547773434,-0.0727157925338376,-0.0078024775877139465,0.010087668376190547,0.999336833122276,0.002856918693849087,0.002698871060258582,-0.005081938382785914
0.015644829666389956,0.11627449643375354,-0.19746759104459946,0.02404106524602193,0.04721304489529833,-0.058133168324080976,-0.008682073587861432,0.009793940469805414,0.9986387853448363,0.0026594511028044873,0.0027145158899249716,-0.0049656638863521604
0.0533311280317426,0.11008161955408662,-0.06244469867179392,0.010705525220145794,0.0631820056606314,-0.02583594441046922,-0.009818188719232852,0.01649274010564674,0.993279401041547,0.0025970064041326937,0.002767847017956714,-0.004855582266798075
0.08457817109472121,0.14314195267734858,0.017557188004258775,0.06255755610243502,0.05895807223086431,-0.016658245578935464,-0.010748354217876047,0.011132861580082485,0.9915041174970373,0.0026145635921369526,0.002852425189051435,-0.004712440314120726
0.03755461891548921,0.19398889838830036,0.06055803295233507,0.009804745854852494,0.09453799849135426,-0.029564538944571027,-0.011098893430797082,0.011440010432658741,0.9908900988256553,0.0026751216250892875,0.0028899798079669247,-0.004518451415732426
0.09069515477217578,0.22401649275620453,0.006874316680943571,-0.06193836214920754,0.07330894178088675,-0.04449475192506585,-0.014639354439079554,0.028084942934610856,0.9924526481441367,0.0026819959417702308,0.0029806749627391002,-0.004294434922976221
-0.011262465751080183,0.2679777572819955,0.04971933047698815,0.009415407766643433,0.09334572665040324,-0.03616434863244755,-0.007506619224755009,0.017678097523004234,0.9986997091215827,0.002731715272247219,0.00296941249698802,-0.0040264571656942255
0.12907783148520052,0.22313900470554454,0.12336393110207323,-0.024775823311742346,-0.01392730602655495,-0.04318848452541655,-0.00700395994646515,0.011711794790937449,0.9933659368984337,0.002855079203349292,0.00309849032847322,-0.0038033181609886807
0.021035670426228004,0.1316531563817571,0.22922130318428646,-0.07251965217601966,-0.03708571802648217,-0.04526862161767154,-0.010742824880559306,0.014399497668098189,0.998206793306638,0.003084300506533579,0.003119525998899448,-0.0036716650046069235
-0.02136732804906325,0.3009110451638353,0.1636135743657626,-0.048147568721635614,-0.011993973816759661,-0.06479691587263607,-0.01547105610473223,0.014340521715891848,1.0036256786595266,0.0032479140808993412,0.003098158670850385,-0.003370753959443088
0.017225416810939205,0.23153720538333275,0.23741050934110064,-0.08331602290468493,-0.0438782606210298,-0.03252649375685088,-0.008718195117220877,0.015089028763776277,0.9999859373719404,0.003485324590240442,0.0031153840876613245,-0.0031392167540597554
-0.0993885315955336,0.1704487979417816,0.2507406283069577,-0.047355491492879,-0.03661852463589533,-0.07844059845983006,-0.012422183171242114,0.023029537326949536,0.9937030739837869,0.003736065218547399,0.0030159955560657907,-0.002968767956117974
-0.1240766865685602,0.1703522451653068,0.22987445261694972,-0.10081967412747382,-0.04493926425865204,-0.07485310181063382,-0.011289562045371787,0.018680759059132673,0.9974929132108147,0.00396593967116435,0.00289191886949723,-0.002798415710952667
-0.24599629658632102,0.18491491455812206,0.2016079611020176,-0.057491335503508725,-0.029060218376995867,-0.024042103753781928,-0.0034904265647068156,0.026534349478439703,0.993286507770133,0.004167547632266367,0.0026459225729109095,-0.002613500796394545
-0.17959960411083647,0.20447412883132376,0.2236676241900103,-0.03356789405064298,-0.03801682445294921,-0.04466738943788312,-0.013246276017705704,0.014311468110662265,0.99724049501278,0.0043912152564563765,0.0024663229688000727,-0.002409026667563221
-0.13650901019351663,0.04164483431127672,0.2629194386612229,-0.061911508378282715,-0.106339774013419,-0.05357622979800757,-0.022205989507124466,0.006123078368937557,1.0001921238546807,0.0046541346951176,0.002329813958606556,-0.0023673818332519444
-0.12733526989231037,0.008812981643708244,0.1781370858901797,-0.09177843028353569,-0.0760248754628286,-0.013708596128537249,-0.0060273647460214914,0.0002188294242931356,0.9952519107076079,0.00483227178100778,0.0022024786887142457,-0.002358568851608236
-0.13501662478736184,0.045946592920039074,0.13811542489044407,-0.09828864488240034,-0.10085521740196664,-0.007462994217543,-0.007526164439812134,0.007419905620537343,0.9928980548143099,0.0049703872058982235,0.002067462063926884,-0.002312622258688197
-0.24661689888610108,-0.033928105958031696,0.06996067564250989,-0.11913531461679111,-0.10046806613161413,-0.017685371310222762,-0.01489627890578227,0.0064589454820587165,0.9988571646826683,0.005040347881540733,0.0018208451650407833,-0.0023465503646462288
-0.20713597660566335,-0.0520792675365047,0.05276726236663509,-0.08796270733288764,-0.09914891482273029,-0.015563905621630842,-0.010320182638860188,0.0169771393803417,1.002153064239275,0.005093115143907369,0.00161370918843512,-0.002398629632182733
-0.3245147510463483,-0.2089699251843383,0.024162449526749147,-0.07732645623702605,-0.09523923436255051,0.04217072784652492,-0.01693932429565602,0.01788945158215757,0.9999672514403027,0.005117277593434118,0.0012891944373887717,-0.0026075995573670713
-0.24867394763344358,-0.1818751519936643,-0.03812720471268054,-0.08194769542573485,-0.09867186420676413,0.03269947658012107,-0.015430723157259765,0.008978987757462528,0.9868018400633073,0.005079150388721437,0.001040520489755328,-0.002789474709360735
-0.24057004595599754,-0.17306587121379985,-0.19754822160866922,-0.08916843331350228,-0.09447097474861611,0.03063105914856243,-0.016136403907437,0.007843754810876987,0.9938817583179422,0.004881602167112767,0.0007999504437993304,-0.0029625405805745355
-0.16220629190746372,-0.13073674941209018,-0.24750451439213944,-0.09055065168894674,-0.11133446304210072,0.06693460351940399,-0.010591613388221907,0.006026139739243121,0.9950373162382105,0.004634097652720628,0.0006377441518918667,-0.003093277329986626
-0.21646931798559663,-0.13657182488910197,-0.298814306613252,-0.05619090302842646,-0.12277310071266861,0.01665552253809468,-0.0096412088422635,0.014419528308413178,0.9906507706389256,0.004335283346107375,0.00042127483390627007,-0.0032298491548757276
-0.1935139843974748,-0.27448237089119304,-0.4184491145198877,-0.08596564204284199,-0.12674231806961972,0.06788985032848248,-0.011028125123937164,0.00650008493186844,0.9985562625261492,0.003916834231587488,0.0002277608495087953,-0.003504331525766921
-0.22354747556170554,-0.19789295620404979,-0.4004598215739841,-0.03529324897492583,-0.06102986985235077,0.08281269177512052,-0.019067167126625963,0.012740706572205999,0.9928190998790347,0.0035163744100135037,4.213373947089733e-06,-0.0037022244819709706
-0.1869284680020423,-0.3285077113527379,-0.4167970721598457,-0.037927665970527775,-0.061090076130829105,0.05672590398750172,-0.015001348155099492,0.007877510042015418,0.9911992396497906,0.0030995773378536583,-0.0001827150940549526,-0.004030732193323709
-0.1424229594877038,-0.3253894632274055,-0.4111908985499948,-0.06877488951620457,-0.053163890525550386,0.10358625796245723,-0.015336484813948208,0.012136829561235317,0.9971202313770331,0.0026883864393036634,-0.0003251380535426564,-0.004356121656551114
-0.13635778491381845,-0.3961525582233042,-0.41097023111076036,-0.01486560305249077,-0.04468480686734374,0.09347079922897683,-0.022989396778463338,0.006953110964562279,1.0020321554374985,0.0022774162081929026,-0.0004614958384564748,-0.004752274214774418
-0.23503881451122996,-0.3290333063305293,-0.518467975889136,-0.028222700605685345,-0.05387059371066914,0.0800061436595001,-0.011502462267552478,-0.002728917109716223,0.9877749065475351,0.0017589482323037667,-0.0006965346529677048,-0.005081307521104948
-0.10501433444497615,-0.4588348505394312,-0.47394011366233213,0.02503430328243198,-0.04823536371735618,0.06437514317252767,-0.023522782816997538,0.012652754921834191,0.9966393097884958,0.0012850081186414344,-0.0008015489874126808,-0.005540142371644378
-0.11412376266180095,-0.3800629370987423,-0.37060586446723487,0.03033191763852058,-0.025329735146477163,0.09489932542515529,-0.016457535313243996,0.00589428662685082,0.9915720812784796,0.0009144022541741995,-0.0009156727500744818,-0.00592020530874312
-0.034961509885829384,-0.2234394543695848,-0.38525745688246726,0.020371146966077797,0.011748775329907148,0.1210387194190803,-0.010726706928359907,0.008076317816946864,0.9942136442765227,0.0005291447972917323,-0.0009506342599603112,-0.006143644763112705
-0.1809437139939762,-0.3050782608756876,-0.39032637035373274,0.07954190454410547,0.008611061219797277,0.008045934871577265,-0.01553037505327172,0.009212568863582021,0.9977483782099235,0.00013881842693799952,-0.0011315779739542874,-0.006448723023988393
0.011487263092155045,-0.3204936285693738,-0.2370351431440932,0.03611923422108147,0.026861196340479565,0.11133988707411778,-0.019512970111736867,0.016310432949288543,0.9943974870657386,-9.821671620609371e-05,-0.0011200907108621324,-0.006769216652557766
-0.012456102499196025,-0.17822486494622797,-0.21873974359235482,0.052565475217693836,0.03203683485139735,0.040097838011968014,-0.01795798471132387,0.014227791212654696,0.9996899780050449,-0.0003169564597984486,-0.0011325468133613285,-0.006947441517503994
-0.10445653254613502,-0.15528446557463907,-0.202379236664634,0.06580179538280213,0.03540735704530223,0.05365709283416071,-0.008387042515325847,0.0031336889806249935,0.9951508705732899,-0.0005193356964630825,-0.0012370033459074637,-0.007102725983078634
-0.021573201323296223,-0.17954092986125642,-0.07620086055459088,0.05046604976458049,0.03626331255590743,0.06593795336664325,-0.019107326625435267,0.005628785903263196,1.0010102057905714,-0.0005955365570176734,-0.0012585765472307598,-0.00728226691293989
0.006269394751941951,-0.09862047276854108,-0.08835435574715686,0.034146364110556014,0.007979947054763726,0.012648420059663571,-0.02614049991293186,0.005926989683835965,0.9875986127383434,-0.0006838909127648302,-0.001252307152478818,-0.0073808873857084305
0.09589551874173474,-0.1361242149024537,-0.012257334558924618,0.11288097646025728,0.10341608541757219,-0.006629064159654164,-0.012037702665412762,-0.0003721600361972655,0.992527251914196,-0.000696148247323755,-0.0011564116337370832,-0.0075170116006108845
0.0032370184792329115,-0.051656329985164784,0.08327981919526775,0.059770242919131425,0.08066448468667492,-0.038641415741397046,-0.020783823676105297,0.005320863025314907,0.9819087218382072,-0.0006128684281284872,-0.0011531746152578502,-0.00756866793059605
0.1829439612176346,0.09566707671989108,0.17189330067958442,0.09036421560896375,0.08233074812998371,0.027747347108268525,-0.019328990396151196,0.002825935244276991,0.9973921609232311,-0.0004409751274489028,-0.0009702306540402156,-0.007473000853876158
0.11841072951820154,0.10158504190966938,0.2737058296483382,0.10407035864942885,0.09129887780462333,3.150095403875279e-05,-0.014912718031393796,-0.00027272268874510563,0.9922186886730794,-0.00016726929780056462,-0.000851819924522014,-0.00737141581196649
0.06095571452225523,0.13665384944519793,0.24297848175041148,0.05654337802301872,0.11463116733944574,0.003950077243173339,-0.021500217612238755,0.003419561519569048,0.993402513600946,7.570918394984688e-05,-0.000790864209999759,-0.007234761962521291
0.2669006566610056,0.12895521500023843,0.2978010906870307,0.08742590050136445,0.08483587486599911,0.0020672805738297193,-0.018420206895949205,-0.00026895153010836337,0.9893742169606078,0.0003735102746368776,-0.0005239635533387533,-0.007105806747521053
0.15818151486909743,0.14205997382149477,0.4090890098474978,0.04839765519622047,0.07564932939138824,-0.01937629179167656,-0.025729668403864,0.008253322794349269,0.9930827917200155,0.0007825992844843754,-0.00036578203846965583,-0.006963746773699557
0.17262249424549364,0.26002686074983666,0.42500485494989426,0.09019880409205246,0.11780757303875579,-0.000331307596532519,-0.0212011708735399,0.0035465078558663517,0.9984588516531211,0.0012076041394342698,-0.00019315954422416217,-0.006703719912949721
0.29852024315120784,0.2512854278385741,0.348937740567435,0.10428722577943794,0.11677465241254259,-0.004816162855318934,-0.018452116750717465,0.007273369276836982,0.9976651429628564,0.001556541880001705,0.0001053606989270457,-0.006452434485111146
0.2573921998977237,0.1453206560800681,0.3928311839666753,0.0017683059881243059,0.14172007660141148,-0.019701764101241748,-0.01433594177518653,0.006093047281139819,1.003021008061531,0.0019493730639683804,0.0003627528988247694,-0.006307113829031078
0.3563358726728496,0.3214088466227576,0.4070913557909169,0.0020727128148387876,0.10722938272143079,-0.053649493939288175,-0.02108536633355903,0.014660160501546997,1.0069544038354532,0.002356464419759297,0.0007190887714976192,-0.00598570498240832
0.21413694647139087,0.19128689309436286,0.44284982151565133,-0.021956897727944118,0.16280918859442797,-0.01673841471578292,-0.013474391261435077,-0.0046193855665915785,1.00288293824793,0.0027993142412749486,0.00093322571796901,-0.005794418089313958
0.22856651993146354,0.25040063729501233,0.376867899145689,-0.016789920255241744,0.07799000862472286,-0.07222924305627622,-0.014008198826932276,0.0019626056434010114,0.997768634183465,0.0031761821404206374,0.0011617922379004734,-0.005544017452018945
0.19968862416919558,0.3379656819500512,0.3979518874223772,-0.05305430923539594,0.08053052559751678,-0.01492321006903201,-0.022244730204513313,0.011778407814218569,0.987957024473655,0.0035741340278430144,0.001361480862069669,-0.005206051770068894
0.15496282877954934,0.3190501061124781,0.36132542517438493,-0.02542865630706867,0.11602038541739794,-0.039324515678540214,-0.01614195676296,-0.006158846944532005,0.9915661158546035,0.003935459453017399,0.0015164436908492182,-0.004887001663956416
0.1750555849247601,0.1417935564395021,0.3240033402909088,-0.06271602235636539,0.07284104327383167,0.02699877950474345,-0.013602098435586523,0.0041397968763067765,0.9881551708417071,0.004259462793308308,0.0016914992757739785,-0.004745208107516914
0.3108207944419895,0.3508743433082841,0.30738351541857095,-0.08175216379580938,0.09805964953475195,-0.01840651892322527,-0.023856894548513745,-0.0009443363986790659,0.9954488881916553,0.004566846308726879,0.002002320070215968,-0.00439433376420863
0.30041423613881674,0.3205445787924516,0.20758195618919947,-0.08441746603671615,0.0867746991114696,-0.04841080006421262,-0.01639648780572494,0.0049141165745156855,0.9999268710573495,0.0047744282649160785,0.0023027343063547847,-0.0040737891854161785
0.14178800749607157,0.2080520342065642,0.13893756013607883,-0.035979923739903816,0.04885351961630683,-0.012869653962762346,-0.022552027730605426,0.007347045613537851,0.9971540930649089,0.004913365825052158,0.0024445223138508565,-0.003865737151209614
0.15550185666437838,0.2036373568773374,0.06675880389433952,-0.10160857664614632,0.015787213290381734,-0.004948006384640619,-0.012100504605467459,0.008971747245786765,0.9843009312913932,0.004980124628946497,0.002600024170515235,-0.0036620997943322764
0.2417175408511259,0.17009149624481285,-0.03790862671554597,-0.08570139181361028,0.03982615769478759,0.033190232320927784,-0.010313501289812108,0.004092574479178875,0.9869605898498733,0.004942216002230951,0.002841741711366361,-0.003492008298087464
0.13757129927481024,0.0894937193405733,-0.06707000988430675,-0.08649450468090829,-0.024798754403287025,0.055973026449161925,-0.005481827098512226,-0.00029177772835123914,0.9896089827330208,0.004875145992346644,0.002979313010641171,-0.0034025145787468904
0.10876273791204859,0.17650528262133436,-0.1023571506119693,-0.07282042346096919,-0.008679271438757949,0.01892671954905105,-0.020871133181273684,-0.013632458971963305,0.9931785521884021,0.004772788841734675,0.0030880757485532194,-0.003226009296125556
0.1100746370726915,0.09014435470520252,-0.13678070678212645,-0.0800774056570287,-0.009357089771800027,0.04788489681253417,-0.01921434466030419,0.0027082238526171193,0.9863932356276359,0.004636008134952549,0.003198150385625911,-0.003135864941420353
0.12060605608541088,0.11427477809065768,-0.060578474666720006,-0.09625622066951112,-0.008112578439283424,0.030120115301480836,-0.02227206983447063,0.0020784061473103303,0.9864100490509823,0.004575429660285828,0.0033187564417113216,-0.0030215901633296955
0.0965288137027146,-0.01866467477946595,-0.2323951593531698,-0.09631601469761672,-0.0377728873717105,0.02552115601472111,-0.021585368279868948,0.008755214741314018,0.9878068101773355,0.004343034500932658,0.0034152852554140364,-0.003040254838109161
0.005847274585778488,0.001997155020875444,-0.29798053768078503,-0.06362528107718099,-0.038315732373356864,0.09395634365561087,-0.012861013041403508,0.003115893576187758,0.985424711382834,0.004045053963251873,0.0034211325299998148,-0.003038257683088286
-0.08414126349885631,0.13054717911983393,-0.3818099052980026,-0.061732566245444626,-0.039382118790218,0.011426373288375749,-0.02023716810196433,0.0026835805486710553,0.9991689188658095,0.0036632440579538713,0.0033369912665009585,-0.0029077105039684516
0.004440635801584429,-0.0811523278829838,-0.2102033813993495,-0.06984376894089606,-0.05933068830593242,0.06195920857203578,-0.01535126055169127,0.002430685312830163,0.9885721992105843,0.0034530406765545217,0.0033414319023025428,-0.0029888628318514355
-0.06919712908044875,-0.08646140124673517,-0.3710125693213163,-0.04194366686836986,-0.06813502738187993,0.03992829113048786,-0.011582668013358933,0.0025041595807527304,0.9989901026134363,0.0030820281072332055,0.0032722347732220946,-0.003075324233098171
-0.10541205859555805,-0.1406872848941898,-0.32863062320856384,0.01528500810029632,-0.0557327802608833,0.07978888080863487,-0.016133894285477547,0.00397714584880192,0.991797760178313,0.0027533974840246414,0.0031668227146265365,-0.0032160115179923608
-0.11367016219271173,-0.17234896323051135,-0.2031499282083085,-0.01073292882259809,-0.02872222736218422,0.070142563067533,-0.02166269210510658,-0.0039016745923614463,0.996664951323144,0.002550247555816333,0.0030531525524338243,-0.0033883604812228723
-0.11036524419845997,-0.17121231524983602,-0.266714035812794,-0.025644650939140555,-0.0399018784495542,0.07831578171727273,-0.011153047776435328,-0.007777856967722849,0.98702297473163,0.002283533520003539,0.002942787308235365,-0.0035595727964727077
-0.1707118056188843,-0.26966768772735067,-0.08216874357432583,0.04620920792974528,-0.1020059804334311,0.02275970560601999,-0.015130223643878834,0.0011180671471089183,1.0008761501031038,0.002201364776429213,0.0027720755026164803,-0.003829240484200059
-0.1503299225236986,-0.19202504343650814,0.02762546789434496,-0.03307627439066776,-0.07160875461502532,0.06862204983634418,-0.02235055979889326,-0.0017944046539960965,0.9976624903129466,0.0022289902443235576,0.0026217455800927815,-0.004021265527636567
-0.0916874124357576,-0.09868638600798511,-0.05862491693770203,0.009264754749781818,-0.07542135383053025,0.02664478109151043,-0.027712981744810086,-0.0010696721261459962,0.9969490492909632,0.002170365327385856,0.0025300581676570245,-0.0041199519136445525
-0.0257527507210059,-0.1953427907053429,-0.12472081924299772,-0.006982683451488435,-0.05089757453211305,0.027231378884581714,-0.021651153561391134,0.011073393438004708,1.0016141518816002,0.002045644508142858,0.0025043054169360183,-0.004315294704349895
-0.09903955846751128,-0.18497518969569682,0.13767160745819915,-0.020930642716041597,-0.028182971752511707,-0.007254776711796163,-0.024441656654652612,0.007905084349503254,0.9932270769528816,0.002183316115601057,0.002405265858468507,-0.004500269894045592
0.05268665082879054,-0.1625821351890719,0.17103157525798712,0.010911959573272569,0.02419133834986703,-0.010190889842278261,-0.02446874644187179,-0.0074782331422642515,0.9939328521241642,0.002354347690859044,0.0024579525092972977,-0.0046628520292346645
-0.14370732713120887,-0.2360035572293285,0.12198866295564187,0.030402072198659643,0.007602045649092544,-0.0025279412433021047,-0.015454378779344606,0.0009465206254530632,1.002814077063695,0.002476336353814686,0.0023142451821660886,-0.004898855586463993
-0.13691387822473947,-0.20578281875540816,0.25313935152099537,0.019765873575257435,-0.0013668409547729866,-0.015265516720620686,-0.016078616999286276,-0.006725198838948917,0.9979112031255253,0.0027294757053356812,0.0021773313039413493,-0.005104638405219401
-0.11591492973902022,-0.13452188020147737,0.19313758995440186,0.06551783222443258,-0.04249395924911216,-0.01971596222980415,-0.01889858887837788,-0.00338652108692561,0.9823747217685309,0.0029226132952900833,0.0020614163742023292,-0.005239160285420879
-0.18936985675637114,-0.04017884449672169,0.35337455714704635,-0.01987195683005554,-0.015933521425639734,-0.016385638335935336,-0.021002257983449853,0.003349092870331078,0.9904240253195831,0.0032759878524371297,0.001872046517445958,-0.005279339129917601
-0.062106806206478626,-0.006077953368631719,0.1723624102132164,0.07439409681789648,0.019079196052604195,-0.06693841553429307,-0.022873722948430916,-0.001764562364234686,0.9933973429472285,0.003448350262650346,0.0018099397112394792,-0.005285417083286233
-0.12876039517827967,-0.062233308297772315,0.2804032881115485,0.041404452504372795,0.015659535509562193,-0.04505668257147871,-0.01111381955540235,0.0008531714032725033,0.9817460204569227,0.0037287535507618944,0.0016811793160611999,-0.005347650391584005
-0.15723300981863186,-0.01180714924280683,0.35841636093274115,0.02609902905700682,0.034499837375370684,-0.05876253752629281,-0.02659336892415495,-0.009476596761740712,0.9898751476914994,0.0040871699116946355,0.0015239463062425677,-0.005359457540826811
-0.0636783888250293,0.14620383932699174,0.2402588808550307,0.047415697693164914,0.062360079947386654,-0.0710599944914965,-0.029350870013105636,-0.0012949476081003729,0.9952678047992947,0.004327428792549666,0.0014602679174175383,-0.005213253701499819
-0.11403933784636827,0.02551497669034032,0.3358513153275121,0.02077541723490151,0.03395238644916453,0.002339572429988687,-0.01610887405059616,-0.007572156088483644,0.9908106749097092,0.004663280107877179,0.0013462285795711702,-0.005187738724809479
-0.0690157046213869,0.0676339483844699,0.14090787788231457,-0.046464949831749064,0.05403447587307065,-0.09772827637676086,-0.02393216272662133,-0.005372580346888381,0.9925559040949685,0.004804187985759494,0.0012772128749497834,-0.00512010477642501
-0.12005182370800252,0.09020353765936538,0.14515239429059346,0.04472222584947366,0.047801718275914964,-0.062196305836780784,-0.01745764378657513,-0.0038659199708793385,0.9919686804839746,0.004949340380050087,0.0011571610512417809,-0.005029901238765643
0.05898773430183184,0.1465193772699582,-0.0938116639880712,0.018200420244951537,0.07079314661291201,-0.07777774582194937,-0.013783981609892708,0.0031693688996478103,0.99209943360415,0.0048555287160620166,0.0012161487855436128,-0.004883381861495686
0.11806953626727205,0.09847324523565731,0.017897259042059514,0.005049809196795542,0.08465985063223452,-0.054391060029832815,-0.02141420916029369,0.0005669457523961611,0.9943150773718394,0.004873425975104075,0.0013342183218108849,-0.004784908616260029
-0.10952267668119856,0.21555750450747083,-0.08568303156304068,0.005347642966955177,0.045096610582087464,-0.06612035285767069,-0.019353420838554812,-0.00862759411220622,0.9909822420827925,0.004787742943541035,0.0012246956451296863,-0.004569351111752558
0.1477260146339041,0.2791637940627736,-0.07144830934216699,-0.05373479891098547,0.024001828991024418,-0.05500364622189944,-0.021634731874611266,-0.0004883566527010036,0.993854466462997,0.004716294634198867,0.0013724216597635905,-0.004290187317689784
0.0609254249154718,0.21805924165866475,-0.06288916206147578,-0.07435379180130229,0.10798266441720952,0.006844595287347077,-0.019664334542212145,0.0033204847625421608,0.9907681018901583,0.004653405472137392,0.0014333470846790621,-0.004072128076031119
0.150543906313856,0.19403272859247556,-0.17053137213891242,-0.06403485304647039,0.0890634768976713,-0.025142788757434656,-0.010310150425222788,-0.008686324796057208,0.9933632560934363,0.0044828740999984795,0.0015838909909929183,-0.003878095347438644
0.08630495054811142,0.13102428885886,-0.22653743408624163,-0.044360630710193284,0.0671762519676851,0.004130756090679569,-0.013533850690986584,0.0044519474357253164,0.9843259846278056,0.004256336665912237,0.0016701959415410296,-0.003747071058579784
0.11761686954349168,0.22375767433330243,-0.22449784127038808,-0.1143150180978978,0.05626930499702961,0.03387461231838049,-0.020154677854770136,-0.0025545069341659653,0.9886342410365788,0.00403183882464185,0.0017878128110845213,-0.0035233133842464816
0.05576351175397638,0.17550991100712293,-0.3448065303222063,-0.08553051035358515,0.10215289022537373,0.028224295496487223,-0.015892400675661174,-0.0013932223549177366,0.9826094625061166,0.0036870322943196436,0.0018435763228384977,-0.003347803473239358
0.14317632161102326,0.06344524407024327,-0.35537700131269345,-0.07377505343887275,0.08886419373567636,0.03197953490848651,-0.017994385604811734,-0.006938523602459976,0.9967253559203177,0.00333165529300695,0.0019867526444495207,-0.003284358229169115
0.1361342622120196,0.010416160560403481,-0.3576569645318318,-0.12433878105183371,0.03721189138911297,0.012459447112178498,-0.012540635266257207,-0.015349381931498589,0.9835779662801745,0.0029739983284751185,0.0021228869066615406,-0.0032739420686087118
0.21101331233192883,-0.016714028853915305,-0.44233845508830066,-0.053380992762058835,0.013266615594005075,0.05142222190644904,-0.018202410548174744,0.0014685981196466084,0.9906422472268932,0.0025316598733868176,0.002333900218993469,-0.0032906560974626273
0.2258844245309162,0.017349856584515648,-0.417236706346694,-0.1334491157301691,0.05082669941319508,0.02353523731950409,-0.018416601795758995,-0.00012086852043534553,0.9872637226356777,0.0021144231670401233,0.0025597846435243855,-0.0032733062408781114
0.09662743195745467,0.11184510559822473,-0.4423758964559597,-0.1076411988774495,-0.02112745823452414,0.05306357711165369,-0.006210886901820714,-0.013040208561917302,0.9879591913065103,0.0016720472705841639,0.00265641207548184,-0.003161461135279887
0.0882620806235215,-0.00859939759366941,-0.5124884167039598,-0.09410315719661042,-0.01407020136387803,0.0698224505955899,-0.016786474865685942,-0.011155898411322801,0.9911988131074003,0.001159558853880204,0.0027446741561053616,-0.003170060532873556
0.13567166446318563,0.06375389314653859,-0.4532112645809777,-0.10604697885282569,-0.01936828044454041,0.059528793819158383,-0.017867844647539276,-0.004348504968612707,0.9905663520145027,0.0007063475892992262,0.002880345820568547,-0.0031063066397270175
0.18566034308113072,-0.010162689215736466,-0.4445280979478087,-0.1376396368163363,-0.022565576732792195,0.121354251863052,-0.015737028347346433,-0.008203164913669382,0.9839936738955295,0.00026181949135141756,0.0030660061636496776,-0.0031164693289427534
0.16500303265060468,-0.061593502067143466,-0.32793858201227033,-0.09651618282872068,-0.02109007607026446,0.09882301691832134,-0.01343597908056281,-0.003572214477796821,0.994905237424041,-6.611909066085275e-05,0.0032310091963002824,-0.0031780628310098973
0.10488453340841718,-0.11561157017518761,-0.22632312101512922,-0.1157887355386419,-0.07619053394799029,0.05079005446867817,-0.020269084566004632,-0.009518402332227976,0.9941649657898114,-0.000292442211675982,0.003335893729708699,-0.0032936744011850846
0.044602654785453416,-0.28188521956917423,-0.1712954390369702,-0.10490067926274851,-0.07422571790241085,0.13134736121693757,-0.02584741969988428,-0.0063226245498023675,0.9935997895717963,-0.00046373765071295214,0.003380496384494153,-0.003575559620754259
0.057472828070851655,-0.21404058502769466,-0.3010678773182029,-0.13088796240981246,-0.0743346734024386,0.11597052162309968,-0.020719248332034614,-0.005629870544797115,0.9875165870308964,-0.0007648055280311551,0.0034379692125650046,-0.0037896002057819533
0.020613536265258206,-0.16102288115493268,-0.20093284659286237,-0.059398813018843796,-0.02537783673570824,0.09207070998494661,-0.021667170094732346,-0.013190126313205177,0.9891564177497757,-0.0009657383746240174,0.003458582748830263,-0.003950623086936886
0.07403366785515242,-0.3169943131350967,-0.09541291501741074,-0.026438692533217237,-0.07282422129394504,0.08409223724411152,-0.020008070363808472,-0.005607246442097621,0.9830163986359947,-0.0010611512896414282,0.003532616416685415,-0.004267617400071983
0.0039771324684303375,-0.2091795931679263,0.019247288936876078,-0.03799384983284648,-0.0926320185771459,0.06843470695726173,-0.023942036535091582,-0.014009260837545057,0.998481253379839,-0.0010419040007045523,0.003536593549153846,-0.004476796993239909
0.057379990680768767,-0.2855710061191697,0.11957325479908212,0.010612560921024469,-0.08315298175205023,0.0575864187847831,-0.014456890739151945,-0.006052488834858999,0.994537312423225,-0.00092233074590547,0.0035939735398346144,-0.004762367999359078
-0.07573237950560185,-0.2610801641830217,0.17748151944339138,-0.06559083218207244,-0.14036407934494405,0.03325415180067651,-0.014632426533242131,-0.015326594821957003,0.9824929717663697,-0.0007448492264620787,0.0035182411603290123,-0.0050234481635421
0.0034339268093465025,-0.2957066645977244,0.22243169857266115,-0.04059239150545063,-0.10497757760619078,0.033355562837495085,-0.023339697044704347,-0.010572899646793381,0.989254545188536,-0.0005224175278894175,0.0035216750871383583,-0.0053191548281398245
-0.03741608614327007,-0.2596602133197258,0.2924948740053072,0.007646546684885748,-0.08738510629761602,-2.5733600319622144e-05,-0.018727656211261018,-0.005780911460821847,0.9913442112449141,-0.0002299226538841102,0.003484259000995088,-0.00557881504145955
-0.05100836759671637,-0.25111127274839123,0.45724946102286623,-0.008053719048718586,-0.1334222946953782,0.04053184177942548,-0.02439959531423629,-0.011081309787721629,0.993772543826825,0.00022732680713875603,0.0034332506333983716,-0.005829926314207941
-0.04761052990210787,-0.30088317427193434,0.48848533510856446,0.008208396078220652,-0.07862853239333924,0.007084421963243976,-0.014549238230975533,-0.00024483521248045044,0.9916801205450688,0.0007158121422473205,0.003385640103496264,-0.0061308094884798756
-0.06327535897518537,-0.28212389988657754,0.4600112755892058,0.024192378762117286,-0.12496432255482481,-0.02681616229138656,-0.020727903065752878,-0.0020564690238236826,1.0000597536384481,0.0011758234178365263,0.003322364744521079,-0.006412933388366453
-0.12566528177582945,-0.30382081855059906,0.36225969330814645,0.08921868805330746,-0.09127576652473367,-0.03292379672673618,-0.015562549417957372,-0.007690051562846909,0.9932596843332288,0.001538083111144673,0.003196699462745249,-0.006716754206917051
-0.017692705532107764,-0.21326022353033308,0.3012393382044003,0.06998114043617987,-0.08198653555334064,-0.036079086505371054,-0.013131836017679942,0.004604740032650651,0.9838223647978218,0.0018393224493490731,0.003179006757213141,-0.006930014430447384
-0.1233218619529132,-0.18554000479526583,0.43053593300568205,0.07333749679842469,-0.09057219974935868,0.011647740647074757,-0.02221189893921503,-0.013738390247795097,0.9901791721355134,0.002269858382354755,0.0030556848952602283,-0.007115554435242651
-0.13848583854241825,-0.17381950939208754,0.4598494648852295,0.04412938533710082,-0.0838730907217056,-0.014252459661901603,-0.01618583739788397,-0.01140362155605763,0.9851552604938841,0.002729707847239985,0.00291719905671781,-0.007289373944634738
-0.24507097395139188,-0.18541388148246946,0.3865512479274312,0.06582591551212037,-0.06101878265009867,-0.015187529759708886,-0.024292818962390238,-0.0022253017559474286,0.9842019892461764,0.003116259095167416,0.002672128082766418,-0.007474787826117208
-0.18026768416913969,-0.16614121334481216,0.36607874055001405,0.05672692902659249,-0.029596688695636218,-0.06525477347172991,-0.01644588926381263,-0.014700016664961287,0.9839620245830597,0.00348233783571743,0.002491860398597278,-0.007640929039462021
-0.12558392699245866,-0.08667992481774087,0.2524583389344037,0.08274406397068435,-0.017569603441017625,-0.02001999661691705,-0.017861044969936807,-0.014093840093436137,0.989304872508505,0.003734796174651834,0.0023662764716048195,-0.0077276089642797615
-0.14969492000048884,-0.09083855905635656,0.18437082682896747,0.13072525574197488,-0.02620764905342129,-0.03881105851779492,-0.016084437316876928,-0.013197503068722995,0.9925137122206593,0.003919167001480802,0.0022165815516043304,-0.007818447523336118
-0.2368094598716107,0.07124281591788549,0.14037714690887126,0.058536220374335535,-0.03253941667698075,-0.04425988414445519,-0.014218226129086707,-0.01128748279114595,0.9949467671838701,0.004059544148389673,0.00197977209173272,-0.007747204707418233
-0.1496945952993216,0.03855295473673978,0.23670328407583524,0.08878331724427199,-0.00176737504214311,-0.033462353434898014,-0.015398593001756042,-0.013024488695209209,0.9903864665685299,0.004296247432465508,0.0018300774964333981,-0.007708651752681494
-0.25159030837365765,0.1346191265699664,0.09077226248785776,0.03679521937823864,-0.00646099912331452,-0.08785767215148722,-0.017369312560195856,-0.007862808969076115,0.9960051645695197,0.0043870196949533655,0.0015784871880597405,-0.007574032626111527
-0.29573599518824834,0.22520046551092204,0.042097174955732786,0.05443677935462776,-0.017613782360690482,-0.019644386587235635,-0.02155209556033663,-0.010218236831650311,0.9875413740586938,0.004429116869909098,0.0012827511928714922,-0.007348832160600604
-0.2872806062421138,0.2503546632983284,-0.07018769237187361,0.04595440240731192,0.013028508388152265,0.001419588078095899,-0.022149514327070144,-0.01641269376030318,0.9815764989784368,0.004358929177537225,0.0009954705866293784,-0.007098477497302276
-0.14726655060497157,0.1630992335503763,-0.10299491447031721,0.0363866958073462,0.0786044519932848,-0.03344076166429311,-0.018705623912987187,-0.007547975553927565,0.9903990882602859,0.004255934263066908,0.0008482040360244067,-0.0069353782637519
-0.21740660736909045,0.2470726339283443,-0.20551617248983245,0.04312383795406623,0.05866552677871275,-0.04791006654998873,-0.017659211590151155,-0.009144057566471174,0.990599842637438,0.004050418090577075,0.0006307974286553163,-0.006688305629823555
-0.1701864854912814,0.24511201013805575,-0.11637884434732683,0.012017181920044067,0.07560083400579479,-0.02487189513551582,-0.011194122908960798,-0.00979740290530289,0.9887039391973417,0.003934039246229749,0.0004606109431640349,-0.006443193619685501
-0.1130073219057819,0.16244140100488236,-0.27983959080272525,0.025355423239124878,0.1357343880023687,-0.03374275858789388,-0.0166833808614746,-0.015112452379154113,0.9917992764674867,0.0036541996554270238,0.00034760362125825305,-0.006280752218680618
-0.17957903192394725,0.4113099576343856,-0.17255224250053994,-0.02487909664739152,0.1237671749113466,0.024958718674330832,-0.021991351366387513,-0.009305742304987482,0.9877162377810043,0.003481647412926483,0.00016802458933430576,-0.005869442261046232
-0.14161992050934896,0.2683729764317755,-0.2864750702785374,0.03535917483275447,0.12109577369268885,-0.013472725278507505,-0.01874369726571056,-0.011505909995811936,0.9838588884019087,0.003195172342647946,2.640466882495679e-05,-0.005601069284614457
-0.19779428456525755,0.2927655427184911,-0.2833662933389513,0.028844027095769283,0.0979068933555139,0.03567076530350065,-0.02399668357790697,-0.01641567784819539,0.9755299114308604,0.0029118060493089942,-0.00017138961574030077,-0.005308303741895966
-0.047516848961517574,0.37910974748015946,-0.31436139202952307,0.0020891933297112215,0.1206526473550105,-0.0031697659289962373,-0.016625920145384575,-0.01005326508767872,0.9863210212167348,0.0025974446572794713,-0.00021890646470181836,-0.004929193994415807
-0.13572897442249734,0.2971677649293557,-0.16702458077604715,-0.05080419180418154,0.14364527373197924,0.05498272960929929,-0.01990510692937995,-0.01062716926950865,0.9878578009350524,0.0024304200765034242,-0.00035463543912431575,-0.004632026229486451
-0.13485853182057406,0.2816708900537792,-0.26121202324281245,-0.06223491736283497,0.1304590565221807,0.03558811970604236,-0.023502149025246822,-0.011497254599113866,0.9860653642076945,0.0021692080532606114,-0.0004894939709448898,-0.004350355339432672
0.11560911631504833,0.2388166127278332,-0.14764447873166422,-0.05223476611565951,0.13102923663074614,0.09738365641606307,-0.024311211579229334,-0.007274998007861832,0.9845770380601427,0.002021563574528947,-0.00037388485462984145,-0.004111538726704839
0.027649037746359715,0.3244303582809183,-0.15864546358718498,-0.05102627009202281,0.11820782891200432,0.010926957922261912,-0.01875833273511109,-0.017195238642190573,0.9897580445946882,0.0018629181109417624,-0.0003462358168834817,-0.0037871083684239207
-0.04227259095333528,0.24211795966381994,-0.10596695780583103,-0.037356878299791174,0.16718445617745215,0.03888944519054755,-0.013801190996489923,-0.0028799810553082807,0.9911982723947831,0.001756951153135931,-0.000388508407836817,-0.003544990408760101
-0.08746855321064051,0.2235119440604002,-0.20268025804509374,-0.11188419899580779,0.07667806290905477,0.04862368781413661,-0.013420227250204638,-0.018016928827800364,0.9894396566309838,0.0015542708950908373,-0.0004759769610474575,-0.0033214784646997003
-0.021550372428499186,0.12455744236500202,-0.11514211069391969,-0.07475580353904292,0.11255104600106257,0.03874469299821793,-0.022305549938856202,-0.01413706019488216,0.9953985475727025,0.0014391287843969177,-0.0004975273334759567,-0.0031969210223346985
0.054870810113475006,0.1990460754194542,-0.06305316644204464,-0.05752338866146861,0.1449132604118561,0.031096245379743634,-0.023435973611181864,-0.020549460651008905,0.9908507688268746,0.001376075617954873,-0.0004426565233624817,-0.002997874946915244
0.06771671187814805,0.14339581213029368,0.01942098481790743,-0.044659100855865386,0.09214507270238403,0.03556750865225544,-0.018497242771862522,-0.018190473043670594,0.9843672976492217,0.0013954966027727804,-0.00037493981148433364,-0.0028544791347849506
0.16028018170435943,0.07745767351779576,0.11389558397297599,-0.06927314390420991,0.11427741211281744,0.07574452252447007,-0.02166329884809283,-0.02948386145677466,0.9859578448187081,0.0015093921867457567,-0.00021465962977997423,-0.002777021461267155
0.13815508761600684,0.07043072945261464,0.12158693458910641,-0.08788024746480805,0.050675786289843525,0.05247253108181905,-0.020041044274841973,-0.013997549850697021,0.985894627498262,0.0016309791213348632,-7.650454216396739e-05,-0.00270659073181454
0.17491442573809993,-0.03323807640952901,0.2963202770543313,-0.06617443458482805,0.022416747153255517,0.026862125497239618,-0.018187519820793883,-0.01513333370017034,0.9881655812271525,0.0019272993983891944,9.840988357413255e-05,-0.002739828808224069
0.2625337021002201,-0.1229754462800388,0.3227579949158435,-0.05049942489723805,0.023932210557127548,0.02622092536198356,-0.020233654675632543,-0.014997674392900043,0.9945736067362342,0.002250057393305038,0.0003609435856743526,-0.002862804254504108
0.19154066318637464,-0.04186942093071898,0.22472578883760294,-0.08885367145543814,0.015822129685253133,0.010094136208950048,-0.03163127643367154,-0.015158041324975245,0.9894986493183908,0.002474783182142641,0.0005524842488607273,-0.0029046736754348265
0.15009049021855456,-0.038650523850746674,0.3140389992987631,-0.029289948024666605,0.03178393639428465,-0.02049809766577325,-0.01886547461834089,-0.011495126739039102,0.9843775541147439,0.002788822181441404,0.0007025747390792819,-0.0029433241992855735
0.18572411701768982,-0.23327365140365025,0.27227256696076374,-0.023186567544761595,0.07111680641431868,0.01670382609586439,-0.01892753280134539,-0.014579395535269803,0.9816103868722549,0.003061094748402168,0.0008882988560969719,-0.0031765978506892237
0.27215801996472705,-0.10766308389998103,0.25810657765810563,-0.03661705273812548,0.007173180855536899,0.00492839526889695,-0.021513775358180196,-0.020040524192764225,0.9875988942892086,0.0033192013260602733,0.001160456876061699,-0.003284260934589205
0.2427170998169956,-0.14829950693897972,0.22913159673933403,0.009134978408264806,0.037181731167090865,-0.0020543788713612305,-0.022268867740629132,-0.02659208988879016,0.9930005541863565,0.0035483329227996075,0.0014031739758786944,-0.003432560441528185
0.1652405263233334,-0.1021575599637536,0.1198836517695345,0.001018534802884016,-0.07294460610828858,-0.04441344876126424,-0.026263205313091172,-0.018350549262052117,0.9819688547868024,0.0036682165745691416,0.001568414502202028,-0.0035347180014919386
0.15660942411051373,-0.21960412074834307,0.1992591846298984,0.003278313552233861,0.0013006749756398726,0.008507800863686242,-0.02838902985438116,-0.015507190268370299,0.9870685500553896,0.003867475759199041,0.0017250239263125419,-0.0037543221222402813
0.24098898368008512,-0.17211882907928275,0.1177056643707785,0.0342998243369456,-0.01084251487396673,-0.049621709124285075,-0.017384668447472277,-0.022397940573449213,0.9881176466223929,0.003985181423569819,0.0019660129099926273,-0.003926440951319565
0.25380950344118747,-0.10505445781366424,0.08977245947138193,-0.016786875615740215,-0.07046560866468651,-0.016520951437673632,-0.02234081879660176,-0.011593923465101245,0.9890654973887328,0.004074953883041201,0.0022198224134338143,-0.0040314954091332286
0.28496532550583953,-0.3060826122948299,0.08210354538678483,2.9541018568217392e-05,-0.03117805217708984,-0.06892778982049942,-0.016705756829689562,-0.02283271735118899,0.9971325192385858,0.004157057428427985,0.002504787738939654,-0.004337578021428058
0.2512650359892696,-0.19946140121703454,0.05946153438968459,0.05479884249880904,-0.06600295947918443,-0.06363726750177381,-0.018705556653434045,-0.007419117513952644,0.9872906811953115,0.00421651896281767,0.0027560527749289233,-0.004537039422645092
0.34511918817371356,-0.170626963399159,-0.059275473286589914,0.0783518076275148,-0.06931530767674571,-0.05857249009113868,-0.013860002408045224,-0.023988270997410507,0.9870960275735416,0.0041572434895310794,0.003101171963102637,-0.004707666386044251
0.3392022807037992,-0.1545784007174295,-0.04747217312705297,0.047839834335993765,-0.09141483276102098,-0.08167698226259766,-0.019046452233163612,-0.01525850901402354,0.9929916491180267,0.004109771316404027,0.003440374243806436,-0.004862244786761682
0.23114696636477133,-0.03144909691774801,-0.27565019246555456,0.024353788542605566,-0.08523741499351421,-0.06564362540057926,-0.02038130062229781,-0.018826598099035554,0.9815336628325045,0.003834121123938473,0.003671521210171207,-0.004893693883679429
0.14789871586797138,-0.11663734127489109,-0.34464497048430387,0.010260325686401586,-0.08849275825162661,-0.06058662798257219,-0.011067407134239978,-0.011648078686776243,0.9846576539212942,0.0034894761534541687,0.0038194199260391786,-0.005010331224954321
0.1148986177595048,-0.0012065375775430418,-0.32782140307164903,0.06746279136535366,-0.07164972624345224,-0.05224437748547912,-0.023841797578724126,-0.01537977005459924,0.9860965568999281,0.00316165475038252,0.003934318543798683,-0.005011537762531864
0.10716163945622915,-0.049298060666930515,-0.4556044984260591,0.038967827637839625,-0.05370603792923796,-0.06900977275168983,-0.026671518204201057,-0.01314117093739524,0.9823823453024363,0.0027060502519564607,0.004041480183254911,-0.0050608358231987935
0.06663876360749907,-0.013607651243238632,-0.36121732475522655,0.06399759526411133,-0.03276573048531556,-0.017083819211887848,-0.023762425931380712,-0.01873534268214197,0.9824359550892693,0.002344832927201234,0.004108118946862411,-0.005074443474442032
-0.06801759318721333,0.03690102644603525,-0.558154912849517,0.03059809131311393,-0.029688246757427823,-0.04435140711141663,-0.010937267587122951,-0.02452995547580967,0.9841221238160158,0.001786678014351717,0.004040101353675198,-0.005037542447995997
0.009886962548527452,0.05218971354802962,-0.3981725999668366,0.024801092472462993,-0.0704309249367749,-0.062301824856432896,-0.028443520425154443,-0.01705799899612091,0.9890129799657554,0.0013885054143848805,0.004049988316223725,-0.004985352734447967
0.13180488799158635,0.06613866105510366,-0.3582314172706142,0.05272541569526757,-0.02139176446786634,-0.05827187403523248,-0.020029407065516744,-0.0168904514781591,0.9855538293945998,0.001030273997114266,0.004181793204215313,-0.004919214073392864
-0.007834245221951386,0.08403930418859533,-0.3650052962763113,0.09207760255631248,-0.02430329569098502,0.004672511963428435,-0.020813241154413513,-0.01643236605297835,0.9880227168058497,0.0006652687008379548,0.0041739589589933615,-0.004835174769204269
-0.03459690593412586,0.013426372509110732,-0.4456527287782403,-0.011809212306512551,0.013223612924336253,0.045424543427632046,-0.016777209867241336,-0.016276859518412876,0.9824009113408622,0.00021961597205971445,0.0041393620530592356,-0.004821748396695158
-0.00895478375826676,0.15676688809339387,-0.3938243403259293,0.03362915709554982,0.0038893734933934726,-0.01847187348991528,-0.01737584150514415,-0.02228264201277945,0.9818249587366833,-0.00017420836826621486,0.004130407269300969,-0.004664981508601764
-0.018595545697240923,0.1319858202451636,-0.4045480115561423,-0.009997831118530198,0.018434361462899257,0.04101843186955977,-0.022809374672907116,-0.009153584390550142,0.9840309340227601,-0.0005787563798223572,0.004111811723603728,-0.0045329956883566015
-0.029325075198139643,0.1768459285138703,-0.2854342323840234,-0.02069780761140612,0.032389489677440236,0.03161353544668641,-0.021075524412822278,-0.017575085941313955,0.9861993044182151,-0.0008641906122063806,0.004082486648405589,-0.0043561497598427305
-0.21779727655910136,0.21970495271564813,-0.17337656976557264,-0.06288934246229888,-0.015372797152168854,0.028284065970487222,-0.013793094157052852,-0.018854511271216477,0.9902517484291797,-0.0010375671819719532,0.003864689371846488,-0.004136444807127083
-0.09819864200838499,0.24378370089097368,-0.18805899550551006,-0.057758337952120334,0.03923080055946434,0.052983369402022876,-0.02150029878564828,-0.01922461167362284,0.9824344427819535,-0.0012256261774774633,0.0037664907298381027,-0.003892661106236109
-0.10109043709956733,0.09886271171878412,-0.1481140761319154,-0.06517855269026455,0.03583291192898852,0.07499745300838816,-0.018538277538930687,-0.0296052869039075,0.9878903642417867,-0.0013737402536093785,0.0036654002927385358,-0.0037937983945173248
-0.18774411709498728,0.09797318096249509,-0.033284317223579406,-0.06790697968179572,0.05504197164009693,0.08839059356500555,-0.012788700589538267,-0.02987276650243692,0.9821556513850626,-0.0014070245708329582,0.0034776561756435483,-0.0036958252135548294
-0.13133419508861446,0.181552578483289,-0.08279102472056767,-0.06376003118560891,0.0145146317608984,0.0689058322515892,-0.020919703100678415,-0.02618740754853076,0.9858850279563478,-0.0014898155955535258,0.0033463219805549334,-0.00351427263507154
-0.048890765924881174,0.1449771738572215,0.15830305496182445,-0.1295113268583412,0.10519428186852492,0.10265626215614646,-0.014071593961867145,-0.02414531340588563,0.9834911353009013,-0.0013315125405917014,0.003297431214630052,-0.003369295461214319
-0.25367183468798016,0.1598341826887836,0.09565585016900542,-0.10153690979755409,0.06548546731246593,0.08629893004939142,-0.019770602129949414,-0.02104027479149899,0.9907715645262002,-0.0012358566904226958,0.0030437593799420718,-0.003209461278525536
-0.21476551758086287,0.10018288177399308,0.2036137550164791,-0.10498447576654722,0.10020020395323825,0.10783872448480873,-0.018156354097723794,-0.02143266941936826,0.9900879606856712,-0.0010322429354062167,0.0028289938623612086,-0.0031092783967515423
-0.05212735480751833,0.04850474699554155,0.33484219155228284,-0.09227510763339254,0.032317353904363064,0.05097679500183405,-0.016096118614091316,-0.023988505057611104,0.9804830774166364,-0.0006974007438539338,0.0027768665075536903,-0.0030607736497560004
-0.11063667094497376,0.05256630429308385,0.4122569973077486,-0.10664659846050992,0.07914804661734375,0.09938278659523522,-0.017978677457168992,-0.025836347428963288,0.9873972085478617,-0.0002851437465461852,0.0026662298366087168,-0.0030082073454629167
-0.09867096742201703,-0.019507244198084226,0.2601488316296449,-0.12637371699527475,0.10132560037757511,0.07616056301170368,-0.03385828635823574,-0.03164441974867862,0.9883580951549661,-2.4994914916540266e-05,0.0025675588691866993,-0.0030277145896610014
-0.17762953925979877,-0.061669935369267084,0.41517996616917424,-0.0979242142764293,0.08490858132118453,0.07365688545392139,-0.01901015360196346,-0.013113168778171067,0.9884764577416426,0.000390185051252634,0.0023899293299269007,-0.003089384525030268
-0.12227867932540853,-0.021490629483757705,0.44605131829414874,-0.04969185957154989,0.09540543239164105,0.07485568604103773,-0.01593038476117999,-0.016671257888814343,0.9965882524825141,0.0008362363695467827,0.0022676506506014923,-0.0031108751545140256
-0.09353673443221076,-0.10960659727240206,0.3707919250351217,-0.053853341137551365,0.0834217966503817,0.07147922503484007,-0.011539340449515042,-0.024274777163304416,0.9811664177176549,0.0012070282945819046,0.0021741139161692816,-0.0032204817517864277
-0.028041756148712647,-0.1797977725802479,0.46519509367208484,-0.1235843178664325,0.034170360951914155,0.028640249546597142,-0.024356784637743066,-0.01851993568376429,0.9775770706693495,0.0016722233882539893,0.002146072160020569,-0.003400279524366676
-0.11822032082640621,-0.14538423764381755,0.4651512884331273,-0.09740671920044125,0.07111851841195405,0.03845902591336272,-0.013510693266715251,-0.023787871608321486,0.9936225258611798,0.0021373746766871165,0.0020278518391941627,-0.0035456637620104934
-0.10656421965294442,-0.11102123358148425,0.4719117804722919,-0.07460753367790979,0.04881151780511184,0.010598839955011088,-0.013422979439500674,-0.027049061153601006,0.9885770393381023,0.002609286457159408,0.0019212876195412185,-0.0036566849955919772
-0.1150444742815619,-0.2266645069441414,0.29865682933298604,-0.0846372848746577,0.02099269987010183,0.04184225743200478,-0.018270028328535713,-0.026872524031069038,0.9817473918948757,0.002907943286492394,0.0018062431452596566,-0.003883349502536119
-0.06510626679302803,-0.29147975293876444,0.2420581844796255,-0.0001554706779707208,-0.001746428629504057,-0.009019922142468299,-0.017320185311742252,-0.02387695094300007,0.9777190638908863,0.00315000147097202,0.0017411368784666283,-0.004174829255474883
-0.083795493486244,-0.31916401290598917,0.3215523899397625,-0.09308920815435298,0.0006387648821388559,0.040040633528193946,-0.01773860322580513,-0.020872003324595878,0.9842804209281806,0.0034715538609117825,0.0016573413849803845,-0.004493993268380872
0.07132549879739897,-0.17878069164565114,0.22285420780066573,-0.0641277253597852,0.0066746564518629925,0.005021608723545477,-0.01384067763906291,-0.029194285412569587,0.9805026857425468,0.003694408068712448,0.0017286668837777836,-0.004672773960026524
-0.032364569062440215,-0.37124390486204045,0.21063227638636844,-0.046560065804720066,-0.037547261228927334,-0.019009355388758503,-0.0161916268850199,-0.0167705915787067,0.9944078033985149,0.003905040345098816,0.0016963023147153434,-0.005044017864888564
0.10207183224434421,-0.3469500664250825,0.11875269332778722,-0.031475806944396424,-0.043989909924561275,0.050513585465575835,-0.021716971839967087,-0.021792712149283956,0.9816516705995645,0.004023793038426603,0.0017983741469596874,-0.005390967931313647
0.1532507167809268,-0.30762499923792386,-0.01945679292175939,0.015985107406157696,-0.02436791401870883,-0.0037258483451891884,-0.01626562790425093,-0.04207201548646709,0.9929333087832157,0.004004336245504845,0.0019516248637406143,-0.005698592930551571
0.0974292851574322,-0.3976642399361844,-0.03976844425868043,-0.0006480845672106519,-0.03747885562648549,-0.012122128799916901,-0.011776491965932358,-0.03309549949093415,0.9883557518495466,0.0039645678012461645,0.002049054148898046,-0.006096257170487756
0.21297769644446113,-0.33661852912463963,-0.08440418805113094,0.03552727160683767,-0.07447450959177904,-0.01492337483581633,-0.029991745439984473,-0.03243213894107669,0.9773830475160692,0.0038801636131950337,0.0022620318453425077,-0.006432875699612395
0.07659452520322496,-0.2619764808825598,-0.1525411480679673,0.06127984428944741,-0.030914671349681587,-0.04480750160585817,-0.018475671862228163,-0.02140112763872947,0.9921321866534994,0.003727622465127065,0.0023386263705457325,-0.006694852180494955
0.08989111456351141,-0.27491256959704874,-0.2041533639549212,0.06771543202289657,-0.05707216110245951,-0.02133737473229333,-0.021125499494303902,-0.026038195442794683,0.982543733830002,0.0035234691011721444,0.002428517485109244,-0.006969764750092005
0.07244259548930083,-0.2998197730692621,-0.24412266378579459,0.059924054745303386,-0.03915966552891316,-0.005877521944751085,-0.010334972885739186,-0.029835935652859493,0.9728199284337476,0.00327934643738635,0.0025009600805985448,-0.007269584523161267
0.15485193642875464,-0.16302226289446992,-0.2899569245995301,0.06387739146259673,-0.10446618909829239,-0.051344434109107585,-0.013802138955689859,-0.026564723530544995,0.9879355884053802,0.0029893895127868202,0.0026558120170272993,-0.007432606786055736
0.11158586926392819,-0.22364288096990037,-0.20982466834011926,0.06547428191536239,-0.05713509823620874,-0.042987499741559215,-0.0187410501849855,-0.01806393698566105,0.9772222770926684,0.002779564844446701,0.0027673978862912275,-0.0076562496670256365
0.15810103110457716,-0.0923933715496324,-0.34454826601579347,0.09354211170079682,-0.14086520360249943,-0.009706513035232024,-0.019906979536065145,-0.023452866262628137,0.9840723064640702,0.0024350165784309073,0.0029254989173958046,-0.007748643038575269
0.12380686753349862,-0.032834119612827256,-0.4285232301675894,0.06544535095946791,-0.03805007824701569,0.04258827429702996,-0.015452079615210727,-0.033553455432309545,0.9848472490628862,0.0020064933482633177,0.003049305784929303,-0.0077814771581880965
0.17895909140983057,-0.1335144759796958,-0.26157902040135905,0.06594983683673643,-0.1070827203833086,-0.027074361849681386,-0.01628069718516659,-0.028355148887372592,0.9748163249005604,0.0017449143278619587,0.0032282648763391334,-0.007914991634167793
0.12965430777220366,0.020891291606461422,-0.23010357294441425,0.1227463484474879,-0.13581849609102883,-0.05269405801707717,-0.018069460710245573,-0.01684125781448134,0.9882463419397354,0.0015148107549175444,0.0033579191841113377,-0.007894100342561331
0.16606335572550726,0.06534876221985754,-0.3230637030707519,0.10355329011206618,-0.14861782546727892,-0.032065066887516896,-0.010740468518624188,-0.029157646141174026,0.9825413780155267,0.0011917470518467924,0.0035239825398368447,-0.007828751580341473
0.1830922636853177,0.05466529270356099,-0.10457925664083076,0.07602737842256675,-0.09993064096468582,0.013936483842152438,-0.01671797896724427,-0.024636209747805546,0.9763770629236463,0.0010871677952059616,0.003707074803522162,-0.007774086287637912
0.11950639495241976,0.14559207920931463,-0.12822259074085235,0.04886922828529559,-0.09043866294936351,0.02595888581992134,-0.02008841315108169,-0.03252613472907632,0.9784352765271074,0.0009589452044651092,0.0038265811984745817,-0.007628494208428598
0.05772370366553773,0.18806584643365998,-0.15774913415167052,0.047430444174026365,-0.09354584724647665,-0.013127074350138527,-0.02741883962747111,-0.029076296835722888,0.9795972763620779,0.0008011960703134387,0.0038843049021401194,-0.007440428361994939
0.16509154688381558,0.2401114570898951,-0.07000824285221108,0.07912245445189348,-0.07366387744366984,0.060505132606823324,-0.017182348640122105,-0.03332212967526026,0.9869733814683399,0.0007311878274612276,0.0040493964490239355,-0.007200316904905042
-0.00810665640751039,0.18790129067394473,0.05667426058996677,0.031883656302648916,-0.05538379949044762,0.01606828461698582,-0.011488460996289623,-0.033045085552164906,0.9787549765938871,0.0007878620880511942,0.004041289792616425,-0.0070124156142310975
0.028472876843927485,0.2486233194936426,0.004296382054297096,0.05962702273973209,-0.09035614085510767,0.05704535313740081,-0.01744987019992463,-0.02725569759066338,0.9826716679957144,0.0007921584701054913,0.004069762669460352,-0.006763792294737456
0.15704660563775924,0.22477819646323519,0.11318899941386616,0.028588274196536048,-0.08283202817586938,0.07298833821160494,-0.026298318448640612,-0.029306151540414455,0.9716467521662342,0.0009053474695193576,0.004226809275098112,-0.00653901409827422
0.047500116829786464,0.2407603870652644,0.15130385495769294,0.03286551378514806,-0.05954983395681458,0.05573045255243594,-0.012049608560421782,-0.03037019036969698,0.9824865670983998,0.0010566513244770505,0.004274309391927897,-0.006298253711208956
-0.08882081330583419,0.35338276783911243,0.23999104277389308,0.029948023117312123,-0.017131881282307828,0.0745229461280776,-0.021371101943756646,-0.023685785012316045,0.9903363145314237,0.0012966423672509438,0.004185488578622063,-0.005944870943369844
0.05598196531284863,0.2814892097823197,0.2874942487316103,-0.03119408822208279,-0.026124763433130783,0.0188278225535368,-0.01714255717989613,-0.028441277953476618,0.9848097271111932,0.0015841366159825541,0.004241470543934911,-0.0056633817335875235
-0.005624018959157533,0.3475422309373238,0.18550760387475074,-0.006325135346297004,0.033719468118498144,0.06884031499409139,-0.024953092231150695,-0.03551488209012107,0.9826543659140673,0.0017696442198573048,0.0042358465249757535,-0.005315839502650199
-0.1824083598648266,0.31011329848266206,0.2746897787188827,-0.04749694919929133,0.01283691311775005,0.013966314410816942,-0.03148377139475656,-0.0265584143193666,0.9795518408621623,0.0020443339985761876,0.004053438165110927,-0.005005726204167537
0.000981668721253201,0.18191661367312684,0.14151978040451663,-0.04774525555177367,0.03593929672695697,0.005314069818695434,-0.01551791972661611,-0.031076352339024487,0.9723094370411567,0.0021858537789807043,0.00405441983383218,-0.004823809590494411
-0.08365589542598617,0.3056504571203682,0.19707257601107053,-0.07619546050354435,-0.014273450215121443,0.03969500656902056,-0.014994502275117633,-0.02299849547839614,0.9836024884506178,0.002382926354991775,0.003970763938406194,-0.004518159133374043
-0.10996024845538689,0.17580536959851822,0.16813636949558164,-0.06601228194662294,0.033359272680471536,0.009577948236009838,-0.01570636022766722,-0.03291686421777968,0.9775962802291874,0.002551062724487357,0.0038608036899508064,-0.004342353763775524
-0.09740099606128041,0.14479357651736274,0.08212845353629783,-0.08249501938153751,0.07625233946014442,0.012833578137467527,-0.015441000948352301,-0.03978325362217594,0.9877750368991831,0.002633191178023655,0.0037634026938895265,-0.004197560187258162
-0.1776273513377103,0.2310866772728522,0.21716930846169885,-0.0280564650955794,0.06900764705554081,-0.019386732740979504,-0.010675647675882178,-0.04004424781069288,0.991808845876728,0.0028503604864853534,0.0035857753425518157,-0.003966473509985309
-0.16650990219211328,0.18165052860494965,0.289093513531005,-0.06125465021449873,0.048352063624427455,0.0416875091901667,-0.01312586930025682,-0.02863988074860141,0.9907940431358618,0.003139454000016359,0.003419265440359702,-0.003784822981380359
-0.2936418805553188,0.1715926860890092,0.06139745355511302,-0.07075756526014358,0.11232467044702547,0.045363383416895074,-0.013478595105797082,-0.030531020910263936,0.9854653441390571,0.003200851453571472,0.003125623559804383,-0.0036132302952913507
-0.2887407362125999,0.1279070531434509,0.07190089712217987,-0.06284875416120664,0.08774916269172003,0.010059596543742033,-0.02822213553527919,-0.020652165507092042,0.981784496391478,0.0032727523506936515,0.0028368828235917835,-0.0034853232421478996
-0.20549144734260402,0.03684081655837902,-0.02795272140743486,-0.06590955639992468,0.10061104676567573,-0.04248255848830561,-0.010253718585797728,-0.032519428676150396,0.9807939877456222,0.0032447996292862174,0.0026313913762491797,-0.0034484824255895208
-0.26572801297366994,-0.036194832625287235,-0.01721171422506671,-0.07386677773917749,0.12113564442740704,-0.018818123864436348,-0.014731529332918816,-0.03115354742159069,0.9855243135765084,0.0032275879150611506,0.0023656633632755096,-0.003484677258214808
-0.22853568915499545,-0.04231496966215173,-0.17668051950260077,-0.04007033005317361,0.1204934366461041,-0.009240063921135919,-0.020849038712095903,-0.027396485934643867,0.9769156772799182,0.0030509073955585497,0.0021371276741205137,-0.0035269922278769596
-0.25219507986583634,0.0989323306091945,-0.10883999372297942,-0.05545805778163333,0.08736870202797141,-0.03700066218289278,-0.015449900092679738,-0.035688060861750276,0.9882477869958775,0.00294206740183557,0.0018849325942546773,-0.003428059897267765
-0.1847131794594554,-0.04645141987424998,-0.1956118527504644,-0.06564315198913552,0.11893160335281562,0.008348419521512563,-0.01447362759645027,-0.02631113244723812,0.9843827439942227,0.0027464555490851056,0.0017002194147952218,-0.0034745113171420145
-0.2135171806601416,-0.1128383957007645,-0.29964337048826895,-0.09172185472161908,0.11808439234691863,-0.07608963480922303,-0.02146830122624513,-0.022487653664902112,0.988890511460724,0.0024468121785968366,0.0014867022341350804,-0.0035873497128427797
-0.28012665693907185,-0.11062059114542687,-0.3354277140104856,-0.05971402912203322,0.08541028192134768,-0.06483496635364447,-0.010225315618125088,-0.026205632995866233,0.9910747307396675,0.0021113844645863507,0.0012065755771960085,-0.003697970303988206
-0.1688591419226437,-0.18846248519706088,-0.36823642562595515,-0.0063440717731157534,0.12864020976909848,-0.029599661027109786,-0.021437271391290896,-0.03200745147111402,0.9850371334955955,0.0017431480389603956,0.0010377164352733646,-0.0038864327891852666
-0.12931003126723373,-0.14337280408037234,-0.3686217124454073,-0.03078324543974438,0.12935850681826958,-0.021322271559682728,-0.023355693272179495,-0.03456055035597706,0.9755292508752155,0.0013745263265149885,0.0009084064040061308,-0.004029805593265639
-0.18145416091955974,-0.17586709948439092,-0.4587850738006339,0.01820407371603558,0.08007896933201836,-0.04271937546096181,-0.021137277692040806,-0.021789916779236248,0.9768410162145591,0.0009157412527143545,0.0007269522430865712,-0.00420567269275003
-0.21067438362172314,-0.17555591337249887,-0.39333711351804224,-0.049018616916226304,0.0731508793089242,-0.0869379810650997,-0.004779768842435016,-0.02987427104309437,0.9874084899949983,0.0005224041391963122,0.000516277859464848,-0.004381228606122528
-0.17873827585129726,-0.1753938683686151,-0.44681374865127343,0.01036154789959948,0.11134168866704017,-0.059329267977042736,-0.018117481152271346,-0.022757016420399234,0.9868396433810765,7.55903905450388e-05,0.0003375395836135508,-0.004556622474491143
-0.1727965163118168,-0.10637881469980842,-0.4793931580956522,-0.001042432295315381,0.06317444362023342,-0.08849384430890885,-0.02099340445119623,-0.030368814450240107,0.9692422340921562,-0.00040380276755061343,0.000164743067301734,-0.0046630012891909515
-0.1410367727351959,-0.1363987778463056,-0.3225829971461423,0.06324551043651822,0.08640393252063874,-0.033323074032283066,-0.020410810079888122,-0.03301256268448254,0.9742531231647761,-0.0007263857646967559,2.3706294566538086e-05,-0.004799400067037257
-0.049590664961005344,-0.1431575505306697,-0.3544986711311456,0.016165352826949697,0.1016834697851524,-0.0889143315489201,-0.017984714004188353,-0.035143327387382545,0.9833240130156043,-0.0010808844358279012,-2.5884370394467262e-05,-0.004942557617567927
-0.10013557565222324,-0.10871326219768943,-0.3093907936720694,0.02603051636077562,0.029013668925128747,-0.046639025427837426,-0.013792967262518874,-0.0338986238043006,0.9721287599657673,-0.001390275229499971,-0.0001260199460466905,-0.0050512708797656155
-0.11499479941302854,-0.12936811406031581,-0.3394759585495558,0.009137572567169242,0.03277513541152731,-0.052808254022721664,-0.015882121890634312,-0.03490385406630408,0.9827514673362139,-0.0017297511880495265,-0.00024101474545971903,-0.005180638993825933
0.046293784606668886,-0.11348124445026028,-0.26531717353720763,0.07499291196690383,0.03711056155826528,-0.040724448279086306,-0.010181506913097025,-0.03386281025417498,0.9748045978287617,-0.001995068361586734,-0.00019472096085305015,-0.005294120238276192
0.05963718631418821,-0.0531854072644452,-0.1095765545179499,0.006084699297465817,0.017573723979741204,-0.02105144414918151,-0.010381776620460484,-0.038083171395187645,0.9831939535222489,-0.002104644916104684,-0.00013508377453886196,-0.0053473056455406376
-0.024110193146454552,-0.16052478281377913,-0.16013369014585405,0.013715001100501497,-0.04018379461667468,-0.02496952287791373,-0.016769810826334476,-0.04429107276071071,0.9715012476429792,-0.002264778606250538,-0.0001591939676853165,-0.005507830428354416
0.002884457279181865,-0.0580929766171828,0.012367745957634086,0.04974163471819262,-0.03840063299845417,-0.017281324691329522,-0.010467833932806075,-0.030353505801323073,0.9779632976116505,-0.002252410860292904,-0.00015630951040613463,-0.005565923404971599
0.0904017713541298,-0.03602005760225813,0.06444599244725441,0.028994454137406287,-0.0440236202589098,0.002059660414739614,-0.021250380996777903,-0.029916952656142602,0.9811285445159608,-0.0021879648678456497,-6.590773905200482e-05,-0.0056019434625738575
0.07909308338827498,-0.06254361197204449,0.03872345102330178,0.05746066208760165,-0.028087995632109664,0.0284634875467826,-0.012387345078961979,-0.03850646264075362,0.9772293173841169,-0.002149241416822348,1.3185344336270167e-05,-0.005664487074545902
0.11746104499765624,0.0726874099189519,0.11498350202690304,0.03237034184440717,-0.033521238292642974,0.06671367028597358,-0.01399016224306739,-0.034398983557170984,0.9813486344420607,-0.0020342579147954445,0.00013064638933392642,-0.005591799664626949
0.14049654520661323,0.12025633132059785,0.3076084276279491,0.031913126221487266,-0.052282480953981046,0.07016640102884898,-0.020293009471651184,-0.036948306403941,0.9938289777263705,-0.0017266494871674956,0.0002711429345405396,-0.005471543333306351
0.2509566583711074,0.1587167886992526,0.2986694714849075,0.015136602839130237,-0.04562651772564153,0.058595099412467766,-0.017890308794194502,-0.029584153509968302,0.9899084558705555,-0.001427980015682588,0.000522099592911647,-0.005312826544607099
0.14797704012558247,0.030332789754968295,0.3482618302499987,0.04337999802780283,-0.06159977458508298,0.06893869889321476,-0.010917466356731853,-0.030619085899380977,0.9817807376294397,-0.0010797181854325893,0.0006700766330372294,-0.0052824937548521305
0.10655053282352198,0.08185975516005355,0.458005343187329,0.007263317727674095,-0.06660048219478158,0.07162897619654689,-0.011303969336993852,-0.03944402079983976,0.9772396093518183,-0.0006217128422452603,0.0007766271658607515,-0.005200633999692077
0.14002215080131358,0.10249313017731371,0.4881241976648855,-0.025685471296924715,-0.09766889345328941,0.09282690572927021,-0.011432272194045023,-0.03042859841018726,0.9742358628938983,-0.00013358864458037475,0.0009166493166620651,-0.005098140869514763
0.1350807938669632,0.19007337997075854,0.4022148803433868,-0.012455662254652784,-0.05073500091207236,0.06129873647561234,-0.02272774632088172,-0.033849437768364986,0.9789527672144435,0.0002686262357630121,0.0010517301105290283,-0.004908067489544005
0.2683976028763112,0.10722508990682805,0.43904285670772747,-0.04020507799444975,-0.060306180621785915,0.12859067478616948,-0.009835907805556966,-0.03419891082808871,0.9827006950606401,0.0007076690924707396,0.0013201277134053397,-0.004800842399637176
0.2626838563400666,0.22101378151358314,0.500286120615138,-0.04480571296242855,-0.049075211226571366,0.10587336128616993,-0.018863843690947266,-0.02888016193151834,0.9806664283397192,0.0012079552130858776,0.0015828115697454062,-0.004579828618123593
0.2542799618662614,0.2914656190337651,0.4581928317974413,-0.049326241019603576,-0.0011420230881847345,0.07666825054057595,-0.015167909383479455,-0.027731063988701916,0.9785712214807597,0.001666148044883319,0.0018370915316116678,-0.004288362999089828
0.26255538851135474,0.1406975369578338,0.43606843450801286,-0.05065512876236702,-0.029870757479970186,0.10885877819975485,-0.01095423833522112,-0.034068519917689985,0.9792542987188615,0.0021022164793913323,0.002099646920123022,-0.004147665462131994
0.26426663628310887,0.14006893188875363,0.42191729573992376,-0.09353686556846307,-0.04704482755566937,0.1474636624092733,-0.026897704703906893,-0.04417819380081179,0.9846735965966865,0.0025241337751312556,0.0023639135564061313,-0.0040075965302432395
0.14961352902106856,0.1376403650608151,0.2884912094033783,-0.06186369210848318,-0.05116092725872682,0.037872803066340506,-0.017684764103967784,-0.023400101255494212,0.9798469492318862,0.002812624984534634,0.0025135270854272,-0.003869956165182425
0.2688452723250871,0.20120441229813063,0.20753655258298048,-0.09872601294622421,-0.0029136967148592112,0.056053359235419375,-0.010485914754394176,-0.038010968120319524,0.9810179353609305,0.0030201615371176146,0.0027823723577522874,-0.0036687517528842944
0.19398059240076734,0.07681349330142867,0.11312391822555032,-0.09442096854312883,-0.007051867869588771,0.10350546480372666,-0.02751875129828607,-0.03175661683606122,0.9723439791699288,0.003133285455343164,0.0029763529501530546,-0.003591938259582866
0.17794547570725813,0.15097843730682214,0.06444420450868453,-0.07751465544449078,0.028974692148111127,0.06110148738112673,-0.014469891654486358,-0.03505498837922939,0.9795453818988671,0.003197729659851849,0.003154298425860313,-0.0034409598222760436
0.2527397868815332,0.09284917471336175,0.14846151578561156,-0.1179793525340237,0.03197943438182877,-0.02192189285798076,-0.015036573145627122,-0.03418887623068142,0.9886010654853924,0.003346191175637461,0.003407038212741846,-0.003348110647562682
0.12480571512495746,0.043300793032066305,0.06958730659197948,-0.12117615012273558,0.0422313128916311,-0.004233245717883123,-0.018191273956983098,-0.03857044293656704,0.9731512512036309,0.0034157784822294404,0.0035318439278668036,-0.003304809854530616
0.10500093887405801,-0.03392401185511285,0.002711602223760351,-0.08853781207932039,0.009315416074176531,-0.016444656126654085,-0.011145204681908976,-0.030972767595961126,0.9765755382984217,0.0034184900844532007,0.0036368448667408616,-0.0033387338663857288
0.07698059207992322,-0.024609092885747426,-0.02901006375639581,-0.07296563426881514,0.06369837791169196,-0.010733015725043716,-0.005045787878234597,-0.04182889249831106,0.9773296964651852,0.0033894800206968052,0.0037138254588207848,-0.003363342959271476
0.05437946533529976,-0.13680264376040618,-0.16022792916393586,-0.08889858755821499,0.035338257557991845,-0.02779475480880674,-0.016020818756584777,-0.02999712681276181,0.9758037150988386,0.0032292520915328696,0.0037682049241560844,-0.003500145603031882
0.14346092706538605,-0.0682313263517437,-0.23675837906384084,-0.11235419444279497,0.07538727541449142,-0.016145997758417234,-0.00993313173721002,-0.034149423107758044,0.9745605356093155,0.002992493712469029,0.00391166585122147,-0.003568376929383626
0.08772948839657944,-0.18364323308436933,-0.25709774294268545,-0.10589970233929448,0.08501748781232908,0.001001754415515756,-0.017352572122389644,-0.03984524242541629,0.9697911451155754,0.0027353959695263427,0.00399939533961805,-0.0037520201624679952
-0.04672395060220225,-0.13801855677621427,-0.21423561688223108,-0.07458933852956236,0.09767829573467596,-0.00795238020356664,-0.004612616961325391,-0.03988799774690804,0.9743012821653563,0.002521160352644112,0.003952671389015848,-0.0038900387192442095
0.0470936374073444,-0.19003348496246783,-0.26417317599713136,-0.08901161207605386,0.050562809524509596,-0.024197731140547296,-0.012682634784445193,-0.039566719496421085,0.9727251660177904,0.0022569871766469803,0.0039997650264231915,-0.004080072204206677
-0.11914696922319237,-0.15675555463883167,-0.2585612465100566,-0.10420939838200244,0.045250518724455506,-0.03843632916346325,-0.011967098363381608,-0.032815852726491776,0.9805350333692426,0.0019984259301369235,0.0038806180571999993,-0.004236827758845508
-0.062237127052381803,-0.33670107733619403,-0.2834454054359521,-0.07397931778164774,0.04886259518213093,-0.0030002260317039,-0.011522311267427879,-0.03763259711442978,0.9775164216469138,0.0017149805247009715,0.003818380930147618,-0.004573528836181702
0.08118352706888425,-0.3255539231233384,-0.16067672659174725,-0.06407705113534669,0.06160439045081375,-0.04396286779843796,-0.007134848721563673,-0.03966156809737107,0.9771034527585984,0.0015543037981092245,0.003899564457216502,-0.004899082759305041
0.03613288984284852,-0.2540074592936377,-0.20724409792477377,-0.05991329642546168,0.05887017955264842,-0.010522281504576488,-0.00895169396866195,-0.03366626179919971,0.9892290046340818,0.0013470597001844506,0.003935697347059351,-0.005153090218598678
-0.09761767273604627,-0.3341942611087051,-0.11276269277467824,0.007912855712817355,0.1044913856276132,-0.018726244267717095,-0.02093299939492178,-0.029572540552630623,0.9863665597980303,0.001234297007409772,0.003838079674323305,-0.0054872844797073834
-0.1059594750833134,-0.3288972303505296,-0.1431912283030989,0.015082550426339115,0.09436796503390434,-0.027683200550813893,-0.010343052779098348,-0.025714728759767,0.9743040102482018,0.0010911057791066733,0.003732120199239991,-0.005816181710057913
-0.1186859189667902,-0.2639893868001212,-0.14723411040023165,0.02817369581782761,0.04991707142971481,-0.010182548498572383,-0.01676973466269342,-0.03433424680586236,0.980237637794898,0.0009438716687064414,0.003613434280273201,-0.006080171096858034
-0.049405945624899666,-0.3017903257357125,0.0017941122228949807,-0.0009177082630664694,0.05276599651383879,0.00738928233552027,-0.005116719390822772,-0.030775045154459287,0.9803204151049013,0.0009456657809293364,0.0035640283346483007,-0.006381961422593747
-0.1571508030508194,-0.2686339592905098,-0.07620195667990287,0.05362417739877091,0.08740691421954506,-0.026990685868536222,-0.01019470075051126,-0.03123075914372742,0.9758105550738249,0.0008694638242494335,0.0034068775315974813,-0.006650595381884256
-0.13046046777782436,-0.2681845630182618,0.015108137960825548,0.02765038738805364,0.026673635980218463,-0.02581009586579614,-0.014098863035913109,-0.028316517182711404,0.9765882062094459,0.0008845719622102591,0.003276417063819657,-0.006918779944902517
-0.08656666899321641,-0.2953595220340152,0.009736860002288336,0.05739281003977048,0.03534369416309866,-0.033250867341724534,-0.009671217590607038,-0.033061206471196064,0.9839238922015608,0.0008943088222125475,0.003189850394826441,-0.007214139466936534
-0.0771382982463272,-0.18567885365399173,0.19738910092653822,0.08373585629030131,-0.012652187137357086,0.034012014779808745,-0.00795704132034748,-0.04283485320948211,0.9786117277789635,0.0010916979231390856,0.003112712096580114,-0.007399818320590525
-0.2090698707354654,-0.20863907175883928,0.23160081044419475,0.030070710507770625,0.00845501240547513,0.01438960193214739,-0.021671663652972704,-0.029593820016386656,0.9713055961720909,0.0013232987335832804,0.0029036422258446482,-0.007608457392349365
-0.017806512273909683,-0.22005438037360397,0.16031660835796072,0.058021703139866515,0.00930428610663171,0.03567341823323947,-0.015270898445202664,-0.0338966411745244,0.9845803338248965,0.0014836153419412411,0.0028858357135707383,-0.007828511772722969
-0.12462531524016643,-0.23895666043067235,0.2865378070524548,0.08997236948268829,-0.016535880971959446,0.00010045776915476069,-0.011959259731169644,-0.031519504544605816,0.9874061736081371,0.0017701531489936959,0.0027612103983305717,-0.008067468433153641
-0.1838358877026704,-0.06709672747040057,0.2701953551428048,0.06585971216484289,-0.01087995865137415,0.051986102276912395,-0.00720671793496416,-0.03906405112162688,0.9815598779566345,0.0020403485041365003,0.0025773745106279014,-0.008134565160624042
-0.15764112581883866,0.000615708009692649,0.439201717673533,0.08988274706235394,-0.0513700852856577,0.053902386008149804,-0.003964882257501311,-0.04055067704281886,0.969922038437707,0.002479550221810033,0.002419733384809063,-0.008133949452614348
-0.1376234171887022,-0.06519698071187391,0.1917013327589607,0.0483129286674242,-0.04541430656843559,0.09110432437027467,-0.004078569072390874,-0.03910906006850866,0.9824170356274244,0.002671251554568994,0.0022821099676203606,-0.008199146433326223
