motionRotationRateX(rad/s),motionRotationRateY(rad/s),motionRotationRateZ(rad/s),motionUserAccelerationX(G),motionUserAccelerationY(G),motionUserAccelerationZ(G),motionGravityX(G),motionGravityY(G),motionGravityZ(G),motionYaw(rad),motionRoll(rad),motionPitch(rad)
-0.17936419510578605,-0.3209568436175774,0.7486135025611567,5.867618349114645e-05,0.03428974764108089,-0.02861007350384149,-0.0033100998755124073,0.00636183532225206,0.9590360545642911,0.0007486135025611567,-0.00017936419510578605,-0.00032095684361757744
-0.3112460084332145,-0.38485905862573133,0.7554566290022928,0.01764775390711243,0.08673849395174663,-0.04496565661260881,-0.0012479054067659537,-0.0018237772211166887,0.96805199659163,0.0015040701315634495,-0.0004906102035390005,-0.0007058159022433089
-0.19447530132292098,-0.23164287028298555,0.5682252224353612,0.07685071193608735,0.026344893844904037,-0.03475848409714792,-2.2619479239515457e-05,-0.0012396612329485229,0.9577579658566556,0.0020722953539988108,-0.0006850855048619216,-0.0009374587725262944
-0.21850057914301113,-0.25989267551957407,0.5935396947528192,0.03110572730823504,0.022936771209390677,-0.09163193975115987,0.0018347597622999203,-0.0033805413459474486,0.9663117504104218,0.00266583504875163,-0.0009035860840049327,-0.0011973514480458686
-0.23642536578113815,-0.25869285449504076,0.4236505600740395,0.09902090119280578,0.11795691987317297,-0.07193947007608052,-0.010267302652719714,-0.0013817197763510338,0.9624917265804693,0.0030894856088256695,-0.0011400114497860708,-0.001456044302540909
-0.05392685697697379,0.0242020158337867,0.40926968558181215,0.04432779839159788,-0.017243734253716232,-0.11032412149815639,-0.004842204100238898,0.005203211591083848,0.9522674404903134,0.003498755294407482,-0.001193938306763045,-0.0014318422867071225
-0.05226890557820797,-0.1628957662925009,0.3667167373504214,0.018021369760099878,-0.027093008145884723,-0.021464894726516096,0.0035665431784959595,0.006523447586985528,0.9570348629745862,0.003865472031757903,-0.0012462072123412527,-0.0015947380529996236
-0.1867683106489158,-0.24274358191569625,0.3180138452074588,0.040152787184886546,-0.04067986584457609,-0.06411594663718233,-0.007596619225859195,-0.0008862535497091298,0.9609231962056894,0.004183485876965362,-0.0014329755229901685,-0.0018374816349153195
0.036667999546147995,-0.10918663501869898,0.3816201715062414,0.08538333016217935,-0.008209700483356857,-0.055998212034205984,-0.008097161126283947,-0.0021821072926057313,0.9519279778651712,0.004565106048471604,-0.0013963075234440204,-0.0019466682699340186
-0.22555426084735522,-0.10119357989100596,0.2720764410747038,0.09795255953148949,-0.04168808328561024,-0.028283968782684375,0.0009453991830705233,0.005696507693128209,0.9609032226540709,0.004837182489546308,-0.0016218617842913758,-0.0020478618498250244
0.033081205589607685,-0.05554734697207456,0.16867656425485564,0.11175728796945411,-0.0772622443942446,-0.05755693582516442,-0.00897429521426964,0.0017857915396097671,0.9560790649952846,0.005005859053801163,-0.0015887805787017679,-0.0021034091967970987
-0.01278764363595198,0.047137709493181135,-0.05709882151008794,0.04324178334807313,-0.029555245675976137,-0.0641602243589723,0.0022246183698173745,-0.00419877721753824,0.9556294413925844,0.004948760232291075,-0.00160156822233772,-0.0020562714873039174
-0.03803756668584604,-0.10061166022284054,0.17321238426475818,0.11725372792645715,-0.11214008468052811,-0.035391250723452714,0.0037630934822196244,0.013891068970690526,0.9856431480510351,0.005121972616555833,-0.0016396057890235662,-0.002156883147526758
-0.02598785544701535,0.10906022407744007,0.21768711296476106,0.18386922675171577,-0.07413081811431108,-0.014548521295265184,0.006408904179033722,0.0039998102702458425,0.9673826505533644,0.005339659729520593,-0.0016655936444705814,-0.002047822923449318
0.16921730400789425,0.13602908575260492,-0.07958937388420712,0.058151556805177786,-0.15585681655058936,0.05594582740687153,0.0012019512291116924,0.004129724232697408,0.9656519801925847,0.005260070355636386,-0.0014963763404626873,-0.001911793837696713
-0.11031837129843808,0.054027967738916535,-0.13798188672031717,0.1344037498646026,-0.03425719054002395,-0.06066859426094095,0.001076487368635652,-0.0018279644353389889,0.9525296611843138,0.005122088468916069,-0.0016066947117611254,-0.0018577658699577963
0.03877523619680763,0.050466247182523544,-0.22613528883226436,0.07674217855559626,-0.14416296367743797,-0.022719946694855143,-0.013641426007087216,0.008902291551042026,0.9533210715735025,0.004895953180083804,-0.0015679194755643178,-0.0018072996227752728
-0.16007355128608275,0.2473130544690152,-0.31314586544897705,0.07281487195529858,-0.08912624753218809,0.03671276946344427,-0.002974661900037538,0.004303059339063472,0.9636439987081682,0.004582807314634827,-0.0017279930268504003,-0.0015599865683062577
0.13192443611052507,0.18843552696554386,-0.15661217110268355,0.14628029403523443,-0.07049745276152142,0.03626908794934709,0.0064691667947943945,0.009724120271802656,0.9475882236356338,0.0044261951435321445,-0.0015960685907398754,-0.001371551041340714
-0.04672232578200543,0.23395500579584805,-0.15778227777512244,0.1446204384732816,-0.15562170417777463,0.019194339441056828,-0.005920158521920342,-0.002746894299990004,0.9555054790763723,0.004268412865757023,-0.0016427909165218806,-0.001137596035544866
0.29252472415214514,0.2475721418513022,-0.2595236974183452,0.1266360940213319,-0.14555734745197818,0.017515852801819887,-0.0035780570576075866,0.00027350975685143234,0.9556117205362736,0.004008889168338677,-0.0013502661923697355,-0.0008900238936935638
0.09571459670469762,0.3850467499566772,-0.42149070256158594,0.11575653724658534,-0.14496029022910467,0.04567598782006174,0.0026903515346220924,-0.009966061540159644,0.95787218429142,0.0035873984657770913,-0.001254551595665038,-0.0005049771437368866
0.0670928149394329,0.1809858070982553,-0.3468449571258823,0.05104044939756515,-0.12413118922484374,0.03948047603431845,0.004095038260779343,0.004947853903303481,0.9658755320350411,0.003240553508651209,-0.001187458780725605,-0.00032399133663863134
0.1314280583487394,0.3643966563365582,-0.43125334329971166,0.10241110753522736,-0.13146618829893153,-0.005966311449416612,0.003344866901993473,0.0028130973746941686,0.9677955708807283,0.002809300165351497,-0.0010560307223768655,4.040531969792688e-05
0.19682283974651582,0.29268564440983136,-0.3056940470977383,0.03757492870789882,-0.11373603170037802,0.04789057546488296,0.004167144015480238,0.0077815324750916985,0.9634257951013647,0.0025036061182537586,-0.0008592078826303496,0.0003330909641077583
0.11009966872664778,0.16847345672765504,-0.3029693536102712,0.04467757145198892,-0.09334686443089679,0.0685192565418958,0.0064833912526964825,-0.0030506576726464724,0.9538510081320325,0.002200636764643487,-0.0007491082139037019,0.0005015644208354133
0.19272924108708003,0.2768722472988206,-0.5301639221152153,0.061169806290961165,-0.0833057226175661,0.053829032840994495,0.005100623810587359,0.0023622481807283116,0.9545490562276736,0.0016704728425282719,-0.0005563789728166219,0.0007784366681342339
0.07823104517035329,0.38589322506956525,-0.391426477187066,0.05300483751730424,-0.058719928445696616,0.06266272034231184,0.007173143070372147,-0.0006544145207786833,0.9662177596341931,0.001279046365341206,-0.0004781479276462686,0.0011643298932037993
0.08486254692972742,0.3657975222408491,-0.26464880714637806,0.021273843137218515,-0.12670808945220569,0.05709343101312192,-8.455162984403845e-06,0.0008403373613762273,0.9639321627190871,0.001014397558194828,-0.0003932853807165412,0.0015301274154446484
0.031231429495022583,0.2498097313806742,-0.4228337390483256,0.009267754580627452,-0.05367535195558476,0.11215357739968117,-0.0017327662093077965,-0.002093849830641291,0.9657878733957198,0.0005915638191465023,-0.00036205395122151864,0.0017799371468253226
0.06365827339957703,0.2992370640041771,-0.26948908601123384,0.0053161005797962985,-0.15211230942558268,0.08510681662366101,0.009829735854029,-0.00972249657453447,0.9546800731157936,0.0003220747331352684,-0.0002983956778219416,0.0020791742108294997
0.19384789956609716,0.3155100516458562,-0.26728977640985674,0.00027901879273913195,-0.1448287323553008,0.08481960781603233,0.0021870348923610835,-0.0002111482236146283,0.9578526874914814,5.478495672541167e-05,-0.00010454777825584445,0.0023946842624753563
0.09317088857706254,0.20776292405647134,-0.18039847093182232,-0.009090800847091966,-0.051134462278166495,0.06289254500237006,0.003863036785688576,-0.0007518698452379045,0.9663420509883182,-0.00012561351420641064,-1.1376889678781893e-05,0.0026024471865318272
0.23093422746490572,0.28136537927322375,-0.3882454307310533,0.07556929089565574,-0.01536654285534532,0.11464252139751538,-0.00017665899406666763,0.00410481613689116,0.9644899762539321,-0.000513858944937464,0.00021955733778612383,0.0028838125658050507
0.24907558201485638,0.3288567763982119,-0.21134320151939123,-0.07087178587885674,-0.04141992105290513,0.03725717083349198,-0.005526243646828436,-0.003249571451954849,0.9645063805219173,-0.0007252021464568552,0.00046863291980098025,0.003212669342203263
0.04411011004974012,0.13816196702393924,-0.13280765312054357,-0.061316182729124695,-0.02885692080029845,0.03994870818212277,0.007169996037363815,0.001948407343397478,0.9626406191602991,-0.0008580097995773988,0.0005127430298507203,0.0033508313092272023
0.23638196906747788,0.126865007799925,0.06131069632738417,-0.0642978029464809,-0.07716702849855686,0.10688102724767175,0.00632940270837713,-0.005564289481551797,0.9563014055920753,-0.0007966991032500147,0.0007491249989181982,0.0034776963170271274
0.21618684694450124,0.18389757815144303,-0.08351335321640312,-0.03248533296352682,-0.054296170477931234,0.05356937003421704,0.005959324314681655,-0.006849695377210541,0.9631967796821718,-0.0008802124564664176,0.0009653118458626995,0.00366159389517857
0.19425096681892612,0.15970971200806888,0.11659837843179684,0.018536174676466004,-0.03877264721067788,0.061941602011896094,-0.004387523379573415,-0.000818265136151138,0.9609446693193405,-0.0007636140780346208,0.0011595628126816256,0.0038213036071866394
0.21969792711157798,0.11846283244906675,0.16474300128917443,-0.06411768837072386,-0.008852816261290124,0.1125885470927052,0.003080526142325268,-0.00582963454821131,0.9570246641012249,-0.0005988710767454464,0.0013792607397932035,0.003939766439635706
0.14348501432953398,0.08931540349099781,0.08531893086171749,-0.071082358397442,-0.002524416651243245,0.0774735770262985,0.0076791296630757434,0.007811971036264463,0.9566970382793047,-0.0005135521458837289,0.0015227457541227376,0.004029081843126703
0.14860074617888455,-0.026493469481157075,0.16305537885335974,-0.08851196513415405,0.042140122066545285,0.0456777873331945,-0.0031744134580688576,-0.008703187848896373,0.9608527604714856,-0.0003504967670303692,0.0016713465003016224,0.0040025883736455456
0.2610061728062413,-0.01507868063266165,0.1548632048337687,-0.07566894390976453,0.037043319425193295,-0.010327671676290536,-0.0020048113704763497,0.004013202053513584,0.9596634771122466,-0.00019563356219660043,0.0019323526731078637,0.003987509693012884
0.10003550622073018,-0.24463013442749504,0.35450967155260776,-0.13005355132903848,0.009165426542033915,0.0028522240430922576,0.004422242011968333,-0.01145777520412701,0.9580634569670028,0.00015887610935600734,0.002032388179328594,0.003742879558585389
0.009716675106971828,-0.10966238991443218,0.16669702614672244,-0.1178799760996351,0.03942905332356484,0.05846554434367251,-0.002500119784029207,0.00030273083192613494,0.9598930361840866,0.00032557313550272976,0.0020421048544355656,0.0036332171686709568
0.26725983943754295,-0.044493860493465834,0.15595241440619317,-0.12156895264500696,0.0463460039151209,-0.03411599910848837,-0.0094078502179223,0.002275210828529073,0.9571154732859255,0.00048152554990892293,0.002309364693873109,0.003588723308177491
0.13003732955513203,-0.22790189537409009,0.5668530958186466,-0.08345311839391394,-0.02404028891599712,0.010387123705271827,0.0008250480369497112,-0.0017254097035842271,0.9619924809072309,0.0010483786457275697,0.002439402023428241,0.0033608214128034012
0.2049404400849078,-0.1997872035778955,0.33803441595063155,-0.1332620735021023,0.022073082026337138,0.040018550244925795,-0.0006407107981159853,0.0006418498411838672,0.9616698303565077,0.0013864130616782014,0.002644342463513149,0.003161034209225505
0.11190187170845546,-0.3129216458711855,0.27999238275527777,-0.10989972364035815,0.1299991656417316,-0.017715513143743616,0.006271745200397989,-0.0022822428703058208,0.9620069765533831,0.0016664054444334789,0.0027562443352216045,0.0028481125633543197
0.07936227181070712,-0.20932970438063647,0.5475408826197474,-0.11976146319872666,0.09461068282899746,-0.11612314365521471,0.008351897421810086,-0.0033651101715575357,0.9508099778730739,0.002213946327053226,0.0028356066070323116,0.002638782858973683
0.1081692889772846,-0.18966370785154718,0.3063523442818332,-0.1432445698457517,0.1414038533734252,-0.007010334624604578,0.00022735798863721688,-0.0035279220916082355,0.955046583435281,0.0025202986713350594,0.002943775896009596,0.0024491191511221365
0.2605114964212318,-0.3846709055830189,0.5455690500122283,-0.09148332069031039,0.11930819008088718,-0.0691136706496348,0.016270138515393065,-0.008326644997735923,0.9552588294059756,0.003065867721347288,0.0032042873924308275,0.0020644482455391172
-0.05793638067721556,-0.44927186903184774,0.496100269706954,-0.15622463808279702,0.1391750647519294,-0.10902261364302493,0.005704529540372977,-0.006091654303664287,0.9521514549508022,0.0035619679910542414,0.0031463510117536123,0.0016151763765072692
-0.11168582108415213,-0.44029262447716444,0.4110959114927671,-0.07367563394684416,0.07727804169230003,-0.07054777644601741,0.0003327883742779902,-0.005307865647935517,0.9671420701749865,0.003973063902547008,0.00303466519066946,0.0011748837520301047
-0.014405361122188617,-0.3958113722809743,0.30376904626694046,-0.07509411160203816,0.12725407829917829,-0.038913277343489726,0.0074225526406474845,-0.015444127964164483,0.9608978556513503,0.004276832948813949,0.0030202598295472716,0.0007790723797491306
0.10006229416938744,-0.5441855798226287,0.34653331669010234,-0.04482830898963704,0.0993206032353939,-0.09239431935067027,0.0065602128291187495,-0.005349680621194584,0.9563329071457641,0.004623366265504052,0.0031203221237166585,0.00023488679992650173
-0.09810996676980946,-0.5452712829390295,0.2527857155610984,-0.11729617096503477,0.1686415740986217,-0.05711413159223636,0.007158322748967719,-0.0007209730729743884,0.9564839888260172,0.004876151981065151,0.0030222121569468494,-0.00031038448301252774
-0.13433186504512734,-0.5913229555478219,0.2892727121245961,-0.0765444580701721,0.05727192427467537,-0.05042765358030595,0.012862558210257316,-0.0011304788963230113,0.9518573162732572,0.005165424693189747,0.0028878802919017218,-0.0009017074385603498
-0.15557935114849833,-0.5216860049468355,0.26267138331723194,-0.11689274080899617,0.09892163987014188,-0.11052035061654124,-0.000555223474250438,-0.01458822866287255,0.9504592439807367,0.005428096076506979,0.0027323009407532236,-0.0014233934435071852
0.044740509575697876,-0.4016718925682069,0.05034839773374111,-0.06767056637321052,0.07661211718965613,-0.03600795607471439,0.008308469690542032,-0.009475693522681987,0.961925388287599,0.0054784444742407195,0.0027770414503289213,-0.001825065336075392
-0.0252495550181583,-0.42684187113291444,0.13013358509697734,-0.07531703378719667,0.12382824686892342,-0.06593870096497347,0.005383777719317086,-0.0016171116731504946,0.9722045626285449,0.0056085780593376966,0.0027517918953107634,-0.0022519072072083065
-0.15355931638419254,-0.5044858752198409,0.047977826855632434,-0.07765085517941309,0.04050383074547419,-0.08212105737656612,-0.004087828517417113,-0.013167479925476462,0.9638047057416067,0.0056565558861933285,0.0025982325789265705,-0.002756393082428147
-0.05723579319504252,-0.4852636986720832,0.1162243254193253,-0.07922459824594429,0.058833165357632757,-0.07599965957880005,-0.0026740892911351457,-0.0018556674942153302,0.960010942223647,0.0057727802116126535,0.0025409967857315282,-0.0032416567811002304
-0.1729762575503846,-0.44028185626251076,0.05153066509047326,0.00759542487380536,0.06090050928390049,-0.1087960786228183,0.011444784176082749,-0.012101655762182584,0.9557303980313099,0.005824310876703127,0.002368020528181144,-0.003681938637362741
-0.2551236518933534,-0.5191090659452626,-0.04230491337342024,-0.0360857740629258,0.10688869704810666,-0.09816553146601273,0.009738624617955598,-0.007366313077167371,0.958698207639778,0.0057820059633297075,0.0021128968762877906,-0.004201047703308004
-0.029371687143750658,-0.4919012062927905,-0.2395504540479929,0.009516042538850198,0.01940719076220361,-0.15747446915771118,0.013728054700130266,-0.016466372358255713,0.9492057014555826,0.005542455509281715,0.00208352518914404,-0.004692948909600795
-0.24713043277171978,-0.6224670281604794,-0.09939909995084613,0.012444343836389073,0.056140213126886385,-0.11905933494023622,0.007118271007607324,0.00024444501232844754,0.958969834973235,0.005443056409330869,0.00183639475637232,-0.005315415937761274
-0.3270417748876423,-0.4545775379224279,-0.24935516687509637,-0.04711555324791988,0.07866889883928406,-0.10390137654061565,-0.0035600728417122286,-0.016428948480128436,0.9581653491641593,0.005193701242455773,0.0015093529814846779,-0.005769993475683702
-0.2528532703862464,-0.29287610512725465,-0.3894152040443273,-0.001862910463345642,0.006275701844287837,-0.02422295336974773,0.0046346181906912285,-0.010617915187557746,0.9521378265751932,0.004804286038411445,0.0012564997110984316,-0.006062869580810957
-0.1663049802184531,-0.4060506405607165,-0.34152027031345406,0.011110087419704158,0.014605789722821077,-0.043645105230934525,0.0049851175448551435,-0.008822938041741708,0.9510277797206168,0.00446276576809799,0.0010901947308799786,-0.006468920221371674
-0.12302533534723249,-0.32741307793540053,-0.44530123653000386,0.07690880469728051,0.03591228118452529,-0.07778543304234431,0.005734416133583153,-0.015416577451325849,0.9619927549391584,0.004017464531567985,0.000967169395532746,-0.006796333299307074
-0.19665181969561962,-0.228128580398472,-0.4876201351576782,0.038784685827535484,0.01761295625651685,-0.06385051028218168,0.0010137677392209514,-0.007932309237010514,0.9521806132640914,0.0035298443964103077,0.0007705175758371263,-0.007024461879705546
-0.14426137294043334,-0.22135183410540296,-0.5236267362372617,0.11924634488329063,-0.05792426187035311,-0.06857450953178636,0.0135696355061971,-0.006687784492276567,0.9697053350608956,0.0030062176601730454,0.0006262562028966929,-0.007245813713810949
-0.17572607419408123,-0.18607892095388814,-0.6557057186619804,0.089759004258673,0.013630985390004114,-0.035986478164598636,0.00200790651752547,-0.012045303973571892,0.9517877993175236,0.0023505119415110653,0.0004505301287026117,-0.007431892634764838
-0.24950699173199367,-0.34129450151446356,-0.7811506816402868,0.07632697595297294,0.008387435859736236,-0.010459091307028932,0.006824381622783816,-0.004986567395459196,0.9638088939276567,0.0015693612598707786,0.00020102313697061802,-0.007773187136279301
-0.36196360586752807,0.057918909604111696,-0.6728604350339616,0.06263251541509027,-0.02127754958691974,-0.029281495843215703,0.002743213490888698,-0.01414130504312626,0.9502481882594351,0.0008965008248368168,-0.00016094046889691008,-0.007715268226675189
-0.23136063916037486,0.050401351114268925,-0.8148006023289306,0.15688480670535512,-0.04636662070809949,-0.02705561961766722,0.010433785123762258,-0.012266006431109328,0.961790611137802,8.170022250788623e-05,-0.00039230110805728497,-0.007664866875560921
-0.27149372454581033,-0.08754576522497648,-0.6971307859919258,0.11377873232508176,-0.012852536827766572,-0.023045338973699273,0.00031539210093596906,-0.016384370238712673,0.9563724546592609,-0.0006154305634840396,-0.0006637948326030953,-0.007752412640785896
-0.1575166122358884,-0.057960090388996466,-0.5979598734809989,0.10913507386035282,-0.11693268930331537,-0.018409994912022526,7.791718863841592e-05,-0.012321068543945986,0.9581132851639569,-0.0012133904369650385,-0.0008213114448389837,-0.007810372731174892
-0.3411590444574635,0.02361862595476873,-0.8397682891012512,0.1903051299431819,-0.09140593772801717,0.005533354166476643,0.012488631107195409,-0.005971647240364315,0.9610444771848593,-0.0020531587260662894,-0.0011624704892964474,-0.007786754105220123
-0.16796611058968186,0.11496750013432455,-0.6098059376451358,0.1806981817595594,-0.12249847157516655,0.04839196253727573,0.00970448718521427,-0.011835368661710295,0.9552244429059147,-0.0026629646637114255,-0.0013304365998861292,-0.0076717866050858
-0.39852857058314634,0.2809835328571745,-0.5754067110822813,0.12735483738870776,-0.1027595543764812,0.06769746842219584,0.016342475199212496,-0.01491199707418903,0.9639067978827616,-0.003238371374793707,-0.0017289651704692757,-0.007390803072228625
-0.10078559792853858,0.21195027363358276,-0.6556699283412598,0.10309448257425226,-0.12574068745869912,-0.013529966235933806,0.008783903559755033,-0.0157854731283405,0.9622123226147932,-0.0038940413031349668,-0.001829750768397814,-0.007178852798595043
-0.20611479962415902,0.2603286301639607,-0.6163209452929765,0.11467606053332273,-0.14825018664957207,0.03644925223503331,0.009137926577428273,-0.011567729713736942,0.9547992921287859,-0.0045103622484279435,-0.0020358655680219728,-0.006918524168431081
-0.2836847699822626,0.30703545179941166,-0.5482889421219692,0.14571336960578524,-0.11490188349715837,0.037575302091933785,0.0029864449841948398,-0.009105320213180338,0.9530626567164735,-0.005058651190549913,-0.0023195503380042354,-0.006611488716631669
-0.18925109650469127,0.26679737693101907,-0.5631567276634342,0.1370401169589809,-0.11550563510950547,0.05467649252675207,0.014192164121403488,-0.007458257023038708,0.9591303125317724,-0.005621807918213346,-0.002508801434508927,-0.006344691339700651
-0.09736851696029204,0.4444857579110244,-0.5036773650726956,0.152771852057159,-0.12302688204710846,0.08330363721147169,0.013201167008427588,-0.005656136492613776,0.9615797992613844,-0.006125485283286041,-0.002606169951469219,-0.005900205581789626
-0.12435896484601393,0.4431691431190645,-0.3409190054144048,0.06940993253228471,-0.09901711346081633,0.05724289621114739,0.01343815383046772,-0.006114593049614718,0.9554469518014231,-0.006466404288700447,-0.0027305289163152328,-0.005457036438670562
-0.20621364513207452,0.5112865205454037,-0.45997305362748847,0.11327392361719593,-0.18373468135736448,0.11064202525309272,0.009980962296388632,-0.007090084999193061,0.9598542352923021,-0.006926377342327934,-0.0029367425614473075,-0.0049457499181251585
-0.055778276400389584,0.4047152650882177,-0.32560309142808663,0.1136917197510893,-0.1440987577838284,0.12742288510279615,0.005882489722052519,-0.013348775650333638,0.9633386902545114,-0.0072519804337560214,-0.002992520837847697,-0.004541034653036941
-0.10492791051172413,0.4286443765937868,-0.29695199725059496,0.15527767295645137,-0.18839057678629476,0.14559683536689297,0.008766073607478674,-0.012516790918432542,0.9617086195531075,-0.007548932431006617,-0.0030974487483594213,-0.0041123902764431544
-0.10042000880723666,0.3573443854622449,-0.14382828537267012,0.14858782750127786,-0.19275573519112738,0.09604777251077219,0.01004138718815772,-0.009409967908217885,0.9571609777804126,-0.0076927607163792865,-0.0031978687571666575,-0.00375504589098091
-0.19353402726198493,0.5830726252272711,-0.21081585187647184,0.153846524965271,-0.12032997297223472,0.15969852500896514,0.008091750694848859,-0.010749709131525589,0.9662005666660288,-0.007903576568255759,-0.0033914027844286427,-0.003171973265753638
-0.10947777782062608,0.5411510612684096,0.03259626418830224,0.07853302128938329,-0.1414386909589985,0.11213821639923055,0.007428539700776447,-0.009020369674056573,0.9561221913778553,-0.007870980304067457,-0.003500880562249269,-0.0026308222044852288
0.05795641928228966,0.5614028586519229,-0.029852674966429363,0.1261523689231363,-0.21735575461598636,0.1140675205930437,0.013166842583079836,-0.025737468397298124,0.9488235384057093,-0.007900832979033885,-0.0034429241429669785,-0.002069419345833306
-0.14157043304426664,0.47125461105640143,0.12883739196323107,0.14171164607945777,-0.19984966819332192,0.08814563617007931,0.01478210735455876,-0.012185506827571305,0.9498477530461737,-0.0077719955870706545,-0.0035844945760112458,-0.0015981647347769045
-0.1340684991314248,0.4744448474469645,0.11043826215630648,0.09373519964520069,-0.15816845437611665,0.13280626522372696,0.004691591247953015,-0.01736449626463469,0.9575090453721905,-0.007661557324914348,-0.0037185630751426697,-0.0011237198873299398
-0.13813165951539058,0.44222476582698544,0.2066625636289097,0.09351377719703274,-0.184633211730123,0.06575442618044613,0.01051072057395458,-0.0136581893902584,0.9569906720219512,-0.0074548947612854384,-0.003856694734658061,-0.0006814951215029545
0.007596364476733182,0.5576999518137536,0.2438715344023269,0.07098289256273164,-0.19731774961427967,0.11678380436064296,0.017933880946982485,-0.010125121250696952,0.9577164509993924,-0.007211023226883111,-0.0038490983701813274,-0.0001237951696892008
-0.04419838992119028,0.45471599425127074,0.3347603507765432,0.0900964003833109,-0.11535136435371629,0.10361054075588984,0.006129825077985762,-0.022530137182417212,0.9566027524724704,-0.006876262876106568,-0.0038932967601025183,0.00033092082456207
-0.15544679456329236,0.4201943874986786,0.46765483639876126,0.062413359475783296,-0.21115346804102503,0.09696644656277054,0.00840729093314031,-0.008805640599125903,0.9570550690905277,-0.006408608039707806,-0.00404874355466581,0.0007511152120607485
0.07098977393090608,0.42130683921486134,0.607120523270896,0.07989586690380668,-0.1039529983667966,0.056332118209146624,0.0059666074817351,-0.01650120829759716,0.9540962110757236,-0.005801487516436911,-0.003977753780734904,0.0011724220512756098
0.04630827696645828,0.5059254396772962,0.4064921567544536,0.04196307006721198,-0.1784739142174212,0.0911531673939616,0.009602725164160004,-0.02099412957358244,0.9626168070090614,-0.005394995359682456,-0.003931445503768446,0.001678347490952906
0.156235948428257,0.31935556554943023,0.6099207794030603,0.033089765488991355,-0.15473253111261545,0.1299690184298411,0.011735125325142442,-0.024356704197313984,0.9584659363489171,-0.004785074580279396,-0.0037752095553401886,0.001997703056502336
0.040073210959218675,0.36438034465922975,0.5808916812650964,0.005284848439916581,-0.10466912369697988,0.15707574906106486,0.010829361642749984,-0.006136368141558456,0.9644569208817149,-0.0042041828990143,-0.0037351363443809704,0.0023620834011615663
0.06223654132569048,0.29233855449490664,0.6878663563277128,0.09075733542754916,-0.07168128296934552,0.07057548424606062,0.01479290841765557,-0.019555006386336348,0.9608427172531978,-0.0035163165426865873,-0.0036728998030552797,0.0026544219556564725
0.2124891555768827,0.33941323229630976,0.7192381548699367,-0.03600230868505014,-0.08216006539365497,0.06307892587498552,0.011037202702742685,-0.01564970244691612,0.9566286470220253,-0.0027970783878166505,-0.0034604106474783974,0.002993835187952782
0.2037529159767157,0.1559844015202118,0.5967946451726865,0.010949921268507166,-0.06327838725611062,0.08583632638331677,0.012612376494942448,-0.014403812418840284,0.9580775018794474,-0.002200283742643964,-0.0032566577315016818,0.0031498195894729937
0.19728489885737233,0.2566313634328739,0.6999784326870911,-0.08517585948811131,-0.04923372120696152,0.10635036602697558,0.008434531139850383,-0.018121387294802907,0.9606097151343956,-0.0015003053099568726,-0.0030593728326443093,0.003406450952905868
0.18756363818766167,0.15423012157007182,0.6250962066353151,-0.027557854924302058,-0.12272122582735091,0.07538824955521187,0.005111716749187115,-0.025691972592724356,0.9537974465700039,-0.0008752091033215576,-0.0028718091944566477,0.0035606810744759397
0.25519131305318205,0.23807362629212336,0.6629770393934057,-0.0443758425383479,-0.056991252748975395,0.06397129276104012,0.02055557106919324,-0.015356180176653106,0.960793809081148,-0.00021223206392815189,-0.0026166178814034657,0.003798754700768063
0.35417538680558497,0.1616078226621675,0.7375389009053896,-0.05395246040026889,-0.1023698330899786,0.05069540058007512,0.014419382908769289,-0.0102648420889742,0.9624229461367018,0.0005253068369772379,-0.002262442494597881,0.003960362523430231
0.0735432510872554,0.004978059693627274,0.6971664514043536,-0.07203150313142263,0.016496704389130257,-0.05503855349163291,0.007349628253855272,-0.018634595308767134,0.9473592602449628,0.0012224732883815916,-0.0021888992435106255,0.003965340583123859
0.2652651680917734,0.10432017697485024,0.595898508704174,-0.0922758967645837,-0.041666424585972923,-0.07314479110572034,0.011204012898940952,-0.012350082233496741,0.954586416895797,0.0018183717970857655,-0.001923634075418852,0.004069660760098708
0.26931006831220633,-0.07644189945741002,0.6383098932404445,-0.07402517125761662,0.017224956779886967,0.01187529538631635,0.014803695422528117,-0.009305445563750087,0.9630503130013827,0.0024566816903262103,-0.0016543240071066456,0.0039932188606412984
0.3486162040224208,0.016717167485870703,0.5398242601284048,-0.07338206033728958,0.03238426685468018,-0.009499387963648171,0.009705452679593229,-0.0271508755785817,0.9615125733388296,0.002996505950454615,-0.0013057078030842247,0.0040099360281271685
0.3844255388057619,-0.10565931279430955,0.4033751647226915,0.051983580449898856,0.011433940854901655,-0.10398694803973914,0.01155420725545649,-0.01040185877780015,0.9584390700809963,0.0033998811151773065,-0.0009212822642784627,0.0039042767153328593
0.1574030951172266,-0.058224529948029756,0.4541114374370803,-0.06291268864257356,0.04597321757649853,-0.035899778781840884,0.014367425175416771,-0.009138069271132901,0.9599786342647558,0.003853992552614387,-0.0007638791691612361,0.003846052185384829
0.17646903500295352,-0.13702579842745405,0.34305444815626224,-0.009888874730328418,0.09138830848442236,-0.0689253503102099,0.01375523909107684,-0.0156527513120972,0.9593309730953261,0.004197047000770649,-0.0005874101341582826,0.0037090263869573752
0.21011258245971717,-0.23834214013835087,0.3736992329721971,-0.0954809403409583,0.1025481316728327,-0.08159803659850307,0.00394095034340617,-0.015312716769849952,0.9662495821120938,0.004570746233742847,-0.00037729755169856543,0.0034706842468190248
0.3118136910620914,-0.05681343602274845,0.29244705026535767,-0.04409066226581765,0.07757792932200615,0.025146825614207842,0.011800095059072965,-0.0073722347182544005,0.9530740131286406,0.004863193284008204,-6.548386063647399e-05,0.0034138708107962754
0.25244170308070146,-0.1589996236507852,0.1539110663101249,-0.01240161756924876,0.15186135764644776,-0.05018248800117704,0.003384363664739147,-0.016770100889305667,0.9648034512648643,0.005017104350318329,0.0001869578424442275,0.0032548711871454904
0.2802850452301722,-0.22645959632935092,0.024063692776968737,-0.06328796968174387,0.06140750418703756,-0.09537751547377936,0.013575566974101496,-0.007962806709449214,0.9614321856680426,0.0050411680430952985,0.00046724288767439973,0.0030284115908161395
0.2457723671830316,-0.2744452131661104,0.11682340323484064,-0.008784776024741278,0.13738220897688597,-0.06763263568718375,0.01369125405983729,-0.013695176613990041,0.9662635567193614,0.0051579914463301384,0.0007130152548574314,0.002753966377650029
0.31816137470803163,-0.25726889625195404,0.04900495666517821,-0.10511636707657547,0.1515012314410233,0.015020715105608753,0.012774661858538157,-0.0235351174843358,0.9631291586132356,0.005206996402995316,0.0010311766295654629,0.0024966974813980746
0.4002593888496154,-0.2939233619036173,0.0007236873174374034,0.0029482427213382446,0.09245511145873239,-0.056289337725027595,0.015562905180038701,-0.02203150343155448,0.962031838122941,0.005207720090312754,0.0014314360184150786,0.002202774119494457
0.1576032738599652,-0.19980873482077247,-0.12158313596719124,-0.030533536002604722,0.15399864463968327,-0.1108126750917816,0.0031951954142143413,-0.015240049413613083,0.9594782458846757,0.005086136954345562,0.001589039292275044,0.0020029653846736846
0.2628847009913127,-0.025446532682380896,-0.1828299402333916,-0.0467449207682529,0.19388927006540607,0.00941273030403871,0.010726936516227324,-0.024833655818996603,0.9593497374178924,0.0049033070141121715,0.0018519239932663564,0.0019775188519913036
0.3256921389488987,-0.2826227310147056,-0.25266825267096077,0.016679901672880252,0.1575240743633446,-0.03597020467111469,0.009473610561366707,-0.013221406016803132,0.9681844737675238,0.00465063876144121,0.0021776161322152555,0.001694896120976598
0.2156838112596076,-0.3377929025614213,-0.10788024180773945,-0.049512292722228506,0.17829141122057277,-0.025548989029846182,0.010392593162908446,-0.01599584124548929,0.9526197226006413,0.004542758519633471,0.002393299943474863,0.0013571032184151767
0.11153129793785535,-0.3135583943784017,-0.36052011821625984,-8.265231092727601e-05,0.1797315596257633,-0.05114160525169684,0.008723197899663606,-0.01743335173435571,0.9557890273439504,0.004182238401417211,0.0025048312414127187,0.001043544824036775
0.35276015849883935,-0.20711212404740584,-0.35564038946824306,-0.00832012771388296,0.12989139014120016,-0.046343095138286265,0.01004411513093801,-0.028671015645681107,0.9646252616534161,0.0038265980119489675,0.0028575913999115583,0.0008364326999893692
0.22935685252994262,-0.2924012303122337,-0.28892091866997194,0.008432979017049935,0.21093137593132522,-0.017494433433048052,0.006491212349024743,-0.0182087612006809,0.9629964358878706,0.003537677093278996,0.003086948252441501,0.0005440314696771356
0.28570758308585315,-0.3139143595485005,-0.22700929281270807,0.026892573551430786,0.158461665676996,-0.013428005787652174,0.012656142446505671,-0.021645571669621264,0.9700908624727722,0.0033106678004662876,0.003372655835527354,0.00023011711012863509
0.3257723470339832,-0.2685243549413592,-0.3619061399149681,-0.04679482729919124,0.17607654496040975,-0.03094508571927644,0.014477007647970904,-0.019112062556331882,0.9570680268084667,0.0029487616605513196,0.0036984281825613373,-3.8407244812724116e-05
0.030408719939083922,-0.16616471257296667,-0.6052256618715981,0.034959621997957095,0.13033075724878393,-0.03722556378575301,0.017367044138449462,-0.022597748442627397,0.9604446964288285,0.0023435359986797213,0.003728836902500421,-0.0002045719573856908
0.15829873427159566,-0.34132318557372543,-0.5100357885127352,0.09370745014600804,0.13035012483960448,0.013910124739408525,0.012037067406786846,-0.027201757698278047,0.9663485473165684,0.001833500210166986,0.003887135636772017,-0.0005458951429594162
0.1529799612314176,-0.17188443111240145,-0.42688151180061423,0.01752508439968911,0.15553471375090946,0.017461844194649523,0.017212225231868848,-0.021662914735255143,0.962408189794271,0.0014066186983663718,0.0040401155980034345,-0.0007177795740718177
0.15135376160486913,-0.11918769456383702,-0.3209047163515622,0.08858830885022619,0.15166695959391524,-0.027738403043280888,0.01249968976087198,-0.024123492013511084,0.9664340820311441,0.0010857139820148098,0.004191469359608304,-0.0008369672686356548
0.13056368003394725,-0.17996651589239523,-0.21006422942474565,0.09633855595114194,0.15701103627010782,0.015301358025638295,0.019617025271430867,-0.030479856601915274,0.9568800707566122,0.000875649752590064,0.004322033039642251,-0.00101693378452805
0.22065553224801726,-0.15730851155454392,-0.415874741173469,0.038889541049514635,0.1667172404276027,0.006610177858360999,0.015452397673061728,-0.012172976505807126,0.9629959685605428,0.000459775011416595,0.004542688571890267,-0.001174242296082594
-0.006988365446692235,-0.18390856027622596,-0.4852834468527172,0.0049182825438963025,0.12563378059954997,-0.03980848013732258,0.011784307342372236,-0.024663771879111628,0.9524875797651768,-2.550843543612225e-05,0.004535700206443576,-0.0013581508563588198
0.10396328873254446,-0.12311389900578691,-0.36349179528378617,0.08625281188442827,0.14107546837482987,-0.0467640679390804,0.019404827368932905,-0.025573717002740505,0.9671515355640228,-0.0003890002307199084,0.00463966349517612,-0.001481264755364607
-0.13396572093312964,0.016984377773191568,-0.27878143562777075,0.07365495129697566,0.16550562386693646,0.022771883317038506,0.01065507639472502,-0.025643391756416025,0.9616642224327684,-0.0006677816663476793,0.00450569777424299,-0.0014642803775914155
-0.02191650238495215,-0.06361274446602126,-0.3311867994772344,0.10246671882720851,0.08595979398012077,-0.011265852440852793,0.01626639972252181,-0.021302283641832453,0.9632213258455767,-0.0009989684658249136,0.004483781271858038,-0.0015278931220574366
0.12890797752388702,-0.06115446855143288,-0.08556441247404455,0.060283428391175356,0.09020604386294867,0.08752355291268778,0.010115062162869618,-0.021628809968809483,0.9578839054989217,-0.0010845328782989581,0.0046126892493819245,-0.0015890475906088697
0.014793490645807577,0.06395491077471703,-0.18682264711375712,0.09403846493907711,0.06336329823922185,0.040535441618772115,0.019489151018129727,-0.02744767743428471,0.9621112676995197,-0.0012713555254127151,0.004627482740027732,-0.0015250926798341525
-0.12467448390136893,0.02525491531202232,-0.08157082455995648,0.06761564611060612,0.0362699171943457,0.06448072057244941,0.022816506270302392,-0.02985980874400926,0.9668119321357094,-0.0013529263499726717,0.004502808256126363,-0.0014998377645221302
-0.13643119552099897,0.1082201238910702,-0.056379207219310654,0.11096988201733415,0.07314552869612491,0.147611426251002,0.005086382184874139,-0.016597007682454187,0.9551011913240847,-0.0014093055571919822,0.004366377060605364,-0.0013916176406310599
-0.029066895059085645,0.09478028398783499,0.08641218767818011,0.08763288504663913,0.0510928795930901,0.04580082392711043,0.013752761932288474,-0.030119840634215675,0.9686586689852256,-0.0013228933695138023,0.004337310165546278,-0.001296837356643225
0.047652154245012346,0.16304858544447773,0.09084480368508473,0.0627249532397669,0.0424355083592268,0.05499382976804457,0.024869198116316098,-0.024789012354371375,0.9625432705923489,-0.0012320485658287176,0.00438496231979129,-0.0011337887711987474
-0.1745327321634536,0.22472258326894712,0.05698357247243263,0.12497325684903315,0.0040796703961098225,0.11676133822171862,0.010378779469524325,-0.01961604832645141,0.956895533660385,-0.001175064993356285,0.004210429587627837,-0.0009090661879298002
0.02425545063764399,0.21459279329142447,0.18179278401758062,0.06388440259576725,-0.030363714241559463,0.07582628393511058,0.013128912819335758,-0.028919142149969535,0.9574290262039509,-0.0009932722093387043,0.00423468503826548,-0.0006944733946383758
-0.07804295840932221,0.35953834621081315,0.24380779153575122,0.11284720195712612,-0.023933599897556307,0.1086430687905192,0.015449038938023203,-0.02243330167909131,0.9631465568266958,-0.0007494644178029531,0.004156642079856158,-0.00033493504842756265
-0.2593031859476108,0.36061625692787674,0.29375924270777526,0.10093428123523282,-0.019809056413021615,0.07135850235540549,0.01265372034716623,-0.026823037285896294,0.9577919628795515,-0.00045570517509517777,0.0038973388939085476,2.5681208500314135e-05
-0.11648311166538683,0.17548731414177776,0.343272486986491,0.08530393012996593,0.03308841568962623,0.09433321545305036,0.023035985104943,-0.02678074858178169,0.9651306269235356,-0.0001124326881086868,0.0037808557822431605,0.0002011685226420919
-0.1044937306017402,0.24502411446406333,0.30094107461404274,0.10569420129368992,0.07124056258264015,0.11161862585933914,0.021600379028052754,-0.024964395539599494,0.9618368006831802,0.00018850838650535595,0.00367636205164142,0.0004461926371061552
-0.16134548692036824,0.22479855612381727,0.22267602280175736,0.0298095783409311,-0.039924627769713145,0.10718892065344628,0.007697004952966546,-0.01790532951615807,0.9683731653957728,0.00041118440930711336,0.003515016564721052,0.0006709911932299725
-0.07193315239852954,0.45940054985544326,0.3454608419264207,0.07674687676413318,-0.07085766900432205,0.04453285222587474,0.013722507535656422,-0.03322566465177392,0.9631525850289424,0.000756645251233534,0.0034430834123225225,0.0011303917430854158
-0.085662506006177,0.28484679811281666,0.4446390055676235,0.0468184281550028,-0.05396205703836793,-0.007206970409841489,0.024058065715905318,-0.020689033390528327,0.9658516612004167,0.0012012842568011575,0.0033574209063163456,0.0014152385411982326
-0.1387653809849442,0.26494770602163475,0.42727894865227734,0.013614308413779051,-0.06175207563276838,0.0273681297255865,0.011962055453947287,-0.015529914825969228,0.9614503708370958,0.001628563205453435,0.0032186555253314016,0.0016801862472198674
-0.21476786358079278,0.4132516139897963,0.4102480085720444,0.09941677008665363,-0.11166929175787428,0.030413942702659263,0.016567895532610497,-0.02291720296514554,0.9537916827116939,0.0020388112140254794,0.0030038876617506085,0.0020934378612096636
-0.10331837172584152,0.2651418045834275,0.4495602657411259,0.009647681308066062,-0.08159685094724009,0.07127440853509391,0.009301902646574739,-0.024081765329052887,0.960243182873545,0.002488371479766606,0.0029005692900247668,0.0023585796657930908
-0.1747671821247167,0.5041944576159016,0.349441807397082,0.07577801996339402,-0.0722478768401784,0.04929206785134787,0.019655368903336145,-0.020872583326407134,0.9532180870272935,0.002837813287163688,0.0027258021079000503,0.0028627741234089924
-0.1295674907305985,0.3362808888377202,0.33753512888755194,0.10599304241617816,-0.08340224999778532,0.053254680299859844,0.017893585911262905,-0.0264180320470555,0.9607481025297179,0.00317534841605124,0.0025962346171694516,0.003199055012246713
-0.06962231314783442,0.32359729782112867,0.3480434977900997,0.1797155732729449,-0.10637548003625112,0.04796589129631699,0.01203051153305699,-0.0419781420516208,0.9629289373698403,0.0035233919138413397,0.002526612304021617,0.0035226523100678414
-0.1400575690591058,0.06313703134604848,0.17216701688335245,-0.06276530626256457,-0.12263099425685618,0.0237958835871415,0.019817307859482,-0.015459890449775077,0.9573132576972997,0.003695558930724692,0.0023865547349625114,0.00358578934141389
-0.10954683589100309,0.12728611514487914,0.2718442777837031,0.002153161546297853,-0.09561283326792129,-0.00012667956423679204,0.01082893981137574,-0.03233542590292907,0.9566460777137034,0.003967403208508395,0.0022770078990715084,0.0037130754565587692
-0.04916786232643343,0.30173850635177024,0.2732444542565306,-0.04797305356341061,-0.07191567946467622,-0.02434910494826925,0.021715566432470097,-0.024579649948382135,0.967131151017616,0.004240647662764926,0.002227840036745075,0.004014813962910539
-0.04701789260293,0.15082758474925081,0.22514933308853224,0.017359273315707087,-0.11623769429496364,-0.045152249091345235,0.02174375586159395,-0.027937612136128116,0.9523202638991782,0.004465796995853458,0.0021808221441421446,0.004165641547659789
-0.15313138227244633,0.14302206567679482,-0.0012866168348200924,-0.034865477237597614,-0.05589071676118373,-0.02418189237928485,0.019766278034686946,-0.02752808859840059,0.9682378482183799,0.004464510379018637,0.0020276907618696984,0.0043086636133365845
-0.2036694633014765,0.1331364269180537,0.0785736582494036,0.015383693298785516,-0.07901806507537111,-0.0583829808543696,0.017270443925676376,-0.0283384062027012,0.9642967757508172,0.004543084037268041,0.001824021298568222,0.004441800040254638
-0.16742585883221384,0.09260500303976735,0.09862445993687136,-0.038995146918443774,-0.07220016793098703,-0.06321699555536793,0.012326466251103178,-0.020798563741132606,0.9526617009076346,0.004641708497204913,0.001656595439736008,0.004534405043294405
-0.022142611985989727,0.08692883956190238,0.003647838531939708,-0.05638993469247526,-0.08069935436177615,-0.04378052168525931,0.011030611091034903,-0.02584141074858665,0.947997299860412,0.004645356335736853,0.001634452827750018,0.004621333882856307
-0.046445722045406854,0.06372889077993754,-0.1480958559319734,-0.06030021926047358,-0.11673692859610649,-0.05943270506688731,0.02071824677086132,-0.026654791862514206,0.9555699840392918,0.004497260479804879,0.0015880071057046115,0.004685062773636245
0.011192962988988822,-0.04470670208401871,-0.06051725690320384,-0.13593007081201158,-0.146397009378395,-0.1124929149749614,0.005925820346508527,-0.028504776458550964,0.9573441243978881,0.004436743222901675,0.0015992000686936001,0.004640356071552225
-0.05062991036960889,-0.13283536689524292,-0.30495759045739823,-0.11560468462785534,-0.10168148928948818,-0.14041726359961482,0.01194112573671147,-0.028749576075689568,0.9604656390955028,0.004131785632444277,0.0015485701583239913,0.004507520704656982
-0.03795241040492177,-0.06320843108247534,-0.2260383470491141,-0.07003617535822157,-0.06065850072166952,-0.10750389418217307,0.018448813966574624,-0.022778935540883387,0.959100702850797,0.003905747285395163,0.0015106177479190695,0.004444312273574507
-0.10296549047039304,-0.16609622057765944,-0.38991789068701804,-0.08273701134828859,-0.08663259350104952,-0.054067352554366614,0.013706850841053391,-0.029073226839389524,0.9643619245001157,0.003515829394708145,0.0014076522574486766,0.004278216052996847
-0.1670279469033341,-0.18974598104740026,-0.5125434165283437,-0.13420541764574767,-0.09109508080364416,-0.09068569110188085,0.024997241574744984,-0.03205642091689145,0.9567330043463276,0.003003285978179801,0.0012406243105453423,0.004088470071949448
-0.2227305210031208,-0.17947072179637355,-0.43189763400017966,-0.09671157562273412,-0.03981549808387402,-0.07163485195571204,0.012401070981227705,-0.029653889125596255,0.9608218798188838,0.0025713883441796214,0.0010178937895422215,0.003908999350153074
-0.06794068749471051,-0.17469045344170547,-0.4253649009099149,-0.17057768040802532,-0.0007734792632295481,-0.09224087762583667,0.012986319661933216,-0.030378639746644114,0.9594296173306357,0.002146023443269707,0.000949953102047511,0.0037343088967113688
-0.08538670161431115,-0.230222409657851,-0.587238205051648,-0.08714898302653147,-0.01059001397876199,-0.0909052082136453,0.014013344940067708,-0.033064939482804395,0.9610387707371093,0.0015587852382180588,0.0008645664004331999,0.0035040864870535173
-0.06084687225085861,-0.1945123666824006,-0.49899106018969885,-0.07248666778213786,0.013057912334908665,-0.09222607778895205,0.011327128183662752,-0.019775598488243517,0.9635974463059804,0.0010597941780283598,0.0008037195281823412,0.0033095741203711167
0.21468698788942142,-0.35456360887991967,-0.5097041345897598,-0.07952124814759676,-0.057152357981656854,-0.14468618199857844,0.02284791574876309,-0.03077329682108797,0.9616823899194797,0.0005500900434385999,0.0010184065160717627,0.0029550105114911976
-0.03506064250597404,-0.43857622281501274,-0.7484542794670485,-0.0693552981303808,-0.05042408699347969,-0.1392768732639611,0.00830323043659217,-0.029892316057175728,0.9650750744830235,-0.00019836423602844855,0.0009833458735657888,0.002516434288676185
-0.08842556367547276,-0.3673547242788229,-0.6696167304397872,-0.1411675497060034,-0.03872984122703761,-0.06336198747511672,0.017460850406894154,-0.03288294522583496,0.9647339397219737,-0.0008679809664682358,0.000894920309890316,0.0021490795643973617
-0.0031816848171767956,-0.4485508003474159,-0.6452685657208129,-0.04033790723008903,-0.03133392047045753,-0.08054623202723062,0.025217368769426804,-0.030591952067750536,0.9542410992351188,-0.0015132495321890488,0.0008917386250731392,0.0017005287640499457
0.13527317160847602,-0.502541829437451,-0.667508737097642,-0.10708322156632422,-0.019582960734964412,-0.11664571789428778,0.020874735748089818,-0.02502660900759092,0.9637718696986106,-0.002180758269286691,0.0010270117966816152,0.0011979869346124949
0.1710805072161345,-0.41947008075896475,-0.7202266214724179,-0.05791184916408378,0.03250294709066433,-0.09793405178826514,0.01837434811252839,-0.02781228950441867,0.958232543027759,-0.0029009848907591085,0.0011980923038977498,0.00077851685385353
-0.06273787332258919,-0.6028766992325222,-0.6673269852457567,-0.1603783275772092,0.044674842371420505,-0.0727340298292651,0.014048280037658692,-0.030235987522434907,0.9638078668575664,-0.0035683118760048652,0.0011353544305751607,0.0001756401546210078
0.025291540726835496,-0.49112491106911677,-0.6274236083131234,-0.06250989122194318,-0.004957904471975152,-0.08140483422938695,0.01593384716771586,-0.03178235029291525,0.9637965457865916,-0.004195735484317988,0.0011606459713019962,-0.000315484756448109
0.032938558770624,-0.5436080453788344,-0.7581845567086503,-0.048826274237633846,0.06359087510857875,0.018025408087473695,0.020628536510309194,-0.026937726739687744,0.9575995153372237,-0.004953920041026638,0.00119358453007262,-0.0008590928018269435
0.18734176319302703,-0.5718354868051712,-0.5778575497045406,-0.06375992772574483,0.03282429602092718,-0.05463747065607364,0.027285043014898834,-0.03404990748045102,0.9623732038820753,-0.005531777590731179,0.0013809262932656472,-0.0014309282886321147
0.03840337511676874,-0.4843634875170295,-0.5349381333693735,-0.11471979374836423,0.08477719146027786,-0.04616585012921359,0.01601764246042734,-0.03246186897785881,0.9614046728405766,-0.006066715724100552,0.0014193296683824158,-0.0019152917761491443
0.05033152042093511,-0.5334759381889064,-0.580547051026559,-0.032884223883895135,0.049852228243758664,-0.03184778999706389,0.008314101804992959,-0.03062331927641399,0.9651532127293491,-0.006647262775127111,0.001469661188803351,-0.0024487677143380506
0.09045070386466919,-0.524557024017329,-0.6269912168114042,-0.10572608284448387,0.1060022435589761,-0.01598126530250591,0.02384524256656341,-0.028928235284400864,0.9639973601421078,-0.007274253991938515,0.00156011189266802,-0.0029733247383553797
0.1695792844539566,-0.5477447711270572,-0.33033953065917654,-0.10812972102562977,0.04587011824657077,-0.04653749469911847,0.01839069426960757,-0.02210216328784937,0.9652267868343527,-0.0076045935225976915,0.0017296911771219768,-0.0035210695094824366
0.023024358164992542,-0.5197817968690512,-0.5020266571640712,-0.02070883738042025,0.11139057884757111,-0.023899776601890438,0.018716449435777542,-0.035221155719673235,0.9636880954686169,-0.008106620179761763,0.0017527155352869692,-0.004040851306351488
0.0430878079538881,-0.45210507704694014,-0.2823320137538139,-0.002653658700098434,0.07465670449078998,0.01958434743842982,0.01519461602987152,-0.032914285824084365,0.9524906662673117,-0.008388952193515577,0.0017958033432408573,-0.004492956383398429
0.16969588773512106,-0.36273531863513886,-0.20018649024888463,0.08414598519537721,0.09827097484036093,0.0409394206276124,0.01368179734765946,-0.02514936986245821,0.9655019612694915,-0.008589138683764463,0.0019654992309759783,-0.004855691702033567
0.04942873831205524,-0.3313328713424814,-0.3355011213742237,0.03173769413531796,0.06624200275732735,0.03269130342818117,0.009631587838185032,-0.028218862193031404,0.9632092410172628,-0.008924639805138686,0.0020149279692880336,-0.005187024573376048
0.39682983203679495,-0.505773383626059,-0.15092290087130633,0.04262736429544867,0.0975403212467283,-0.032081929614083536,0.02014232848296637,-0.030907046604252645,0.9738708135747963,-0.009075562706009992,0.0024117578013248286,-0.005692797957002107
0.07185715117477996,-0.42523288233866585,-0.16883303001353728,0.01198106040753931,0.11510621126192495,0.06307513005105797,0.022457877806028124,-0.03008532843567401,0.965446750903379,-0.00924439573602353,0.0024836149524996086,-0.006118030839340772
0.19712251018636723,-0.28227790480963877,0.054085161844037,0.05651258023857531,0.0668526219756728,0.07331412928029889,0.021026500958063098,-0.030686318835601915,0.9666898056602311,-0.009190310574179492,0.0026807374626859753,-0.006400308744150412
0.21160906663674173,-0.2802383367128938,0.013125417367689973,0.020164092156226346,0.059804086814766205,0.057352244786394675,0.01532972865021753,-0.02946643675300294,0.9667109538171343,-0.009177185156811802,0.0028923465293227172,-0.006680547080863304
0.13191492475706154,-0.1335270491328454,0.02412069709425288,0.09637349363319207,0.1251815028381821,0.052962250806190374,0.02969901829292719,-0.030651893040899204,0.9629047020182911,-0.00915306445971755,0.003024261454079779,-0.006814074129996149
0.07970372025789671,-0.12590319530881494,0.17504919246560566,0.12028440954906866,0.06635795860698734,0.12229679497259037,0.02589198979538299,-0.028732318597494845,0.9584038793686529,-0.008978015267251945,0.0031039651743376756,-0.0069399773253049635
0.21634090891553848,-0.23177768378213692,0.22585340283065142,0.10007089213609355,0.0850266327344282,0.07929872877847909,0.022390109185228168,-0.02447962042437098,0.9634187241341099,-0.008752161864421293,0.003320306083253214,-0.007171755009087101
0.19168400659235355,-0.3493670300858221,0.2006285622575425,0.06791605123058019,0.08829901339229013,0.1404972099695093,0.0172573238367386,-0.02307135154726005,0.9644095896025482,-0.00855153330216375,0.003511990089845568,-0.0075211220391729235
0.14803726301973424,-0.04054279756747179,0.492387202593206,0.10362431655185828,0.05695223021837975,0.07098395641794157,0.023549308337908994,-0.037784213149527776,0.9603996869860977,-0.008059146099570546,0.0036600273528653022,-0.007561664836740395
0.09900871598096996,-0.01687579056828386,0.37322553036215694,0.15146215789988385,0.1384232018743533,0.1065936751716515,0.0181133686273919,-0.023254864279136693,0.9512371706703392,-0.007685920569208389,0.0037590360688462723,-0.007578540627308678
0.17195387615923166,0.009998184563079961,0.41036213003015143,0.11212943299466968,0.04841730810838648,0.18085694670840358,0.02569739035473915,-0.026180149996156175,0.9577357549226297,-0.007275558439178239,0.003930989945005504,-0.007568542442745599
0.10110997511753127,-0.00021242706650348442,0.5549740996231484,0.11184101808987086,0.05493076546317188,0.21513972479962076,0.019049028251953728,-0.03433349492398884,0.9613303983187561,-0.006720584339555091,0.004032099920123036,-0.007568754869812101
0.1891412300631915,0.1464500688434827,0.6760769843392069,0.09905083831999643,0.003565657235439666,0.11011169279787979,0.015263774914558458,-0.028391929144833808,0.9735234713140971,-0.006044507355215883,0.004221241150186228,-0.00742230480096862
0.2101456279588359,0.2118456734027311,0.5568888674708237,0.17067496071824312,0.07795408488703219,0.12058301803189996,0.024947975486742886,-0.02336631732252748,0.960127665971163,-0.005487618487745059,0.004431386778145063,-0.007210459127565888
0.17233318382054302,0.22680357707167895,0.6878543205081455,0.16432357212765802,-0.03095294326273421,0.15877855564030152,0.025961612291737345,-0.03627767116426638,0.975362095886332,-0.004799764167236914,0.004603719961965606,-0.00698365555049421
0.03527355813248221,0.20310594811407956,0.6182458806630062,0.15634973159916038,-0.0017293083196481488,0.09621737038319252,0.02049375135287261,-0.034347337900091035,0.9628118077313883,-0.004181518286573907,0.004638993520098089,-0.0067805496023801305
0.17170832675444586,0.26591675310332785,0.6475425586350638,0.16390348670277022,-0.03170612528851579,0.10114643887730478,0.020737417102553012,-0.02913460270001663,0.9612781174152077,-0.0035339757279388437,0.004810701846852534,-0.006514632849276801
0.08807434555526465,0.22780583242089605,0.6649058607232641,0.10160898020435595,-0.021345651920623456,0.09231618470876468,0.024290052004474004,-0.030193858872014416,0.9608825562454667,-0.002869069867215579,0.0048987761924077985,-0.0062868270168559065
-0.05170182749412096,0.26274539733690144,0.6327685699924803,0.1415206060751246,-0.036172134631941806,0.17002190001816225,0.010936432746922313,-0.03221855146141552,0.9662682545105942,-0.002236301297223099,0.004847074364913679,-0.006024081619519004
-0.08267243455799003,0.47446291477033153,0.586177026483497,0.11289896075247627,-0.04883714052536098,0.10588113548816769,0.022125420981172407,-0.032851443028619504,0.9594823779427026,-0.0016501242707396017,0.004764401930355688,-0.005549618704748673
0.007353742950300821,0.43389873491918673,0.7248507157446865,0.09880336569465313,-0.002172995747004064,0.09849443580604074,0.01993707852590345,-0.03387421013557747,0.9624625698566361,-0.0009252735549949153,0.004771755673305989,-0.005115719969829485
0.03326324193844689,0.4360358866611724,0.6623093893324037,0.13510451646845015,-0.0338688118383891,0.10513114129255292,0.016229330799779337,-0.02824599088347644,0.9571422432055591,-0.00026296416566251157,0.004805018915244436,-0.004679684083168313
-0.1658066933765362,0.42574579277443525,0.6253585945526523,0.14853971387127304,-0.12583391681711806,0.08078125155490001,0.021747694948214175,-0.033429462228241856,0.9564443970564955,0.00036239442889014073,0.004639212221867898,-0.004253938290393878
0.12481470923217805,0.5289013907112826,0.5936587198943326,0.14027760177340454,-0.02828408067660412,0.08415222911536521,0.030278480477162344,-0.0352239076822853,0.9661718306745007,0.0009560531487844735,0.004764026931100077,-0.003725036899682595
-0.17332482636733448,0.6287602852546015,0.38956120879973627,0.10715942767249104,-0.05976686716995912,0.09218390057300786,0.013562318620325538,-0.030077598548093477,0.9538379768849649,0.0013456143575842098,0.004590702104732742,-0.0030962766144279935
-0.11296859800345299,0.4564029813358758,0.42204633012642045,0.1293484701856843,-0.1326649270083391,0.002849290470173028,0.02150193724247635,-0.03523831701614012,0.9598108437322661,0.0017676606877106303,0.004477733506729289,-0.002639873633092118
-0.14151487489681613,0.5305805686633981,0.3958257171717159,0.08245948150194145,-0.11093269979224232,0.03690757138827123,0.01758264859698912,-0.02781898487022714,0.9651148785937816,0.0021634864048823465,0.004336218631832473,-0.0021092930644287192
-0.15898196647618626,0.4013292734964894,0.40174156640218367,0.10461347458664606,-0.05637229416690669,0.06729472938336237,0.015373071997253504,-0.028175480353774224,0.9602904797158216,0.00256522797128453,0.0041772366653562865,-0.0017079637909322301
-0.11185129934993537,0.54061754006379,0.40482057304274277,0.056714201710118484,-0.093683050907204,0.030954412820776926,0.01690912352144677,-0.024286722255331586,0.9606493324881606,0.0029700485443272724,0.004065385366006351,-0.0011673462508684398
-0.17485959405122467,0.5428278137737251,0.2455265806583907,0.014328227297808492,-0.06043660261542963,0.0390083887191038,0.02309260251852232,-0.03231517686831337,0.9697158641415767,0.0032155751249856633,0.003890525771955126,-0.0006245184370947147
-0.0971201811356094,0.43690157473819363,0.1866640428627072,0.09492382230431269,-0.09407715690254866,-0.015634501295719735,0.019048865594254106,-0.031103811420270817,0.9675555348463966,0.0034022391678483702,0.0037934055908195167,-0.00018761686235652103
-0.2192848109591076,0.48021067848398213,0.14211819899792943,0.07300518349116829,-0.242527183655897,-0.022958242824548163,0.02329869895137346,-0.03232071504773033,0.9695026602507955,0.0035443573668463,0.003574120779860409,0.00029259381612746114
-0.1523755714709333,0.47169700457301833,0.19869388527680876,0.02302833664412906,-0.11750271004729844,-0.015316472643489952,0.017353779032614543,-0.030998352927712552,0.9588997722664231,0.0037430512521231087,0.0034217452083894757,0.0007642908207004795
-0.20698970261508284,0.5458803130591824,0.1259877370569168,0.019947322365497358,-0.1680252924014655,-0.00518264855569945,0.02425783793812285,-0.03672669047393091,0.9667375746244545,0.003869038989180025,0.003214755505774393,0.001310171133759662
-0.20770511729837376,0.45923189339067866,0.05952447776043816,-0.06652445220945374,-0.18456283574388643,-0.016910951123908773,0.012977925005626154,-0.03499258982619499,0.9630674781049396,0.003928563466940463,0.0030070503884760194,0.0017694030271503407
-0.17161033504107817,0.4722845844695873,-0.061402705784637114,0.02838340779636552,-0.22382063083679546,-0.0415659684335077,0.02426954617794833,-0.028463514728200353,0.9545309272993904,0.003867160761155826,0.0028354400534349408,0.002241687611619928
-0.27675367390313255,0.4039498119711986,-0.014680850533123097,0.0228178244257303,-0.19155729017680745,0.003387803450164215,0.011491233281778016,-0.028335713789353793,0.9595220287074566,0.003852479910622703,0.002558686379531808,0.0026456374235911267
-0.2718288120573162,0.3063002658309285,-0.4198343082226675,0.015476206910600955,-0.10291136690728636,-0.04934203828561242,0.021614878162635305,-0.039607438750942796,0.9746781666975625,0.003432645602400035,0.002286857567474492,0.0029519376894220554
-0.14620510070661297,0.13386498741390349,-0.34872410773401374,0.015554274695145455,-0.12676712863375575,-0.06316029660763568,0.018463072265966843,-0.033630227573813565,0.9601822827182497,0.0030839214946660216,0.002140652466767879,0.0030858026768359587
-0.2578576461918343,0.3720579039072069,-0.351007232100377,0.014804784678264496,-0.21822307358854248,-0.08069243148664447,0.011379160504419734,-0.02979868845241731,0.9688400329069309,0.002732914262565644,0.0018827948205760445,0.0034578605807431655
-0.2766746150034212,0.23166924444480777,-0.28173222888691707,-0.07239203255592865,-0.22667196317818772,-0.039485120769709794,0.02367439520800104,-0.02761088582685118,0.9654569763017455,0.002451182033678727,0.0016061202055726233,0.0036895298251879735
-0.21781423825863244,0.16262076011640883,-0.20433146132606608,-0.04290727534062506,-0.14309042219168272,-0.043045583545573064,0.022211847185156165,-0.030569290540841246,0.9571654740655073,0.002246850572352661,0.0013883059673139911,0.003852150585304382
-0.25851443402727964,0.27684467622659703,-0.29472232186402897,-0.020096610890329415,-0.21395239328184337,-0.009155438711743085,0.01893828947672053,-0.03713452268094531,0.9722411494369151,0.0019521282504886318,0.0011297915332867114,0.004128995261530979
-0.2912981820971896,0.25672303332322977,-0.459081235006984,-0.0955209356196978,-0.18714021845693746,-0.07288810780129795,0.008569415562815432,-0.033236986295791006,0.9659527406616689,0.0014930470154816478,0.0008384933511895219,0.004385718294854209
-0.23952236182814998,0.11934809950398118,-0.4636171449986409,-0.07506728779604535,-0.1849744884737006,-0.05160625444375099,0.022395621651952108,-0.036106730134660696,0.9623393092021587,0.001029429870483007,0.0005989709893613718,0.00450506639435819
-0.15214490399435618,0.10560389749391588,-0.443076319086641,-0.010016495751398055,-0.1295852397957945,-0.003097053587868064,0.020588432099039138,-0.04530755786754408,0.9707117646425705,0.000586353551396366,0.00044682608536701564,0.004610670291852106
-0.2848092377214302,-0.202010915243911,-0.32308763960127196,-0.08817535153915197,-0.15233900200272082,-0.05202598836592702,0.007960852815192295,-0.036363703929570626,0.9562353207854856,0.00026326591179509396,0.00016201684764558544,0.004408659376608195
-0.2591433642793055,0.06767305881505975,-0.3076582943224514,-0.0639272939009086,-0.21680484614253534,-0.06486387866313238,0.022820872587699957,-0.03562896241924548,0.9619714081863101,-4.439238252735745e-05,-9.712651663372008e-05,0.004476332435423254
-0.2068289339985036,-0.16875131267149232,-0.32985311141538015,-0.05202661796696281,-0.15489666905507907,-0.0589415159291631,0.028380116824355737,-0.03592838243932457,0.9687711781421003,-0.0003742454939427376,-0.00030395545063222366,0.0043075811227517614
-0.1803903230278261,-0.1286701426937462,-0.36663214733244653,-0.04950900440664085,-0.11255925986193982,-0.006139110959790891,0.011633466994033495,-0.030441723875034125,0.9671487956407363,-0.0007408776412751841,-0.0004843457736600498,0.004178910980058016
-0.20287098988879174,-0.22408980021968122,-0.32498143502090804,-0.04829890621412106,-0.13985193389667477,-0.013353922953660025,0.015604091522495658,-0.037256929775698534,0.9680684276684209,-0.0010658590762960922,-0.0006872167635488416,0.003954821179838334
-0.20685849176057425,-0.19356673033615807,-0.26551168555868543,-0.10464436474057699,-0.11038007017425087,-0.10242290832578917,0.02171767413452781,-0.034180332090274615,0.9671584423891332,-0.0013313707618547777,-0.0008940752553094158,0.003761254449502176
-0.17965049651962361,-0.11297050746798006,-0.25826596332654483,-0.0932879359647411,-0.07341210276456565,-0.02024611763106174,0.028517424105519953,-0.033195730063838316,0.9645130225052504,-0.0015896367251813225,-0.0010737257518290395,0.003648283942034196
-0.23022377884494266,-0.039914028205022156,-0.35399420727294323,-0.03708258162470733,-0.15108969315177764,-0.04345632852944547,0.020280869534322024,-0.03763311569779022,0.9592308874430397,-0.001943630932454266,-0.0013039495306739822,0.003608369913829174
-0.1579836612790664,-0.34721653115343754,-0.1186751859996301,-0.05595625767270875,-0.10725908485245592,-0.01130839679985113,0.022076259229568084,-0.03602632999032789,0.960340482035894,-0.002062306118453896,-0.0014619331919530486,0.0032611533826757363
-0.18811509384933794,-0.18457778061789337,-0.08852583214266187,-0.05623400245153244,0.021620354975777717,-0.01559802234492603,0.009766725988922429,-0.044603495695804234,0.9675195331848407,-0.0021508319505965583,-0.0016500482858023864,0.0030765756020578426
-0.11034156659276045,-0.25478891849525337,-0.1079163980336705,-0.046701855070834894,-0.05941446181796133,0.0012019116926492122,0.02249266289961408,-0.03869377119293028,0.9596931184971967,-0.0022587483486302285,-0.0017603898523951469,0.00282178668356259
-0.049408287499289674,-0.20625350533562964,0.020827231604581206,-0.11548730432982285,-0.032771589480424745,-0.024206922310572226,0.018239235752119613,-0.037017837511863314,0.9564157770395941,-0.0022379211170256478,-0.0018097981398944368,0.0026155331782269603
-0.18831114822201322,-0.35213772916778024,0.007120417186073825,-0.10237435032366737,-0.025036103111055783,-0.049625044568544704,0.022653785718726338,-0.040836118860298934,0.9702072543344564,-0.0022308006998395737,-0.00199810928811645,0.0022633954490591797
-0.06285046855596559,-0.2399304902946288,0.060744074268885326,-0.035516858253636895,-0.03195903299519194,-0.06867316101787607,0.026171844360740968,-0.043370316784659586,0.9812497185948046,-0.0021700566255706886,-0.0020609597566724155,0.002023464958764551
-0.05774035189060239,-0.35405461761519974,0.2612725984991855,-0.02786671944001884,-0.022875920265681648,-0.03212843239348296,0.02832089910617988,-0.02986463550262488,0.9627434580478367,-0.001908784027071503,-0.002118700108563018,0.0016694103411493513
-0.08479803225587709,-0.19892817502892107,0.15959887238600934,-0.05356541980940521,0.04651980888757948,0.08066473957672107,0.024411804251445908,-0.038775445050257366,0.959293188088422,-0.0017491851546854937,-0.002203498140818895,0.0014704821661204303
-0.02890033426902378,-0.2653807706515968,0.24248437711989,0.03734308857551446,0.06443669316312352,0.08189447973738552,0.018896316115705133,-0.04296805136143102,0.9730698221662074,-0.0015067007775656036,-0.0022323984750879187,0.0012051013954688333
0.036739389729293075,-0.12652458053593263,0.23288591338883455,-0.0119042569841898,0.032516471794722064,0.08541924694088922,0.01588232017610444,-0.03616747559085878,0.9624025430321551,-0.001273814864176769,-0.0021956590853586255,0.0010785768149329008
0.021254266784175132,-0.3633599097074771,0.16584811261884158,0.002077278454594985,0.04984363817805708,-0.015300897593438523,0.01508420091296827,-0.03673524463265846,0.9643008776779713,-0.0011079667515579276,-0.0021744048185744504,0.0007152169052254236
-0.1207539883470365,-0.21715603827926921,0.3260081579727191,-0.03472404916361051,0.06482413845831998,0.0858019408821173,0.017326922939599084,-0.044531268357748836,0.953692189888595,-0.0007819585935852085,-0.002295158806921487,0.0004980608669461543
-0.1672668636874297,-0.3213937597217029,0.3214319422709452,0.016618853344942387,0.010232563507501452,0.08269601101594533,0.02828938784814245,-0.03792879478008356,0.9564326236621751,-0.0004605266513142632,-0.0024624256706089163,0.00017666710722445147
-0.03609747486601024,-0.18611518253994577,0.29452778321380024,-0.023349847176552394,0.1082147346373269,0.021980682603105678,0.015693605550862532,-0.033507223747551995,0.9660754066210047,-0.00016599886810046295,-0.002498523145474927,-9.448075315494326e-06
0.1886188136460562,-0.17275302448834898,0.2843754240044247,-0.006007514583002702,0.07322504040007259,0.11146930067793116,0.015641985868298472,-0.029924709537344597,0.9620740096945488,0.00011837655590396179,-0.0023099043318288706,-0.0001822010998038433
0.17976066252822642,-0.1829681513436037,0.42290198190212885,0.0646942056633762,0.16462775234737642,0.08483066436368826,0.01779675070421535,-0.041737733626571565,0.9596335561186051,0.0005412785378060907,-0.002130143669300644,-0.00036516925114744706
0.11535369220523063,-0.1600533743858307,0.39231684537496936,0.037337466681772846,0.13990637802602937,0.1422596867009574,0.018658627216225226,-0.0418021735465506,0.9671450282482443,0.0009335953831810601,-0.0020147899770954136,-0.0005252226255332777
0.00752276282190989,0.0041539244331193215,0.3502890362198552,0.021974344368926237,0.12160685586151343,0.1257765271471001,0.01578670685744153,-0.03736828651931043,0.9636089129477079,0.0012838844194009154,-0.0020072672142735035,-0.0005210687011001584
0.18631771168430833,-0.08473969989702985,0.5040078162909148,0.051444302186369195,0.1533082345977236,0.03452123654845726,0.022274236009680665,-0.03811756201584028,0.9639461774623602,0.0017878922356918303,-0.0018209495025891956,-0.0006058084009971884
0.06396810412603826,-0.046287097270056504,0.41125133403168845,0.1054449109101662,0.1944347005589714,0.07737819522482957,0.022720730727947433,-0.03830868389457299,0.9697604619174094,0.002199143569723519,-0.0017569813984631571,-0.0006520954982672448
0.04671289132862652,-0.06737282583539954,0.4280668033984767,0.15167687695370882,0.07313707326865389,0.08580290231490516,0.018357934119017816,-0.0384388594063264,0.9643005177460198,0.0026272103731219956,-0.0017102685071345306,-0.0007194683241026444
0.16756557441005304,0.049658050800184844,0.4723091710037339,0.05032868344571653,0.1769865378404145,0.07306061826616346,0.01992643769814562,-0.03150695452366267,0.9603317935650657,0.0030995195441257295,-0.0015427029327244775,-0.0006698102733024595
0.1824577244999995,0.013715914930994399,0.4338289273413506,0.01056535417148229,0.11162988276253256,0.12390950489266087,0.017993452211385694,-0.03745523468895429,0.9696243372491736,0.00353334847146708,-0.001360245208224478,-0.0006560943583714651
0.22181104093072687,0.15008438068681293,0.34613396311676836,0.0849574280965606,0.17680082538218342,0.03385280175734761,0.0250811754147445,-0.031991248657125056,0.965624431360462,0.003879482434583848,-0.0011384341672937514,-0.0005060099776846521
0.20809105510484927,0.0696927935801822,0.3976845081544032,0.060881727552957995,0.21854913794425831,0.07137190709665443,0.01638789917349465,-0.03662964279101716,0.9621551978406482,0.004277166942738251,-0.0009303431121889021,-0.0004363171841044698
0.228916362809107,0.11041982317801942,0.34322998390018045,0.14855260224488873,0.1579607652024281,0.0225787111227286,0.01524112936316235,-0.03391857844420129,0.9692861397107433,0.0046203969266384315,-0.000701426749379795,-0.00032589736092645047
0.18949662144117996,0.14814484045694162,0.15936690825515948,0.07456970427013776,0.19347618957767349,0.06251373107066376,0.03043615291396979,-0.03570641352196825,0.9592684688372897,0.004779763834893591,-0.0005119301279386151,-0.00017775252046950884
0.2354969649678572,0.03648688286614295,-0.05928795076038029,0.11808189438129237,0.17978089248952994,0.047551657737022954,0.013231026966036879,-0.04245546485693618,0.9638695078885882,0.004720475884133211,-0.00027643316297075785,-0.00014126563760336587
0.2772971937680162,0.040038893594820574,0.036485277766019425,0.10431376103548007,0.17152407620088386,0.07535625770410788,0.022210574833248287,-0.040238660200028045,0.9638580482056462,0.004756961161899231,8.64030797258386e-07,-0.00010122674400854528
0.325928392226006,0.26586471266519585,0.0027518628617072584,0.10872640820786944,0.15184303739318575,0.1021656584978233,0.017389535254553508,-0.03187967044366085,0.9743239954930212,0.004759713024760939,0.00032679242302326443,0.00016463796865665058
0.26451439033870155,0.16072544687043558,0.04151777427409356,0.08431229495342504,0.12327397033748969,-0.013452070862045569,0.026643926184849138,-0.037056615389616646,0.9728843140941977,0.004801230799035032,0.000591306813361966,0.00032536341552708616
0.21769450381029193,0.22693565667046248,-0.07950116263758088,0.14666354004681564,0.15660005785987358,0.05130655228927095,0.014679046161498038,-0.04171832302220384,0.9638744008528247,0.00472172963639745,0.0008090013171722579,0.0005522990721975486
0.27577331282531686,0.2585865186851894,-0.21307964904921328,0.048041648812761725,0.15865100896946344,0.04917329745707482,0.021222044759482372,-0.042419461586016234,0.9724047144863404,0.004508649987348237,0.0010847746299975749,0.000810885590882738
0.34241611595713106,0.2823380259624201,-0.2859927252919346,0.06884612110832423,0.16229740934205755,-0.06614496679253103,0.021765401324432013,-0.04627853965414382,0.9653728113966524,0.004222657262056303,0.0014271907459547058,0.001093223616845158
0.334310169005873,0.18542414415630448,-0.2634919196158328,0.11103394769621674,0.11884082357745711,0.002039185743321974,0.02524433564672973,-0.049229394579728275,0.9693133193820457,0.00395916534244047,0.0017615009149605787,0.0012786477610014627
0.1849626061725091,0.19552718181631873,-0.4094985424037238,0.06865959638005008,0.11558662432516706,0.033550970507820695,0.018343496942270287,-0.048151928551001706,0.96329704226402,0.003549666800036746,0.001946463521133088,0.0014741749428177813
0.3343809329692198,0.2809895699682567,-0.27430458761750776,0.029459962918949596,0.12344191816893346,-0.052736461689007176,0.0286255465072927,-0.03416252446525547,0.972837281180257,0.0032753622124192384,0.002280844454102308,0.001755164512786038
0.24304858450393627,0.28584668907884353,-0.4005421950630003,0.02556443524909091,0.13384316021783077,-0.0330234965795306,0.02225380776699064,-0.04170062991444398,0.9746447579811571,0.002874820017356238,0.002523893038606244,0.0020410112018648813
0.20625829237249826,0.36490170572657843,-0.6810607725059861,0.027252781811547482,0.07395048140254104,-0.07838776059845919,0.025299909166739274,-0.0374691219708296,0.9647249530924586,0.0021937592448502525,0.0027301513309787428,0.00240591290759146
0.193226897770096,0.284762595921877,-0.7137123985611317,0.03820751046354356,0.05525784585474615,-0.06386542577368386,0.025500241909041668,-0.034698013230195154,0.9697815472223692,0.0014800468462891204,0.002923378228748839,0.002690675503513337
0.14010874357563746,0.3420436551708222,-0.6078899284543118,0.030041837802968062,0.116442762990287,-0.0362058751624905,0.020138596254758927,-0.05091650976846356,0.9764898374744638,0.0008721569178348085,0.0030634869723244764,0.0030327191586841593
0.27548686193162253,0.24629408989768223,-0.7078627406539993,0.02375072079597616,0.02225363252318278,-0.12690464767129983,0.018249156059239886,-0.03741303508635591,0.9733877123833348,0.0001642941771808092,0.003338973834256099,0.0032790132485818416
0.25984833887818903,0.36746886195591477,-0.793449937129168,0.09934101913304413,0.010845656988177212,-0.054919894651053465,0.01583066245968094,-0.04287286409196054,0.965682510087191,-0.0006291557599483589,0.003598822173134288,0.0036464821105377564
0.16250339651796647,0.3258686245556136,-0.5165168416959021,0.02443585579212846,0.0742236295540091,-0.09067821986166771,0.020846648966586858,-0.034064590656072646,0.9606814605697162,-0.0011456726016442608,0.003761325569652254,0.00397235073509337
0.16052922371938447,0.2363874948896174,-0.7057123933044214,0.04070863464317681,-0.01708845101255877,-0.08729072308102155,0.01605848409498965,-0.03664805268036608,0.9736556402477761,-0.0018513849949486822,0.003921854793371638,0.004208738229982988
0.24708102300706808,0.08043647314431566,-0.6774609972587811,-0.00860410178520524,0.02547421076341612,-0.08836565106159541,0.020787109954810576,-0.04018479653629175,0.9623817809230103,-0.002528845992207464,0.004168935816378706,0.0042891747031273035
0.1129670377446958,0.08743662754452014,-0.6549772417275785,-0.039793619266917796,0.0001819258394406666,-0.06222065080131251,0.024978688930207167,-0.037870959172303105,0.9642037959960852,-0.003183823233935042,0.004281902854123402,0.004376611330671823
0.27975453518525534,0.18524379439947308,-0.5540750369018851,-0.04151109072138871,-0.05056244682075901,-0.03609263813949847,0.017451201591251114,-0.039143232618485915,0.9664810864254676,-0.0037378982708369275,0.004561657389308658,0.004561855125071296
0.20792234716168256,0.1621083728567964,-0.7027548323269643,-0.0038654321271636115,-0.045379258271565824,-0.07709297515017711,0.012000581784780487,-0.04075390866901078,0.9622405067169798,-0.004440653103163892,0.00476957973647034,0.004723963497928092
0.16024041012285387,-0.04355448418809521,-0.5607569087589451,-0.02054138141024959,0.027604076165856698,-0.07137279669174589,0.018706314956112566,-0.03939313333327224,0.9761743994337785,-0.005001410011922836,0.004929820146593194,0.004680409013739997
0.07320894618915799,0.08774450200036571,-0.7084198640865833,-0.05212498776950773,0.003238283204007936,-0.040246206766364916,0.01832980784799817,-0.03852503156612061,0.9661567507421631,-0.005709829876009419,0.005003029092782353,0.0047681535157403625
-0.03988631727076909,0.059234625326153,-0.6242447894358397,-0.04699366107767032,-0.009781224001139496,-0.1142957237778907,0.02107922768860804,-0.03532104235491165,0.9630831228482183,-0.006334074665445258,0.004963142775511584,0.004827388141066515
0.15533381192883014,0.20178474565929527,-0.5080922469096187,-0.06861108657986091,0.021327956997879566,-0.07747087373929391,0.019999373622259044,-0.03886526320150948,0.9738110437928517,-0.006842166912354878,0.005118476587440414,0.00502917288672581
0.13925663150661943,-0.05238197356542859,-0.48883025316735645,-0.07004649587046353,-0.013823836894324893,-0.06715972782747134,0.01972329215211365,-0.04024037718951805,0.9661647428156772,-0.007330997165522234,0.005257733218947034,0.0049767909131603815
0.17374225527576997,-0.03126807422830356,-0.3932975878551616,-0.1057965412247155,-0.020374416038533624,-0.06676224301723646,0.021606997817985252,-0.03863352305446968,0.9634595803120176,-0.007724294753377395,0.005431475474222803,0.004945522838932078
-0.018996022468901613,-0.25450522454382135,-0.21170674673736178,-0.15575600128392741,-0.07193197832740196,-0.05484623911358436,0.021658479152812507,-0.04510250999439481,0.964635409437972,-0.007936001500114758,0.005412479451753902,0.004691017614388257
-0.0986830292581052,-0.19512267214877554,-0.3106957556887914,-0.12509907946236773,-0.09731933404811173,0.04651799622224919,0.02299547124453393,-0.03048874990320536,0.9681595713654226,-0.008246697255803547,0.005313796422495796,0.004495894942239481
0.053875182927078234,-0.26082232462548816,-0.22273290062585752,-0.11639698690776308,-0.11817177589260194,-0.13326840209081398,0.015966710718090145,-0.037618442814067926,0.9721136175792011,-0.008469430156429406,0.005367671605422874,0.004235072617613993
0.1481432964149299,-0.17093845134684724,-0.1867986982993226,-0.16936703891440355,-0.145769960529171,-0.033366961157185605,0.017051120603308163,-0.04213144896656017,0.9780002725702776,-0.008656228854728727,0.005515814901837804,0.0040641341662671455
0.002563659077618737,-0.2537738174931321,-0.14317679441818465,-0.0828919101426409,-0.09624221225518723,-0.07375867396776274,0.016025599076928156,-0.038311199297977466,0.9735675931905876,-0.008799405649146913,0.005518378560915423,0.0038103603487740136
0.008537631370717856,-0.37027334607515866,-0.008927525623271707,-0.13377397717718467,-0.08614872017608045,-0.022614753084696855,0.02200413366895573,-0.039834695383431235,0.9686909569348827,-0.008808333174770184,0.005526916192286142,0.0034400870026988547
-0.09948588954131538,-0.4099888336617275,0.07704853843911742,-0.09584156794634532,-0.11073188085446416,-0.04881883360717067,0.015578772160211682,-0.03497020350553111,0.9735182530493507,-0.008731284636331067,0.005427430302744825,0.003030098169037127
-0.1381213687170768,-0.3198626025687022,0.16147501979669063,-0.08962106020156291,-0.10224770911241864,-0.03603079928951037,0.01793093499610712,-0.045749148872774564,0.9724542229536525,-0.008569809616534377,0.005289308934027748,0.0027102355664684248
-0.03972998006969621,-0.28112441547551187,0.25069478145190704,-0.10977696926979108,-0.09840838621394625,0.04909902665686878,0.030197289320691358,-0.03249893137366346,0.9681439382239243,-0.00831911483508247,0.005249578953958053,0.002429111150992913
-0.15006332180799017,-0.299855132597991,0.36933986633356675,-0.10760362693052593,-0.1339846407489366,0.03762179100780176,0.021755759739099365,-0.03429265505656738,0.9639378576652061,-0.007949774968748904,0.005099515632150062,0.002129256018394922
-0.1985254618612592,-0.49197011064411955,0.31790234095197833,-0.07637727025717723,-0.10619408102002068,0.017947954268944383,0.021102035016528888,-0.03587882941349085,0.966131306282467,-0.007631872627796925,0.004900990170288802,0.0016372859077508025
0.01757981271014418,-0.4583465434586266,0.5986425578518138,-0.12162667745469329,-0.12283580646406972,-0.039280069147011015,0.015386882067590597,-0.04084642092959172,0.968911199280781,-0.007033230069945113,0.004918569982998946,0.0011789393642921758
-0.15835291527093495,-0.39444040816272175,0.5113083529437499,-0.11950410905160787,-0.0961303524219142,0.05923065290289358,0.024362734107525888,-0.04385362277585832,0.9698530392051561,-0.006521921717001363,0.004760217067728011,0.000784498956129454
-0.1490003830966622,-0.5770060811498006,0.6233078110475823,-0.10967511022634444,-0.07891727283832974,0.08046138344242901,0.017624486466629032,-0.028780266746615782,0.9704526520111635,-0.00589861390595378,0.004611216684631349,0.0002074928749796534
-0.30967402130456334,-0.4122039806345493,0.7523725137220881,-0.044299002673032384,-0.06877825830842815,0.021537418026085442,0.024882141132662648,-0.04978412222882482,0.9556179598248922,-0.005146241392231692,0.004301542663326785,-0.0002047111056548959
-0.12695894234295457,-0.563279684624311,0.6118118421472671,-0.09991536789605124,-0.08508772294150536,0.12329322998087132,0.01719675693210912,-0.04108114778595623,0.9688627443487688,-0.004534429550084425,0.00417458372098383,-0.000767990790279207
-0.2176575395453762,-0.5647127548939146,0.6463730771536993,-0.02118597004786,-0.04773724046432447,0.06442445444271179,0.0111220475922704,-0.033864074340977844,0.9739077708901398,-0.0038880564729307254,0.003956926181438454,-0.0013327035451731217
-0.06381388832962066,-0.5697808433815305,0.622651180612196,-0.051819670814272675,-0.08203579395228386,0.07044344039442393,0.016466945345802682,-0.03928350501650075,0.9731323220607248,-0.0032654052923185295,0.003893112293108833,-0.0019024843885546519
-0.1645030928366929,-0.4776494844356716,0.7467654285205936,-0.05433985989968905,-0.07774621561736511,0.089609014281831,0.017511454177200386,-0.039532108403227746,0.9613668901228565,-0.0025186398637979356,0.00372860920027214,-0.0023801338729903237
-0.14329582925568202,-0.4945122554615625,0.7169598196041493,-0.03194231872479883,-0.08639910407856512,0.16743212960469278,0.01645768278827756,-0.03313011826745245,0.9707770885096583,-0.0018016800441937866,0.0035853133710164586,-0.002874646128451886
-0.2925162753998046,-0.42927223529292624,0.7419281167210681,0.006912201002721951,-0.02346587559987392,0.0538031091758643,0.0218434461593907,-0.044042711413141575,0.9704483251384357,-0.0010597519274727185,0.0032927970956166536,-0.0033039183637448124
-0.1385057957412307,-0.43956392292758356,0.6170023891289659,0.02738445527732198,-0.03697434630182018,0.09797850860995465,0.02671481150452745,-0.04960700373934036,0.9678975186478835,-0.00044274953834375243,0.003154291299875423,-0.0037434822866723957
-0.07528260468153883,-0.37485807483732136,0.655443138733657,0.02835143913107972,-0.022057259533060786,0.14676333607305647,0.008527397267182482,-0.03285751395529614,0.968789953476095,0.00021269360038990459,0.0030790086951938845,-0.004118340361509716
-0.056824195021847754,-0.3859593151843662,0.5601546555005874,0.14594263623708892,-0.04347812946112605,0.14312152155478527,0.014351221753996807,-0.041301529990940125,0.9724456396420342,0.000772848255890492,0.0030221845001720364,-0.0045042996766940825
-0.0009518244192043834,-0.4389477846723149,0.512898215881843,-0.04411476918007406,0.02464121877458446,0.08303998655710855,0.020841539720387343,-0.03717995122114141,0.9599721594386639,0.0012857464717723351,0.003021232675752832,-0.004943247461366398
-0.09308858184763072,-0.528346409580553,0.5938419475689352,0.034024776701122625,-0.0022896776484537433,0.09686440858405893,0.01307284981613448,-0.040474405818160565,0.9709852888670321,0.0018795884193412702,0.002928144093905201,-0.00547159387094695
-0.09497129192635359,-0.3554836470460366,0.6108311649738987,0.05259043668917991,-0.014642994490100727,0.1268259650823874,0.023754255692578937,-0.04305869790777597,0.9688537195877435,0.002490419584315169,0.002833172801978848,-0.005827077517992988
-0.049902782172982926,-0.19134226223049364,0.4863662557052898,0.08970184432904035,0.00962097661093472,0.14958201162769486,0.013359178923092102,-0.05161646485484648,0.972040440591104,0.0029767858400204586,0.002783270019805865,-0.006018419780223481
-0.18361335577314106,-0.25455727152208524,0.4709588039100252,0.06200880657815998,0.029830560874485778,0.1885623032185788,0.01975223477428448,-0.043921451339176174,0.9671736171770886,0.003447744643930484,0.002599656664032724,-0.006272977051745567
-0.07587931508024487,-0.08244257422326298,0.4542470409280746,0.09754947582893118,0.082787617160835,0.12835644813662841,0.012404119515863996,-0.03863012880079555,0.9671524706514361,0.003901991684858559,0.002523777348952479,-0.00635541962596883
-0.07953909114108043,-0.143591986058944,0.2180341339256876,0.07315662571662139,0.07603742177541474,0.1493503135233583,0.01930533251736569,-0.043482357150143036,0.9677650140550611,0.004120025818784246,0.0024442382578113986,-0.006499011612027774
-0.011460048670042244,-0.05253958749595923,0.31784850044102153,0.10856952448491232,0.012283046875317657,0.04055730482098583,0.00898797937339211,-0.030688954697404052,0.9640007965918928,0.004437874319225268,0.002432778209141356,-0.006551551199523733
-0.045998545373670825,0.008241206438608442,0.2283386654799221,0.07209959543473325,0.06312957143025935,0.08315177928090506,0.015455178144052733,-0.04175031340238374,0.9669819620120805,0.004666212984705189,0.0023867796637676857,-0.006543309993085124
-0.14399499288700407,-0.04062084288466068,0.1030790249701346,0.0639951025950715,0.07644473966845229,0.09934945761945692,0.01686091246528831,-0.03577966462792438,0.9694217115717264,0.004769292009675324,0.0022427846708806816,-0.006583930835969785
-0.07603148085440858,0.08076820833046822,0.13645237069330135,0.1059279335618584,0.08271590710493014,0.06948897685780232,0.022208938950393,-0.03552188833027882,0.9702870065346744,0.0049057443803686256,0.002166753190026273,-0.006503162627639315
-0.17748695516469853,0.0523725095860388,-0.03950475289549199,0.14120177034547804,0.04556070960146144,0.11751101213047793,0.02232738178716127,-0.04032566708230536,0.961236315057745,0.004866239627473134,0.001989266234861574,-0.006450790118053277
-0.047458713072475,0.12486798989878459,-0.04867931338882674,0.06942878543156852,0.0718039723363252,0.07714166808924053,0.01773764622022713,-0.03451488528898623,0.9617800244311291,0.0048175603140843066,0.0019418075217890994,-0.006325922128154492
-0.07341515884574623,0.2519766709945225,-0.03944040427212285,0.16292705287343837,0.07185061401750845,-0.013051314699002082,0.02226026675064998,-0.04164051546127237,0.9713575765314889,0.004778119909812184,0.0018683923629433533,-0.00607394545715997
0.04223015571697594,0.15424633435825452,-0.11606448163058511,0.10297064587972712,0.07697809344673408,0.02987146420374881,0.014264780227687318,-0.036928512047296594,0.9670353853041223,0.004662055428181599,0.0019106225186603294,-0.0059196991228017155
0.22897238535792042,0.12556634784129203,-0.21417879678565124,0.1570061516726293,0.08106877320412802,0.04880692576335417,0.02309891276832216,-0.042351612549973265,0.9722436229225985,0.004447876631395948,0.0021395949040182495,-0.0057941327749604235
0.06703868600142274,0.23078681548982397,-0.25151701195549503,0.14907073012998437,0.07825628988388851,-0.005107432753720548,0.02235759800574608,-0.04647727400082004,0.9654521012448137,0.004196359619440452,0.0022066335900196724,-0.005563345959470599
-0.022604867998017794,0.22422938581532817,-0.269905964173961,0.08931632934145554,0.12527752472560172,0.0458774290166503,0.01880159850203427,-0.03873301901007153,0.9792603925308043,0.003926453655266491,0.002184028722021655,-0.0053391165736552705
0.09767626808463814,0.2057411671836276,-0.3693668840617176,0.0976981151894151,0.0419315034940192,0.03237294792515538,0.021065892854071053,-0.038217033296791145,0.973342409214958,0.0035570867712047733,0.0022817049901062924,-0.005133375406471644
-0.07233206144750971,0.5062158542052673,-0.3808954153378798,0.1791054270539579,0.1610117749114702,0.07510718915849376,0.014552817854688855,-0.048334728935449045,0.9759927192692709,0.0031761913558668933,0.002209372928658783,-0.004627159552266376
0.032461221037719715,0.4325661729459743,-0.5708945641203629,0.17152716512769112,0.11214684121581342,0.01724120224778751,0.017513418501713934,-0.036338510578822265,0.9688505469245745,0.0026052967917465308,0.002241834149696503,-0.004194593379320401
0.09308777643672514,0.3944825028017711,-0.3445607654102565,0.10343591475936606,0.11559855859659258,0.02858299333788774,0.022382942900789772,-0.03713460624480429,0.9687918126659459,0.002260736026336274,0.002334921926133228,-0.0038001108765186305
0.12385654194461021,0.4784534947325049,-0.27066609566373967,0.12183508180779001,0.06878932612556041,-0.025669117203853273,0.01799926532985017,-0.03692933317643065,0.9748886292401239,0.0019900699306725344,0.002458778468077838,-0.0033216573817861257
0.1803478046115643,0.5029742423187158,-0.3781750592983981,0.14326112867606253,0.053582849665163954,-0.0935028721909376,0.015568739964471449,-0.030004441475396146,0.9652688204566032,0.0016118948713741363,0.0026391262726894026,-0.00281868313946741
0.20693764609948123,0.4346336361493467,-0.45596017687568147,0.1104751506540136,0.0005947814503556069,-0.03689236628704984,0.018014414656804683,-0.04086814721568446,0.9714826657482327,0.001155934694498455,0.0028460639187888838,-0.002384049503318063
0.04957296495828702,0.4138850989093414,-0.355971235938549,0.1136809014462104,0.05871618219088161,-0.09624511457312258,0.007978693920716705,-0.03670573799412572,0.9734648298658322,0.0007999634585599061,0.002895636883747171,-0.0019701644044087213
0.033004248143178386,0.4121720821277255,-0.29133859090123293,0.1313341061710469,0.06988454084111761,-0.0797481624157418,0.018796105749227777,-0.043127156580909126,0.9627434839871529,0.0005086248676586732,0.0029286411318903494,-0.001557992322280996
0.14956042502270428,0.38323471957001803,-0.5410822331216052,0.060828778048568524,0.04708595488781299,-0.024070489329418722,0.011341349766012303,-0.03330998497432825,0.9690483534168562,-3.24573654629321e-05,0.0030782015569130535,-0.001174757602710978
-0.008814366285345737,0.37109719394747503,-0.3542932126032114,0.08224435176336789,0.04552253952945295,-0.029560802651144046,0.009406633423019487,-0.043231829568526364,0.9705515467057979,-0.0003867505780661435,0.003069387190627708,-0.000803660408763503
0.16125995815713876,0.6485404431203337,-0.22521098747131435,0.08800541668423495,0.037969525846316424,-0.010261972483061122,0.015838258685241517,-0.04562258527247304,0.9747460204055794,-0.0006119615655374579,0.003230647148784847,-0.00015511996564316922
-0.006698054197628922,0.4324704033603649,-0.3549114273751964,0.08471337140282685,0.056925902242526395,-0.05224983994779075,0.02105913827291741,-0.044172491842958114,0.9646233632569068,-0.0009668729929126542,0.0032239490945872177,0.0002773504377171957
0.16236287055004275,0.4589740797659181,-0.35660174683241663,0.08029876275867517,0.07976486062880259,-0.05297158040990919,0.01455967928243927,-0.0395046073082765,0.9683756116826416,-0.001323474739745071,0.00338631196513726,0.0007363245174831138
0.14199539874349815,0.5082218553816102,-0.2678321977597555,0.05915529441286249,-0.004122480326660648,-0.037443256715402794,0.01707516440658367,-0.03966893207950561,0.9719965699507745,-0.0015913069375048266,0.0035283073638807585,0.0012445463728647244
0.17999534228692407,0.41482099933885774,-0.17530509238605627,0.028856352714400735,0.009759015464472519,-0.12230550793312818,0.018701293129099943,-0.04136368461211599,0.9762867352414749,-0.001766612029890883,0.003708302706167682,0.0016593673722035817
0.18415106941155032,0.4248319660955427,-0.06918407559486772,0.09028005405601319,-0.08612472512995982,0.0023559379232460705,0.0169011175709299,-0.03268824066361614,0.975765776038859,-0.0018357961054857508,0.003892453775579233,0.0020841993382991245
0.19182398607848727,0.30268157581722366,-0.04577978470339189,0.01268737274796345,-0.07635677156167031,-0.1104733411921285,0.017736552685634347,-0.03640886100444629,0.9755407890768889,-0.0018815758901891426,0.00408427776165772,0.0023868809141163487
0.23030715422993547,0.37318303511210044,-0.06383054489621236,-0.047310074130593044,-0.0722794155115885,-0.09549126999878048,0.014656208195226316,-0.028539124042678804,0.9748208102519043,-0.001945406435085355,0.004314584915887656,0.002760063949228449
0.28085517420272366,0.3602377694762091,0.08840704649984225,-0.06443827689031253,-0.11882430804539383,-0.04600442898087095,0.012530142065729662,-0.031569673255761516,0.9687708064584707,-0.0018569993885855125,0.00459544009009038,0.003120301718704658
0.20156460384816166,0.1907220637701595,0.1265552637997689,-0.013117277580144188,-0.06576186156748699,-0.07225602493375119,0.016352311554241213,-0.04598962434087617,0.9646385412705172,-0.0017304441247857436,0.004797004693938543,0.0033110237824748173
0.02564765191851416,0.2502213275084775,0.18326249813846052,0.02759795052678605,-0.09308834102816449,-0.06240518877808076,0.021948623037515203,-0.04109755923630332,0.9669851524518924,-0.0015471816266472832,0.004822652345857056,0.0035612451099832952
0.2824150376290011,0.22497748641408122,0.18075887500936694,0.005319944774523775,-0.08631839658964738,-0.0005111761258442277,0.012783785150869925,-0.04229411005731065,0.9741641544975902,-0.0013664227516379161,0.005105067383486058,0.0037862225963973765
0.1734724107173146,0.2454052213681126,0.27813726308102577,-0.012704698390082264,-0.07179564823144038,-0.040955276382241126,0.01523225301415566,-0.03854245436293416,0.9629930259576357,-0.0010882854885568905,0.005278539794203372,0.004031627817765489
0.11100665397161684,0.09706870759555634,0.3478169878742061,0.06088120339007944,-0.08074448449509816,-0.058450266066761646,0.013997420226101414,-0.036978375712156036,0.9804397569436055,-0.0007404685006826843,0.005389546448174989,0.004128696525361047
-0.014008596549752589,0.04871485132907499,0.36822210010858647,-0.06431140868099873,-0.16464637455140083,-0.0239518706968258,0.025985708538767662,-0.04193029456047137,0.9621501955619518,-0.0003722464005740979,0.005375537851625237,0.004177411376690122
-0.11391911965754256,0.2448333484163029,0.3580382227186621,-0.014068726928840876,-0.14410252864891598,-0.011125111023081039,0.02039247368825086,-0.043386751546725326,0.9657242261927584,-1.4208177855435766e-05,0.005261618731967694,0.004422244725106424
0.11704813382586142,0.1459821233339907,0.3925884736692249,-0.06587244862146335,-0.15830816073357537,0.010530431818338041,0.012760128988890758,-0.03490306971881209,0.9714495426597656,0.00037838029581378915,0.005378666865793556,0.004568226848440415
0.11522691291556567,0.16306629772938638,0.42162079560439797,-0.06369312830265833,-0.17269226656741338,0.012319219537812528,0.0024611915348592053,-0.04154188148112357,0.9689732656430807,0.0008000010914181871,0.005493893778709121,0.004731293146169802
0.10386690736259954,0.05865450458659857,0.526254403350297,-0.048183300006609815,-0.19113419077588734,0.031013464081262494,0.01792172920462468,-0.045266411906899895,0.9680410755230535,0.0013262554947684841,0.0055977606860717205,0.004789947650756401
0.10194790376942453,-0.060543810259726806,0.4621461520922945,-0.02724674714770553,-0.17307378896246803,0.004467298940038963,0.012263172706222783,-0.04032053092039119,0.9680861592899694,0.0017884016468607787,0.005699708589841146,0.004729403840496674
0.12064270201945837,0.00805083321456447,0.460644468973342,-0.05229248928248702,-0.13448546395289554,0.04362436430123666,0.004085707495822148,-0.04028992808633788,0.9731262539100207,0.0022490461158341207,0.005820351291860604,0.004737454673711238
0.028850430621331143,-0.13092996685563704,0.5425668810993164,-0.13254743956875864,-0.16986902491211553,0.08551370016170141,0.011719241878948515,-0.042110940323808396,0.9777592285196955,0.0027916129969334375,0.005849201722481935,0.004606524706855602
-0.08426840321803866,-0.1678516648867022,0.44934419721139984,-0.07310777967757708,-0.14870079677121634,0.029324625764590287,0.021987442415613533,-0.036560518552396795,0.9667733790174495,0.003240957194144837,0.005764933319263896,0.0044386730419688995
-0.10383321628494267,-0.10985947307025493,0.3171583112848228,-0.05358854649809375,-0.15570806652654534,0.056440093759511346,0.016901887224794264,-0.03974479665180383,0.97064520545774,0.00355811550542966,0.005661100102978954,0.004328813568898644
-0.01909416315801168,-0.17800224143639587,0.36136528116128747,-0.11610500349803304,-0.19053578037572333,0.09998512400943184,0.011696629581955003,-0.045335288936163426,0.9684670248464338,0.003919480786590947,0.005642005939820942,0.004150811327462248
-0.029877979894575912,-0.19343186006779045,0.16895499536774133,-0.06510578364597192,-0.22636745580142845,0.04110819629378687,0.015186361075146856,-0.041019766808914226,0.9634221139478989,0.004088435781958689,0.0056121279599263664,0.003957379467394458
-0.10274277425128028,-0.15658636670590242,0.20158101439341017,-0.017182907032602855,-0.2562034737667633,-0.0015116049754663272,0.015291140997684659,-0.04076293970823576,0.9655159978378622,0.004290016796352099,0.005509385185675086,0.003800793100688556
-0.11174026845990061,-0.29203081461372393,0.02633079059948204,-0.03433339440054919,-0.23124919262896929,0.08842902104942833,0.01876450116052856,-0.03611921576172979,0.9674353646532791,0.00431634758695158,0.005397644917215186,0.0035087622860748313
0.04399084204275153,-0.34182769377668626,0.3572128697473894,-0.09129422718212206,-0.2228569602045348,0.09832344321843957,0.015665985798076383,-0.03866289542692769,0.9748943423470953,0.00467356045669897,0.005441635759257938,0.003166934592298145
-0.033868430017797845,-0.36668108195495114,0.33293408799994234,-0.05091427200922981,-0.11795383175250364,0.06871713963746168,0.01646623866669787,-0.036474284605835496,0.9649615512625825,0.005006494544698912,0.0054077673292401394,0.002800253510343194
-0.07375307486255486,-0.28667820378981823,0.20596149659675728,0.012703361161822812,-0.18176188044629824,0.060034195126609645,0.01041540980217963,-0.0393623476381194,0.9776117732917718,0.005212456041295669,0.005334014254377584,0.002513575306553376
-0.07645580974451861,-0.31279953138195543,0.11303966547938865,-0.035736055859526106,-0.21005985725804746,0.10654355950120518,0.016625032580879485,-0.03474913440768748,0.9766897251198329,0.005325495706775058,0.0052575584446330655,0.0022007757751714204
-0.13036758435223253,-0.23917521023020508,-0.04596098911696221,-0.04951261590165247,-0.15137459762373545,0.08909738486321057,0.0013217142462226949,-0.02552596214418095,0.9693062840007952,0.005279534717658095,0.005127190860280833,0.0019616005649412157
-0.12261797156183155,-0.2767174180008316,-0.21656523910513553,-0.016957823686716396,-0.20411450428106054,0.08628681841090537,0.019795327976059658,-0.03722140565516929,0.9780345138458144,0.005062969478552959,0.005004572888719,0.0016848831469403838
-0.19247052921313768,-0.2720343648538442,-0.17830658717164316,0.014438010669042916,-0.1959349923241668,0.005926700045288507,0.011028832276974957,-0.037438690715746334,0.9676753775396995,0.0048846628913813165,0.004812102359505863,0.0014128487820865398
-0.06669101090046328,-0.39395203493626446,-0.20701161112663957,-0.054728501066159174,-0.10774875450754158,0.060489957358630386,0.016897318851797703,-0.04135940986256074,0.9731721684302062,0.004677651280254677,0.0047454113486053995,0.0010188967471502753
-0.22829733765365423,-0.20026186252136108,-0.33717104897713257,-0.011723239181579028,-0.07821892827481784,0.06991145563254024,0.013561124646887116,-0.035401157242483994,0.9737042233339416,0.004340480231277545,0.004517114010951746,0.0008186348846289143
-0.14458907357654105,-0.3011808000467794,-0.28859348054293255,0.010887849356293356,-0.14486448381946015,0.02618106139050186,0.003909123776954029,-0.027237644680793892,0.9844427216168963,0.004051886750734612,0.004372524937375204,0.0005174540845821348
-0.03852097539382157,-0.17615115740174384,-0.4099904859513157,0.055184457031788266,-0.09960912121700038,0.08606576956600073,0.005820166896941109,-0.04035581678470875,0.9743706135624647,0.0036418962647832964,0.004334003961981383,0.00034130292718039104
-0.025870071292665664,-0.21290463859268965,-0.5596239279263564,0.022319355406353804,-0.12400585439836984,0.06920050820763023,0.01690819918442528,-0.04157994560388621,0.9721224599382238,0.00308227233685694,0.004308133890688718,0.00012839828858770137
-0.127387860702791,-0.20944083412044973,-0.3585394328360526,0.052076705370917034,-0.03461156195632701,0.07195225567514509,0.011071882983770473,-0.04267874353486276,0.973962969503149,0.002723732904020887,0.004180746029985926,-8.104254553274837e-05
-0.011955508240787033,-0.14513362978959235,-0.6434723768723352,0.0018707422628098588,-0.033168557243125965,0.021143974805997917,0.0073868085924692775,-0.04225734844058188,0.9734044486737562,0.0020802605271485522,0.004168790521745139,-0.0002261761753223407
-0.2474762442524482,-0.11910523976676829,-0.7096385965037628,0.048375681438291546,-0.028700443175648408,0.024740968145005093,0.014986694699659927,-0.046612826625446864,0.9786515416636656,0.0013706219306447893,0.003921314277492691,-0.00034528141508910904
-0.14673508394333395,-0.0900929899023622,-0.6369620750701046,0.09941720951346121,-0.08453708837075742,-0.009067905422095136,0.01515053913927143,-0.04368182272874907,0.9691315565852786,0.0007336598555746846,0.003774579193549357,-0.0004353744049914713
-0.25129602778151394,-0.15817706249160468,-0.5802550254423695,0.030049300786901822,-0.02717844953628502,-0.011722753588944477,0.01066004391151671,-0.04496604656563979,0.9815506438290739,0.000153404830132315,0.0035232831657678425,-0.000593551467483076
-0.07950428515627442,-0.11372127957575126,-0.5923609121671728,0.10454842856237216,0.04642130217795625,0.02495204666545424,0.017586471816708516,-0.041536020350541554,0.965676780261292,-0.0004389560820348578,0.003443778880611568,-0.0007072727470588272
-0.1644353630113446,0.008081715112660488,-0.5880816187068966,0.10482979852148258,0.012426333901298579,-0.07618808041034099,0.0069326923468737076,-0.03183789158947749,0.9791279371962885,-0.0010270377007417543,0.0032793435176002236,-0.0006991910319461667
-0.20687728361363814,0.11132175645017145,-0.7805157922273588,0.09982204674035278,0.09034884690091334,-0.021368894380758764,0.00944662468577664,-0.039373501402928654,0.9815373416308733,-0.0018075534929691132,0.003072466233986585,-0.0005878692754959954
-0.0785558079584052,-0.017377348401111783,-0.6445745466920325,0.15929209595550053,0.05484342505171838,0.0018263081570233947,0.008899614602019741,-0.04291920962903193,0.9642301448635251,-0.0024521280396611455,0.0029939104260281804,-0.0006052466238971072
-0.4646317658100506,0.180751283906049,-0.7604166600462227,0.050980594082049385,0.007797107420773995,-0.0162118929383568,0.021716637785181958,-0.042568427283163054,0.9792794337043031,-0.0032125446997073683,0.0025292786602181296,-0.00042449533999105814
-0.18446342431912605,0.12496191052040397,-0.5669604593451485,0.08216620626467018,0.04413945091763968,0.040471840269506856,0.006317325905677945,-0.03767464742226191,0.9728712312270124,-0.0037795051590525167,0.0023448152358990035,-0.0002995334294706542
-0.24336985904207614,0.14000411622537065,-0.7332274334800044,0.10167152594744394,0.027609341879311963,-0.031167399339592727,0.015657751776704445,-0.039418892062207896,0.9726149776521992,-0.0045127325925325215,0.002101445376856927,-0.00015952931324528355
-0.26831654494511337,0.2154027898484441,-0.5881046716174922,0.04847419723752544,0.13711787130970826,-0.1292480002668245,0.01722989509521354,-0.03604791948790042,0.9749698385411895,-0.005100837264150015,0.0018331288319118136,5.5873476603160555e-05
-0.26412845565101783,0.17171350141256317,-0.6373740822607169,0.07542528511143375,0.10409645234905614,0.0017000162190775655,0.009870362366355922,-0.03046005576270361,0.973265812850242,-0.005738211346410731,0.0015690003762607958,0.00022758697801572374
-0.4051360401966193,0.12256730436242638,-0.46200800021285826,0.09433748078578068,0.1305005673427593,-0.08444367598653163,0.009172261862534822,-0.039339258870307786,0.966655759991403,-0.00620021934662359,0.0011638643360641766,0.00035015428237815014
-0.19781051838807026,0.254116991543437,-0.5681335731911198,0.11904789252000246,0.15196502363069467,-0.12166685693674704,0.02087178772983456,-0.0454809980328821,0.9763109175408742,-0.006768352919814709,0.0009660538176761062,0.0006042712739215872
-0.2677951931906532,0.2543284497863276,-0.49487848127523626,0.06593582885240744,0.10815738299671235,-0.05140576805865863,0.010735501560609418,-0.04028361116271933,0.9743066899138737,-0.007263231401089945,0.000698258624485453,0.0008585997237079148
-0.1440222995850873,0.19454006650573652,-0.3233112439147887,0.05145023579237301,0.0961878952876919,-0.05093275031757758,0.014122612036111032,-0.0326022801494137,0.9785262307754846,-0.007586542645004734,0.0005542363249003657,0.0010531397902136513
-0.2372674804538105,0.2232290266011465,-0.4402448541635362,0.04817138979658252,0.2083910342647658,-0.02682888543339664,0.014446981508017825,-0.05054018939007815,0.9766393911783754,-0.00802678749916827,0.00031696884444655515,0.0012763688168147978
-0.07702465711477145,0.3831110894301237,-0.29043566522224284,0.0841156431899525,0.13777986705076203,-0.06579065295280202,0.007941902431091849,-0.042591788204012666,0.9747546137035282,-0.008317223164390512,0.0002399441873317837,0.0016594799062449217
-0.2628773904946302,0.2358629405790145,-0.16416499446476482,0.13692949809999644,0.15761567473237034,-0.10462999543616426,0.005405827063622411,-0.04075638107498571,0.9758753703254226,-0.008481388158855277,-2.2933203162846527e-05,0.001895342846823936
-0.016448589742948008,0.34719669463786307,-0.1263195876590485,0.03178909139336714,0.16438363777703324,-0.11270608516787338,0.006314934749474318,-0.03835003495222439,0.9721030329118215,-0.008607707746514327,-3.938179290579454e-05,0.0022425395414617986
-0.11165535898702765,0.4011696981562118,-0.013862540036100171,0.02932410209093701,0.1957636251031352,-0.11100735897731265,0.0029469350058179775,-0.03444604793488809,0.9873712418745733,-0.008621570286550426,-0.0001510371518928222,0.0026437092396180105
-0.17703681999867388,0.37790832259829454,0.11436702235275303,0.0366868653700006,0.12060957229420674,-0.06590330657135776,0.015250838591911245,-0.034372383251719756,0.9687064256659136,-0.008507203264197674,-0.00032807397189149606,0.0030216175622163055
-0.010488141898089914,0.2620347934596885,0.09690243833368554,0.06794778960272492,0.2004309010804008,-0.10852107888748622,0.0013391357656252992,-0.034157490016856785,0.9741859769264811,-0.008410300825863989,-0.00033856211378958603,0.0032836523556759936
-0.09573630534462992,0.24924587248073754,0.12510426262547758,-0.010607041866099579,0.21577161828468838,-0.05104990426513725,0.011072017223354547,-0.039306372685407355,0.9789455740950401,-0.008285196563238511,-0.00043429841913421595,0.0035328982281567314
-0.030722877900817246,0.23538656053991758,0.27164867603916876,0.07116106478296638,0.15305218922554117,-0.05536631115424998,0.01640045698541492,-0.03205121691408878,0.9774037200790875,-0.008013547887199343,-0.00046502129703503316,0.0037682847886966494
-0.03995576988491869,0.3504412456128099,0.32764633563346474,0.08873933197043153,0.12905819311552932,-0.08480812957278987,-0.0028295696129058967,-0.04069644733586842,0.9682983204469647,-0.007685901551565878,-0.0005049770669199519,0.004118726034309459
-0.17121076136818605,0.35786003187420345,0.4385977120475793,0.023336591710432505,0.1130335325521804,-0.10922188101672622,0.00334289057635233,-0.031567662409575016,0.9689782280305838,-0.007247303839518299,-0.0006761878282881379,0.004476586066183663
0.06981219172676231,0.28550928678738724,0.5016183685553529,-0.043843742986274234,0.1802064195394854,-0.11211465228807986,0.005098070251809838,-0.030059115616882327,0.9707889905666056,-0.006745685470962945,-0.0006063756365613755,0.004762095352971049
0.0024160208211058644,0.29225611076989283,0.5463753678161063,-0.012110256312776173,0.13246610467359624,-0.02699168876805689,0.013912158407546348,-0.04587903343680188,0.9680145297931433,-0.00619931010314684,-0.0006039596157402698,0.005054351463740943
0.026529148670709858,0.1789738421671738,0.5262709069283985,-0.011934454494579158,0.17229925086167436,-0.05049529002634196,0.014135113634496935,-0.043172897685525104,0.9722546955271277,-0.005673039196218441,-0.0005774304670695599,0.005233325305908115
0.07718814364948132,0.21750666285701323,0.4603781299038067,-0.11284047475167239,0.17255947181707937,-0.05166823307077301,0.007090180371830688,-0.02709305206059065,0.9810711423128405,-0.005212661066314635,-0.0005002423234200785,0.005450831968765129
-0.029047482319553,0.14360458724938027,0.531269012446275,0.045285359958916256,0.14992683815421853,-0.07474782263980793,0.015237743451517096,-0.04249514426764806,0.9766882027636277,-0.00468139205386836,-0.0005292898057396315,0.00559443655601451
-0.00808726950873824,0.1185725409262679,0.6901492319448391,-0.0239656224541228,0.16384252580397354,-0.041642613849457735,0.009453201919139056,-0.034596520392556035,0.9859896013463333,-0.0039912428219235204,-0.0005373770752483698,0.005713009096940777
0.1159589338817858,0.1064991517608874,0.7716591040258575,-0.01660941810462852,0.10475084903627062,-0.023593012997077133,0.010445614452883117,-0.031978729182366356,0.9712025135715069,-0.003219583717897663,-0.000421418141366584,0.0058195082487016644
0.1330947723355464,-0.13915507847023023,0.6949004075782439,-0.026329932381126277,0.08581513509469273,0.0049118452023163926,0.009284034664280402,-0.034348154369601945,0.9689747010665747,-0.002524683310319419,-0.00028832336903103755,0.005680353170231435
0.12213527497059226,-0.06909815927649582,0.684410082027779,-0.0896235835101414,0.09843653512729596,0.01484318821331018,0.01394078567524354,-0.03711211567827905,0.9740809279823536,-0.0018402732282916398,-0.0001661880940604453,0.005611255010954939
0.10480528766031577,-0.014310137340665705,0.6775359160990029,-0.09382125303966418,0.09430637118006098,0.04387811387556051,0.012394414337264344,-0.037312270842988014,0.9698503656995366,-0.0011627373121926368,-6.138280640012952e-05,0.005596944873614273
0.013281507207450971,-0.14907052525526027,0.576247212202967,-0.1166138422631175,0.06890066457785823,0.054680371185999235,0.009801010505155888,-0.027725306806509042,0.9767702260776802,-0.0005864900999896697,-4.810129919267856e-05,0.005447874348359013
0.24653049536774674,-0.07217922853257698,0.5869216889837379,-0.13218661546568722,0.13360917683965262,0.053483739497965296,0.0002456018535392634,-0.034936037195332045,0.9818551367926686,4.315889940681439e-07,0.00019842919617506818,0.005375695119826436
0.21284198808989885,-0.04388137368278876,0.6422791061548772,-0.07200342433841359,-0.002704984395172229,-0.013421421131912555,0.012790245519427933,-0.03663955901395846,0.9756829755447317,0.0006427106951489454,0.00041127118426496705,0.005331813746143647
0.19930338676990267,-0.11476848516214638,0.6580829666981565,-0.13746111644930692,0.05784629835636276,0.04279788221713149,0.013041744633917662,-0.033122535850368125,0.9712679266487236,0.0013007936618471018,0.0006105745710348697,0.0052170452609815
0.2834870999842256,-0.359244933229603,0.5627818934922677,-0.11649489515537485,-0.020581037614369017,0.09136983300521219,0.009099651993431065,-0.03336130393248976,0.973368060902052,0.0018635755553393692,0.0008940616710190954,0.0048578003277518975
0.15854076114279567,-0.3117375959145144,0.5111475317810387,-0.10511552748345815,0.02330108687567533,0.0894379885168318,0.014458383096445211,-0.027947437638128934,0.9724313332791826,0.0023747230871204086,0.001052602432161891,0.004546062731837383
0.26680696066012566,-0.24083993119261046,0.4840765445417121,-0.08929183304036616,0.05036887362529825,0.12323665764089768,0.011371875803041288,-0.03360253119744699,0.9829729740158644,0.0028587996316621206,0.0013194093928220166,0.004305222800644773
0.331028740360577,-0.34283597734243754,0.455156745858538,-0.1702200406025568,-0.08214725078415569,0.02052788736097646,0.00874905897482501,-0.033896753053883906,0.9776135792930708,0.0033139563775206587,0.0016504381331825934,0.003962386823302335
0.24330734326022127,-0.2562893204768318,0.3573516401644031,-0.07270846327322282,-0.004940959871966424,0.07190302133510493,0.012442259740567188,-0.037515699708831216,0.9829982131977206,0.003671308017685062,0.001893745476442815,0.003706097502825503
0.253447508019487,-0.45675504553967133,0.3431206421269908,-0.08101835325614777,-0.010817902149927594,0.09188299772596961,0.003923942992401847,-0.03023310176769665,0.9693656079174355,0.004014428659812053,0.002147192984462302,0.0032493424572858317
0.28160628479459404,-0.4399541356995895,0.13430972963166482,-0.07576099959543695,-0.04120528120707798,0.11430402700824556,0.009504855768194972,-0.03928411890862779,0.9894833465098425,0.004148738389443718,0.0024287992692568964,0.002809388321586242
0.3452668450721093,-0.43869953112074483,0.1951472237252853,-0.11184830294776765,-0.06820187596605755,0.12465627170153816,0.010282885098234752,-0.038313596160020946,0.982461957108906,0.004343885613169002,0.0027740661143290054,0.002370688790465497
0.2740991156166198,-0.41164536759689163,0.12796592241172156,-0.13964523986236144,-0.059890866015838956,0.13596432543418696,0.014505532482106991,-0.04733216015809947,0.9822604932742043,0.004471851535580724,0.0030481652299456253,0.0019590434228686053
0.3961757841777691,-0.5692222713655639,0.017631069679878777,-0.11513844120928805,-0.05001829617883064,0.16031208896291382,0.004580332511875946,-0.02495984629609747,0.9768269846539593,0.004489482605260602,0.0034443410141233952,0.0013898211515030415
0.25324855474830876,-0.39464522648114303,0.09174651274666167,-0.14147026260405363,-0.13659917797577906,0.09991505402756533,0.002820839059566943,-0.029029296474086974,0.9819455144909658,0.004581229118007265,0.003697589568871704,0.0009951759250218983
0.13881002868973707,-0.4125396905621287,0.04291690869830522,-0.12206993306872414,-0.08741562795273791,0.11190499608436959,0.011433954617113603,-0.0399092261629449,0.9701992197974117,0.004624146026705569,0.0038363995975614408,0.0005826362344597697
0.2843484608450006,-0.47279732147569675,-0.18663724882523397,-0.04883589345849236,-0.08106580787560241,0.09475203273228731,0.005698480263973857,-0.038210790077521775,0.9788153897561233,0.004437508777880335,0.004120748058406442,0.00010983891298407289
0.2933389150644081,-0.5989868094808438,-0.22341232585362464,-0.0698648890814842,-0.07108125875500182,0.0930444207737834,0.0016602138446183742,-0.04032275872152809,0.9778506048293442,0.00421409645202671,0.00441408697347085,-0.0004891478964967709
0.2935239783168645,-0.29644200354939537,-0.07051600429566396,-0.026900868671451306,-0.030307557841373213,0.17069518016865687,0.008776839642962886,-0.03191244830756718,0.9735274221063923,0.004143580447731047,0.004707610951787715,-0.0007855899000461663
0.2217920873515049,-0.5083830029291436,-0.2749610983292888,-0.06632200734636537,-0.07959343898818151,0.09735370705221442,0.019291577035523845,-0.02987251001252199,0.9764477793025007,0.0038686193494017573,0.0049294030391392185,-0.00129397290297531
0.1365305341923729,-0.6187541073040432,-0.3042677112990433,-0.05468361837883624,-0.10232445432076645,0.08875330649523135,0.00972450971759292,-0.03468179064900639,0.9746912945341683,0.0035643516381027142,0.005065933573331592,-0.0019127270102793532
0.11693817490663976,-0.5359267131782358,-0.18533402674095018,-0.03758047816849877,-0.12121585674427013,0.10622260940949746,0.0009601296095310598,-0.03373697626402646,0.9688891223096507,0.0033790176113617644,0.005182871748238231,-0.0024486537234575893
0.16085444276430017,-0.6198504075686251,-0.3600436286375595,0.007917696062701492,-0.1375241650274712,0.07497336824304988,0.003330932368240369,-0.04169168301887899,0.9707516827649085,0.003018973982724205,0.0053437261910025315,-0.0030685041310262143
0.03501609183520615,-0.524094363351334,-0.34144458666916927,0.02727742061206121,-0.11410443976640677,0.0986732970734127,0.0018986736075434036,-0.03419307474120228,0.9681661901401853,0.0026775293960550357,0.005378742282837737,-0.0035925984943775482
0.270507854565732,-0.42478156933112843,-0.3699363156235522,0.036171263713329564,-0.12351212965972322,0.06867914365068693,0.0010330865067264784,-0.024850732978087108,0.9797009641442064,0.0023075930804314832,0.0056492501374034694,-0.004017380063708677
0.15362387455178064,-0.20616823597394862,-0.3406444148340207,-0.05726148632002077,-0.12459515096688696,0.1074516643727699,0.006452410909510429,-0.03701852626088764,0.9849647823862446,0.0019669486655974626,0.0058028740119552506,-0.004223548299682626
0.28518580069396415,-0.44959794066491676,-0.36474922009435273,0.09386977154443948,-0.0918014698572059,0.034486650580683856,0.0031750697156535113,-0.03159687824629338,0.9852293020419604,0.0016021994455031098,0.006088059812649214,-0.004673146240347543
0.25516017699850196,-0.21382136179967043,-0.4229040146859084,0.05438837221205571,-0.046317505622664464,0.035968969270326,0.01436029593297937,-0.027085055523683788,0.9750761384468547,0.0011792954308172013,0.006343219989647717,-0.004886967602147213
0.153490362720399,-0.25061469004033693,-0.4480385403606576,-0.01545178033986003,-0.05864597760792443,0.05616680174500871,0.003131043215970024,-0.029591510547980517,0.9760319767931666,0.0007312568904565437,0.006496710352368116,-0.005137582292187549
0.2806559520296081,-0.30708645335453916,-0.2681986294526837,0.042522842085415465,-0.06661155646518419,0.04588533834634014,0.008313463886312376,-0.026686860258383502,0.9725753761181659,0.00046305826100386,0.006777366304397724,-0.005444668745542088
0.12224428817546226,-0.4257325026251737,-0.3810324913186227,0.12873032419786914,-0.04325684474895437,0.06160816704365076,0.007598428204701131,-0.027619157510105474,0.9782548937393357,8.202576968523723e-05,0.006899610592573185,-0.005870401248167262
0.16970134542939375,-0.18402359004124583,-0.3109198402897104,0.06988747002197156,-0.09044631236653475,0.08799122661469157,0.010932089567758041,-0.01700089917366794,0.9842096841227526,-0.00022889407060447322,0.00706931193800258,-0.006054424838208508
0.16732805645310808,-0.17771915215933665,-0.18910842371723782,0.07295232391812045,-0.09805983836984766,-0.0063688708232653695,0.0029476585434128994,-0.02871331772121555,0.9840450180490989,-0.00041800249432171095,0.0072366399944556875,-0.006232143990367844
0.05246926800365788,0.10314612348341388,-0.22259377971481087,0.03398515135346142,-0.03475060878885134,0.010897340309243116,-0.0007406684384419588,-0.04525367026003855,0.9773116839452366,-0.0006405962740365219,0.007289109262459345,-0.00612899786688443
0.005468430402328202,-0.11067656830125275,-0.11989417207954442,0.1558147196651425,-0.07357541977404124,0.018709937784573694,0.002760415245821496,-0.03648620864433267,0.9835290782902251,-0.0007604904461160663,0.007294577692861674,-0.006239674435185683
0.0007480193968089632,0.03226590274726995,-0.3582716730674945,0.11962752592933436,-0.08171231060824563,-0.00267526666795021,0.00853137217814881,-0.03669799388725907,0.9739228632700768,-0.001118762119183561,0.007295325712258484,-0.006207408532438414
0.2009912931373279,-0.0033974341947591025,-0.18838279433470612,0.1184256438111676,0.007260971236092274,-0.038510289801624076,0.004071857351831069,-0.04319607298829589,0.9748786457699183,-0.001307144913518267,0.007496317005395811,-0.006210805966633173
0.009260797081001526,0.10236605627705136,-0.23629922029434175,0.10962237109845015,-0.07235670563646004,-0.047852743052678226,0.0020150681313969845,-0.029415795906015625,0.9814318239897414,-0.0015434441338126087,0.007505577802476813,-0.006108439910356121
0.037479344583385275,0.1980664174128963,-0.09837344284624563,0.17103061065100955,-0.031131385150337358,-0.09089775545456699,0.009913716152269693,-0.026089736661621808,0.9756184511103982,-0.0016418175766588544,0.007543057147060198,-0.0059103734929432244
-0.1567539219197226,0.09115203860035768,0.06468767972411323,0.1346870428400231,0.006859704495613082,-0.049088397362884985,0.007050059286520902,-0.022901291844285847,0.9666429997845223,-0.0015771298969347411,0.007386303225140476,-0.0058192214543428674
0.010480785254551851,0.2581625111206035,0.07038193045319628,0.09435498984135164,0.013342596141797447,-0.06915257061536198,-0.007385687763422596,-0.03115680292315068,0.9842464901235295,-0.001506747966481545,0.007396784010395026,-0.005561058943222265
0.019926224189482644,0.22535945091822024,0.066449323250028,0.15239140019082215,-0.012729039077310128,-0.050677832493182515,0.0010490292602714528,-0.025559920585464767,0.9792742731680786,-0.0014402986432315169,0.007416710234584509,-0.005335699492304044
-0.06525087935837683,0.2695152350406817,0.13933452613792455,0.15960712164012306,0.028117895960480747,-0.1058317289260975,0.011771110765547068,-0.031212485506370027,0.9835233574433696,-0.0013009641170935924,0.007351459355226133,-0.005066184257263363
-0.16395456796322258,0.34796217564660925,0.24638617158776102,0.07490091955136813,-0.012716816755508268,-0.006593796259406865,0.0052385465288931725,-0.02483562849077431,0.9707725157452171,-0.001054577945505831,0.007187504787262909,-0.0047182220816167535
-0.11420406158704037,0.47914623625859915,0.2578049740287397,0.1817472470650815,0.06321728879089532,-0.04983871858179632,0.005375358238269099,-0.021180038623698376,0.9819809202993821,-0.0007967729714770914,0.00707330072567587,-0.004239075845358154
-0.12854613248816882,0.5016744442651888,0.26610474336383333,0.10648870150115712,0.03972819674003216,-0.06730860795814661,-0.003978961294534931,-0.02659272035914155,0.9829794739341077,-0.000530668228113258,0.006944754593187701,-0.0037374014010929653
-0.2244340385076974,0.3307059416572455,0.4208892774820204,0.12287207135137582,0.08639228538665414,-0.07239626978893769,0.007637713656520341,-0.020862324686402593,0.9841766501714306,-0.0001097789506312376,0.006720320554680004,-0.00340669545943572
-0.1260716468061767,0.42584194364860584,0.5038570775101802,0.0789450570505153,0.0805412111077818,-0.08728844000838547,0.00535018364665969,-0.0197083781142939,0.974830768065401,0.0003940781268789426,0.006594248907873826,-0.0029808535157871143
-0.11318011455117369,0.5264137367535837,0.23101128298575455,0.13967601255665787,0.13484108615745904,-0.061072697334588,0.0030104494379817343,-0.029950575751302968,0.9726074026852884,0.0006250894098646971,0.006481068793322654,-0.0024544397790335305
-0.2228188322924956,0.48902668578564706,0.4367278346200472,0.10885072499924306,0.07551271099192579,-0.0639259686608863,0.0003777547306586899,-0.030706853554723898,0.9796271570218785,0.0010618172444847444,0.006258249961030158,-0.0019654130932478834
-0.09700382654752197,0.4600821920193907,0.5200802098112326,0.15098995381454397,0.11209388719403428,-0.05444456829026432,0.005884392711494969,-0.027077617692655244,0.9775433253064657,0.0015818974542959772,0.0061612461344826355,-0.0015053309012284927
-0.11591754080120158,0.48552578285683373,0.4324559722505464,0.0639560623800398,0.12408165635887534,-0.02465705766067764,-0.001287217649270719,-0.029860812529410675,0.9886555615910841,0.0020143534265465233,0.006045328593681434,-0.001019805118371659
-0.03346182176044539,0.49264600309410156,0.30982152550615694,0.08863209357623757,0.10745860699473946,-0.023212819350757537,0.004729039635374822,-0.023169076594949788,0.97297782608847,0.0023241749520526806,0.006011866771920988,-0.0005271591152775573
-0.25003644645655576,0.4738891861532001,0.40931701533933773,0.14054579437062997,0.07594323556659675,-0.04518616604314523,-0.0003973894322274246,-0.023509589614424117,0.9805046511135574,0.0027334919673920183,0.005761830325464432,-5.326992912435714e-05
-0.11998312187578555,0.358576571622944,0.4269415650927973,0.028266830402920017,0.06604717902987502,-0.019001657809765822,-0.0003519402394259758,-0.02806612783965393,0.9839131010169949,0.0031604335324848156,0.005641847203588647,0.00030530664249858687
-0.11814386461315607,0.4111621490426878,0.17629837428293638,0.09391164566430424,0.06204252691091424,0.03295271409355938,-0.0018899094141583386,-0.030614813334353192,0.983913306035835,0.003336731906767752,0.005523703338975491,0.0007164687915412746
-0.15880112671423569,0.4257101299506825,0.37034549361928243,0.12845813106860565,0.1598523669804402,-0.0052772136128412875,0.007434543637201823,-0.028289198866625283,0.9725285395188716,0.003707077400387034,0.005364902212261255,0.0011421789214919572
-0.0762959107242471,0.3717922737113753,0.40752792782279834,0.05294748494903899,0.08080192468396541,0.002091347301087015,0.005715871095967249,-0.023218239547160225,0.9748063072758797,0.004114605328209832,0.005288606301537008,0.0015139711952033325
-0.2276497605096146,0.5782879176688867,0.4828018573459002,0.07292848877948813,0.08835718146630447,0.022506268584125487,0.007108971749131717,-0.024229757689022923,0.9825115914517272,0.004597407185555733,0.005060956541027393,0.002092259112872219
0.030329079172983858,0.4739145456184112,0.19496514816278826,0.01868231322384841,0.11712151242497447,0.00778412273918443,0.00441900759409179,-0.023351091851941442,0.9766575248318421,0.004792372333718521,0.005091285620200377,0.0025661736584906302
-0.18145853173120458,0.44694009216748753,0.14949817841415566,0.03467971612914392,0.1252703422758404,0.03571409746782054,0.0034497458657543577,-0.028172963165286745,0.9856749329770247,0.004941870512132677,0.0049098270884691715,0.0030131137506581177
-0.048320815610685616,0.3737049199302939,0.08496561613634566,-0.0052148860614924415,0.1063639102828326,0.01175430196727755,0.01103080580236303,-0.029144134193905824,0.9901073408065157,0.005026836128269023,0.004861506272858486,0.003386818670588412
-0.09330396085082973,0.44919679212438796,0.08773129026933414,-0.02847880929002989,0.10255251751311269,0.02106188027937527,0.0005041411854465069,-0.02806555980381731,0.977764939712831,0.005114567418538357,0.004768202312007656,0.0038360154627128
-0.19874317386846602,0.272003653552519,0.11107193859282065,-0.04657291628336497,0.11618057502209464,0.04637292361884783,0.010726366144668084,-0.023967002141510815,0.9762137733729208,0.005225639357131178,0.00456945913813919,0.004108019116265318
-0.0017251102827950254,0.40198056146216055,0.1161209729545222,0.007315859244227724,0.11523313350537863,0.09720038815801081,0.009077903660810224,-0.023728758378749507,0.9866814053183783,0.005341760330085699,0.0045677340278563955,0.004509999677727478
-0.11701933412922275,0.27538463472146074,-0.061327434822971275,-0.027293448772946604,0.06348938641921428,0.05198586537410255,0.007779233698727192,-0.02674144624718756,0.985883830308508,0.005280432895262728,0.004450714693727173,0.004785384312448939
-0.05961840588698003,0.22058650769857255,0.016529340157752953,-0.05601895905978425,0.04106191118787667,0.048037086764297604,0.006290617827337356,-0.02882409116262104,0.9779130783791793,0.005296962235420481,0.004391096287840192,0.005005970820147513
-0.17299842717711483,0.12457428451281541,0.0015670094335339946,-0.04171974756409922,0.08533360806649237,0.10714528150748227,0.011276938186037196,-0.011880637063297629,0.9764825538410468,0.005298529244854015,0.004218097860663077,0.0051305451046603275
-0.07852208610817446,0.2444302473384265,-0.241887571159006,-0.01732026736608497,0.05601725218893585,0.05904408278030349,0.0030341980857886744,-0.025715643439531772,0.9749357728571366,0.005056641673695009,0.004139575774554902,0.005374975351998754
-0.03782683468124175,0.016237423398339848,-0.2459291024946278,-0.04022688593567656,0.053046313449842834,0.03193778780722855,-0.0007443300308068556,-0.025911657177900976,0.9941130804270031,0.004810712571200381,0.004101748939873661,0.005391212775397094
-0.12636363784640983,0.18054006401748335,-0.4350716431847417,-0.10806365393868834,0.005266516880201501,0.05670754356052057,-0.0009222548839624496,-0.021547334837085604,0.9880804652174682,0.004375640928015639,0.003975385302027251,0.005571752839414577
-0.04251863287557847,-0.09845257043513092,-0.2840430363432451,-0.04620828641527235,0.06171799183109934,0.05047154901201568,-0.003720320415827489,-0.028272949405649277,0.9816824684960035,0.004091597891672394,0.0039328666691516734,0.005473300268979447
-0.07243095047762912,-0.08037595908194853,-0.4639009128924182,-0.11263951508963993,0.011534685113182612,0.05525380801629761,0.007370068576457006,-0.02855563161338806,0.981145823993142,0.0036276969787799756,0.0038604357186740436,0.005392924309897498
-0.04190218524019129,-0.0942238861913727,-0.4972311899319537,-0.014340312877387264,0.027395673757658907,0.11316110904401007,0.006308993630676827,-0.030626073812526564,0.9834044117554779,0.0031304657888480223,0.0038185335334338525,0.005298700423706125
0.06371351717448698,-0.1383545997274992,-0.5176120759972492,-0.07966639456901708,0.003213238577757064,0.03627860924540212,0.004470897056331145,-0.020552612960119017,0.9776932960967858,0.002612853712850773,0.0038822470506083397,0.005160345823978625
-0.00399027787376037,-0.1299854637114946,-0.5042904265506157,-0.05855459975764622,-0.07208922901245438,0.08815070482618002,-0.004832560203073585,-0.0137963257650091,0.9706837697337086,0.0021085632863001567,0.0038782567727345795,0.005030360360267131
0.06025811465801287,-0.1471378904372672,-0.5699306089269641,-0.1509107857737517,-0.042700083611127336,0.05560959169437233,0.005744748883966983,-0.03571457931448875,0.9775294272990357,0.0015386326773731925,0.003938514887392592,0.004883222469829865
0.04501562625401218,-0.21812174910445706,-0.7104710512108344,-0.07913305638743272,-0.057734958855431125,0.065687950603348,-0.0015996728740545313,-0.026970616304155273,0.9784999965200103,0.0008281616261623581,0.003983530513646604,0.0046651007207254075
0.05960218553676068,-0.19482993907853957,-0.7267706098288649,-0.12321376919460202,-0.07763721607379305,0.05069019640119087,-0.004383658040578409,-0.025766848113645886,0.9801870218384026,0.00010139101633349314,0.0040431326991833645,0.004470270781646867
0.06190362638090826,-0.2375102662873854,-0.7803904720335436,-0.113006871984456,-0.12879649758148656,0.02612594958652551,0.010934667548950621,-0.018663713540073835,0.9798563032507027,-0.0006789994557000506,0.004105036325564273,0.004232760515359482
0.17269920143522818,-0.09389098981452113,-0.7507658932892056,-0.061712654440690975,-0.032103160426308675,0.07182062420515245,-0.0032461779723506985,-0.027574959043719614,0.9834488461864878,-0.0014297653489892563,0.004277735526999501,0.004138869525544961
0.17129527903917713,-0.12543364834487808,-0.5557237065140219,-0.05442831335836708,-0.07232163750583741,0.07463469099785898,0.00012066522612139141,-0.029031413058235325,0.977488715946166,-0.001985489055503278,0.004449030806038678,0.004013435877200083
0.1888807313789428,-0.32407458319941357,-0.6216464024931915,-0.05193438361588421,-0.10638314314374776,0.03746756152133552,-0.006131304796763447,-0.01820860878318694,0.9854558417715569,-0.0026071354579964698,0.004637911537417621,0.0036893612940006692
0.13455166138475969,-0.32006294157537035,-0.679612545639438,-0.0704410909273604,-0.14888767802666075,0.041313814656187546,0.0002656784557968861,-0.02871782882993401,0.9733917762578712,-0.0032867480036359083,0.00477246319880238,0.003369298352425299
0.023146321259308975,-0.4376576911673459,-0.5955657245033446,-0.0780016235863047,-0.16214411738766119,0.05614127995754382,0.0029523800690563584,-0.033073716153539656,0.9819876651162674,-0.003882313728139252,0.004795609520061689,0.0029316406612579535
0.13765814189254855,-0.39386114459046806,-0.389852549369439,-0.031955179300861454,-0.14278708010120045,0.006928345546888341,0.005925668933785867,-0.026117919334501874,0.982784369778085,-0.004272166277508691,0.004933267661954237,0.0025377795166674853
0.21217719748251285,-0.26923797170313707,-0.6109741725307878,-0.03668098923751378,-0.1382172151629123,-0.01838337970043228,-0.004413739080872591,-0.026415015696643816,0.9898832881942575,-0.004883140450039479,0.00514544485943675,0.002268541544964348
0.1480000040254736,-0.2428875799256535,-0.46166529276695545,0.0497660101416137,-0.21728075505566255,0.10031048479730513,0.0005794841689870087,-0.022268298341453552,0.986883790313378,-0.005344805742806435,0.005293444863462224,0.002025653965038695
0.18908399456258057,-0.4124869068729393,-0.4667078130732199,-0.02978365072126492,-0.12274529465844752,-0.023846943772665614,-0.0055444842429442556,-0.02669411421007095,0.9751612875285589,-0.005811513555879655,0.005482528858024804,0.0016131670581657556
0.19168298294638267,-0.3999087665785813,-0.27673188567929374,-0.0052384429214643825,-0.15128653375178452,0.03903648722871845,-0.0022271832290013858,-0.02434443119773833,0.9790733635514955,-0.006088245441558948,0.005674211840971188,0.0012132582915871742
0.12084925385279138,-0.38990593060542567,-0.49690126876358204,0.03454770546915308,-0.19143439689666558,0.04649918743859586,0.0020539093735421976,-0.02364463420152505,0.9854217713527925,-0.00658514671032253,0.005795061094823979,0.0008233523609817485
0.17687638375056866,-0.27333197192990333,-0.40817482196138266,-0.013849018026021499,-0.14140820376887273,0.0534437425085719,-0.00879034244789996,-0.03265205127145767,0.9763915499112013,-0.0069933215322839125,0.005971937478574547,0.0005500203890518451
0.10177230035526548,-0.2357287407811885,-0.20012065309298552,-0.03614039762818015,-0.15270663875885168,-0.04299056088329002,0.0022535186436357635,-0.013252486458074126,0.9891445313230061,-0.007193442185376899,0.006073709778929813,0.0003142916482706567
0.2664476084660207,-0.22856315735139293,-0.08561077490679839,-0.04666829120564043,-0.12577832935838545,-0.03956568583348969,-0.009434682932923714,-0.013521322042979367,0.9739056465059713,-0.0072790529602836974,0.006340157387395834,8.572849091926371e-05
0.13328662013426718,-0.33320971410624667,-0.028560903816857802,0.043602467063115206,-0.1973519169757084,-0.06910732390546087,-0.0009101355530304314,-0.020963807946766354,0.990444054942293,-0.007307613864100554,0.006473444007530101,-0.00024748122318698297
0.11871003001002946,-0.14772963059479413,0.14218810245578076,0.04577361408797853,-0.17161097989583451,-0.09366778080161774,-0.0028835070539168853,-0.0336535190108149,0.9877177018487793,-0.007165425761644773,0.00659215403754013,-0.00039521085378177716
0.3089907082432175,-0.0762089112955902,0.12286127159311813,0.04169433534879416,-0.14320926378091806,-0.053827290322114495,-0.004470736823652422,-0.01791673846180885,0.9823973499234979,-0.007042564490051655,0.006901144745783347,-0.0004714197650773674
-0.046582462248544204,-0.2276215166529762,0.014227484419001346,0.01457486937670155,-0.14143841539212415,-0.0434975106031759,-0.0035698229296372667,-0.021562469995928715,0.986229581850899,-0.007028337005632654,0.006854562283534803,-0.0006990412817303436
0.021433469366027483,-0.136372923975268,0.19088837133022268,0.04991752726563652,-0.1339837739022668,-0.057868407090996214,0.0032271067973774622,-0.017081822402581832,0.9823146780162572,-0.006837448634302432,0.006875995752900831,-0.0008354142057056115
0.0496740876381878,-0.09217776188227501,0.20527203332138547,0.08781339306405744,-0.19446264246070324,-0.06832214149342719,-0.007374990856784953,-0.016979782394446603,0.9805907380783458,-0.006632176600981046,0.006925669840539019,-0.0009275919675878866
0.1556701343408339,-0.1254932028529012,0.1772655848494449,0.010672466562162069,-0.08206278429217392,-0.07825427151708758,-0.005578215376266385,-0.02646636957868226,0.9860470704892369,-0.006454911016131601,0.007081339974879854,-0.0010530851704407878
0.08404735973161287,-0.05863784947321175,0.38231681666280537,0.09150313317677655,-0.16670990341185482,-0.07336222810208533,0.008253460943606962,-0.0198221059894779,0.9827277837646378,-0.006072594199468796,0.007165387334611466,-0.0011117230199139995
0.1174745249227583,0.0018585180492054123,0.3990332501625372,0.0640132182578731,-0.20702002292059796,-0.06494231010266485,0.0014089336883654408,-0.011351991662935542,0.983890274101298,-0.005673560949306259,0.007282861859534223,-0.0011098645018647942
0.09496728354138723,0.17171125955914743,0.4894656894350087,0.06578300652383094,-0.1582612828073671,-0.06852422537486176,-0.0014131033238107221,-0.022480670114973872,0.978820215228827,-0.00518409525987125,0.007377829143075611,-0.0009381532423056466
0.12239281286252254,0.24436803741416577,0.5714791974088802,0.04224703752661642,-0.1501201417979762,-0.12253290087687123,0.001964653064665334,-0.013821969068614267,0.9716325337974312,-0.004612616062462369,0.007500221955938135,-0.0006937852048914809
0.03330704253678824,0.1589185449505258,0.7224208406443818,0.09992535037446555,-0.1514781173243098,-0.1239228151383326,-0.0034711564241021874,-0.027178817919942352,0.981808241011655,-0.0038901952218179884,0.007533528998474922,-0.0005348666599409551
0.09146960987137072,0.05363206360915858,0.7206792145346107,0.033415363151180884,-0.02025105470551163,-0.11688616758977989,-0.002756348816472896,-0.014500175187122159,0.9831520384664164,-0.0031695160072833777,0.007624998608346293,-0.00048123459633179653
0.035740398101746215,0.0290553670184045,0.6552202035400516,0.0899785470345431,-0.1301646574090834,-0.11699164488158094,-0.008207040882445522,-0.030923651031950418,0.9787079380064221,-0.002514295803743326,0.007660739006448038,-0.00045217922931339204
0.07795544584901332,0.16866549534495073,0.6422579250850998,0.10114765689872206,-0.08522252017811144,-0.09553864896145496,0.0001302529379431541,-0.02095541768392982,0.9939445465972465,-0.001872037878658226,0.007738694452297051,-0.0002835137339684413
0.08535842179749029,0.2514420154749845,0.666792705818613,0.07365277796604895,-0.10004774813811242,-0.11494628867691488,-0.007024818719574543,-0.027989914859718662,0.9841741160767685,-0.001205245172839613,0.007824052874094543,-3.207171849345675e-05
-0.015287208939659819,0.12635025499635727,0.6786764971837942,0.11677962069232761,-0.03939861354858398,-0.11223526550522253,0.0036945551795453113,-0.011280301847537644,0.984007244594023,-0.0005265686756558188,0.007808765665154882,9.427853650290053e-05
0.03386212243295806,0.36609538674603836,0.6665723584619846,0.07537700683033709,-0.06818504876946181,-0.09903035078570502,-0.007452958422937869,-0.020699502896711002,0.9863249298817182,0.00014000368280616584,0.00784262778758784,0.0004603739232489389
0.048722360874519095,0.34768360479506955,0.7919632865042596,0.045733557123346986,-0.09007951656126445,-0.052705580373510856,-0.003177095515348941,-0.017673469843452687,0.986691219423558,0.0009319669693104254,0.007891350148462359,0.0008080575280440084
-0.06222045837747833,0.29229040445814813,0.7045054712647257,0.12532984955510668,-0.03205421921231847,-0.0952767246780472,-0.010227864566289852,-0.014280154552950782,0.9876680276718767,0.0016364724405751514,0.00782912969008488,0.0011003479325021567
0.03908163451228605,0.18370890389392658,0.6507469273642038,0.06409921423270538,0.026126952949217144,-0.08821868700870976,-0.008845147629238406,-0.023566553953585055,0.9853497394961029,0.002287219367939355,0.007868211324597167,0.0012840568363960833
0.0060498258987090325,0.32986205974569194,0.569461512620926,0.019334152516533185,0.02261770041089094,-0.07230402892019484,-0.007986001791387969,-0.011906456387601311,0.98736053764434,0.0028566808805602813,0.007874261150495877,0.0016139188961417751
-0.040648914962341645,0.20323433433290794,0.473894409895534,0.025640872860409586,0.040319792150385586,-0.049763097329581014,0.0022904744409305384,-0.01035847685283206,0.9942463230480685,0.0033305752904558153,0.007833612235533534,0.001817153230474683
-0.06404496636230655,0.3852570965199834,0.5078789010561094,-0.004108652763556923,-0.012687405936218882,-0.010604599372122924,-0.0012879199675491552,-0.02164702401361768,0.9893457486124616,0.0038384541915119246,0.0077695672691712285,0.0022024103269946667
-0.021453422157953386,0.1676032001428745,0.4509017615462088,0.017964926213215774,0.07172666845912551,-0.04861512717535025,-0.0010640990442442374,-0.015956542190405834,0.9916648770485048,0.004289355953058133,0.007748113847013275,0.002370013527137541
-0.1523638201026491,0.35751362507294737,0.48851446846500257,0.0036484120094977773,0.07406578580016752,0.04431315878856558,0.0023427847763591086,-0.011603035734479178,0.9802155510781932,0.004777870421523136,0.007595750026910625,0.002727527152210488
-0.12184922046313357,0.2635782182992773,0.3820256633442967,0.01774874828875454,0.09688101424848015,0.05844515095353834,-0.004456389124113553,-0.017310343401165145,0.9774789640737769,0.005159896084867432,0.0074739008064474925,0.0029911053705097656
-0.1170494486682262,0.14707052156657205,0.264284754895506,0.024923505844691374,0.09389291918037054,0.02573310829335898,-0.013842914345588282,-0.010787109782875072,0.9904649592301149,0.005424180839762939,0.0073568513577792665,0.0031381758920763373
-0.22564235837300745,0.33865485321969635,0.1209768019541946,-0.00485084561263156,0.09686821412326564,0.004320929196384238,-0.004231924677062315,-0.016371548571270267,0.9902613100759381,0.005545157641717133,0.007131208999406259,0.0034768307452960334
-0.1260662558378291,0.2973378614044363,0.06981400039206298,0.028124184229340696,0.12036695773314814,0.03281690396727901,-0.002093925104923162,-0.019052479640750665,0.9833853206391997,0.0056149716421091955,0.0070051427435684314,0.00377416860670047
-0.20817853258770053,0.10936926873285176,0.04058441882990704,-0.014211551760670849,0.0679152143729091,0.07346446970764212,-0.006500965779459428,-0.013672397993792875,0.986470788011232,0.005655556060939103,0.00679696421098073,0.003883537875433321
-0.2813658034517161,0.23455082225199247,0.1511522670019917,-0.06501493153690396,0.16566658545909307,0.02063131408010048,0.0013466752567463432,-0.01895031850885351,0.9781030796971409,0.005806708327941095,0.006515598407529014,0.004118088697685314
-0.3066161580930157,0.05999685311483384,0.06965992256724199,-0.026087591285177868,0.16653979839200855,0.0830411414887366,-0.008390059921429598,-0.02151239058751831,0.988135399487052,0.005876368250508336,0.006208982249435998,0.004178085550800148
-0.3360452297154928,0.15111964503954017,-0.13051958478787787,-0.008895092282342202,0.15858031090630492,0.004135447926324995,-0.014165854119569339,-0.013804557498085401,0.9841353254338653,0.005745848665720458,0.005872937019720505,0.004329205195839689
-0.2822175884446627,0.09075032309147238,-0.09802366110636827,-0.09632024860762028,0.16591141024608874,0.08546033500668135,-0.0034274671324215577,-0.021418670710569757,0.9910779204063664,0.00564782500461409,0.005590719431275842,0.004419955518931161
-0.38173982496631176,-0.0028785857341284277,-0.12211692411474356,-0.06449242007756965,0.18303630278726638,0.12720101793182498,-0.00451529901297093,-0.013130827553457064,0.983572068264958,0.005525708080499346,0.00520897960630953,0.0044170769331970325
-0.2629290494057522,0.09594137631350991,-0.37838648361573807,-0.08684574060029844,0.18712802799276806,0.11943388377891205,-0.011965626760447226,-0.013636727569798227,0.9825765240892431,0.0051473215968836075,0.004946050556903778,0.004513018309510542
-0.30234661433770293,0.006924927142748842,-0.30180634818576835,-0.10562588533151071,0.13081343415867008,0.09579859958566332,-0.00814093706019809,-0.01559681389529164,0.9850633052220532,0.004845515248697839,0.004643703942566075,0.004519943236653292
-0.347606888190213,-0.16133825350983302,-0.2139990334520794,-0.14898762815438465,0.23780077717526502,0.12953886693740535,-0.004738102943419286,-0.017385575889969026,0.9826664574112463,0.00463151621524576,0.004296097054375863,0.004358604983143458
-0.15011541257264246,-0.3038191135435228,-0.24879350655452534,-0.12633007039018213,0.20051820640446533,0.10034704191150264,-0.015944066239436644,-0.015094117506200107,0.9891136794222529,0.0043827227086912345,0.004145981641803221,0.004054785869599935
-0.30768194843806074,-0.15215392277015669,-0.18752753480040046,-0.0384384139527366,0.22232264721980746,0.1426312175309008,-0.007286877806351611,-0.024014637369699558,0.9867158179608932,0.004195195173890834,0.00383829969336516,0.003902631946829779
-0.08981071055200193,-0.2858368697826271,-0.38149209410997087,-0.13093252736271355,0.18318354898019887,0.08202548378283259,-0.006954958845956703,-0.009491022011040778,0.9870403691403549,0.0038137030797808624,0.003748488982813158,0.003616795077047152
-0.3738734191111893,-0.08834649548848732,-0.29331891306719726,-0.14345037976594743,0.18223148422684624,0.16436347128026121,-0.0003794303146923963,-0.024209763505846665,0.9838922889107281,0.003520384166713665,0.003374615563701968,0.0035284485815586645
-0.14444036141066283,-0.05208638526347395,-0.29605597757010027,-0.11629668540306863,0.16303824608485454,0.13133074427201785,0.0032679983446311043,-0.018644583437589596,0.9931491259666604,0.003224328189143565,0.0032301752022913057,0.0034763621962951904
-0.23467201978206756,-0.3444664399806024,-0.4297494105279936,-0.1350045047579992,0.19175383962876633,0.16306166486928858,-0.007847940073781215,-0.013470201967479103,0.9870683409980882,0.002794578778615571,0.002995503182509238,0.003131895756314588
-0.1676567531816644,-0.4625362459372351,-0.25173773946702227,-0.14258917340185467,0.13913846972114122,0.09206787379653339,-0.014832803446087254,-0.014107145005220615,0.9871619966366045,0.002542841039148549,0.0028278464293275737,0.002669359510377353
-0.3328373777537244,-0.3036364497840026,-0.36153440797878905,-0.14178622590461426,0.14698245457687453,0.05035018297091846,-0.0006087049254222708,-0.01081361181433543,0.984646521321218,0.0021813066311697597,0.002495009051573849,0.0023657230605933503
-0.23894609120708857,-0.39494109522573456,-0.512494724136729,-0.13133624652751705,0.20417628045155514,0.07000130819578973,-0.012585706779934048,-0.015402747552588185,0.9889279124555139,0.001668811907033031,0.002256062960366761,0.0019707819653676157
-0.09322597494592347,-0.31716507375041436,-0.3642548757775652,-0.2013137758609722,0.10771258797568191,0.1079058235422781,-0.0028842856888622315,-0.010191005036629234,0.9873395011054185,0.0013045570312554657,0.0021628369854208374,0.0016536168916172014
-0.08026562104378676,-0.41859283379174894,-0.29946610877232976,-0.09139235200419939,0.14560884078856876,0.10952779872078347,-0.0056964017292505074,-0.006696741848698222,0.9846148260739138,0.0010050909224831358,0.0020825713643770507,0.0012350240578254527
-0.1396126555760636,-0.47498363238935887,-0.32537277592446245,-0.10910093990239386,0.09384307439676286,0.07693558108732271,-0.004160118824016067,-0.015641714342158893,0.9826668395244456,0.0006797181465586733,0.001942958708800987,0.0007600404254360938
-0.23498929733246446,-0.4394132624573252,-0.2992720280395309,-0.04082263597536269,0.07423385570540803,0.03102044600457561,-0.00473512589238028,-0.01113305164853433,0.9825360843665877,0.00038044611851914236,0.0017079694114685226,0.00032062716297876853
-0.2269613781815371,-0.6429126693447251,-0.20393032121021074,-0.09713732717736172,0.09775224662450695,0.0672137588367797,-0.008964011830663723,-0.005929623948857036,0.9914151374140161,0.0001765157973089316,0.0014810080332869854,-0.0003222855063659566
-0.1387989922798368,-0.4607607366500695,-0.08284408998454125,-0.1045415807796868,0.12460167124993753,0.05841309632789066,-0.0030646746049460445,-0.011030127028184334,0.9868539731736333,9.367170732439036e-05,0.0013422090410071487,-0.0007830462430160262
-0.23114508016639201,-0.6060923206674729,-0.17699457102733934,-0.11693798553805278,0.018097357702099203,0.017257785534399862,-0.009603148009123107,-0.01674812620721455,0.9889481602041462,-8.332286370294899e-05,0.0011110639608407564,-0.001389138563683499
-0.21874960999919893,-0.5306037703522585,0.019716998473489386,-0.16213865941948477,0.10508980948315773,0.10292625775387079,0.0013405071082556261,-0.01379228375165551,0.9920984795164026,-6.360586522945961e-05,0.0008923143508415576,-0.0019197423340357577
-0.10919678195124435,-0.48553819926320846,0.009085832015731925,-0.10098317799874762,0.11442172258569118,0.02127833781258806,-0.005056619808871986,-0.02027895423508433,0.9786604745349371,-5.452003321372768e-05,0.0007831175688903132,-0.0024052805332989663
-0.14752124416176843,-0.5689103211290184,0.07694618866225655,-0.13082309793377356,-0.002163512368272735,0.026964050258631703,-0.008573462147665311,-0.01512951842218082,0.9922370718317552,2.2426155448528878e-05,0.0006355963247285448,-0.0029741908544279848
-0.018670611542065577,-0.4923689439355014,0.11929718012802319,-0.02783096938097654,0.07081391479141026,0.08739831707066253,-0.012156591066717055,-0.014806040446291467,0.9819494065486062,0.00014172333557655207,0.0006169257131864792,-0.003466559798363486
-0.01616668658230503,-0.6094938439892523,0.2512336053130714,-0.04234041719693727,0.05880286486221171,0.013654845050240989,-0.003797540781641907,-0.006011422752646332,1.00000507455496,0.0003929569408896234,0.0006007590266041741,-0.004076053642352738
-0.152712231882022,-0.5323351220308397,0.24719686049207723,-0.06114743746439307,0.09329514800858374,0.030761339472705554,-0.011154081893392297,-0.009191207361234306,0.9825877952462697,0.0006401538013817007,0.0004480467947221522,-0.004608388764383578
-0.09863577108416151,-0.5070840367860732,0.24462400908523224,-0.04534725304217529,-0.039261074558462866,-0.0003673068603617137,-0.01456531699285411,-0.005097128900755967,0.9871117494672851,0.0008847778104669328,0.00034941102363799065,-0.005115472801169651
-0.06014465742447932,-0.313838492188526,0.26694111209167226,-0.021225041285616926,-0.03287692185387171,-0.028599990841642303,-0.007948178131897033,-0.010131369645812042,0.986281985174798,0.0011517189225586052,0.00028926636621351133,-0.005429311293358177
-0.0902110978730988,-0.3759278746208656,0.32448507103301943,0.015892366898505633,-0.048056904901088,-0.03832195137456451,-0.017591480937430154,-0.017207690492930996,0.9816593892122712,0.0014762039935916245,0.0001990552683404125,-0.0058052391679790415
-0.053179411647923544,-0.4658429409388258,0.23250329841337658,-0.01377142031665332,-0.036517366686349716,0.007222592038918367,-0.0068553168288120175,-0.006710553239787125,1.0004289934454629,0.0017087072920050012,0.00014587585669248898,-0.0062710821089178685
-0.03384250828816633,-0.39004752692829486,0.43956005057707714,-0.0011648373180850582,-0.09218555936743388,0.0023811582774349253,-0.011866817751489171,-0.008941164758392413,0.9851514995726819,0.002148267342582078,0.00011203334840432266,-0.006661129635846162
0.00654976477819267,-0.3799470400673329,0.2666655311910251,0.0010094293242638645,-0.01184454978588538,0.008261982771392803,-0.0007464819332547203,-0.007575618606096811,0.9779971314015475,0.002414932873773103,0.00011858311318251533,-0.007041076675913496
0.09066994070017147,-0.2853608080952932,0.4972782148630965,0.06995028926574709,-0.05289186342173048,-0.08803367504686256,-0.01030861266115072,-0.005825416199310232,0.9869978906967657,0.0029122110886361996,0.0002092530538826868,-0.0073264374840087895
-0.11578700873214076,-0.12859327197733214,0.38671117727470833,0.020062701746791468,-0.11581429090306615,-0.11197125813106151,-0.006821468416634502,-0.00797280735422869,0.9840289745744174,0.003298922265910908,9.346604515054602e-05,-0.0074550307559861214
0.1158875022305428,-0.38987139631778145,0.3531946926698698,0.005519877004820428,-0.047399256207139806,-0.03546412483298006,-0.0035537299591237477,-0.004267566428846385,0.9896411951977846,0.0036521169585807776,0.00020935354738108882,-0.007844902152303903
0.1599931239971151,-0.39335451570211144,0.46511645476188657,0.09900272626259424,-0.025495961575020355,-0.09772185890875497,-0.01075424193700728,-0.009220337724350502,0.9834812457917055,0.004117233413342664,0.0003693466713782039,-0.008238256668006013
0.2327257661472497,-0.11408441865024517,0.5187806215482219,0.03847809873373257,-0.09050135062056626,-0.08757039997059425,-0.006326819425815562,-0.011508280390535542,0.9944697223493703,0.004636014034890886,0.0006020724375254536,-0.008352341086656258
0.21356027715188408,-0.026952094130338916,0.49318215481473415,0.07983304386817988,-0.07788706822096485,-0.08002887455251317,-0.0019382185335797206,-0.013162211749804899,0.9944586049368976,0.005129196189705621,0.0008156327146773377,-0.008379293180786597
0.043532959331961996,0.015869709608267085,0.2611163251572767,0.14665317076243473,-0.1174902779220752,-0.10488226501517535,-0.012225904074473435,-0.010184151725186849,0.9889692259347141,0.005390312514862897,0.0008591656740092997,-0.008363423471178329
0.1284673935365046,-0.05130487009347506,0.5044853043670523,0.09377113531737483,-0.11781975966070257,-0.03630022612815925,-0.0090746438829222,-0.008446718133916172,1.0030756698497858,0.00589479781922995,0.0009876330675458044,-0.008414728341271804
0.12278501786533308,0.04367640490246846,0.3350211540808477,0.05688091405982598,-0.08115576698877316,-0.08985960597299864,-0.004380960312882951,-0.0037499373676472,0.9827321769795975,0.006229818973310798,0.0011104180854111373,-0.008371051936369335
0.255153478414867,0.09814321125997814,0.2863600592512384,0.08022616419246735,-0.10433185523338195,-0.002685112388602801,-0.011457413015391165,-0.009907065134723538,0.9815549237632599,0.006516179032562037,0.0013655715638260044,-0.008272908725109357
0.25394964441837725,0.18418523725629404,0.17848364071363404,0.11622088667843325,-0.12865229317816013,-0.0542356697380534,-0.011799639476959445,-0.017312998867902284,0.9887745583145765,0.00669466267327567,0.0016195212082443817,-0.008088723487853063
0.14615466260120114,0.21855745437847038,0.12719546900261872,0.11707435679416671,-0.14968293196833893,-0.021611559163587722,-0.01658868519188193,-0.013077892548796623,0.988595816594015,0.006821858142278288,0.0017656758708455831,-0.007870166033474593
0.17356576793874756,0.21151105232251335,0.15430120128308492,0.10089360806489861,-0.06938492163420873,-0.040983865777125913,-0.01931167996990989,-0.0035200087713838273,0.9900934234474983,0.006976159343561374,0.0019392416387843303,-0.007658654981152079
0.2228819144687568,0.3966788266192127,-0.06824121549664655,0.03555225540216739,-0.0720282787307088,-0.05746824102800371,-0.014271360999367967,-0.016316588656718513,0.9931703851947894,0.006907918128064726,0.002162123553253087,-0.007261976154532866
0.21861975833451808,0.34047146457218036,-0.03845471939124632,0.15500183655296,-0.07669173429250402,-0.01273870462727005,-0.020301338011202236,-0.005888957610485312,0.9929437321335052,0.006869463408673481,0.002380743311587606,-0.006921504689960685
0.1698979621497792,0.22438549438871336,-0.006055292530028476,0.17951556130369184,-0.02906300002422492,-0.03348166395038221,-0.006844816425794999,-0.006300779609656524,0.9879350851692851,0.006863408116143452,0.0025506412737373845,-0.0066971191955719715
0.2466029107917628,0.4159024530865719,-0.06001685616486171,0.07308297217195571,-0.047159919366948855,0.006956012990817375,-0.015964468358716274,-0.009229345256635138,0.9808816037643165,0.0068033912599785905,0.0027972441845291476,-0.0062812167424854005
0.2572450273789978,0.39668036891145725,-0.19914501209609853,0.10720347768209938,-0.12586357447404317,-0.012868811341636944,-0.0025568055816106473,-0.009812038268288626,0.984552836774157,0.006604246247882491,0.003054489211908145,-0.005884536373573944
0.36075694284808263,0.5055984340400015,-0.4666667285524445,0.07981963849394898,-0.0802543318782013,0.014484814236222375,0.0010969419738970244,0.007379436426162845,0.9785504426601902,0.0061375795193300475,0.0034152461547562276,-0.005378937939533942
0.39098074124122634,0.395890228399708,-0.3648491908454367,0.13178593486622822,-0.06610577014081052,-0.01576367952865098,-0.012188337552508458,-0.002372998329291052,0.996691534888237,0.005772730328484611,0.0038062268959974544,-0.004983047711134235
0.13529955893329323,0.5096058634430385,-0.25524972011017233,0.16672763874909455,-0.16327733880989084,0.06128900022134055,-0.010270845528696556,-0.013110153580591342,0.9810045885257642,0.0055174806083744385,0.0039415264549307475,-0.004473441847691196
0.301422117432656,0.5332499226318007,-0.4737755713587793,0.09822533607400281,-0.11218843439365786,-0.06782578457790546,-0.010678544721396021,-0.00042166882106971833,0.9898545965822505,0.005043705037015659,0.004242948572363403,-0.003940191925059395
0.35246047954963267,0.5821615679053627,-0.5077765270456955,0.14908051890111043,-0.08671296961445336,0.06204646425495317,-0.016227470117025817,-0.009416974606643876,0.989853509891985,0.004535928509969963,0.004595409051913036,-0.003358030357154032
0.10445149796668912,0.4247739366099923,-0.4983344499755066,0.050149374124080444,-0.018118075417945707,-0.006432750425847065,-0.0215511357334057,-0.0053917209922123375,0.9883991428566539,0.004037594059994456,0.004699860549879725,-0.0029332564205440397
0.1791970497577827,0.6101457250205912,-0.6377903534733093,0.12598809933872385,-0.00800939244615152,0.09291691587107855,-0.018204012083728086,-0.0017592203950677256,0.9915303044916117,0.003399803706521147,0.004879057599637509,-0.0023231106955234485
0.07883431126338766,0.3360537626036013,-0.680215056944835,0.10546733587870068,-0.020456289055738045,0.03494047705231477,-0.02407939295058903,-0.0029174077420325737,0.9836788018921618,0.002719588649576312,0.004957891910900896,-0.0019870569329198473
0.2523899702501051,0.3764970414218437,-0.6627129260672746,0.030777631411172797,0.06003618636907805,0.09154631843138673,-0.017730736206251325,-0.0016449402296510006,0.9820042165554046,0.0020568757235090375,0.005210281881151002,-0.0016105598914980031
0.20631511300370803,0.47419645955788137,-0.6467572265185388,0.09733674735537162,0.002092928995354415,0.04550545813195651,-0.004636767474731096,-0.004417671013333722,0.9951925671553006,0.0014101184969904986,0.005416596994154709,-0.001136363431940122
0.30233883557459795,0.6194728735777277,-0.7311170191069623,0.04409155823033655,0.045881296510163094,0.09681146070751327,-0.014724672276059633,-0.007130230024174555,0.983938645397964,0.0006790014778835364,0.0057189358297293075,-0.0005168905583623942
0.19765280712037483,0.48935519324635257,-0.6671292424825627,-0.005681115993726117,0.014791551984357925,0.11093117003886548,-0.012126184047761125,-0.006608979156891619,0.99131995172751,1.1872235400973597e-05,0.005916588636849682,-2.75353651160416e-05
0.16776071761454703,0.21762664220388192,-0.6081883493445825,0.018326183749979953,0.02132033593145563,0.09041984761038156,-0.004705498859022385,-0.002718102472502576,0.988529273859827,-0.0005963161139436089,0.006084349354464228,0.00019009127708784034
0.2698944754277137,0.46385708238583706,-0.530347718831508,0.007546790377129865,0.04230616712668492,0.08865490110035115,-0.01597882592190286,-0.008093261900945342,0.9919591057612962,-0.001126663832775117,0.006354243829891942,0.0006539483594736774
0.23968118702529267,0.37742893195055366,-0.7269166809441253,0.003911262596993916,0.07508876397161109,0.0689174113730373,-0.014254673766072735,-0.00039150432238848265,0.9898875681920574,-0.0018535805137192423,0.0065939250169172355,0.0010313772914242309
0.20984954182739307,0.43759789557367523,-0.5908649411739606,-0.00016764546160790783,0.09642398764770468,0.08141074551145176,-0.015317064690198974,-0.011396333164657765,0.9919235794618073,-0.002444445454893203,0.006803774558744629,0.0014689751869979063
0.13017190252409835,0.42665312635729896,-0.6431319501857126,0.04115264380716311,0.028837529767535657,0.1108122645898059,-0.0046308275593230225,-0.0010130825545326314,0.9919928999482711,-0.003087577405078916,0.006933946461268727,0.0018956283133552054
0.07312315181422152,0.3504699306459545,-0.5180668668819031,-0.02144779918262647,0.06604198320572792,0.09859282666619443,-0.011152643057991535,-0.005033616981445254,0.9856688719389032,-0.0036056442719608196,0.007007069613082948,0.0022460982440011597
0.22887624482592872,0.29368810938929546,-0.6090957391899494,-0.06344963841586908,0.047078649920766394,0.09247290763274539,-0.010351447301565822,0.006389623107320263,0.9929142180763779,-0.0042147400111507685,0.0072359458579088765,0.002539786353390455
0.048525323622140855,0.35258005155233585,-0.34001308621513504,0.05054193237262192,0.0810292188064821,0.030024380147779847,-0.009593823705269174,0.00877444844027989,0.9951046570052404,-0.004554753097365904,0.0072844711815310175,0.002892366404942791
0.12664761153174334,0.2725351148847164,-0.5073327925718303,-0.04357176331607342,0.15967435906422422,0.0999674421989705,-0.014107827457710678,6.985851537129805e-05,0.9887019431958058,-0.005062085889937735,0.007411118793062762,0.0031649015198275073
-0.07694940944509421,0.22056360399399022,-0.40256087315359895,-0.04905168496958133,0.11804450640366823,0.004253746353658943,-0.015394154291326201,-0.008792232094544078,0.9919158987781572,-0.005464646763091333,0.007334169383617667,0.0033854651238214976
0.04050134352010674,0.12458587797616005,-0.3954240995103135,-0.08816642697243082,0.1179041815703137,0.04359421040607954,-0.012040236496391216,-0.0005033399891595299,0.9870749043540683,-0.005860070862601646,0.0073746707271377734,0.0035100510017976577
0.029435050837593082,0.09201460842118231,-0.4332371518067524,-0.08359168304128764,0.1608796176764523,0.07692888332121182,-0.015014962678223383,0.0023032216194008876,0.9940405650068493,-0.006293308014408399,0.007404105777975366,0.0036020656102188396
-0.0732887997367259,0.040863797713564666,-0.26865098035150337,-0.10319130652930608,0.06895130071840617,0.08372628146077388,-0.013727080227247546,-0.0024206823358067873,0.9906131102522737,-0.006561958994759901,0.0073308169782386415,0.0036429294079324045
0.014194751993229567,0.04309507359671496,-0.24478594554834615,-0.07759628520523223,0.13718603772571908,0.08066746089534146,-0.00963383889059824,0.007245859092677357,0.9903803628902673,-0.006806744940308248,0.007345011730231871,0.00368602448152912
0.011396613538954103,-0.020216127258927817,-0.031312982425630416,-0.04236322767193587,0.09920519449407013,0.0963538862122637,-0.013337638713635008,-0.0010122803955599957,0.9795586461541175,-0.006838057922733879,0.007356408343770825,0.003665808354270192
-0.007633302055664547,-0.011005875371359271,0.008043626419931145,-0.13824671229014351,0.07226788430190244,0.03276902689610123,-0.011376548332497953,0.0030825140940037806,0.9925632299832896,-0.006830014296313947,0.00734877504171516,0.0036548024788988324
-0.11874608562745743,-0.1058917582487024,0.046091173842791426,-0.08402878295639558,0.0932637154839831,0.007332422442561161,-0.010172846741583308,0.00451454712821404,0.9940970639553979,-0.0067839231224711555,0.007230028956087703,0.0035489107206501305
-0.03803539758807204,-0.055307520507764954,0.2505106567871272,-0.06530115689825278,0.11357350742017937,0.005695143254141085,-0.02259019774226289,-0.011165185388787476,0.9979957324295002,-0.006533412465684028,0.007191993558499631,0.0034936032001423654
0.016273519556065166,-0.1880652562229561,0.19319347782523183,-0.13391944162084188,0.09662642020362047,0.016265816958569664,-0.02216294315418992,-0.00569743482031788,0.9832710617077699,-0.006340218987858796,0.0072082670780556956,0.0033055379439194095
-0.2270894985026416,-0.17695613593626633,0.3675966820515984,-0.061532682669406605,0.09647006082532858,-0.023907400859136833,-0.019810085898347565,0.0030958219052631243,0.9807009612574298,-0.005972622305807199,0.006981177579553054,0.0031285818079831427
-0.045961854358145565,-0.17907187564436947,0.42823932177641744,-0.0884937685618864,0.04982147177271051,-0.008060957464582756,-0.02415721743793029,0.0012859565989038156,0.9949901265285017,-0.005544382984030781,0.006935215725194909,0.0029495099323387734
-0.0930352394005821,-0.12777337523233445,0.4326194377044572,-0.1057033471381308,0.1615684738792349,-0.0602987849402584,-0.019901333095148424,0.008211561374135357,0.9984116595356145,-0.005111763546326324,0.006842180485794326,0.002821736557106439
-0.16831566138611917,-0.3145352327336286,0.28990168462796856,-0.10979888458733694,0.12239511204453758,0.06500398574261272,-0.006138896406602137,0.0036798132001401402,0.993408667375737,-0.004821861861698355,0.006673864824408207,0.0025072013243728104
-0.18857127990596056,-0.27079439892531454,0.4841047967218709,-0.04841055287696354,0.07429891812087609,-0.0444209746944839,-0.012735825645231416,0.010432639928410162,0.9853543057308921,-0.004337757064976484,0.0064852935445022485,0.002236406925447496
0.07541194803587484,-0.15587130576546054,0.48462309581015883,-0.10125031292712953,0.11810779549986851,-0.01130393569618881,-0.011687351366818845,0.0002882993926875614,0.9841789255091811,-0.003853133969166325,0.006560705492538121,0.0020805356196820354
-0.12863557561495093,-0.26135376367202556,0.65606585480935,-0.020297547470627404,0.07087378523541975,-0.08838622942786815,-0.013663548584171962,0.0003726815766659933,0.9889340674109738,-0.003197068114356975,0.006432069916923171,0.0018191818560100098
-0.0747701386716117,-0.23953061062190115,0.6319672350168708,-0.07971585897489378,0.03480944376421326,-0.09563170389039778,-0.013861352769125654,-0.006764687386668068,1.0003764705757028,-0.002565100879340104,0.006357299778251559,0.0015796512453881088
-0.1366447550958515,-0.4522217654515834,0.6889383609153177,-0.07656059377951618,0.017578296998231255,-0.07184094389659688,-0.012125970117505538,-0.003306092432792831,0.9907064607522991,-0.0018761625184247864,0.006220655023155708,0.0011274294799365253
-0.13049490271850894,-0.3269245522132892,0.6181883092808383,-0.07083164831972602,0.02620061093922836,-0.13771541497087134,-0.013565176296980192,0.005086257808038825,0.9989356059422854,-0.001257974209143948,0.006090160120437199,0.0008005049277232361
-0.07337512117501808,-0.39484070218561634,0.7257435926932437,-0.07638751689751613,0.00857274036842912,-0.08212145433062025,-0.011493514126577651,-0.0004659958039568207,0.9830163486355248,-0.0005322306164507041,0.006016784999262181,0.0004056642255376197
-0.04914786854024665,-0.35276113528096964,0.7561645533376602,-0.02859622309302167,0.01404402531497234,-0.10517011589760934,-0.02236778874814923,0.004208033220110579,0.9964439553609163,0.0002239339368869561,0.005967637130721935,5.290309025665002e-05
-0.06509346108979483,-0.30780865171118255,0.8675206144515344,0.01206564576382349,-0.03214193046083398,-0.026237526875409707,-0.011655628393129065,0.00716920998630792,0.9893473424583167,0.0010914545513384907,0.00590254366963214,-0.00025490556145453254
-0.3184555109556409,-0.27388470133577586,0.7660289391310457,-0.05229134902546891,0.008198752837265042,-0.11255141577480655,-0.009753085021327282,0.0038187102052970657,0.9976675297155535,0.0018574834904695363,0.0055840881586765,-0.0005287902627903084
-0.08595557290643806,-0.2884263975571989,0.6336379355479453,0.012077581012640561,-0.02544058277933576,-0.12015215731408814,-0.022247778471112416,-0.00603115588718121,0.9946516372101406,0.0024911214260174815,0.005498132585770061,-0.0008172166603475074
-0.22799088123743733,-0.27544513906640894,0.7366371082134557,0.030498019888967807,-0.03356690255581779,-0.08059079537405278,-0.01726918669519712,0.006175082722572984,0.9906753870706929,0.0032277585342309375,0.005270141704532625,-0.0010926617994139163
-0.21718585068633023,-0.2195868839141761,0.6590021644988667,0.010119493768779027,-0.1216481481755101,-0.12288128772791652,-0.016369513313098615,-0.0013847515695467067,0.9979852069129096,0.0038867606987298044,0.0050529558538462945,-0.0013122486833280925
-0.027469604164594888,-0.22550737977743057,0.49447080756413364,0.03145467087364804,-0.06062604958504856,-0.0927710518602403,-0.016723704387685865,0.0008700517923124025,0.9971703978438957,0.004381231506293938,0.0050254862496817,-0.001537756063105523
-0.12220091200351775,-0.14340912314184656,0.6022794187505498,0.02712936537015579,-0.13983844644282115,-0.08765567123355586,-0.01585528939418994,0.005953004430572914,0.9936859216498307,0.004983510925044489,0.004903285337678182,-0.0016811651862473698
-0.2380431739876416,-0.21550846668090493,0.47734993049389735,0.001760927289184716,-0.11005880395459258,-0.0668417962782947,-0.010080154774201466,0.008629423835558897,0.9932557593478405,0.0054608608555383855,0.00466524216369054,-0.0018966736529282746
-0.09376691835346307,-0.04223065365248227,0.4120068217367546,-0.026087078912236748,-0.11764703452419577,-0.08843655010494794,-0.00938153207772227,0.01063809960427377,0.9885061217851426,0.005872867677275141,0.004571475245337078,-0.0019389043065807566
-0.0399501134253365,-0.030801424626851898,0.43461098076182053,0.062197114940785336,-0.16660519399819265,-0.08781961242758529,-0.017572733064850125,0.010382993181618783,0.9869386867842675,0.006307478658036961,0.004531525131911741,-0.0019697057312076088
-0.003940516569672092,-0.16192003436785352,0.23468414510920926,0.014399936093256599,-0.1335141350221521,-0.08382510695998927,-0.026650122135373388,0.004959749824613353,0.989685309875123,0.006542162803146171,0.004527584615342068,-0.0021316257655754622
-0.1665543207690386,-0.03637664410889524,0.07272459834474776,0.040376829008129,-0.18872474497579741,-0.13536070233927855,-0.022159633714796508,0.001057666349428438,0.9861909094173911,0.0066148874014909185,0.00436103029457303,-0.0021680024096843577
-0.15511171632615176,0.04724777259125122,0.10767012626627648,0.08400207922285688,-0.1447735852503367,-0.009632560551856637,-0.008854922327366456,-0.004293547567452474,0.9934801422955031,0.006722557527757195,0.004205918578246878,-0.0021207546370931064
0.1490078477205021,0.02238946445845296,0.10765098937785869,0.025033876842627253,-0.16433553051613348,-0.10043520807503133,-0.02215259389518806,0.005419052091251061,0.9973380599357481,0.0068302085171350535,0.00435492642596738,-0.0020983651726346536
-0.22521584742476725,0.12730650421371978,0.009728994029393458,0.08251750198966458,-0.11320930935768006,-0.07132609042850842,-0.02316978196045391,0.01259903002639758,0.9877762677083339,0.0068399375111644475,0.004129710578542612,-0.001971058668420934
0.06784617199512125,0.11251514301217795,0.06342266682503081,0.04648537263259288,-0.155676164132905,-0.05326279937855657,-0.01689926040388869,0.006250266756459353,0.9936187396327538,0.006903360177989478,0.004197556750537733,-0.0018585435254087558
-0.0636343800714624,0.1382015219200275,0.0021537371596874466,0.06792387030451888,-0.14233457685498382,0.012030350254118907,-0.017543967027333594,0.010163174495096487,0.9907374954182009,0.006905513915149166,0.004133922370466271,-0.001720342003488728
-0.08586496712063427,0.15707169541537752,-0.14771663534801277,0.08363597897401871,-0.19135858487889312,-0.021515553901469593,-0.024310363532602006,0.015130276023288664,0.9920574908039278,0.006757797279801154,0.004048057403345637,-0.001563270308073351
-0.031676267941492815,0.26212929360286547,-0.11604306311324523,0.08514464363667587,-0.201562835306741,0.012053663861749433,-0.015339181043818963,0.005382132679758266,0.9920500166335349,0.006641754216687908,0.004016381135404144,-0.0013011410144704854
-0.006446604355611315,0.1932024407975993,-0.2623877820055264,0.051818151162628265,-0.22192620037461908,-0.020109991905277923,-0.020079771529072588,-0.00252965082710907,0.9958767841639543,0.006379366434682381,0.004009934531048533,-0.001107938573672886
-0.019696027508606783,0.334319896533553,-0.14913054726510597,0.046424150080941085,-0.20814225209228238,-0.030135364582796226,-0.012301776662228807,0.010953299523302491,0.9821582232312351,0.006230235887417276,0.003990238503539926,-0.000773618677139333
0.007235937359316585,0.30280885860503254,-0.15538177306501597,0.05762646687588704,-0.15045100868045674,-0.007996116891831767,-0.021985888363710796,-0.0012593291479729603,0.9953868161791972,0.00607485411435226,0.0039974744408992425,-0.00047080981853430044
0.043773717858028756,0.2333639358119875,-0.3862497658502846,0.06164783757138286,-0.18791604602179351,0.05780449200038835,-0.015219033381840701,0.0015832527059192704,0.9878286182032235,0.0056886043485019746,0.004041248158757271,-0.00023744588272231294
0.03212496146182417,0.10937283023030328,-0.4897764308920002,0.1011875834732904,-0.13876971075536404,0.050863159872071476,-0.022878421088579202,0.01066140291528513,0.9902087282033196,0.005198827917609975,0.004073373120219096,-0.00012807305249200966
0.16578040209409706,0.2506390020097879,-0.4449045050043299,0.01789837038477875,-0.20106842440127787,0.05670303659918899,-0.012762571100786881,0.0026141079105723363,0.9858944126188756,0.004753923412605644,0.0042391535223131925,0.00012256594951777825
0.0668544283361185,0.18910454416339906,-0.2993874072095946,0.027638355409354408,-0.2614302850731369,0.16450532201864457,-0.02263051634479754,-0.003939830390442005,0.9915390659724564,0.00445453600539605,0.004306007950649312,0.0003116704936811773
0.08270139306990626,0.3353515726018696,-0.5560713083684051,0.01991272461346618,-0.13561119806928487,0.12578934774511083,-0.019475170614294574,0.002407840954791185,1.0018357553222323,0.0038984646970276447,0.004388709343719218,0.0006470220662830469
-0.018699847021296345,0.2018663016789763,-0.3770944987165487,0.004395301032686909,-0.1787102627227358,0.08444506568212838,-0.017557899199837725,0.008581681872922027,0.9885091210009124,0.003521370198311096,0.004370009496697922,0.0008488883679620232
0.3015683483514072,0.29041398023730364,-0.49162855199803757,-0.03959888430436723,-0.12304256870216299,0.047143406026097,-0.01183702826987567,0.008851933452543535,0.9861663525566013,0.003029741646313059,0.004671577845049328,0.0011393023481993268
0.0894022168312734,0.19688884055193276,-0.5075561020364199,0.09208155416305285,-0.17913080393543604,0.15697971979047506,-0.021202092833002405,0.008394000039245182,0.996269255929085,0.002522185544276639,0.004760980061880603,0.0013361911887512594
0.17191403439014535,0.2863921607722736,-0.31953263157343403,0.051978396803681076,-0.10017910338113176,0.13163047814998532,-0.017784195115207544,0.017763308137767164,0.9959044985348119,0.002202652912703205,0.004932894096270748,0.001622583349523533
0.0538561153137478,0.2973385352688571,-0.35707419169718047,-0.05470223150404309,-0.1694478463933682,0.047838067120367415,-0.02020988586381772,0.010691513985781565,0.9974765982200557,0.0018455787210060243,0.004986750211584495,0.0019199218847923902
0.03183678826963411,0.17570655299905585,-0.22840184824199275,-0.019834362473469758,-0.11944378329724327,0.10378863691885847,-0.021964495345616203,0.007863978210196364,0.9972136136002735,0.0016171768727640317,0.0050185869998541285,0.002095628437791446
0.0179503996536549,0.21932092081105076,-0.17629212409935224,-0.034678130464870435,-0.16360521303468464,0.10446947116784551,-0.0183477820963777,0.009711139890530497,0.9959497729549094,0.0014408847486646792,0.005036537399507783,0.0023149493586024964
0.09477917307068821,0.07278133014162458,-0.3138526944937226,-0.04084532804043152,-0.05704373750303536,0.13194619151120793,-0.02244456102329904,0.015020202667894965,0.9962164335204676,0.0011270320541709566,0.005131316572578472,0.0023877306887441214
0.19120192260593388,0.22047653080190993,-0.2283642300576729,0.0029871994770306306,-0.11962358493994482,0.13146288693642935,-0.018833732481146278,0.0097938703900537,0.9890890160078177,0.0008986678241132838,0.005322518495184406,0.0026082072195460315
0.19485381934159277,0.3468343806091,-0.14452359347563087,-0.029543345424763872,-0.06331481269359944,0.12510071486184027,-0.01649069074751779,0.015099811486817757,0.9870125589773583,0.000754144230637653,0.005517372314525999,0.0029550416001551316
0.2196703792063141,0.215358189869301,-0.17609022952089026,-0.1252239769806503,0.009521964704491761,0.09006116845960564,-0.014064002335807596,0.01473453366440654,0.9896934783301693,0.0005780540011167627,0.005737042693732313,0.003170399790024432
0.18486364703171673,0.16812559398530788,0.0012214008776338797,-0.016532414743841196,-0.07879028311908555,0.1547884113862325,-0.012225457285144563,0.011399668199554808,0.9860143962958031,0.0005792754019943966,0.00592190634076403,0.003338525384009741
0.14590932925925282,0.2455314050650743,-0.001451706226890722,-0.09603252608068276,-0.00048586359855919874,0.09183126857653698,-0.010264283577471483,0.013441999461947417,0.9903389098148982,0.0005778236957675059,0.006067815670023283,0.0035840567890748146
0.18606447082121594,0.07695404170319964,0.004122234935152895,-0.07565326917232491,-0.0004187064375479983,0.1444268785052321,-0.018138220052093375,0.016034880421729524,0.9902361499782545,0.0005819459307026587,0.006253880140844498,0.003661010830778014
0.1761811402428501,0.005153287945620796,0.05680029848329225,-0.0980631289502254,0.028040883621274583,0.07056627200076862,-0.017539305989726358,0.0011959955238800488,1.004312830615904,0.000638746229185951,0.006430061281087349,0.0036661641187236346
-0.03705502949379391,-0.05702235390059901,0.2394153801214704,-0.06396492413859337,0.012974143022105249,0.06139399675612692,-0.02074332315154736,0.012090170854420696,0.999305279371132,0.0008781616093074215,0.006393006251593555,0.0036091417648230362
0.13260347417160148,-0.023904238455949287,0.13863199098804563,-0.098297019692375,0.03850754494063579,0.035501968953644304,-0.015179313293939449,0.008140482238195045,0.9919272061884579,0.001016793600295467,0.006525609725765155,0.003585237526367087
0.21553724244881955,-0.09695348576900392,0.3263982827907911,-0.1404051392254417,0.028943221421216723,0.08487796004534576,-0.01759116603177992,0.01630159120918432,1.0036544593572139,0.001343191883086258,0.006741146968213975,0.0034882840405980834
0.17444450598604413,-0.1507270929649435,0.27349218418159765,-0.11326796155324692,0.08532763299557435,0.13698182491701896,-0.01081071500332164,0.007012110034753749,0.991611908583996,0.0016166840672678555,0.00691559147420002,0.0033375569476331393
-0.01904636871539915,-0.09230886735353788,0.1546924273314874,-0.0961766571685815,0.08405501349686303,0.12447693928483326,-0.016118922789342988,0.02144357066034229,0.9898927641894006,0.001771376494599343,0.0068965451054846215,0.0032452480802796016
0.09580927682464849,-0.036953642907342626,0.19413786942166655,-0.14445128957970393,0.12643639210844504,0.07079031939275841,-0.02151454386798808,0.016756636499202667,1.0040365058432303,0.0019655143640210098,0.00699235438230927,0.003208294437372259
0.20500295321308248,-0.23581929068079582,0.3317117982718176,-0.14355131878134975,0.051329424490072065,0.1090559643780845,-0.015063317397816377,0.01125321435902447,1.0037995352221176,0.0022972261622928275,0.007197357335522352,0.0029724751466914633
0.09116183260371656,-0.28643122741042076,0.4249896200670319,-0.11059744497507684,0.12049158226849699,0.019215234777116688,-0.021306001661348235,0.01409308992355161,0.9998810925408418,0.0027222157823598592,0.007288519168126068,0.0026860439192810427
0.0532258587255718,-0.26956956805270993,0.42034513797033085,-0.1278293365690611,0.13019146936768108,0.026415983613510025,-0.023129404694977734,0.019790243503137458,0.9973104563653011,0.0031425609203301905,0.00734174502685164,0.002416474351228333
0.07871574897285227,-0.27880619217316066,0.3856626589047683,-0.20269370289041083,0.1056039248775669,-0.026715635833727228,-0.018513528220367073,0.013381179481635625,0.9987799607747352,0.003528223579234959,0.007420460775824492,0.002137668159055172
0.017490269329797102,-0.345808669738755,0.420850429567212,-0.11768278612476085,0.15733294946764115,0.05802394777283944,-0.02902383450773656,0.007873732425667095,0.9952025985714833,0.003949074008802171,0.00743795104515429,0.0017918594893164168
0.03362943949819453,-0.380549291232743,0.4754864275459654,-0.18100196390325604,0.16790715244516335,-0.021751620677469607,-0.015375988668360282,0.004699993436160982,1.0017481813925524,0.004424560436348136,0.007471580484652483,0.0014113101980836739
0.007900473512685182,-0.3226022815792899,0.18725964985367063,-0.16156119977431915,0.13222774539343146,-0.015749870175490274,-0.01972159977933946,0.014771571878729465,1.0053194405520125,0.004611820086201807,0.007479480958165169,0.0010887079165043838
-0.04175478917569974,-0.4276487585021153,0.3856847990310511,-0.1774509891380342,0.17527858182854442,-0.002170402058293424,-0.016866881169387487,0.01063182657096929,1.0016768046727096,0.004997504885232858,0.00743772616898947,0.0006610591580022685
-0.08069281786454921,-0.5501876759412825,0.35458452167121746,-0.14775906237159406,0.12884629854881816,-0.022022991358017843,-0.010730444662304819,0.015091584746566224,1.000570446612852,0.0053520894069040755,0.00735703335112492,0.00011087148206098597
-0.06267059612655504,-0.42256271272330403,0.4223432099627495,-0.08771475562593965,0.1958400644842239,-0.055778068144293,-0.013276058467969865,0.012744950956070361,0.986854097081369,0.0057744326168668245,0.0072943627549983655,-0.0003116912306623181
0.03147489834263005,-0.4316784793805297,0.2945632595048367,-0.1563662546294022,0.188274647263201,-0.04786719097880012,-0.019088082881599765,0.01930408620839925,0.9993396314345427,0.006068995876371661,0.007325837653340994,-0.0007433697100428478
-0.10506163562205519,-0.5204493920915101,0.14609410272595302,-0.11592639801486576,0.23099291109480208,-0.1059491125014902,-0.019573908587359242,0.024237831571568065,0.991526330934839,0.006215089979097614,0.007220776017718939,-0.001263819102134358
0.1289297421109944,-0.5733027509439643,0.29908205920788683,-0.1449955790773885,0.20685239380006093,-0.04962696403911458,-0.012094294462599285,0.01646647339539819,0.9877752595240273,0.006514172038305501,0.007349705759829933,-0.0018371218530783221
-0.04697727504742286,-0.6229584943708002,0.09571007216507471,-0.1071173218799479,0.26188862234389754,-0.07298526862177948,-0.024186375939976607,0.018723310200802996,0.9935938390897697,0.006609882110470575,0.007302728484782511,-0.0024600803474491228
-0.057759166218501544,-0.4010296977706843,0.08930232138528595,-0.12042774791113955,0.20375974705675864,-0.022083868901246452,-0.018250439248374734,0.020720718589612587,0.9901571152102223,0.0066991844318558605,0.007244969318564009,-0.002861110045219807
-0.14906858707301315,-0.4402115304440743,-0.026055318769875407,-0.09393352410427128,0.17498965616413067,-0.07498388838977955,-0.010276475646177867,0.018831424768856506,0.9987923971485466,0.006673129113085985,0.007095900731490995,-0.0033013215756638806
0.02439450393388981,-0.43422378030020414,-0.012781300943776646,-0.09826771441845782,0.14968090058056013,-0.059589072668324215,-0.0180398438660548,0.022703287040018907,1.0035517671863463,0.006660347812142209,0.007120295235424886,-0.0037355453559640853
-0.17118556259652598,-0.3924028788546992,-0.039070227904034825,-0.060657700192936856,0.15454902169961798,-0.062472473982875344,-0.01596170991262318,0.009792307336272763,0.9922157594547989,0.0066212775842381735,0.006949109672828359,-0.004127948234818784
-0.10556127214708522,-0.5835226754271984,-0.22242279066062268,-0.06248808087296027,0.2221575180070412,-0.016317520786809175,-0.017589477196215002,0.01866858016056197,0.9963584282624414,0.006398854793577551,0.006843548400681274,-0.0047114709102459825
-0.21692430143267857,-0.4897719881793087,-0.07882872572738851,-0.03247149604922763,0.1838624340735661,-0.0482475061582999,-0.020296972919883142,0.023378097612371366,0.9874833638339222,0.006320026067850162,0.0066266240992485965,-0.005201242898425291
-0.18644291266948246,-0.44584280854174585,-0.3366064473026014,-0.00488220247797142,0.09664600422402618,-0.05910177675094289,-0.022180115745468843,0.0049115470374143065,1.0000917549925084,0.0059834196205475615,0.006440181186579114,-0.005647085706967037
-0.2261235190152167,-0.4330114536707491,-0.19607983648794464,0.03382095535105795,0.20880205406597718,-0.05578452027355978,-0.02156999975719312,0.016654073993965356,1.0033307378189231,0.005787339784059616,0.006214057667563897,-0.0060800971606377865
-0.19200211791676092,-0.3740413446509324,-0.3241255646902557,-0.06224354693470603,0.18431495947076437,-0.07504672641627291,-0.02144754065302523,0.013658434299378021,0.9926643901362101,0.0054632142193693604,0.006022055549647135,-0.006454138505288719
-0.29134090937848356,-0.39882384892273354,-0.589329837651905,0.04401942717752479,0.09376361121015042,-0.03513798786604328,-0.02016481287187633,0.010703708872758342,0.9965748474712841,0.004873884381717455,0.005730714640268652,-0.0068529623542114525
-0.21688728907499585,-0.21550972920391498,-0.4069714659838463,0.008325799548766137,0.08820705992441089,-0.050382555085311156,-0.014582973495187829,0.014628068917256681,0.9915608162343924,0.004466912915733608,0.005513827351193656,-0.007068472083415368
-0.09569583977139468,-0.35493682103638513,-0.5305262070284656,-0.01039680654214561,0.10798623870785837,-0.08834003411425646,-0.018370261502015896,0.012321330832935868,0.992228692426806,0.003936386708705142,0.005418131511422262,-0.0074234089044517525
-0.19495972495158193,-0.31300372596448395,-0.46354895162449883,0.06743200448972383,0.09797448539107892,-0.02355218321036833,-0.025402988047208645,0.010128571752065725,0.9968978535175486,0.0034728377570806437,0.005223171786470679,-0.007736412630416237
-0.2467770330276024,-0.274924223402104,-0.6882173986948842,0.10693449144376682,0.1359646746743362,-0.029133528907624683,-0.01565617352863269,0.017510751555771503,0.9919070515383944,0.00278462035838576,0.0049763947534430765,-0.008011336853818342
-0.2028599211682227,-0.1012202584483414,-0.6512626815128884,0.03363749341836811,0.1009049397798666,-0.020636163168931583,-0.02149170002212864,0.02052805723539693,0.9975380996032899,0.0021333576768728713,0.0047735348322748535,-0.008112557112266681
-0.19832143777028843,-0.1368257309386875,-0.7926281292505002,0.12833591908329892,0.05758276485953591,0.015321773861615475,-0.022905585671487233,0.024163027914936717,0.998050224269956,0.0013407295476223712,0.004575213394504565,-0.00824938284320537
-0.24825527695572497,-0.15440671158082975,-0.6289313018336901,0.10808101193218589,0.02952550267802568,0.03035708904313395,-0.02381898244500124,0.02082686192703162,0.9938439214997054,0.0007117982457886811,0.00432695811754884,-0.0084037895547862
-0.25900145221777066,-0.1185693858092574,-0.5560523437674316,0.06309928209135628,-0.0495322928697803,0.02580718979302339,-0.02420371389193969,0.016116568801136023,1.0039879545081534,0.00015574590202124938,0.004067956665331069,-0.008522358940595456
-0.18597022990273224,-0.03536735290086428,-0.6450145162754274,0.12262293301230387,-0.005442795240194983,-0.02691026918608129,-0.017652654668992563,0.024289763687875852,0.9982043041211859,-0.000489268614254178,0.003881986435428337,-0.008557726293496321
-0.20385497140793815,0.0200859033382104,-0.6414185606956744,0.09713278683054839,0.04673010259714579,-0.010447320358882508,-0.0075630472499515836,0.018283080143000615,1.0000029332053266,-0.0011306871749498524,0.0036781314640203983,-0.008537640390158112
-0.11355642787504147,0.07679618183752455,-0.6920801841838414,0.0785191752095456,0.02479608752013347,-0.0032735236482040134,-0.020071434578276384,0.015329606223491856,1.0121675539259483,-0.0018227673591336938,0.0035645750361453575,-0.008460844208320585
-0.3285886207369308,0.20508942691712978,-0.6620720456498149,0.1441710357784858,-0.00888616381487876,-0.005384581750488152,-0.0247014713684326,0.023298760863676993,1.00241395530642,-0.0024848394047835088,0.003235986415408426,-0.008255754781403456
-0.2761645150939909,0.3679166522359195,-0.5872030901240517,0.07304001328884634,-0.014863095186312996,0.01739564459601419,-0.020802547479690757,0.02662292013842385,1.0058281742117943,-0.00307204249490756,0.0029598219003144355,-0.007887838129167537
-0.3174515129034803,0.2277143670616184,-0.573657318945117,0.10221039669259396,-0.05940981032244701,0.030466076052653494,-0.02673361911806087,0.014555990946165663,0.9931263067654331,-0.003645699813852677,0.002642370387410955,-0.007660123762105918
-0.19786308135249595,0.21147592975847118,-0.5626683076349501,0.15430299801430625,-0.1061831374641035,0.07637698581481205,-0.024293076580298886,0.015985447705166637,0.987662468048883,-0.004208368121487628,0.0024445073060584592,-0.007448647832347447
-0.33504979351503533,0.140399083614119,-0.6022034315443344,0.12631738087017125,-0.02172093368813672,0.08859072181312895,-0.013256278881310334,0.02534992559048743,0.9894970087214501,-0.004810571553031963,0.0021094575125434243,-0.007308248748733328
-0.23373547832873579,0.23323153912325956,-0.44820653401315924,0.14631055213339586,-0.13938003886586292,0.11314666706882716,-0.01975481220565714,0.023499325537502006,1.0000233061483055,-0.0052587780870451215,0.0018757220342146882,-0.007075017209610068
-0.0730419664617244,0.26426562541812326,-0.4977269947578471,0.17017046240603598,-0.04960587710674507,0.06982510274800754,-0.013802614896812386,0.022788622080185762,0.9955274789818961,-0.005756505081802968,0.001802680067752964,-0.006810751584191945
-0.08768652086635877,0.3619286270775136,-0.4548931629001694,0.10866517197258743,-0.0074601286043212665,0.0552281010027872,-0.01787528018692286,0.02655295809532839,0.9987453034708641,-0.006211398244703137,0.0017149935468866052,-0.006448822957114431
-0.2418371767241706,0.390575528096078,-0.20106118165503875,0.08224900491264778,-0.127259397862298,0.14490985813248305,-0.024926316500048746,0.027708189610774325,0.9884778244606672,-0.006412459426358177,0.0014731563701624343,-0.006058247429018353
-0.06585155506473449,0.44926571568837825,-0.25061551206808275,0.13191288962908748,-0.08753971093501141,0.11754489916225132,-0.02616705957484889,0.02096388383584447,0.9997408106441392,-0.006663074938426258,0.0014073048150977001,-0.005608981713329975
-0.13442592828804678,0.5516378598892353,-0.055174244217735965,0.12339394583189273,-0.12068358494871363,0.1597822774685864,-0.014257273383657511,0.03172510370665425,0.9909064928693061,-0.0067182491826439945,0.0012728788868096533,-0.0050573438534407406
-0.07815732969791701,0.6417804575072137,-0.07229783628180074,0.07942501939441997,-0.1395311951965008,0.05624439559232745,-0.02303284233173082,0.033197133644661536,0.9930030066093298,-0.006790547018925796,0.0011947215571117362,-0.004415563395933526
-0.043994506482122914,0.47378000596863784,0.09834295950748803,0.14711559471333424,-0.15392239630086932,0.10077154313690553,-0.02320558716108007,0.019549537995294478,0.9984749750878169,-0.006692204059418307,0.0011507270506296132,-0.003941783389964889
-0.11467106137660035,0.5204282472190028,0.11619314164733072,0.039811428320698186,-0.12856285375944193,0.09844048138786705,-0.02402431372200299,0.02388590900267233,0.9931201396537713,-0.006576010917770977,0.0010360559892530128,-0.0034213551427458863
-0.15783785993118948,0.5864766572872081,0.14712949978909198,0.08581905851728837,-0.07806777010520469,0.10742795775405567,-0.01708329239212151,0.017930072590445562,0.99660185001088,-0.006428881417981884,0.0008782181293218233,-0.002834878485458678
-0.15552467031116068,0.4382411491006086,0.2627048115483916,0.061083815499365916,-0.09352576769793756,0.05633623551318777,-0.01895039340207551,0.025622761858199086,0.9916704924365818,-0.006166176606433493,0.0007226934590106627,-0.00239663733635807
0.08541150146737941,0.4890507468628781,0.28237661719793744,0.05844245709232683,-0.12547020670539108,0.03346655218259138,-0.020405386816739698,0.015071618814091303,1.0005564936786282,-0.005883799989235556,0.0008081049604780421,-0.0019075865894951916
-0.0419040538622622,0.4185684808907772,0.41520618397359643,0.07763934498204458,-0.06947278979336763,0.051093328518621625,-0.015611757148473016,0.01711118576265387,1.0030871595459672,-0.005468593805261959,0.0007662009066157798,-0.0014890181086044145
0.02929126641805222,0.5776007245940776,0.42988188308266795,0.05544425546052258,-0.08743563608887947,0.03352494277200014,-0.024524524677475602,0.022538779433772745,0.998999131610109,-0.005038711922179291,0.000795492173033832,-0.0009114173840103367
-0.02905985338533012,0.4433501789130725,0.3649735115573371,0.026224485316382315,-0.04685692896583982,0.019982148549437653,-0.020793223831217855,0.02477765370047965,1.0026358382192484,-0.004673738410621953,0.0007664323196485019,-0.0004680672050972642
0.002060951788772976,0.477511160804959,0.3853806791206598,0.054471028863825405,-0.04842568838202623,0.047788841923726934,-0.019434740547968437,0.01878075450255548,0.980791923750273,-0.004288357731501294,0.0007684932714372749,9.443955707694797e-06
-0.012449133595078342,0.6137558070874128,0.43714298931176004,0.06387577044601993,-0.09460576011696763,0.04989576684604014,-0.01787000143008638,0.014090380931800312,0.9985628050261982,-0.0038512147421895337,0.0007560441378421965,0.0006231997627951076
-0.020130440478292322,0.37533925398180334,0.6897513696540732,-0.02865161494192934,-0.044307452604027,-0.006370008292873179,-0.01579521971220426,0.028284282519074794,0.9971566265182021,-0.00316146337253546,0.0007359136973639043,0.000998539016776911
0.05919202511774555,0.380120956165437,0.5949145980969093,0.008091351143393826,-0.08861420779523885,0.02759454239206103,-0.02793226052505468,0.020662165330891224,0.998053306895753,-0.0025665487744385507,0.0007951057224816499,0.001378659972942348
-0.021163298851664347,0.4125346484608255,0.7269730353759366,-0.012628567294632274,-0.09885084409694203,-0.03006882372021944,-0.017341137386454947,0.024014735668436607,1.0019390515536108,-0.0018395757390626143,0.0007739424236299855,0.0017911946214031736
0.0982045871386471,0.4140537662354104,0.6477836323771834,-0.05905453852641261,-0.06116579667976765,-0.039033897857076984,-0.021646003775797937,0.022062450291732396,0.9949735027826405,-0.0011917921066854308,0.0008721470107686326,0.002205248387638584
0.09227816342662801,0.24446052983931824,0.7794017841278325,0.007233670049905079,-0.036194439577429204,0.004412647291390586,-0.02200153808516978,0.029841656454653233,1.0015070198194314,-0.00041239032255759825,0.0009644251741952605,0.002449708917477902
0.07021048987330386,0.2794957374452733,0.728421548927551,-0.021461792150648522,-0.03952890689693911,-0.020354871192234454,-0.025235022937789307,0.017637123436162642,0.9878558416229422,0.00031603122636995277,0.0010346356640685644,0.0027292046549231754
0.0043814451505252705,0.278260013922359,0.8329935901052246,-0.07895183092406612,-0.03109141567715814,0.004141709903741931,-0.026349850451444903,0.025901829510386703,1.001352873984426,0.0011490248164751774,0.0010390171092190897,0.003007464668845534
0.09664367911365171,0.22680779558015135,0.6757679914554852,-0.0066964104659856805,-0.0005551298251611041,-0.012139291032034693,-0.019430971867590137,0.033388123609102094,0.9995867624456826,0.0018247928079306625,0.0011356607883327415,0.003234272464425686
0.28168660375929866,0.09728348210492249,0.7565241578969439,-0.001931494436509992,-0.062251893456605076,-0.01655944062106409,-0.022705161113059,0.022574507459726383,1.0019125599033454,0.002581316965827607,0.0014173473920920403,0.003331555946530609
0.3084440597479595,0.07345067744428001,0.6656586249460167,-0.09192248053790068,0.030129739610080683,-0.035521620300708406,-0.02145949736242143,0.023427065197098706,0.9969707742507131,0.0032469755907736236,0.0017257914518399996,0.0034050066239748886
0.11249129994282431,-0.009437619313045167,0.6461437003895769,-0.012087673615453133,0.023287796548584903,-0.02543947173423989,-0.022441032906561256,0.022989306505431503,0.9913569299340582,0.0038931192911632003,0.001838282751782824,0.0033955690046618436
0.2853667374478741,-0.04617884171839681,0.5003121221740073,-0.08964829364868859,0.018283324301371626,-0.0061707278461084845,-0.02426431369491252,0.020877198704189154,1.0053982602793345,0.004393431413337208,0.002123649489230698,0.003349390162943447
0.2611289506190393,0.0074526535947467,0.44659844742249954,-0.1394088689789055,0.10802449400701054,-0.11091259435675918,-0.02945571600059027,0.02155152895495665,0.9949931736234991,0.0048400298607597075,0.0023847784398497375,0.0033568428165381935
0.30119602097108056,-0.03604782397488637,0.5662168199552036,-0.11051472992927086,0.03730386537970586,-0.08662840833273805,-0.02080174897517218,0.027148964663657123,1.0026474440448716,0.0054062466807149115,0.002685974460820818,0.0033207949925633073
0.22495381046235077,-0.23020501162127488,0.4631691070134847,-0.10828891023152175,1.4730331562065255e-05,-0.12091154589419002,-0.0212858611354232,0.026444385930330036,0.9961115767484098,0.005869415787728397,0.002910928271283169,0.003090589980942032
0.16702908642725006,-0.0839580129813485,0.3430713789177219,-0.12306714229952026,-0.051775936801917444,-0.11348600851772267,-0.017648230936866554,0.024980043308907525,0.9955382479107054,0.006212487166646119,0.003077957357710419,0.003006631967960684
0.24479685619324867,-0.1147008786911636,0.30817251783993843,-0.12188749032574946,0.10573698215163525,-0.1386350833539587,-0.02458107539385435,0.019309603190686888,1.0099542211472183,0.006520659684486058,0.003322754213903668,0.0028919310892695205
0.2085803411592048,-0.12199995241048947,0.11615501298336439,-0.1019203900485637,0.05434912788872273,-0.05494024918639486,-0.014918385101403468,0.01741259600944932,1.0012986339722496,0.006636814697469422,0.003531334555062873,0.002769931136859031
0.48895653999000105,-0.24937328758612248,0.23225609365793326,-0.0903718028915146,0.09289199183525257,-0.12658941760331388,-0.006548611954008205,0.024538854648721072,0.9976536393016517,0.006869070791127356,0.004020291095052873,0.0025205578492729086
0.19657917212850215,-0.3921148644006016,0.2886096096839449,-0.13756728169971197,0.1412133002632799,-0.05509308449997085,-0.017550537351918975,0.029024781720838926,1.0054141120552762,0.0071576804008113,0.004216870267181376,0.0021284429848723073
0.358302375828117,-0.11337546659948455,-0.12422998386903802,-0.10441537793340276,0.14223145653801936,-0.11338425347146659,-0.028259569569626695,0.023746788628383853,0.9931021674181367,0.007033450416942262,0.0045751726430094935,0.0020150675182728224
0.30841206087775824,-0.307404197105775,-0.09792061143694952,-0.05814247722799404,0.09734512004111186,-0.07251637217846307,-0.022876911005464334,0.029840882515284384,1.0016428649383162,0.006935529805505313,0.004883584703887252,0.0017076633211670477
0.2930646882803678,-0.5382024926692461,-0.06619710485084716,-0.08572900952056685,0.12241777431700523,-0.082968157397481,-0.029130050956491287,0.02787493324033914,0.9997485235613683,0.006869332700654467,0.00517664939216762,0.0011694608284978014
0.3728720237583901,-0.2712139210505141,-0.031228129661331497,-0.08917754575053122,0.08414001491370379,-0.17389710086512428,-0.029444630440484273,0.014975530746457348,1.0027993740962102,0.006838104570993134,0.00554952141592601,0.0008982469074472872
0.26103914636607106,-0.23655152808459917,-0.1968375603035988,-0.1128032246715793,0.12122751142460324,-0.11424163452998763,-0.01705045984874064,0.01991718398075725,0.9919264359344425,0.006641267010689536,0.00581056056229208,0.0006616953793626881
0.16038403747400448,-0.387930628467792,-0.13130221216436305,-0.08833821421174647,0.09881686532300434,-0.160091792673977,-0.019473990826950557,0.023760372426464862,1.0029473934831554,0.006509964798525173,0.0059709445997660855,0.00027376475089489603
0.22395940194094482,-0.2631578916341929,-0.38338770729085614,0.027532274689713025,0.0787798502831372,-0.09094384072174935,-0.015866436613282308,0.025922019145147975,0.9938088363129877,0.006126577091234316,0.0061949040017070306,1.0606859260703151e-05
0.239906938914757,-0.2950961496646038,-0.35115047404272426,0.007084758097078193,0.10285634275374225,-0.026793251427397767,-0.00817427787063927,0.02411200396619203,1.0003484252144272,0.005775426617191592,0.006434810940621788,-0.00028448929040390065
0.27061766500093715,-0.3070729936825071,-0.29941795716189673,-0.02931066171506454,0.08743385534830238,-0.07068647665631311,-0.02350226297192897,0.033240021830549644,0.9876538168327045,0.005476008660029695,0.006705428605622725,-0.0005915622840864078
0.2524435083716492,-0.34479443481329863,-0.26167452253713597,-0.06936985404331142,0.10064208862468943,-0.06586838885773051,-0.017000683118189176,0.03296772673305717,1.000055018668801,0.005214334137492559,0.006957872113994373,-0.0009363567188997064
0.09366403804809198,-0.1426113999018752,-0.49635208071359516,-0.03733980673469964,0.08994977577299226,-0.012313164498202253,-0.022613717982021865,0.03148323396692331,1.0082150482003678,0.004717982056778964,0.007051536152042466,-0.0010789681188015817
0.19701891500061963,-0.2828521672461353,-0.3076679849884436,0.00795715830832382,0.1587841807420411,-0.14730387719470606,-0.01993372507478529,0.015922279912037582,0.9939183043824776,0.00441031407179052,0.007248555067043087,-0.001361820286047717
0.13465405796877553,-0.17684020337410383,-0.21586292988517047,0.014537761086105525,0.11892514097146167,-0.09674602243120116,-0.008816655333596235,0.02946039862719143,1.0026932268961348,0.0041944511419053495,0.007383209125011861,-0.0015386604894218209
0.2944263947928353,-0.27806955272116707,-0.4107281857195911,0.010976290301560934,0.0992772542004173,-0.021074919551359615,-0.02262671431457006,0.027931983246121533,0.999198034859153,0.003783722956185759,0.007677635519804698,-0.0018167300421429878
0.2179009960604134,-0.12497356686063127,-0.4776548557359743,0.05036984051673382,0.09143222209330693,-0.05711023679961586,-0.01889035858339777,0.03148484126092627,0.9982295591792054,0.0033060681004497845,0.00789553651586511,-0.0019417036090036194
0.1768756903237098,-0.16648439485662184,-0.37715716246608694,-0.016000351479287984,0.11763183336776299,-0.01874833715543913,-0.010044768907282986,0.026993299950773292,1.0035105509211875,0.0029289109379836975,0.008072412206188819,-0.002108188003860241
0.009638247553586193,-0.014908568652543669,-0.44163393751364216,0.054481344493612804,-0.005342302108191726,0.0135505331964345,-0.01881038235841182,0.029201775562705354,0.9946584360112124,0.0024872770004700554,0.008082050453742403,-0.002123096572512785
0.13171740006714788,-0.17723614497322218,-0.4598631848932984,0.03944245376495673,0.0242682384698959,0.04449953437891469,-0.019762166816331833,0.03002549310380787,0.9988873563499555,0.002027413815576757,0.008213767853809553,-0.0023003327174860072
0.07591869061601116,-0.05859226474476224,-0.4443534212211973,0.06921953287515126,0.07090105881912388,0.07661476787568784,-0.01665955901642718,0.028191463160071158,0.9984325424450958,0.0015830603943555598,0.008289686544425563,-0.002358924982230769
0.15238287174842097,-0.10877388854629143,-0.39601459084589324,0.03400740776882588,-0.006978220534480474,0.06866847385967553,-0.010043081054254626,0.027040153004620062,0.9969676538378729,0.0011870458035096666,0.008442069416173982,-0.0024676988707770606
-0.02339028490774099,-0.1514597939241395,-0.20899033287027483,0.08483169996711885,0.0723551272877454,0.04785374349519658,-0.016506569294365604,0.02376090487286018,0.9980508960349632,0.0009780554706393919,0.008418679131266243,-0.0026191586647012002
0.016155836183787933,-0.07651480240572038,-0.20993599680472808,0.08877401818637039,0.06216445455644669,0.031028251245027325,-0.015307645963583801,0.028048334410691995,0.9946734938698573,0.0007681194738346636,0.00843483496745003,-0.0026956734671069204
-0.11039437506537192,-0.02925776002273333,-0.1817582263156539,0.04791399329910114,-0.00894858532194073,0.14291634607435358,-0.01885033291220165,0.02071512341626322,0.993184735620279,0.0005863612475190097,0.008324440592384658,-0.002724931227129654
-0.005479225316438174,0.1896590434087707,-0.007320029606059125,0.08141786024428405,-0.008712082760158616,0.10738084606565258,-0.021714471480768074,0.032836955397948925,1.0014325149651049,0.0005790412179129507,0.00831896136706822,-0.002535272183720884
0.03862112375506204,0.060097960682653634,-0.08264289834681961,0.0835220947347867,-0.018282459018750596,0.05856991551388111,-0.017172127005609293,0.029138793855971186,0.9993047466037163,0.000496398319566131,0.008357582490823282,-0.00247517422303823
0.03433435409594036,0.08010540200893657,-0.06271322711791455,0.10547500076390506,0.05448183058673324,0.1613672254748283,-0.023812705151417618,0.03092520764992058,0.9955724546766567,0.00043368509244821646,0.008391916844919222,-0.0023950688210292934
-0.027920004658692384,0.2180275280962238,-0.053881783597173855,0.05150668653396441,0.00012571588954781582,0.08858545376123236,-0.020231484421749154,0.02277596895761642,1.003232121408774,0.0003798033088510426,0.008363996840260528,-0.0021770412929330695
0.0393072181495884,0.33452377370522046,0.10133960758991364,0.08658971888156264,-0.054110172765410726,0.13580565276156994,-0.020436672796725078,0.024617441747427856,0.9956409913287736,0.0004811429164409563,0.008403304058410116,-0.0018425175192278492
-0.050382377492373655,0.2698068858660498,0.1776651065481383,0.10276133106973671,-0.07717135298258673,0.1282846185127491,-0.012477000493947309,0.023780741372360262,0.9964450709049181,0.0006588080229890947,0.008352921680917743,-0.0015727106333617994
-0.17559601588385426,0.3241125562893458,0.14065928018708557,0.08904137506421633,-0.024233811658366015,0.0985963223049285,-0.021880121866191257,0.014815428803540528,1.0017320492768822,0.0007994673031761801,0.008177325665033887,-0.0012485980770724533
-0.10502108008709625,0.1651002804979183,0.3439175240583213,0.06999455226223116,-0.04634860257265753,0.02955599733597427,-0.013193869763408386,0.02674806180740924,0.9973603427432124,0.0011433848272345015,0.008072304584946791,-0.001083497796574535
-0.10763536131247634,0.2620737567503225,0.16281011259249029,0.0923435114841985,-0.08893448876465024,0.0945915818637578,-0.018951547019534786,0.019338231098117664,1.0059073893736423,0.001306194939826992,0.007964669223634315,-0.0008214240398242125
-0.15145737235792955,0.07519364491946628,0.2310640219057063,0.03473564094403056,-0.06888634265504674,0.1784231562085573,-0.018990957911101468,0.034035514171938126,1.0054758425735737,0.0015372589617326984,0.007813211851276387,-0.0007462303949047462
-0.2999268524561467,0.4115233165515821,0.5513687327188108,0.03458932173410639,-0.116273212784395,0.12111243496337797,-0.012311111575768315,0.031876437869612605,1.0024380910847384,0.002088627694451509,0.007513284998820239,-0.00033470707835316413
-0.151171104644255,0.3189813651753456,0.38697321691234177,0.06215087635737799,-0.17978278064499936,0.17504317651602058,-0.021592619159220085,0.04192119086134716,1.0078520830116966,0.002475600911363851,0.007362113894175984,-1.5725713177818514e-05
-0.2641333675413385,0.3605701632129917,0.2669031633008681,0.08405009098468935,-0.13376144010533733,0.10114047494820014,-0.01573132973782826,0.0281240965075923,1.0046394099405747,0.0027425040746647186,0.007097980526634646,0.00034484445003517316
-0.0732301529645703,0.4466483131199067,0.316838007795213,0.01644550732621259,-0.18447397089534237,0.127309582981702,-0.022533317757671645,0.030889325886250558,1.0029036312989892,0.003059342082459932,0.007024750373670075,0.0007914927631550799
-0.10059892502081685,0.24024956182698606,0.43548833624950256,0.01095962573833067,-0.19429458678693592,0.13179147510963224,-0.008504526274018999,0.034380828918965364,1.0048903199006796,0.0034948304187094347,0.006924151448649257,0.0010317423249820658
-0.14765234973811198,0.2962162492735511,0.3956067782072853,0.02401556747923452,-0.11027454269985536,0.12097782965128268,-0.020823465283828117,0.028668399877329893,1.0046184798680637,0.00389043719691672,0.006776499098911146,0.0013279585742556172
-0.23376668771285147,0.24290783779613268,0.4494827179339734,0.013008799174451816,-0.15942821002527685,0.10066225001165911,-0.012285242546970157,0.035595187782744425,1.0097937225641274,0.004339919914850693,0.006542732411198295,0.0015708664120517497
-0.21362103106699895,0.35343214676236645,0.450837938689716,0.014394504521312251,-0.2238092335141075,0.08582511263689366,-0.02189546420470081,0.03409528157384456,0.9981717877583406,0.004790757853540409,0.006329111380131296,0.0019242985588141161
-0.13446939461253288,0.3323912452771784,0.3796914008155287,-0.01835916977642355,-0.16037365381231314,0.009715228440047788,-0.01432357850730908,0.036864997383588144,0.9987194579431928,0.005170449254355938,0.006194641985518763,0.0022566898040912945
-0.20410958647744684,0.3005629371495203,0.14992559175879785,-0.07749141990300668,-0.17988328996164799,0.11612877712935125,-0.01086518238815271,0.02639785657828553,0.9995848558576353,0.0053203748461147365,0.005990532399041316,0.002557252741240815
-0.26336841717908255,0.23267149406315332,0.26361979043225614,-0.008655308296332624,-0.20440340040904875,0.14928941767415435,-0.015817589210125167,0.02916791252725659,1.004376955039564,0.005583994636546992,0.005727163981862234,0.0027899242353039686
-0.3188383270069788,0.24174982003946244,0.28156263714661534,-0.026156456294840327,-0.11506033079930095,0.07134758248927285,-0.015765667238012083,0.029085613122743596,0.993329019901919,0.005865557273693607,0.0054083256548552545,0.003031674055343431
-0.16659188813625495,0.12156096810780152,0.2538373588350851,-0.037266585260897996,-0.18439902013597229,0.06249740087130553,-0.02280865877406731,0.030075389215180198,0.9991531597707738,0.006119394632528693,0.005241733766718999,0.003153235023451233
-0.24897983548593067,0.21296701551269248,0.29545700429578864,-0.06535913592876015,-0.24902923787268352,0.048226725001605804,-0.025240953084044407,0.023823675041074473,1.0031186424677416,0.006414851636824481,0.004992753931233069,0.0033662020389639254
-0.08836415298763926,0.20847291997884343,0.2773028912006043,-0.037079283862875824,-0.14409697958591794,-0.056383680238576074,-0.017084668188818642,0.03537206902324267,0.9925769780585914,0.006692154528025085,0.00490438977824543,0.0035746749589427684
-0.2027880514278615,0.052041148706430215,0.03656036317337061,-0.0989470853791522,-0.185171649213837,0.008468451795886,-0.011079415545426345,0.03359868720280121,0.9967530171811391,0.006728714891198456,0.0047016017268175685,0.003626716107649199
-0.03211759588940834,-0.0522872585662104,-0.07959144433595669,-0.07444426690834693,-0.12452028194511557,0.01688275223271747,-0.021053568105149793,0.03984811112153108,0.9970014793383869,0.006649123446862498,0.00466948413092816,0.0035744288490829885
0.08738230144309563,0.15040489690254694,0.020744412118478883,-0.1414180376654021,-0.12988942656678235,0.03284903927730491,-0.020312669318519518,0.02406055247402543,1.00105111807363,0.006669867858980977,0.004756866432371255,0.003724833745985535
-0.1859314213285932,0.10935933697568208,-0.04707372985675773,-0.0477589822416218,-0.19022367954533215,-0.042049326865725135,-0.015734625520565905,0.03815041633406325,1.0036105127144153,0.0066227941291242196,0.0045709350110426615,0.003834193082961217
-0.23461430841559502,-0.021228571816722386,-0.07534811505822431,-0.18981836429169785,-0.1283283739843215,-0.020861096568986874,-0.0220594841880684,0.031160144790849234,0.989705155310333,0.006547446014065996,0.004336320702627067,0.003812964511144495
-0.1952579240560029,-0.05503044306445443,-0.1480537662728794,-0.13566827910664384,-0.16958483636029978,-0.07417958292818283,-0.016140209977645502,0.03252751631518291,1.0016077485028112,0.006399392247793116,0.0041410627785710636,0.003757934068080041
-0.05983273944233333,-0.2044475684157651,-0.379359418887735,-0.17891813977608417,-0.11251301755574783,0.016431214265181508,-0.015298624990668728,0.03309619363815643,0.9961823295784173,0.006020032828905381,0.0040812300391287306,0.0035534864996642755
-0.19710584124292557,-0.14192552598479707,-0.27745222826403354,-0.15350641925819572,-0.08412469824691367,-0.03154494620504777,-0.01988379826329609,0.03945462823984254,0.986943406513263,0.005742580600641347,0.003884124197885805,0.0034115609736794783
-0.061048550316131635,-0.25365727690893136,-0.42120087952880214,-0.17545515816696844,-0.07783841229788435,0.01481450449713973,-0.025801527328228976,0.03426329317411751,0.9879238655096376,0.005321379721112545,0.0038230756475696732,0.003157903696770547
-0.14742724672960883,-0.3139359287777844,-0.46741289642848005,-0.1656218517216955,-0.044593528889768405,-0.08180655531301208,-0.015009859125206757,0.03347019488019436,0.9937894157651534,0.0048539668246840645,0.0036756484008400644,0.0028439677679927625
-0.046383621280220846,-0.22127501558537788,-0.5326801311698676,-0.13001925805365097,-0.07598167750464944,-0.03590806712666544,-0.018112699149706295,0.031040212693227116,0.9958022490190324,0.004321286693514196,0.0036292647795598434,0.002622692752407385
-0.03962068587836361,-0.1576983261389383,-0.4816086173407993,-0.16747872809000597,-0.0240587480586096,-0.05956142374515918,-0.018822277271633648,0.03573760382559506,1.0044473121114579,0.0038396780761733966,0.0035896440936814796,0.002464994426268446
0.03620302388900389,-0.33137028005779506,-0.5205092983119193,-0.18453010233829947,-0.011871591672683141,-0.05121949736870996,-0.015201495852530451,0.02841228704587224,0.9987385982584461,0.0033191687778614774,0.0036258471175704843,0.0021336241462106514
0.02157000139179398,-0.4627344162374107,-0.7507990692739328,-0.11367747749923647,-0.057165839008473156,-0.08994058727566674,-0.016186391979657665,0.04576878108188319,0.999556577157399,0.002568369708587545,0.0036474171189622775,0.0016708897299732408
-0.03153317314013366,-0.42514423778195465,-0.7508648629862387,-0.10535230332536702,-0.0719153371218084,-0.06875268640581975,-0.023037191770874814,0.02715186906219334,0.9956110655043401,0.0018175048456013062,0.003615883945822144,0.001245745492191286
-0.08993270095043503,-0.36687269176214576,-0.6570777022723693,-0.11407797047853767,0.013332975070259441,-0.031317939511866906,-0.01761854302462243,0.028172399205906834,1.000908173975742,0.001160427143328937,0.0035259512448717087,0.0008788728004291402
0.16323019030904606,-0.27839258184027027,-0.6411710355192453,-0.12877634395392945,0.03173242179250511,-0.038017091973392,-0.0190971181012037,0.03014916073007656,1.0063264140410986,0.0005192561078096916,0.0036891814351807553,0.0006004802185888698
0.015368992369522258,-0.648995019744669,-0.5850312834280704,-0.1373540908264322,0.03749988291989591,-0.09214121963639776,-0.009043969427684647,0.033293669399866194,0.9953126383811683,-6.577517561837887e-05,0.0037045504275502773,-4.851480115579921e-05
-0.058688566885105084,-0.5179983665918096,-0.7344226197248036,-0.14280089625521994,0.06263572559218304,-0.009478741987589289,-0.018023482143822645,0.02411740615690438,1.0043507325370975,-0.0008001977953431826,0.003645861860665172,-0.0005665131677476089
0.23594808818021526,-0.51509578519622,-0.6683933213224454,-0.0636845537199134,0.07471696357881001,-0.02622107467977739,-0.010718822874830055,0.03077147188179251,1.0025681007259386,-0.0014685911166656279,0.003881809948845387,-0.001081608952943829
0.2048476009792211,-0.5663962751756658,-0.6497385920851111,-0.08913007990987601,0.02661902756921298,-0.03567684770509161,-0.008429267087114027,0.031514985242332615,1.0114813254760808,-0.002118329708750739,0.004086657549824609,-0.0016480052281194948
0.23629094534023248,-0.4885647977968187,-0.7345791408352066,-0.10988147783360996,0.13586451246102685,-0.11309449678151409,-0.015515152196125934,0.03516832014074911,0.9935786759269553,-0.0028529088495859462,0.0043229484951648415,-0.0021365700259163133
0.14018972424953108,-0.5866496921404584,-0.6844208439004733,-0.1619805943770175,-0.029075799798383446,-0.02602193876085234,-0.02523927935898279,0.02946966800426631,1.003110806600042,-0.0035373296934864194,0.004463138219414372,-0.002723219718056772
0.17806362003362447,-0.49871287980346357,-0.6572909689020014,-0.08197494679030039,0.06923002866186248,-0.059231328208918986,-0.011783281815142203,0.041390250760137644,0.9954672002807567,-0.004194620662388421,0.0046412018394479965,-0.0032219325978602355
0.17735700996659184,-0.6412983041366714,-0.5056366028358925,-0.13691086646191247,0.17307898304994215,-0.03120245341290278,-0.025853239297315176,0.030860496072559775,1.0023487656911059,-0.004700257265224313,0.004818558849414588,-0.0038632309019969065
0.2088946230810352,-0.4474921242942673,-0.4602005088734492,-0.06667645482143253,0.17173189318344237,-0.04111889520218839,-0.015826193655692912,0.034123945696014374,1.0027935505243626,-0.005160457774097762,0.005027453472495624,-0.004310723026291174
0.049476063523666985,-0.4431874952691052,-0.42706466377103786,-0.0320850506805101,0.14754757549881187,-0.09028196587364443,-0.01345429491302632,0.03162576830879822,0.9974924875702361,-0.0055875224378688,0.005076929536019291,-0.004753910521560279
0.2556117093078951,-0.3611642023284983,-0.33660469135589866,-0.01303287022800796,0.17101304327346267,0.022942735266668922,-0.019486043740784574,0.04452077679452956,1.0025981273626072,-0.005924127129224699,0.005332541245327185,-0.005115074723888778
0.19800648461006065,-0.41792209267644576,-0.3351674068315625,-0.057910351420971125,0.10567192595975121,0.011602666412660164,-0.009166106714301297,0.02991528783192688,1.0016502635133289,-0.006259294536056262,0.005530547729937246,-0.0055329968165652235
0.1389009759642224,-0.46295240857784903,-0.3703046633982724,-0.0483072076043717,0.16940208380692118,0.003485469343404119,-0.006475433243455411,0.03536100325059711,1.0017296015540245,-0.0066295991994545335,0.00566944870590147,-0.005995949225143073
0.015565309290160118,-0.43759270943115436,-0.2797715048547417,-0.06885902659191045,0.13041294607426604,0.054272148376758186,-0.012247975250799546,0.031000808258237672,0.99573037487498,-0.006909370704309276,0.00568501401519163,-0.006433541934574228
0.14773210418836336,-0.3012943681834939,-0.054239366835165184,-0.02689440134113629,0.2304067578557682,0.0322807153065256,-0.026768486192769093,0.03816278079577848,1.0024862434446025,-0.00696361007114444,0.005832746119379993,-0.006734836302757722
0.2343344866228973,-0.27298489236524154,-0.09556316882848173,-0.007888920797339325,0.1902357601680631,0.009069006396709134,-0.015974289280338512,0.03742815327879978,0.9982511605072287,-0.007059173239972922,0.006067080606002889,-0.007007821195122963
0.2720880610824914,-0.33852716154130713,-0.0244278699359111,-0.018602253468802593,0.17150358204499982,0.09710340104061209,-0.023358479156751773,0.032935018451455265,0.9969225768047786,-0.007083601109908833,0.006339168667085381,-0.00734634835666427
0.09267217800016195,-0.447166360495534,-0.04063377395511487,0.019103760896359078,0.2258513869876259,0.07963299302938898,-0.014056391504783994,0.036807956581970946,0.9933257462095908,-0.007124234883863947,0.006431840845085542,-0.007793514717159804
0.044689657533952806,-0.1736545925539338,0.05528733407638994,0.04501934081980761,0.1930631122958228,0.048896392246904494,-0.012473040410412885,0.03713711585478607,0.9915642954634241,-0.007068947549787558,0.006476530502619495,-0.007967169309713737
0.08377936537673286,-0.24004275713857867,0.18140500522270597,0.03427943726091547,0.18521090117452996,0.05227517782309326,-0.013751617203466368,0.03820719408610128,0.9928152075145062,-0.006887542544564852,0.006560309867996228,-0.008207212066852316
0.17133068503240148,-0.1840782705473617,0.33816061465367536,0.008940867244778855,0.233788650912875,0.1057749291112502,-0.025332155918265167,0.03794841594012976,0.9973447462954032,-0.0065493819299111775,0.00673164055302863,-0.008391290337399679
0.15060638117096928,0.023995353127489974,0.32743665999476157,-0.026563319067936412,0.16605586528584185,0.05940849624282751,-0.01967990825512933,0.03778372899147882,0.9886699256990207,-0.006221945269916415,0.006882246934199599,-0.008367294984272189
0.15059554306607092,-0.040527888928681845,0.20311787828376993,0.13717273811338834,0.15468279636497093,0.11122568492962272,-0.01713184610425725,0.028781335547064336,0.9961821245228307,-0.006018827391632646,0.007032842477265671,-0.008407822873200872
0.13393367194125744,0.05403407870190795,0.4675785444381025,0.08495204096763963,0.11360074316771922,0.0414340036353751,-0.016091095237359777,0.033424871376876664,1.010443958240997,-0.005551248847194544,0.007166776149206928,-0.008353788794498962
0.09461778499896956,0.22509685083294903,0.5553973070083631,0.060723773937932095,0.14051680254583118,0.1196523013134775,-0.013946502601516588,0.03984416614027089,1.0028937910664417,-0.0049958515401861804,0.007261393934205897,-0.008128691943666012
0.10842340258238278,0.1407522452357511,0.6252260719256644,0.054186621034096424,0.14446560318909657,0.07460347961719357,-0.015908044528956576,0.03564526008815028,1.0066571466403567,-0.004370625468260516,0.00736981733678828,-0.007987939698430263
0.08963042181344505,0.21623067748759753,0.587896830301078,0.08807784402359504,0.1330834236559025,0.09984971380891887,-0.01949111079009412,0.032453001839810675,0.991246938838563,-0.0037827286379594387,0.007459447758601724,-0.007771709020942665
0.11128317248037178,0.3013730590684909,0.579900935343669,0.10883873274157244,0.09831218096067583,0.07569999355385033,-0.02034569802536563,0.03582717663311555,1.001250332449416,-0.0032028277026157695,0.007570730931082097,-0.007470335961874174
0.02303661690099676,0.2772815004186275,0.5707027879284998,0.1157811285517274,0.15524515534257938,0.03734035675839923,-0.018790511142052296,0.028868930941938264,0.9997238326749583,-0.0026321249146872695,0.0075937675479830925,-0.0071930544614555465
-0.028057314878034506,0.35969985580017527,0.7167812924216179,0.15456650329623348,0.1330701360095353,0.09721115628546201,-0.014472577020286622,0.04086416435921126,0.993438718274794,-0.0019153436222656515,0.0075657102331050585,-0.00683335460565537
-0.05970022938299051,0.24789917235221282,0.674583060271242,0.0860830403082197,0.11150073712723882,0.060096874902964226,-0.007287993483742692,0.04258264985826965,0.9975464023036528,-0.0012407605619944092,0.007506010003722068,-0.006585455433303158
-0.07466386083514738,0.25736452248822894,0.5828209476787177,0.12481987804621791,0.047433514939424576,0.003081381247705668,-0.015311743092049957,0.03335345843435625,1.004796579753706,-0.0006579396143156914,0.00743134614288692,-0.006328090910814929
0.04763077882742326,0.3889616106434656,0.7078061735467538,0.1598607860514077,0.05042276608379724,0.03898639105152427,-0.02153475081840324,0.03846466302206617,0.9947186013432529,4.986655923106243e-05,0.007478976921714344,-0.005939129300171464
0.03504120407074492,0.2986079938265911,0.709356945693468,0.07138882036678838,0.07173544536587531,0.015667762977008975,-0.0016225342654386469,0.032821509575340024,1.005159411072369,0.0007592235049245304,0.007514018125785088,-0.005640521306344872
-0.0006629600231779186,0.4796602013932235,0.685570916117664,0.13472358118201488,0.002115489012243033,0.10118312366687789,-0.013900454523587786,0.03345549906882096,0.9933111291133588,0.0014447944210421943,0.0075133551657619105,-0.005160861104951648
0.059848120741608335,0.5079742669698373,0.6995538367491051,0.10655960922375202,0.05011875374909012,0.050183905401965934,-0.009207799397559837,0.045037830831498316,1.0042363949529793,0.0021443482577912995,0.007573203286503519,-0.004652886837981811
0.05275048935758518,0.29984247183408297,0.4238424354777167,0.10348306105709702,0.07289951782976042,0.06029791716833858,-0.016223393118104473,0.03720942291806481,0.9922246174945424,0.002568190693269016,0.007625953775861104,-0.004353044366147728
0.07630392844530912,0.40243067320209963,0.5525735297470012,0.09416442224663571,0.09242168528353426,0.0544783897232095,-0.01388399793156286,0.03603790271885991,0.9999607805182221,0.003120764223016017,0.007702257704306413,-0.003950613692945628
0.04727060923401977,0.46801760613613363,0.4394001379615479,0.07838631157043148,0.0024346215968099735,-0.028022344019466204,-0.01728327014254161,0.02932940496196766,0.9944287832814451,0.003560164360977565,0.007749528313540434,-0.0034825960868094946
-0.13400360576156606,0.5437563186222278,0.45368642757994154,0.05050360898770589,-0.023896657348036743,0.030977765206453976,-0.007304565489744673,0.04315800986442572,0.9871322022743416,0.004013850788557507,0.007615524707778868,-0.0029388397681872672
-0.13643493311294688,0.5658368884826587,0.4866624371409557,0.0944288455029434,0.06076746713632734,-0.009050103560544363,-0.01525887802343454,0.030173761485289084,0.9990116019939241,0.004500513225698463,0.00747908977466592,-0.0023730028797046086
-0.21035895921803682,0.33814852657040095,0.4262706701709312,0.09225587259407061,-0.02243107512293451,-0.06171854312777927,-0.020318952141753457,0.03183053686962091,1.0069573462297106,0.004926783895869393,0.007268730815447883,-0.0020348543531342076
-0.24992939114012386,0.5484403119968151,0.359147655359111,0.11336954868281963,-0.0272730175805856,-0.008101662096863303,-0.014306461253626935,0.028784939518329333,1.0045028334406563,0.0052859315512285045,0.00701880142430776,-0.0014864140411373922
-0.24973429899738223,0.5812632595056892,0.05535007455624652,0.04597781736508954,-0.019392799394541756,-0.032639967163724457,-0.007922011060587406,0.03572833388592667,0.9981386719276839,0.005341281625784751,0.006769067125310377,-0.000905150781631703
-0.08794481156688819,0.4228046089419595,0.2666640007775608,0.026713182166254342,-0.049698603518329054,0.01266564995471389,-0.019787719843863134,0.04585373947124524,0.996259647245838,0.005607945626562312,0.006681122313743489,-0.0004823461726897436
-0.17878676339839877,0.3927253319862306,0.167926349752631,0.05855864314359637,-0.08038759525906525,-0.09827510867497498,-0.011977878240452338,0.0360015556265829,1.000571928928295,0.005775871976314942,0.00650233555034509,-8.962084070351295e-05
-0.19664723714535023,0.40881883834797084,0.15630527955811674,0.041748621917185036,-0.09253824864327842,-0.007108256583958321,-0.015686473500000554,0.036059318193907855,1.0003359991771947,0.005932177255873059,0.00630568831319974,0.00031919799764445794
-0.2575782834123391,0.3163161676247221,0.07796846234190309,0.05248446107694383,-0.049722466610573154,-0.07889727058411065,-0.010921319758667395,0.037050672827135034,1.0050979813673637,0.006010145718214962,0.006048110029787401,0.0006355141652691801
-0.14704783163842636,0.4430519199694589,-0.16956199722693321,-0.04667574117563588,-0.08722173091231687,-0.05097580395083203,-0.01157903881293715,0.03873305448015756,0.9967226009593155,0.00584058372098803,0.005901062198148975,0.001078566085238639
-0.4079727589542166,0.3549612272605011,-0.24034359742552097,0.005138810434031348,-0.05830823427738689,-0.11522374615420868,-0.0112031782426847,0.039136411605836016,1.005911666261106,0.005600240123562509,0.005493089439194757,0.0014335273124991403
-0.2837335120536176,0.3814384158514764,-0.24281771351359016,-0.01720482090186067,-0.06287361828728023,0.018135586555430565,-0.021348497928555497,0.032292221003490135,0.9885648282624779,0.005357422410048919,0.00520935592714114,0.0018149657283506168
-0.21842803155059487,0.5035084747153273,-0.2522645300462723,-0.053660135687058574,-0.041499968981939216,-0.08351028339740811,-0.013886287842193246,0.05206552103993631,1.0064581701577744,0.005105157880002646,0.004990927895590545,0.002318474203065944
-0.20590990453770172,0.2736806298137463,-0.2826484118645646,-0.0663817731607657,-0.09889714541897131,-0.12639828480007664,0.0021536251088857157,0.042887859067326936,0.9898109314877984,0.004822509468138082,0.004785017991052843,0.00259215483287969
-0.29142695623025205,0.34994918688885596,-0.13240659151675482,-0.05406613285244016,-0.15595597224883978,-0.10831579854780311,-0.02390214882975676,0.04130058176175467,1.0030858301005363,0.0046901028766213266,0.004493591034822592,0.0029421040197685462
-0.277021137974368,0.2280701203773361,-0.4533614265935835,-0.051470481671296545,-0.12085867387747402,-0.15246435540449,-0.017537861899660657,0.040600280313450796,1.0030379644355079,0.004236741450027742,0.004216569896848223,0.003170174140145882
-0.32966528535778267,0.10679909409671146,-0.3990284434104637,-0.12989240868359914,-0.1818593360236169,-0.09139427386666309,-0.007663236023101199,0.04506134487775208,1.0012005812202807,0.0038377130066172787,0.0038869046114904404,0.003276973234242593
-0.20934607272339575,0.13083363490040528,-0.3688963596049961,-0.04523130579877363,-0.1332722023470587,-0.14387813920887857,-0.009014462844878777,0.043229993945529746,1.0021250673098283,0.0034688166470122823,0.0036775585387670445,0.0034078068691429987
-0.22931087359693517,0.1636535436253392,-0.38713317015062837,-0.05703033530579743,-0.09110490209681432,-0.10920374694755124,-0.011339048194739156,0.03604160775481723,1.0008621301142442,0.0030816834768616543,0.0034482476651701097,0.0035714604127683376
-0.272298619383264,0.16368475954200232,-0.43838669401855607,-0.06739879002210045,-0.053391466861680933,-0.13286766350077361,-0.02304838721280352,0.038823875038799444,1.00124586685738,0.0026432967828430983,0.0031759490457868456,0.00373514517231034
-0.2599437652676961,0.03962233038981889,-0.37094575019803216,-0.038362869275620354,-0.1197123452611136,-0.05378151905119322,-0.004852762554531306,0.04452337978298377,0.9951743011895408,0.002272351032645066,0.0029160052805191497,0.0037747675027001585
-0.21314126773316971,0.0030917966770758554,-0.2110811199719851,-0.11082590177511896,-0.07806433519425318,-0.0383101291566876,-0.012447855779667541,0.04189091020357393,1.0065486197606104,0.0020612699126730818,0.00270286401278598,0.0037778592993772345
-0.30318988930937313,0.015050530223506678,-0.4393805297439795,-0.08632170246149039,-0.1291469614256134,-0.090085759938013,-0.010318199358634941,0.042770916406262974,1.0071022068546784,0.0016218893829291021,0.002399674123476607,0.0037929098296007415
-0.20096252713714327,-0.24267916539982015,-0.2929281757235914,-0.057303406967748736,-0.09075893049761319,-0.07965062229946294,-0.016827114189043924,0.04146735274875018,0.9989004686815344,0.0013289612072055106,0.0021987115963394634,0.003550230664200921
-0.1356687398205247,-0.006971287302770718,-0.39180141815085834,-0.10577931128159182,-0.06783364090257586,-0.07811101172508132,-0.008346035389522208,0.034855730092803905,1.0016448043519948,0.0009371597890546523,0.002063042856518939,0.0035432593768981503
-0.22048919982190288,-0.11430696375293828,-0.44282172894944916,-0.0895047426172679,-0.053355597668376914,-0.08050674910438786,-0.014348392367043748,0.03703027088987067,1.004355052937839,0.0004943380601052031,0.001842553656697036,0.0034289524131452124
-0.1530168848767741,-0.21708929987027448,-0.24045559036019176,-0.07216900854486806,-0.06533054088155538,-0.06022436230730938,-0.015661187378343204,0.04469700861461923,1.0055790866658352,0.0002538824697450113,0.0016895367718202617,0.0032118631132749377
-0.20772448990085568,-0.17720901299198813,-0.2001860333479288,-0.0780906037110009,-0.10361099870270685,-0.014918316244507937,-0.006864182063485329,0.04006215863223425,1.0006250383376583,5.369643639708252e-05,0.0014818122819194061,0.0030346541002829494
-0.06687167710225159,-0.2694987346287464,-0.17116448545383794,-0.12047667375572221,-0.019867198615696656,-0.03562578054731826,-0.00871590834448292,0.04075748409094527,0.9980230865611669,-0.00011746804905675542,0.0014149406048171546,0.002765155365654203
-0.16794854731449707,-0.295338578149259,-0.006492933306902399,-0.06905887745803174,-0.08860984899537401,-0.05070529828853436,-0.010923330664896135,0.04993194797178839,0.9926992037461433,-0.00012396098236365784,0.0012469920575026575,0.0024698167875049437
-0.046790777889907056,-0.2659352847055965,-0.265388824888216,-0.04355863452752359,-0.020636812563572138,0.015662599275760386,-0.007585318166629551,0.04246404610628333,0.9943499428737457,-0.00038934980725187384,0.0012002012796127504,0.0022038815027993473
-0.16749914092287937,-0.25117564669062514,-0.03356939150018495,-0.07467113548675415,0.010720367737885898,-0.03134669853248822,-0.0007973381617837668,0.040449606522229904,1.0073050125099547,-0.0004229191987520588,0.001032702138689871,0.001952705856108722
-0.17099532195915998,-0.30921534262542155,-0.11934532756402401,-0.08068161072954337,-0.03153599227410352,-0.04713594631856815,-0.009612634962079088,0.04615734675252858,1.017405227127877,-0.0005422645263160828,0.000861706816730711,0.0016434905134833002
-0.02810419799748716,-0.18011564600787283,0.031040666375640995,-0.07655354040400006,-0.02375040730741184,-0.025278848141142174,-0.015661791944149003,0.044525604442958056,1.008755486952239,-0.0005112238599404419,0.0008336026187332236,0.0014633748674754276
-0.002743121533358081,-0.44578958684697834,0.02402200198838294,-0.06774276858411413,-0.008900158142822358,0.02386888638753027,-0.007580322951227734,0.040376356848126564,0.997580963069468,-0.00048720185795205894,0.0008308594971998657,0.0010175852806284492
-0.012319938006246742,-0.3911531544704475,0.14757961527219668,-0.06181319691977352,0.06961365078367711,0.01755402729728503,-0.009904887970791455,0.03143765281247228,0.9986274611675758,-0.00033962224267986224,0.000818539559193619,0.0006264321261580017
0.04645135230834003,-0.41637652478474685,0.1736670886222883,-0.017020034025286165,0.10321544883611318,0.11633138610120346,-0.008350501391957688,0.043273048709285514,0.9941496269454818,-0.0001659551540575739,0.000864990911501959,0.00021005560137325478
-0.19216301740623712,-0.25182029998168776,0.23345251747344065,-0.09108930223156796,0.06987066724592061,0.052168146776065905,-0.012722456768834167,0.043635253065298765,0.9885916315924279,6.749736341586676e-05,0.0006728278940957219,-4.176469860843302e-05
-0.06896756267069148,-0.33267434353416636,0.16048149167007386,-0.0019696560301663522,0.10195880657254644,0.05161652686673841,-0.0034401773402504892,0.0443133718978582,1.0078638625963106,0.00022797885508594063,0.0006038603314250304,-0.00037443904214259937
-0.046124135640384145,-0.3526829921350557,0.34306119791933765,-0.13210489513598256,0.06421877095448768,0.11706199183774159,-0.005173063949189473,0.03911578507548248,1.0032267141987996,0.0005710400530052783,0.0005577361957846463,-0.0007271220342776551
-0.06338386056279227,-0.3129451553924697,0.2225636467085429,-0.06511263636095224,0.14565741886226227,0.06530467542529389,-0.011505533469519703,0.037576532795447114,0.9986980668412703,0.0007936036997138211,0.0004943523352218541,-0.0010400671896701249
0.03306857290673595,-0.33070779548453655,0.4106930022183145,-0.010062850066846915,0.04247336162909394,0.09595928081311582,-0.017411510959827615,0.039518393080511624,0.992274270628064,0.001204296701932136,0.00052742090812859,-0.0013707749851546614
0.027645829541370653,-0.24591940921669977,0.3593577307450429,0.047762421516494444,0.07246811539078381,0.157366868331871,-0.006595956147788355,0.035551572994249624,0.998907450803033,0.0015636544326771786,0.0005550667376699606,-0.0016166943943713612
0.04267518288451384,-0.2933068848794908,0.4389244748680226,0.05745792076223405,0.09253206349640358,0.12042721966392242,-0.009052598511685606,0.038165147150943365,0.9995472224458098,0.0020025789075452014,0.0005977419205544745,-0.0019100012792508522
0.044123766385340955,-0.14047698747223825,0.3064447976562748,0.03982584080361695,0.04349110376245026,0.15195838005085793,-0.015471297272513822,0.043161244590593645,0.9950815654978202,0.002309023705201476,0.0006418656869398155,-0.0020504782667230903
0.10996574376356408,-0.17908029255401642,0.5007022525648497,0.034296400014056885,0.1171737960563965,0.09809646594281678,-0.010713282896177241,0.037806534561424396,1.0039066914899157,0.002809725957766326,0.0007518314307033797,-0.002229558559277107
0.05801889180758725,-0.15356702998902924,0.3648707888174811,0.03685989224158582,-0.014521553236040166,0.041670665131651526,-0.012660234419454183,0.037573493753728135,1.0074297884043222,0.003174596746583807,0.0008098503225109667,-0.002383125589266136
0.1297504716143663,-0.18992898307669084,0.3732443323739189,0.026378537076405223,0.1856290103829207,0.11081610728336068,-0.006119488142846405,0.04877328812118436,0.9965689537684518,0.003547841078957726,0.0009396007941253331,-0.002573054572342827
0.21844871169519092,-0.17330702147523983,0.32476514391986033,-0.014194903349313186,0.13273320984020642,0.1360906305530246,-0.015266658252149217,0.03787117276936442,1.0015121091994588,0.003872606222877586,0.0011580495058205241,-0.002746361593818067
0.20728455167939952,-0.08736056016644878,0.3657129506879276,0.022826666202277045,0.12839543169226847,0.2030301964123783,-0.0036943854465818398,0.036269153627004974,1.003643653958973,0.0042383191735655135,0.0013653340574999236,-0.002833722153984515
0.1970153655177479,0.005774609665336423,0.4350633955527512,0.03891317849867211,0.10644829724784943,0.08341766071204017,-0.002554663496572721,0.03519813829638895,0.9904295477417535,0.004673382569118265,0.0015623494230176714,-0.002827947544319179
0.33478455734587453,-0.0026327258248116485,0.35624719880664485,0.02759486000119709,0.10610125513509522,0.16558329216411413,-0.012509662311398183,0.03886569222894949,0.9919275462949022,0.005029629767924909,0.0018971339803635458,-0.00283058027014399
0.04990547077818436,-0.023643514140152762,0.2295836741937261,0.016703973621434297,0.09798274671930794,0.14103852518588633,-0.009546670207668218,0.03522892601599108,1.0062732237852334,0.0052592134421186355,0.0019470394511417303,-0.002854223784284143
0.22185494231679306,0.05054671662398267,0.29257573455563457,0.04542352187565597,0.07364705510402698,0.1284558472295485,-0.010013894990408506,0.0416428332280209,0.998042316288302,0.00555178917667427,0.0021688943934585233,-0.002803677067660161
0.09984683809061395,0.14672901513751663,0.21468556633600144,0.02356506884658588,0.07425322894047454,0.11140090321004027,-0.011132174375328773,0.03302836051436668,1.0051945853198723,0.005766474743010272,0.002268741231549138,-0.002656948052522644
0.24537473666851242,0.1976107466626027,0.1928502808270729,0.12674926603732958,0.1332399191457858,0.12949999599089748,-0.0018360363182229724,0.0307321614989107,1.005975763062824,0.005959325023837345,0.00251411596821765,-0.002459337305860041
0.2946255989592841,0.11350578207278741,-0.04637929914205527,0.08298344866872526,0.12759845447491094,0.11400041960891663,-0.009399998495742896,0.03672676255690103,1.002095314303455,0.005912945724695289,0.0028087415671769343,-0.0023458315237872536
0.24954142043538854,0.25871784992755825,0.08978028173899097,0.05869179764698208,0.05283200161572937,0.0925660525639222,-0.009429438757512534,0.0411622967116902,0.9970501055759926,0.00600272600643428,0.003058282987612323,-0.0020871136738596953
0.11452353095142734,0.29734016863596135,-0.1108938918986074,0.03610918138967615,0.13391670992301527,0.07221264119813406,-0.010052399325785149,0.04600243645826974,1.0040377192944097,0.005891832114535672,0.0031728065185637508,-0.0017897735052237339
0.3698602061208847,0.25257256177990844,-0.13683754235910014,0.040054649294494274,0.06745661304916499,0.10797525896256095,-0.015222269797676807,0.041511028438746995,1.0107811935425466,0.005754994572176573,0.003542666724684635,-0.0015372009434438255
0.12731131385593952,0.14778441272209525,-0.2529908607775436,0.09646391540696675,0.08066225537837346,0.05024559581492421,-0.005316790721803525,0.039781824933561034,1.0072915765900428,0.005502003711399029,0.003669978038540575,-0.00138941653072173
0.19000221843139908,0.3014230841864678,-0.08074204991354439,-0.03295827197989979,0.0416290496835617,0.03149070770036393,0.0018687917341016925,0.028770282674346656,0.997054778512955,0.005421261661485485,0.003859980256971974,-0.0010879934465352623
0.3462421380049826,0.20151018820563135,-0.2459268199093779,0.08706843267700658,-0.0013891787657163727,0.11827826943388277,-0.006135372288488811,0.045800505170683174,0.9920941103681643,0.005175334841576108,0.0042062223949769564,-0.0008864832583296311
0.2699849012537527,0.2379593335166916,-0.24696008593746235,0.08428290128350296,0.027934732001821172,0.009316651880257027,-0.011430781965633963,0.03526848142832781,1.0037341115983491,0.004928374755638645,0.004476207296230709,-0.0006485239248129394
0.07093928588725334,0.3772445114984232,-0.40338904882980087,0.0600919358441435,0.01192896290168844,0.05734160106151082,-0.0076788041347650255,0.03721255462660205,1.004159129503523,0.004524985706808844,0.0045471465821179625,-0.0002712794133145161
0.2515462726878844,0.3429774229584907,-0.517880860810316,0.0101543945580708,0.10184165315983114,0.0018655700532295687,-0.004185042470511715,0.029529029443246698,0.9957885979077983,0.004007104845998527,0.004798692854805847,7.16980096439746e-05
0.26616956622122195,0.35353702528583886,-0.5358563354757291,0.01728872510178813,-0.00878903783283139,0.016756487500534354,-0.0027953075380478115,0.04063994948943151,1.0044731290754747,0.003471248510522798,0.005064862421027068,0.00042523503492981353
0.31355637458308916,0.4030430875217246,-0.5465632062121513,-0.0628373793783747,-0.013284698386626957,0.038733672383040964,-0.00798950690076544,0.05279754784785013,0.9972872556709469,0.002924685304310647,0.005378418795610157,0.0008282781224515382
0.3174823323293051,0.2396177844499716,-0.6965911125816446,0.0015276615387636167,0.034650149974637966,0.002201981510694227,-0.00525697302864231,0.03929656121674695,0.9963253682183374,0.0022280941917290024,0.0056959011279394635,0.0010678959069015097
0.27414148290797735,0.25260941009413684,-0.6687251100389586,-0.021469716355129485,0.04332130996693486,-0.025194433014889106,-0.015027910071182293,0.03599386970020456,1.001108324083352,0.001559369081690044,0.00597004261084744,0.0013205053169956466
0.22231068369943838,0.40350174424112595,-0.7501060255981029,0.01886285477242723,-0.0416307490509768,-0.049638935229969254,-0.01064510860893191,0.03923513613177935,0.994101730059022,0.000809263056091941,0.0061923532945468785,0.0017240070612367722
0.16076256750482765,0.2212654354228014,-0.7897157578768169,0.032264284320442135,-0.05970037195797865,-0.07359949700110752,-0.0027864213025107316,0.045966904764636184,0.9980553594016193,1.954729821512402e-05,0.006353115862051706,0.001945272496659574
0.24529970584496763,0.31795223885170415,-0.66269637702762,-0.006459948477934704,-0.05462234529132053,-0.009517851644554204,-0.009227391039303399,0.044463235325467844,0.9975305966517324,-0.000643149078812496,0.006598415567896674,0.0022632247355112776
0.18103986162648125,0.2961299782689031,-0.5170335424943502,-0.04335466527720257,-0.066032224787009,0.008354748527472733,-0.01230008829694372,0.037828015054093854,1.0021727622855152,-0.0011601826213068463,0.006779455429523154,0.0025593547137801806
0.260727451436368,0.24894492644428928,-0.6085896672039425,-0.038716385918421574,-0.0750341048986642,-0.046646232660152546,-0.006620009480572939,0.04530910663730841,0.996460494238439,-0.001768772288510789,0.007040182880959523,0.00280829964022447
0.22838018415156364,0.185241821127321,-0.599048848783526,-0.07243629926738937,-0.09696527183109342,-0.09157130640115181,-0.007419538902077963,0.04745037779952959,0.9956556593312157,-0.002367821137294315,0.007268563065111086,0.0029935414613517907
0.007175578987883624,0.2673411287848583,-0.6780148047211593,-0.03894201519741619,-0.08810811471256481,-0.0008349036412383954,-0.0036949235326475646,0.045371041679938155,0.9945628316070985,-0.003045835942015474,0.00727573864409897,0.0032608825901366493
0.344941025048474,0.1407933747681513,-0.5797638048431883,-0.0868228930689156,-0.1339772977635551,-0.1217103855036684,-0.0051297454511484725,0.03626866730905275,1.0048936530044288,-0.0036255997468586628,0.007620679669147443,0.0034016759649048004
0.12164988189079722,-0.006088187058267955,-0.5842529720994143,-0.0485333833936272,-0.07882888484458028,-0.05168249893251472,-0.0005335168473529746,0.04352222508698376,0.9942509466100904,-0.004209852718958076,0.007742329551038241,0.0033955877778465322
0.15179882702757005,0.1000470053592504,-0.6531223660350846,-0.11080043879338336,-0.11872139934617568,-0.07142148842625907,-0.013066175345387874,0.0389469044724526,1.0031007172426314,-0.004862975084993162,0.007894128378065812,0.0034956347832057824
-0.044233291556467574,0.037051857595994206,-0.5872021196973302,-0.11159512680135772,-0.1350218058448269,0.022607603459765195,-0.0006736710601566694,0.04044941965959182,0.999605764812535,-0.005450177204690492,0.007849895086509344,0.0035326866408017764
0.07485777497244375,-0.01361553708922884,-0.48549042742327986,-0.14264360344482066,-0.12200825706081705,-0.05173986266720352,-0.004294118208732715,0.03635566259833564,0.999825544974302,-0.005935667632113772,0.007924752861481787,0.0035190711037125476
0.003272620808008962,-0.10035760260814369,-0.34266562757929764,-0.06404841179490164,-0.09954476331017499,-0.06124594595563599,0.0007525030322230782,0.03260570353033108,0.9955919401087261,-0.006278333259693069,0.007928025482289797,0.0034187135011044044
0.1307794351346211,-0.11006082536609577,-0.25369571104935723,-0.09660312237195463,-0.20103319902988093,-0.07285913903118378,-0.0006409449935248597,0.03725236305565488,0.9985993879767804,-0.006532028970742426,0.008058804917424417,0.0033086526757383087
-0.008773973411011125,-0.1830251473560442,-0.2378671288294899,-0.09647842602035725,-0.1787164221077157,-0.010798690277365361,-0.0029872131683226573,0.03274855466233792,0.996351324298764,-0.006769896099571917,0.008050030944013407,0.0031256275283822648
0.009700574661970244,-0.22606842543729,-0.0357729425933451,-0.10077741376425634,-0.26777283726790096,0.004131819358269886,-0.0020043005933060632,0.03498420699136598,1.0060399664885815,-0.006805669042165262,0.008059731518675376,0.0028995591029449745
-0.18270525653660658,-0.27264062082447493,-0.17461483345716644,-0.15339724809657826,-0.22158331241273924,-0.12887763598158672,-0.00015172519990021196,0.03893747036070783,0.9998264934241908,-0.006980283875622429,0.00787702626213877,0.0026269184821204996
-0.04529923436831005,-0.3408911315066305,-0.13958729422877575,-0.17495007734980672,-0.15455247281215254,-0.010221513156374996,-0.009316530213108926,0.0374221188190915,0.9991760780455475,-0.007119871169851204,0.00783172702777046,0.0022860273506138686
0.17711059345324098,-0.3319223693776717,-0.0674240547359247,-0.11345389054918543,-0.148405994222938,-0.01609536327844841,-0.003707241994191015,0.03399790243234684,1.001155394243624,-0.007187295224587129,0.0080088376212237,0.0019541049812361977
0.006052411933291223,-0.3584022073570546,0.04817272563093257,-0.15839708715606365,-0.1747267037906061,-0.0225991369493235,-0.008244171838944584,0.03286115678142366,1.0042596846633975,-0.007139122498956197,0.008014890033156991,0.0015957027738791427
-0.08594519668271144,-0.4019036833153435,0.01318585341132425,-0.12199061851270093,-0.12217008880640073,0.056181280797875516,-0.007546353971923955,0.040814691424150104,1.001077175859148,-0.007125936645544873,0.007928944836474279,0.0011937990905637992
0.003881912798201992,-0.23921341446289965,0.12410015962640047,-0.14754004228286383,-0.15564931062906634,0.028113672315361132,-0.00428009945111591,0.0429319702918034,1.000932050476463,-0.007001836485918473,0.007932826749272481,0.0009545856761008996
-0.12861225647627048,-0.359385136660956,0.30456409749966823,-0.11927181201044346,-0.1439014982471051,-0.004622967814621704,-0.009115895473457841,0.03901663801927576,0.9998821499944958,-0.006697272388418805,0.00780421449279621,0.0005952005394399436
-0.08012051757964442,-0.29580332482023164,0.4196381458698386,-0.12828172494832824,-0.10108126044093511,-0.02011673218443677,-6.073714431966814e-05,0.03873192250838188,1.0022689434143086,-0.006277634242548966,0.007724093975216568,0.00029939721461971194
-0.03589184187346518,-0.49994677715993974,0.3208850729358321,-0.1604264248024452,-0.16093086888548724,-0.058170659987406094,-0.004754162096756193,0.03408060944053332,0.992156957629113,-0.005956749169613133,0.007688202133343102,-0.0002005495625402278
-0.04445541477165642,-0.5220584888230733,0.3359724658887255,-0.18359190514738882,-0.15146636101443048,0.0002387310012894328,-0.00055055495810527,0.03484206814901665,0.9981963474831781,-0.005620776703724409,0.007643746718571445,-0.0007226080513633011
0.11938935018695201,-0.6172655453063396,0.42057032833121627,-0.14091472645716224,-0.1756112300960123,-0.0237338978021324,-0.0032038996822126207,0.0416082239502916,0.9989796146974985,-0.005200206375393192,0.007763136068758398,-0.0013398735966696409
-0.25650302465081953,-0.4716745370676934,0.5539264960980964,-0.10986587045144842,-0.13349384172333112,0.07091687929925573,-0.005167524779661221,0.0332955242390416,0.9978431982150237,-0.004646279879295096,0.007506633044107577,-0.0018115481337373342
-0.12870919479936446,-0.5359904712235417,0.6201181323056593,-0.14304628234957506,-0.21159230412098218,0.018118207227965935,0.0044423697806826494,0.03866154227146464,0.9982442966323426,-0.004026161746989436,0.007377923849308213,-0.0023475386049608762
-0.07421245283644286,-0.37708988834674384,0.7685965771776606,-0.10374957355735942,-0.11644764966319185,0.019349064238874503,-0.0034483925857755936,0.036180902131692866,1.0071385677853477,-0.003257565169811775,0.0073037113964717695,-0.00272462849330762
-0.07641057819684383,-0.5617889137068577,0.6350003155224785,-0.09535172193066724,-0.12866623472321573,0.1172517027398352,0.00027811892977081714,0.03434819214507347,1.0012612817903137,-0.0026225648542892964,0.007227300818274926,-0.0032864174070144775
-0.06353782035566134,-0.5191533425910094,0.518054737696933,-0.1420062558381162,-0.07208400642636047,0.06205723754504226,-0.0069089535608675414,0.03666328324447836,0.9934460070637405,-0.0021045101165923633,0.007163762997919265,-0.0038055707496054874
-0.2169222053135889,-0.32139484144807606,0.7660182244735234,-0.12803651994159265,-0.0393110004640764,0.03702858946348941,-0.006034069532202488,0.046590542709475255,0.9923602165065072,-0.0013384918921188398,0.006946840792605677,-0.004126965591053563
-0.1983330741574169,-0.4887720026121914,0.745766938028215,-0.040624753907962066,-0.04503416535847103,0.0974287877864327,-0.006113038124670019,0.040499140742737444,1.0045525692063915,-0.0005927249540906248,0.00674850771844826,-0.0046157375936657545
-0.06711969451150254,-0.5065876677113349,0.7045757426763317,-0.12148303542372564,-0.05757371644066466,0.02055547291752577,-0.014430443958697407,0.05076087724715438,0.9947714803086107,0.00011185078858570697,0.006681388023936758,-0.00512232526137709
-0.03991457909555168,-0.35505273931203996,0.6748276038938547,-0.046733166573881185,-0.006922869763426548,0.05180397587168239,-0.010481521353513407,0.038624924157672845,0.9977283327625242,0.0007866783924795616,0.006641473444841207,-0.005477378000689129
-0.24598032084085655,-0.39346922385277294,0.7844447081418228,0.0018689557198075853,-0.00013784394137966467,0.07649018247572345,-0.00356239892013677,0.041085563607654765,0.9962760954217512,0.0015711231006213845,0.00639549312400035,-0.005870847224541902
-0.296750280985895,-0.34836191049511145,0.682743097608803,-0.07201861549064831,0.007703480256486668,0.037042929815346445,-0.0007388046369179537,0.028148585641244738,1.0000335738558808,0.0022538661982301872,0.006098742843014454,-0.006219209135037014
-0.09521161195574579,-0.306235059548089,0.5578208224363377,-0.0018586513855703753,0.032497104618845765,0.07910491323778253,-0.00625732449569668,0.03563053671680788,0.9954212713661073,0.002811687020666525,0.00600353123105871,-0.006525444194585103
-0.10785635740895713,-0.19883969403242094,0.5083530929993585,-0.036966712404764804,0.07368885162936895,0.07172490507793106,-0.0037797871134554106,0.03459798178355794,0.9980763491978601,0.003320040113665884,0.0058956748736497516,-0.006724283888617524
-0.15958158557279814,-0.4066211326838702,0.5321840092933621,0.025819158424536026,0.03130219491580722,0.09772266776636611,-5.000534947098914e-05,0.035512084237941575,0.9968552865468381,0.0038522241229592457,0.005736093288076953,-0.007130905021301395
-0.02653891569943756,-0.35359282909560963,0.5450630530407474,0.006990894223778592,0.061300799524081045,0.07961444907647457,-0.009681081928048282,0.04351705263729481,1.0041723693518232,0.004397287175999993,0.0057095543723775155,-0.007484497850397004
-0.059292718082086734,-0.22960557411437416,0.3184766149541187,0.015059305590327424,0.05949192289969729,0.06678737329834716,-0.00312242546344428,0.040057284893304075,0.9970093511775368,0.0047157637909541125,0.00565026165429543,-0.007714103424511379
0.01863771605399718,-0.07964896395257666,0.2340591331674786,0.019731705516856855,0.15710195799512497,0.08362777036848038,5.525540356101982e-05,0.03142015595431195,0.9996940405771376,0.0049498229241215904,0.005668899370349426,-0.007793752388463956
-0.11712134887943065,-0.10946329449897066,0.25076219800720295,0.03989689388799511,0.0788103019774376,0.049105434557880946,0.004362439449940068,0.0328295283033577,0.9904424316048749,0.005200585122128793,0.005551778021469996,-0.007903215682962926
-0.009159092899399687,-0.24707778741185943,0.08214450272087886,0.020022036233598602,0.10459739799719134,0.04274476898856418,-0.011652921193725456,0.03932863071650489,0.9959975670375839,0.005282729624849672,0.005542618928570597,-0.008150293470374787
-0.09985581724227319,-0.039302749410788484,0.10255646964790713,0.05360058512492698,0.08999166243101421,0.06929161109957124,-0.0015209065738482704,0.03846026280342191,0.9993048946507316,0.0053852860944975794,0.005442763111328324,-0.008189596219785576
0.1119241778962218,0.11673055924834214,0.2832440757598533,0.027803867853829017,0.14041533695457933,0.07480789610613345,-0.003756079589112649,0.044332376779497175,0.9935385392748362,0.005668530170257432,0.005554687289224545,-0.008072865660537233
0.05256768052929882,0.25982507089317125,0.11132357574861894,0.12480710553577479,0.13858085470710113,-0.009247352247835823,-0.001991804798761233,0.03081356228803607,0.9878976990857444,0.005779853746006051,0.005607254969753844,-0.007813040589644061
-0.19098630153508117,0.14117558460525528,0.06298734982566248,0.08610163398270411,0.10833830943752593,0.047652149727156444,-0.00844094628819653,0.04248412542738252,0.9966009537868439,0.005842841095831714,0.005416268668218763,-0.007671865005038806
-0.0765698758995085,0.0539180181370071,-0.04998504319376134,0.13951798503878876,0.10454164125745229,0.007523147509797601,-0.003892936171826529,0.04241944956575948,1.0040781821753657,0.005792856052637952,0.005339698792319255,-0.007617946986901799
-0.03211465731506662,0.18927170875549648,-0.16745572346212068,0.12696348668822416,0.13438553557482982,0.013101741596423157,0.009539512474229624,0.034147801023754115,0.9995625167895322,0.005625400329175832,0.005307584135004188,-0.007428675278146302
-0.05789891827828528,0.2943130112888025,-0.19703321380142857,0.11073133032403752,0.2007174610570211,0.04660838352619572,0.0054182989143870125,0.036677961697844035,0.9954205956283766,0.0054283671153744035,0.0052496852167259024,-0.0071343622668575
-0.006241355030981695,0.20301879250342192,-0.3578253583685337,0.07577561176071684,0.15776474455653772,-0.0363844119376255,0.007211858223159753,0.04346781989587879,0.9916545651489338,0.005070541757005869,0.005243443861694921,-0.006931343474354076
-0.0024481823090560274,0.23838792275154524,-0.1877151147255071,0.08297391487845493,0.15981082809944328,-0.06696916563840588,0.0021638702664873556,0.025960610954036324,0.994905168780088,0.004882826642280362,0.005240995679385865,-0.006692955551602532
-0.1521207260960325,0.5029601907417833,-0.32026083395295923,0.12422785652752007,0.12212659457665605,-0.05607205181600904,-0.0021026053579801794,0.040567625241916566,1.002138351845266,0.004562565808327403,0.005088874953289833,-0.0061899953608607495
0.032274625774939156,0.4188690984833168,-0.38952963201600627,0.18461538382760304,0.1680142295912638,-0.022134120968182645,-0.006705483893581048,0.042328799735264065,1.0021542287760852,0.004173036176311397,0.005121149579064773,-0.005771126262377433
0.06944908766627289,0.4895205020614235,-0.413046767882158,0.06746769734871752,0.21429279007943583,-0.026925419581600628,0.0001343103826092408,0.03844173407588745,0.9982405924353778,0.003759989408429239,0.005190598666731046,-0.00528160576031601
-0.04536714412400182,0.2417499726712087,-0.27605569326087676,0.13581696922391964,0.2559311841483288,-0.012899285903233701,0.003936554374230842,0.03865800842973508,0.9935792904957333,0.003483933715168362,0.005145231522607044,-0.0050398557876448
0.07056116514882275,0.3442356497420853,-0.5211015952996846,0.1757470886575111,0.19824549854859186,-0.07542083757576831,0.016552517148686767,0.03034165558640621,0.9955851836125101,0.002962832119868678,0.0052157926877558665,-0.004695620137902715
0.1318591394511087,0.23160345876718708,-0.39323185319397946,0.14881096833772098,0.17684016869345537,-0.028699479130913183,-8.736509448428905e-05,0.029381123330900878,0.9963954687544406,0.002569600266674698,0.005347651827206975,-0.0044640166791355285
0.06947068532613584,0.46086374648400147,-0.4645281308430602,0.09215655024587399,0.10898195256128901,-0.08752474063020009,0.007874573263589701,0.03715121335305288,0.9910675307158837,0.0021050721358316375,0.005417122512533111,-0.0040031529326515275
0.15722641858778408,0.43327860179513156,-0.3738918484119326,0.09593905981644413,0.13641664728149053,-0.1301968623542114,-0.0041369752132455525,0.04384925914111599,0.9990148248257362,0.0017311802874197047,0.0055743489311208955,-0.003569874330856395
0.1586428962133994,0.5367245017730286,-0.4498850040545457,0.10139327634934596,0.1659715641629169,-0.10662389698881707,0.0022919257112104323,0.03645196762955312,0.9966564827475398,0.001281295283365159,0.005732991827334295,-0.003033149829083367
-0.053302942025284336,0.5408873625277081,-0.4653186454493883,0.09119062045436525,0.10032420911289897,-0.08242154587710696,-0.0029329078100481095,0.03932967934863648,1.0083169199602837,0.0008159766379157708,0.00567968888530901,-0.002492262466555659
0.0694247247732659,0.6027653001909126,-0.2891144439227304,0.13114133889547505,0.12655273404815284,0.010790165682691968,0.002922458856749661,0.03092933980669991,0.9990184350100173,0.0005268621939930402,0.0057491136100822765,-0.0018894971663647464
0.20367758664124808,0.5832569573964995,-0.40346916902123314,0.07963171212268373,0.13110763332895875,-0.13461993032620131,0.00839081888611406,0.03670010775885036,0.9950410759417176,0.0001233930249718071,0.0059527911967235244,-0.0013062402089682465
0.11104688886178475,0.48502040468514007,-0.24998491335426365,0.066536855343609,0.15425477617015465,-0.057271334645568654,0.009171468569115514,0.030674279951057662,1.001778454146589,-0.00012659188838245656,0.006063838085585309,-0.0008212198042831066
0.2598460699713988,0.5825351682726879,-0.2316139993858739,0.036846183788088696,0.08567773428168737,-0.06969058366750133,0.006695993746533075,0.0438171786068663,0.9990261937655072,-0.0003582058877683305,0.0063236841555567086,-0.0002386846360104186
0.015699115781082074,0.4024230136692505,-0.12328499129490074,0.032554940412592326,0.13357952244987,-0.1162214829510445,-0.004900364563068328,0.03260840381106356,0.9892787554423778,-0.0004814908790632312,0.0063393832713377896,0.00016373837765883194
0.053563375212966224,0.47586802873447676,-0.2392675881365711,0.012897853913809251,0.15180404721344912,-0.07604712115668018,0.003739043444044612,0.035565757465113736,1.0007032534508133,-0.0007207584671998023,0.006392946646550757,0.0006396064063933088
0.2669124682042163,0.34894044391140777,-0.14667401897538368,0.05019731357749893,0.07027774223929711,-0.13467625978308556,0.008561947401484407,0.03717055009949702,0.9980682045122763,-0.0008674324861751861,0.006659859114754973,0.0009885468503047165
0.21615156507521055,0.4131835758852526,-0.22415465131810086,-0.010184212753049364,0.017339563030824613,-0.13187557053942583,-0.0024563156537057516,0.03589394308628653,0.9968021052804007,-0.001091587137493287,0.006876010679830184,0.001401730426189969
0.11157654214078634,0.35661531102727784,-0.09113602806769472,-0.013938230610761927,0.1025804121727968,-0.1434979553842563,0.0014970743885999171,0.0358870614666721,0.9962951902059337,-0.0011827231655609817,0.006987587221970969,0.001758345737217247
0.10522021665261269,0.48967215285215426,-0.049996378248081064,0.05926519016325992,0.059448882968150596,-0.10862355873309075,0.0073974075678275904,0.037536651162131826,1.0016128930342258,-0.0012327195438090626,0.0070928074386235815,0.002248017890069401
0.2963119189591518,0.39939127043060607,-0.081853081906812,-0.03828979288740207,0.043996402931873006,-0.07640792929464439,-0.014126897424814013,0.03537609444334811,0.9977146051851029,-0.0013145726257158747,0.007389119357582734,0.0026474091605000073
0.1200237513968588,0.2673294723445617,0.07177448238744515,-0.098583858880719,0.034468468487107336,-0.14034395990088216,-0.0007304767549368694,0.042703014774567394,1.0015274306746937,-0.0012427981433284297,0.007509143108979592,0.0029147386328445693
0.009507897791288328,0.25332809652190647,0.08012286106481994,0.020587188469750318,0.007800545923300544,-0.035592419667015755,0.012989138676431094,0.04251777520533058,1.0005017708486157,-0.0011626752822636096,0.007518651006770881,0.003168066729366476
0.25871687633245,0.23736916455006254,0.19600330465408863,-0.05954892462243027,-0.023979544543638102,-0.04121800435815753,0.015391021777773628,0.02781233109088911,1.001641095403774,-0.0009666719776095208,0.007777367883103331,0.003405435893916538
-0.02623942153831499,0.17324534662368174,0.28605986422212754,-0.02242430005417865,0.007459773491792156,-0.05130292788529936,0.010174869953365698,0.034992065858646816,1.0008343786834513,-0.0006806121133873934,0.007751128461565016,0.00357868124054022
0.056416173738163315,0.15717147098450893,0.3322113547694331,0.0016844176453233838,-0.04122037253504333,-0.03871771323248487,-0.009060747443413173,0.039805826219644236,0.9969471926609164,-0.0003484007586179602,0.0078075446353031795,0.003735852711524729
-0.018043512485951457,0.17186844828544795,0.33617981609878755,-0.119255702773073,-0.03530436409753509,0.02959473498844186,0.008004399364585756,0.03379682178099944,0.9970795404313725,-1.2220942519172607e-05,0.007789501122817228,0.003907721159810177
0.2492083472416472,0.03511244115951312,0.38555353644340756,-0.09874914135192016,-0.058251593744893866,-0.030327157853118368,0.008670667552135324,0.0442845918431162,0.9993674456789082,0.00037333259392423497,0.008038709470058875,0.0039428336009696896
0.06992512325088271,0.02565320382770998,0.3868952926858603,-0.06854621142180574,-0.05548540703595267,-0.02881265858491954,0.001936618871932373,0.03385092771275956,0.9886307987429226,0.0007602278866100954,0.008108634593309757,0.0039684868047974
-0.060286927802461865,0.04061936553032169,0.25562068242876534,-0.13346588940894963,-0.042259137215128605,-0.009613114483238415,0.01650143672918964,0.0271569303803813,1.0026515998277885,0.0010158485690388607,0.008048347665507296,0.004009106170327722
0.13652445635021782,0.12668610131016178,0.4063473346983241,-0.11588356167312397,-0.05292466116619221,0.020483543012912744,-0.0028070097386050496,0.032325426171243635,0.9995698792888253,0.001422195903737185,0.008184872121857513,0.004135792271637883
0.12339831350601246,-0.027476468533995754,0.42709064213253467,-0.09335085845276875,-0.05846224753433181,-0.017596803486893936,0.009351535945001361,0.03497981519284999,1.0032428030405645,0.0018492865458697196,0.008308270435363526,0.004108315803103888
-0.054037690376725636,-0.06418765805997267,0.4130418191767473,-0.07089109724248137,-0.05857844903361409,0.07275792014163503,0.0002825719654922427,0.034634043888629076,0.9955086521338679,0.002262328365046467,0.0082542327449868,0.004044128145043915
0.17224884629154041,-0.08719431758686223,0.4904311224570862,-0.1031332930630898,-0.13803583798886432,-0.005478586705785203,0.010095589862313119,0.027929488981559808,0.9927069537244013,0.0027527594875035536,0.00842648159127834,0.003956933827457053
-0.1376113057443109,-0.24054519904268828,0.37643326349379075,-0.13226762177846696,-0.015562178893951114,0.09023395264157354,0.010766967099183717,0.029565793568209563,0.9951403936629685,0.0031291927509973444,0.008288870285534029,0.003716388628414365
0.039067417852851824,-0.18289118388978376,0.40889674278744015,-0.1587657739441764,-0.09344864671649623,0.1863158411123827,0.006779461895360531,0.03262000936826718,0.9974226099051561,0.003538089493784784,0.00832793770338688,0.0035334974445245812
0.11006847414473059,-0.3000282127424997,0.42528580214384043,-0.06995558852740004,-0.08130545317365141,0.1366083330470283,-0.005847807527018749,0.03091254239523781,0.9967206898667964,0.003963375295928624,0.00843800617753161,0.003233469231782082
0.12303774325672326,-0.22939120629589896,0.2851340336371183,-0.05732899996017014,-0.11115707146484338,0.12968253783665645,0.0023678843945485546,0.04455104298896094,0.9969517988043859,0.004248509329565743,0.008561043920788335,0.0030040780254861825
0.029552312655964252,-0.36359468043501203,0.3911635037988579,-0.08705334092873862,-0.05890804969540146,0.05439125508598777,0.010596392796520304,0.03599266448949703,0.9953745205537263,0.004639672833364601,0.008590596233444298,0.0026404833450511707
-0.12538421705687477,-0.30557527578348054,0.23949531054813633,-0.07389922125278285,-0.058873069406855466,0.1321646557537536,0.00128962140723174,0.04436015572894425,0.9923774639209565,0.004879168143912738,0.008465212016387424,0.00233490806926769
-0.04458132863653803,-0.14706189624079571,0.15252469486344059,-0.07790511373995578,-0.07795762378444956,0.09147937065598763,-0.0006853245422913752,0.040350079557825436,0.99770227811645,0.005031692838776178,0.008420630687750888,0.0021878461730268943
-0.1679400645827176,-0.2341441471141487,0.1331960390176097,-0.10760258755947198,-0.12249438084203094,0.14409324365500087,0.00682083956805905,0.03936120571758386,0.9976395534952781,0.005164888877793788,0.008252690623168168,0.0019537020259127453
-0.003981251734140434,-0.2379740156515261,0.04771746105331947,-0.05204275379841797,-0.1045564670172989,0.1464774317077875,0.0033824358825467974,0.030777917011466833,0.9998375236814018,0.005212606338847107,0.008248709371434028,0.0017157280102612195
-0.05457283303110233,-0.27092696945154154,0.05355514725649751,-0.009375213875661533,-0.1087576883927939,0.10632756799311006,-0.00013879835972909014,0.037146355989498225,1.0005047115375247,0.005266161486103605,0.008194136538402926,0.001444801040809678
-0.006091550307491422,-0.1895445013776444,0.04432401442397155,-0.04999977822034432,-0.08313488606262763,0.07986679948081814,0.0010310380710316681,0.0447741802833336,1.000353670338984,0.005310485500527577,0.008188044988095436,0.0012552565394320335
-0.1294212145069787,-0.15538814385951655,-0.017482809562103144,-0.020412614325175275,-0.06208598291391437,0.1113896319316717,0.006477170354589638,0.039054593597816836,0.996385697863846,0.005293002690965474,0.008058623773588456,0.0010998683955725167
-0.18694547475728415,-0.3156289715586135,-0.29388397732962934,-0.07793010926309364,-0.04698751170273081,0.10294827275496371,0.008832200112881336,0.035768934537793194,0.9953209333654099,0.004999118713635845,0.007871678298831173,0.0007842394240139034
-0.05704536718211277,-0.2065113170349358,-0.11378911046441877,-0.04776753007939743,-0.0994123521108839,0.1386365742776279,-0.00022471699774853637,0.03940899643829364,1.0047692658273661,0.004885329603171427,0.00781463293164906,0.0005777281069789675
-0.2531511795061587,-0.22841715457400047,-0.2266335539108044,-0.02053612293524052,-0.0335654342336138,0.15641401829746254,0.009256849792996812,0.026943807618460106,0.9932235423277109,0.004658696049260623,0.007561481752142902,0.00034931095240496704
-0.14260750009532158,-0.4767480317691135,-0.39665882567741106,0.026665184018612162,-0.09239901363831812,0.11386216765547806,0.0029818255540920192,0.03044518608781156,1.0060130203944282,0.004262037223583211,0.0074188742520475805,-0.00012743707936414651
-0.20256571574404258,-0.3251712252775116,-0.5083688254697558,-0.031547592276817395,-0.018423213137884933,0.08622662597822107,0.012273885062036964,0.04223674964005252,1.0002881608564205,0.0037536683981134553,0.0072163085363035374,-0.0004526083046416581
-0.12550866480006323,-0.06915151429996907,-0.5278443692219492,0.021785355257278358,-0.05051072761911237,0.10106738923631335,0.010729218431255827,0.04164608996958669,1.0015821253257216,0.0032258240288915068,0.0070907998715034745,-0.0005217598189416272
-0.2118156735892518,-0.028775245748001388,-0.43193770995965275,0.023602671317939517,0.004974437528650068,0.13385660826123222,0.007700793350530019,0.03252918711454315,1.0029578141247655,0.0027938863189318538,0.0068789841979142235,-0.0005505350646896285
-0.19199259810064565,-0.2565198764514607,-0.4556183619946063,0.04434729985693869,-0.07185237562855351,0.09120623441249788,0.0071249622690986066,0.024106734393726445,0.9996864773181409,0.0023382679569372475,0.006686991599813577,-0.0008070549411410893
-0.34564820581691175,-0.160613764185658,-0.5279195695526124,0.00041768504423558145,-0.054788431104127545,0.09561874357606966,0.01647680958135218,0.024967046839714627,0.9985495166606785,0.001810348387384635,0.006341343393996665,-0.0009676687053267472
-0.29720579579580464,0.05530806475949131,-0.5808108146204887,0.053518259280395226,-0.007003089256960623,0.08731233201411544,0.00849644178751821,0.036550564212001896,0.9982128947794345,0.0012295375727641462,0.006044137598200862,-0.000912360640567256
-0.2733426599682076,-0.08172095025393587,-0.6054412466151957,0.05387164437024663,0.027510764415424726,0.02714874133701134,0.010236039543405987,0.03186183441411643,0.9915515091067653,0.0006240963261489505,0.005770794938232654,-0.0009940815908211918
-0.19086696648736368,0.0018184423813192852,-0.815923474870672,0.059620725736825225,0.010952436295349362,0.0331843639656716,0.018529631696001327,0.028697343901872036,0.9999794818748887,-0.00019182714872172145,0.00557992797174529,-0.0009922631484398725
-0.2716166392971138,0.11737930721719665,-0.7130748182628522,0.09442874117458543,0.005922373501632426,0.03272265034488354,0.009047477090819742,0.03764904442408248,0.9920187578138792,-0.0009049019669845736,0.005308311332448176,-0.0008748838412226758
-0.2732552451563675,-0.028250879423871042,-0.6074555412522628,0.10611246844730571,0.05789531141648353,0.06788761465740283,0.009484618932347848,0.0315511259634705,0.9920423479554559,-0.0015123575082368365,0.005035056087291809,-0.0009031347206465469
-0.12253949030640324,0.1738800030618189,-0.6158264844372454,0.06696565673599583,0.1676358900340394,0.026472741918451684,0.005193738459570637,0.026126967512040574,0.9969245528202387,-0.002128183992674082,0.004912516596985405,-0.000729254717584728
-0.2032227112894016,0.16125156358018783,-0.5150012623062943,0.03681054875603835,0.0643861620813097,0.08036365148032135,-0.000963797177569236,0.03395279532230607,0.9910211840065853,-0.002643185254980376,0.004709293885696003,-0.00056800315400454
-0.27099790819478486,0.08337458891129758,-0.6541514247846181,0.06394555987874366,0.06310381951124917,0.04249546749889708,0.007469400213944032,0.035941464148538035,0.9914897886424523,-0.0032973366797649944,0.004438295977501219,-0.0004846285650932425
-0.190713526262112,0.17758225489983415,-0.6203500654977098,0.026611487030502052,0.07228474633315395,0.07873465739512901,0.004890242104071342,0.025682621370116957,1.0049239333251851,-0.003917686745262704,0.0042475824512391075,-0.00030704631019340834
-0.298106491792679,0.11227592748967385,-0.49779123200905256,0.07680596431581271,0.0708710423216609,0.05144777329527586,0.007470301107009478,0.026822178030179028,1.0033642500205744,-0.004415477977271757,0.003949475959446428,-0.0001947703827037345
-0.1420565211109654,0.26853158835985486,-0.5722911958868511,0.12400111616901165,0.0785137551492374,0.03868652119196597,0.014605121676573704,0.027623410214394017,0.9948845151566725,-0.0049877691731586085,0.003807419438335463,7.376120565612038e-05
-0.2035474208950953,0.2760594102704971,-0.5044255712415957,0.05960072062576369,0.1012236904229771,0.01100535986757332,0.003786783727029337,0.03462068139577901,0.9955152371396426,-0.0054921947444002035,0.003603872017440368,0.00034982061592661747
-0.14231452387515414,0.1774128929401465,-0.47473037207449564,0.07963577902926713,0.08486657519250591,-0.0256077188981276,-0.001438355538963326,0.03734056000080512,0.9997179068474,-0.005966925116474699,0.003461557493565213,0.0005272335088667639
-0.3017143664431993,0.37289332325276514,-0.5184684227470198,0.04935850686421583,0.08177197608599211,0.01755549079962407,-0.0003531798060374524,0.02728650453737151,1.0101259185421505,-0.006485393539221719,0.003159843127122014,0.0009001268321195291
-0.2085585834583937,0.24826342760540124,-0.3682034760406041,0.04533477000240847,0.04616882398454646,-0.013260686451267953,0.0035022022084712032,0.029177814265607026,0.9972878142623407,-0.006853597015262324,0.0029512845436636204,0.0011483902597249304
-0.30763794595135247,0.17274370140715323,-0.2567842491577123,0.07123346331961217,0.1352866770636667,0.038029337014435484,0.001583534686767401,0.02466491295845896,0.9913073057377728,-0.007110381264420035,0.002643646597712268,0.0013211339611320834
-0.26212985878032413,0.21101474848815932,-0.2567044158103716,0.012677119738521765,0.1384059798858738,-0.03468093921886104,0.007985924338526865,0.03319555505413799,0.9923698581120017,-0.007367085680230408,0.0023815167389319436,0.0015321487096202427
-0.2664171481472958,0.28846405858087953,-0.16096444347515476,0.009565636443326619,0.16904503626649012,-0.059176742192020786,-0.0004519043984344655,0.02876418022888971,0.9989426270006891,-0.007528050123705563,0.002115099590784648,0.0018206127682011222
-0.015164395166087682,0.3316551903501321,0.017184901897179652,0.08838540280601054,0.13552654959237814,-0.04870832765023324,0.005413796901096994,0.032930940115434175,0.9970270367552706,-0.007510865221808383,0.00209993519561856,0.0021522679585512542
-0.002788646533694289,0.32651933899635227,-0.13198834141283675,-0.02169067819333035,0.06789838693467905,-0.06274872234227384,0.003300085012038511,0.03057716719599805,0.9996994476436244,-0.0076428535632212195,0.0020971465490848655,0.0024787872975476064
-0.1753907229646295,0.19716857672274798,0.09438582537040846,0.008660358945425299,0.13389031214803895,-0.09216312190733207,0.005827018217510365,0.03219156008675139,0.9887242489496062,-0.007548467737850811,0.0019217558261202363,0.0026759558742703543
-0.03452475201535322,0.3184934062539874,0.18316806989803336,0.09281607334119123,0.09864485157191641,-0.0027530242464472877,0.017665072639833704,0.021352853389949418,1.0022070423489988,-0.007365299667952779,0.0018872310741048827,0.0029944492805243413
-0.09216108414897096,0.24255256397062935,0.08667650797443473,0.06597277208979396,0.0907775890016483,-0.06587314774872502,0.012034484849523332,0.030575128120542867,0.995179205046317,-0.007278623159978343,0.001795069989955912,0.003237001844494971
0.050997214123894796,0.23919994326921176,0.3503577500933788,-0.01127160703112377,0.07141279708504111,-0.02965573561879705,0.017178416581051847,0.0325584223274067,0.996416563211158,-0.006928265409884966,0.0018460672040798065,0.003476201787764183
0.1180752684341297,0.255071298960855,0.5660791064824586,0.016670810230635942,0.08361917646007952,-0.13630523743093545,0.013088813953955778,0.021380184009141996,0.993055727152217,-0.006362186303402507,0.0019641424725139363,0.003731273086725038
-0.10578452546299393,0.23455043438155718,0.49192155160540574,-0.03634685293530322,0.08883746579252501,-0.05002164497782627,0.015495002254070998,0.036940919969211186,0.9930045704103531,-0.005870264751797101,0.0018583579470509424,0.003965823521106595
-0.05917046570726407,0.3210085476627879,0.5907574955848238,-0.07104558236033368,0.09309720995776966,-0.041070398009825045,0.005042714491619509,0.035728436535895365,0.9899173444743443,-0.005279507256212277,0.0017991874813436785,0.0042868320687693825
-0.11211447979916733,0.3250371995442536,0.3973684067148182,-0.05551544775820312,0.10373422848855464,-0.0332975839379944,0.007846731056910444,0.035899042582391,0.9997475958777284,-0.004882138849497459,0.0016870730015445111,0.004611869268313637
0.12293323077309885,0.225481842803399,0.608589610128602,-0.050887126714975126,0.08725277280296959,-0.09390752172965756,0.012404032571582102,0.030615782071596345,0.9945139277371681,-0.004273549239368856,0.0018100062323176099,0.004837351111117036
0.06785324524453135,0.07774771481421831,0.6167071407538152,-0.09896279590346886,0.06434161163056876,-0.027583044791933034,0.007518169311788713,0.03446128801613834,0.988533470841883,-0.003656842098615041,0.001877859477562141,0.004915098825931254
-0.02212597669869508,0.04974720973262735,0.5865946914727485,-0.04860667706631051,-0.010506558621930357,-0.0712580519117434,0.006318771177813473,0.03963450391808467,0.9921508142632183,-0.0030702474071422924,0.0018557335008634462,0.004964846035663882
0.19717130540024108,0.08669705326640632,0.8100793873253085,-0.04128697223172738,-0.020797823270814555,-0.04578541678142558,0.016140266614843638,0.02397943042957192,0.985198289683665,-0.002260168019816984,0.0020529048062636873,0.005051543088930288
0.016516879546092933,0.009255749350584042,0.633852696841273,-0.10501446812806832,0.0660438958360506,-0.010532438359481417,0.011672146816456768,0.035909263149075665,0.9864179820481065,-0.001626315322975711,0.00206942168580978,0.005060798838280872
0.04235549262508026,0.0846393359925972,0.6082686792961289,-0.14873024748257363,0.001904959726443051,-0.00572029422267231,0.013107761544801122,0.03084227713289819,0.9943727402335112,-0.001018046643679582,0.0021117771784348606,0.005145438174273469
0.16509561445481524,-0.06230602757209294,0.7120385529354131,-0.058607247871478876,-0.0051197974708017515,-0.0235209258038966,0.0020992767714652534,0.020118267306651137,0.996685166855687,-0.0003060080907441688,0.002276872792889676,0.005083132146701377
0.013078807670287296,-0.04320402747416562,0.6249171551851048,-0.12410139249767886,0.02711625442306457,0.013206155320611635,0.005134938415140031,0.030818322848841548,1.0070025041683568,0.00031890906444093607,0.002289951600559963,0.005039928119227211
0.10055375619476428,0.03443665764456591,0.799881810101012,-0.1423852612638061,-0.025950183819985765,0.038323800035642244,0.009389148144721816,0.03317366207578185,0.9904862014169836,0.001118790874541948,0.0023905053567547276,0.005074364776871777
0.2393346307981245,-0.03644789924348367,0.4897784332535651,-0.17359356206040097,-0.024817901148837588,0.10000315375300257,0.00833860046234284,0.03397585289236026,1.0006538976405568,0.001608569307795513,0.0026298399875528517,0.005037916877628293
0.0547333002325959,-0.2596028971406834,0.612462845947439,-0.15488261283679713,-0.0349237784778869,0.04224087973339359,0.007368861344306745,0.032367697041250094,0.9965344980968299,0.002221032153742952,0.0026845732877854474,0.00477831398048761
0.2343582857009939,-0.23131108107470197,0.44213281631458007,-0.08923428378556646,-0.13004925792419142,0.01776423296833246,0.00659287882414648,0.03374881042132365,0.9960078557857827,0.0026631649700575317,0.0029189315734864415,0.004547002899412907
0.341531269472258,-0.22149587708393273,0.6061335903678841,-0.14103262543399342,-0.046489332983634855,0.10368813223209289,0.01122667043379315,0.030794535007191863,0.9914673234962896,0.0032692985604254165,0.0032604628429587,0.004325507022328974
0.2524512720095018,-0.27350094815814696,0.6229521998273237,-0.16781976641196117,-0.09257071658317712,0.07370033048194737,0.012093008767977415,0.023231651186001775,0.9939614017134761,0.00389225076025274,0.0035129141149682014,0.004052006074170828
0.2528279319667659,-0.3029488569027126,0.5278685134979176,-0.13698132465938687,-0.12209680726111698,0.09754188529276052,0.0026079811239240504,0.028266693461453548,0.9966661286757668,0.004420119273750658,0.003765742046934967,0.003749057217268115
0.2793820239272636,-0.4104100002563856,0.5267503867068482,-0.18494094830812716,-0.06483933813686256,0.030839250741508846,0.010078543088310715,0.03243459303717989,0.9915866436466393,0.004946869660457505,0.00404512407086223,0.003338647217011729
0.21197369588929896,-0.3672892825802255,0.27882934085476957,-0.11434215964706003,-0.07713179009864102,0.03874391794079086,0.016282137034089695,0.027686547266295547,1.0024196647899553,0.005225699001312274,0.004257097766751529,0.0029713579344315035
0.2623074097194614,-0.36301149036215397,0.33218545577040637,-0.14706304331749323,-0.1340379595424109,0.01249870193083978,0.012854722764486622,0.027137149571077195,0.9890308097978872,0.005557884457082681,0.00451940517647099,0.0026083464440693495
0.3043280014562288,-0.3059091137471096,0.2622820999994128,-0.1088564191288735,-0.11584988317086699,0.10388210767795493,0.01710952099293033,0.020440004970301476,0.9956790759681128,0.005820166557082094,0.00482373317792722,0.0023024373303222397
0.25960084393931293,-0.270672233711875,0.1847264622867816,-0.14126679359362077,-0.10921735612024591,0.13572950888750884,0.008539659616004072,0.03004297717586863,0.9944514206615885,0.006004893019368875,0.005083334021866533,0.0020317650966103647
0.3271647079408997,-0.2703146957421614,0.06972701991299383,-0.09473482688004213,-0.06948039358892265,0.053393847512211795,0.010847600441688723,0.03221084703401929,0.9979149726229031,0.00607462003928187,0.005410498729807432,0.0017614504008682036
0.27789893916559727,-0.5113797293068937,0.12539414422709316,-0.11966132939175386,-0.18069798338732856,0.09982916792529832,0.004513319710654543,0.029431095927190707,0.9967562063618068,0.0062000141835089635,0.005688397668973029,0.0012500706715613099
0.15970429773552985,-0.3876347340533999,-0.0969854590730454,-0.13821715118714564,-0.20494955979224896,0.10738156481782675,0.011459089838373696,0.029208558376880273,0.9926345608123895,0.006103028724435917,0.005848101966708559,0.0008624359375079098
0.19672770902959025,-0.5213583111577262,-0.04466363109346783,-0.06235319281183163,-0.1616223004313972,0.08653151312248025,0.00972208053808331,0.026671635032777592,0.991225065764758,0.00605836509334245,0.00604482967573815,0.0003410776263501836
0.19315985704423627,-0.42593161935716223,-0.08942442587953864,-0.12787165959492375,-0.14190908264155053,0.11598822221443628,0.010293557058411888,0.032454974447181734,0.9917359723006728,0.00596894066746291,0.006237989532782387,-8.485399300697866e-05
0.20486156611183728,-0.4331295418371881,-0.18682924639090503,-0.07380130766696968,-0.2188454874213571,0.07071257532384664,0.006994386191596008,0.03850706672761607,0.9892679469704742,0.005782111421072006,0.006442851098894225,-0.0005179835348441669
0.23168876589747578,-0.5868000803233845,-0.3195861664012161,-0.17095895495082172,-0.11652358754638335,0.04160267395102295,0.014915564058284153,0.025371998021944217,0.9893026021644648,0.005462525254670789,0.0066745398647917,-0.0011047836151675515
0.07716474708923787,-0.3501362521785182,-0.22714735789360474,-0.06025422262831628,-0.17930000090904116,0.014514989742264594,0.012426393490006023,0.03236571152864747,0.9924706466874371,0.005235377896777184,0.006751704611880938,-0.0014549198673460696
0.3113913332845287,-0.29445301647435956,-0.25684337498147014,-0.12067609853725428,-0.1793012964484698,0.0680437787268947,0.01694843812529378,0.02252404903824936,0.9935182549473722,0.004978534521795714,0.007063095945165465,-0.001749372883820429
0.2448683510128776,-0.49212371887991085,-0.36871335350039414,-0.03411977846630058,-0.16793974073189943,0.007187393288156421,0.0055197001499208,0.02412872760918898,0.9973419212582388,0.0046098211682953204,0.007307964296178343,-0.00224149660270034
0.19202706464676075,-0.40869552501501494,-0.3537472327347868,-0.008322214017672611,-0.20415647646125046,0.0693547763917695,0.015990884875893733,0.020210878690822488,0.9969715859830683,0.0042560739355605335,0.007499991360825103,-0.002650192127715355
0.2320093792526169,-0.24018711437668477,-0.4541138221723676,-0.007037627118081598,-0.20915353391464164,0.020649225973538667,0.01542553770320416,0.030688685096394185,0.9915211518242093,0.0038019601133881657,0.007732000740077721,-0.0028903792420920398
0.15252819529393358,-0.32516793831772256,-0.28244026533647437,0.003482743263177903,-0.20718530314046452,-0.008456674775111353,0.0037860508215810194,0.02538712287757251,1.0002767142448297,0.003519519848051691,0.007884528935371655,-0.0032155471804097622
0.20160918555335233,-0.3475237905870212,-0.2324511136974222,0.03166867601187857,-0.14367908547352834,0.032466682584035116,0.019124316757049096,0.01909454592999863,0.9989994855785161,0.0032870687343542686,0.008086138120925006,-0.003563070970996783
0.1912573907138486,-0.28872343788380606,-0.388361480124488,-0.024287714438557758,-0.09997034892425304,-0.0012027960023679365,0.017898694255656593,0.0316142029304965,0.9878947544348622,0.002898707254229781,0.008277395511638854,-0.0038517944088805895
0.13161265222949958,-0.27956877728532337,-0.3569038369122154,0.03727769225407495,-0.18537810268538032,0.01169635153145242,0.019433608973377432,0.019128374915432643,0.9871077230960348,0.0025418034173175655,0.008409008163868354,-0.004131363186165912
0.10615429653541114,-0.14760787169126444,-0.27269868656494756,0.06290335048600919,-0.07768480441694403,-0.018697678361420576,0.015306314117999119,0.02911763652443809,0.9926767778332767,0.002269104730752618,0.008515162460403765,-0.004278971057857177
0.1739925505757345,-0.08615086177088863,-0.36501625525694287,0.005239820561891602,-0.1108344019862646,-0.009959718395253609,0.011818057657520514,0.026730577524033974,0.9872624002613417,0.001904088475495675,0.008689155010979499,-0.004365121919628066
0.16715303912838725,-0.257845626796698,-0.2594962628075384,0.015363104375887943,-0.13971450022632398,-0.046776396585039466,0.016017625623345855,0.01365491802103504,0.9911800395753013,0.0016445922126881363,0.008856308050107887,-0.0046229675464247635
0.11978310124362285,-0.30454485847351964,-0.4461999370796183,0.0767709735505822,-0.11529406973273575,-0.07761726679796274,0.009732309404207731,0.02495558002983485,0.9920345223863314,0.0011983922756085182,0.00897609115135151,-0.0049275124048982835
0.09457199742589459,-0.17739326146232723,-0.526777116619262,0.08173214082734578,-0.08691685977591114,-0.09358277756310633,0.020088999221967493,0.022844116959685305,0.9947702431095617,0.000671615158989256,0.009070663148777405,-0.00510490566636061
0.16406499120172857,-0.17718381640126274,-0.22027379829073487,0.12525608191840618,-0.07610242991668523,-0.08759802039909782,0.009371595815000707,0.016703839164933204,0.9902298112565077,0.00045134136069852103,0.009234728139979134,-0.005282089482761872
0.06922118297872393,0.0032975149448492246,-0.15803855940279982,0.07924044323194085,-0.06128682416727639,-0.07879467010424607,0.016844298541615333,0.028029165847123415,0.9900843145446249,0.00029330280129572124,0.009303949322957857,-0.005278791967817023
-0.07330672775209801,0.06458969912525803,-0.2324925629855225,0.08820991470352166,-0.1156408856660485,-0.032389562821524415,0.011202146634371059,0.02411384771791694,0.9946339268595713,6.0810238310198725e-05,0.00923064259520576,-0.005214202268691765
-0.03502494300009119,0.10963316515949607,-0.21565741220170656,0.07452066680739983,-0.05857627393686789,-0.08345650622748202,0.0109378023454885,0.025816788731607768,0.9953124855854761,-0.00015484717389150786,0.00919561765220567,-0.005104569103532269
0.05329955341799094,-0.025498835924191193,-0.08578038445221413,0.08010007362169962,-0.12194965111443783,-0.09745461296536558,0.016791943978682805,0.02066065077391989,0.990183728700458,-0.000240627558343722,0.009248917205623661,-0.00513006793945646
-0.06996976058346709,0.3067865243838162,-0.08284597306604946,0.07857075509058534,0.027545207619008336,-0.12091687096588656,0.020450052639744604,0.027081153631045463,0.9927365594444344,-0.00032347353140977145,0.009178947445040194,-0.004823281415072644
0.07596957801772132,0.1441284380713851,0.12308092346371473,0.12894585785977053,0.02746970919225673,-0.16211097344234876,0.01063047200355744,0.02032296613694048,0.9895184290039382,-0.00020039260794605667,0.009254917023057916,-0.004679152977001259
0.03597490058128815,0.2074826502355854,-0.09356257883621527,0.14298574764868074,0.02570721119684258,-0.05769588592603609,0.017367303053098717,0.030324209848834282,0.9934232723667676,-0.000293955186782272,0.009290891923639202,-0.004471670326765673
-0.1301264184904593,0.30151693276817115,0.08712041452728957,0.11992512527897524,-0.00028752997424228745,-0.12916273907093082,0.02095874129251393,0.025682525265565276,0.9898832137708325,-0.00020683477225498238,0.009160765505148744,-0.004170153393997502
-0.18505846193671405,0.367569751876714,0.14398610217383614,0.13438958131683584,0.05624258529890871,-0.11208886075714854,0.01635748846326443,0.019845155748593208,0.9900432056136174,-6.284867008114623e-05,0.008975707043212029,-0.0038025836421207884
-0.06526943670261398,0.363447210461142,0.13186156845371727,0.07913758357438008,0.0840460961440984,-0.10903924557802298,0.02003659391906309,0.027099003342423843,0.9886960435851647,6.901289837257106e-05,0.008910437606509416,-0.0034391364316596466
-0.2537580900976656,0.43278659229548744,0.28334931341885683,0.18307482526892394,0.04397581714359319,-0.11472860119046108,0.01312073369067391,0.02355789800543262,0.9905946789856821,0.0003523622117914279,0.00865667951641175,-0.003006349839364159
-0.1220063880869745,0.4051605463169807,0.27407028883999435,0.08551285363579804,0.07202923781966536,-0.004289413296935602,0.016397986151397065,0.026454887832854452,0.9869823273134516,0.0006264325006314223,0.008534673128324774,-0.0026011892930471784
0.00999423959913498,0.5747594981815772,0.43600307414921186,0.1431838559532444,0.10813796499165743,-0.1071675725457463,0.015533079080553127,0.01655393186865849,0.9857682023164748,0.001062435574780634,0.008544667367923909,-0.0020264297948656015
-0.23303435263377906,0.30997796311857945,0.5117302852132496,0.07606634996591058,0.07787602551150434,-0.11401696895241104,0.021011775084525012,0.012188387550418825,0.9973011875787522,0.0015741658599938834,0.008311633015290129,-0.0017164518317470219
-0.2643908454152466,0.4670876871177219,0.13687911430766894,0.1244981145027139,0.07837428200871832,-0.06789052813519475,0.012174966591003228,0.022723289427011163,0.9947279174957055,0.0017110449743015525,0.008047242169874883,-0.0012493641446292998
-0.12642847654912598,0.6572987508668324,0.447888331043212,0.11165870776225019,0.1898659186324425,-0.08906915152098725,0.01671407886408246,0.018078232591530533,0.9917857839791205,0.0021589333053447647,0.007920813693325757,-0.0005920653937624674
-0.20323514290009217,0.472070401032133,0.3411397204269935,0.04200238562589847,0.14378393682404025,-0.1269823655911282,0.009600959050918283,0.025269637864782,0.9842873584132164,0.002500073025771758,0.007717578550425665,-0.00011999499273033438
-0.18983957398750906,0.4609938327098584,0.5605875307580697,0.06616529334341283,0.14077935298872168,-0.056398284258952415,0.012194758395463145,0.025958419188811168,0.9897039757358106,0.003060660556529827,0.007527738976438156,0.000340998839979524
-0.029568838244566797,0.48375209315822787,0.4399819462434618,0.10390550089713946,0.2599386052516785,-0.08640341299856667,0.02390258923479937,0.016775715040363764,0.9988630396082742,0.0035006425027732887,0.007498170138193589,0.0008247509331377518
-0.15977371263454168,0.6018911470545272,0.3225362570219937,0.1043394185105302,0.1604508738149397,-0.06285181744541395,0.026106168688553057,0.02968736664420469,0.9900091113394887,0.003823178759795283,0.007338396425559048,0.0014266420801922791
-0.12240878552446213,0.6339792189208179,0.34325528204626,0.07782322517984634,0.16945069839794666,-0.010152183917003102,0.014240406872315408,0.02256644495110868,0.9802099092006454,0.0041664340418415425,0.007215987640034585,0.002060621299113097
-0.05351513861475843,0.5295448801490319,0.29036744867451875,0.08347033692051763,0.10863742138661053,-0.007068557263572662,0.01224076589712842,0.01884761257828424,0.9924264777914391,0.004456801490516061,0.007162472501419825,0.002590166179262129
-0.2236368331630415,0.4301598023368406,0.38881311586428136,0.07515867263830206,0.13774437574348056,-0.06093655312959465,0.023877448620837904,0.02610078551328853,0.9940337944442909,0.004845614606380343,0.006938835668256785,0.0030203259815989696
-0.18870069299581255,0.3685686849597817,0.1941377910542085,0.08084366924389098,0.18742291972958364,-0.004496496098453552,0.011677429645122122,0.02495655228764465,0.9920593886979143,0.005039752397434552,0.0067501349752609715,0.0033888946665587513
-0.03761216717333987,0.39999709618535606,0.25762929646065985,-0.022622034095390486,0.11276943459247246,-0.012450364096043715,0.016484577934676007,0.01953519165692997,0.9926671231610414,0.005297381693895212,0.006712522808087632,0.0037888917627441074
-0.13483373695739417,0.36878102006349955,0.10772749942798968,0.05389267105839626,0.15824727639894243,-0.026653321748726228,0.01927996754617591,0.013736808044128614,0.9956331668983895,0.005405109193323201,0.006577689071130237,0.004157672782807607
-0.031188389061189287,0.5671423759130293,0.27081236641733036,0.053902799270585,0.19591700894643813,-0.026384380745775163,0.024158854918868697,0.014091382728469444,0.9940184961388208,0.005675921559740531,0.006546500682069048,0.004724815158720637
-0.1801919643674291,0.3577543347079778,0.12753194585706237,0.029608920322324542,0.15113775006104566,-0.007811380885944434,0.010395833122231109,0.019804391066696334,0.9873777673394264,0.005803453505597593,0.006366308717701619,0.005082569493428614
-0.1504731771838415,0.25774170678153724,0.1261618482849579,-0.03179732671043842,0.1540471421916186,0.07505397300690933,0.012813956435109032,0.023948891243366393,0.9782571579546724,0.005929615353882551,0.006215835540517777,0.005340311200210152
-0.021137969055704753,0.17306102387150857,0.02958066580033307,-0.017322180911050516,0.20115054132319946,-0.06884742176399135,0.015187949682842676,0.009185254249010373,0.9943878851630245,0.005959196019682885,0.006194697571462072,0.005513372224081661
0.07635931653531879,0.31652193961754355,-0.1622040544818249,-0.07002341930472156,0.19049040653290478,0.018397085676395614,0.013943824946242644,0.019625479808718597,0.9856101037775977,0.005796991965201059,0.0062710568879973914,0.005829894163699204
-0.20225894218967844,0.2429428600162365,-0.12442580732148206,-0.010882648961537665,0.1555330494599041,0.09661961529113915,0.024140336754142212,0.018254807328444138,0.9824207477080806,0.005672566157879577,0.0060687979458077124,0.00607283702371544
0.05874953155853829,0.29571407731491806,-0.142444731430197,-0.056956335885775713,0.2011894295796797,0.029137056615674617,0.013949976324090868,0.024211361344969328,0.9954370707794301,0.005530121426449381,0.006127547477366251,0.006368551101030358
-0.07627254798525285,0.1781021743537607,-0.271873726614558,-0.04042529878677634,0.16166095554570384,0.09304599936868671,0.012201011163903378,0.006511112737154098,0.9906510756116021,0.005258247699834823,0.006051274929380998,0.0065466532753841195
0.025079955476719568,0.16099067967715278,-0.38534265566049286,-0.0981845429140956,0.16119889778958452,0.07357915455421188,0.010312250031257627,0.020161199197444257,0.9917148768781452,0.004872905044174329,0.0060763548848577174,0.006707643955061272
-0.06907496308645017,0.1912474055094266,-0.15242828751239168,-0.06750354636396558,0.1858965105146596,0.06425697590419041,0.00956737415582711,0.014577321944486073,0.9934153142520527,0.004720476756661938,0.006007279921771268,0.006898891360570699
-0.005892965838131571,0.08872209412505375,-0.48880830646339646,-0.13934765675924302,0.13760958352147942,0.05187534636720092,0.016293522964595946,0.01965633681129577,0.985589145448921,0.004231668450198542,0.006001386955933136,0.006987613454695753
0.1099047244120311,0.01244649400837165,-0.5082702725690289,-0.10588697749411145,0.09790918584510888,0.09065732899754117,0.0188993582713098,0.032248295846481284,0.986154399415975,0.003723398177629513,0.006111291680345167,0.007000059948704124
0.16207254187764183,0.020623050819388554,-0.4874861710002688,-0.05149279933635362,0.15314812992474605,0.11356498776243137,0.007376606724696996,0.02661154320384191,1.0012214425544705,0.0032359120066292437,0.006273364222222808,0.007020682999523513
0.029684809747752908,0.0440113783531091,-0.5642025953189846,-0.11067207227467421,0.10408171770869384,0.09376043023676107,0.016237380081578406,0.019020358077082394,0.9943741729998671,0.0026717094113102593,0.0063030490319705606,0.007064694377876622
-0.04651668380240013,-0.0563319970259791,-0.5449563186106451,-0.13693570281890316,0.012861500224280365,0.13481400075260203,0.013164518650501776,0.009219275693126205,0.9906219386084804,0.002126753092699614,0.0062565323481681605,0.007008362380850643
0.01746096222966365,-0.06074168632447667,-0.6754441800544768,0.016541299289002137,0.06006476717325669,0.17329176086044593,0.015503486909027694,0.01426922945915634,0.9858156738956575,0.0014513089126451375,0.006273993310397824,0.0069476206945261665
-0.20826033337657954,-0.2451150810120804,-0.6666446866501081,-0.08061502289316887,0.09647416282271531,0.17915077264362142,0.013533696736664233,0.023397698068942686,0.984614067629645,0.0007846642259950291,0.006065732977021246,0.006702505613514086
0.18917444288605673,-0.26476913172295435,-0.6189081562324069,-0.042706754510878166,0.08709885087606985,0.10491659677553834,0.01660661285472111,0.015284772502601494,0.9989852497534941,0.00016575606976262225,0.006254907419907302,0.006437736481791131
0.10591225442004482,-0.1609785646934239,-0.6643810884864693,-0.11144781934721026,0.11281933066847379,0.08437845307126962,0.010217099806692519,0.011023615938818246,0.9925870661544065,-0.000498625018723847,0.006360819674327348,0.006276757917097708
0.04666415344635771,-0.315075657132572,-0.5927523622799895,-0.10123293365215003,0.038121883701677385,0.10567696895696192,0.019176430491172843,0.016925291623132763,0.9879975409562699,-0.0010913773810038365,0.006407483827773706,0.005961682259965136
0.06192613325101127,-0.23724826775358596,-0.6808691224796016,-0.04785631387952276,0.031009602691578392,0.12572432271020342,0.015661244719650587,0.015425035612718239,1.0021853351090058,-0.0017722465034834382,0.006469409961024717,0.00572443399221155
0.0154156497451437,-0.2641442373904877,-0.7050573709571857,-0.0652095548667328,0.03286104953480925,0.10217525849989711,0.022778052046340286,0.023063687207337865,0.990898519867735,-0.0024773038744406242,0.006484825610769861,0.0054602897548210625
0.1894728376524769,-0.2338386120994648,-0.5752559905569924,-0.14484251548655452,-0.032729425272783226,0.12378849440848312,0.019099879301336522,0.011329316158755497,0.9870862549146427,-0.0030525598649976163,0.006674298448422338,0.005226451142721598
0.09302760150032606,-0.19272792995568935,-0.7010753485853158,0.00871485333248909,0.032463745805293966,0.10431797791306892,0.01374157406339357,0.011900850644743178,0.9828732128908875,-0.0037536352135829317,0.006767326049922664,0.0050337232127659086
0.1578421775858887,-0.30373299633733225,-0.6337253155638601,-0.07796730199522667,-0.12550781144732268,0.07329942782984614,0.019448652041836795,0.018646135219764198,0.9885517915946063,-0.004387360529146792,0.006925168227508553,0.004729990216428576
0.08399537642386168,-0.372705049278029,-0.5959669054354341,-0.09531548415652263,-0.07922630211922008,0.03919034448914893,0.023073785566990197,0.01752448820843089,0.988425987713841,-0.004983327434582227,0.007009163603932414,0.004357285167150548
0.0942208547108566,-0.32891615958008613,-0.48597730556667235,-0.023962028119474114,0.00903931525999586,0.1677744851718638,0.01630127345095506,0.01632619611140317,0.9822449442981874,-0.005469304740148899,0.007103384458643271,0.004028369007570461
0.1749810843120007,-0.2301432766355075,-0.4142527853050505,-0.08796822710823742,-0.05702164018580834,0.07488449988601646,0.01973223736675417,0.016344457753783757,0.998959058514833,-0.00588355752545395,0.007278365542955272,0.0037982257309349537
0.1870261205512688,-0.29971789772801666,-0.4464488369153572,-0.11793948061601926,-0.08236809804609684,0.07986818394106472,0.019139760933264544,0.026426733953588407,0.9900551980291353,-0.006330006362369307,0.0074653916635065405,0.0034985078332069376
0.16631581532455797,-0.3035618253605133,-0.39401972463042867,-0.050871917509325376,0.005610375745335744,-0.037686357652886936,0.019699429994459113,0.010921479490471755,0.9862792695702397,-0.0067240260869997365,0.007631707478831099,0.003194946007846424
