motionRotationRateX(rad/s),motionRotationRateY(rad/s),motionRotationRateZ(rad/s),motionUserAccelerationX(G),motionUserAccelerationY(G),motionUserAccelerationZ(G),motionGravityX(G),motionGravityY(G),motionGravityZ(G),motionYaw(rad),motionRoll(rad),motionPitch(rad)
-0.14544934066599338,-0.26848084602426603,0.05012256763906679,0.1937450900267684,-0.04995110209810498,0.12687968949633827,0.01706561706895699,-0.028354754560064924,0.9934776575627283,5.01225676390668e-05,-0.0001454493406659934,-0.00026848084602426603
-0.17746102531213076,-0.34298560365383385,0.23748157493507627,0.22492118098398176,-0.04967043933090069,0.1449211767759699,0.021945802940503138,-0.03306564925156953,0.9985254766952499,0.0002876041425741431,-0.0003229103659781242,-0.0006114664496781001
-0.04576567336114278,-0.34106029414823846,0.30648247678328777,0.19899122536340036,-0.09390976398487876,0.12111334285710305,0.02451179993531782,-0.03491231923313824,1.005700867347833,0.0005940866193574309,-0.00036867603933926694,-0.0009525267438263385
-0.2611115337070104,-0.24915005646927474,0.20356168979207107,0.22870904740123904,-0.04328465328176564,0.11472287131291635,0.017098443981307457,-0.03519835143840595,1.003241440107753,0.000797648309149502,-0.0006297875730462775,-0.0012016768002956132
-0.010556870011778421,-0.09814658285602908,0.22232567166425393,0.22079097546853535,-0.014154913158790871,0.08031985629066453,0.022745599886058163,-0.026364437335757718,0.9969660198276594,0.001019973980813756,-0.0006403444430580559,-0.0012998233831516422
0.21052315224922455,-0.19574349327360316,0.13212150526298108,0.19271223169830626,-0.02666004160832685,0.11278529586754396,0.01948104923435286,-0.033134687277385,1.0000852454850808,0.001152095486076737,-0.0004298212908088312,-0.0014955668764252451
-0.04018674029841557,-0.12483979747215172,0.2975860641008895,0.13692650026581982,0.013854513396404474,0.043743707243852376,0.030479685332048763,-0.034875734418466836,1.0001341369607486,0.0014496815501776267,-0.00047000803110724683,-0.0016204066738973969
0.3405869406602997,-0.0820635011566897,0.33618495148921246,0.15205914587805155,-0.025436048122042823,0.06770393047314702,0.0176790037910529,-0.03055153400080884,1.0017421715563375,0.0017858665016668392,-0.0001294210904469471,-0.0017024701750540869
0.3342215172094479,-0.034700659785015193,0.21898373743010727,0.10602315099313527,0.03845176104722524,0.01331558281599484,0.015139045513607442,-0.026405275229714975,1.0079264277204214,0.0020048502390969465,0.00020480042676250082,-0.001737170834839102
0.3077913594175332,-0.014773503087210912,0.25413338220304127,0.1012859341536852,0.06886202521084547,-0.008398378767308349,0.01980508895046766,-0.030402505440066903,1.0010163955065534,0.0022589836212999876,0.000512591786180034,-0.001751944337926313
0.42541478872930377,0.05687821490830155,0.2158823149078108,0.0626308117808416,0.03861118214901676,-0.01623408889968904,0.02617670015031346,-0.03965472315292473,0.9953796901039925,0.0024748659362077985,0.0009380065749093378,-0.0016950661230180114
0.24444459193788834,0.09578464279475009,0.19072081492540355,0.006276792575474337,0.019939421832422588,-0.029439712864141966,0.014844141544680134,-0.03076170067670861,1.0001154642484096,0.002665586751133202,0.0011824511668472263,-0.0015992814802232613
0.27652152260074453,0.32953767208852136,0.06653711279492748,-0.03351536608361748,0.04526464026793066,-0.04042157508196933,0.020557569092511153,-0.028665936481017236,0.9999972198016656,0.0027321238639281295,0.0014589726894479707,-0.0012697438081347397
0.3533193617564221,0.19383243834419783,0.025493945831188254,-0.0889135688006829,0.03151155283318173,-0.0420192504160975,0.015541982208154018,-0.02725666598875307,0.9983701255334935,0.0027576178097593177,0.001812292051204393,-0.0010759113697905419
0.2772456586155716,0.12800776589616278,-0.0690086010583937,-0.04231810297267459,0.009174999101694175,-0.13123762840035733,0.020684801746184603,-0.028528720637598703,0.9982165467838511,0.002688609208700924,0.0020895377098199648,-0.0009479036038943791
0.19377492500695884,0.23558925964503494,-0.08802330448837083,-0.09068984882996002,0.10270136009208873,-0.07024959598494772,0.0215121177868351,-0.02701180060530478,1.0036523699245472,0.0026005859042125532,0.0022833126348269237,-0.0007123143442493441
0.3576786814006502,0.2924209807543806,-0.2362155777884127,-0.09665838019558803,0.01579656000403288,-0.12156083555247989,0.018326734582037887,-0.03831670278692084,1.0020599709775315,0.0023643703264241405,0.0026409913162275737,-0.0004198933634949634
0.23331800433162533,0.3532627990225906,-0.1729042415026919,-0.14234858796712016,0.09534135022770304,-0.09806178616221209,0.018181646380462366,-0.03345655959476557,0.994014799160619,0.0021914660849214483,0.002874309320559199,-6.663056447237282e-05
0.14061503665645467,0.15380352673097109,-0.2352158035493616,-0.10030238657734623,0.0611206205541742,-0.0283888001947969,0.016712614682188768,-0.03283869412894913,0.9995866752968746,0.0019562502813720863,0.0030149243572156537,8.717296225859828e-05
0.146690615384243,0.19842957231118702,-0.14318549934591066,-0.15504532661890633,0.07133518476852595,-0.06506950990271386,0.009376848620462322,-0.023446725172781818,1.0050212493620823,0.0018130647820261759,0.0031616149725998965,0.00028560253456978534
0.04529746817906689,0.18268622622652858,-0.022009352833204515,-0.15054089206696813,0.0055278143219816885,-0.026299250748228427,0.018765675018597633,-0.030210040824478753,1.0057703545403487,0.0017910554291929713,0.0032069124407789634,0.00046828876079631383
0.019989868212677182,0.1189252309339556,-0.05225827973753251,-0.12467778554544888,-0.022395935408782704,0.016742612026963956,0.017361544425733164,-0.022522739833064687,0.9997948497866016,0.0017387971494554387,0.003226902308991641,0.0005872139917302695
-0.06793807206159416,-0.08234758289035532,-0.09027166431411551,-0.11375504994364136,-0.0335116383604367,-0.006685251341239215,0.023804709808432026,-0.023033654140007104,0.9916983535157906,0.0016485254851413235,0.003158964236930047,0.0005048664088399142
-0.27460282295592253,0.036905368802942345,-0.11283340815202247,-0.0965646583702109,-0.01628834417525591,0.0020563869634787225,0.011703734159508285,-0.03243387109005945,1.0000688024065074,0.001535692076989301,0.002884361413974124,0.0005417717776428566
-0.17887607729052452,-0.1808567011424437,-0.05841023704598295,-0.07829481790516771,-0.051018920240189836,0.06815213927650607,0.015857809518886663,-0.0314331183021796,1.0033971642883426,0.001477281839943318,0.0027054853366835995,0.0003609150765004129
-0.32339550877916234,-0.12469227081492348,-0.002099306155538316,-0.07551347710664776,-0.07136104699975264,0.05148704005716331,0.018134832380740925,-0.032387380099873915,0.9988952102014036,0.0014751825337877796,0.002382089827904437,0.00023622280568548942
-0.3724143223763396,-0.13198160427169925,0.00297383075381287,0.03015575272222263,-0.029510180738694877,0.052187324244069015,0.014048611801207533,-0.030183679907883135,1.0042852512943274,0.0014781563645415927,0.002009675505528097,0.00010424120141379015
-0.38776532796119634,-0.3462461570759281,0.13871269047521953,0.02697385370204603,-0.07014693879455662,0.111690192637254,0.027111838844797346,-0.036025521667433925,0.9967415565043388,0.0016168690550168122,0.001621910177566901,-0.00024200495566213798
-0.47828398298684144,-0.2698803617167319,0.15004490494145706,0.0600826519127891,-0.022387466454150292,0.15394381693810136,0.023771657700444298,-0.03461257006029415,1.0003463857227624,0.001766913959958269,0.0011436261945800593,-0.0005118853173788699
-0.599852454459287,-0.3664251498184396,0.03366189439643122,0.15749559363605764,-0.11566168081247197,0.05871292841887001,0.01812064299999388,-0.03157885766350773,1.0038171845212482,0.0018005758543547003,0.0005437737401207724,-0.0008783104671973096
-0.49440245082125084,-0.47103415534240367,0.21337420204474275,0.15535467575852557,-0.12524761817078023,0.08315384156045973,0.020441012237267006,-0.025549458184749643,1.0010748223191113,0.0020139500563994433,4.9371289299521566e-05,-0.001349344622539713
-0.504496299126643,-0.599089101484467,0.18083276841312151,0.12473342352615945,-0.13956734677759536,0.03404641184376335,0.020714745715531047,-0.03134849617507389,1.0033786942655978,0.0021947828248125648,-0.0004551250098271214,-0.00194843372402418
-0.6410383804262665,-0.4006995793983308,0.06648483396386044,0.16631446827319135,-0.1037762128233205,0.06921116984710755,0.023429751097126028,-0.032736324015604196,0.9893223304034594,0.0022612676587764257,-0.0010961633902533878,-0.002349133303422511
-0.6471543091038804,-0.4727314608164698,0.28940412974927854,0.13144603882125708,-0.07057997386464791,0.014820981077739185,0.015096299486753072,-0.029825198892459704,0.9923817372172112,0.0025506717885257044,-0.0017433176993572686,-0.002821864764238981
-0.6132424137989484,-0.409655784751374,0.10147919141783202,0.1501215947991738,-0.06930015525827245,-0.007488734976395494,0.01663237380398238,-0.03206761676160454,1.0029331967130937,0.0026521509799435367,-0.002356560113156217,-0.003231520548990355
-0.4843663949336887,-0.35310738271616254,0.21532515189793555,0.08868733766511218,-0.039687697599913724,-0.023421298371646422,0.012451722385971725,-0.027434146994212115,1.0005738219392566,0.002867476131841472,-0.0028409265080899058,-0.003584627931706517
-0.5396928670257384,-0.30602941864106714,-0.0033926409033714494,0.0894507253540636,-0.04759757314188419,-0.05675723397219428,0.023122778631567552,-0.017903181772979504,0.9906821815635455,0.002864083490938101,-0.0033806193751156443,-0.0038906573503475848
-0.4355558648209684,-0.29558554608207654,-0.015126269505513108,0.06666082743123669,-0.07872983343547742,-0.06897668986034343,0.023655367512188007,-0.02821769342751343,1.0019326707985803,0.0028489572214325876,-0.0038161752399366125,-0.004186242896429662
-0.26130360177155587,-0.1600940231175988,-0.09827979351729496,0.07028583985774575,-0.04509226132416353,-0.07388962368111317,0.021408735825061875,-0.03125586834816712,0.998535957177547,0.0027506774279152926,-0.004077478841708168,-0.00434633691954726
-0.31385316429159726,-0.2867268237534181,-0.1265633540572221,0.10055781508441472,-0.006248206347877397,-0.12082666286558481,0.016244813136549213,-0.024491596967209806,0.9956202304617547,0.0026241140738580706,-0.004391332005999765,-0.004633063743300678
-0.26360615290758954,0.07946756252776566,-0.1091613298319699,0.01950951893914438,-0.04659515649499377,-0.1146453080326097,0.019252605778068296,-0.032612250824573134,0.9996230581855235,0.0025149527440261003,-0.004654938158907356,-0.004553596180772912
-0.21551721001200388,0.1138595353049286,-0.19136470700356273,-0.07151043130307012,-0.0393179109013442,-0.10470866792777882,0.015537188841506629,-0.03230768970766743,0.9993473722772693,0.0023235880370225375,-0.00487045536891936,-0.004439736645467983
-0.020501835558369583,0.2384311075391966,-0.33500351078615614,-0.05715535465734084,0.014805272903648324,-0.14905203964998198,0.017200508944577735,-0.031238761153625415,0.9939761493433804,0.0019885845262363816,-0.004890957204477729,-0.004201305537928786
0.006842337535108385,0.17075457679566386,-0.35748980359250504,-0.07156525459576553,0.01816689254326285,-0.1857548442804209,0.010711225325370347,-0.03422444539906524,0.9941573678569618,0.0016310947226438764,-0.00488411486694262,-0.004030550961133123
0.04470365306470553,0.34138153909261804,-0.28968688792190733,-0.15393631598662672,0.05474442173977834,-0.10651083124800119,0.022755548524657537,-0.02313396766076795,1.0005537433906888,0.0013414078347219693,-0.004839411213877915,-0.0036891694220405045
0.07044445408220092,0.4521276061235274,-0.35501817132614866,-0.1609794054141369,0.025548132960000695,-0.11307331043424639,0.01540385512446587,-0.027979423083128525,0.9902332430260401,0.0009863896633958205,-0.004768966759795714,-0.0032370418159169776
0.12037060395640894,0.3921603982425168,-0.3671559971306396,-0.1651618912486927,0.06903596221350981,-0.09361733183872478,0.017170720515868577,-0.03575398046506774,1.0020921243701646,0.0006192336662651809,-0.004648596155839305,-0.0028448814176744606
0.345905114129926,0.48771816001810075,-0.2998089986065221,-0.1315428678754112,0.06394933386594796,-0.11633193201889865,0.02252259284860962,-0.02183774572947703,0.9878520598038288,0.0003194246676586588,-0.004302691041709379,-0.00235716325765636
0.34861721048345057,0.5679680849444517,-0.26925829248075933,-0.19705024177081368,0.07427392612592428,-0.07220311861816668,0.013764493744383571,-0.031649971007767515,0.9977462961488553,5.016637517789941e-05,-0.003954073831225928,-0.001789195172711908
0.46076505134900825,0.463317095775942,-0.29282523926859644,-0.2240011911015187,0.09199194173516105,-0.06293181780104136,0.01947162994412587,-0.02427256581262525,0.9982147529230818,-0.00024265886409069703,-0.003493308779876919,-0.001325878076935966
0.4009481098269797,0.4432661589081991,-0.16780158368158665,-0.19993700544479454,0.03832908832634697,0.023575951268246492,0.0197960162494962,-0.022516405419845415,0.9948743023522998,-0.0004104604477722837,-0.0030923606700499397,-0.0008826119180277668
0.63750644104223,0.4819402716447898,0.01754548479498419,-0.1503667283386243,0.08045978768332893,0.011643130730040231,0.013330527360049926,-0.027346004333641174,0.9993082268638913,-0.00039291496297729953,-0.0024548542290077097,-0.00040067164638297705
0.4949256737097709,0.3986805759542429,-0.110602494424443,-0.17612205833505495,0.08116307376144623,0.02895458601596941,0.019536204584136425,-0.027901915873454634,0.9960965623185953,-0.0005035174574017424,-0.001959928555297939,-1.991070428734143e-06
0.5145538483216411,0.22855702608485978,0.06791086877026693,-0.15929730085141103,0.09691934019335377,0.0906596519138014,0.02249146958545886,-0.024823347166444333,0.9944608437804018,-0.00043560658863147554,-0.0014453747069762977,0.00022656595565612566
0.6160855841944932,0.2864143684686982,0.10666377820872314,-0.14810132746638896,0.05687542751974033,0.10418171915620632,0.027526539024997597,-0.02148374363675703,0.9976620583753723,-0.00032894281042275243,-0.0008292891227818045,0.0005129803241248239
0.6242294292551749,0.22729245441434498,0.2403551228813374,-0.09338640377145176,0.07919974992034551,0.13299927233497083,0.017779851490626476,-0.02114830269160095,1.0055256337591059,-8.858768754141502e-05,-0.00020505969352662955,0.0007402727785391689
0.452336474880335,0.16305099997058983,0.3522403673504828,-0.11595991949587002,0.02931755872990012,0.13952182563363966,0.017286252030679482,-0.027780029419714858,0.9982578602710027,0.00026365267980906783,0.0002472767813537055,0.0009033237785097588
0.40594821946062243,0.12824391936602914,0.37728284229298403,-0.022035071638718835,0.0467149977174557,0.13539795077514258,0.03261091046687158,-0.018693509435159752,0.9960810088090687,0.0006409355221020518,0.0006532250008143279,0.001031567697875788
0.48164002494205205,0.00714710160011038,0.18513392023670683,-0.07117081297028324,-0.02858065125431582,0.13771934238616798,0.01662465357633234,-0.026119467108585582,0.9994616853155458,0.0008260694423387586,0.00113486502575638,0.001038714799475898
0.4320960961396604,-0.07623631020315608,0.265310090266908,0.08579014124105472,0.044842336539135275,0.1969720067329227,0.020217969330336562,-0.03136230167817118,0.9984751802898149,0.0010913795326056666,0.0015669611218960405,0.0009624784892727421
0.39592574172259687,-0.0926778787403296,0.2975894971973622,0.10494126562940652,-0.03893642735577425,0.16837298648064883,0.021259297156349884,-0.02719403312809036,0.997239327338202,0.0013889690298030288,0.001962886863618637,0.0008698006105324124
0.3921297779119433,-0.18004084265914833,0.4175886627007987,0.14395186261589116,-0.01941851027231136,0.19617256497551022,0.014070831905169924,-0.024343000237861623,1.0047574864835709,0.0018065576925038276,0.002355016641530581,0.0006897597678732642
0.3243118646247667,-0.2077005646160201,0.09956947637543415,0.23576328539230357,-0.023008760579333997,0.13478805968575017,0.023939109358838535,-0.02608923800109215,1.0109688970552533,0.0019061271688792618,0.0026793285061553476,0.000482059203257244
0.12143237882446159,-0.17567975496970784,0.22900325105003203,0.1788825343621674,-0.010868681601168766,0.10782654112402774,0.030018605415303504,-0.03339929579297327,1.0058617020263834,0.002135130419929294,0.0028007608849798093,0.0003063794482875362
0.20583275452911895,-0.19091437962690333,0.2539103522722685,0.23409858630408104,-0.03529476441457229,0.07861490065943776,0.0174983384263364,-0.03184561397887124,1.0082194589058373,0.0023890407722015625,0.0030065936395089277,0.00011546506866063284
0.02975878601236487,-0.27362260625901114,0.06156480064725181,0.24135080407882145,-0.04796180312744291,0.06581771058197118,0.024085339579369675,-0.029609095208241593,0.9932239401448738,0.002450605572848814,0.0030363524255212927,-0.00015815753759837833
-0.0681874846636126,-0.21585674784588607,0.18198020247505564,0.2077575052160231,-0.02923317724457978,0.03288222087163925,0.012237742175347023,-0.018874707455479253,0.9946908740606297,0.00263258577532387,0.0029681649408576797,-0.0003740142854442644
-0.05724997102711687,-0.30458325605724956,-0.0327922906341876,0.20522670937698206,-0.09084753977734114,0.06492108206666834,0.021997986388509208,-0.028363183151325196,1.0063141362115937,0.002599793484689682,0.0029109149698305628,-0.0006785975415015141
-0.09362477308241654,-0.25704827853858137,-0.015787053260481562,0.24492173019924454,-0.06112947557846067,-0.015438275196781015,0.015524160458249853,-0.021952340694102342,0.9966526696113802,0.002584006431429201,0.002817290196748146,-0.0009356458200400953
-0.1903867988795859,-0.24116337501969334,0.008534381482193085,0.24340331265994541,-0.0894807484296916,-0.08974292695481342,0.026077100617380902,-0.022893944430494667,1.0018433931553248,0.002592540812911394,0.0026269033978685605,-0.0011768091950597889
-0.18856805051600853,-0.09471005862288157,-0.10070043281989956,0.1794548912514779,-0.15708124252507646,-0.1351143213307358,0.015602699677444647,-0.023646872049970683,0.9969751902897688,0.0024918403800914942,0.0024383353473525523,-0.0012715192536826704
-0.3084866300350661,-0.12141128775591042,-0.21563469624953618,0.1672496886574371,-0.017249277171594236,-0.0524703920166108,0.014185599980695632,-0.022701778584897855,1.0016488862989912,0.0022762056838419578,0.002129848717317486,-0.0013929305414385807
-0.1751657079600012,-0.03420471136535009,-0.08022209329162694,0.14089214245240045,-0.08344752473879379,-0.06091871116400157,0.01988217974584431,-0.01941778667662759,0.999058991877234,0.0021959835905503307,0.001954683009357485,-0.001427135252803931
-0.3659095965148821,0.011055402627223418,-0.08611774437573835,0.16627174645776505,-0.07839980303858787,-0.0968364033927409,0.016632939292765797,-0.02216082664457487,0.9925515153535323,0.0021098658461745925,0.0015887734128426025,-0.0014160798501767075
-0.30937330296294396,0.04511061608066923,-0.16690049788662462,0.08535870629617233,-0.04800659209756402,-0.11031893195048961,0.020413857734497942,-0.02080114437671417,0.9984056711422934,0.0019429653482879684,0.0012794001098796587,-0.0013709692340960382
-0.33611659472539235,-0.10213926356876118,-0.12734526183208045,0.02068069978245881,-0.07329358951853293,-0.08497173896657918,0.017415675356738148,-0.01937954212462303,0.991592113326334,0.0018156200864558878,0.0009432835151542663,-0.0014731084976647997
-0.30898070925452437,0.22194000911855238,-0.1692262452616377,0.011508965996463592,-0.06469575962136315,-0.05454932288075238,0.020538306195849988,-0.026079014652564788,1.0033355826658967,0.00164639384119425,0.0006343028058997419,-0.0012511684885462473
-0.3669010033288577,0.23880448275284644,-0.016343125931642652,-0.04220234659194901,-0.049741380299449856,-0.08802239536408497,0.02513786905173631,-0.02382229748813783,1.0005875301817366,0.001630050715262607,0.00026740180257088416,-0.0010123640057934007
-0.2511583220407625,0.24664325113217983,-0.1658222735172944,-0.05030337810852604,-0.011377027252904823,-0.05543670894537343,0.017622581100571764,-0.03327819389968116,0.9977827533814583,0.0014642284417453128,1.6243480530121645e-05,-0.0007657207546612208
-0.10865475328874719,0.14326195363500388,-0.009077806441386761,-0.09645144642197048,-0.030006011996518565,-0.024707989917852967,0.023493036502166744,-0.027977049178606227,0.9988677228346972,0.001455150635303926,-9.241127275862555e-05,-0.0006224588010262169
-0.31134106845195986,0.24708877376517965,0.1181238450290828,-0.15835811587843326,0.05221763395410745,-0.01593225866974817,0.017247036726638878,-0.014847633765125906,0.99891256003244,0.0015732744803330088,-0.00040375234121058545,-0.0003753700272610372
-0.11392516088877921,0.2801409691287885,0.09536465498152583,-0.09197581206421059,0.003671817035999482,0.034516099952721487,0.014291345575273697,-0.020670949010933217,0.9993675205465484,0.0016686391353145345,-0.0005176775020993646,-9.52290581322487e-05
-0.09287820529317205,0.20385309238255453,0.1588089106049424,-0.11393107625602808,0.04417568501239415,0.04281763161332367,0.029035767025070262,-0.016290535781224316,0.9888643757908877,0.001827448045919477,-0.0006105557073925366,0.00010862403425030586
0.05638337443033275,0.19214608407040792,0.10298636095682318,-0.20812596936998315,0.05772138448665542,-0.014691312578925678,0.02145594630706436,-0.012234434014631736,0.9964952310989803,0.0019304344068763,-0.0005541723329622039,0.0003007701183207138
0.1369521233332627,0.14495122297229818,0.22322379222965077,-0.09319779507331563,0.07431395967448823,0.17741791075308452,0.02351292853458047,-0.0230276355381869,0.9925039638515759,0.002153658199105951,-0.0004172202096289412,0.00044572134129301197
0.07458121473480207,0.17401803723469172,0.22370812509778037,-0.1185517998435075,0.05230987131020114,0.10321397695724983,0.015365564211808378,-0.0106468648605021,0.9951076571958047,0.0023773663242037317,-0.0003426389948941392,0.0006197393785277038
0.14316313960444094,-0.0017564166556094801,0.14916478240848144,-0.09020332437368755,0.055074590501665806,0.11590679119813704,0.020842379759130187,-0.023769474304183715,1.0016410748204538,0.002526531106612213,-0.0001994758552896983,0.0006179829618720942
0.31539952427182494,-0.055392271228365396,0.23983687688974,-0.030564917013649884,0.012053082790636608,0.10865554789308185,0.022332984696536506,-0.017027709583057944,1.0087738341583963,0.0027663679835019527,0.00011592366898212669,0.0005625906906437288
0.36845886360721347,-0.1008840115092479,0.2206458557727035,-0.053452651129114924,0.07881131262272667,0.09387240497871559,0.02578043040270818,-0.027960128351874454,0.9961837153198407,0.0029870138392746565,0.00048438253258934025,0.0004617066791344809
0.4248938003718484,-0.14309896509367842,0.06418336753658177,-0.014223428218102652,0.03747793567548939,0.09449953134058094,0.02141497126334164,-0.027000273958831512,0.998794129180519,0.0030511972068112386,0.0009092763329611887,0.00031860771404080244
0.2635608934981858,-0.3069688710483363,0.10259143651316785,0.013385274931853331,0.008402277471273915,0.11388689609500552,0.02250671949547464,-0.020339244855177813,1.0029284922691781,0.003153788643324406,0.0011728372264593744,1.1638842992466149e-05
0.28382087171791726,-0.17031934150883138,-0.07102879835594338,0.04245443625649244,0.09432845854365887,0.060297258841482994,0.012504219803323956,-0.021660925131071675,1.0036853745036503,0.0030827598449684624,0.0014566580981772916,-0.00015868049851636525
0.41899916524733327,-0.17428453960293397,-0.0735517639884359,0.06403308905165457,0.02950385204042593,-0.008586536275840538,0.016381034219195133,-0.026974286320574588,0.9963797545226004,0.003009208080980027,0.001875657263424625,-0.00033296503811929923
0.4059107807117888,-0.32716533242019036,-0.16251109162533575,0.07491275463361777,0.025875026322710895,0.017553591766241012,0.02689276131816721,-0.020772589588746778,1.0029597849232836,0.002846696989354691,0.002281568044136414,-0.0006601303705394897
0.3448349678280458,-0.3161453682041046,-0.27425069516870715,0.0764822095287518,-0.04479065087595374,-0.0043109293329846015,0.023262240557172433,-0.01336908406390876,1.00414730266663,0.0025724462941859845,0.0026264030119644596,-0.0009762757387435944
0.41252816958551913,-0.5474645391046341,-0.23986869224341564,0.0964557855457038,-0.010923351084411415,-0.023944011174198247,0.01938804469311736,-0.0171335039098522,1.0028953751775815,0.002332577601942569,0.0030389311815499785,-0.0015237402778482286
0.2172279423635675,-0.3689155718267312,-0.4075821449965862,0.14415072097453183,-0.048747266094453144,-0.04773502666068864,0.023878046899976434,-0.01894714146515568,0.9924472222348375,0.0019249954569459827,0.0032561591239135463,-0.0018926558496749598
0.21119090623908893,-0.5602847398390353,-0.3397367760451235,0.17572504267217437,-0.11454893118211933,-0.039705043557240124,0.01287905103206674,-0.01976714589823844,0.9970238104267352,0.0015852586809008591,0.003467350030152635,-0.002452940589513995
0.18551905925790124,-0.43987227802458245,-0.2810907976144637,0.12048337359195642,-0.08330792342698423,-0.06824456963103183,0.01867027929726416,-0.0203729522421929,0.9983638182465823,0.0013041678832863956,0.003652869089410536,-0.0028928128675385772
0.18812676690367575,-0.32913470161607256,-0.26163108299094595,0.14047550111991805,-0.10230876137582307,-0.12267812787503486,0.02119265163461169,-0.011809585196072243,1.0010143289886446,0.0010425368002954496,0.003840995856314212,-0.00322194756915465
0.17279119104739316,-0.2889406721112218,-0.27321532597772574,0.10412930095787874,-0.09896938171062078,-0.16485646581083466,0.008307548604570383,-0.022744461241163347,1.0002297681991408,0.0007693214743177239,0.004013787047361605,-0.003510888241265872
0.05259049706351292,-0.24615231030112467,-0.32797934335073087,0.12253411644489783,-0.10584494112443751,-0.13980060060851218,0.01933474977907017,-0.01569202146978743,1.0008024029604305,0.00044134213096699306,0.004066377544425118,-0.0037570405515669966
-0.11943595193000146,-0.3342144261831132,-0.20252607867931835,0.115854947412788,-0.11905136167591804,-0.18106572052685446,0.01957363045345589,-0.019051865104579804,0.9956739001180591,0.00023881605228767472,0.003946941592495116,-0.00409125497775011
-0.0386423417126809,-0.09702098943810081,-0.19545715988435652,0.08837014216602165,-0.15567061264321383,-0.2230157505523389,0.01811065280432625,-0.022815015997463578,0.9869329108772398,4.335889240331817e-05,0.003908299250782435,-0.004188275967188211
-0.1544942096509063,-0.01411517583189554,-0.10450817847689248,0.029181826013517938,-0.09290014798156733,-0.10674826912363683,0.017882488182541602,-0.012204282795758078,0.9962268427580211,-6.114928607357431e-05,0.0037538050411315286,-0.004202391143020105
-0.24435047341032806,-0.08169492215730835,-0.13125421598555145,0.04191332640572233,-0.10161544736567554,-0.14250564383561842,0.020114144774310623,-0.015008945116297497,0.9991258855710538,-0.00019240350205912578,0.0035094545677212007,-0.004284086065177414
-0.3861233187845493,0.08545824164270081,0.025599908434915636,-0.050142962859204276,-0.07376496051991727,-0.08843196353353162,0.02216875515767012,-0.014666986518985467,1.0086811751256242,-0.00016680359362421013,0.0031233312489366513,-0.004198627823534713
-0.42399307753465465,0.07489466468215249,0.06558709262523263,-0.04626217847460041,-0.1443179128120281,-0.1122119308052325,0.013334183979349497,-0.01584402666614846,0.9984514951070769,-0.00010121650099897751,0.0026993381714019967,-0.004123733158852561
-0.4677921420134143,0.2131472081816458,0.10451210121320167,-0.13253408865799896,-0.05112254132163445,-0.013661599925177037,0.020943561647399064,-0.011013680562039708,0.9937145155936119,3.295600214224176e-06,0.0022315460293885823,-0.0039105859506709155
-0.388509676137311,0.27256518189361456,0.19918530694823802,-0.13521344705709687,-0.041151163948812436,-0.043673340899586695,0.022496526036839767,-0.020504103101556554,1.0057045060787577,0.0002024809071624622,0.0018430363532512717,-0.0036380207687773006
-0.4381465491805535,0.26530798986557436,0.35205917344402304,-0.11945917929703097,-0.08873733409539444,0.08156057866451578,0.02158921933249724,-0.0141560001349937,0.9991212765704395,0.0005545400806064853,0.0014048898040707179,-0.0033727127789117263
-0.6151662724059375,0.4179171211393516,0.3247974848591526,-0.20461102618676502,-0.030634039679620743,0.06356351429346084,0.018024136716637176,-0.010288154541231685,1.0058813007203011,0.0008793375654656379,0.0007897235316647804,-0.002954795657772375
-0.4875553936202339,0.4110780533701689,0.2240857658673528,-0.20221235570481763,-0.005400685887475469,0.0787185226061529,0.018857310688785763,-0.015894855569720936,0.9972698040206376,0.0011034233313329906,0.0003021681380445465,-0.002543717604402206
-0.5355205763134007,0.5205475417421774,0.41223292679411455,-0.19994889324579318,-0.010436596152544084,0.13706537938354119,0.02769739617265267,-0.023311448807695784,1.002159174421276,0.0015156562581271052,-0.00023335243826885424,-0.002023170062660028
-0.6102786132241467,0.4189034297451036,0.4126503300303641,-0.21506549224352867,0.036202480706663126,0.10212185821092634,0.016126424017920256,-0.009094800115944626,0.9975635396698032,0.0019283065881574694,-0.0008436310514930009,-0.0016042666329149247
-0.530789832221782,0.3678040144605227,0.2883605148998774,-0.19083399144926794,0.08103582677573219,0.17176222824794637,0.016379618768988843,-0.010734879685968837,1.0010595668293658,0.0022166671030573472,-0.001374420883714783,-0.001236462618454402
-0.4150076494475292,0.32532624304240765,0.3300626796434578,-0.20248594980612408,0.05150777370774744,0.14762674624825672,0.01684425241096902,-0.015050053541820381,0.9979478313907362,0.0025467297827008045,-0.001789428533162312,-0.0009111363754119944
-0.5633929076442248,0.4140923332165372,0.12292078045981061,-0.17571500483210756,0.04012275351468176,0.17274230376677285,0.01906622155814425,-0.015991350385112083,0.990194948642726,0.0026696505631606153,-0.002352821440806537,-0.000497044042195457
-0.41359302894444105,0.3159478678440611,0.15068282691756302,-0.14410784879673988,0.06392627093245669,0.18524376952423152,0.01263584365795195,-0.012117677216596155,1.0017999962240898,0.0028203333900781785,-0.0027664144697509777,-0.00018109617435139593
-0.42774963908571273,0.2859619099354557,0.06215864909134196,-0.07753937102925632,0.10778156399640502,0.0990866463961236,0.00997432278217427,-0.013789483478563866,0.9944567676982057,0.0028824920391695204,-0.0031941641088366907,0.00010486573558405983
-0.26014910394104335,0.24809176366164395,0.06926445293444214,-0.06131556960461346,0.08233690886464505,0.11731152175945943,0.016950612249064103,-0.01209107613533782,0.9986348327475519,0.002951756492103963,-0.0034543132127777343,0.00035295749924570374
-0.32252281420323414,0.12741879962462568,-0.007887604392127198,-0.04637663517677949,0.08891321227931154,0.1278987705929275,0.023027922180445318,-0.013358468903754608,1.002320596963522,0.0029438688877118356,-0.0037768360269809682,0.00048037629887032944
-0.17441509924678497,0.09653147729963313,-0.15574928179647002,0.007321443893423143,0.07637493672642616,0.07116317832535812,0.00696050442819199,-0.025632974791042706,0.9894545788863053,0.0027881196059153656,-0.0039512511262277525,0.0005769077761699626
-0.1071272553168312,-0.042555578522364274,0.031902951848140695,-0.0001847519275591982,0.09838081627929458,0.10443287173783182,0.010398589748741333,-0.011568639985232894,1.0010710293826286,0.0028200225577635065,-0.004058378381544584,0.0005343521976475984
0.004750083823272606,-0.03617447640119302,-0.07118685209754194,0.1350189452515143,0.14574124695734572,0.035944333601506256,0.016014847348728958,-0.01489205461488432,1.0007680162922248,0.0027488357056659647,-0.004053628297721312,0.0004981777212464053
0.07299362636600046,-0.17257243515384568,-0.09385566112111415,0.12489857069592863,0.09239588908108255,0.017488818517521307,0.012335241853237422,-0.011238167143738322,0.9986939055104732,0.0026549800445448504,-0.003980634671355311,0.00032560528609255966
0.24315951421535723,-0.29925548986572137,-0.12610452842371594,0.16910965068361244,0.10773232069742211,0.00602050761490221,0.018452896576562502,-0.017950448272857886,0.9995569411135671,0.002528875516121134,-0.003737475157139954,2.634979622683825e-05
0.18340913254039032,-0.351346165789301,-0.16047979000804818,0.18161202777734872,0.0459638727775738,0.013567375549900075,0.017594828086899723,-0.01149724641245038,0.9975812646868697,0.002368395726113086,-0.0035540660245995635,-0.0003249963695624628
0.3759541865876778,-0.22707213915630486,-0.20158155879886486,0.23650903140982574,0.11883401964528423,0.015852787424235466,0.010528734967583999,-0.009171546487621607,0.993784422372572,0.0021668141673142206,-0.003178111838011886,-0.0005520685087187676
0.40575831068946583,-0.1998041425272488,-0.07217528280116879,0.18866567260331615,0.040926467965520054,-0.07980710808459444,0.020601679011724355,-0.017180681297616136,0.9909451400687853,0.002094638884513052,-0.00277235352732242,-0.0007518726512460164
0.4862579225009076,-0.24933216753113047,-0.10412977333821824,0.23036608561901353,0.04824005893757848,-0.050470377976751725,0.022722035892227793,-0.006882797497506403,1.0043394185739605,0.0019905091111748338,-0.0022860956048215125,-0.0010012048187771469
0.36632933831175624,-0.3468118626241452,-0.031467022920836606,0.23015387589630687,0.044281514687954604,-0.06839627103574533,0.019626800330724295,-0.006249158944170835,0.9984147089069133,0.001959042088253997,-0.0019197662665097562,-0.001348016681401292
0.5320205828654674,-0.2084473762825931,-0.11871659166240676,0.2741384462499753,-0.006371861450569186,-0.07661654640730708,0.015351116323823579,-0.011951120162148908,0.9931282185629302,0.0018403254965915904,-0.0013877456836442889,-0.001556464057683885
0.6461799534254387,-0.31975734107981824,-0.014751930685136989,0.22136796008021228,0.07321132318008614,-0.08694190258593877,0.017002574192191932,-0.010392393447120837,1.0012628433108683,0.0018255735659064535,-0.0007415657302188501,-0.0018762213987637034
0.585767581354872,-0.2629919034471146,0.10504398895618935,0.19398753548958822,-0.030293579079117915,-0.10248323971940244,0.013259268286901375,-0.016379494002054906,0.9967967291815276,0.0019306175548626427,-0.00015579814886397815,-0.002139213302210818
0.5878359590336791,-0.21461288357089664,0.09812990001258332,0.15192782344878344,-0.029109483722846437,-0.04325680660576497,0.022450481233850243,-0.012235343306105187,1.0003007418341447,0.002028747454875226,0.000432037810169701,-0.0023538261857817145
0.5686313721929035,-0.07515243535515456,0.02229493301586573,0.15993138294008719,-0.08164718955278263,-0.09303245346603091,0.019771071249072847,-0.0047636191545714435,0.9949656069610805,0.002051042387891092,0.0010006691823626044,-0.0024289786211368694
0.5675236728528359,0.143436133081835,0.15877027940991673,0.10829000563048982,-0.03629691216431112,-0.07116835498231243,0.02353644066741315,-0.011516489605839746,0.9961178241351852,0.0022098126673010085,0.0015681928552154405,-0.002285542488055034
0.41848492145003535,-0.016188173812639886,0.024594415460287844,0.0684603282559756,-0.06370237956968468,-0.10275180320099873,0.017834864450688135,-0.008434409199708781,0.9869103104562145,0.0022344070827612964,0.0019866777766654755,-0.002301730661867674
0.42377113241088016,0.21196846511217055,0.32286180964093664,0.06132129708271497,-0.08089400311002498,0.008066684036681034,0.011193377366757011,-0.008696596043130365,0.9910335232957481,0.0025572688924022334,0.0024104489090763562,-0.0020897621967555036
0.30761355776794547,0.21745113111791142,0.21488188833688915,-0.006040452006509517,-0.05136504432353555,-0.006412621985014045,0.0143366036563818,-0.014254143157439836,0.9974059910899106,0.0027721507807391224,0.0027180624668443018,-0.0018723110656375921
0.18522145051829472,0.2413782077212327,0.16104721461287227,-0.05510266786720561,-0.031570369931179176,0.05813670861983358,0.017856684018181388,-0.01623561414438701,0.9912612573747486,0.0029331979953519946,0.0029032839173625965,-0.0016309328579163591
0.299292623508727,0.2911830346506677,0.12869219020472641,-0.057275496436047235,-0.09890553006353643,0.05230470601381521,0.0081443133865335,-0.01743240798459382,0.9931987152225913,0.003061890185556721,0.003202576540871324,-0.0013397498232656916
0.21197353239136565,0.3211641686143629,-0.01091825403169032,-0.010640388382473064,-0.07661818317362022,0.08304484449255986,0.019358910068131,-0.012765433005001544,0.9956442121397315,0.0030509719315250307,0.0034145500732626895,-0.0010185856546513286
0.15935646315210972,0.3803690726190105,0.19872052811083485,-0.060858352367806394,-0.0833307089278101,0.1060372947516702,0.015976417210816718,-0.013170806556660182,0.9942816516174567,0.0032496924596358656,0.0035739065364147993,-0.0006382165820323181
0.10066584010403853,0.1620316581136505,-0.04258391937843037,-0.11768476636637257,-0.08986206612238609,0.12061866294459662,0.00491841945059068,-0.00837858755449036,0.9971155509928379,0.003207108540257435,0.0036745723765188375,-0.00047618492391866753
-0.05490980140196558,0.2156778380759498,-0.081011275058108,-0.10332740675390506,0.027803594696681172,0.06632800051125698,0.009958992157357969,-0.009887287215440714,0.9973486405699289,0.0031260972651993273,0.003619662575116872,-0.00026050708584271775
-0.17803877796265502,0.27523272888634653,-0.15228701413966245,-0.09695527791828978,-0.006184681803831322,0.09648614236559228,0.01630523170460947,-0.011136625900581646,0.9994687075452464,0.0029738102510596647,0.003441623797154217,1.4725643043628834e-05
-0.1306484629200513,0.155347406750101,-0.13014456010794756,-0.08724027954586362,-0.07177994209985225,0.08723443986897479,0.019273258003677813,0.0005039694003462717,1.001715954349205,0.002843665690951717,0.0033109753342341654,0.00017007304979372985
-0.20564298011957832,0.1812664179966707,-0.2078975843204864,-0.14924689825322077,0.007719530569572231,0.07435546421632293,0.015939332343369177,-0.003541967543364213,0.9971821919917495,0.002635768106631231,0.003105332354114587,0.0003513394677904006
-0.1291689884849813,0.060178765688195024,-0.26273350160678693,-0.08946812927962337,-0.045853298415817915,0.048198360618990015,0.012104730188468032,-0.004234776476130757,0.9974824293652538,0.0023730346050244437,0.0029761633656296056,0.00041151823347859555
-0.33574335572092284,0.0056390118434989644,-0.2722410568610766,-0.08949876627900859,-0.014334119011359402,0.04528457480236932,0.010232792852305718,-0.01599400754156522,1.0000179358456338,0.002100793548163367,0.0026404200099086825,0.00041715724532209454
-0.24176505681917382,0.061241335994923374,-0.3320602396704022,-0.03994338014754922,0.03117284797428714,0.040355037692418556,0.006651576621529327,-0.013613089238722183,0.9933472183958133,0.001768733308492965,0.002398654953089509,0.0004783985813170179
-0.3926782824925269,-0.15428862981561917,-0.21605735200866982,-0.06138203269631484,0.05848438507415486,0.022340167772911486,0.01996369926771936,0.005581731449086757,0.9878319081086587,0.0015526759564842953,0.002005976670596982,0.00032410995150139877
-0.3762709949381463,-0.1310038470474064,-0.16766891051071006,-0.016207488472574787,0.06852011642229247,-0.00999028142769678,0.00363267216559204,-0.002250423315330031,0.9948810243081538,0.0013850070459735851,0.0016297056756588357,0.0001931061044539924
-0.3928463280515323,-0.24728811089381905,-0.24561396339342417,0.01039194652918992,0.063746437189151,-0.09546885699934991,0.015308800537086093,-0.00597499749962283,0.997827604017638,0.0011393930825801609,0.0012368593476073033,-5.418200643982668e-05
-0.43669813093970145,-0.3780077332272194,-0.38034375779874285,0.00536372741074395,0.06998875514644606,0.02389522127400242,0.021131457150656452,-0.012596370423940278,0.9918213207379524,0.0007590493247814179,0.0008001612166676019,-0.0004321897396670461
-0.39028279234475227,-0.42480533603121795,-0.03934280196040593,0.07097840156218357,0.070055020552962,-0.16648800017341175,0.01095586759971922,-0.007362949139582392,0.9877423914641161,0.000719706522821012,0.0004098784243228496,-0.0008569950756982642
-0.2599984219548488,-0.29401304685840174,-0.09003375184595501,0.08926545131007703,0.08191948357995361,-0.11466396691647975,0.0047676281663511875,-0.009725944134500997,0.9873771291309411,0.0006296727709750571,0.0001498800023680008,-0.0011510081225566658
-0.2404051267013303,-0.3090968440456766,0.07255192514756675,0.10126746113032918,0.04237110193433007,-0.12950272770547647,0.010006041812466377,-0.014293029975829645,0.9985308818608245,0.0007022246961226237,-9.052512433332948e-05,-0.0014601049666023427
-0.20163032354416827,-0.45084473173509976,0.05812776237616729,0.11174073868669433,0.022565661201528926,-0.10649184768913826,0.014012138998168687,-0.018202669090929942,1.001354047498342,0.0007603524584987912,-0.00029215544787749773,-0.001910949698337442
-0.1782859771582912,-0.5152847606963348,0.10951603703235507,0.10042409867326031,0.05056156647048855,-0.1867908569584122,0.013759284885467205,-0.0041384345991201015,1.0064313922480534,0.0008698684955311463,-0.00047044142503578894,-0.002426234459033777
-0.08401724545883629,-0.4338876654878592,0.14250509986894583,0.15743640533359043,0.0788127352150338,-0.07017615356553566,0.006872976497393966,-0.005282957118505441,0.9995737173015815,0.0010123735954000923,-0.0005544586704946253,-0.002860122124521636
-0.06949951076821369,-0.34087663392925793,0.16657820992080746,0.153371662650115,0.0049661287135203125,-0.12977453852018156,0.016021610282742876,-0.007314844006814131,0.996263273789552,0.0011789518053208997,-0.000623958181262839,-0.0032009987584508946
-0.030360523958586547,-0.24266955490311404,0.26747370204913423,0.11473969660607015,0.005691728146345769,-0.11149538329461549,0.009803099671772304,-0.003530770825830992,0.9948876251081821,0.0014464255073700339,-0.0006543187052214256,-0.0034436683133540085
0.029317878266005598,-0.416368762297106,0.3747171574056924,0.10330651335716452,0.016042160279584276,-0.05289609526129737,0.01592585245210923,0.00026752422285486466,0.9915147508470845,0.0018211426647757264,-0.00062500082695542,-0.003860037075651115
-0.05131463751843554,-0.13914084762241077,0.28070411728196654,0.0987489348044173,0.00792687364376569,-0.08580901817676954,0.013161807700274466,-0.006541796944390167,0.9981692147550247,0.002101846782057693,-0.0006763154644738555,-0.003999177923273526
0.12236838349923854,-0.13780701066960113,0.31780182911538957,0.09544341249622744,-0.0017443773280904013,-0.03713430505499035,0.01672555642906809,-0.0029459953519357916,0.9960572096472976,0.0024196486111730826,-0.000553947080974617,-0.004136984933943127
0.1783736844132775,-0.12586967967703802,0.44933832291789266,0.06122166201131514,-0.058019016752482305,0.0102614268812782,0.01337150327352411,-0.00715841831630138,1.0004432649624482,0.002868986934090975,-0.00037557339656133946,-0.004262854613620164
0.20744828855904093,-0.011884007702846859,0.2326060910692237,0.0113719176669338,-0.02850562662527048,0.06238244200031393,0.011983519934840405,-0.002717482158763462,0.9887362241651184,0.0031015930251601987,-0.00016812510800229857,-0.004274738621323011
0.21831276259001367,0.15633929296243965,0.24432473765197316,-0.029860036538266573,-0.038993066715751944,0.04221727830622848,0.011877896780536192,0.0016419101905774088,0.9942391051503405,0.0033459177628121714,5.0187654587715127e-05,-0.004118399328360571
0.3390475069249022,0.13007534908238183,0.08669427343949118,-0.03527703533989849,-0.10557951766806409,0.148354738925302,0.005446816845330146,-0.006368424794011351,0.9908831788468235,0.003432612036251663,0.00038923516151261734,-0.003988323979278189
0.22157818326092998,0.231228031289726,0.22015668177081044,-0.06931828031467402,-0.11263117165445131,0.14461915354362037,0.02395811448969734,-0.003265668807336351,1.0065390092340925,0.003652768718022473,0.0006108133447735474,-0.0037570959479884627
0.32696677834881444,0.1883515041519545,0.13336622848786076,-0.14614690432447308,-0.040529920126531324,0.12852395701950914,0.012577944603512492,-0.003112113145144424,0.9990846930403053,0.003786134946510334,0.0009377801231223617,-0.0035687444438365088
0.35222264591891933,0.32043795388185414,-0.03113420974821251,-0.11710806233036111,-0.06664975485994697,0.16223092837221284,0.015012362623669792,-0.0030921291317551874,0.9931331080665454,0.0037550007367621215,0.0012900027690412811,-0.003248306489954655
0.2383811569126128,0.3929157268954021,-0.08350830081360355,-0.21478284671638462,-0.1274652244484107,0.15745358031605367,0.012761223099095826,0.0024214362183642307,0.9928538449733474,0.0036714924359485183,0.0015283839259538938,-0.0028553907630592527
0.22415364723677167,0.4517030617080007,-0.009990117173940577,-0.16764721854083597,-0.11612201679702058,0.14139491295559464,0.015305402735463011,-0.005781751761923977,0.9932659121781496,0.0036615023187745776,0.0017525375731906653,-0.002403687701351252
0.26677679115666886,0.41346309334996606,-0.0754062543862458,-0.19689795518955486,-0.13271547190814248,0.20113390322454267,0.01565832878333616,-0.007483689790859033,1.0005433131737629,0.0035860960643883315,0.0020193143643473343,-0.0019902246080012857
0.1717384984634549,0.4291945131551947,-0.15278009352704394,-0.2107466407401252,-0.14580982077560045,0.19052527295041347,0.021636736292055918,0.00018619966738242337,0.9951102351148545,0.003433315970861288,0.002191052862810789,-0.0015610300948460912
0.07895573766074018,0.409584952795359,-0.10586123785789076,-0.18622265214280298,-0.11057853168946348,0.1476869662519376,0.010057267121389749,0.004751360147359105,0.9916923043055266,0.003327454733003397,0.0022700086004715293,-0.0011514451420507321
0.1228977957324844,0.4107940068411595,-0.12437032655630982,-0.19579070977107368,-0.06934162810671872,0.11437849957752591,0.01791109170393668,-0.004757964172136195,0.9946910534781066,0.003203084406447087,0.002392906396204014,-0.0007406511352095726
0.05882729759457109,0.33152656365079847,-0.19446725738531345,-0.19293894631944877,-0.025546377252680157,0.10360588374376031,0.01398828802189699,-0.008114583681302514,0.990283956965022,0.0030086171490617737,0.0024517336937985848,-0.0004091245715587741
-0.0013061051387647862,0.2791309802801023,-0.09869771747420418,-0.11902567555480631,-0.1284159164297206,0.042158648121980356,0.0028652251489601037,-0.002003571763534255,0.9892410958388858,0.00290991943158757,0.0024504275886598204,-0.00012999359127867184
-0.0017070226849262016,0.3395508569612369,-0.0660165146933201,-0.0696200978042352,-0.0446835573561471,0.05680785069086764,0.014195506591976758,-0.001969918819724833,0.9919103294008116,0.0028439029168942495,0.002448720565974894,0.00020955726568256509
-0.08750066009502183,0.27055342245539465,-0.10391984976261134,-0.1613384524895098,-0.013434388491563115,0.04766011732321683,0.017878682459335774,0.0019644567809677335,0.9935640673795988,0.0027399830671316384,0.0023612199058798723,0.00048011068813795976
-0.2577358245757918,0.28754705115336865,-0.0937074764288998,-0.058293684801936155,0.004327489759291507,0.017842161272805114,0.01415187653067933,0.008369668335812278,0.9866690126838646,0.0026462755907027385,0.0021034840813040803,0.0007676577392913284
-0.328025814805019,0.083354128855662,0.04592092294879353,-0.021866221918680796,0.038058631013684265,-0.07389970201618391,0.005955532611515688,0.004010767505240841,0.9927248670121221,0.002692196513651532,0.0017754582664990613,0.0008510118681469904
-0.4053359309200214,0.02597095419681217,0.03792995501782466,-0.011638742582912401,0.053912066220162605,-0.018952572396989692,0.017719583848351046,0.0007911223522538134,0.9942267735384493,0.0027301264686693566,0.00137012233557904,0.0008769828223438025
-0.3598301445393123,-0.0026927911123292778,0.03131154604897941,0.1581657264622426,0.009386471934022412,-0.10089220189199799,0.015049683741734043,-0.004352003427787533,0.9993817484911632,0.002761438014718336,0.0010102921910397277,0.0008742900312314734
-0.41856368504669433,-0.21534927050900543,0.011439638130171653,0.0934685255980658,0.10203305037505125,-0.009906042735730322,0.006854958990649321,-0.002764277991227637,1.0060056526151988,0.002772877652848508,0.0005917285059930336,0.0006589407607224679
-0.463201349149814,-0.19266882946995723,0.040968560690198205,0.0963650064633626,0.11053882406408909,-0.07504822362364258,0.000979522266542283,-0.006465240760026944,0.990881396617333,0.002813846213538706,0.00012852715684321954,0.0004662719312525107
-0.4947739616097064,-0.27027366667752034,0.21045533691715668,0.15983183685574412,0.08469417034767052,-0.09615695033533234,0.012669464259269972,0.0013953147094609977,1.000012722438899,0.003024301550455863,-0.0003662468047664869,0.00019599826457499032
-0.5228548790865114,-0.25768543562582974,0.2296442756781001,0.24264659497411808,0.065449374022457,-0.08762404735483549,0.015146758454062421,-0.003236822833724753,0.9909379319937984,0.003253945826133963,-0.0008891016838529983,-6.168717105083943e-05
-0.5616684070694424,-0.2017028251600844,0.11137384144037192,0.264792656160492,0.028076952302941948,-0.05225066285315184,0.0029880081157840754,0.002868154100568985,0.9999087240515966,0.0033653196675743346,-0.0014507700909224407,-0.00026338999621092386
-0.4425074031921912,-0.36111790636157476,0.17972843964625662,0.31389147589858474,0.10093215850953187,-0.04653218110834916,0.018138223253649263,0.003698050564306523,0.9927147481328328,0.0035450481072205916,-0.0018932774941146317,-0.0006245079025724988
-0.5917529225295567,-0.22102845538863586,0.10351812430659224,0.26413921986147537,0.06528790839752986,-0.10608245791089464,0.0055049632004882994,0.0006696851546660239,0.996387272272053,0.003648566231527184,-0.002485030416644189,-0.0008455363579611346
-0.5897922574939226,-0.1980486102129723,0.034938392917183606,0.18358892113059738,0.07505846583506193,0.03211244410325831,0.010962862175886,-0.0009271854118739523,0.9981928575805844,0.003683504624444368,-0.0030748226741381113,-0.001043584968174107
-0.6134115556885427,-0.3381167270606558,0.12493599513892523,0.20810129252853188,0.073937726815659,0.014673330178691397,0.009017877591920659,0.00043816309099612826,0.9895101759564472,0.003808440619583293,-0.0036882342298266545,-0.001381701695234763
-0.47631061323350077,-0.24042736339464627,0.0004748662781650266,0.20651855759946575,0.05537285608965423,-0.0024382774791884606,0.013950111369198083,-0.001374897473678179,0.9885278755897984,0.003808915485861458,-0.004164544843060156,-0.001622129058629409
-0.44247178756781846,-0.0634780882895695,-0.07954531012833413,0.19822573213163303,0.04565350181990687,-0.024637369004023316,0.014574036854589016,-0.0029573569574814955,0.9881755196120534,0.003729370175733124,-0.004607016630627974,-0.0016856071469189785
-0.3028163539144748,0.040961137624884986,0.037934101657727315,0.13997372474076247,0.007678199324738168,0.11335395262700579,0.00763315818584819,0.008331062086635936,0.9860222544481599,0.003767304277390851,-0.004909832984542449,-0.0016446460092940937
-0.35421398677192384,-0.049718681524989566,-0.16053447145584648,0.10824042252057284,0.06318525298074268,0.080482895052489,0.018239416822066284,0.00015960628179427245,1.006663057101215,0.003606769805935004,-0.0052640469713143715,-0.0016943646908190832
-0.1412947159013098,0.021691963828679516,-0.33597430824440316,0.10004124154370869,0.018472429190232773,0.0968783758011142,0.01426842085208054,-0.0011411766816396575,0.9930890166017456,0.0032707954976906014,-0.005405341687215682,-0.0016726727269904037
-0.10670604435806626,0.045556088388928655,-0.2059561244532479,0.0902226488873638,0.011723872117285185,0.07526960212986407,0.01140848648552479,0.0025497797614271946,0.9898517127169065,0.003064839373237354,-0.005512047731573749,-0.0016271166386014752
-0.10718061873810858,0.02674283103227429,-0.2276530354904155,0.10074010040703904,0.05207126376327732,0.06568508905016152,0.011092981512951697,0.007578463562503533,0.9952878808603604,0.0028371863377469383,-0.005619228350311856,-0.001600373807569201
0.07794495126895598,0.31888405294604905,-0.23343034748185876,0.05064251483408749,-0.04731833813378339,0.12823101993566774,0.008364755783586177,0.0001724793239910186,0.9903436772920047,0.0026037559902650793,-0.005541283399042901,-0.0012814897546231517
0.21242310262759456,0.17492714089415654,-0.3746406223162443,-0.005918872358193907,-0.038814318906555324,0.10778359458797765,0.006638066614693674,-0.010096209250588427,0.9816478191014226,0.0022291153679488353,-0.005328860296415307,-0.001106562613728995
0.1293142945757254,0.24982601496552914,-0.28593351119655297,-0.05921557439025399,-0.024022604234015955,0.07346912573664964,0.015945326900733442,0.0003457065749206301,0.9900118330736182,0.0019431818567522822,-0.005199546001839581,-0.0008567365987634659
0.35447999836784094,0.20301337085519644,-0.29355398261141835,-0.07162248726825823,-0.028884482215760836,0.09639143725132594,0.0182826857971077,0.004745238670788849,0.9960279139940307,0.0016496278741408637,-0.00484506600347174,-0.0006537232279082694
0.3644378450224668,0.12999029771493445,-0.2350206256856416,-0.08275421069083604,-0.06745498696512696,0.041144450504763355,0.013467795256223908,0.0010435167106261551,0.989640861001936,0.0014146072484552221,-0.004480628158449273,-0.000523732930193335
0.4778020458285295,0.2961347739478334,-0.24602836466936234,-0.13899219658856854,-0.05889987587699644,-0.016334540465530713,0.005226754402552786,0.007261306578680464,0.9877998401901534,0.0011685788837858598,-0.004002826112620744,-0.00022759815624550162
0.4531284161020599,0.17781055064499615,-0.21935700331406704,-0.15885471006508822,-0.13974133873810587,-0.04349520776778296,0.009189961825060114,0.0058611712654719796,0.9902664418398222,0.0009492218804717927,-0.003549697696518684,-4.978760560050546e-05
0.4740116909274103,0.24690007354400653,-0.05564037622062449,-0.13421171800380224,-0.10164979755670361,-0.055823633305951074,0.009133519207962475,-0.005885506804413123,0.9933956402876603,0.0008935815042511682,-0.0030756860055912733,0.00019711246794350108
0.5668316968121037,0.1956739880240312,-0.014230313236481636,-0.12381672233282946,-0.05144769175466513,-0.06338399102640542,0.005003576130202976,0.0004980268449312811,1.0021323976335634,0.0008793511910146867,-0.00250885430877917,0.00039278645596753223
0.48711514239323234,0.1665224805681899,0.035193959293033664,-0.13432313654131797,-0.07939118952303552,-0.07005870851940625,0.006274830100313202,0.011765209884863664,0.9948540620587538,0.0009145451503077204,-0.0020217391663859374,0.0005593089365357222
0.5760959364225492,0.12081526475013755,0.13950569177284589,-0.08473261357204162,-0.06620772500456541,-0.1073360753552315,0.0006522669471671922,0.002123024713281351,0.9900384068732349,0.0010540508420805665,-0.0014456432299633879,0.0006801242012858599
0.5428999495443314,-0.0038809363047780498,0.13760404425484346,-0.07506262415697522,-0.04426129924709858,-0.07028906183698823,0.007978620322217987,-0.0012448958771766883,0.99233701968246,0.00119165488633541,-0.0009027432804190566,0.0006762432649810818
0.4875635750858653,-0.05255105898679831,0.28272724235495084,-0.07786518544545169,-0.029433567642042337,-0.12992959459506145,0.006983215587449015,0.004520441924430951,0.9884483451609455,0.0014743821286903604,-0.00041517970533319127,0.0006236922059942835
0.3917408212907654,-0.118588850411007,0.295703154361003,-0.04583859027719319,-0.05946927878567652,-0.11259968996990051,0.00037278065958798456,0.010829864701828503,0.9973575557273309,0.0017700852830513634,-2.3438884042425837e-05,0.0005051033555832765
0.4039953873420279,-0.2512807493945817,0.33697125307731784,0.055474133836346924,-0.03546553723764794,-0.14370707523331921,0.014883942862721183,0.004779732839275901,0.9928477010834051,0.002107056536128681,0.0003805565032996021,0.00025382260618869474
0.39773725644393054,-0.2809633470653328,0.3250153415588178,0.06451897722858285,-0.04250797311390128,-0.1261578782748771,0.0020679865072074713,0.0009933676748882705,0.9905299677768832,0.0024320718776874987,0.0007782937597435326,-2.7140740876638092e-05
0.4261412740022931,-0.2545862033697591,0.2875287911078833,0.04806881052935026,0.002145751746592754,-0.11659975772554311,0.012884495943903933,0.013351037337282072,0.9930400090105563,0.0027196006687953823,0.0012044350337458258,-0.0002817269442463972
0.2579382989024556,-0.4081034052371875,0.31973301115217984,0.07310810568880251,-0.037161351621682825,-0.11163014389953928,0.007447160156053864,0.005342516611569195,0.9945173284388183,0.0030393336799475618,0.0014623733326482816,-0.0006898303494835847
0.23073770719317932,-0.4594966528124424,0.29193663121333313,0.1339731751557426,0.03526756437008372,-0.0636877317976124,0.009877826522905522,0.005000751556707504,0.9853149073805582,0.003331270311160895,0.001693111039841461,-0.0011493270022960272
0.04994985679700162,-0.42962814114742165,0.22708811148658076,0.15193672634099553,0.012484554671083234,-0.12113533070472306,0.011281520649217266,-0.0016787314769276078,0.9875735086934565,0.003558358422647476,0.0017430608966384625,-0.001578955143443449
0.1011531502718547,-0.5052171538186924,0.16586077387892467,0.10156971391069833,0.03766489841496496,-0.04270036558983906,0.007526608221910018,0.005885386853725929,0.9878846367639691,0.003724219196526401,0.0018442140469103173,-0.0020841722972621416
-0.07785803932669043,-0.48447680629708856,0.16167542271857682,0.11783301826181691,0.04357277018983524,-0.029035417961429902,0.017284749037405595,-0.0005598683274347918,0.9957003180558345,0.0038858946192449778,0.001766356007583627,-0.00256864910355923
0.05678095865952028,-0.464642437179497,0.10443177445646766,0.13771642886035163,0.0810787302164764,0.004186567424529022,0.009853286872291232,0.005985635910498516,0.9953625219980317,0.003990326393701445,0.0018231369662431473,-0.003033291540738727
-0.09194878929665512,-0.39775605873745506,0.13704098397899034,0.1488090135136895,0.06978882025973165,0.033362595205454156,0.007735040110756764,0.013393352248851976,0.9938618783080126,0.004127367377680436,0.001731188176946492,-0.0034310475994761822
-0.0999226220628261,-0.2563246253149778,-0.09473364496943962,0.11798544500880058,0.040742257807609705,0.05051140782679386,0.008581231696361512,0.0005796942977351806,0.9849345505760921,0.004032633732710997,0.0016312655548836664,-0.00368737222479116
-0.23335955148193005,-0.2948291328273287,0.008661722150506895,0.14958387221430602,0.057122646497214866,0.06750586857601187,0.01791588771755982,0.003190244380789245,0.99866690387727,0.004041295454861503,0.0013979060034017363,-0.003982201357618489
-0.15016531129929572,-0.138740529116665,0.02476433172537232,0.11674560372613156,0.01701492284412303,0.07519264446451739,0.0032221641110777464,0.01660384994573745,0.9931734830171873,0.004066059786586876,0.0012477406921024402,-0.004120941886735153
-0.3974869079673126,-0.03336782918742556,-0.0677705193182884,0.01349416472891988,0.0016483343204637914,0.11965675367732896,0.008959451651489864,0.008444269604945192,0.986942129847412,0.003998289267268587,0.0008502537841351276,-0.004154309715922579
-0.24833457152151037,-0.07137334867914703,-0.023688857128800672,0.07125679998555719,0.07848367448979134,0.18399356096469185,0.008758771653982374,0.0018782445284157585,0.9882091231137203,0.003974600410139787,0.0006019192126136173,-0.004225683064601726
-0.334702582778432,0.09718816324845395,-0.2720791143404231,0.029436652569909183,0.00610812739581364,0.16799303481125014,0.010363913896302111,0.01041447553855169,0.9862721209290535,0.003702521295799364,0.0002672166298351853,-0.004128494901353272
-0.34463484942383843,0.16370148860505168,-0.15847265185269532,0.00022383107473298962,0.01071139540191958,0.19682149749368893,0.006383220145575062,0.006183440192413577,0.9949211032710792,0.0035440486439466687,-7.741821958865319e-05,-0.0039647934127482205
-0.4071324688886526,0.12603978700389284,-0.15337232767473377,-0.056475739664958925,0.00174005766663569,0.13930202872336683,0.008764141578333245,0.006395198294059176,0.9836031852110177,0.0033906763162719353,-0.0004845506884773058,-0.0038387536257443278
-0.3284980027588366,0.17579062837490744,-0.14429532062594916,-0.08564048784053643,0.02731590890532376,0.1786942797560732,0.013820517854162629,-0.0007740614866026535,0.9928411098012048,0.003246380995645986,-0.0008130486912361424,-0.0036629629973694206
-0.25209843502583856,0.3940428827889926,-0.12240168951610192,-0.12597975905366454,0.022177378105299687,0.14785311097678158,0.0029006676269105833,0.01077198237270293,0.9936615257615702,0.0031239793061298843,-0.001065147126261981,-0.0032689201145804274
-0.3685090502059568,0.3703296541081819,-0.061156656458239755,-0.1071781587290433,-0.046775815375076926,0.10400870116440362,0.002816361771437361,0.009684627632094453,0.9892487553356649,0.0030628226496716444,-0.0014336561764679377,-0.0028985904604722458
-0.3464674759561679,0.4521002751660839,-0.024714015419623835,-0.1663576192848562,-0.07115891972632715,0.11600151221298734,0.00254480904512248,0.012319633505756426,0.9936063767687432,0.0030381086342520206,-0.0017801236524241056,-0.002446490185306162
-0.12432017044508802,0.5286432328699866,0.035076959242331784,-0.209786932233178,-0.1063136404153706,0.07747263787699854,0.003181423221966028,0.00853511924953389,1.0022386894433746,0.0030731855934943526,-0.0019044438228691938,-0.0019178469524361752
-0.16849604686766723,0.4231979144218168,-0.0031357067018038254,-0.1784913806832696,-0.10391251653709614,0.04037323532018088,0.0027555761267139866,0.00543698102677443,0.9822530562608741,0.003070049886792549,-0.002072939869736861,-0.0014946490380143586
-0.22904823506550662,0.43659954500803644,0.111824033836543,-0.2143681197671856,-0.08815299176108368,0.030797023932997387,0.007152974058855676,0.0017833447031216278,0.9910918718896747,0.0031818739206290916,-0.0023019881048023673,-0.001058049493006322
-0.11722864299578792,0.3123954320161003,0.22783193061885632,-0.23397278258861406,-0.13524345829810758,-0.003408733641712177,-0.0003662544985065675,0.01876049226286272,0.9799146847262975,0.0034097058512479483,-0.0024192167477981555,-0.0007456540609902217
-0.0520805602881845,0.41545694172677566,0.2496382053045153,-0.20470481079569178,-0.08183353319826887,-0.08421888427802737,0.01397095369385747,0.004156247257145066,0.9778787536798247,0.0036593440565524634,-0.00247129730808634,-0.0003301971192634461
0.07230321841804441,0.4442059020879788,0.2452862888683449,-0.22989263317012826,-0.09302502117389204,-0.04786042449558393,0.010119318325197675,0.0014992061180081114,0.9866287510043602,0.003904630345420808,-0.0023989940896682956,0.00011400878282453276
0.0400437165230421,0.3377021273675082,0.15206539745314177,-0.12492145508749963,-0.139292900295865,-0.06510083114437744,0.005254997566700812,0.02114574574077722,0.9872244950638911,0.00405669574287395,-0.0023589503731452537,0.000451710910192041
0.1905784472723887,0.18654688984644652,0.08263317960183617,-0.08872335035984981,-0.10881789531888304,-0.07005217165318448,0.013518964474792002,0.007103285167430136,0.9958547555987,0.004139328922475785,-0.0021683719258728646,0.0006382578000384875
0.26193468840563844,0.18484237792055142,0.057636618537939124,-0.12697685854101068,-0.10560032445672651,-0.05251877354450361,0.0015084783810225214,0.012707638266193033,0.9943602918635517,0.0041969655410137256,-0.0019064372374672262,0.0008231001779590391
0.28217793016206366,0.13292842729740828,-0.012781699133200763,-0.05215892608982028,-0.11698554370780827,-0.04687465146649251,0.005547443597452231,-0.0003202125343910768,0.9840116399648557,0.004184183841880525,-0.0016242593073051627,0.0009560286052564473
0.2973350357309015,0.058182706275061,-0.05573365668034508,-0.050450305985590554,-0.06069305607775527,-0.06840901251018346,0.011917653376187463,0.016567242089919616,0.9933408436263813,0.0041284501852001795,-0.0013269242715742613,0.0010142113115315084
0.354778361198079,0.09776232725470792,0.029566210516074526,0.020978986752611818,-0.03188011707258441,-0.05661493398936738,0.008148361178639384,0.011291573716309162,0.9925392027187442,0.0041580163957162545,-0.0009721459103761821,0.0011119736387862162
0.30892486074572423,-0.11537884540043922,0.03106997201830554,0.03923571781994522,-0.06108450322310061,-0.009527870157191443,0.003989469484137618,0.012429577792914948,0.9968676094021371,0.00418908636773456,-0.0006632210496304578,0.000996594793385777
0.3476935217270435,-0.1769598734804233,-0.18459557484714073,0.12206927549175603,-0.03293507930935019,-0.023195910637830407,0.005939644833140103,0.01374776941695082,0.997631558926811,0.004004490792887419,-0.00031552752790341436,0.0008196349199053538
0.2865158125277441,-0.16122300201546924,-0.27314292402638907,0.14945908024622317,-0.05089391202257497,0.027265172178492572,0.016552557303048412,0.010748572952788173,0.993503215460821,0.0037313478688610307,-2.901171537567021e-05,0.0006584119178898846
0.18586769812751958,-0.1258042383010255,-0.2772448100206165,0.1654064697953317,0.03541885508988998,0.02181096905782426,-0.00047632481013238585,0.010040453239122091,0.9863167834236255,0.003454103058840414,0.00015685598275184937,0.0005326076795888591
0.2754902699147522,-0.11074782117304421,-0.3624792070712717,0.15474640797725098,0.0014833305953314297,-0.01012509855753268,0.011946620924446046,0.008927658289719795,0.983479271009801,0.003091623851769142,0.0004323462526666016,0.0004218598584158148
0.2853730124257637,-0.23344467464976024,-0.3061091316855309,0.18626661021570512,0.08724043864267066,0.05634281063041423,0.005238993340807671,0.018945950793697593,0.9855342700421557,0.002785514720083612,0.0007177192650923652,0.00018841518376605458
0.2496165320094297,-0.2876300539442534,-0.3073001219863365,0.21690928570123666,0.01683058965554499,0.05193611308245355,0.0006309423793943673,0.02235901941088204,0.9929348341518673,0.0024782145980972755,0.0009673357971017949,-9.921487017819883e-05
0.20629504562458753,-0.3081707959816513,-0.359620951226464,0.24435993183743338,0.060498776648775364,0.10299142024663217,0.013422286383136906,0.0020773554703571694,0.9936973824187272,0.0021185936468708115,0.0011736308427263825,-0.00040738566615985017
0.0028999253238189,-0.2916908483217229,-0.21206486997514334,0.24626729205093853,0.04905585244599373,0.09222967008851042,0.011543181696296104,0.01510686812705148,0.9875407941089047,0.001906528776895668,0.0011765307680502014,-0.0006990765144815731
0.0797302943520867,-0.08510370153122944,-0.28489605976527843,0.2540717991290161,0.06356631912374125,0.029701907124074507,0.009948491348086869,0.019058152362931298,0.9837728661885644,0.0016216327171303898,0.001256261062402288,-0.0007841802160128026
0.08228237606566441,-0.06422221170893083,-0.40174443037689095,0.2211838741515865,0.10257205546713866,0.11312464391959819,0.007074107777320659,0.01780905269246634,0.9903844040580073,0.001219888286753499,0.0013385434384679525,-0.0008484024277217334
-0.14524567580270636,-0.19704237645600697,-0.09663412202766067,0.20516977655201937,0.08298392916127915,0.10706227420760166,0.005419032976695937,0.01351223463810145,0.991580313434351,0.0011232541647258382,0.0011932977626652463,-0.0010454448041777402
-0.21248550992090603,-0.006667645683171332,-0.0889377853541441,0.18668274640085336,0.12509126051573852,0.0875353424142053,0.007006697195263785,0.009779956119490486,0.985349782713564,0.001034316379371694,0.0009808122527443402,-0.0010521124498609116
-0.1379988162619293,-0.027145254869957097,0.03684436099622289,0.08402819066270045,0.10718603791018284,0.12066871134165329,0.0038244376237014425,0.02091764060149264,0.9858566499601974,0.0010711607403679168,0.000842813436482411,-0.0010792577047308688
-0.27577294920435214,0.12251113358195415,-0.02942587790142653,0.145430931989699,0.0865320561600395,0.05808729926773565,0.007999714153364281,-0.00018135169678940542,0.9918534924781663,0.0010417348624664903,0.0005670404872780587,-0.0009567465711489145
-0.2872277937711858,0.12580361787404007,0.11740602635948222,0.07137213337731926,0.11824231275269269,0.024127171144423636,0.0028671040924362094,0.0147927137399994,0.9870707049602563,0.0011591408888259728,0.0002798126935068729,-0.0008309429532748745
-0.44701544859500997,0.10409010849574499,0.04856026537434174,0.025792039055504708,0.0710602452346247,0.02829314851053325,0.002187134620390923,0.013914697120512493,0.9814697255840203,0.0012077011542003145,-0.0001672027550881371,-0.0007268528447791295
-0.3671634871999541,0.2873219423135668,0.16779393875062829,0.035027797312040004,0.08186976618893935,-0.05106168174767527,0.0055217885714844836,0.022734774471766958,0.9937535495077694,0.0013754950929509427,-0.0005343662422880913,-0.00043953090246556277
-0.5165378459325238,0.22771322633520888,0.2665470663354815,0.009440644857571824,0.04172696404874482,-0.05462747474825449,0.0061673782779833545,0.012554967578562148,0.9906518608679407,0.0016420421592864241,-0.0010509040882206151,-0.00021181767613035385
-0.5833428246283525,0.32420459744420876,0.27550074738418345,0.016641759870701302,0.08900557193227336,-0.05037115259535018,-0.007166226932261814,0.020193366120260313,0.9823258196227939,0.0019175429066706077,-0.0016342469128489676,0.00011238692131385494
-0.6667327832446388,0.21170427493823354,0.3233188327759039,-0.15128669565791833,0.0592317932484514,-0.12011077500494267,0.007445689108073727,0.02282561873744625,0.9835513876313605,0.002240861739446511,-0.0023009796960936067,0.0003240911962520885
-0.706289182890124,0.2548015059097688,0.29284486062521964,-0.06704476175752692,0.027634788094955617,-0.0939999226222666,0.003324155160287868,0.014980839018090093,0.9901800671650661,0.002533706600071731,-0.003007268878983731,0.0005788927021618573
-0.48372229544940154,0.11285267428937654,0.39167049866353737,-0.10853506877984498,-0.00047306290869691785,-0.17333864890629233,0.002374405963183733,0.02172505142932827,0.979591349402036,0.0029253770987352685,-0.003490991174433132,0.0006917453764512338
-0.6090841288226622,0.14485324235170122,0.2516979797703494,-0.05401918033391772,0.02185980156222433,-0.0942655323085108,0.005227610952809371,0.015722034419133016,0.9904561109044524,0.0031770750785056184,-0.0041000753032557945,0.0008365986188029351
-0.4794618972074873,0.15047122108402614,0.2542195827867077,-0.15576537341831345,-0.039820223497184934,-0.17531151331003508,-6.598484868392202e-05,0.014258867597446023,0.9903420779407277,0.003431294661292326,-0.004579537200463282,0.0009870698398869611
-0.40197178643245585,0.014571626804149834,0.163911167150468,-0.1643350602275456,-0.03446243625438633,-0.163606385345984,0.002110825604508554,0.016734442669924812,0.99225692625318,0.0035952058284427937,-0.004981508986895738,0.001001641466691111
-0.3841657145922892,0.21482429543606724,-0.10528538781398483,-0.10241095550192664,-0.05167437584867718,-0.15006250181684722,-0.007178094880114536,0.023421824707191684,0.991418731990146,0.003489920440628809,-0.005365674701488027,0.0012164657621271785
-0.43048084429355393,0.032944352623638956,0.1102980969948715,-0.1302473945944149,-0.07289036305134813,-0.095789536072174,0.0034689573342573054,0.009645029449810757,0.9825599360142685,0.0036002185376236805,-0.00579615554578158,0.0012494101147508176
-0.4281411366989149,-0.05939918360819595,0.10155436488791618,-0.04169087913743377,-0.04413531509546041,-0.13826093615996218,-0.00700485750566892,0.022571847219678375,0.9930156988301816,0.0037017729025115966,-0.0062242966824804956,0.0011900109311426216
-0.21231039169381863,-0.1326754224595324,-0.05497763071956357,-0.11964393919244258,-0.05927774529847615,-0.07869013671497911,0.0026775098216940863,0.01837397363560101,0.9830788155059473,0.003646795271792033,-0.006436607074174314,0.001057335508683089
-0.13372733366759165,-0.16070879275407482,-0.0826023610061167,-0.0008577409686177841,-0.027479713352535844,-0.058268186155161945,0.012037856421552771,0.015234112330003496,0.975722431820765,0.0035641929107859158,-0.006570334407841905,0.0008966267159290144
-0.0052075756579471055,-0.20293031198784928,0.033345602410917524,0.016465493230451322,-0.06022771037373477,-0.015336871641294351,0.00014886729369424688,0.011050193108529392,0.9860581903226139,0.003597538513196833,-0.006575541983499853,0.0006936964039411651
-0.12062279619850567,-0.1881154217492765,-0.20715603786556386,0.07176216912732716,-0.07795874683821491,0.015435982455645264,0.00018708281242547486,0.01297280550414361,0.9833548439036692,0.003390382475331269,-0.006696164779698358,0.0005055809821918885
0.11179244225775248,-0.3096904105649158,-0.0886986740017262,0.08161378540165548,-0.0649660768340289,0.03683889696688769,-0.0005192773474392677,0.01609660287946104,0.9860790214615417,0.003301683801329543,-0.006584372337440606,0.00019589057162697272
0.25412213670250683,-0.3922515252346943,-0.035920704713621604,0.096667925296899,-0.058087406505885314,0.08808738813615706,-0.0021436717810860264,0.022091444613447888,0.9866796626166817,0.0032657630966159215,-0.006330250200738099,-0.0001963609536077216
0.19534027679335628,-0.4231195981889033,-0.08152322073922937,0.08571247453826181,-0.05723743378608499,0.06127200174751186,-0.009304088920067309,0.020814970327548858,0.9835447726781841,0.003184239875876692,-0.006134909923944743,-0.0006194805517966248
0.41135181856209735,-0.37750791647734644,-0.15521528954467498,0.15384483816344272,-0.0015888559981289303,0.12090917452042238,-0.012041414884801373,0.020473055777164982,0.9815127710206469,0.003029024586332017,-0.0057235581053826454,-0.0009969884682739713
0.37193068876452917,-0.4712588494279962,-0.06964964919560858,0.13387346439388623,-0.0632392034492754,0.13969315766088253,0.0033374695618071104,0.018857727053640926,0.9852080196925542,0.0029593749371364087,-0.005351627416618117,-0.0014682473177019676
0.4203728954861548,-0.4710238078678703,-0.14281720570280865,0.21143269075993934,0.020917649708117686,0.1974885145563759,-0.0024249953809482544,0.017739834908856594,0.9875650487845928,0.0028165577314336002,-0.004931254521131962,-0.001939271125569838
0.35308854953054153,-0.39293751193712756,-0.1183154391224925,0.14525922844914765,-0.04779493799155221,0.13207374501182315,0.011497905199099769,0.004751150603275994,0.983308892702924,0.0026982422923111076,-0.00457816597160142,-0.0023322086375069657
0.5555395599206882,-0.2872625036618084,-0.0771028623829956,0.17661861772748194,0.03182676355435768,0.18374569401527582,-0.0010232669826158074,0.02100304307571912,0.9925975548640997,0.002621139429928112,-0.004022626411680732,-0.002619471141168774
0.5344166700407699,-0.3515938493385066,0.013036613421465525,0.12211326677908295,-0.02274500248653842,0.13855476776120162,0.003192050340904946,0.01696723536816749,0.9885620933573631,0.0026341760433495776,-0.0034882097416399625,-0.0029710649905072806
0.6299508778248742,-0.193283571989459,0.0746608143812771,0.14364642987509732,0.036330419797128866,0.14207264854750146,0.002208268550905161,0.01793445544095901,0.9916051183609224,0.0027088368577308547,-0.0028582588638150883,-0.0031643485624967397
0.6162093641551898,-0.24563042887350994,0.18886520262062728,0.08943651473815661,0.042893400482741886,0.13258246281179303,0.0026320298135569338,0.017331028091608084,0.9924485419911951,0.002897702060351482,-0.002242049499659898,-0.0034099789913702495
0.5679929064999317,-0.2083613838094519,0.08883431863701817,0.04437103065304826,0.030085035730328762,0.09694394505640264,-0.0029556539527700407,0.027918744243140784,0.9838312934096539,0.0029865363789885,-0.0016740565931599662,-0.003618340375179701
0.5914142210743522,0.10458386582125627,0.1853516200406189,0.00517181251374078,0.06472210410814659,0.09247222049119262,0.004303405668305472,0.02471418630936193,0.9757603505420169,0.003171887999029119,-0.0010826423720856143,-0.003513756509358445
0.3882416656694806,0.0024447267616203514,0.08454162402934995,-0.014915374033509562,0.03807262877966969,0.03525739775620353,-0.003230745066315367,0.02680193202512827,0.9933629888853367,0.0032564296230584685,-0.0006944007064161337,-0.0035113117825968246
0.4596980069992875,0.21663212475408,0.2646183100665602,-0.04527848524909331,0.07821046384561796,0.06224634308041381,0.0015871929644563658,0.014517204413594506,0.9962661587816702,0.0035210479331250297,-0.00023470269941684615,-0.0032946796578427447
0.31366367730554584,0.2583447802026831,0.2414157283421569,-0.08912598251491288,0.04343168332015519,0.00911238328164851,0.0013618737630905573,0.028726547562075832,0.9895309682275656,0.003762463661467186,7.896097788869972e-05,-0.0030363348776400612
0.44377894695302433,0.3977425375818381,0.21030310054755616,-0.10439101343249263,0.04281069437618196,-0.05116124865551772,0.004077946285508616,0.02573717523643167,0.9853263763388279,0.003972766762014742,0.0005227399248417241,-0.0026385923400582233
0.28495268940980406,0.23784492179099592,0.16321183994816366,-0.16656782090464217,0.059677287898045245,-0.017944279129292237,-0.0021846546667433062,0.015659639986798337,0.9809662061005882,0.004135978601962906,0.0008076926142515283,-0.0024007474182672272
0.25670426857286827,0.298683577973923,-0.0007236423160640326,-0.22427150026957285,0.03374701377841181,-0.03670398199977697,0.0009974311635775192,0.023576295305409983,0.9908293565942556,0.004135254959646842,0.0010643968828243963,-0.0021020638402933045
0.30238159094478045,0.3894880606361404,0.029293183595359415,-0.18370846718772518,-0.017625567298167846,-0.07043970219641271,-0.007998502371943314,0.015331430283441461,0.9791305336521968,0.004164548143242202,0.0013667784737691768,-0.0017125757796571637
0.13060920863234038,0.27678711574943804,0.025826072412383706,-0.19376374455958412,-0.04192324025539907,-0.12620664717697155,-0.004670549439085368,0.015459972610338773,0.9842028838938585,0.0041903742156545855,0.0014973876824015174,-0.0014357886639077258
0.08666403373315926,0.40287978886470377,0.0942345259436276,-0.1466001769693002,0.017786142881846323,-0.11687247989967149,-0.0013636156357334393,0.02126244743540281,0.9785392573112219,0.004284608741598213,0.0015840517161346765,-0.0010329088750430221
-0.12422633285251605,0.5038645033531739,-0.10106098800728602,-0.21538141427495655,0.03553690120119254,-0.05508914498161594,-0.013174153312363778,0.016268942879051965,0.9869420432900551,0.004183547753590927,0.0014598253832821607,-0.0005290443716898481
-0.061629537474979755,0.4650188551842194,-0.2345185046524182,-0.1297353559100065,0.008853408684452578,-0.0735948782269347,-0.005557806990306599,0.02056091679864373,0.9973904268355843,0.003949029248938508,0.0013981958458071809,-6.402551650562866e-05
-0.2014598223361106,0.3484315006363638,-0.23554935089603365,-0.22165138339590282,-0.053867408215945,-0.13360320448220542,-0.004455457904816351,0.02318911557709092,0.9812056057645504,0.0037134798980424746,0.0011967360234710702,0.00028440598413073513
-0.3919293528399356,0.24903136901390227,-0.277459002785672,-0.10834444400239819,-0.06130806658232998,-0.04303355737781241,-0.0019879797981473724,0.024060955099859553,0.9906068389514152,0.003436020895256803,0.0008048066706311346,0.0005334373531446374
-0.31608475597453545,0.15317870477868462,-0.29290072868325284,-0.17348450107409286,-0.0715559258299079,-0.04503743715995952,0.006289838867135111,0.02773317141841236,0.9879833324913068,0.00314312016657355,0.0004887219146565992,0.0006866160579233221
-0.2488804770954857,0.19230702443416908,-0.41955167017843314,-0.0602995941793016,-0.06308012568041203,0.027197408681296734,-0.009487656131842385,0.020802366188161666,0.9818306181370511,0.002723568496395117,0.00023984143756111353,0.0008789230823574913
-0.45112874159016725,0.19705180449028237,-0.3407655211372369,-0.06704402325291628,-0.029303351863519404,-0.01908992395710523,0.0011687691152977085,0.02656317107353197,0.988232114053816,0.0023828029752578795,-0.00021128730402905375,0.0010759748868477733
-0.30145607420962073,0.09118122206706221,-0.2779178501823567,-0.0811671928066641,-0.08587307848105354,-0.0015863168661835285,0.008771331097793784,0.016813530639877203,0.9877844455079701,0.0021048851250755228,-0.0005127433782386745,0.0011671561089148358
-0.3101827489809089,0.048136137012807785,-0.29530475087140357,-0.022180327603942854,-0.13027401788704182,0.0745323469236724,-0.0017967799673893163,0.024933607684600595,0.9861363833934406,0.0018095803742041194,-0.0008229261272195834,0.0012152922459276435
-0.25964791481857397,0.03111357096582043,-0.28800433052158064,0.05260730421285317,-0.08384247591614682,0.0932900897168061,0.005574548776081458,0.027349575452173775,0.9862735896253858,0.0015215760436825387,-0.0010825740420381575,0.0012464058168934638
-0.26130677564051075,-0.13146578085713148,-0.1382868298337464,0.10509392370567361,-0.06374554808600906,0.10625510865887985,-0.004214785460792833,0.024529316853030333,0.9786629621908055,0.0013832892138487922,-0.0013438808176786683,0.0011149400360363321
-0.3366703571034839,-0.18717722993580357,-0.09864686393949577,0.11997040010165685,-0.11985026550613892,0.0772898670800013,-0.006226535974047423,0.02064398093866955,0.9844323239865124,0.0012846423499092963,-0.001680551174782152,0.0009277628061005287
-0.29775636819219914,-0.1820934970609509,-0.04372498281566853,0.14772427061940077,-0.07340722836732783,0.13217808365635508,-0.002584086510438406,0.019923196352122717,0.9831357178658322,0.0012409173670936279,-0.001978307542974351,0.0007456693090395778
-0.26667088693151697,-0.16766533346571005,0.0031724759129897724,0.11280717848369794,-0.1628225684583373,0.11383442952980301,-0.0022870396279354574,0.017532681180683046,0.9815117354057511,0.0012440898430066177,-0.002244978429905868,0.0005780039755738678
-0.13807719296995538,-0.3759200028811708,0.06926540178828593,0.21347323150935518,-0.06567133928071098,0.07313372268953088,-0.005032294145682177,0.020696567534252686,0.9731396589862026,0.0013133552447949035,-0.0023830556228758236,0.00020208397269269696
-0.14290300940830714,-0.27759999904704996,0.1868263659020866,0.2494463803370931,-0.13149504275009105,0.11186483253630142,-0.0019927967780360716,0.023764006199546932,0.9797583534861535,0.0015001816106969901,-0.002525958632284131,-7.551602635435301e-05
-0.08787064337405631,-0.2534135090989351,0.2848592391437624,0.23621424036011446,-0.07963570498815074,0.06819058289556161,-0.005772608792321163,0.02243328491016481,0.9820226236274285,0.0017850408498407526,-0.002613829275658187,-0.00032892953545328815
0.021576374233282618,-0.33666428363696677,0.19494199538905127,0.26931380935562876,-0.05357597302328064,0.015756534939282446,-0.006371260270142766,0.020822114856465315,0.9824553025944446,0.001979982845229804,-0.0025922529014249045,-0.0006655938190902548
-0.11612395232879132,-0.12876512493155023,0.31805959671364387,0.2797448558395643,0.0011642873892700077,0.04888609914270897,-0.006214298896734613,0.03086537303028227,0.9796670117109261,0.0022980424419434473,-0.002708376853753696,-0.0007943589440218051
0.10591731374287565,-0.19874876630944235,0.36076424572904076,0.1708816883471548,-0.03817122993264484,0.03803476872314684,-0.007072389881244835,0.024702907087636197,0.9810069638551904,0.002658806687672488,-0.0026024595400108205,-0.0009931077103312476
0.18549829086111622,-0.22005836467319223,0.3581823333959979,0.20199993371744518,-0.019140889797313834,0.005924003748640999,-0.006701682540830421,0.018996228213127627,0.9810521912005368,0.0030169890210684867,-0.0024169612491497044,-0.0012131660750044398
0.08853848018930353,-0.05630136978636373,0.2758580628741,0.14554384424567465,0.00879586370835474,-0.04417788287708362,0.0020736920054117763,0.02263466332687762,0.9945560155627302,0.0032928470839425866,-0.0023284227689604003,-0.0012694674447908036
0.30591799975032097,-0.035821510296206095,0.14490160798276766,0.16216704697972534,-0.0323609097250896,-0.0520498136184185,-0.002516338368752842,0.03834914841069996,0.9811464074992239,0.0034377486919253543,-0.0020225047692100794,-0.0013052889550870094
0.25143778651576554,-0.03570464408157223,0.17368202546291567,0.13756436506297262,0.06762398904369946,-0.1330551629859011,-0.009654085053881292,0.027091959367798134,0.9846301692095253,0.00361143071738827,-0.001771066982694314,-0.001340993599168582
0.2583613628221706,0.11961892355912751,0.1413924513562238,0.10988174447010925,0.07574873453659642,-0.10738734275550917,-0.0028120168759009833,0.030512526793962023,0.9835373327408915,0.003752823168744493,-0.0015127056198721432,-0.0012213746756094541
0.3746213638326117,0.021343865630272033,0.2637888571377214,0.07090703029021218,0.06436760130761222,-0.08482112848174049,-0.0036871124779717414,0.026619932194113054,0.9828916242464247,0.004016612025882215,-0.0011380842560395315,-0.0012000308099791822
0.3171483273436922,0.16010805918929194,0.12947083838552417,0.021235468523294332,0.08976494413767169,-0.11528057786518557,-0.009338864473372059,0.03307785981710973,0.9911388070158386,0.004146082864267739,-0.0008209359286958395,-0.00103992275078989
0.46502365184869887,0.21017092909192436,0.0634373315583884,0.032525628797422136,0.08781553532118588,-0.12559359873844594,-0.007198158754568536,0.02536483182990498,0.9914324292796286,0.0042095201958261275,-0.00035591227684714043,-0.0008297518216979657
0.5001057787774138,0.22878835414874885,-0.08036463722128928,-0.06167070560264483,0.11438490682910733,-0.12912902168429385,-0.004981431864222008,0.02520262178174676,0.9838324201981092,0.0041291555586048375,0.00014419350193027337,-0.0006009634675492168
0.46849853177368606,0.34958389718260086,-0.0785422384937369,-0.08629899045534618,0.08587092625108378,-0.15756884226546242,-0.0057847163456824875,0.028934323025167498,0.9843840463059488,0.004050613320111101,0.0006126920337039595,-0.000251379570366616
0.21493332792329048,0.3677725800826774,-0.08277172694954864,-0.11486934852046847,0.09930588864634679,-0.13227190314299375,-0.0031057794303450273,0.022792786405051273,0.9829833536584963,0.003967841593161552,0.00082762536162725,0.00011639300971606143
0.30729342678606175,0.38709518317032604,-0.1583471672502634,-0.1118893714085738,0.10123526727364245,-0.15544564492910132,-0.0002555624326767911,0.03225221528907112,0.9852921375731677,0.0038094944259112885,0.0011349187884133116,0.0005034881928863875
0.2860418825990989,0.17211152745310324,-0.14260726274462024,-0.13430335458828624,0.10621256241802161,-0.14331862841048715,-0.012932486362695861,0.023669205381030282,0.9817891419864619,0.0036668871631666683,0.0014209606710124105,0.0006755997203394907
0.05117277855787661,0.1473285553157514,-0.16045564747611332,-0.06029414636999164,0.024491950756519575,-0.06019727944763662,-0.0075725829540900375,0.029957071015318856,0.9821799663207046,0.0035064315156905553,0.0014721334495702873,0.0008229282756552421
-0.061823419495353804,0.09273851370152501,-0.25089761972096014,-0.047976979814280014,0.05645130011010764,-0.03178627883015295,-6.60037398447855e-05,0.029609208171667883,0.9831313815061011,0.003255533895969595,0.0014103100300749336,0.000915666789356767
0.04539405355515916,0.11222486373668436,-0.2246760101727496,-0.10150427773888718,0.08222073426977579,-0.048939530776243134,-0.007717428180794579,0.02151714694331088,0.9850517172228866,0.0030308578857968452,0.0014557040836300926,0.0010278916530934515
-0.13022958322261274,-0.024680091218614447,-0.09165582843410046,-0.14681040656588687,0.04803981362116483,0.01788603504511723,-0.004122791501697232,0.029250227312802166,0.9825047799554101,0.0029392020573627453,0.0013254745004074799,0.001003211561874837
0.01853321306736913,-0.0032126706220189,-0.11200020663217186,-0.06331614246535226,0.03847628699348522,-0.004592725270502201,-0.005147653265479795,0.028920220635624407,0.9897830943135794,0.0028272018507305733,0.001344007713474849,0.000999998891252818
-0.1819921049911953,-0.19495914966446093,-0.13570128534280632,-0.03268558834312366,0.018380018607641362,0.04257062584072834,-0.007036520834511388,0.024017115364611142,0.9855445104142272,0.0026915005653877673,0.0011620156084836536,0.0008050397415883571
-0.25572795093629624,-0.24600243628432225,0.038483775635819256,-0.008766678527437103,0.02242833993498455,0.12687600814917943,-0.0025428375479283746,0.019908331499521918,0.9822089797298418,0.0027299843410235865,0.0009062876575473577,0.0005590373053040348
-0.2960441956280131,-0.23362713743520674,0.09814686417683571,-0.03893455418754549,-0.030395025395474874,0.13905779717603078,-0.012335370129509053,0.034330349156417916,0.9983493095505104,0.002828131205200422,0.0006102434619193445,0.00032541016786882815
-0.409011818401561,-0.2719636911635247,-0.037003999931479924,0.05418602952597766,0.006717753871238855,0.04914855364115615,-0.009050867665900339,0.03993567184526425,0.9890466502675397,0.0027911272052689425,0.00020123164351778345,5.3446476705303395e-05
-0.49324704690751403,-0.45445497628054676,0.11869384247958946,0.08974950237957552,-0.048592544885709396,0.12651467644649114,-0.006608299185901429,0.02402289869399702,0.9846909326586946,0.002909821047748532,-0.0002920154033897306,-0.0004010084995752434
-0.5275753826400176,-0.352661161561588,0.15024387728065391,0.09329575233703241,-0.03804403134722503,0.19150455450569878,0.003257331579946737,0.03222357910432927,0.9851819104310114,0.003060064925029186,-0.0008195907860297482,-0.0007536696611368315
-0.5462352440616594,-0.28547409879137786,0.2061196634815381,0.16797666889593302,-0.08540207625642551,0.17962528053186527,-0.008821620973442728,0.03053905826265677,0.9858951997399682,0.003266184588510724,-0.0013658260300914076,-0.0010391437599282095
-0.5424071855715161,-0.25213175451962,0.32840849662968863,0.06676735995025358,-0.06983038586606666,0.15523587225912455,-0.007586737524701754,0.029814604632280924,0.9886891192045694,0.003594593085140412,-0.0019082332156629236,-0.0012912755144478295
-0.5658730219879815,-0.43357949620377384,0.13775352011686368,0.15006910545912022,-0.02461485280698568,0.190994720600821,-0.007033111336101459,0.025941937872814277,0.9902531488411334,0.003732346605257276,-0.0024741062376509053,-0.0017248550106516035
-0.46416933652727743,-0.4644731946233013,0.103895223031416,0.12904969401546665,-0.05741690553751359,0.0913163918115467,-0.001983841797304863,0.025138536445565372,0.9802555069055133,0.0038362418282886918,-0.0029382755741781826,-0.0021893282052749046
-0.5256054998141259,-0.39261467860429977,0.2309025679116238,0.14746715123160697,-0.07043657788312846,0.11657093130588016,-0.0008963671226247683,0.028838059486445765,0.9725678200105377,0.0040671443962003164,-0.003463881073992308,-0.0025819428838792045
-0.5979645919559877,-0.31355339615384287,0.17974536835983232,0.16325933392726782,-0.009583212203646854,0.1387468629237726,-0.009670643642842307,0.021621766955196138,0.9784803412035834,0.004246889764560148,-0.004061845665948296,-0.002895496280033047
-0.514179239981676,-0.28195220086274797,-0.05801533959503241,0.12028915070505058,-0.07223935505324434,0.05654948750153467,-0.008693764630204775,0.025229667242468282,0.9802244470081245,0.0041888744249651165,-0.004576024905929971,-0.0031774484808957957
-0.5622150248143724,-0.15747229800620177,0.0880222298755094,0.131966238098872,-0.04595054033834056,0.023315431764554972,-0.002805557006327817,0.026333516163014076,0.9833177840650275,0.004276896654840625,-0.005138239930744344,-0.0033349207789019975
-0.5125991712755973,-0.24167427382690299,-0.1507705967440843,0.10520703536437478,-0.02114660236677655,-0.011461952931147686,-0.0063437181967480275,0.031889045555067566,0.9838959249907374,0.004126126058096541,-0.005650839102019941,-0.0035765950527289004
-0.25481521078296865,-0.1653599132227722,-0.04422392635263095,0.06860507882101982,-0.06750061074851696,0.009537890486917524,-0.005415546234351408,0.021409308660361823,0.9839144107582792,0.004081902131743911,-0.005905654312802909,-0.0037419549659516724
-0.3865820181364112,-0.06304484747472948,0.009395042821996907,0.03845509175306555,-0.054952509372555865,-0.019605288538730593,-0.013384145222073183,0.03072268736422224,0.9893909435500347,0.0040912971745659076,-0.006292236330939321,-0.003804999813426402
-0.2223307053656595,-0.1226896371811113,-0.2114213292245811,0.035321738108345324,-0.008043677666092403,-0.02549325824044093,-0.0022351624101348954,0.026534507002395492,0.9787561039716869,0.003879875845341327,-0.0065145670363049805,-0.003927689450607514
-0.12390962395407339,0.055291996380653345,-0.2661821650955176,-0.03204004554604163,0.006211447529076784,-0.08125528054434626,2.110703233585559e-05,0.03835181172464117,0.9884396194708021,0.0036136936802458088,-0.006638476660259053,-0.0038723974542268593
-0.10221596928533735,0.13949619092820792,-0.20519221982243613,-0.1056148500372069,0.03379997675987482,-0.07736755618314566,-0.011316165944938845,0.03643018607336029,0.9818290994744513,0.0034085014604233726,-0.006740692629544392,-0.0037329012632986523
-0.002031279345340753,0.21147143374082766,-0.21510498432007877,-0.09954813767238209,0.007893981588238865,-0.08166968904830142,-0.010762679996625854,0.03612197994050039,0.9856267810284882,0.0031933964761032933,-0.006742723908889731,-0.0035214298295578243
0.12935728274424904,0.3235059018659163,-0.29266339047402223,-0.12397258568808747,-0.00714952830540431,-0.11850609781676992,-0.012191530232531568,0.027014880751830565,0.9863923571718406,0.002900733085629272,-0.0066133666261454825,-0.0031979239276919078
0.20193634396171598,0.426546211339613,-0.2400720123018613,-0.13179784044731205,0.007398904844273995,-0.10174809007777766,-0.01574006697352888,0.03211499700035283,0.9805742521129702,0.00266066107332741,-0.006411430282183767,-0.002771377716352295
0.3094174313314683,0.5230747854690578,-0.32596143601701083,-0.1507598284123957,0.056860741986750354,-0.04957378280092054,-0.01135266955694151,0.02880814449430412,0.9834247753710087,0.0023346996373103993,-0.006102012850852299,-0.002248302930883237
0.2854203443629112,0.3609837598214275,-0.2145736701623463,-0.18628354989991186,0.09813815559889541,-0.08758045129199694,-0.010648085201259712,0.02930529697620881,0.9778636186142398,0.002120125967148053,-0.0058165925064893875,-0.0018873191710618094
0.3821822867842408,0.45150130796924876,-0.2244254265193111,-0.19154831861088348,0.0659650362679436,-0.025050878630080972,-0.002919388630803539,0.02830443739571053,0.9759003303465665,0.001895700540628742,-0.005434410219705147,-0.0014358178630925608
0.49597794183442423,0.4200779725347987,-0.2520486194142554,-0.15646524657266328,0.07071030572963523,-0.03703376016701694,-0.016446880476769416,0.0361047098771007,0.9794073880062568,0.001643651921214487,-0.0049384322778707225,-0.001015739890557762
0.3319591768611264,0.4267966781923874,-0.06400860379976993,-0.20094616292366163,0.048387132441961016,-0.019012750585419888,-0.012777421972907288,0.02451669587774693,0.9749468426251319,0.0015796433174147168,-0.0046064731010095955,-0.0005889432123653746
0.6310999309171884,0.3740891084984038,-0.06853502621772073,-0.17601578344816232,0.025215198835895902,0.012105042319702698,-0.006998440618010892,0.026308217056213494,0.9794091645841136,0.001511108291196996,-0.003975373170092407,-0.0002148541038669707
0.7278904509960384,0.3206355768156869,0.022564592917159516,-0.1559245345508365,0.04463521076859572,0.05800130816471407,-0.01245036712391498,0.029261550657022746,0.9852388642257529,0.0015336728841141558,-0.0032474827190963687,0.00010578147294871621
0.6746655552772342,0.2800938183081508,0.10335978726525602,-0.17326325566683687,0.040263393362179815,0.07005561770309025,-0.01185105161027782,0.03244661440855765,0.9777092853511217,0.0016370326713794116,-0.002572817163819135,0.00038587529125686703
0.5397621251752096,0.20055957035712366,0.15461566450288716,-0.13645830224472277,0.01386596496061724,0.05712848059250098,-0.010397473713813069,0.039851856334327154,0.9827564452968559,0.001791648335882299,-0.0020330550386439255,0.0005864348616139906
0.5470622749615525,0.20980209590243426,0.2471820054183965,-0.04991890295377701,0.029471606528049362,0.06359741850389623,-0.011276388886454831,0.03386490953518774,0.979731080564246,0.0020388303413006953,-0.001485992763682373,0.0007962369575164248
0.5041052462248566,0.14539566138403592,0.3009546791505468,-0.0218391413040297,0.03846344290968491,0.06612525401229384,-0.009474228699965998,0.036459357762158494,0.9815727086668565,0.002339785020451242,-0.0009818875174575164,0.0009416326189004608
0.47357666972445744,-0.07032695862495354,0.26144089086397226,0.02281110015525635,-0.0021945398460674987,0.12089410192981224,-0.006700615617006846,0.030680661164965033,0.9885818096768344,0.0026012259113152147,-0.0005083108477330588,0.0008713056602755072
0.45153891574877675,-0.09384671309621524,0.37264832362959077,0.016036199760382144,0.01560641155817907,0.10143082505834998,-0.006452841916121438,0.04077754321102333,0.9904816304468501,0.0029738742349448054,-5.677193198428205e-05,0.000777458947179292
0.3787144987153091,-0.08079829870714894,0.36397972547892987,0.03640685002117899,-0.05587495906560445,0.09637839969577097,-0.011025956076014245,0.026909853879061522,0.9743547673916755,0.0033378539604237353,0.0003219425667310271,0.0006966606484721432
0.2521161701269872,-0.19517844700542003,0.2953614906923342,0.15209725353679104,-0.0691841073193218,0.06232658903644157,-0.0066921720162203165,0.029248354284517098,0.9825371666743958,0.00363321545111607,0.0005740587368580143,0.0005014822014667231
0.24244797068773705,-0.236622835753848,0.2586695374762365,0.10667035420337521,-0.011937496438868343,0.10944039978043098,-0.017211001279962113,0.03441989005746785,0.9716920116156053,0.0038918849885923065,0.0008165067075457514,0.00026485936571287507
0.27522607675493127,-0.14761948892365517,0.3092773951086526,0.18220757956769634,-0.036547727544967594,0.052201211604404225,-0.014460380155277765,0.02909953938258815,0.9859785267718489,0.004201162383700959,0.0010917327843006825,0.00011723987678921988
0.26650324194630837,-0.23304188523459804,0.1630265455209917,0.20104930088593453,-0.03420167317815863,0.01014543128700274,-0.006661300644367928,0.03835567134951114,0.9812196303009901,0.00436418892922195,0.0013582360262469912,-0.00011580200844537817
-0.016615877130070844,-0.21340224429868554,0.12792597017883642,0.25669670075839535,-0.15082223699646635,0.007272164662265429,-0.007979107662988318,0.02925561103417345,0.9815721901042818,0.004492114899400786,0.0013416201491169202,-0.0003292042527440638
0.009760127511312305,-0.33088470105590145,0.1664254334187316,0.24550972482192396,-0.10231693873791341,-0.0239006411893897,-0.014056342769560052,0.0324088536367099,0.9657447815485141,0.004658540332819517,0.0013513802766282326,-0.0006600889537999653
-0.12360904213146337,-0.16220479647719796,0.08035134126653576,0.22393332447337855,-0.09169606928737738,-0.06358931557920984,-0.015889044636242144,0.03166925051635606,0.9791378182189977,0.004738891674086054,0.0012277712344967693,-0.0008222937502771633
-0.2020333517053084,-0.29175787213230225,-0.06721044561002285,0.2626391757960408,-0.13263623651537415,-0.09309758964074855,-0.004276341283923505,0.03777428688258492,0.9889544905284561,0.00467168122847603,0.001025737882791461,-0.0011140516224094653
-0.21316900944408665,-0.339590823329873,-0.030011532520798148,0.24223894692175466,-0.15246588817973092,-0.0879842308941517,0.0003159103879414541,0.03556663934300042,0.9824527409181956,0.004641669695955233,0.0008125688733473743,-0.0014536424457393384
-0.2317317021398328,-0.1586427425267119,-0.054713464504944076,0.23065759277905126,-0.05162298233732912,-0.14305470501169912,-0.007947125947684232,0.025147852759131263,0.9805176033567964,0.004586956231450288,0.0005808371712075416,-0.0016122851882660505
-0.1808663559675865,-0.12091400829355137,-0.01637247443904985,0.20981965090531043,-0.1242085322317402,-0.12170001793125702,-0.002542483040474299,0.03612025835939659,0.9863799928132898,0.004570583757011239,0.0003999708152399551,-0.0017331991965596019
-0.4175467230982002,-0.13252219884619545,-0.11870726087477446,0.1631741306742018,-0.09276075302032735,-0.11440233823201525,-0.02059290453336589,0.03170112079319043,0.9823642311665232,0.004451876496136464,-1.7575907858245144e-05,-0.0018657213954057972
-0.3439880825616278,0.006978372075788074,-0.16865952403651702,0.11430822473782708,-0.124387931420116,-0.14933733829093304,-0.011661488160863551,0.033158903584857416,0.9730526386443029,0.004283216972099947,-0.0003615639904198729,-0.001858743023330009
-0.43208117687958036,0.014031493891116423,-0.23549851305333797,0.10016541906505935,-0.08816495578606495,-0.1680391013202952,-0.019542262181435413,0.0346364526608738,0.9753765720709276,0.0040477184590466085,-0.0007936451672994534,-0.0018447115294388926
-0.32066577988430567,0.17895024437934937,-0.09713129650053269,0.0992157192515616,-0.13023769782412634,-0.11249733999965847,-0.0071361869529177075,0.033602632947415015,0.9916847764621451,0.003950587162546076,-0.0011143109471837592,-0.0016657612850595434
-0.29763327505023685,0.11239379528915264,-0.29630504636731037,0.12694325426810021,0.009719757926320977,-0.12071280172685615,-0.007929015381905767,0.0307670195707268,0.9831503823739596,0.003654282116178766,-0.001411944222233996,-0.0015533674897703909
-0.3118476999834362,0.186498666229046,-0.0491761876899281,-0.0021464965307064314,0.004183111756129216,-0.1328193204214993,-0.008819653288762745,0.03336752484146732,0.9784548593391529,0.0036051059284888374,-0.0017237919222174323,-0.0013668688235413447
-0.30486765913280733,0.11378247294619974,-0.07220668675224115,-0.09992802270220687,0.03650460153096337,0.0001595816889637166,-0.018085301647647586,0.029319079481238294,0.9758365288531813,0.003532899241736596,-0.002028659581350239,-0.001253086350595145
-0.23093882074149863,0.31325104314255026,0.011396946484679676,-0.09449569254197471,0.03943765374654667,-0.07086702422644618,-0.010221762431188771,0.028957318750211156,0.9816314308822357,0.003544296188221276,-0.002259598402091738,-0.0009398353074525946
-0.20183627520975667,0.3158516724001926,-0.0377128455148526,-0.07753382338368046,0.05943069737900227,-0.043507867477925906,-0.012951785485822234,0.03545182969355089,0.978121539842561,0.003506583342706423,-0.0024614346773014946,-0.000623983635052402
-0.18543158721088956,0.24559501710022325,0.08430627541374239,-0.08086232672223305,0.050318786320194694,-0.04215944215497539,-0.018328385338778775,0.03090660190339258,0.9896266614391113,0.0035908896181201656,-0.002646866264512384,-0.0003783886179521787
-0.19586723092457456,0.18159667235228757,0.028757204420271743,-0.08949720922140456,0.01595419161216615,0.07020016943832802,-0.015670640246131993,0.042692917292417185,0.9791620670525261,0.0036196468225404375,-0.002842733495436959,-0.00019679194559989112
-0.1002219548329642,0.16803675370299337,0.04821158913848203,-0.12324979705550129,0.14809671737547608,0.011102701295968622,-0.015843519698899668,0.025368586865508514,0.9885402111650355,0.0036678584116789192,-0.0029429554502699226,-2.8755191896897764e-05
-0.010899026337204881,0.17976459277730628,0.14665384294003755,0.003058284680560996,0.06484567170708182,0.07843868204169221,-0.01813967730488261,0.028368981148123584,0.9793378959511737,0.003814512254618957,-0.0029538544766071276,0.00015100940088040853
0.08855794790289312,0.096919211522565,0.243100223748096,-0.10976776622522813,0.04012369820387059,0.13806981369282392,-0.02162005063118659,0.031094450403171943,0.9769660938885216,0.004057612478367052,-0.0028652965287042347,0.0002479286124029735
0.20237386199139487,0.08855716193400984,0.20969916031689737,-0.1181288725302867,0.12987138977472776,0.14994082843045564,-0.0051025072172897045,0.04061545689499817,0.9716089403730944,0.00426731163868395,-0.0026629226667128397,0.00033648577433698334
0.17263242345246194,0.04814290048129839,0.2851628652260649,-0.10597279315642177,0.15081565580208944,0.1854623821349195,-0.010612840063097527,0.031447160907680426,0.9873936579448775,0.004552474503910014,-0.002490290243260378,0.00038462867481828174
0.33900312476144856,0.018491790923446494,0.1274264225402525,-0.03153431959083184,0.08936901150684042,0.15153358971209385,-0.007913591891236135,0.03712907153200635,0.9788372307069085,0.004679900926450267,-0.002151287118498929,0.00040312046574172825
0.2137974495308588,-0.1546621224211423,0.21815913595996375,-0.041008773731583424,0.0936757328635149,0.1876164634181649,-0.010175010571101454,0.040388544824830334,0.9833788614494327,0.004898060062410232,-0.00193748966896807,0.0002484583433205859
0.4040407636026508,-0.24042495271413433,0.08259787963069748,0.016532442309074177,0.1281138869210363,0.15373476269688935,-0.011733157001651886,0.03485498882418557,0.9824168267150949,0.004980657942040929,-0.0015334489053654193,8.033390606451585e-06
0.30344447162978583,-0.2484257942066445,0.03089219409954621,0.02003337341805223,0.06495663870657861,0.12009915126767595,-0.02253259486541396,0.036583862206203584,0.9781375094606777,0.005011550136140475,-0.0012300044337356334,-0.00024039240360019295
0.33269600623987794,-0.2945288414896509,0.0705628148243714,0.03662333878798748,0.034465608371122364,0.13387883916776955,-0.01652884482895565,0.044511283802181424,0.9880814882412783,0.0050821129509648465,-0.0008973084274957555,-0.0005349212450898439
0.309553976098765,-0.4557003362806148,-0.07205524160046768,0.012275218518871681,0.09108288786617558,0.12437642430119544,-0.014530983118484008,0.038866856313052006,0.9778738342251616,0.005010057709364379,-0.0005877544513969903,-0.0009906215813704586
0.35666696647639495,-0.46157386693693153,-0.1671941948209918,0.09543472284078167,0.04779748685598476,0.09924200149556225,-0.025925915807557376,0.035070791360163694,0.9688779831416122,0.004842863514543387,-0.0002310874849205954,-0.0014521954483073902
0.28650279335247564,-0.3893042670648504,-0.15157736652516954,0.118764705178032,0.07587783629579288,0.11447889534403045,-0.006127225653166445,0.04398565105329682,0.97454396555485,0.004691286148018218,5.541530843188025e-05,-0.0018414997153722405
0.20245400608519265,-0.520911785320205,-0.30478891274280717,0.181159304818384,0.036697177732323095,0.07298553865917957,-0.016225453351441276,0.04026683335285941,0.9922763353553398,0.00438649723527541,0.0002578693145170729,-0.002362411500692446
0.18819626481965895,-0.38775392152996596,-0.1983096143355223,0.17056111102378863,-0.006938924035597541,0.02815573295777203,-0.01268802942730672,0.036343740728029574,0.9771445611258847,0.004188187620939888,0.0004460655793367319,-0.002750165422222412
0.32074617188251936,-0.30461819864915585,-0.22918386590985995,0.17882684080490827,-0.01113112767747851,-0.03216138676942502,-0.014951468517351007,0.026077011993173423,0.9823296082820567,0.003959003755030028,0.0007668117512192512,-0.003054783620871568
0.2184127328455875,-0.3948107551847489,-0.3188863099308708,0.1702497560125171,-0.043539684609604286,-0.055205460784805545,-0.01148081017301474,0.03751909424688445,0.9823922740807096,0.003640117445099157,0.0009852244840648388,-0.003449594376056317
0.17866335960911317,-0.38217305524297884,-0.30657279120054115,0.10134147820266287,-0.058051789736152846,-0.025177821751812192,-0.01943160009236649,0.03213343975023315,0.9713607714704728,0.003333544653898616,0.001163887843673952,-0.0038317674312992956
0.043113892534120006,-0.22198307372494352,-0.2825714942755388,0.11920718310378775,-0.025729732441567676,-0.045896417058570796,-0.006367922254080752,0.036860197726747375,0.9773319166048994,0.0030509731596230776,0.001207001736208072,-0.0040537505050242395
0.09894144706007563,-0.2574855093660998,-0.17231003349273,0.10214676162028677,-0.038134970983544896,-0.05501396030305301,-0.012255944919584379,0.03856169724315004,0.9825312384562955,0.0028786631261303475,0.0013059431832681476,-0.004311236014390338
-0.10045216032795767,-0.15536511137806258,-0.2575800272154022,0.10647055366484667,-0.03795000213594965,-0.060102250648268775,-0.006843178026074544,0.03517755808184313,0.9833183436696239,0.0026210830989149454,0.0012054910229401896,-0.004466601125768402
-0.1209454590836949,-0.13605000476222656,-0.1046083697019799,0.03359535034577699,-0.09035502854278614,-0.10714188928918617,-0.01632233802337653,0.025284474043019804,0.972674669363781,0.0025164747292129655,0.0010845455638564948,-0.004602651130530628
-0.18467552116584895,0.15196166877713393,-0.2587855623150903,0.017647522264549277,-0.050981117808498386,-0.03970984008146936,-0.014310581645583683,0.0294337103629708,0.9778229778579361,0.0022576891668978755,0.0008998700426906458,-0.004450689461753494
-0.13389430201029998,-0.01773726361993703,-0.05693487825996846,-0.04727693088064915,-0.060574312038274465,-0.042207742020193215,-0.015712678398035244,0.04172238460993297,0.9717551153344866,0.002200754288637907,0.0007659757406803458,-0.004468426725373431
-0.4006830457638096,0.13340589206613643,0.0243088068621427,-0.06739882989845693,-0.10811680466883282,-0.05640401019426992,-0.021166334495980342,0.022345906788403164,0.9716707040379988,0.0022250630955000495,0.00036529269491653623,-0.004335020833307295
-0.3330572368438079,0.12881705559791584,0.06552727370760586,-0.06511546376621133,-0.03127369746746101,0.041800105532324335,-0.00857882614471988,0.03761058836063787,0.9683710578515023,0.0022905903692076557,3.223545807272832e-05,-0.004206203777709378
-0.3891674399840511,0.2902780417248017,0.2419841625114206,-0.13669502253381377,-0.0501610049352681,0.0013517188016882765,-0.016816632750316116,0.03409614642233647,0.9836464347360218,0.0025325745317190764,-0.00035693198191132287,-0.003915925735984577
-0.3703605327399888,0.38045317831709363,0.2514532736931457,-0.11463981685660216,-0.006378793871587043,0.0014094958685680684,-0.012696459209689316,0.03637613677346081,0.977419153145554,0.002784027805412222,-0.0007272925146513116,-0.003535472557667483
-0.43113293579029804,0.3180342908409428,0.1681378562997629,-0.22299145814194293,-0.04905274237994376,0.03982767085803276,-0.008273401111176259,0.0388812471080416,0.9716820227063252,0.002952165661711985,-0.0011584254504416096,-0.0032174382668265404
-0.6216179260041685,0.329869335750578,0.1978661066303714,-0.20127671454016488,-0.043452133495349106,0.05494151137066892,-0.015505050549047238,0.0380338100154818,0.9856961052375606,0.003150031768342356,-0.0017800433764457784,-0.002887568931075962
-0.46254107627085844,0.35164603779094916,0.31585686913030914,-0.19006845585426235,-0.035805664872550796,0.10130267114951844,-0.020746748896121374,0.04034377416590592,0.9719423989336742,0.0034658886374726652,-0.002242584452716637,-0.002535922893285013
-0.6348823004960022,0.449063042001527,0.37909776188443683,-0.15531716712269117,-0.003407601290727995,0.050370585640280706,-0.013667974834244579,0.04341724768251423,0.9717087299319667,0.003844986399357102,-0.002877466753212639,-0.002086859851283486
-0.6514863047355591,0.4708125479204405,0.29291444982790676,-0.20874397002004888,0.04002642019064456,0.09904733962520733,-0.011771277437196078,0.03949069119283612,0.9705730931936102,0.004137900849185009,-0.0035289530579481984,-0.0016160473033630454
-0.5304572434225088,0.4320843318507028,0.35433418731843647,-0.18787199377386812,0.07025409681862471,0.05869808589756779,-0.014765165813874987,0.027613862687185634,0.9770793646898828,0.004492235036503445,-0.004059410301370707,-0.0011839629715123426
-0.6423039128128523,0.38822145982357625,0.2733928692434469,-0.18344577746008497,0.005697544038049722,0.09739459096178676,-0.016541187660311114,0.03438090573203684,0.9804052370145232,0.004765627905746892,-0.004701714214183559,-0.0007957415116887664
-0.45667389397547026,0.34630479217808285,0.16541254899719324,-0.1313964297889491,0.002099602875156155,0.0828659141050432,-0.017114386969373983,0.046897170930626154,0.9710869095596448,0.0049310404547440855,-0.005158388108159029,-0.00044943671951068345
-0.4822107262543324,0.32641011436566303,0.03942297014156207,-0.15727997043404676,0.07062938731780474,0.1405245656832615,-0.026519027915093432,0.0342076893511128,0.975183694131922,0.004970463424885648,-0.0056405988344133615,-0.0001230266051450204
-0.3178420596588911,0.23444585824605116,0.12074691890674144,-0.0854781607405664,0.07138442075718207,0.07835205969731227,-0.01241323022704266,0.044914683057414535,0.9758624948675231,0.005091210343792389,-0.005958440894072253,0.00011141925310103077
-0.3095450049417309,0.12281147179388596,-0.004671075330653168,-0.0678859832331064,0.04470396758089855,0.10257014044735545,-0.010734329073098693,0.03663768995854428,0.9719725712952594,0.0050865392684617365,-0.006267985899013982,0.00023423072489491676
-0.3162807009847537,0.08224050993842409,-0.06726785603577362,-0.07087761331099904,0.05514550820133708,0.02377704538998412,-0.005607985308060351,0.033103894675356675,0.9787960510580515,0.005019271412425962,-0.0065842665999987365,0.00031647123483334084
-0.10006994203199972,0.004000368609980726,-0.058910532086201006,0.04152336975755798,0.08730358006789272,0.0013585952416036735,-0.013924033945093513,0.04060406776064909,0.9657788753374791,0.004960360880339761,-0.006684336542030736,0.00032047160344332153
-0.020495752901847103,-0.10509768596470653,-0.07997293975889158,0.05188832868466727,0.06339492416749373,-0.06897136556386445,-0.020241337416726953,0.04610306318389018,0.9706616811070478,0.004880387940580869,-0.0067048322949325835,0.000215373917478615
-0.014955391910156872,-0.14388598815787776,-0.14294205756655662,0.11563205407809965,0.028539845321596653,0.01592814470014571,-0.021910682815979774,0.042887223019928325,0.9714651918040044,0.0047374458830143126,-0.00671978768684274,7.148792932073725e-05
0.10258960375575826,-0.2559741385613088,-0.2716909916210746,0.1157427478148947,0.023389569543415954,-0.06854566768580553,-0.014282764450451192,0.037380339057632404,0.973030340845446,0.0044657548913932385,-0.006617198083086983,-0.00018448620924057157
0.14815307034945432,-0.2215794096753082,-0.24727740728287634,0.16297385612259613,0.0066900484696868455,-0.0416684942568204,-0.0017568801219873757,0.03410490014843214,0.9837713398969672,0.004218477484110362,-0.006469045012737528,-0.00040606561891587986
0.21905984824491842,-0.24912633756237493,-0.23851538679366316,0.1801207300400971,0.016928609088050366,-0.09954334852378156,-0.010027265531723548,0.04033749665921741,0.9789195819433553,0.003979962097316699,-0.00624998516449261,-0.0006551919564782547
0.46111347839481925,-0.24107443624379582,-0.07101770975025293,0.21038720969407712,-0.04844099086916069,-0.10530089007408402,-0.011061767692901063,0.03619533017135118,0.9710994099848942,0.003908944387566445,-0.005788871686097791,-0.0008962663927220505
0.42712663685590424,-0.3582540918688124,-0.11875888197392466,0.23265830293824857,-0.02413073607084288,-0.0974736444024762,-0.02509102984175686,0.034308940989193466,0.9720172713165478,0.0037901855055925207,-0.005361745049241886,-0.001254520484590863
0.6168715927213156,-0.3465624862663806,-0.050090796137616196,0.23974409892635443,-0.019240150359213865,-0.18951096139862567,-0.019208312632783938,0.040466141404359265,0.9775473082776857,0.003740094709454904,-0.0047448734565205715,-0.0016010829708572435
0.48556610815101264,-0.18662787854046684,-0.016278921635244734,0.2214136868634072,-0.03568274993787682,-0.15652446597495714,-0.015368632657623674,0.04006228637511721,0.9731058978421754,0.0037238157878196594,-0.004259307348369558,-0.0017877108493977102
0.5597509702339557,-0.14915422017614738,0.016747209510477375,0.23579689086606265,-0.05084855072623769,-0.0958606040519111,-0.02008341473936199,0.03930753379463249,0.9688636174609914,0.0037405629973301367,-0.0036995563781356024,-0.0019368650695738576
0.5304769137227608,-0.25364438325792976,0.06461733492219508,0.22915369069537406,-0.04570892388654145,-0.14260351230707635,-0.022301633278191117,0.02995879811546958,0.9807220779294481,0.0038051803322523316,-0.0031690794644128415,-0.0021905094528317875
0.5262464952248169,-0.15666607450070508,0.1130342881804697,0.1950021233829674,-0.0475078877901427,-0.1299571821931247,-0.013555407719079383,0.04109119047200045,0.97455688873628,0.003918214620432801,-0.0026428329691880244,-0.0023471755273324923
0.6445053819171351,-0.16804007050955722,0.050602428594649695,0.2030320841122041,-0.15967119042393116,-0.10148491664474496,-0.02355960793728923,0.0394669872047256,0.9731446183951381,0.003968817049027451,-0.0019983275872708893,-0.0025152155978420496
0.6091948238621002,0.04284008141522255,0.230729967121082,0.1399432710499635,-0.1373332138621062,-0.033764796288627504,-0.021738401398196154,0.03807202558945557,0.9677601685370121,0.0041995470161485336,-0.0013891327634087893,-0.0024723755164268273
0.4900159091759134,0.05441764314657012,0.3691482635592789,0.19078051227947565,-0.10876332053771647,-0.060848105330636774,-0.013017392535597886,0.03213244113920608,0.977782612002069,0.004568695279707813,-0.0008991168542328758,-0.0024179578732802572
0.5222335265107759,0.08003297506747611,0.11077735329886945,0.07239946406537791,-0.07766424891811317,-0.0006654741275044628,-0.016370836457637893,0.03461940611052227,0.975653637949699,0.004679472633006682,-0.0003768833277220998,-0.002337924898212781
0.33615799885752534,0.0875368477551269,0.18423830487345663,0.10214586514314664,-0.10664542904970208,0.025909957118215997,-0.01703488893531525,0.040093011414010844,0.9814982373801633,0.004863710937880139,-4.072532886457442e-05,-0.002250388050457654
0.35789282123523075,0.24620920086192694,0.1151460264287699,-0.035402724450537465,-0.15852762258373787,0.031375278489881024,-0.018680760680150402,0.03440065047027152,0.9759822740396978,0.004978856964308909,0.0003171674923706563,-0.002004178849595727
0.3696866296126365,0.24307133299118688,0.29003841103676364,0.004860544165008156,-0.09799930430805932,0.09931835034668587,-0.013996546193665246,0.03573030494429757,0.9816077665264252,0.005268895375345673,0.0006868541219832929,-0.0017611075166045398
0.3483103458419531,0.33266951812634915,0.134779193337161,-0.07025096955782499,-0.09213716710100552,0.07467183541507848,-0.014126587726478925,0.03923890706873914,0.9690346715016953,0.005403674568682834,0.001035164467825246,-0.0014284379984781906
0.3054020911042086,0.31681452241430197,-0.11834375723079613,-0.0019736051259390316,-0.08401929724432905,0.1371384823902623,-0.013261819739536133,0.03776187893190378,0.9717150063992138,0.005285330811452039,0.0013405665589294547,-0.0011116234760638886
0.0548076371043931,0.2448331148434641,0.032497840036206774,-0.14426607507553688,-0.06416878484766148,0.1013137702654867,-0.018498706690472367,0.04364029179574589,0.9771849565516814,0.0053178286514882454,0.0013953741960338478,-0.0008667903612204243
0.0687344796386049,0.14743840127705798,-0.09758105758520683,-0.1455496254651235,-0.08507599240382492,0.10793200466897519,-0.009140344749713276,0.04309726556142204,0.9751270875397552,0.005220247593903039,0.0014641086756724527,-0.0007193519599433665
0.03033351265157292,0.2384539946094796,-0.06068998428820697,-0.10883080915353745,-0.05134118295726081,0.17792446859777947,-0.019892452870347677,0.04095653188731444,0.9688606018102995,0.005159557609614831,0.0014944421883240256,-0.0004808979653338869
-0.10452088624950087,0.23030593055341095,-0.12281259890651484,-0.1565645082536146,3.969375565072205e-05,0.1658090204439681,-0.0210074705873186,0.036342708717751276,0.9727881367877674,0.005036745010708316,0.0013899213020745248,-0.00025059203478047586
-0.15360754054287423,0.14729649111473817,-0.18887300927887793,-0.1254584380596652,-0.03012377819857457,0.1691759433860017,-0.010676485386331834,0.032890443491791294,0.973121922742291,0.004847872001429438,0.0012363137615316504,-0.0001032955436657377
-0.2821008824378723,0.07300802637213546,-0.23100711194024856,-0.10558872730012323,0.006798232018099179,0.08376379994150664,-0.008282130831803384,0.03999914008120418,0.97471770945864,0.00461686488948919,0.0009542128790937781,-3.0287517293602244e-05
-0.28898991105984034,0.06854636312886124,-0.1779616406206878,-0.0742997753312365,0.044836284706579604,0.12431673462096164,-0.027187309480987062,0.04329904052567452,0.9719303568935425,0.004438903248868502,0.0006652229680339378,3.8258845835259e-05
-0.3289164065194782,0.01711486596827,-0.30093916552826194,-0.12099296371444518,0.04528702690637828,0.11105215961027257,-0.015744156863976927,0.042370346308149946,0.9654942563160456,0.00413796408334024,0.00033630656151445947,5.5373711803529e-05
-0.32222970344812435,-0.14893194190913323,-0.29259572657446387,-0.06956266772476197,0.03691525958080666,0.061396346580243163,-0.016725530502210578,0.03815259764705165,0.968380440704357,0.003845368356765776,1.407685806633513e-05,-9.355823010560424e-05
-0.3837427525784387,-0.1913600745872721,-0.2743443315402386,-0.024432130257614475,0.07378278704534992,0.029153624955139096,-0.01818110339451049,0.04494629634287934,0.9659960752022144,0.0035710240252255377,-0.00036966589451210364,-0.00028491830469287634
-0.3234126720564666,-0.2769197569313656,-0.36721071373853503,0.03987836398261252,0.05588771102690925,0.057757295679067615,-0.015556705648750328,0.03974279979970092,0.9781835643868372,0.0032038133114870022,-0.0006930785665685701,-0.000561838061624242
-0.43636562621531094,-0.3321191523152829,-0.31073640762344845,0.07954900979151008,0.09819247267266298,0.014113999502523872,-0.01977217409920909,0.039479898393874405,0.9662772414148539,0.0028930769038635535,-0.0011294441927838812,-0.0008939572139395249
-0.35909435707090226,-0.2274490271156677,-0.1545727285868682,0.053719455277493056,0.13920979756761623,-0.02276499638487125,-0.02052240512103818,0.03129454983403588,0.9823629461038378,0.0027385041752766856,-0.0014885385498547834,-0.0011214062410551927
-0.3789450951524063,-0.3828439482082887,-0.04149333291842154,0.09546769031720861,0.1262909072162679,-0.06674678758245126,-0.01669228482180139,0.0442856334939213,0.9703313318719154,0.002697010842358264,-0.0018674836450071897,-0.0015042501892634811
-0.1826875111446588,-0.5057156968816995,-0.13178581464206335,0.15078544795597484,0.10366614487524263,-0.07579013460920062,-0.020563896404355304,0.040693609166116064,0.977144132625616,0.0025652250277162004,-0.0020501711561518488,-0.0020099658861451805
-0.3126428939674673,-0.3666593288552149,0.051000940486408915,0.1347555368724128,0.06190157984420677,-0.08394387341560104,-0.02321339355225542,0.042147892451124484,0.9783470926123398,0.0026162259682026095,-0.0023628140501193162,-0.002376625215000396
-0.28836210583865457,-0.494117175081375,-0.01401401902630122,0.11566733075770928,0.124637787809919,-0.009926179319418854,-0.019986826121144698,0.047232189785652204,0.9801274579265308,0.002602211949176308,-0.0026511761559579704,-0.0028707423900817706
-0.2194866404453756,-0.4466289127397722,0.24433769724935117,0.10781345556402949,0.12502690748133427,-0.13972305845160884,-0.02553342667096154,0.035245121851170944,0.9767106638216562,0.0028465496464256594,-0.0028706627964033464,-0.0033173713028215425
-0.13690124588014596,-0.36018995311005286,0.1450597121034285,0.15292407417487022,0.07352563497487216,-0.10655588435558111,-0.023565911686235577,0.040543015615878024,0.9732850832193437,0.0029916093585290876,-0.003007564042283492,-0.0036775612559315956
-0.030354445597370914,-0.36252081898370886,0.25107372732609184,0.14746432504982665,0.07564136372335183,-0.12948349316196534,-0.016287160530247154,0.0371274254832157,0.9616812286157931,0.00324268308585518,-0.003037918487880863,-0.004040082074915304
-0.022682135772853378,-0.2555134218195389,0.21106298086409028,0.10566670252512103,0.06727296807704686,0.007222386841716102,-0.02522404275625635,0.03993672018805751,0.9770023822041268,0.0034537460667192696,-0.003060600623653717,-0.004295595496734843
0.19342806563523163,-0.41182716514002127,0.34354306273541474,0.11094393427837904,0.05723901425066266,-0.045176102591430733,-0.019340005105018918,0.04277026486210291,0.9690494468180914,0.003797289129454685,-0.002867172558018485,-0.004707422661874865
0.16492237131749218,-0.1942882113977287,0.2914152325183418,0.08333331593982041,0.04237900199276148,0.005437578128758254,-0.019695845572159178,0.049851250306639026,0.9736270775045195,0.0040887043619730265,-0.002702250186700993,-0.004901710873272593
0.2580533560434426,-0.09487100279972843,0.2644113197314914,0.04999846419158167,0.03566862203081923,-0.012534909643567996,-0.008081348199426587,0.034530912015625116,0.968632720741498,0.004353115681704518,-0.0024441968306575506,-0.004996581876072322
0.30513935153327154,-0.04225246436554647,0.27135964505185695,0.05567464197334139,-0.008587190633801962,0.006388724002305949,-0.02022421619156078,0.040663257476511463,0.9733688378889336,0.004624475326756374,-0.0021390574791242786,-0.005038834340437869
0.17796174143883953,-0.10511830517723886,0.22557841084317398,-0.013477968445359253,-0.08036210523720783,0.07400632780118205,-0.020310554841753245,0.03758224588190801,0.9753930273455049,0.004850053737599549,-0.0019610957376854396,-0.005143952645615108
0.28417647636097026,0.1196047681174229,0.1684901969601009,-0.02527836705531162,-0.03819784056905961,0.0814916278666735,-0.019895618122980137,0.04158963210166393,0.9709891920793253,0.00501854393455965,-0.001676919261324469,-0.005024347877497685
0.2714694018448321,0.05721191446759252,0.08429172204289906,-0.10572523886830781,-0.035646787204576466,0.052819767176233205,-0.019009127881349744,0.040644639031204285,0.974402631774131,0.005102835656602548,-0.0014054498594796372,-0.004967135963030092
0.32416708977852665,0.2967651215674584,0.11892913215723841,-0.0637099365935167,-0.03587779194800183,0.13666314313197747,-0.025394039651418145,0.037975714938849756,0.9693345563182915,0.005221764788759787,-0.0010812827697011102,-0.004670370841462634
0.3006715754773164,0.32665544648040995,0.13378578835731447,-0.10414084546807434,-0.04345597945300794,0.12917266727681076,-0.010931455610437875,0.041789722149920425,0.962566421046775,0.005355550577117101,-0.0007806111942237939,-0.004343715394982225
0.43279859438565194,0.5106232900134261,0.029947467799552457,-0.14154551701047444,-0.0690726570314291,0.10432842752235379,-0.018047953997242603,0.03651287779668117,0.9755446645124105,0.005385498044916654,-0.00034781259983814196,-0.003833092104968798
0.4386972604865189,0.3068472986716957,0.0056330813832480425,-0.21882195117366288,-0.10721043471609548,0.059425655221131884,-0.01888324856654409,0.04299195120591691,0.9718034421510131,0.0053911311262999015,9.088466064837698e-05,-0.003526244806297103
0.2381964597884431,0.2535531957648747,-0.08584840009007891,-0.21637736183035508,-0.08831185584947064,0.04942869428618437,-0.021358924757859447,0.043987147378181386,0.9692536942761572,0.005305282726209823,0.00032908112043682,-0.0032726916105322284
0.3111159141206754,0.29307954601559216,-0.10026237818926606,-0.20434527543547065,-0.08654185465062306,0.06212295467102866,-0.02008904154496452,0.04122607515151693,0.9761385322488612,0.005205020348020557,0.0006401970345574954,-0.0029796120645166364
0.19537835615455498,0.5020120497896248,-0.0027378408944241928,-0.311650722804146,-0.07800298216651969,0.07270141781901106,-0.024332923570111967,0.04640966469431853,0.9631727196710885,0.005202282507126133,0.0008355753907120505,-0.0024776000147270117
0.1768134878087137,0.3033041706870797,-0.19510707807763333,-0.1740673277926441,-0.08431327847955374,0.06819278230913482,-0.013361093884319684,0.05053200372972638,0.9721680566626123,0.0050071754290485,0.001012388878520764,-0.002174295844039932
0.11312226015774823,0.36564894895102745,-0.1482842242149081,-0.22742475679711674,-0.06017411123957946,0.026382701672645774,-0.023380912549017557,0.042809205645429935,0.9613315672032511,0.004858891204833592,0.0011255111386785123,-0.0018086468950889044
0.06966778194547892,0.31233168686364604,-0.23370972174258614,-0.13534056931379426,-0.08344964704179554,0.03960765666285093,-0.017920028342269082,0.03938827428853742,0.9568719655705691,0.0046251814830910055,0.0011951789206239914,-0.001496315208225258
-0.04038832558685541,0.38599201186884813,-0.14675427653790857,-0.19584583176916376,-0.03197361583682508,-0.04096878428034772,-0.016287066738079673,0.0356165322237376,0.9738501759470525,0.004478427206553097,0.001154790595037136,-0.00111032319635641
-0.07697378684822435,0.2515872713191274,-0.17362544912101402,-0.1230216197390138,-0.045132714110248426,-0.10481422506111926,-0.01293060199933287,0.04257525268172753,0.9746905278861249,0.004304801757432083,0.0010778168081889117,-0.0008587359250372827
-0.1869212118080803,0.23278404587485813,-0.04140733411188731,-0.03158608565418089,-0.03512052874417314,-0.03570621514428369,-0.016833664669757484,0.042867955326868074,0.966893119477173,0.004263394423320196,0.0008908955963808315,-0.0006259518791624245
-0.17390324376036118,0.105667710413517,-0.0647003177946744,-0.06575401947342857,0.03154188944829351,-0.013785998526945656,-0.014764696078838777,0.03779346133585362,0.970159285090119,0.004198694105525522,0.0007169923526204702,-0.0005202841687489075
-0.3602216542454098,0.036905709933592434,0.08900817874396529,0.04348559555385142,0.027681779587742702,-0.13721016894856303,-0.02107203133572685,0.0430456483145624,0.9629273355322966,0.004287702284269486,0.00035677069837506043,-0.000483378458815315
-0.3577386562625346,-0.03213105576475786,0.06599346353632851,0.021352153716931763,-0.0028216800157022893,-0.06210095202949464,-0.0270980778190618,0.042958706955749,0.9689033170234319,0.004353695747805815,-9.67957887474169e-07,-0.0005155095145800728
-0.2873338245128546,-0.04806887752277155,0.13597518003136078,0.04194109396716508,0.053532529632295975,-0.13647232671641818,-0.02046247481674319,0.04225205446031113,0.9777998749494256,0.0044896709278371754,-0.0002883017824003288,-0.0005635783921028445
-0.2924350648233376,-0.16366935225058307,0.04591063419563472,0.10484002441443069,0.012752611524122277,-0.12222281470380687,-0.01862332856251954,0.039994276294779044,0.9784172992243181,0.00453558156203281,-0.0005807368472236663,-0.0007272477443534276
-0.5305953149112183,-0.11737410466832987,0.24689026655008833,0.11987851360285193,0.05690493384768555,-0.1331693073166208,-0.02025595014241048,0.04074423449213979,0.969270242195259,0.004782471828582899,-0.0011113321621348848,-0.0008446218490217573
-0.6180092576685993,-0.2220102116206097,0.23028512027038972,0.12125120429488623,0.03695207701212194,-0.1521095864155367,-0.017837237219661427,0.04338646593270228,0.9676545222867671,0.005012756948853288,-0.001729341419803484,-0.0010666320606423673
-0.6299356550607218,-0.28065231050381534,0.2310413358207899,0.24400126034751757,0.020419828788610102,-0.06936179392869035,-0.02138776507241675,0.036865805517162356,0.9686886071181058,0.005243798284674079,-0.002359277074864206,-0.0013472843711461824
-0.5058142451190533,-0.2569524673611168,0.26819318177241,0.19482456096888717,0.036384919586047566,-0.06456371659061001,-0.014268672067502701,0.03647742496179939,0.9660882587265122,0.005511991466446488,-0.0028650913199832592,-0.0016042368385072994
-0.5678366949280858,-0.2437647937965646,0.1544415639513102,0.25630124557576955,0.06357611716066283,-0.0432814684921474,-0.025861283027707745,0.040140078414481285,0.968464829165937,0.005666433030397797,-0.0034329280149113447,-0.0018480016323038637
-0.496567745312918,-0.21726009283101883,0.2939634563104006,0.2650611318405226,0.08121523965607438,-0.08246873916213875,-0.016651112882384134,0.04141851963218228,0.9712240073998,0.005960396486708199,-0.003929495760224263,-0.002065261725134883
-0.5217685676744589,-0.29240332662712915,0.1017337993172312,0.23842718416640493,0.040586349675452715,-0.031050880021423782,-0.015128337991647488,0.041420396062449565,0.9723374435471066,0.0060621302860254305,-0.004451264327898721,-0.0023576650517620115
-0.4680448041627027,-0.1528646530006518,0.07359431101019652,0.2313211622281723,0.04954413459487793,0.012960195792084423,-0.013201619527901972,0.03645307971107115,0.9672267506181529,0.006135724597035626,-0.0049193091320614245,-0.0025105297047626637
-0.3582249692420439,-0.18234069055806637,0.06510021297272658,0.18526010284364833,-0.0004050266192596394,0.04229624843907788,-0.021986810460385038,0.04098265320654489,0.9646038282035119,0.006200824810008353,-0.005277534101303469,-0.0026928703953207297
-0.3777181025147349,0.0035134109492560017,-0.09982610839356562,0.2321566247545509,0.03847779635859559,0.08406709966780769,-0.01894712038339299,0.03861781561095145,0.9769245685682887,0.006100998701614788,-0.005655252203818204,-0.0026893569843714736
-0.374564589513063,-0.056496400833620807,-0.0747349563016487,0.18959875828345354,0.04007336842330851,0.0831118519926395,-0.016590417143536196,0.044007347442305354,0.9658679374691724,0.006026263745313139,-0.006029816793331266,-0.0027458533852050947
-0.1767776645830616,-0.030202083764185438,-0.19071607329124998,0.1828924977111017,0.004664642858541673,0.16638910132536372,-0.02732808594565988,0.03951556000948082,0.9648467289232515,0.0058355476720218895,-0.006206594457914328,-0.00277605546896928
-0.09937774203950006,0.04228049206389528,-0.2180315181051082,0.059055050515332094,-0.08236435654846952,0.10673956557298267,-0.026754781320282108,0.04632376210792199,0.9761000864275678,0.005617516153916782,-0.006305972199953828,-0.0027337749769053847
-0.19955466086399765,0.18442416422082925,-0.23285060718217537,0.10990959526665808,-0.05784407195175535,0.1684434692087565,-0.019257953943107822,0.04543737283017925,0.9794436981667295,0.005384665546734606,-0.006505526860817824,-0.0025493508126845556
-0.020586868460033946,0.2245564792587809,-0.22736976632556033,0.05201298259067479,-0.07394185330825,0.18196522555688982,-0.016889347991181688,0.04113389119707354,0.9626871457343542,0.005157295780409045,-0.0065261137292778595,-0.0023247943334257742
0.07396486439512782,0.263545478726025,-0.20917261575092144,0.07132477959995379,-0.031023229423998294,0.13375400322592942,-0.026113797518817455,0.038369594600256386,0.9689517086469851,0.0049481231646581235,-0.006452148864882732,-0.0020612488546997492
0.22844474429707057,0.09323071156470861,-0.3613547024084597,-0.019811054874385153,-0.07275848826234141,0.1381197113022014,-0.017186717965557635,0.039272816812739975,0.9672340551486217,0.004586768462249664,-0.00622370412058566,-0.0019680181431350405
0.28365866509477083,0.2096620454949218,-0.3230749483143837,-0.06549566768137297,-0.05359004177468907,0.1642588368218913,-0.028478405884775945,0.03762237676867695,0.9742150560357159,0.0042636935139352804,-0.0059400454554908895,-0.0017583560976401188
0.23612960753252565,0.23996178441147947,-0.1505533583867474,-0.058499294690779885,-0.14718973776976083,0.1348131794310806,-0.020229210033511386,0.03460037984239568,0.9700394263593544,0.004113140155548533,-0.005703915847958364,-0.0015183943132286394
0.2987732401216383,0.3339601691157702,-0.1999414052436512,-0.09743365041290586,-0.07943230683049123,0.13298111426572873,-0.021780635424847518,0.040111405560762994,0.9720263523596335,0.003913198750304882,-0.0054051426078367245,-0.0011844341441128693
0.444013492589035,0.1760629923480691,-0.1414157319491426,-0.1567369455613576,-0.07515775457295754,0.1158532878847379,-0.009101704237655968,0.04397704586948684,0.9690574581228479,0.0037717830183557396,-0.00496112911524769,-0.0010083711517648003
0.5170488215091414,0.21956240036196684,-0.17632678588609074,-0.10039215229518919,-0.0342428174795189,0.053190443797643476,-0.02471185582064244,0.05651003622621215,0.97450232110392,0.003595456232469649,-0.004444080293738548,-0.0007888087514028334
0.4574718890072426,0.10435140079976796,-0.16037680989137346,-0.17980221617381115,-0.1096109394697572,0.034790722551819545,-0.01782229606322682,0.041726664809344026,0.9666114815282747,0.003435079422578275,-0.003986608404731306,-0.0006844573506030654
0.5037436035301376,0.13798409581755416,0.052460521527351464,-0.10990297044809784,-0.10996560688821731,0.02145270581253215,-0.014652522728711679,0.03757176407901556,0.9634582078345477,0.0034875399441056266,-0.0034828648012011684,-0.0005464732547855112
0.6906703255253634,0.10913070963626643,-0.11337005997209848,-0.0678077976351779,-0.07402792217591736,0.027203547413151973,-0.026894213959570798,0.0488145743363682,0.9745707984300545,0.0033741698841335283,-0.0027921944756758043,-0.0004373425451492447
0.5640990887530075,0.08099873581699377,0.15859609272449934,-0.10924039261680862,-0.05604835514865362,-0.01807609703898474,-0.02172407644607869,0.04763595207446314,0.9691132857515933,0.0035327659768580274,-0.0022280953869227966,-0.000356343809332251
0.5000139646973326,0.023442899989540328,0.3284814708435373,-0.044968642104361294,-0.09298767899226718,-0.07292743133045741,-0.012727148338565308,0.037573591711873904,0.974859137510366,0.0038612474477015646,-0.001728081422225464,-0.0003329009093427107
0.6478677810434221,-0.12758142652702983,0.2387785666835373,-0.03390161096496186,-0.03791494984415048,-0.08395325634861271,-0.028702329658328155,0.035277629970401105,0.9696646071731113,0.004100026014385102,-0.001080213641182042,-0.00046048233586974056
0.42348340747336904,-0.30627283860706483,0.32184928055160195,0.007121512321773986,-0.055755038780541125,-0.07641990420289974,-0.01941014847119868,0.04026379777196124,0.9722001458788787,0.004421875294936704,-0.0006567302337086728,-0.0007667551744768053
0.4161535336219381,-0.2927532971096858,0.2786984763685183,0.006714353125990294,-0.04435584245570304,-0.05355669517849856,-0.02378644531627774,0.03430223444080573,0.9768079350089397,0.004700573771305222,-0.0002405767000867346,-0.001059508471586491
0.4076544735216195,-0.38216868833625134,0.2931657924623442,0.07716267791414479,-0.002612707962522776,-0.08912985163235328,-0.022660808457384506,0.03915777153341356,0.9704593906885363,0.004993739563767566,0.0001670777734348849,-0.0014416771599227425
0.4005121353880162,-0.28732783968499376,0.3351262306043768,0.08045672223785849,-0.01478827443873967,-0.06789844385198883,-0.026878721954713303,0.03342263847545244,0.9592465498065611,0.005328865794371943,0.0005675899088229011,-0.0017290049996077366
0.27808330688162075,-0.32924785053844946,0.3462879331286649,0.14073976098910304,-0.0107832030636059,-0.11060093312651703,-0.012563934711060414,0.036668836908356386,0.9712944776154105,0.005675153727500608,0.0008456732157045219,-0.0020582528501461857
0.2709069047343246,-0.3819187027019455,0.21281338003838987,0.16339997799663128,0.04273570768627164,-0.040642905311187826,-0.019023807094923448,0.03921464766308646,0.967289517960462,0.005887967107538999,0.0011165801204388464,-0.0024401715528481315
0.042808427861802584,-0.27339882982024255,0.11733339730339097,0.11966885056654966,0.03714261383259145,-0.04852853388758846,-0.024665493479684143,0.03861122457921597,0.9799246247614949,0.006005300504842388,0.001159388548300649,-0.0027135703826683738
0.1761570775438538,-0.4623217297000863,0.17124357361731854,0.1355272765898714,0.005417649384503635,-0.045923890854828724,-0.022729919440843797,0.039461791446329685,0.9605804973202762,0.0061765440784597074,0.0013355456258445026,-0.00317589211236846
0.10148173975563152,-0.28420826790070375,0.1318778728261932,0.16690027544702496,0.0831359215852866,-0.016585334554916786,-0.02677224030938369,0.04015271505336545,0.9737632076542997,0.006308421951285901,0.0014370273656001344,-0.003460100380269164
-0.2759984376627236,-0.480509101778375,-0.010941428316956991,0.1491700148724259,0.03177881228281525,0.06330548105613212,-0.02334685860762439,0.03641261056090186,0.9696831758338539,0.006297480522968944,0.0011610289279374107,-0.003940609482047539
-0.20087177324189276,-0.316830392935445,0.17117374823646922,0.1412539127649198,0.08455254369846059,0.07433934307361953,-0.019160784103771925,0.04040936992821364,0.9677465812274957,0.006468654271205413,0.0009601571546955179,-0.004257439874982984
-0.1989471438756448,-0.3106743967357541,-0.16908050137088482,0.06815904926054125,0.09881961923687117,0.0770386270408893,-0.02528673534811257,0.044330087088142255,0.970030906503877,0.006299573769834527,0.0007612100108198731,-0.0045681142717187385
-0.28321540117708416,-0.23626577401507665,-0.15536180399609809,0.048973896094369404,0.05377147297687673,0.06140367789625819,-0.02695239237298721,0.0409659657230534,0.9652766045523994,0.006144211965838429,0.000477994609642789,-0.004804380045733815
-0.30609839276940054,-0.19379475879369765,-0.1436038195770463,0.12431740984655476,0.15834888076408696,0.09762715166913546,-0.01863069618801818,0.0425849110524997,0.9705170016149526,0.006000608146261383,0.00017189621687338836,-0.004998174804527512
-0.24313873507288325,-0.2029313027337475,-0.22172968042961735,0.09842718447909364,0.08382102342720504,0.0975826591515785,-0.02234632933704636,0.03684189127592213,0.9624279805432365,0.005778878465831767,-7.12425181994949e-05,-0.005201106107261259
-0.33535465457913344,0.03528801377760885,-0.1405332797835125,0.016202754978163356,0.08709821607653603,0.1564036593002507,-0.01608413068363325,0.03890346611388308,0.9729653300704852,0.0056383451860482535,-0.00040659717277862834,-0.005165818093483651
-0.4048906466455021,-0.0018083392109358443,-0.20105839326864938,0.02922221706268663,0.040130326692858015,0.07373839934745298,-0.018379276854664933,0.04601616175352744,0.9771887132660626,0.0054372867927796045,-0.0008114878194241305,-0.0051676264326945874
-0.3369089723167299,0.2493258414096165,-0.18520569700955541,-0.0565940230813701,0.0342208075147189,0.10332542618099506,-0.021175793823277528,0.03401677010977903,0.9655696324788369,0.005252081095770049,-0.0011483967917408605,-0.004918300591284971
-0.3702098241868958,0.17680800326922452,-0.05093390879793308,-0.09635518721106341,0.07270037193129245,0.09937200950485314,-0.019885575035499224,0.041713044581700026,0.9692716016347863,0.005201147186972115,-0.0015186066159277563,-0.004741492588015747
-0.32260471415521086,0.29741819476130965,-0.007207417673507396,-0.13665003926700975,0.09598315608411498,0.03408229321035232,-0.020294988098063356,0.03840368875315367,0.9759113756151319,0.005193939769298608,-0.0018412113300829672,-0.004444074393254437
-0.22304863105352626,0.3959323236017033,-0.043103185521423816,-0.15844538679893208,0.06290542770557316,0.002533103517742578,-0.017345322011204485,0.045337408692767686,0.9687561902918355,0.005150836583777184,-0.0020642599611364935,-0.004048142069652734
-0.39024443115969815,0.5410315619539279,0.0020839093908431097,-0.18222265881056723,0.009256338140000774,0.011387239355072222,-0.02538672711059679,0.04172858499710566,0.9741952262476746,0.005152920493168027,-0.0024545043922961918,-0.0035071105076988057
-0.2167419608876657,0.39905324151553345,0.17809207031335156,-0.2466321420239238,-0.01867891961275801,-0.012088416382520345,-0.015534166640916607,0.04146377377992713,0.9683907839270733,0.005331012563481379,-0.0026712463531838575,-0.0031080572661832725
-0.3793499621958805,0.32433148089825914,-0.009654992754829561,-0.2531042976053322,-0.020845873868039197,0.010908080968280642,-0.016531194293686605,0.03920884316552028,0.9669107695049284,0.00532135757072655,-0.003050596315379738,-0.0027837257852850136
-0.183812864910455,0.3974605705939718,0.21268931805237862,-0.24798470562031974,-0.019559000763804804,-0.053616832419899806,-0.021043434345221868,0.04232981292616294,0.9696057542074559,0.005534046888778928,-0.003234409180290193,-0.0023862652146910417
-0.04535195583027495,0.47495827046786354,0.20067768821920556,-0.18415171342937053,-0.030321880419111515,-0.06807176747092375,-0.017547062782583597,0.030330886095230908,0.9574970830027458,0.005734724576998133,-0.003279761136120468,-0.001911306944223178
0.0241569663800189,0.4118290636633164,0.16053146774339663,-0.1941078675997972,-0.07155330143254393,-0.06730723921115893,-0.016907189959998195,0.0371055912478086,0.9716002035432966,0.0058952560447415306,-0.003255604169740449,-0.0014994778805598617
-0.005652773947694624,0.44890722604784067,0.17827887117903213,-0.14522715579338752,-0.0429343802527825,-0.14602963023406793,-0.02067979228427957,0.037494955960661075,0.9656474467676346,0.006073534915920563,-0.0032612569436881443,-0.001050570654512021
0.09223367171502327,0.3346226100949574,0.14710162710103458,-0.1965211773689636,-0.05218784621113762,-0.15841154892250145,-0.017545789339780765,0.03473365934707526,0.9726645335906609,0.006220636543021597,-0.0031690232719731207,-0.0007159480444170637
0.1177535108437762,0.29830105771776805,0.12143540467630917,-0.11806304830189798,-0.11039920848010822,-0.20606777881905422,-0.020294873229166514,0.03970448181690989,0.9684682470756483,0.006342071947697906,-0.0030512697611293446,-0.00041764698669929554
0.16665141929252245,0.2779762341909614,0.14089232586053405,-0.10802290026708418,-0.08350450292266547,-0.10111058028096352,-0.021219584863176738,0.03390011710298529,0.9691122301848745,0.00648296427355844,-0.002884618341836822,-0.00013967075250833418
0.19862521024854501,0.17844851974744053,-0.010087082671396547,-0.08923007256940342,-0.13634523469859522,-0.11990943162419444,-0.01818694250153095,0.031031987078365273,0.9664160557172013,0.006472877190887044,-0.0026859931315882774,3.8777767239106366e-05
0.3366636004789536,0.02288702759173343,0.08371091015043783,-0.03983070605276183,-0.03790281800317445,-0.14881090812947384,-0.01311988836460948,0.04172381906560565,0.9828052443505719,0.006556588101037481,-0.002349329531109324,6.16647948308398e-05
0.1958974631584239,0.016048627307443258,0.05719199205154199,-0.01042150477487009,-0.10455153062364295,-0.1152927222815409,-0.02736430803572727,0.03048397275258012,0.9669851057879038,0.006613780093089022,-0.0021534320679509,7.771342213828306e-05
0.35253117159987796,-0.02327647454176635,-0.044384165466558705,0.018800770308998665,-0.0763822079236985,-0.1350454818500499,-0.014121846254666528,0.043380631371317056,0.974024788959711,0.006569395927622464,-0.0018009008963510216,5.443694759651671e-05
0.21111948018126686,-0.1663843156516056,0.030559362872288998,0.11240811463061177,-0.06241493327160921,-0.053998533982888654,-0.019235557918767056,0.032403256836318,0.9801704175361146,0.006599955290494754,-0.0015897814161697549,-0.0001119473680550889
0.3622978972641211,-0.25684397419287824,-0.034946053032235455,0.08424251410491741,-0.1164398512323585,-0.09508359026401005,-0.020169324321303955,0.035998473789406175,0.9627629330196681,0.0065650092374625185,-0.0012274835189056337,-0.0003687913422479672
0.33612642891158595,-0.3011182442940048,-0.17673769939913211,0.12257940590151185,0.014119147091955442,-0.021455652372480018,-0.01717138113724139,0.033581321707281585,0.9601238458158411,0.006388271538063386,-0.0008913570899940478,-0.000669909586541972
0.302495316429729,-0.29249916742842297,-0.11030699317296183,0.174928068569582,-0.012904479098934926,0.01795021204495406,-0.02422313644916947,0.03892825283088035,0.969351644023591,0.006277964544890423,-0.0005888617735643187,-0.000962408753970395
0.4752139283948279,-0.18568182749611567,-0.3373435248201303,0.20370892767891724,-0.03093592436968928,0.08825574656025477,-0.029141038431529622,0.041072679443417436,0.9625688845767292,0.005940621020070294,-0.0001136478451694908,-0.0011480905814665106
0.3142292438775203,-0.3210681502971716,-0.30074589982233907,0.19560740918711955,0.006226998837026694,0.07653732773509492,-0.03271029394759536,0.034256963219747055,0.9675383070535903,0.005639875120247954,0.00020058139870802956,-0.0014691587317636823
0.33811598169439533,-0.3276395191341099,-0.4508667662490073,0.23012154625784925,0.07966635453116089,0.11288504754224314,-0.01512658509257519,0.03527877472974689,0.9682080545956062,0.005189008353998947,0.0005386973804024249,-0.0017967982508977924
0.10990702613678159,-0.2494284795299233,-0.31332474825442325,0.22660065496746604,0.044624504762129286,0.17207087486574074,-0.019381837855147074,0.0400485080317027,0.9634151062984372,0.0048756836057445236,0.0006486044065392065,-0.0020462267304277157
-0.09121483288468082,-0.25781510375426014,-0.3603834561719648,0.1880058426060902,0.007336141053623485,0.13456840536613127,-0.018895794838034528,0.04082519158527911,0.9702417648831544,0.004515300149572558,0.0005573895736545257,-0.002304041834181976
-0.020557159147549825,-0.21379988639442282,-0.3141075974622235,0.21683835780725488,0.07298113949419012,0.1500024153182698,-0.013181307494023898,0.03400932785940389,0.9660938500429894,0.004201192552110335,0.0005368324145069758,-0.0025178417205763987
-0.02701911770805838,-0.023392435089526195,-0.2448647274434718,0.2675185277149313,0.09660822304760984,0.19642996110277575,-0.018872188858559853,0.02939974411568881,0.9709847158707606,0.003956327824666863,0.0005098132967989174,-0.0025412341556659244
-0.14229652349665534,-0.01917105066288717,-0.15351499124174206,0.14664067418909615,0.10899633831854623,0.1447637135269361,-0.014479176902042961,0.042226123960928744,0.9702414714138012,0.0038028128334251215,0.0003675167733022621,-0.0025604052063288116
-0.10890005041131334,-0.07332143442570896,-0.13136760322641677,0.15997590613395554,0.02212452828706087,0.11125801450071406,-0.023249413640024155,0.03469569962435612,0.9726996143782628,0.0036714452301987045,0.00025861672289094874,-0.002633726640754521
-0.21453488949721838,0.2013140806711219,-0.12550391922844967,0.12171316345675608,0.013068130408366454,0.11823100798449082,-0.01782980366113446,0.044482897278901964,0.9732958534363808,0.003545941310970255,4.408183339373034e-05,-0.002432412560083399
-0.30011227113325073,0.05490319749956423,0.13797990099324878,0.06327572004463293,0.0036256417230763924,0.1179061266555934,-0.02232130672392064,0.03797535542823189,0.9704419779359951,0.003683921211963504,-0.0002560304377395204,-0.002377509362583835
-0.36225042162363486,0.26474043706479233,0.06600493215346656,0.02198416032862451,0.0836232629705231,0.11768717445467589,-0.0192937688486206,0.029694754566132898,0.9682192921669199,0.0037499261441169707,-0.0006182808593631553,-0.0021127689255190426
-0.46493074478907587,-0.004342251732209312,0.13984426385992968,0.0038830792397852266,0.04020056030661992,0.09090278902976455,-0.022419181247299948,0.03683237550589221,0.9725228786544232,0.0038897704079768995,-0.0010832116041522312,-0.002117111177251252
-0.524573653743928,0.2237069080684457,0.2394330170253738,-0.014858814881082365,0.01992935083555108,0.07032971829451568,-0.014101808817074483,0.0297884892578135,0.9580843832562104,0.0041292034250022735,-0.001607785257896159,-0.0018934042691828063
-0.6294418633019969,0.25236948763421,0.136897037308019,-0.05437806674886805,0.07759334130159523,-0.017434603652504044,-0.022010113921398834,0.026374547995946476,0.9572661563501942,0.0042661004623102934,-0.0022372271211981557,-0.0016410347815485962
-0.5089824732342046,0.2602005422840662,0.38265321629850835,-0.07569209072518604,-0.06664527163646562,-0.01853462248142041,-0.025370519784616585,0.03135365610274616,0.9542144852167974,0.004648753678608801,-0.0027462095944323604,-0.0013808342392645301
-0.6084053194809154,0.043664776847435305,0.23041129244463127,-0.12437293918077269,-0.07172751225361958,-0.025934046674222624,-0.016569363484121854,0.045563957942834535,0.9676817026120482,0.004879164971053433,-0.003354614913913276,-0.0013371694624170949
-0.4234837682853725,0.2384540752001427,0.26741625774837885,-0.15809530999439544,-0.10706186642052533,-0.06791225050527759,-0.019491321064735518,0.02401334521629571,0.9644831910833882,0.005146581228801812,-0.003778098682198649,-0.001098715387216952
-0.6672694534197643,0.11807265503170024,0.3796941972853912,-0.11965502545454185,-0.03149613599365434,-0.06665015159425668,-0.01404011233398791,0.03955730451219259,0.961634836233879,0.0055262754260872035,-0.004445368135618413,-0.0009806427321852518
-0.6803446869629028,0.27670741905028656,0.2778416334008529,-0.11738428481602528,-0.07527759132162312,-0.08294882489867063,-0.019113985050246977,0.030481521553993415,0.9622740597095462,0.005804117059488056,-0.005125712822581316,-0.0007039353131349652
-0.414377210567742,0.19000384926380948,0.32530854298049994,-0.09495008194857138,-0.022208332297518448,-0.07193773985697369,-0.022632372981680048,0.040461882382275535,0.9677226484326278,0.006129425602468557,-0.005540090033149057,-0.0005139314638711557
-0.42212101511685246,0.11949570151874939,0.22584791086188408,-0.06489022451246422,-0.09823002208262355,-0.09206835084690972,-0.01224075648843923,0.03919052971782646,0.9572945034740038,0.006355273513330441,-0.00596221104826591,-0.00039443576235240625
-0.4657637931274502,0.10697442845508548,0.17546854249602858,-0.05741658619283748,-0.08604725226104917,-0.06601481983808971,-0.01982337234208705,0.04600003072432878,0.9650583971802378,0.006530742055826471,-0.00642797484139336,-0.00028746133389732074
-0.41685390572984576,0.005329960039967559,-0.019271404062244077,-0.10699013989763717,-0.06832594858671934,-0.03412368260980509,-0.019190587246734257,0.04250472085154456,0.9691417524409158,0.006511470651764226,-0.006844828747123205,-0.0002821313738573532
-0.37954080373380283,-0.11199114067980122,-0.059661074990559004,-0.038058018002650164,-0.10926537086865791,-0.09140673558855066,-0.027022841447137985,0.03628936644516463,0.9638565364396384,0.006451809576773666,-0.007224369550857007,-0.0003941225145371544
-0.17680226731942683,-0.14430852609826123,0.0842365717678183,-0.046117992194233216,-0.07934710815871768,-0.044888969535964676,-0.018319601453547607,0.03527203221283151,0.9650082940576764,0.006536046148541486,-0.007401171818176434,-0.0005384310406354156
-0.14547995807021255,-0.19490269900743082,-0.04470525799007971,0.0022364256307131816,-0.10508276202776519,-0.05317079250971799,-0.009639697017317192,0.03181086754659519,0.9734302088645164,0.006491340890551406,-0.0075466517762466465,-0.0007333337396428465
-0.018748815141774136,-0.21772701124647248,-0.09658668375781498,0.04807542439828005,-0.14235470366454572,-0.06063485198546247,-0.014570272838983302,0.02836553001284875,0.9607797899344755,0.006394754206793591,-0.007565400591388421,-0.0009510607508893189
0.02790917985519298,-0.4253824620184049,-0.13975813672041976,0.054626195058437445,-0.10588512887804935,-0.0066510985009359345,-0.01927356485949996,0.04325512421519591,0.9720877999020299,0.006254996070073172,-0.007537491411533228,-0.0013764432129077242
0.05138064638084151,-0.4162767577760731,-0.20299540233920035,0.10029673682440227,-0.09920541401501515,0.023571819365516444,-0.02247493315622136,0.03559853978658968,0.9580188856136251,0.006052000667733971,-0.007486110765152387,-0.0017927199706837971
0.12393783005108067,-0.5019839026595201,-0.09032614336022383,0.12354033886372079,-0.033880381266900794,0.01490888274074161,-0.02611856459080265,0.03136729065270571,0.959972576001168,0.005961674524373747,-0.007362172935101306,-0.002294703873343317
0.26474676883342524,-0.38732882497986476,-0.15196536599922505,0.17299130955163394,-0.08594393593528249,0.06371861447850954,-0.015296119869482228,0.02515932872985333,0.9589035951231143,0.0058097091583745215,-0.00709742616626788,-0.0026820326983231823
0.24735676673242118,-0.4037713508693493,-0.12019764020444001,0.09771714304999611,-0.02222640950860086,0.04809785927598061,-0.01728713797974378,0.03412605329150577,0.9710370703749172,0.005689511518170082,-0.006850069399535458,-0.0030858040491925313
0.45998552650608127,-0.42107113268350327,-0.12296517890380917,0.11580351602398922,0.012748767244887695,0.06766276891276612,-0.01985073414879398,0.04129499948105149,0.964335883754735,0.005566546339266273,-0.0063900838730293775,-0.0035068751818760346
0.38137415221655874,-0.45498266890501016,-0.13457320348154841,0.16935115073452423,-0.04346955169917653,0.11210099164084235,-0.017792242371628166,0.02939723181507694,0.9633350404350014,0.005431973135784724,-0.006008709720812819,-0.003961857850781045
0.5432173051745577,-0.49722913272295427,-0.07652049747773605,0.10103284913471511,0.06980333174444103,0.11289733505062163,-0.011553369912384412,0.026148208974048747,0.9710934824920553,0.005355452638306988,-0.005465492415638261,-0.004459086983504
0.5210693852392252,-0.3310968163905288,-0.06907079452526499,0.13629763822707658,-0.018042473003400363,0.11754628492691309,-0.019261872666612383,0.03403464206174029,0.9662107750415718,0.005286381843781724,-0.0049444230303990365,-0.004790183799894529
0.5724899214186202,-0.2560685630974702,0.039920226684188445,0.10777136591532205,0.06336993885043223,0.14238838243333068,-0.01750907647869167,0.0328896407584011,0.9648981367409573,0.005326302070465912,-0.0043719331089804156,-0.005046252362991999
0.568225260276285,-0.18997316291470126,0.09840825995304901,0.11476057257232883,0.08034411258329612,0.05372309243909771,-0.0109531495557116,0.02179416189331126,0.9642388488243895,0.005424710330418961,-0.0038037078487041308,-0.0052362255259067
0.49978790686723407,-0.35188381368068533,0.10054348834670691,0.05717364064778635,0.023156189244852212,0.025314054022610534,-0.002030739393008702,0.03249115293626283,0.9649044837426239,0.005525253818765668,-0.0033039199418368964,-0.005588109339587386
0.5494064886934542,-0.014908928218902863,0.2850326627616149,0.013194674604794057,0.03533449210935072,0.070306456309481,-0.024512021823657505,0.0354753966419415,0.9693373985454721,0.005810286481527283,-0.002754513453143442,-0.005603018267806289
0.4679416126592979,0.09689868136713387,0.30021151415702857,0.02412375965866467,0.07733532465084557,0.018806385491892764,-0.01388527418783428,0.031136452685534305,0.9690567239884292,0.006110497995684312,-0.002286571840484144,-0.0055061195864391545
0.5553015431754847,0.1460264631668478,0.08922397124164139,-0.036666191356806724,0.03450584382139352,-0.025858022073615865,-0.023062670208808138,0.034799741874442625,0.9741025831803567,0.006199721966925953,-0.0017312702973086595,-0.005360093123272306
0.43937891337900836,0.012030868743456463,0.16852040436452814,-0.07891941883968683,0.11249561593870477,-0.0864490739091981,-0.024615090219752743,0.03463555640364766,0.9692291192422519,0.006368242371290482,-0.001291891383929651,-0.00534806225452885
0.41649758736146797,0.21704671468997583,0.06053940751487566,-0.12838169622804085,0.0975164614541702,-0.09692218171810735,-0.017836023892647972,0.029306433354487002,0.9633660370476494,0.006428781778805357,-0.0008753937965681829,-0.005131015539838875
0.4175677011698228,0.3443852647440167,0.018894577735772244,-0.11117600125735004,0.09041309467735875,-0.07752437026599578,-0.020821602523428198,0.02663848654557422,0.9604883612309656,0.006447676356541129,-0.00045782609539836005,-0.004786630275094858
0.31782624187839603,0.28034935554715307,0.21965968697911778,-0.19530543403683304,0.1634139376066004,-0.09076667326612073,-0.015553331245121337,0.034529863997265244,0.9678026507423012,0.006667336043520248,-0.00013999985351996401,-0.004506280919547705
0.18598056166604549,0.3119943491905354,0.11866215422399984,-0.16715534939476318,0.05835598392849251,-0.10982434710415878,-0.011697034024035664,0.023371524564508084,0.9641325878384138,0.006785998197744248,4.5980708146081464e-05,-0.00419428657035717
0.11483846209227308,0.47365383428437763,0.14158269387731615,-0.187819244844784,0.09728149267861665,-0.08113822446052205,-0.020714187663016657,0.0293810357359557,0.960066418990317,0.006927580891621563,0.00016081917023835453,-0.003720632736072792
0.1802503959797721,0.30291363939688065,-0.08032083313681831,-0.21068150292645588,0.08593238122531485,-0.14180755520417176,-0.011963932512543001,0.03142738675068318,0.9691393452018883,0.006847260058484745,0.0003410695662181267,-0.0034177190966759117
0.068832921389607,0.451400487921177,-0.049198470970972054,-0.2769807940433411,0.06602247368589899,-0.15459863714480498,-0.017712025840822637,0.031238841229524437,0.9623355574589172,0.006798061587513772,0.0004099024876077337,-0.002966318608754735
0.11543522219972724,0.47106004263466034,-0.18582166363275177,-0.19959773648892004,0.034148036421769064,-0.19499051093965836,-0.020401935474047447,0.027162509324094142,0.9611450596040958,0.006612239923881021,0.000525337709807461,-0.0024952585661200746
-0.07744149469697453,0.3918369230637379,-0.24795405167278925,-0.18507806933281346,-0.03183608081890296,-0.15454159802948697,-0.015432621377684232,0.032371184063778216,0.9673213603364124,0.006364285872208231,0.0004478962151104864,-0.0021034216430563363
-0.0995053769349012,0.3819184308578873,-0.21808100877787054,-0.1455719787650087,-0.003252301490238599,-0.10834831764287789,-0.01519559188309824,0.022298757698095348,0.9645366600919733,0.006146204863430361,0.00034839083817558527,-0.0017215032121984488
-0.2780657498757264,0.32236860856592525,-0.22949745804704588,-0.1262273815658785,0.007923661877934616,-0.05772503217440889,-0.02695873994463955,0.017277001333161533,0.9693283340745373,0.005916707405383314,7.032508829985884e-05,-0.0013991346036325238
-0.23495687814117208,0.25074979045558277,-0.2542599198858866,-0.15727005617671244,0.016191555306760697,-0.07538084926125314,-0.02033430804817317,0.0278028774354232,0.9599190167902089,0.005662447485497428,-0.00016463178984131327,-0.001148384813176941
-0.32208092242048764,0.12736861724547924,-0.28108715937234097,-0.13101067446880033,-0.04393862710368548,-0.02790785736261093,-0.02179877781214889,0.0290252381504381,0.9588307852561062,0.005381360326125087,-0.00048671271226180096,-0.0010210161959314616
-0.45875846621875194,0.13046002215901975,-0.43902308890452263,-0.09082464720972502,3.910660740744261e-05,0.03025208456043245,-0.00936591070859999,0.039581460191052985,0.9589936086243698,0.004942337237220564,-0.000945471178480553,-0.000890556173772442
-0.42533033336471116,0.07946102094680232,-0.40605529586714423,-0.0037262957470362923,-0.05445217289193485,0.05584642428709869,-0.026910792025910665,0.019668382930818767,0.9747388626822834,0.00453628194135342,-0.0013708015118452641,-0.0008110951528256396
-0.3053703440561801,0.038369230206474814,-0.20422994783864734,0.04538865837937632,-0.053836737259720116,0.10289653079393109,-0.019646822707815394,0.030263695071958596,0.9731267560006737,0.004332051993514773,-0.001676171855901444,-0.0007727259226191648
-0.24198470388563845,-0.014754320218140257,-0.2402020589704132,0.049427228917220276,-0.05914239095683665,0.034270241731482014,-0.014648010091624034,0.03565732469570748,0.9546142439796079,0.004091849934544359,-0.0019181565597870829,-0.0007874802428373051
-0.3186827834156459,-0.08986813160619521,-0.19776813850306096,0.07850334979447628,-0.07207733923349985,0.11491996767650753,-0.0028610072737209682,0.033244600658624376,0.9589595060700442,0.003894081796041298,-0.002236839343202729,-0.0008773483744435002
-0.16354565671315205,-0.09439364106192187,-0.18609743270579815,0.11641830032864306,-0.09176046358975137,0.11629192099431222,-0.018547431091239165,0.03242060566017995,0.963077494034398,0.0037079843633355002,-0.0024003849999158808,-0.0009717420155054221
-0.24814200166955772,-0.21475937438803927,-0.01731710225989652,0.13164470945594436,-0.0160356788726163,0.1120971419730236,-0.01669226421704917,0.026505356236918444,0.9630646421668184,0.0036906672610756038,-0.0026485270015854387,-0.0011865013898934614
-0.27349986808364213,-0.2917995548422319,0.04950841166931993,0.17258848666385979,-0.020944563671571166,0.1566816413422895,-0.021725774242010172,0.028010806536599684,0.9664392010328543,0.0037401756727449237,-0.002922026869669081,-0.0014783009447356934
-0.21355142461626214,-0.19879858063477915,0.06452897102670971,0.21248582081349293,-0.05464592696064631,0.17812822259329048,-0.014287194571387097,0.030533485193549356,0.9659840335288968,0.003804704643771634,-0.0031355782942853426,-0.0016770995253704724
-0.007110063169735795,-0.38495451572210865,0.161711335518907,0.18559176256139384,-0.010821310839566719,0.16688222099158118,-0.016422793372709767,0.032550029711768756,0.9616611541703886,0.003966415979290541,-0.003142688357455079,-0.002062054041092581
-0.0370225684270003,-0.31181507612144194,0.25866633422733515,0.2282104315178767,-0.056616730885292614,0.10834441540742841,-0.01938490881572262,0.026757441618176763,0.9650509544630722,0.0042250823135178755,-0.003179710925882079,-0.002373869117214023
-0.0036557096174837933,-0.37294554580233563,0.12230029574936604,0.23794085171872825,-0.0468219781954125,0.18278624627194426,-0.015661063611482836,0.03343804934347909,0.9606755654641601,0.004347382609267242,-0.0031833666354995622,-0.002746814663016359
0.04841190118642262,-0.23270039172318685,0.3178940873872024,0.19549206646856077,-0.01073943029828782,0.13985883884851694,-0.0130754000487469,0.03101054676888148,0.9696617274020062,0.0046652766966544445,-0.00313495473431314,-0.0029795150547395457
0.22785759757020455,-0.1497614009626835,0.33366741764542274,0.20463118220001617,-0.003568867415766616,0.06104035366595457,-0.023559103688584812,0.030301292339266893,0.9699856950664816,0.004998944114299866,-0.0029070971367429355,-0.0031292764557022293
0.1855076826125491,-0.12898397004912263,0.3193780484879099,0.18089247807054257,0.014024027572022412,0.05163072582205152,-0.005339141054616511,0.03473994046843093,0.9519478849706967,0.005318322162787777,-0.002721589454130386,-0.0032582604257513515
0.18044201975473156,-0.1279265663702718,0.40829455325315733,0.16563913052498735,-0.014109401118117777,0.06763539748282989,-0.014314437063198016,0.023954327385710662,0.9575140913888815,0.005726616716040934,-0.002541147434375655,-0.0033861869921216234
0.19948383663310965,-0.053643936266129996,0.23295273750333334,0.10737044473868583,0.008152430928548508,0.03699634147172858,-0.02291041453900708,0.030923832801692797,0.9684091559128271,0.005959569453544268,-0.002341663597742545,-0.0034398309283877535
0.2802403702456905,0.04911735254044298,0.2882766360376582,0.11944726457777538,-0.010445205509870067,0.02261051663810657,-0.01805053884058571,0.030387261002178832,0.9600224965665911,0.006247846089581926,-0.0020614232274968544,-0.003390713575847311
0.2849751122578113,0.2079308481477231,0.27680268185346213,0.020746688868535552,0.0987853661667898,-0.025412566439311064,-0.02089488229257403,0.028036549231415516,0.9621469271544143,0.006524648771435388,-0.001776448115239043,-0.0031827827276995875
0.37866117092430557,0.07219617067714375,0.2182168477766982,0.06747230694732578,0.04582416218562873,-0.05556962362945631,-0.007861394009642133,0.02066828002698936,0.9599412972491438,0.006742865619212087,-0.0013977869443147376,-0.0031105865570224436
0.2370798391385434,0.15616715803591025,0.16258559124163993,0.04928311335307351,0.059501230490002506,-0.037850824412924186,-0.010914867578998191,0.03940124110582221,0.9535682598592296,0.006905451210453726,-0.0011607071051761943,-0.0029544193989865333
0.30967575239413114,0.3335112975874485,-0.027487567090812598,-0.029167668140726438,0.08199819832202854,-0.058587241028826086,-0.01753351801801106,0.0297722326639407,0.9634148904528707,0.006877963643362914,-0.000851031352782063,-0.002620908101399085
0.2429677162313022,0.27260784307607566,-0.0178269387615577,-0.04644380674206389,0.044088468150541585,-0.11053644785115041,-0.0174161537850819,0.033632977473410375,0.9641213541930477,0.006860136704601356,-0.0006080636365507608,-0.0023483002583230095
0.23698316421117835,0.2513723160625262,-0.031389743891996856,-0.11498676607874886,0.029699378593514365,-0.09591892632456984,-0.013765980435668968,0.0321401938456716,0.967590348795702,0.006828746960709359,-0.0003710804723395824,-0.002096927942260483
0.37076211023811334,0.350674294244844,-0.16153590241491508,-0.06949836434482394,-0.011575019651125295,-0.10286521369551867,-0.019818564908249618,0.025971232200715934,0.9640706377487545,0.006667211058294444,-3.1836210146907186e-07,-0.001746253648015639
0.20749338912873228,0.27681710401005044,-0.13260239902130896,-0.14806279866683308,0.07246255259897191,-0.09819122456200176,-0.00912276307463435,0.03149552418659384,0.9645596600933135,0.006534608659273135,0.00020717502702726322,-0.0014694365440055886
0.11428728607452818,0.20087973024288402,-0.22282375903434928,-0.13467487837049374,0.029600527235819976,-0.06794690453962401,-0.01416613424146202,0.03442624837746671,0.967725331419571,0.006311784900238786,0.00032146231310179146,-0.0012685568137627047
0.013169407869223312,0.3275220136744468,-0.25167418228106003,-0.07655193705183667,0.044825157724819084,-0.06684827189879303,-0.012564108253851763,0.022231748711413146,0.958698088594609,0.006060110717957726,0.00033463172097101477,-0.0009410348000882578
0.07983474976118474,0.20957214880376734,-0.3696843571917509,-0.11620943754232475,-0.032944841986344744,-0.051528716816125926,-0.011999615704970601,0.03236360553495632,0.9599599359009992,0.0056904263607659746,0.0004144664707321995,-0.0007314626512844904
-0.036297710509836906,0.052608581409743824,-0.2056855273917306,-0.09097874848620074,0.002300844541673011,-0.006724103428178531,-0.01755344316811064,0.02373149465192891,0.9653743776635002,0.005484740833374245,0.0003781687602223626,-0.0006788540698747466
0.006784763055924889,0.04339795189291093,-0.12980615517898855,-0.09988594428376575,-0.051484837475642004,-0.016569936745115983,-0.010016656562367407,0.028798793570491067,0.9644548106629064,0.0053549346781952565,0.0003849535232782875,-0.0006354561179818356
-0.06810272886587729,0.03615689583483911,-0.04872349700606298,-0.06658340117336217,-0.07490814251516947,0.047380036732092096,-0.012694815485788186,0.019367533811823358,0.9737361789746649,0.005306211181189194,0.0003168507944124102,-0.0005992992221469967
-0.19797504664838736,-0.11869089542610825,0.0074470122696853325,-0.023897138471999802,-0.05581701184823354,0.0324982529257449,-0.015011592032913157,0.028507682633960495,0.9605923117980764,0.00531365819345888,0.0001188757477640228,-0.0007179901175731048
-0.3267768083619059,-0.30631993092352006,-0.040721336055911536,0.0016581952120592355,-0.0684329758368029,0.10511468337310102,-0.01662044054454168,0.0290832852063306,0.9688592659210227,0.005272936857402968,-0.00020790106059788316,-0.0010243100484966247
-0.28747814093768065,-0.2042544979574169,0.10300558193097215,0.002084956845713118,-0.023540692024426546,0.13117955022219693,-0.017970388348022916,0.01999184265004608,0.9647811282196367,0.005375942439333941,-0.0004953792015355638,-0.0012285645464540417
-0.3987228681407297,-0.1858454835520751,0.20306881389184164,0.015555917363241344,-0.05215526482845823,0.1172043139786439,-0.012336937532934354,0.027484096984958982,0.9650539393060175,0.005579011253225782,-0.0008941020696762937,-0.0014144100300061168
-0.44401755360794143,-0.3335123827579639,0.10879083758637755,0.035450322091054504,-0.06688197058624222,0.16888793076110742,-0.02153881330761572,0.03349712743646661,0.9734168560397957,0.00568780209081216,-0.001338119623284235,-0.0017479224127640806
-0.4933814760141173,-0.35913164842135714,0.15969989153000033,0.08492266596132372,-0.10433296019579727,0.10736552284026893,-0.01753097072438891,0.026645744692781793,0.9536488706149986,0.0058475019823421605,-0.0018315010992983522,-0.002107054061185438
-0.5456768633498941,-0.4577756593631387,0.1640613777306311,0.12199349890969914,-0.10406604963831248,0.11793059747933342,-0.02020645250534859,0.029730233231983358,0.9589949504686208,0.006011563360072792,-0.002377177962648246,-0.0025648297205485768
-0.6307722369925521,-0.42297788277235016,0.22227401598396165,0.18660232894398798,-0.11113738370875155,0.10951639715744331,-0.00613036460806198,0.025027436216556027,0.9550132130619612,0.006233837376056753,-0.0030079501996407984,-0.0029878076033209265
-0.5047747907002004,-0.5542410430753845,0.21557992312180194,0.16304309696022604,-0.10797487100787033,0.06490267952429463,-0.012098870665288131,0.027892771943772758,0.9638445928273135,0.006449417299178556,-0.0035127249903409985,-0.0035420486463963114
-0.5070656911545489,-0.3422802378155432,0.22356850324239344,0.15749800902035532,-0.10524080669579997,0.03365856676756236,-0.007313696373538054,0.027613258112223385,0.9618256854925786,0.0066729858024209485,-0.004019790681495548,-0.003884328884211854
-0.4819103493310721,-0.38273961190993094,0.05793110917957944,0.12249773275832866,-0.0388075783098703,0.02323764918236287,-0.014466390605730467,0.025811410905509796,0.965384046134233,0.006730916911600528,-0.004501701030826619,-0.004267068496121785
-0.6333481886513053,-0.4132182361358803,0.166215897095268,0.1526463641530772,-0.08332760904291946,-0.004509051210823142,-0.020649553507436795,0.02265230853278435,0.9601660113171605,0.0068971328086957955,-0.005135049219477925,-0.004680286732257666
-0.4293254766681407,-0.30769100126635224,0.07366778246369032,0.09589072290383473,-0.09016427912028357,0.018308714701428225,-0.01352951654880833,0.029836121288944393,0.9653896693822913,0.006970800591159486,-0.005564374696146066,-0.004987977733524018
-0.46141759383160336,-0.2237778224892938,0.08391418602971926,0.11470424049398131,-0.07755462149855262,0.0020058779221376662,-0.004604966574336605,0.03167886467655203,0.9562187140531162,0.0070547147771892055,-0.006025792289977669,-0.005211755556013311
-0.3888886352179747,-0.15053924692963405,-0.07468760857527551,0.06449959624835414,-0.05820751113336659,-0.03782038174725134,-0.014257218717588185,0.03627312225287032,0.9665265260619982,0.006980027168613932,-0.006414680925195643,-0.005362294802942946
-0.32622094618994535,-0.08933847668853032,-0.04386091670348984,0.02457416650625997,-0.021827686738040173,-0.08307769491721077,-0.011932720027284112,0.029021980456671703,0.9483116141882922,0.006936166251910442,-0.006740901871385589,-0.005451633279631476
-0.2913188209636151,0.08381475483492368,-0.190258705082583,0.03586748365107666,-0.06779929484491153,-0.12676888898338345,-0.011549284226023606,0.021615345345357154,0.9694142148907668,0.00674590754682786,-0.007032220692349204,-0.0053678185247965525
-0.07073853938504318,0.1705488290456057,-0.1767222350271397,-0.03286775644237018,-0.03011846887169213,-0.15895299207414432,-0.01206567990482283,0.03383319534534665,0.9625327608980595,0.006569185311800719,-0.007102959231734246,-0.0051972696957509465
-0.1620223707319121,0.2615014273228013,-0.2958716438776587,-0.02051106937977596,0.00042620321537048967,-0.14035644346987977,-0.011789381681423154,0.03663352574220234,0.9605897519837123,0.00627331366792306,-0.007264981602466159,-0.004935768268428145
-0.13091200544715392,0.24828621636798878,-0.276907239798244,-0.10005860440994392,0.04804839044105853,-0.1864600979522814,-0.009833247919293272,0.016406832861044357,0.9639502579175113,0.005996406428124816,-0.007395893607913312,-0.004687482052060157
-0.033541911113435005,0.16996237667871378,-0.35746919977263036,-0.08658203989140607,0.020328493703847785,-0.131108206054456,-0.013001485172978989,0.0213540071986124,0.9626465020602869,0.005638937228352185,-0.007429435519026748,-0.004517519675381442
0.09164461144040717,0.32408870020002073,-0.2536328508826,-0.16732705828804945,0.031674185964339976,-0.11853013243481104,-0.012093474961523031,0.01773446034814863,0.9558426329882285,0.0053853043774695864,-0.007337790907586341,-0.004193430975181422
0.138319061058786,0.3752114945585972,-0.3103680913205821,-0.21942193082408198,0.055884509626133005,-0.0774265526244185,-0.013108046324262393,0.025473962577254237,0.964764067818821,0.005074936286149004,-0.007199471846527555,-0.003818219480622825
0.34203785281927424,0.42583295995091774,-0.3651037046009857,-0.21186147423222568,0.10191968573844468,-0.17221824430360955,-0.0070658694844389636,0.024509042439521126,0.9574310435849299,0.004709832581548019,-0.00685743399370828,-0.0033923865206719073
0.2475902787782392,0.3606655158390025,-0.12808282185524295,-0.2215013368808023,0.14650284392204357,-0.11381847200347947,-0.013630012584479385,0.022448009312995867,0.9589962636724546,0.004581749759692776,-0.006609843714930042,-0.0030317210048329043
0.2614940764421655,0.32663435115482586,-0.08835835973899372,-0.22196447885275636,0.046528919127249595,-0.08802853783815216,-0.014176175308043323,0.017023487789884745,0.9621205121251115,0.004493391399953782,-0.006348349638487876,-0.0027050866536780785
0.49054495117204033,0.4282689374946326,-0.19120748153603412,-0.16399176331906107,0.10598488740662647,-0.0077445553363786595,-0.014218442792401685,0.014460065247508588,0.9606053375126486,0.004302183918417748,-0.005857804687315836,-0.002276817716183446
0.5279604128704879,0.4460446821084585,0.03384754091271289,-0.23325688309093853,0.11019587766546894,0.054764388351814804,-0.01719155916950583,0.02097703121610301,0.9573056362634194,0.0043360314593304606,-0.005329844274445348,-0.0018307730340749876
0.5002034847583646,0.3804243481452692,0.08133695766544122,-0.1685264630264381,0.07616743417229321,0.03307965975109771,-0.01371131234460183,0.03370425589965719,0.9662451478430494,0.004417368416995902,-0.004829640789686982,-0.0014503486859297181
0.546760970372036,0.35564796534085485,0.07135777014463786,-0.1959833035309116,0.054735990680503666,0.04653615535631923,-0.007598003876370392,0.03061631171718109,0.9494055581877127,0.004488726187140539,-0.0042828798193149465,-0.0010947007205888632
0.4763458263770347,0.3424693064111546,0.1151816393276164,-0.1770438506129438,0.04774073192821653,0.10977668920372947,-0.01641360488966266,0.03078525142959114,0.9517504913610568,0.004603907826468156,-0.0038065339929379115,-0.0007522314141777087
0.5302968744451122,0.3226670506075964,0.1980268286886273,-0.11770090950930318,0.06585550329378277,0.14037350982316013,-0.01167693820782203,0.009028538403788273,0.9531492944703077,0.004801934655156784,-0.0032762371184927998,-0.0004295643635701123
0.5185410327787809,0.17976436891413694,0.07152556846348793,-0.03950088362566672,0.07322795566072562,0.06770673305228801,-0.016505516080382466,0.02312339761735463,0.9609167287605928,0.004873460223620271,-0.0027576960857140184,-0.00024979999465597535
0.4600961475604549,0.09063565052345425,0.3926958115827092,-0.08341115560009876,0.04471688348495195,0.09464948213047479,-0.009054108034346944,0.03411815199544865,0.9594298889129528,0.00526615603520298,-0.0022975999381535635,-0.00015916434413252114
0.6142784140294177,0.050898316371881504,0.2372923050904014,0.005381580729983002,0.0480813236026284,0.18617017916861603,-0.010090225952772612,0.01837033254939456,0.9624738468596449,0.005503448340293381,-0.0016833215241241458,-0.00010826602776063964
0.4902724692410867,-0.08471752902368748,0.29517552057992263,0.05242596604419059,0.050780721054567206,0.15492913198024377,-0.008324102117192152,0.021969805577725404,0.9579341515981039,0.005798623860873305,-0.0011930490548830589,-0.00019298355678432712
0.4235486208595544,-0.13585873122632472,0.35823102861230416,0.07979078590660459,0.005912362995459091,0.13456612519883945,-0.011315732922551579,0.02144501233066836,0.9734301205004802,0.006156854889485609,-0.0007695004340235044,-0.0003288422880106519
0.3097201465881745,-0.06055420227790899,0.3622063420544036,0.10888832176105728,-0.0230347764316522,0.13865256208981713,-0.015162927671596736,0.022474915771673883,0.954594756717607,0.006519061231540013,-0.0004597802874353299,-0.0003893964902885608
0.2554071919214217,-0.1991586758764443,0.20463264209538426,0.07377982806512738,0.04393359276028057,0.08531361800416101,-0.007048403450909793,0.02200358200045245,0.9638933898176641,0.006723693873635398,-0.00020437309551390813,-0.0005885551661650052
0.2404024966660528,-0.25554803277665994,0.354351349441013,0.18115262297631332,-0.02128343984012809,0.09139400320668291,-0.011118540248555122,0.02767047068991768,0.9604392069063716,0.00707804522307641,3.602940115214465e-05,-0.0008441031989416651
0.11229430368757605,-0.22163429518881145,0.1493768779866653,0.21541618377646918,-0.04556971780064717,0.0805983558499412,-0.007249008812365906,0.018320492219080536,0.9614603700676366,0.007227422101063075,0.0001483237048397207,-0.0010657374941304765
0.1490560870488601,-0.27243928227763164,0.15803505845452923,0.24825493563369883,-0.020942519717274864,0.010188218990532153,-0.016548669710348005,0.020840772272448283,0.963233819048769,0.007385457159517605,0.00029737979188858076,-0.0013381767764081081
-0.0856235298589334,-0.28013268838061517,0.1240807248380176,0.1735903452486563,-0.009299836368403348,0.04630361798322199,-0.016014686065490613,0.013421369585448439,0.9563009326097923,0.007509537884355622,0.0002117562620296474,-0.0016183094647887232
-0.05511062295867768,-0.2740179941243169,0.014226374005151428,0.2809075282106986,-0.056584498044143484,0.020114304224710396,-0.009287598028609364,0.016695029478319787,0.9631942877441295,0.0075237642583607725,0.0001566456390709697,-0.0018923274589130402
-0.144872155892602,-0.3008597526281191,-0.0031161565787311413,0.2542267006540521,-0.05797940327670944,-0.007570314384644694,-0.00943629645232865,0.020682154025437712,0.9562020578405828,0.007520648101782042,1.1773483178367683e-05,-0.0021931872115411592
-0.3174257091211955,-0.2614700805475995,-0.09060734253122439,0.19099653402433847,-0.07746377019453685,0.005409698030421231,-0.015170962197116389,0.022346491402581575,0.9637195457345246,0.007430040759250818,-0.0003056522259428278,-0.002454657292088759
-0.2534096562510296,-0.09111956415986205,-0.14139564103243651,0.22016277048791402,-0.09087019844981709,-0.038732520924770475,-0.011752679743612156,0.02122967718815408,0.9566384622737597,0.007288645118218382,-0.0005590618821938575,-0.0025457768562486206
-0.3115482746195845,-0.054584912606765804,-0.11797361651935453,0.18878072479570554,-0.04595689890625261,-0.031048196902900227,-0.005560964846706813,0.020095001389923258,0.9632904112984366,0.007170671501699028,-0.000870610156813442,-0.0026003617688553863
-0.34391333654778555,0.05038603400023722,-0.18556830527965315,0.12701332168123652,-0.06306557545008351,-0.06778852690073092,-0.007883756613840852,0.014654654311533028,0.9588604001986528,0.006985103196419373,-0.0012145234933612274,-0.0025499757348551493
-0.49529833085377417,-0.06044073880379758,-0.1895543341756904,0.1341966638710053,-0.07080461252766707,-0.06946451913644779,-0.014004318539194177,0.01872802897256534,0.9600572655988824,0.006795548862243684,-0.0017098218242150018,-0.0026104164736589467
-0.28640609712493303,0.09618353758046695,-0.1552631224815889,0.051726568234852825,-0.011626249118106167,-0.1031018765901121,-0.010073728716906311,0.020047839129462897,0.9592752277878532,0.006640285739762095,-0.0019962279213399346,-0.00251423293607848
-0.32975965633897675,0.16141119832284567,-0.2560997684512251,0.04169459439621351,-0.016275361534815725,-0.06682218436845355,-0.002484850998511979,0.020900788044449763,0.9550451825728251,0.00638418597131087,-0.0023259875776789115,-0.002352821737755634
-0.2965647602018193,0.15951398839794953,-0.1274355220301811,-0.08403373840637421,-0.07343940940621516,-0.0568435317350059,-0.007502735770977202,0.022796159170011734,0.9619824220210774,0.006256750449280689,-0.0026225523378807306,-0.0021933077493576842
-0.35466079920789423,0.04153841194600799,-0.1960216103050651,0.00419389258799822,0.02379482613038729,-0.023649722773771524,-0.011405164650533008,0.01670644832107989,0.9559831256784778,0.006060728838975624,-0.002977213137088625,-0.0021517693374116763
-0.2667354193304748,0.2853730266338273,0.04422579315290123,-0.07553784842393636,0.03949995814013046,0.0016500540860567067,-0.012878939103677933,0.016838682137754638,0.9582395163895527,0.006104954632128526,-0.0032439485564191,-0.001866396310777849
-0.2998809083150611,0.24716570759419493,-0.05330528653516608,-0.10814896194689207,-0.013141749134675425,-0.01052192970798386,-0.010030442728491946,0.02284368635583547,0.9621474784812855,0.006051649345593359,-0.0035438294647341614,-0.0016192306031836542
-0.26951148306198536,0.23737353762654353,0.04256337248616944,-0.09847906436957517,0.04435409010141746,0.039979442597943234,-0.008687332253736885,0.018528476662771385,0.9580752705007954,0.006094212718079528,-0.0038133409477961473,-0.0013818570655571105
-0.2775604284771266,0.18981756262683366,0.12485074858313,-0.12560132872340146,0.051617086989360475,-0.029543211734054248,-0.007472983899221562,0.015582167199887868,0.9661484341881414,0.0062190634666626585,-0.004090901376273273,-0.001192039502930277
-0.1253245490835612,0.2760596574605078,0.03813548178528012,-0.1504124233631459,0.037682711746054594,0.024759642268550132,0.0026146625856030004,0.013936856568767001,0.9640896696610539,0.0062571989484479385,-0.004216225925356834,-0.000915979845469769
-0.13338464393999183,0.18276034742172564,0.2779975315494705,-0.160130084551421,0.04983670635893658,-0.0001311252627924659,-0.01134707038665227,0.022904117841079635,0.9655592302475745,0.006535196479997409,-0.004349610569296826,-0.0007332194980480434
-0.014528749593224321,0.3419864924846157,0.26455520050034037,-0.13766245180449385,0.021071800652864504,0.035986249303698696,-0.015283537054203884,0.020657084436229666,0.9595700216370868,0.006799751680497748,-0.00436413931889005,-0.00039123300556342765
-0.04290522900380586,0.10746537762913952,0.20977627986687902,-0.12571225260188465,0.045628016006046074,0.1070353323387325,-0.0029966262800351215,0.015387776160968356,0.9643155443474626,0.007009527960364627,-0.004407044547893856,-0.00028376762793428815
-0.025064401899300176,0.1283077101202479,0.11860364721664854,-0.10210931233046,0.015354700154586672,0.0763166769904936,-0.010826459832985467,0.01610967196910676,0.9622781023556513,0.007128131607581276,-0.004432108949793156,-0.00015545991781404023
0.07379658821483913,0.004976839077210875,0.0983155057115492,-0.10797045633205427,0.051102962899906706,0.10986889739579321,-0.00769148171357533,0.0188305201108544,0.971126303225973,0.007226447113292825,-0.004358312361578316,-0.00015048307873682934
0.2522041845651769,-0.123685485939063,0.09327145047059371,-0.06931759428242591,0.04419056819276228,0.13189690003713278,-0.004265234182010759,0.009764888086071663,0.9507005032173333,0.00731971856376342,-0.004106108177013139,-0.00027416856467589234
0.23483191949922072,-0.08653331907170189,0.143192850740268,-0.03914091847887892,0.04251495234085894,0.0713004029899202,-0.007815305211663561,0.0259019056232844,0.9594834075505112,0.0074629114145036875,-0.0038712762575139185,-0.0003607018837475943
0.3344454392066094,-0.2912639675195114,0.08038617278889032,0.03347063071995283,0.03389327884870622,0.08637960361418844,-0.003822355672490721,0.009856997553144804,0.9625408295651161,0.0075432975872925774,-0.0035368308183073094,-0.0006519658512671056
0.2708055765887271,-0.32491663463304943,-0.008486532485885651,-0.035221941490905385,0.003128541489548519,0.08546103660638803,0.00033181104854280736,0.022919240679444314,0.9550473428174954,0.007534811054806691,-0.0032660252417185823,-0.000976882485900155
0.2825975340461859,-0.33848812068483214,-0.09979719660677527,-0.010713768026015752,0.014788561602679702,0.05100302682267372,-0.005244882260618529,0.014281414910640527,0.9572981462666657,0.007435013858199917,-0.0029834277076723962,-0.0013153706065849875
0.37294815796789965,-0.3460407944979922,-0.108166142868921,0.10447907327814786,0.0637623636220025,0.01844908466452127,-0.005385923400614499,0.01993629293975195,0.9638216737100053,0.007326847715330995,-0.0026104795497044965,-0.0016614114010829796
0.39165051920551897,-0.5119680417359932,-0.2164354469552766,0.12811762007941224,-0.07588639129058507,-0.0596179051076867,0.0005445132534589612,0.014740310866619269,0.956309152639733,0.007110412268375718,-0.0022188290304989778,-0.002173379442818973
0.3620066512219552,-0.41005576654411197,-0.16407909587254205,0.15073916393526574,-0.028578456754658435,-0.031063030891825896,-0.00933592721173216,0.010108478879089914,0.961721993680797,0.0069463331725031765,-0.0018568223792770223,-0.002583435209363085
0.3304902061492573,-0.47686173887079275,-0.2026673278972017,0.1367053213512159,-0.03904395566324228,-0.04787561775373851,-0.013872361579134547,0.015265161886255516,0.9630929588395307,0.006743665844605975,-0.0015263321731277652,-0.0030602969482338774
0.23644476660546654,-0.42835418943497333,-0.3696196276328508,0.1545192124832395,-0.04711321595668149,-0.09357362818836622,-0.006299721413216039,0.018578641010515803,0.9630199232834241,0.006374046216973125,-0.0012898874065222984,-0.0034886511376688504
0.2811646317743315,-0.3964855549826466,-0.33000472241532136,0.13846278012064825,-0.09716851071574545,-0.12049016830872593,-0.004589666910998483,0.020106282284499538,0.9642913584831392,0.0060440414945578036,-0.001008722774747967,-0.0038851366926514978
0.14561626954028878,-0.4341362981878402,-0.27931816595294423,0.13430904378537434,-0.0247545813420712,-0.1653357436364662,-0.019530534460493215,0.017263335944762873,0.9601570494588062,0.005764723328604859,-0.0008631065052076783,-0.0043192729908393375
0.04939240280644356,-0.36509691099087993,-0.19025222864530567,0.1182060209258253,-0.16242863264147242,-0.14378128336476906,-0.000107556803957699,0.01239525149681661,0.9617265647234929,0.005574471099959554,-0.0008137141024012348,-0.004684369901830218
0.021108296645580657,-0.3500843265870035,-0.27993828302655166,0.09160770661049303,-0.06316404045548811,-0.11926977653893127,-0.011538389303370497,0.010023821333717466,0.9709247538951248,0.0052945328169330015,-0.0007926058057556541,-0.005034454228417222
-0.09323282807115445,-0.16306676015995986,-0.13999819140544287,0.0917996986960463,-0.0903355841171184,-0.1411885876067832,-0.006542518834933003,0.008163130644224553,0.9581703852185135,0.005154534625527559,-0.0008858386338268085,-0.005197520988577182
-0.08308288471059641,-0.17085491314476065,-0.20500570364217544,0.11065014641602772,-0.06718393971188548,-0.11603319728818175,-0.0024126048033548658,0.009777067042131639,0.9663465493605713,0.004949528921885383,-0.0009689215185374049,-0.005368375901721942
-0.022482648528049293,-0.05650662114669992,-0.05564613178441684,-0.028933801912934223,-0.1248225083760942,-0.06403212558230656,-0.007441586059592293,0.021524334336979953,0.9625269434759893,0.004893882790100967,-0.0009914041670654543,-0.005424882522868642
-0.24692344825815934,-0.15680905291510575,0.009343758896366988,-0.010801642093677831,-0.10258539147759778,-0.106793427603814,-0.01104134012140789,0.01847225755861309,0.96423977812756,0.004903226548997334,-0.0012383276153236137,-0.0055816915757837485
-0.3435283260399037,0.09973807776990591,0.09697268341212154,-0.03102337606791975,-0.07751947611322813,-0.04785580611424544,-0.005375169888527453,0.007055865285336486,0.9604482335102763,0.005000199232409456,-0.0015818559413635176,-0.005481953498013843
-0.29481525690135113,0.2801361534349109,0.12100675226405144,-0.07196418256270827,-0.10238304883191297,-0.05634589635276988,0.0049828894455893865,0.0022051780677688534,0.9613801798179601,0.005121205984673507,-0.0018766711982648688,-0.005201817344578932
-0.451572728144656,0.28234846850372186,0.2721983077168896,-0.12687389913734942,-0.05737211667374568,-0.037629522105737674,-0.012610558904796478,0.0044584864208865715,0.9599210605308717,0.0053934042923903976,-0.002328243926409525,-0.00491946887607521
-0.5359579735582627,0.27512031211201476,0.22753934104973964,-0.1572962489994868,-0.06470878694815085,-0.009715239973526845,-0.012328039145785764,0.012129593818216284,0.9584681564432062,0.005620943633440137,-0.0028642018999677876,-0.004644348563963195
-0.45698319357264106,0.3577792034011435,0.16089481302268238,-0.15705498260277745,-0.08392196524096397,-0.055153874106486554,-0.010138534083372935,0.018367288351222276,0.9658656850462576,0.005781838446462819,-0.0033211850935404284,-0.004286569360562052
-0.49983706481697565,0.4251020906601912,0.28039721627259856,-0.19826149012882496,-0.076789905380047,0.029174759105358272,-0.00929826222874363,0.01639088146720487,0.9657527897493621,0.006062235662735418,-0.003821022158357404,-0.0038614672699018603
-0.5659628315735101,0.48504827415948965,0.21193829072066828,-0.17033672408708606,-0.016554657196182036,0.07586556070953064,-0.005958483354338665,0.01262129354644777,0.9589781957556265,0.006274173953456086,-0.004386984989930914,-0.0033764189957423705
-0.5797594856225058,0.4234244387297434,0.3487961856520973,-0.19862295711979341,0.009010641139958727,0.10290693327839734,0.0048004813360915674,0.005378198863337619,0.9627608566259176,0.006622970139108184,-0.004966744475553421,-0.0029529945570126274
-0.6332355725480029,0.47408300034709555,0.16043245464845407,-0.25844680849073076,-0.022789615652333263,0.07892243681733313,-0.002713408291222094,0.01267758117008329,0.956453368591741,0.0067834025937566385,-0.005599980048101423,-0.0024789115566655317
-0.5371263843780318,0.3176216322733002,0.3504596044260264,-0.24684231713725327,-0.025108213203524393,0.12674740517636104,-0.008222472338132308,0.011939154981085042,0.9582293280382793,0.007133862198182664,-0.006137106432479455,-0.002161289924392231
-0.5649331691924343,0.2779715010392856,0.33556932527523464,-0.23113032785200316,0.10587615712586936,0.18615025908248495,-0.0037422325533466557,0.014867944682079103,0.9487990081090547,0.007469431523457898,-0.006702039601671889,-0.0018833184233529457
-0.4297563100731052,0.3288106182902505,0.15142681930322394,-0.1825758877943967,0.08007887759427916,0.1877545122739644,-0.003350643021418314,0.0124241005575783,0.9675671191875829,0.007620858342761123,-0.007131795911744994,-0.0015545078050626954
-0.38767435905091047,0.4664998358113741,0.14776877199516542,-0.14664873546479912,0.058949359201685134,0.17636690129933946,0.004970257314590831,0.000267469863248021,0.9617560764741102,0.007768627114756288,-0.007519470270795904,-0.0010880079692513211
-0.4166783048859718,0.1977530769598869,0.01707791692459093,-0.13022822861856323,0.11533117708518038,0.23021106880107936,-0.0044109418482704684,-0.0006914417386933314,0.9587085573622394,0.0077857050316808805,-0.007936148575681876,-0.0008902548922914344
-0.2862123796121112,0.23005317839954426,-0.12226204380694114,-0.0805814780447482,0.16533914115622284,0.17459174805407834,-0.009380566318280291,0.012514455584425942,0.9619487151834232,0.007663442987873938,-0.008222360955293986,-0.0006602017138918901
-0.26215837279237514,0.27865237922166086,0.011678844200187305,-0.018875504680229412,0.11438057953728839,0.1665745677621545,-0.0011369725827019175,0.0009947826559549271,0.948364753715563,0.007675121832074125,-0.008484519328086363,-0.00038154933467022926
-0.2748545034159732,0.02931956909034527,-0.17242898789376404,-0.04947108762494261,0.0983520882167352,0.12864149181273485,-0.009339423057595546,0.010343770691022094,0.9597272753400915,0.007502692844180362,-0.008759373831502337,-0.00035222976557988396
-0.01054592324659731,0.03344032933046017,-0.07060296686408303,0.017388554649739665,0.11333677201226477,0.12475755991933807,-0.004283777955719798,-0.004059335460401206,0.9501509586594157,0.007432089877316278,-0.008769919754748935,-0.00031878943624942383
-0.033260238994103866,-0.06914999726538446,-0.2741831369188719,0.038119389681981794,0.12781518063185887,0.07121406375686014,-0.001787583951178085,0.013050930778209242,0.9651982884331434,0.007157906740397406,-0.008803179993743037,-0.00038793943351480827
-0.02312612693032008,-0.1856321145662722,-0.09172600580169657,0.07859114280003451,0.10536491783372379,0.07242774402587773,-0.0014717397633354414,0.016586405742159104,0.9663378354503571,0.007066180734595711,-0.008826306120673357,-0.0005735715480810806
0.04510187699322872,-0.16945168949937306,-0.15183384709076897,0.0846212205587129,0.0833987610284469,-0.031375483503204106,-0.00035878888110367794,0.014064478640190066,0.9526836438837074,0.006914346887504941,-0.008781204243680127,-0.0007430232375804536
0.2989234527561281,-0.22793614339476848,-0.11285012797493252,0.15576253568387138,0.03874492597981645,0.0069880406855653086,-0.0006924501183225495,0.009830208463482294,0.9624413094966093,0.006801496759530009,-0.008482280790924,-0.0009709593809752219
0.32597865007277155,-0.25873688974503173,-0.11749904193974667,0.20543498623175957,0.09216817749054933,-0.02043641876502625,0.0009976843733819482,0.011500618502283979,0.958246351931205,0.006683997717590262,-0.008156302140851229,-0.0012296962707202537
0.27430159167575546,-0.4262112954688708,-0.13839409078727213,0.2209025697539427,0.05761725109895608,-0.05315216612026837,-0.012754753474443355,0.004856774099841021,0.9520069218916271,0.00654560362680299,-0.007882000549175473,-0.0016559075661891247
0.3684802271796216,-0.34884509739846825,-0.2761109782528621,0.2088861776928709,0.03594136528346688,-0.01370821418450282,-0.004310392946916979,0.00914347616706075,0.9727274045257668,0.006269492648550128,-0.007513520321995851,-0.0020047526635875927
0.4240544562805634,-0.3050678818575934,-0.16132741544578255,0.269413743261462,0.042635220063737954,-0.05367214482535756,0.00247798074374607,0.002292449803291465,0.9538332550715851,0.006108165233104345,-0.007089465865715287,-0.002309820545445186
0.3677192041172067,-0.19453488108832917,-0.054545882495881104,0.19787077900219974,0.003585976970597999,-0.08229174676795731,-0.009895824644891868,0.003501138949825,0.9655182073864751,0.006053619350608465,-0.00672174666159808,-0.0025043554265335157
0.6013486597817916,-0.18529499617122103,0.15690866789480526,0.198163111242769,0.03677283488278126,-0.07717347260324756,-0.0021116211744926817,0.012488668720046843,0.9563346541245351,0.006210528018503269,-0.006120398001816288,-0.0026896504227047367
0.5663049723344283,-0.1374247927297785,0.07988933256842667,0.1551508662842483,-0.023047343734131438,-0.0863809111709804,-0.008690180899873395,0.00888883110999801,0.9513139376544552,0.006290417351071696,-0.00555409302948186,-0.002827075215434515
0.5490114153266897,-0.1463883110161024,0.04984465535863402,0.20704140712914615,-0.04795576986545169,-0.09776179358411745,-0.0007534959708701645,-0.0025373973093408683,0.9597351686555768,0.006340262006430331,-0.00500508161415517,-0.002973463526450617
0.5275312038097147,-0.019563918318770586,0.07992659163284208,0.11841809577971223,-0.02620380268335386,-0.07532185757923897,-0.0006328664622814197,0.00829931626495213,0.9654721709353463,0.006420188598063172,-0.004477550410345455,-0.0029930274447693877
0.4956724702367716,0.09910144775366664,0.19805503979804817,0.14046348953540433,-0.03748342797510994,-0.09174841728400819,-0.0014260553773505782,0.008346626256867882,0.9540731796577604,0.0066182436378612215,-0.003981877940108684,-0.002893925997015721
0.45766126313363487,0.11958793591193524,0.060958247201664345,0.005594848015655127,-0.06481540845393993,-0.03287457080661475,-0.004529839069716483,0.010310288662159552,0.9616660036535756,0.006679201885062886,-0.003524216676975049,-0.002774338061103786
0.5365983635934124,0.05726267865705068,0.2101463465551021,0.04646838346900938,-0.033624711397047896,0.026408936094878953,-0.00695428666847288,0.0011191938433698229,0.9614761644873457,0.006889348231617987,-0.0029876183133816367,-0.002717075382446735
0.44846827326620464,0.16028299539647933,0.19351524207279758,-0.034008811231965475,-0.01933877706364598,0.04335463932770889,0.003284120125039893,0.005916913022709514,0.9604682419374294,0.007082863473690786,-0.0025391500401154322,-0.0025567923870502556
0.3168229211563887,0.27325410250342413,0.19520897312644386,-0.006838413044462914,-0.03393838378457345,0.048729953968896504,-0.0042500121661536066,0.011888526636213283,0.9725053064024285,0.007278072446817229,-0.002222327118959043,-0.0022835382845468317
0.32428207966755135,0.24593162829557258,0.08465444158437757,-0.0011774418137232398,-0.023353464735696158,0.029495030017843003,-0.0015371232124449766,0.010414038320524458,0.9567741612647125,0.007362726888401607,-0.001898045039291492,-0.002037606656251259
0.12692251049696324,0.1883661569501731,0.04354862405443036,-0.0949510317080136,-0.10943125595598598,0.13743959555596538,-0.00028366904340307243,0.0012124449407296106,0.9657998964935076,0.007406275512456037,-0.0017711225287945288,-0.001849240499301086
0.13225869690263947,0.2398091865910097,0.09815208551641244,-0.11961405664112608,-0.09764965166066901,-0.011785773199663696,-0.00676062515921549,0.0019132039838208065,0.955852022930761,0.0075044275979724495,-0.0016388638318918893,-0.001609431312710076
0.09090303479491446,0.18475185471778327,-0.08584297909721196,-0.14414624514960928,-0.028441608016928844,0.10534668763021471,-0.000986888551223993,0.0064814145868253535,0.9550980122595146,0.007418584618875238,-0.001547960797096975,-0.0014246794579922928
-0.1876149015665011,0.22796960796659937,0.034306653583160526,-0.10284502281598804,-0.046952450422035386,0.19009427504930804,0.002161434410141509,0.006083626912145167,0.9620292417720449,0.007452891272458398,-0.001735575698663476,-0.0011967098500256935
0.023791277267798637,0.2559037060766147,-0.04059272158125857,-0.16393568460783453,-0.00648306619153426,0.12067212547138101,0.000461990924204892,0.00494947249412165,0.962076807519604,0.007412298550877139,-0.0017117844213956777,-0.0009408061439490787
-0.13602289626295888,0.1466828639846997,-0.21176618357034388,-0.12763138988867448,0.04078670819660678,0.06525823008131224,-0.002728142306825791,0.013728190627296237,0.9648416876043494,0.007200532367306796,-0.0018478073176586363,-0.000794123279964379
-0.1114210915524623,0.17213323182722784,-0.17801996939713882,-0.1645553114959931,-0.0040143573901777205,0.09233314253085562,-0.004428022013881082,0.011276832507945846,0.960151759083929,0.007022512397909657,-0.001959228409211099,-0.0006219900481371512
-0.30787708600562036,0.1159554320218143,-0.3361667219800205,-0.09037194002200968,0.03760175323000239,0.06759051186128283,-0.002478992827483198,0.010655949515301525,0.9523915069548432,0.006686345675929637,-0.0022671054952167194,-0.0005060346161153368
-0.21137443676618844,0.07961266200172348,-0.3416274077220157,-0.06330088467430321,-0.023095451943123672,0.04079306222025951,-0.0051709137449396534,0.003990522938748237,0.9564075106765978,0.006344718268207621,-0.0024784799319829075,-0.0004264219541136134
-0.3430216982918436,-0.002102681804221136,-0.4479989126086408,-0.08022217078143415,0.048736137845969855,0.08020032480533942,0.0045151167016286185,0.0034690622557158315,0.9630132637865411,0.005896719355598981,-0.0028215016302747514,-0.00042852463591783456
-0.24731062677710414,-0.059817783000897906,-0.31807590027640187,-0.04061785960489211,0.018109012923446136,0.011587579548889846,0.002128942329993223,0.007824315121976462,0.9569387434732025,0.005578643455322579,-0.0030688122570518553,-0.0004883424189187325
-0.2484569089247961,-0.23193186048457404,-0.23319067984611513,-0.045351381242479026,0.07845042157376372,-0.033411302920459116,0.007090457989919322,0.003084274781879449,0.9495974248850361,0.005345452775476464,-0.003317269165976652,-0.0007202742794033065
-0.3718559043445678,-0.25291047599198135,-0.2797155373809395,0.0025843970024786193,0.09095579814730947,-0.04573276770424061,0.0015695552624004699,0.0031778496970722415,0.9625474378687189,0.005065737238095524,-0.003689125070321219,-0.0009731847553952879
-0.28714155545009457,-0.27232772131527333,-0.1565602687044546,0.033394359885204714,0.08781510486500242,-0.0909276562447407,0.002208599786839226,-0.00040021419375309503,0.9586476820596606,0.0049091769693910695,-0.003976266625771314,-0.0012455124767105613
-0.41424414383958136,-0.2200930496210095,-0.2681283732825804,0.0841444368133903,0.07478252375513322,-0.12829912348275832,0.0007658702428199509,-0.0011920861326763493,0.9676605988010157,0.004641048596108489,-0.004390510769610895,-0.001465605526331571
-0.2579616259593528,-0.32238774657368063,-0.1194713066590355,0.07055549995120916,0.09845254909152566,-0.14029135560673897,0.011368088945061866,0.0021054210620184907,0.9668189686333517,0.004521577289449453,-0.004648472395570247,-0.0017879932729052514
-0.3021445699592152,-0.44374726760140093,0.021970225921461015,0.10944772148801814,0.05531427306446246,-0.1098273376974016,-0.0001627680833580932,0.004694059882506254,0.9473334610725402,0.004543547515370914,-0.004950616965529463,-0.0022317405405066523
-0.25758737777287827,-0.4656533774078012,-0.1142400406149806,0.0717703044042818,0.07976768964759194,-0.12689845406893155,0.0020834669901993574,0.009545988877677604,0.9595280524369073,0.004429307474755933,-0.005208204343302341,-0.0026973939179144534
-0.15840042579376926,-0.3920122646487757,0.056637987220715294,0.0898838353460156,0.0520860041373747,-0.15938589234567369,0.006142449704487671,0.008312228382783317,0.964780080327965,0.004485945461976649,-0.00536660476909611,-0.003089406182563229
-0.1902190981737475,-0.423178325900139,0.2073996063202147,0.14052671354541826,0.07836320202490354,-0.09674191386174989,0.0049480937777075795,-0.002681179627945586,0.9625959235073812,0.004693345068296864,-0.005556823867269858,-0.0035125845084633678
-0.0964162899507619,-0.39897314794767835,0.17077769866052794,0.12829529922600552,-0.014801798595410913,-0.1199728997244074,0.0058744501894003615,0.0004431797197635655,0.9536848722352321,0.004864122766957392,-0.005653240157220619,-0.003911557656411046
-0.0058692693298269955,-0.39404266444647595,0.2214528978836381,0.12032420474354136,0.024221412357232543,-0.07334504270164253,-0.004651575938880494,0.009294713896602453,0.9595586211155853,0.005085575664841029,-0.005659109426550446,-0.0043056003208575225
0.012823147542836557,-0.35684779718379295,0.33205032989884353,0.09912421761927344,0.004211799014804317,-0.09898895816851334,-0.003413434743378905,0.006251867783101177,0.9537793116276492,0.005417625994739873,-0.005646286279007609,-0.004662448118041315
-0.016662489859412183,-0.31418633628810416,0.20634694665330577,0.08740036489374166,0.0005517578345264336,-0.05483813372431658,-0.004107161192901436,0.006579337297132803,0.9629067799255566,0.005623972941393178,-0.005662948768867021,-0.004976634454329419
0.11730658819441099,-0.11687411582056066,0.3412838781572887,0.057122279963779846,-0.012314452966642202,-0.03157715941301197,-0.002770294439856447,-0.003880412100374888,0.959603726363239,0.005965256819550467,-0.0055456421806726105,-0.005093508570149979
0.17710404779301525,-0.09027666265664998,0.35030487080087486,0.07384295364024918,-0.06497088076960959,-0.003246681282617658,0.0009629459220444426,0.002286105525517379,0.969617928416683,0.006315561690351342,-0.005368538132879595,-0.00518378523280663
0.34018113561339397,-0.0751147280333117,0.43003365684863104,-0.01548460815369529,-0.07281766443374824,0.01628986601863705,0.0017210391186478458,0.002606939275683727,0.9590928278244815,0.006745595347199974,-0.005028356997266201,-0.0052588999608399415
0.315885225590808,0.05540693979872382,0.37871983250120095,-0.02907784254111997,-0.035720291047265644,0.07354085669129141,0.0051078261653156746,0.0019556560828042817,0.9595385106681319,0.007124315179701174,-0.004712471771675393,-0.005203493021041217
0.3745477675675774,0.10746073828349352,0.21264733370357392,-0.03976294373254938,-0.031170472664202913,0.08853515746702138,-0.006192076639944399,0.005373469956726522,0.9464517663306328,0.007336962513404748,-0.004337924004107816,-0.005096032282757724
0.23162623381772282,0.19580763650186037,0.09715463352801404,-0.09871980279134882,-0.11026768513307983,0.10743334060951788,-0.007140053115187069,-0.006143775894487484,0.9646947257358676,0.007434117146932761,-0.004106297770290093,-0.004900224646255864
0.2662081550694682,0.2650343870926554,0.06934038821296346,-0.11668247351789367,-0.12260846584723556,0.06549979569210046,0.010794202373719487,-0.0018431052953175832,0.9559686753322063,0.0075034575351457244,-0.0038400896152206245,-0.004635190259163208
0.3036173810963463,0.3134031913982186,0.010425678930732669,-0.13758983555885662,-0.018954383694669213,0.15923374972506651,-0.003137427487764966,-0.0029987668082081228,0.9520655990317023,0.007513883214076457,-0.003536472234124278,-0.00432178706776499
0.2906735413974255,0.35688016850330745,-0.01042424509307957,-0.17085463463830666,-0.08861780184128261,0.1585986516143335,0.007680617538947771,0.006307017588147649,0.9567297588646057,0.007503458968983377,-0.0032457986927268527,-0.003964906899261682
0.28815261054528335,0.4326305153533299,-0.1114952454710246,-0.2551633690536961,-0.10810013214476104,0.13810247811594453,0.007906948081672933,0.0015159638964642986,0.9596859346970976,0.007391963723512353,-0.0029576460821815692,-0.0035322763839083526
0.2997773898954527,0.5361411224899487,-0.014953571400363935,-0.256905305823175,-0.1139226453509888,0.14886164637004426,0.009398723145628772,0.004288227147238096,0.9690641593366727,0.0073770101521119895,-0.0026578686922861167,-0.002996135261418404
0.34595599783063274,0.38867781135154594,-0.0971978587928482,-0.19038633704691876,-0.06619707169155854,0.1083722723491024,0.007917472816344355,-0.0045309619499611835,0.961957132498996,0.007279812293319141,-0.0023119126944554837,-0.0026074574500668576
0.15471811126537985,0.2951846690308547,-0.23258555181385837,-0.21725790087722707,-0.09353074914514367,0.13728586898556214,0.0031204245896490007,-0.008330379429843111,0.9640693897549542,0.007047226741505284,-0.002157194583190104,-0.0023122727810360034
0.13021879465233735,0.377065880905309,-0.3164669541300166,-0.16846701040241033,-0.0702349764853692,0.12038820905150653,-0.00025394937499728827,-0.0069888405959421486,0.9569027908982637,0.006730759787375267,-0.002026975788537766,-0.001935206900130694
0.14248193713208024,0.41374321326905267,-0.242818213755216,-0.20061084559139322,0.029508003522210502,0.0733930595416314,0.0028898643933172314,0.00471996749577718,0.9732425261165162,0.0064879415736200504,-0.0018844938514056863,-0.0015214636868616414
0.03067789217823909,0.3474031974763861,-0.1901817619067543,-0.1665185570346956,-0.03315013643544025,0.04625227869593129,-0.00014362205498305233,0.003749552696054657,0.9566471058145855,0.0062977598117132955,-0.0018538159592274472,-0.0011740604893852554
-0.0998294849000532,0.3266191720696805,-0.08827080780656157,-0.145354927890637,-0.07383747705668857,0.03577688793793943,0.007221282767109,0.0005802181931112448,0.9578592707102924,0.006209489003906735,-0.0019536454441275003,-0.0008474413173155749
-0.18759616664043877,0.15168832228851759,-0.09166674404470211,-0.1116661282529929,-0.01039543252003905,0.07852444857311149,0.0014331499086386178,0.0005612495020871685,0.9504382348463323,0.006117822259862032,-0.002141241610767939,-0.0006957529950270573
-0.21077643353970882,0.23879073766518083,-0.07605602238046967,-0.057530804494684895,0.03899917873995012,0.003393894361455445,0.01259724778266699,-0.002654062956203933,0.9577402306290912,0.006041766237481563,-0.002352018044307648,-0.00045696225736187643
-0.18339367009476848,0.13706111223918188,-0.08795368061961642,-0.04908383215429566,0.008421139137536338,-0.03295739303721061,0.0029339822602603505,-0.005447699724879359,0.9606350339254114,0.0059538125568619465,-0.0025354117144024166,-0.0003199011451226945
-0.2657013339435323,-0.10375483998420501,-0.15337390408431267,-0.02973712589117794,0.08287155411586987,-0.08277284285525567,0.009268984303024936,-0.0023991546102389632,0.9632510763935573,0.005800438652777634,-0.002801113048345949,-0.0004236559851068995
-0.42015289922310106,-0.16006556594592497,0.06495866996071899,0.013977693675622588,0.015568722391568835,-0.09914741230465578,0.0036972469933577753,-0.010907849338134388,0.9612685871008307,0.005865397322738352,-0.00322126594756905,-0.0005837215510528245
-0.4488832814643317,-0.09729597772937618,0.09727819856129928,0.06941924484970188,0.1403850024577163,-0.0879140016311175,0.0035649032727788866,-0.005367421018963478,0.9640410901509314,0.005962675521299652,-0.003670149229033382,-0.0006810175287822007
-0.4294726552127185,-0.14436368817727085,0.16177815729433057,0.08345649324821244,0.10129116780108154,-0.08685710959462699,0.0072211017269323986,0.009996729302536126,0.9546228753209727,0.0061244536785939815,-0.0040996218842461,-0.0008253812169594715
-0.43315341187257705,-0.11803544090970804,0.19042670607528428,0.13867174493633763,0.14099161797679155,-0.08662062505598862,0.0040727931552597746,-0.0038965401400391725,0.9553338779511722,0.006314880384669267,-0.004532775296118677,-0.0009434166578691796
-0.4096474390205064,-0.1441176307886789,0.15365314835682053,0.14074784917868272,0.1027165553268232,-0.11376677820525188,0.0005459529308747485,-0.004365643210958498,0.9667130254267384,0.006468533533026086,-0.004942422735139184,-0.0010875342886578583
-0.5205880808569104,-0.366494726859271,0.17540816802368886,0.16581759236809832,0.08007112141874635,-0.06688088876359179,0.005683184577461141,-0.0017588959935937285,0.9672316266229344,0.006643941701049776,-0.005463010815996094,-0.0014540290155171292
-0.6253023119017812,-0.23730671607157788,0.227697526146864,0.26103895377229497,0.047556534222506205,-0.12389296051221345,0.0053641846207644565,-0.008060748809665612,0.9643199878711249,0.00687163922719664,-0.006088313127897876,-0.0016913357315887071
-0.5878169583845163,-0.25411926014051606,0.13526800229621128,0.24366857771162345,0.07329734918198569,-0.035860791602861805,0.002928700964849125,-0.009732425290641417,0.96351738310017,0.0070069072294928515,-0.006676130086282392,-0.0019454549917292232
-0.4879169082470124,-0.27083866962126046,0.0704812755103146,0.15248429770160912,0.04260413314185394,-0.06354996952204651,0.005043754079382064,-0.002616200837703842,0.956603046388001,0.007077388505003166,-0.007164046994529404,-0.0022162936613504837
-0.4227561935681664,-0.31395724930034186,0.02488927760926249,0.22934222858282935,0.10020649500125134,-0.024964528627294542,0.005436637519008207,-0.0035894303541963188,0.9672705635457439,0.007102277782612428,-0.00758680318809757,-0.0025302509106508255
-0.6294551899959242,-0.35339772402362746,-0.028744432503343333,0.1834552090758893,0.09036201871157462,0.003645937849762487,0.006467123440500766,-0.006947028044230159,0.959090912820356,0.007073533350109085,-0.008216258378093495,-0.002883648634674453
-0.41328847224837684,-0.10479887878279448,-0.05273520661173346,0.1894749579441071,0.13655320677376448,0.089984451770046,0.006971388433283137,-0.019181377514532152,0.9648114072654063,0.007020798143497352,-0.008629546850341872,-0.002988447513457247
-0.3037352699965711,-0.13540064691189221,-0.10003752264527822,0.12873231905564905,0.07745592326350713,0.02276653543443912,0.008075939793645117,0.006306825692727664,0.9575760989840093,0.0069207606208520735,-0.008933282120338441,-0.0031238481603691397
-0.29623717815628253,-0.04448984590722301,-0.056076363766698306,0.08749770388336234,0.08047290436920305,0.11286105848960022,0.00012584502869017293,0.004724491234152411,0.964118735698415,0.006864684257085376,-0.009229519298494724,-0.003168338006276363
-0.12452935737511701,0.10865499399398261,-0.29632427269721456,0.11026793033657856,0.017553404376947673,0.09438683238967616,-0.000771365755857868,0.0015442890028811275,0.9628684630474361,0.006568359984388161,-0.009354048655869841,-0.00305968301228238
-0.21654255128888866,0.08388038961732543,-0.3410224069179392,0.07211949078231425,0.06981469530700572,0.10001398624387182,0.005490544169798826,-0.010653633099383119,0.9633763042329107,0.006227337577470221,-0.009570591207158731,-0.0029758026226650545
-0.15234887857595864,0.029669457595620147,-0.2121657997362825,0.05183177352902311,0.01197864143010383,0.06188430514942771,0.003969483158640974,-0.010935650560712232,0.9664998419990299,0.0060151717777339395,-0.00972294008573469,-0.0029461331650694343
0.13428364073864457,0.20801886624359212,-0.245166105637832,-0.03439172238443952,-0.011798847423363689,0.1020307712424174,0.008416456206128032,-0.00832666103669111,0.9577386323017615,0.005770005672096107,-0.009588656444996044,-0.0027381142988258424
0.18628455836919133,0.2457643307280808,-0.1508270896395906,-0.034512340432373986,-0.05277129776464797,0.0973063094371749,0.010531267933232261,-0.010426385691290714,0.9528887982848767,0.005619178582456517,-0.009402371886626853,-0.0024923499680977613
0.20882137093753703,0.3172067221362354,-0.35385340051949477,-0.1076048702551246,-0.03718733234494526,0.05222248552370262,0.0020121209281501896,-0.017442355949522738,0.9565417556868345,0.005265325181937022,-0.009193550515689316,-0.002175143245961526
0.21470192186014497,0.31611573160917117,-0.34211188692377426,-0.1115750770022268,-0.08461488022603332,0.06076393251471159,0.012075091667986357,-0.009003126418246505,0.9622637524309827,0.004923213295013247,-0.00897884859382917,-0.001859027514352355
0.26117064095688597,0.25285538979633354,-0.22970557269933423,-0.15505591138050284,-0.07629459380597124,0.023825601470561536,0.012437982426608494,-0.007279708112372955,0.9644143587511818,0.004693507722313913,-0.008717677952872285,-0.0016061721245560216
0.4074849008213459,0.3299028956509868,-0.2513574453277526,-0.15011639461501278,-0.032795695480188194,0.02171318876396512,0.010047531724237705,-0.013877905105086028,0.9640762200502513,0.00444215027698616,-0.008310193052050939,-0.0012762692289050347
0.526912804482472,0.17184215112659038,-0.19505761038803546,-0.09501855629989742,-0.0560028449646752,0.02690830105048502,0.008255960767851239,-0.006634065846575552,0.9638385106188461,0.004247092666598125,-0.007783280247568466,-0.0011044270777784441
0.4937461670058376,0.18621039214277268,0.06293326656853088,-0.1676290876294396,-0.050477348681768175,-0.05935116936250181,-0.0004230127451547794,-0.007187760808697451,0.9592758146617878,0.004310025933166656,-0.007289534080562628,-0.0009182166856356715
0.5672564780346137,0.17730662795476057,-0.02759315448643484,-0.1382126208254636,-0.07176856537699623,-0.04934649083612884,0.007580799970389889,-0.0023440717331078397,0.9541272404503479,0.004282432778680221,-0.006722277602528016,-0.0007409100576809109
0.5408908971393267,0.06475739573364121,0.05002073910023029,-0.1741176707120295,-0.02836190928195655,-0.10695906497913481,0.007252072036446339,-0.009593414455155092,0.9670801933385339,0.0043324535177804505,-0.006181386705388689,-0.0006761526619472697
0.4947092472810455,0.03764398035943194,0.06707362846449609,-0.1499465670348489,-0.07665884114153965,-0.11710049441068628,0.00976023075667136,0.0015245630835381968,0.9554272188629573,0.004399527146244947,-0.005686677458107643,-0.0006385086815878377
0.4590413661878711,-0.11516660618036736,0.13266501432608524,-0.10828018944419167,-0.051845209106583995,-0.13435248245476447,0.009363468690309816,-0.007016883852180686,0.9669097003672722,0.004532192160571032,-0.005227636091919772,-0.0007536752877682051
0.611589012452792,-0.0638666593682575,0.1479057413777734,-0.10037541766965481,-0.05632829786162543,-0.17051208166665485,0.00882822566920567,-0.009832969023667228,0.9604884012294135,0.004680097901948806,-0.00461604707946698,-0.0008175419471364627
0.5696455291667621,-0.11732318717382947,0.20937745046113942,-0.09454292711017956,-0.0438719000875496,-0.10363257428527921,0.004869139213762443,-0.001251470296682944,0.9548618502235864,0.004889475352409946,-0.0040464015503002175,-0.0009348651343102921
0.515473900967912,-0.4114266829874156,0.23730331561769313,0.01117329931125105,-0.027173124996272717,-0.1536297607333417,0.009340714715664679,-0.006873004676790041,0.9651590272982947,0.005126778668027639,-0.003530927649332306,-0.0013462918172977077
0.4949116531645121,-0.33066521049058417,0.36435071229685784,-0.007072747001538235,-0.007004928579662928,-0.1286918159116488,0.012118046520597277,-0.011918098577518691,0.9625286482393425,0.005491129380324497,-0.0030360159961677936,-0.001676957027788292
0.2629987179354016,-0.299172524693047,0.3419259430764173,-0.02519620914240264,0.024279128929883112,-0.15593125413221964,0.014210810773175325,-0.009340998022084024,0.956687449596553,0.005833055323400914,-0.0027730172782323924,-0.001976129552481339
0.27108590350264383,-0.27594897783871386,0.25880466455409784,0.02318349173882095,-0.001314987784167675,-0.08358644733547076,0.004982061687822815,-0.004155194557234958,0.9584464926730215,0.006091859987955012,-0.0025019313747297487,-0.002252078530320053
0.30720918326579943,-0.3363022749254614,0.22321566926662656,0.09481827914205258,0.0403740571471572,-0.10813476042705089,0.012820797079639524,-0.00761249679545574,0.957434321374057,0.006315075657221639,-0.0021947221914639494,-0.0025883808052455143
0.34348489276312355,-0.46530506369868685,0.40733368013125226,0.14229143263844324,0.04223858515704739,-0.09868832552283813,0.00990939183522769,-0.007240264924251035,0.9584439752356881,0.006722409337352891,-0.0018512372987008257,-0.003053685868944201
0.13334979013835055,-0.4590358692509395,0.1788297007545061,0.15577563216692306,0.01583973465782953,-0.05169245023889018,0.007989031810482673,-0.004699531212277042,0.964625652402817,0.006901239038107397,-0.0017178875085624755,-0.0035127217381951403
0.03464811694654325,-0.49498935313383585,0.10472900650941441,0.11754585871810468,0.07710318399555605,-0.024084815006698485,0.002768603453926006,-0.015293968007414269,0.965752525070736,0.0070059680446168116,-0.001683239391615932,-0.004007711091328976
-0.03876165863224181,-0.4941107196302499,0.13369858075120566,0.1436502833400365,0.07430472593135454,0.021403864365425424,0.012503221097027112,-0.012635786711483306,0.9643841041054068,0.007139666625368017,-0.0017220010502481738,-0.004501821810959226
-0.08600431706034847,-0.33995521676071616,0.07329067277178686,0.13324317805799676,0.07943174799999472,0.042836155770832905,0.002689428908959985,-0.007538621766865426,0.9573234269886628,0.0072129572981398035,-0.0018080053673085223,-0.004841777027719942
-0.05627170011369771,-0.3742703671785392,-0.07730358188553424,0.09666442983346914,0.0571170917260466,0.10223185633656959,0.006885469247576532,-0.0029727250703781606,0.9556337739470304,0.00713565371625427,-0.0018642770674222198,-0.005216047394898481
-0.1327601414490088,-0.36610688925894735,-0.06833719460192451,0.09655593836303408,0.09167841807129808,0.047668083937267104,0.00978792185266836,-0.00969079823358035,0.9616856006626886,0.007067316521652345,-0.0019970372088712286,-0.005582154284157429
-0.3010605345939812,-0.10787224069314426,-0.10596152969751438,0.021018070668140508,0.08922705427830155,0.10960944877245754,0.017462413508162005,-0.005080815198291706,0.9597292674202126,0.006961354991954831,-0.0022980977434652098,-0.005690026524850573
-0.23233195103414434,-0.28398602894629155,-0.08113821253528501,0.014939434693503598,-0.0038835899900481587,0.1515248684224964,0.010948511499448841,-0.011166964506015311,0.9546211722564663,0.006880216779419548,-0.002530429694499354,-0.005974012553796863
-0.2769077357128796,-0.09009332963083024,-0.01651939417886153,0.02780204524736748,0.07940506826222271,0.1389698263058726,0.004466402598207207,-0.006922212599333815,0.9614654581673174,0.006863697385240685,-0.0028073374302122335,-0.006064105883427695
-0.2014524741651716,0.10755353998113973,-0.05052478489375273,0.013363849309893365,0.02045662333267769,0.15185857999322877,0.012900830778590461,-0.01396845047690771,0.9548495671396799,0.006813172600346933,-0.0030087899043774054,-0.0059565523434465546
-0.3567283752032677,0.16400065082951767,-0.13097342724490132,-0.036139761616988834,-0.029494909739620198,0.2239877078672362,0.014593975203058735,-0.006907401293475469,0.9642690563023965,0.00668219917310203,-0.0033655182795806734,-0.005792551692617037
-0.31221633799576,0.19657759795224167,-0.18981685088113676,-0.06704516453764964,0.052975655445235637,0.10141727116170589,0.009584820964048458,-0.014851249495931194,0.9570653448779306,0.006492382322220894,-0.003677734617576433,-0.005595974094664794
-0.43550687620427636,0.3111055384447916,-0.16113122586643833,-0.13438405004635678,-0.04139264804373326,0.1873128102755908,0.01755724076449945,-0.009342858513786773,0.9566842861093394,0.006331251096354455,-0.004113241493780709,-0.005284868556220003
-0.26534431048361484,0.24793253942559418,-0.05872374216583725,-0.1313259205387241,-0.024302060196208643,0.0973332917828737,0.010381053323880807,-0.020602562654214993,0.9556763125968913,0.006272527354188619,-0.004378585804264324,-0.005036936016794408
-0.3013193919742909,0.302693930500029,-0.07554302071779202,-0.20261361453061805,-0.02670876018696892,0.08059915833508204,0.00351369182338774,-0.016353296783375312,0.9599557526194922,0.0061969843334708265,-0.004679905196238615,-0.00473424208629438
-0.21417139500328586,0.44299438076417197,0.002933227547218333,-0.1674071568614848,-0.07823416524527986,0.1015869670901246,0.002152008392473103,-0.00996112214339364,0.9609110934966206,0.006199917561018045,-0.0048940765912419,-0.004291247705530208
-0.19041961819954834,0.5058397447044353,0.06301156269639706,-0.22025826520130898,-0.023720583639919624,0.02004022990250813,0.007734599097484177,-0.020936052825462674,0.9611428155044298,0.006262929123714442,-0.005084496209441449,-0.003785407960825773
-0.10407058397088108,0.5487475380566099,0.2112733112739184,-0.25726381688855837,-0.06362642384598186,0.007228788601498051,0.011448131620587528,-0.01997634257001157,0.9578870985526653,0.0064742024349883605,-0.00518856679341233,-0.0032366604227691623
-0.09714182326286681,0.46028583531630063,0.1527748972631383,-0.18716454354206374,-0.04101643946475731,0.022241107804424724,0.012554009663254534,-0.017505312884844595,0.9662761193097079,0.0066269773322515,-0.005285708616675196,-0.0027763745874528623
0.005504523011293977,0.41102890037622475,0.19504682910747606,-0.22185527442026207,-0.11350927202212492,0.004965889206144648,0.00638457897469409,-0.01656716752644298,0.9657856619274471,0.006822024161358975,-0.005280204093663902,-0.002365345687076638
0.10869880837012308,0.4336303100567391,0.17432960599104058,-0.2539753706325907,-0.09030121573301447,-0.07512212407965507,0.010836572416912372,-0.01747418918032327,0.9601048094584658,0.006996353767350015,-0.005171505285293779,-0.0019317153770198982
0.1483819343333965,0.2664535952350428,0.07770972720357112,-0.18720914996000143,-0.12244521547231789,0.01186203986579818,0.0028901242873128306,-0.018011379088938996,0.9616890673509576,0.0070740634945535875,-0.005023123350960383,-0.0016652617817848555
0.054326627751454394,0.27622753007937384,0.13836946050947063,-0.14965220376333077,-0.11936556290061333,-0.13184120894417042,0.006244834048422256,-0.014999003835790614,0.9587661151542807,0.007212432955063058,-0.004968796723208929,-0.0013890342517054815
0.21201213243724093,0.19433861645309575,0.11577367286136786,-0.12806285443646406,-0.12957175069274543,-0.07322588219865545,0.010059769425560182,-0.012460612832668609,0.9635628305211302,0.0073282066279244246,-0.004756784590771688,-0.0011946956352523858
0.28221602856685163,0.1481290004745071,0.15178063969420252,-0.12450944836602577,-0.05966911231966323,-0.07937319068446516,0.007955752310424882,-0.0190681238993063,0.9621247547365187,0.007479987267618628,-0.004474568562204836,-0.0010465666347778786
0.2897478572721594,0.14578404393490554,0.088615674504256,-0.09604311119226332,-0.08967658029657337,-0.0527057096512897,0.005566388731104429,-0.009370726985506042,0.9622153518206267,0.007568602942122884,-0.004184820704932676,-0.0009007825908429732
0.30235183460338494,0.04620399943317928,0.09165959719690223,-0.048775186306236444,-0.10297517365940395,0.0006347533568674454,0.011914333338367307,-0.018095961453430048,0.9657735139796906,0.007660262539319786,-0.0038824688703292913,-0.0008545785914097939
0.29176500075159467,0.17471640401496186,-0.06315833894459769,0.06256887838346346,-0.0690159800117134,-0.03375647190545973,0.012303549427930167,-0.013194064926381768,0.9641395810186769,0.007597104200375188,-0.003590703869577697,-0.0006798621873948319
0.3219424217999006,-0.024937906179877047,0.0883479564185475,0.03298745442021814,-0.008451076708220172,-0.054836869014269325,0.019501656633420367,-0.02073093999421891,0.9570823133737767,0.007685452156793737,-0.003268761447777796,-0.000704800093574709
0.2927713199777163,-0.08164712768909241,-0.09416786253514599,0.05572884958638384,-0.04026724425869827,-0.05082992714967923,0.005846982513498642,-0.021222410495476907,0.9610350132391363,0.00759128429425859,-0.0029759901278000795,-0.0007864472212638012
0.3505490750849152,-0.11123996487705907,-0.10232558513597476,0.12012385577947693,0.009205679718698134,0.01016384455087587,0.006384728750979846,-0.016485404395057458,0.9649086359524456,0.007488958709122615,-0.0026254410527151643,-0.0008976871861408604
0.45697206465261114,-0.28939957284882406,-0.24833421518346657,0.1339529216701812,-0.01467167942739852,0.004664874812555113,0.017709241115564905,-0.024440707675139686,0.9550247875990707,0.007240624493939149,-0.002168468988062553,-0.0011870867589896846
0.28758323777080586,-0.28140620959314205,-0.0896708186264871,0.14244629477451912,0.037903879729061264,0.03659516785850286,0.011273655605368155,-0.01322163010201136,0.9708262581739613,0.0071509536753126615,-0.001880885750291747,-0.0014684929685828266
0.3598536527181244,-0.25759441824651047,-0.45787926063205114,0.1718166189737973,0.01743198059697395,0.03643917674594361,0.012022651703195804,-0.01918658087256872,0.9624830366800979,0.0066930744146806095,-0.0015210320975736229,-0.001726087386829337
0.28215978070652076,-0.3191217293936735,-0.29309827794177323,0.18878590521836655,0.027665699039724306,0.03753982676897285,0.011924686158484138,-0.012332304815013118,0.9644335209161008,0.006399976136738837,-0.001238872316867102,-0.002045209116223011
0.17779074617538962,-0.28172492127038223,-0.44355913903921984,0.14444699698042518,0.03400969404198951,0.061450630759515755,0.01750958074034764,-0.01942408917563199,0.9604888211169341,0.005956416997699617,-0.0010610815706917124,-0.002326934037493393
0.15621684486840567,-0.13566239090457485,-0.34218053455723463,0.2682574451041106,0.09550045745360516,0.07402072283735901,0.015117827867478678,-0.01341952884625074,0.962733301415949,0.005614236463142383,-0.0009048647258233065,-0.0024625964283979678
0.1348128440310079,-0.25961224949745143,-0.22551058189629963,0.2570563700206618,0.11559754878586945,0.15182557734294938,0.006964668525772855,-0.020170622685626746,0.9623846737391155,0.005388725881246083,-0.0007700518817922987,-0.0027222086778954193
-0.014781415424939468,-0.19264247481216468,-0.3172922011002408,0.20563666681921913,0.06212825430670871,0.12565343661119324,0.01438474851479459,-0.012130405419102881,0.9610663070762542,0.005071433680145843,-0.0007848332972172382,-0.002914851152707584
-0.14743028684025095,0.05323939366518908,-0.20626428360183516,0.14182335227553944,0.1215107284980621,0.10910591224235223,0.005432122300331968,-0.015503695018146182,0.9645252752006903,0.004865169396544007,-0.000932263584057489,-0.002861611759042395
-0.25319787519821757,0.04044381894442549,-0.13603849970874413,0.1489983614851179,0.05976730491157775,0.064843299955557,0.01785667447722994,-0.016430122742294547,0.9613607975287939,0.004729130896835263,-0.0011854614592557069,-0.00282116794009797
-0.24482888115580223,0.07996091386660197,-0.10329953292540961,0.15247708724057377,0.09884517460962569,0.10326593003188661,0.014249722741059343,-0.012125322248693374,0.9596210732670908,0.004625831363909853,-0.0014302903404115087,-0.002741207026231368
-0.2884396500990571,0.04634851709288057,0.046769120749847945,0.06722750172381442,0.11488143716157632,0.039000524393876815,0.009912633118411347,-0.01002226757584624,0.9579700356849769,0.004672600484659701,-0.0017187299905105661,-0.0026948585091384875
-0.31213442443543976,-0.018161242837056196,0.20488593670164051,0.11331654004095192,0.07158645489094832,0.020032280990048133,0.010856030250118075,-0.011232302547751753,0.9692227840967468,0.004877486421361342,-0.002030864414946006,-0.002713019751975544
-0.3615825676649145,0.18895583018050766,0.061458908972401964,0.06625347005563781,0.11497883410404061,-0.01314465814627191,0.006644385170525233,-0.012130130694677516,0.9541975961225956,0.004938945330333744,-0.0023924469826109205,-0.002524063921795036
-0.4982673953454673,0.2870592585743038,0.30900936594039774,-0.043484693556383174,0.08844983989109675,-0.012645284620910984,0.013261095494774987,-0.01542093050387135,0.955762386960316,0.005247954696274142,-0.0028907143779563875,-0.002237004663220732
-0.4883768291458719,0.19216717390245003,0.24817041839589724,-0.06152292020547175,0.07194708371987113,-0.0358913243998176,0.008534307548280011,-0.015437808358521755,0.9606784389896882,0.005496125114670039,-0.0033790912071022597,-0.002044837489318282
-0.4266548319211221,0.162018283855541,0.25642640166662334,-0.05366787770030143,0.03396271768386163,-0.04435000748153637,0.008710379798224654,-0.016973717898438753,0.9571943527582694,0.0057525515163366625,-0.0038057460390233822,-0.0018828192054627408
-0.4101577418597857,0.27768999416118667,0.3319701585171799,-0.09782471471800246,0.009867987355936303,-0.07207757448126142,0.01728936729560842,-0.02026874125030976,0.9612108340081659,0.006084521674853843,-0.004215903780883168,-0.001605129211301554
-0.41777880632209374,0.316664698300662,0.25290302278578436,-0.12186248673953012,0.052386885173578215,-0.05803543419349392,0.0119428365286562,-0.017030833082854666,0.9583636967331691,0.006337424697639628,-0.004633682587205262,-0.001288464513000892
-0.5167216269069367,0.2501713233465324,0.41530242514646154,-0.09888860051310225,0.018787559196653633,-0.09386848609048809,0.01658992585033503,-0.01283222542320558,0.964351648432977,0.00675272712278609,-0.005150404214112198,-0.0010382931896543595
-0.5770740990470005,0.35681193300142333,0.3210275314490169,-0.14051765129586505,-0.02321681092254888,-0.13737695319498952,0.018428904078727028,-0.018430049167470035,0.9594680832192151,0.007073754654235107,-0.0057274783131591985,-0.0006814812566529362
-0.46705940129139534,0.15124640790047472,0.27065211471225326,-0.15677440358095107,-0.014601590626532056,-0.1237257221552935,0.014488886785725298,-0.020686326270357207,0.9655614144043468,0.007344406768947359,-0.006194537714450595,-0.0005302348487524614
-0.4984168710796377,0.09779787261944908,0.22953631304950564,-0.13807976706217218,0.004587112826927391,-0.08969583982825775,0.012138472581296935,-0.01306194452732485,0.9586452259831567,0.007573943081996865,-0.006692954585530233,-0.0004324369761330124
-0.3243085643564028,0.11665868629491591,0.14590616367867937,-0.10857098355906866,-0.034013290045827656,-0.13481967860164928,0.01753764397872727,-0.027528758182202812,0.9693109935156252,0.007719849245675545,-0.007017263149886635,-0.00031577828983809646
-0.3776090969690505,0.05121604484295146,0.08889643479204049,-0.12669412831095242,-0.03635111382059443,-0.12619178016352392,0.011140053621935134,-0.021827370302513527,0.9631560513159737,0.007808745680467586,-0.007394872246855685,-0.00026456224499514497
-0.3017449926475718,0.05302049268016834,0.003982751350088867,-0.11012209165687299,-0.0666760964206957,-0.13068421910823724,0.013582551204758262,-0.0197574395957939,0.9617092446851798,0.007812728431817675,-0.007696617239503257,-0.00021154175231497663
-0.41038264173166994,-0.12361644931286785,-0.03782804973193567,-0.03163322817595949,-0.027204100887712135,-0.07428035526697993,0.020118494754830005,-0.013555482665322159,0.9756990251348862,0.0077749003820857384,-0.008106999881234927,-0.0003351582016278445
-0.30114084755300563,-0.06827181141295287,-0.03145936835023032,-0.09980602258704628,-0.09127371968874085,-0.06739203099250546,0.011391036749368115,-0.02727297295007626,0.9649634254052257,0.007743441013735509,-0.008408140728787932,-0.00040343001304079737
-0.024382954206968968,-0.11054621912248459,-0.14733849486596742,-0.0068888708588199545,-0.05285831420657219,-0.011039734721888317,0.01667622998151139,-0.019318365480315153,0.9642560861875548,0.0075961025188695415,-0.008432523682994901,-0.000513976232163282
-0.011972451268021628,-0.3174762940520097,-0.20253622046058947,0.012347085862726677,-0.07000476296783488,-0.045009719643681695,0.016219386336560043,-0.021535403273785773,0.9685870012882501,0.007393566298408951,-0.008444496134262923,-0.0008314525262152917
-0.046026542323315905,-0.26369216804534606,-0.14146415028593753,0.07107473986243673,-0.041567821268467024,0.03250760564511629,0.020404192616195114,-0.024539960462854338,0.9644618954035462,0.007252102148123014,-0.00849052267658624,-0.0010951446942606378
0.19349448146719722,-0.2544172733725282,-0.13063789108319301,0.07667994443344636,-0.05618940052711308,0.04279324490270405,0.012631337465645836,-0.029385536199754612,0.9578824486565948,0.00712146425703982,-0.008297028195119042,-0.0013495619676331663
0.2973776322460761,-0.3150840146344255,-0.1380639570233485,0.12073728075004837,-0.04305045248894887,0.09285405049536478,0.009860635529964497,-0.01624193940979446,0.9583467189533461,0.0069834003000164725,-0.007999650562872966,-0.0016646459822675917
0.2126073979515881,-0.5060267224360934,-0.15654105917738292,0.06999900981402307,-0.03289395548275012,0.14914198116774802,0.011627807262631818,-0.025568145110353005,0.9679670284494881,0.006826859240839089,-0.007787043164921377,-0.002170672704703685
0.44726223513233865,-0.4521179423455832,-0.07431523843206964,0.11258261677906567,-0.09304881700060696,0.11315516756115908,0.014371774282334762,-0.013387059401684628,0.969164127842725,0.006752544002407018,-0.007339780929789039,-0.002622790647049268
0.4544288570710599,-0.4359134801161784,-0.28386383512316615,0.10839548323928713,-0.014283731326098486,0.10965267929566831,0.01905671296919452,-0.021691397741605268,0.9523324228382669,0.006468680167283853,-0.006885352072717979,-0.003058704127165447
0.4163887807811491,-0.43430022551726966,-0.05592165381481996,0.181032028181977,-0.0015767568376218542,0.1702835957378803,0.002612543280764254,-0.025167057002386483,0.9637609229881625,0.006412758513469033,-0.00646896329193683,-0.003493004352682717
0.4685063548055594,-0.41648746725743296,-0.027993194113430334,0.05747871331010114,0.03245009123707791,0.18075620920574603,0.01965500436313046,-0.023837159460450383,0.9568845976390721,0.0063847653193556024,-0.0060004569371312705,-0.00390949181994015
0.6219586553874278,-0.3886988175560535,0.071943990619078,0.09379726080172483,-0.028674395327782036,0.20124951443047231,0.025935588743621008,-0.02543450922345433,0.9599789093951513,0.00645670930997468,-0.0053784982817438425,-0.004298190637496203
0.5717792300369174,-0.21154395494151224,-0.05397382768966895,0.06934800886252065,0.027850152322040477,0.13206440834473812,0.014920477258718628,-0.020521652150181965,0.9601169509288829,0.006402735482285012,-0.004806719051706924,-0.004509734592437715
0.5680525427820355,-0.22481870669524814,0.15427112786375188,0.06360287596547498,0.020130617884451894,0.12368727213226138,0.02448907186532974,-0.02186596577555348,0.9573148134649112,0.006557006610148764,-0.004238666508924889,-0.004734553299132963
0.4887623039903138,-0.14091839974484338,0.12091985294890932,0.07337031916548785,0.11213290061116091,0.13800602660261968,0.0210633170769645,-0.02346620580460412,0.9608408743991695,0.006677926463097674,-0.0037499042049345746,-0.0048754716988778065
0.5919610321407637,0.04002504020161378,0.26568362589783523,0.00991338728956391,0.03715395458327002,0.0748848037987657,0.009240373195713102,-0.01722162297483385,0.9686249947070511,0.006943610088995508,-0.0031579431727938112,-0.004835446658676194
0.4350019002927492,0.09686955812951939,0.25134622064202233,-0.03699388648948863,0.030201115131654056,0.05966483507424184,0.01844338142186147,-0.027181858234751163,0.9692340498347575,0.007194956309637531,-0.002722941272501061,-0.004738577100546673
0.6467545365061647,0.19646796707618402,0.29749907951899185,-0.12253671458794313,0.07551124470362923,0.07450369716744361,0.01589367242255517,-0.02665247153344117,0.9639667822556125,0.007492455389156523,-0.0020761867359948972,-0.00454210913347049
0.6082341991204284,0.23731798039477542,0.15169242952330556,-0.062098533179944466,0.055169931301098915,0.06694985828600471,0.014213291710791175,-0.02206755458315223,0.9587749821066353,0.007644147818679828,-0.0014679525368744683,-0.004304791153075715
0.4823773352762253,0.28054335852157414,0.2574843730587054,-0.1341327678103698,0.01780034029513879,-0.024402768455777497,0.021535729903810936,-0.023098354335206767,0.9663107986700742,0.007901632191738533,-0.0009855752015982431,-0.004024247794554141
0.3459604907105076,0.2472226628296599,0.06062100603496126,-0.17815988888601358,0.0415052869009675,-0.0390576857735197,0.02008554294800891,-0.017854281420422252,0.9583212195396921,0.007962253197773494,-0.0006396147108877356,-0.0037770251317244805
0.22859601372029506,0.2695852542667913,0.23660424856899281,-0.22272597183232104,0.06574225123515755,-0.1328316001035812,0.010721988392588255,-0.02783738210578386,0.9615266016229094,0.00819885744634249,-0.00041101869716744045,-0.0035074398774576896
0.1412727899614208,0.41237906754589815,0.03166102943102929,-0.1792534244102965,0.04266150495775816,-0.02383187568638557,0.017099592273557108,-0.02274421224486663,0.9675753744054028,0.008230518475773519,-0.00026974590720601967,-0.0030950608099117915
0.11993709532178082,0.3394876736405217,-0.007979456002973107,-0.19830355678040612,0.044313335333141815,-0.028239432461579214,0.006960828027675323,-0.01573946495445621,0.9637090432860193,0.008222539019770546,-0.00014980881188423885,-0.0027555731362712693
-0.025497045330315646,0.6643661752801855,-0.07546652439415982,-0.21762905387238132,0.030025282299636063,-0.07510333322552394,0.01843220176447554,-0.027539360396933693,0.9643221638141733,0.008147072495376386,-0.0001753058572145545,-0.0020912069609910836
0.11150740296715236,0.49762999454030776,-0.12335146284018388,-0.24111693721054955,0.017512055034853265,-0.13888736558978296,0.014837487925739641,-0.03398906319157978,0.9535665893401379,0.008023721032536202,-6.379845424740213e-05,-0.0015935769664507762
-0.04754514991341403,0.4386926814354151,-0.2099971839745627,-0.2109380400533271,-0.013445540603810403,-0.0554768640213875,0.012070580468021093,-0.023326540138377223,0.9683356748536843,0.007813723848561637,-0.00011134360416081616,-0.001154884285015361
-0.1356414780332385,0.3795570925177234,-0.21088359715555843,-0.20703226591779156,0.016943825611961023,-0.03531079048348178,0.011880927854994465,-0.028025950001665977,0.9659417044768113,0.00760284025140608,-0.00024698508219405464,-0.0007753271924976375
-0.19743009716826446,0.4227232461340535,-0.21605046026952937,-0.17327128507670145,-0.056897324998734636,-0.0991186208497479,0.014463806096406552,-0.01788005729793793,0.960308749879798,0.00738678979113655,-0.00044441517936231914,-0.000352603946363584
-0.26937345522642936,0.35983209330605304,-0.31749944730800683,-0.1996723661162267,-0.04388013639378517,-0.020817011703757556,0.01988934458565985,-0.027191659232932815,0.9634981816136793,0.007069290343828544,-0.0007137886345887486,7.228146942469039e-06
-0.23877145802060265,0.1600912818481759,-0.4655232315870689,-0.10726447415238549,-0.050984150377448405,-0.06486814836477071,0.016672187619097514,-0.02731206649885904,0.9655899308296023,0.006603767112241474,-0.0009525600926093512,0.00016731942879064495
-0.1998836635026997,0.2648440998296312,-0.2996047021990918,-0.06647542705237436,-0.03060178770845475,0.013404321699987764,0.01737250624655943,-0.019891806947227756,0.9580326513880337,0.006304162410042383,-0.0011524437561120507,0.00043216352862027614
-0.3324390677354433,0.016561735656192775,-0.14259806170162972,-0.04369425878059249,-0.1318688701739072,-0.016121395194427172,0.024989019640357317,-0.023475238175393556,0.9555858769149406,0.0061615643483407525,-0.0014848828238474942,0.00044872526427646895
-0.3577225696016935,-0.06514351352614813,-0.2783843018560648,-0.03168735437769295,-0.05544559520172284,0.030535979087540646,0.022741841949133854,-0.03383029046029384,0.9552475555407979,0.005883180046484688,-0.0018426053934491875,0.0003835817507503208
-0.37948972735066155,0.0012038434720385363,-0.12722468930929753,0.024671348185011568,-0.14854801875611573,0.05004542467146707,0.02133260559876228,-0.020930589516250236,0.9650623419531082,0.00575595535717539,-0.002222095120799849,0.00038478559422235937
-0.34843962886449764,-0.26256920880369855,-0.02994805048263502,0.11109551633029019,-0.10824058163765186,0.05791284272375941,0.01574091331727867,-0.021881318606264806,0.9617396068303853,0.005726007306692755,-0.0025705347496643473,0.0001222163854186608
-0.3137589252394346,-0.04549504842140403,-0.08215690845810868,0.16371200653956733,-0.1089420524958888,0.06055996624404205,0.021338391783734353,-0.02569557865699105,0.9617926372519968,0.0056438503982346455,-0.0028842936749037817,7.672133699725679e-05
-0.4511268121062583,-0.17680080031493173,-0.07620957279393044,0.09188980682758185,-0.02466508676559107,0.10696399728541447,0.020313844672613032,-0.029064795086241078,0.9594807897899552,0.005567640825440716,-0.0033354204870100395,-0.00010007946331767496
-0.21515042649329866,-0.138847957743957,0.09096827098244237,0.15054237455840985,-0.04602189474386151,0.13359003535158073,0.02339722401398642,-0.03307061975059357,0.9551640182914233,0.005658609096423158,-0.0035505709135033384,-0.00023892742106163196
-0.27568784468886476,-0.3448363716780142,0.0016805461648201486,0.19771883074968033,-0.08133629520211441,0.1534096559819775,0.024999479874795283,-0.023543665734208567,0.9633926947523389,0.005660289642587978,-0.0038262587581922034,-0.0005837637927396461
-0.1133042855774311,-0.2241424218238377,0.1481414131621683,0.19149671574414057,-0.04785021461433306,0.1105659358883224,0.027947795560190725,-0.03198397022244402,0.9613942038012029,0.005808431055750147,-0.003939563043769634,-0.0008079062145634839
-0.20617373241614212,-0.2403261309323857,0.11944568971385795,0.20002206826725732,-0.12115791657501171,0.09402728500214483,0.015704393146737185,-0.027969857443310216,0.9605572380468499,0.005927876745464005,-0.004145736776185777,-0.0010482323454958696
0.01596187432372844,-0.3164157836189462,0.2109378287537904,0.2284221825006122,-0.05151646185017567,0.035182854354553844,0.020262460720904964,-0.036818732616379954,0.9657169996554711,0.006138814574217795,-0.004129774901862048,-0.0013646481291148156
0.08069107939994613,-0.19045796900237702,0.28839343544262186,0.22559273567531277,-0.051558469790727514,0.054966221728329406,0.015044759080924256,-0.03083605722094387,0.9696572151463105,0.006427208009660417,-0.004049083822462102,-0.0015551060981171929
0.011860970939042481,-0.19557202853566902,0.3002402700159937,0.2201438734647826,-0.04054167244984694,0.0013780578864904854,0.009735796346747934,-0.021218922722186263,0.9608776583318276,0.006727448279676411,-0.0040372228515230596,-0.001750678126652862
0.19659786027981835,-0.19971483641098237,0.37448039467050104,0.2001811545232477,0.024001706525299333,0.006691350263505027,0.015526234998273446,-0.025219729678876927,0.9542567275337506,0.007101928674346912,-0.003840624991243241,-0.0019503929630638442
0.06870000823269734,-0.06946338002047095,0.2973684950644649,0.14376876874444447,-0.04620936474939035,-0.08213276392925689,0.025743457577306235,-0.02260286969876726,0.9623457633641594,0.007399297169411376,-0.0037719249830105435,-0.0020198563430843153
0.31246191309388294,-0.12017056115441566,0.29279141707846595,0.1003478455028992,0.051942493807432724,-0.06394623184236391,0.01826075904619994,-0.030285534467679218,0.9549544803009203,0.0076920885864898425,-0.0034594630699166604,-0.002140026904238731
0.2424360929586282,-0.008579173683676476,0.25397768753129235,0.10898728833206975,0.06515299194941766,-0.07802606067085005,0.022497404851181457,-0.02526065418874513,0.9575248316300818,0.007946066274021136,-0.0032170269769580327,-0.002148606077922407
0.34041546485112495,0.05257919442583106,0.3386906055646813,0.048682211364769586,0.10782809940636921,-0.057967188468832954,0.021091663007687972,-0.026711572062957357,0.968454522527217,0.008284756879585816,-0.002876611512106908,-0.002096026883496576
0.3309485288549134,0.13320426653431428,0.23231497645843308,0.0492570996948544,0.09389647075479232,-0.11209935544165057,0.009612285073725855,-0.04034760865305208,0.9662473849242607,0.008517071856044249,-0.0025456629832519943,-0.0019628226169622616
0.34416068702315894,0.09965774534440985,0.17851700410060306,0.0021238342989823474,0.03231117307405795,-0.1323567327881162,0.015844774408127336,-0.034948698044513324,0.96858412714052,0.008695588860144854,-0.0022015022962288354,-0.0018631648716178522
0.40197562536486225,0.19045262768237903,0.06967896941530806,-0.009149499422922557,0.11087630184779772,-0.11998252159274377,0.022297313083335515,-0.033225646670669934,0.9712097296779834,0.008765267829560162,-0.001799526670863973,-0.0016727122439354732
0.3064378028162324,0.27505138747499036,0.08529770035782029,-0.07917258890942394,0.08577443452453427,-0.15178168315911075,0.019853401544125047,-0.031553083026168764,0.9577382508598095,0.00885056552991798,-0.0014930888680477405,-0.0013976608564604826
0.3552054813423201,0.23328462420168364,-0.003968323550057468,-0.11056088917377178,0.09896617692497064,-0.1180200853794686,0.020697903041627524,-0.02798071365657525,0.9611164753658715,0.008846597206367924,-0.0011378833867054206,-0.001164376232258799
0.28869647211932703,0.2634772733233632,-0.1231098865371453,-0.09308017768020428,0.11045857550681343,-0.15221264046459584,0.007255740215174392,-0.030999928505758157,0.9759631733256243,0.008723487319830778,-0.0008491869145860935,-0.0009008989589354357
0.3545980158738665,0.18518936545857267,-0.08140781607536204,-0.11668555658720413,0.133596442346671,-0.14018641052656697,0.014493673014398214,-0.03083119393842528,0.9698180928281445,0.008642079503755415,-0.000494588898712227,-0.0007157095934768631
0.1575183176373502,0.24322285057457932,-0.24177615653777673,-0.13437330242406342,0.14601621378781263,-0.08369487370250744,0.01690964482728861,-0.0318975764350251,0.9711100331716388,0.00840030334721764,-0.0003370705810748768,-0.00047248674290228373
0.23231109922522486,0.3210586263628775,-0.17816844033064913,-0.10416110163905797,0.14238160028143654,-0.07913467534955582,0.027266077044883156,-0.04126263791037821,0.9654405542627502,0.00822213490688699,-0.00010475948184965195,-0.0001514281165394062
0.07741451786907672,0.08844205182004904,-0.14803666541009275,-0.1477607382572803,0.10582255766688847,-0.026466929902236487,0.012879731408159855,-0.02661486848895088,0.9581017861869476,0.008074098241476896,-2.7344963980575232e-05,-6.298606471935715e-05
0.05425548576783283,0.12055413736759812,-0.27493721053044734,-0.14632719255051352,0.07942904169124218,0.0002460026327708014,0.02198398024957479,-0.034723391120761324,0.9665798664031636,0.007799161030946449,2.6910521787257602e-05,5.756807264824097e-05
-0.07027106269446107,0.039870092846918344,-0.23471328868507968,-0.1373910166321149,0.05108331917424947,0.01947655549560659,0.015594775746291898,-0.033106732104816274,0.9658416164504112,0.00756444774226137,-4.336054090720347e-05,9.743816549515934e-05
-0.2059250518171496,0.07299316072130148,-0.04655996900501673,-0.11315456231667584,0.10811389280541309,0.03521731321147997,0.024104412453880775,-0.02161424072448728,0.9612927788086995,0.007517887773256353,-0.0002492855927243531,0.0001704313262164608
-0.19259517919229435,0.002880373145767029,-0.026054391940136368,-0.04295187125897721,0.04724333232632132,0.08172129798502918,0.01710162871163237,-0.030157309677803504,0.963769030555133,0.007491833381316215,-0.00044188077191664743,0.00017331169936222785
-0.2870601547842675,-0.09094757385371569,-0.1181838228572395,-0.07431388832569957,0.014713289435351527,0.09731740355901149,0.020660683921624033,-0.029121656970797362,0.9654067276500984,0.0073736495584589765,-0.000728940926700915,8.236412550851214e-05
-0.27216377028516425,-0.2468944371067947,-0.04495526395751811,-0.005779931066262947,0.05770103951629307,0.10846711459396154,0.019364824927481112,-0.03831002242980151,0.9648093428006179,0.007328694294501459,-0.0010011046969860794,-0.00016453031159828258
-0.41200815252085493,-0.29224366987112843,0.00678086986196183,0.027828102606392742,0.0626398648408543,0.10004907887929464,0.005934816188870517,-0.03391265482019059,0.9729562676453423,0.00733547516436342,-0.0014131128495069344,-0.00045677398146941106
-0.5013633188184368,-0.2190061860493782,0.04017372540669648,0.004583846620809911,-0.0623157744994904,0.16014830116316842,0.01690614485494668,-0.03928563906282903,0.9590294429576816,0.007375648889770117,-0.001914476168325371,-0.0006757801675187893
-0.3434100457767224,-0.35015180991644523,0.14153954675124428,0.08083093266490385,0.04231696285524576,0.16285355121085196,0.016763077783013725,-0.028920258026390044,0.9708639542574852,0.007517188436521362,-0.002257886214102094,-0.0010259319774352344
-0.4972058282951586,-0.4735756001265682,0.053003008941716764,0.03979222033235285,-0.0019722723426375197,0.1678233711529998,0.02137017035891066,-0.02686635473349739,0.9670037327907552,0.007570191445463079,-0.0027550920423972526,-0.0014995075775618028
-0.4942414846253316,-0.3668605256907722,0.17662360399453658,0.10958363355374387,-0.08628416704876221,0.19378851054271412,0.019614939331631286,-0.030184767719014953,0.9722577029556478,0.007746815049457615,-0.003249333527022584,-0.001866368103252575
-0.4524553428320267,-0.4631973431988196,0.25334807753037886,0.07757162304276696,-0.022546878015068494,0.16412334280124777,0.02066735438892422,-0.030510497841201432,0.9627179253652526,0.008000163126987994,-0.003701788869854611,-0.002329565446451395
-0.6273693784017331,-0.48916881334716744,0.18216326561784485,0.12169550139344819,-0.07142690999980084,0.11954025387620507,0.018166427198540114,-0.024115436133279114,0.9681887732670968,0.008182326392605839,-0.004329158248256345,-0.0028187342597985627
-0.628470764879384,-0.4874238172115525,0.19137906021223025,0.14802881338707727,-0.05479977674112366,0.18093930749429726,0.026605816040403484,-0.03596457896294202,0.9576698006699417,0.008373705452818068,-0.0049576290131357285,-0.0033061580770101153
-0.41019387348078007,-0.39225728369745205,0.23168995558884498,0.09077428938380502,-0.08646999969856216,0.09286642928812866,0.02788160138228097,-0.029144788325802706,0.969074769599675,0.008605395408406913,-0.005367822886616508,-0.0036984153607075667
-0.5346099052537243,-0.35001116592054,0.003369272363191317,0.1326068157574699,0.010088766117312716,0.09957369060402661,0.015798751411854,-0.035101540051038264,0.9678201843224533,0.008608764680770103,-0.005902432791870232,-0.0040484265266281065
-0.431906814674925,-0.3148231256165041,0.045967137027539115,0.14736287450965774,-0.09394139954640005,0.07625629923706864,0.013150937367594134,-0.022856332048112014,0.9696157779089751,0.008654731817797643,-0.0063343396065451574,-0.004363249652244611
-0.4321932336435544,-0.18390887222005525,-0.02358652821393191,0.03251637984846245,-0.08936680427567618,0.05958556379758687,0.02014664706227749,-0.03246975578386772,0.9637980420376698,0.008631145289583713,-0.0067665328401887125,-0.004547158524464666
-0.3456649323754327,-0.22557364850829484,-0.013587433490555037,0.0008836269699262315,-0.02603156439224172,0.07548244898880731,0.023561924889499458,-0.03792761611453714,0.9664021231430432,0.008617557856093158,-0.007112197772564144,-0.004772732172972961
-0.2894656405493498,-0.18163135877671455,-0.15975659628726174,-0.027311228473746802,-0.008650098795296709,-0.012536701575112821,0.015403517319844517,-0.028637480538457393,0.9742720714206372,0.008457801259805896,-0.007401663413113494,-0.004954363531749675
-0.1795158621476591,0.10699642346108273,-0.20471376071330039,-0.023809241010033375,0.020206562360158258,-0.06522363161138468,0.012759399196646214,-0.02530403170172409,0.9696463365273221,0.008253087499092596,-0.007581179275261154,-0.0048473671082885925
-0.2406522208845236,0.05241294652574556,-0.2110269445265155,-0.029727347764141147,-0.04623169909440061,-0.030358588330567017,0.021033591454673015,-0.03051746416590108,0.9692346550219777,0.00804206055456608,-0.007821831496145678,-0.004794954161762848
-0.027220661933108965,0.06355965891391695,-0.2547707756397295,-0.07557960827545816,-0.022829113853953163,-0.038270257490624786,0.021928085361449787,-0.03372675405942684,0.9606246710905364,0.00778728977892635,-0.007849052158078787,-0.004731394502848931
-0.0397194360338181,0.2177011541768799,-0.312319619689987,-0.17974177521634888,0.05095770118221253,-0.09676764864621448,0.034527690884408,-0.029264708579314208,0.9629190205074639,0.007474970159236364,-0.007888771594112604,-0.0045136933486720505
0.1495518208247799,0.22704831757561517,-0.2438137470358077,-0.16051273359350096,-0.009464524415917969,-0.07522151541029386,0.025151825017005587,-0.026223110029790348,0.9693574496154548,0.007231156412200556,-0.007739219773287825,-0.004286645031096435
0.038093261214311724,0.491881369474723,-0.3640108350686477,-0.20215582793748343,0.02129719020024565,-0.055338049102601504,0.02255475276036729,-0.03878393864815569,0.9652286479346074,0.006867145577131909,-0.007701126512073513,-0.003794763661621712
0.23492184468336066,0.29874613700718694,-0.3809605096558435,-0.24558087524431874,0.06219075571257078,-0.06893370385915171,0.028363742183662496,-0.03389249149645878,0.957907221880731,0.006486185067476065,-0.0074662046673901515,-0.0034960175246145247
0.3694215446800159,0.4511587987786381,-0.27886153083959336,-0.24190499435489252,0.058829775635512144,-0.0015968202782773878,0.03265071836755966,-0.04347262914307261,0.9663738613598927,0.006207323536636471,-0.007096783122710136,-0.0030448587258358867
0.33346278517518513,0.42581391767223387,-0.21826878018488738,-0.23520018489691497,0.11486848837647654,-0.016833334366064275,0.019234118892196148,-0.028288854305116067,0.9621834697744737,0.005989054756451583,-0.006763320337534951,-0.002619044808163653
0.5213607062916277,0.47081134561464555,-0.22461035221322956,-0.25258201651286843,0.034030085383951275,-0.05027971340399955,0.02376170895424027,-0.04281610841457136,0.9693521675019494,0.005764444404238354,-0.006241959631243323,-0.0021482334625490067
0.4316086073286917,0.3690297243758033,-0.013409638116357106,-0.24919249827074696,0.11390545866943019,0.0029835266756615573,0.014832116649882855,-0.03525932846690653,0.9631684430222454,0.005751034766121997,-0.005810351023914632,-0.001779203738173204
0.4703064257897055,0.42264729276873075,0.0034376602681128465,-0.24787319465822755,0.08765920690594078,-0.003071400785581664,0.0227645411390195,-0.0351098759111159,0.9644468728255986,0.00575447242639011,-0.005340044598124926,-0.001356556445404473
0.6126011277879615,0.36756380725031207,0.14079892026740387,-0.19101555660317035,0.08069574265079435,-0.005159332259883421,0.018929805348528093,-0.027208778681859832,0.9653028564841777,0.005895271346657514,-0.004727443470336965,-0.000988992638154161
0.5521848011079548,0.2785019476004295,0.03553355337063296,-0.20077930468494945,0.040158454161205136,0.03373442789530713,0.019180105657388515,-0.027918741166584705,0.9729946077610774,0.005930804900028147,-0.004175258669229009,-0.0007104906905537314
0.6552312415694593,0.23421529807290797,0.10726372044018048,-0.1671938836757459,0.07590748170150516,0.11033914236579646,0.018194525460191076,-0.03757466599065977,0.9693138508623402,0.006038068620468327,-0.0035200274276595504,-0.0004762753924808234
0.5699288993052012,0.21877953212621065,0.10329482812554261,-0.08892377255549976,0.058602241223783665,0.1030361446236401,0.01982118227325175,-0.03227567855493165,0.9662815124606716,0.006141363448593869,-0.0029500985283543494,-0.00025749586035461275
0.474082056344857,0.15179902412469354,0.27843560736740663,-0.06837229875716043,0.04546452788708968,0.08224205407126411,0.017421357287951925,-0.033002708777647514,0.9705359080188372,0.006419799055961276,-0.0024760164720094924,-0.00010569683622991921
0.6076068241320939,0.0471478761143056,0.2341626672234131,-0.10207331066416162,0.020629590926612647,0.06375136610014914,0.019764384015063915,-0.03674018217153685,0.9535576932754246,0.006653961723184689,-0.0018684096478773988,-5.854896011561362e-05
0.5057002335396722,0.013996197495951705,0.39128891289517975,-0.005849632800265738,0.017978817038908263,0.0802084512050235,0.025958379324603396,-0.03746130901844712,0.9665843260396882,0.00704525063607987,-0.0013627094143377266,-4.455276261966191e-05
0.4083578133528676,-0.031878723805561365,0.2749059434925021,0.058923817792911795,-0.047701157460296253,0.13023700142986355,0.014098674497201091,-0.034193049708752254,0.969320547854346,0.007320156579572372,-0.000954351600984859,-7.643148642522328e-05
0.3449130135232694,-0.1719517501322919,0.3496796992219863,0.09843520320358908,-0.03273830811228582,0.11368904715624391,0.019416243558369156,-0.03760706541072588,0.9681834066124921,0.0076698362787943584,-0.0006094385874615896,-0.00024838323655751514
0.29800444657554975,-0.24488093402767472,0.348778833758277,0.08777268953891268,-0.08524744535833055,0.11364089792332795,0.02770882709287555,-0.03890989477257803,0.9626521335520207,0.008018615112552635,-0.0003114341408860398,-0.00049326417058519
0.24987520167644992,-0.3789100651811124,0.24788703517305508,0.13153438835535924,-0.06250519086052839,0.04511453877193821,0.019616563457612392,-0.036236373532746995,0.9677917134792938,0.00826650214772569,-6.155893920958986e-05,-0.0008721742357663022
0.12658432519277057,-0.2697235665161496,0.2656151131049776,0.18378282024296855,-0.07407622968782906,0.0033011504270455665,0.021185288941136065,-0.0354836917856518,0.9659103954986334,0.008532117260830667,6.502538598318073e-05,-0.0011418978022824519
0.1785690513593383,-0.20133787172862236,0.14375741414722998,0.17323863143580262,-0.10274709199275704,0.007097198129347849,0.01878927210811524,-0.02881297102238304,0.9724059167994147,0.008675874674977897,0.00024359443734251905,-0.001343235674011074
0.10873543465564739,-0.204030212591537,0.028965857032404244,0.18833596786372844,-0.05271514795413908,0.01367977760511598,0.019494632625494508,-0.027055306028895387,0.9639437411594647,0.0087048405320103,0.0003523298719981664,-0.0015472658866026111
-0.022533651127904293,-0.2248285836232686,0.0904485883782056,0.21601997202790577,-0.08435845019175242,0.017806054980932982,0.025943803942823203,-0.04023018527533698,0.9766956644767157,0.008795289120388506,0.0003297962208702621,-0.0017720944702258796
-0.11684491047226606,-0.32071130453818025,0.07545810205927624,0.24000176015500552,-0.09130480342087442,-0.05804326523900743,0.01870494529837188,-0.036046858714890405,0.9649022506411595,0.00887074722244778,0.00021295131039799606,-0.00209280577476406
-0.16164085813728726,-0.1605520896245895,-0.1961492254704159,0.21400045528022096,-0.055023149517123726,-0.07483006729229909,0.019384772215014796,-0.039540992174525946,0.9669264772150484,0.008674597996977366,5.13104522607088e-05,-0.0022533578643886497
-0.25284367371269184,-0.19216778218096772,-0.240246081834488,0.19775003472899563,-0.031280146648506146,-0.08750243528292544,0.015384271415031125,-0.05109887952471709,0.9639131433429172,0.008434351915142876,-0.00020153322145198308,-0.0024455256465696173
-0.24445845681502254,-0.035303475677584364,-0.13988790054409897,0.16743669165443065,-0.12081363242951879,-0.10964501362027175,0.01892207552158568,-0.04084312249699714,0.962253856212658,0.008294464014598777,-0.0004459916782670056,-0.0024808291222472014
-0.2548968153283358,-0.06274033661432504,-0.16844561183464804,0.08503772539062905,-0.13180654266722122,-0.12189531094273741,0.019109194287146802,-0.04241269647627892,0.9627594690230242,0.008126018402764128,-0.0007008884935953415,-0.0025435694588615263
-0.2729824304987153,-0.01979368382358248,-0.3051673336537696,0.09440985801170963,-0.0451383106840688,-0.17224390545208534,0.01267059496127412,-0.04312787163709533,0.9708538112468771,0.007820851069110358,-0.0009738709240940569,-0.0025633631426851093
-0.3317571614790008,0.10061160846020406,-0.09084857537653403,0.06632956278263485,-0.0859182778877893,-0.10289081633487804,0.02174234111598372,-0.039577641794001056,0.9729161523727964,0.007730002493733824,-0.0013056280855730576,-0.0024627515342249048
-0.3712057383299119,0.1662326584446206,-0.14895236473461024,-0.0015897331793229639,-0.10188772761889067,-0.11004194444188188,0.01985276643452017,-0.04314869113760099,0.9578056572063522,0.007581050128999215,-0.0016768338239029693,-0.0022965188757802842
-0.4150162012324644,0.22207363645306835,-0.05028296103472729,0.012940824544274965,0.023233306159193272,-0.11568481133710863,0.022170816345984466,-0.037706065926405755,0.964327764385024,0.007530767167964487,-0.002091850025135434,-0.002074445239327216
-0.4437851033124257,0.2506376844831825,-0.11233098330386813,-0.04047986027052858,0.03324325732773664,-0.0884564619688065,0.025342339059800517,-0.03540048341445521,0.9650631139752011,0.00741843618466062,-0.0025356351284478596,-0.0018238075548440331
-0.20574016616861923,0.2322122760841012,-0.12457138914371395,-0.13461849338992316,0.009124478551317414,-0.10545017564886201,0.02194988945871728,-0.039577310215445485,0.9680693332078247,0.0072938647955169056,-0.002741375294616479,-0.0015915952787599321
-0.19303372245372452,0.23717501394503382,-0.035255151442830326,-0.08484068134704648,-0.0031538039236901315,-0.06405826685714099,0.01748745485872207,-0.04313080676133963,0.96280952718394,0.007258609644074075,-0.0029344090170702036,-0.0013544202648148984
-0.2201645290485226,0.26185797338500577,-0.012041841683209153,-0.08871753474504612,0.026392568392714186,0.022760385981345374,0.01973837148239874,-0.03528088496285533,0.9724781502706725,0.007246567802390866,-0.003154573546118726,-0.0010925622914298924
-0.17732147773178825,0.11163167773205795,0.06731032193441669,-0.10357888887393661,0.053079132756841015,0.04069517201019592,0.01921590780880789,-0.030342014038200877,0.9656912658013306,0.007313878124325282,-0.003331895023850515,-0.0009809306136978346
-0.23195339989071184,0.18777525410464868,0.05086159432800056,-0.15299168214348235,0.07282051559890491,0.05366416173446183,0.0301817515884632,-0.03852032949701875,0.9752517274572845,0.007364739718653284,-0.003563848423741227,-0.0007931553595931859
0.06817548171812243,0.19131068371217003,0.12660946343777962,-0.14774337899518883,0.15044578524455607,0.052832598076828025,0.020302004055993216,-0.04061251750708142,0.95842673285632,0.007491349182091063,-0.0034956729420231045,-0.0006018446758810159
0.032731167386856594,0.26515019090869124,0.22584634043186208,-0.18434576896036653,0.07947115309418001,0.06872316939304572,0.019004398001047453,-0.03260639864745729,0.9697827161383502,0.007717195522522926,-0.003462941774636248,-0.0003366944849723247
0.04235860323545669,0.17973835620520168,0.18816620173218865,-0.1843180068483477,0.13696721474678034,0.08559100363039503,0.0194930657321511,-0.03709127330045615,0.9742659156079757,0.007905361724255114,-0.0034205831714007907,-0.00015695612876712295
0.19732468051859453,0.23638857970523985,0.1630132115403957,-0.11451330973580194,0.10840603579402874,0.15739152199950104,0.014244543318540399,-0.03219723833496695,0.9639958530645653,0.00806837493579551,-0.0032232584908821965,7.943245093811692e-05
0.026231347093704505,0.05245371580301898,0.19036109491389774,-0.12657955747284638,0.07464010567007785,0.15044141496612504,0.017880209771985046,-0.037747455302892204,0.9663045854154645,0.008258736030709408,-0.003197027143788492,0.0001318861667411359
0.17409059093930002,-0.10645059858374066,0.08201593331351173,-0.06518057795882005,0.14095453048692413,0.16393786381388228,0.024548831138840828,-0.04439743635615825,0.9547075023766014,0.00834075196402292,-0.003022936552849192,2.543556815739524e-05
0.24160798273125444,-0.02128942237908421,0.13550608404435574,-0.09398530971648456,0.07998198350737079,0.15982275022898995,0.015928647052909646,-0.03151868233989251,0.9675269243549286,0.008476258048067275,-0.0027813285701179377,4.14614577831103e-06
0.24477083187392434,-0.08636883840715817,0.09844703540275412,-0.00707072468231194,0.08301754399755785,0.15186403473804796,0.02733752929499895,-0.04378378641055869,0.9690877188900341,0.00857470508347003,-0.0025365577382440133,-8.222269262884714e-05
0.4722642462646084,-0.1934184695682511,-0.07461308988484165,-0.05338546968330754,0.07934230074993273,0.13183407305802167,0.021816225652323024,-0.03336226178054147,0.9668762849557329,0.008500091993585186,-0.0020642934919794047,-0.0002756411621970982
0.27758594690700605,-0.3185468279104489,0.012573284422362635,0.008486313324282057,0.11253534776929523,0.15078891968114438,0.011006705042065091,-0.03801163349338984,0.9645918907480922,0.00851266527800755,-0.001786707545072399,-0.0005941879901075471
0.3454119003563381,-0.22350684655532532,-0.18963597668677362,0.03871724071225616,0.025341049396346904,0.0963294978273154,0.02210880068363718,-0.02610691947465641,0.9675902607528413,0.008323029301320777,-0.001441295644716061,-0.0008176948366628724
0.48763478904795665,-0.3252787652162109,-0.10277923436553153,0.07221359558642426,0.07809248015160085,0.07500151337559498,0.016870881784835808,-0.04013296781084231,0.9657989666853075,0.008220250066955245,-0.0009536608556681042,-0.0011429736018790835
0.4380039930900337,-0.5411604513081589,-0.17441954238440677,0.10080028352665693,-0.04011733051509339,0.07675484384211516,0.029514548723671305,-0.04185322264915081,0.9647045823387145,0.00804583052457084,-0.0005156568625780705,-0.0016841340531872425
0.27253378244568643,-0.31523614621030366,-0.2119608617928058,0.10540740381232608,0.08786532382339252,0.02939105716605534,0.02458396059596068,-0.03861167301226422,0.9648575817820118,0.007833869662778032,-0.00024312308013238397,-0.001999370199397546
0.22975051080626405,-0.39837532422888977,-0.31625578824075556,0.06650675068518197,0.06686161388263044,-0.015175695759642152,0.020734236695568408,-0.0360709539259144,0.9741421535085283,0.007517613874537279,-1.337256932611994e-05,-0.0023977455236264362
0.15852711420589416,-0.6238988713425926,-0.3188645710728097,0.15583644845138928,-0.02653862308222915,0.027680434864241633,0.020637571381691217,-0.03772533850797121,0.9662797482649327,0.007198749303464468,0.00014515454487977423,-0.0030216443949690284
0.30903214574609195,-0.31138195545759945,-0.2707303147057559,0.13346100326621163,0.00023099885502297132,-0.054160470958580044,0.022422040580685865,-0.046544683985575375,0.9615686083111697,0.006928018988758712,0.00045418669062586615,-0.003333026350426628
0.13379927654617127,-0.28104294196914215,-0.2991520968944047,0.09540146679915235,0.01183250440613036,-0.046778158157124466,0.028778481092680643,-0.029809285143636267,0.9640457588587801,0.006628866891864308,0.0005879859671720374,-0.00361406929239577
-0.016027724427590095,-0.32149044772824936,-0.2125697354808519,0.08232404920132297,-0.05352814162174961,-0.09351756220969891,0.020422890430311414,-0.034106124544639856,0.9764190236546813,0.006416297156383456,0.0005719582427444474,-0.003935559740124019
-0.05418497971186394,-0.2866346031373035,-0.2582215684247624,0.08488867353310106,-0.1093781124982232,-0.11394220514100188,0.015569320567737282,-0.03699364396333111,0.9720643364325449,0.006158075587958694,0.0005177732630325835,-0.004222194343261323
-0.15360805026795138,-0.14994714062849304,-0.21329790820140246,0.1275288779420095,-0.010190104651118092,-0.028760030886256366,0.022603822528613347,-0.03910309523226781,0.9679227674921482,0.0059447776797572904,0.0003641652127646321,-0.004372141483889816
-0.22141069740609598,-0.11023578207034493,-0.2539954786805405,-0.021739765320057933,-0.0401968985040617,-0.07893476029248629,0.018573350254508337,-0.03553323715592743,0.9726704362810493,0.005690782201076751,0.00014275451535853607,-0.004482377265960161
-0.1417942648427879,0.11276512310322966,-0.025541633412879766,-0.010799002615857587,-0.05761241434418432,-0.16826942388535732,0.022078235545157046,-0.04275046231708985,0.968977405683976,0.005665240567663871,9.602505157481623e-07,-0.004369612142856932
-0.310755000844238,0.06926531750124068,0.036876558429999186,-0.034593194137562164,-0.03351307672002415,-0.021718280387099005,0.022285504617412782,-0.03931094135843721,0.9664296406770573,0.00570211712609387,-0.00030979475032848983,-0.004300346825355691
-0.4497304355234134,0.0442353694702991,0.1002261974609031,-0.1476880222183759,-0.015453713726759303,-0.08859948995692425,0.029628211820878488,-0.03272173399964672,0.9762862649302355,0.005802343323554773,-0.0007595251858519032,-0.004256111455885391
-0.3650714699140821,0.15931089428527606,0.16155953026958805,-0.1289249259304685,-0.0497703490990697,-0.06193968167746596,0.02289570916453045,-0.036496812920160875,0.9743347574423283,0.005963902853824361,-0.0011245966557659854,-0.004096800561600116
-0.4788218140981206,0.19257388286666421,0.07918742196541717,-0.12337600603932498,-0.03169525060280007,0.011772418024368016,0.015984281603226787,-0.043458261185589174,0.9676606204901943,0.006043090275789778,-0.0016034184698641063,-0.0039042266787334516
-0.4859703074240553,0.29723222131027205,0.33097303159115293,-0.1530495102089277,-0.06246367546895571,0.006315784339510194,0.017167178806480513,-0.03370222443686612,0.9722737796385574,0.006374063307380932,-0.0020893887772881615,-0.0036069944574231797
-0.5500988264845605,0.48948289324341765,0.3220484374804186,-0.188855349143013,-0.03714931571826288,0.07144015553559135,0.02051959383587245,-0.04238521055400533,0.9730525174158322,0.00669611174486135,-0.002639487603772722,-0.003117511564179762
-0.5633743537793761,0.3994145409297171,0.3277894483505949,-0.21413808457998443,0.020269198510467715,0.02078168495298706,0.013958820725547064,-0.03769800934245055,0.9731131937138411,0.007023901193211945,-0.003202861957552098,-0.002718097023250045
-0.53338219434266,0.42646956900250843,0.24170715642697987,-0.18917009464608328,0.040368054296356426,0.08025820989887246,0.021266563171755206,-0.03795536139272734,0.9678763584503608,0.007265608349638925,-0.0037362441518947586,-0.002291627454247537
-0.49601095925150795,0.4261924273005294,0.3335232189608352,-0.2046809654425195,-0.023810910544864713,0.10873550542510028,0.02320471526578654,-0.03718086268818793,0.9650083667250089,0.00759913156859976,-0.004232255111146266,-0.0018654350269470073
-0.46100291036009877,0.5041230085551666,0.46124583153895093,-0.2891738018376745,0.10090738755359577,0.1368998985925392,0.025303550176367283,-0.03394902825222577,0.9739520979401703,0.008060377400138711,-0.004693258021506365,-0.0013613120183918405
-0.5676581848823856,0.2910933434846655,0.26825370787209935,-0.25859072414236084,0.022990015719805447,0.10113457402749369,0.013382265586274329,-0.04676429239152993,0.9741892556299402,0.00832863110801081,-0.005260916206388751,-0.001070218674907175
-0.5107873185644157,0.47854164649878184,0.34265182561224405,-0.19475901105503807,0.028961620193739747,0.07069170894698892,0.02763397650121561,-0.042945662900105874,0.9730869597495484,0.008671282933623055,-0.005771703524953166,-0.0005916770284083931
-0.4553514515076131,0.39948983887281075,0.1480699998801517,-0.14151772910549917,0.09402398536005556,0.03627520521650948,0.021113801884116448,-0.04416227628249194,0.9675533158532238,0.008819352933503206,-0.0062270549764607795,-0.00019218718953558235
-0.34618237331663626,0.38875617088034525,0.1684793029569242,-0.13224835730470708,0.06823556349657654,0.14184457424525018,0.025764165154596532,-0.04442737144491693,0.9720799266491658,0.00898783223646013,-0.006573237349777415,0.00019656898134476293
-0.32575976177219923,0.19713433588434096,-0.019034966772845663,-0.1395887904913819,0.035951221553115136,0.08526391960527677,0.010236201228473794,-0.04867852022954177,0.9720709074023345,0.008968797269687285,-0.006898997111549614,0.0003937033172291039
-0.3299872715392743,0.22107720373917564,0.13219330419907893,-0.1358342433276235,0.04180499209171744,0.05369481571742961,0.01987701134148405,-0.037481818294294,0.9626275278962977,0.009100990573886364,-0.007228984383088888,0.0006147805209682795
-0.2075375347482149,0.11656486400924379,0.009858663414664202,-0.023045658323662788,0.09304826095224898,0.05325446344351696,0.02358394231427148,-0.0518678534631849,0.9683966486893724,0.009110849237301029,-0.007436521917837104,0.0007313453849775234
-0.042892103195653924,0.03659313790476683,-0.11666324211152265,-0.04318433288146323,0.047026886284398536,0.004884021447907273,0.02598947464684253,-0.043391403716474354,0.9715035670082173,0.008994185995189507,-0.007479414021032757,0.0007679385228822901
-0.0665687461116664,-0.04013608223020379,-0.04306733801125867,0.029584390766339355,0.03405204942905167,-0.000451187905775384,0.02584307381566925,-0.03513173021240369,0.9724922204523097,0.008951118657178249,-0.007545982767144423,0.0007278024406520864
0.03399846853481024,-0.08402869814165362,-0.06656404566061196,0.04011801068427926,0.06487437644236925,0.00037997362058699545,0.013542926656285051,-0.03019235989965658,0.9713645786627155,0.008884554611517635,-0.007511984298609613,0.0006437737425104327
0.12524373143276527,-0.1397989058421885,-0.1320806575649747,0.09825010833160733,0.02428269760426671,-0.06799668662852512,0.017576965134918833,-0.029758696344103955,0.962645928846225,0.00875247395395266,-0.007386740567176847,0.0005039748366682443
0.09412650857514275,-0.33563096021037364,-0.2304079006234343,0.1459319227324754,0.0009485430786106835,-0.125420242553855,0.024002580100227332,-0.03449448488888079,0.9764314891599242,0.008522066053329225,-0.007292614058601704,0.00016834387645787063
0.2899478294029738,-0.2748636664322799,-0.25313088698667474,0.14361800018730064,-0.003131694154712817,-0.10243948649232448,0.017798650050870734,-0.046482029451744455,0.9687290029479474,0.008268935166342549,-0.0070026662291987314,-0.00010651978997440925
0.3428021204706239,-0.2431177650418332,-0.11682728577751189,0.16255400793275315,0.039587804440375136,-0.11559612991550801,0.022818818643084382,-0.0384238556725334,0.966516945574408,0.008152107880565036,-0.006659864108728108,-0.00034963755501624246
0.500857035793407,-0.3102491626950314,-0.13741518297725522,0.19980608104865216,0.011482547798023029,-0.14086651613100523,0.0222454530637432,-0.038354920676912506,0.9768100353251314,0.008014692697587781,-0.0061590070729347,-0.0006598867177112738
0.48880958809142644,-0.11575427367111576,-0.1102708264926944,0.20505350248368195,-0.025585517888294357,-0.10561566995725263,0.005625243522172465,-0.05042905650285018,0.9660320706665152,0.007904421871095087,-0.005670197484843274,-0.0007756409913823897
0.3958559740051789,-0.2579185480530376,-0.041893158604027925,0.20895462190754377,-0.05935378167443607,-0.13267603760686458,0.022841165134447478,-0.047393804384701935,0.9669802088131789,0.00786252871249106,-0.005274341510838096,-0.0010335595394354274
0.6384457294555428,-0.09886780499874356,-0.03564922519656116,0.16919752658631437,-0.09413806063253857,-0.1204131469291982,0.014545704497700712,-0.027726797742929125,0.9727852362746229,0.007826879487294498,-0.0046358957813825525,-0.001132427344434171
0.5885529755979622,-0.07327167874633832,0.011476921171839181,0.16217158345784066,-0.06963585385033719,-0.08905135688587983,0.022597233546657585,-0.048790478220704675,0.9679898817995004,0.007838356408466338,-0.00404734280578459,-0.0012056990231805091
0.41676389868146896,-0.13294720336110022,0.14438918270798323,0.20304652365939102,-0.04837863260461424,-0.07625497102932406,0.016153641316085515,-0.039330209668118905,0.9809186586730715,0.00798274559117432,-0.0036305789071031207,-0.0013386462265416092
0.5574737540749387,-0.06833722155915802,0.0013685337153145904,0.1384466895750513,-0.10018078337874115,-0.07382589661014861,0.01956301806348041,-0.027308716578556692,0.9688788697139273,0.007984114124889636,-0.003073105153028182,-0.0014069834481007673
0.49642229336624066,-0.07290491620770734,0.2042770085874538,0.13411837365773768,-0.08825429559347384,-0.03200090984586306,0.018873428768738078,-0.04213236841714448,0.9692887048819125,0.00818839113347709,-0.0025766828596619417,-0.0014798883643084746
0.44743564568858907,-0.017082877123027588,0.07747783309896002,0.11071883948193731,-0.055759852464373746,-0.08998900649903564,0.025099507835388033,-0.031230489271342393,0.9740176922568579,0.008265868966576051,-0.0021292472139733524,-0.0014969712414315021
0.5479814462064189,0.051563408169777114,0.2202651448175314,0.032456929261747675,-0.08891215749874179,-0.048764771454891685,0.018923051855493686,-0.04065574643971194,0.9617404065600944,0.008486134111393583,-0.0015812657677669332,-0.0014454078332617251
0.38145913715695157,0.18317865366004646,0.22394759720856863,0.018531861570560103,-0.0948944400469547,-0.0005209814252585925,0.018728894111781066,-0.045744283475009355,0.9716224178030352,0.00871008170860215,-0.0011998066306099819,-0.0012622291796016787
0.35427634782796014,0.1436479941880843,0.23719885959632186,0.0027697799990694816,-0.0638575908882471,0.043775366014299634,0.022262566595183393,-0.03887758312734749,0.9752980098903227,0.008947280568198473,-0.0008455302827820217,-0.0011185811854135944
0.39877097218498836,0.12993551194848085,0.19379551569573997,-0.09447129458173142,-0.03694438669595704,0.06354341015168255,0.02117651432229421,-0.045323513398363616,0.9667704675536667,0.009141076083894212,-0.00044675931059703325,-0.0009886456734651136
0.2665119051370334,0.3429118938238828,0.15337204625268802,-0.07782783831520991,-0.10211942070825641,0.12768711822232076,0.021955366289945846,-0.040576144214175026,0.9713671899871236,0.0092944481301469,-0.00018024740545999985,-0.0006457337796412306
0.15898576513528373,0.27495906520370755,-0.05978588517527225,-0.1080263387188643,-0.06593570445523976,0.13608666567768873,0.017270239448412193,-0.04146577349223608,0.9693213035939797,0.00923466224497163,-2.1261640324716114e-05,-0.000370774714437523
0.09323965897135833,0.20477072554431133,0.20774489484489422,-0.11911896960848756,-0.0432062931569265,0.12535059586576303,0.02603994360075987,-0.03438268431109942,0.9675649406795264,0.009442407139816525,7.197801864664222e-05,-0.0001660039888932117
0.0854239046496885,0.19190840459529723,-0.14787051338433094,-0.1690368916726927,-0.07766651129764125,0.100798088699616,0.013107760236324515,-0.03949556343581477,0.9738552796932446,0.009294536626432193,0.00015740192329633074,2.5904415702085542e-05
0.037335719314157044,0.3060114170458952,0.04125857046153075,-0.11296639890186029,-0.009875711793918378,0.1491914836607117,0.024737195211489996,-0.03557574058274918,0.9806970815202759,0.009335795196893723,0.0001947376426104878,0.00033191583274798077
-0.099510653171234,0.22994552914493557,-0.0733109405382658,-0.12973474899031176,-0.018548685069095516,0.21602756291786518,0.027261265226882214,-0.0393841952248994,0.9699445497244754,0.009262484256355457,9.52269894392538e-05,0.0005618613618929164
-0.14601132937260247,0.22614250563113542,-0.32077234280051764,-0.1127752070802648,-0.026750614304687725,0.20737516528375957,0.007620277070864816,-0.037299187563768585,0.9796097972752394,0.00894171191355494,-5.078433993334869e-05,0.0007880038675240517
-0.15943709325815122,0.10761844461460852,-0.20738594226467394,-0.13497588854210568,0.0064546988082546854,0.1612254888759922,0.014007369451300308,-0.04057631737159799,0.9724769414193044,0.008734325971290266,-0.00021022143319149994,0.0008956223121386604
-0.20435321454615807,0.007275293598878671,-0.27400287641353116,-0.12826498302901967,-0.0014820271239540835,0.13044423264159402,0.012346927052810576,-0.043340846061067334,0.9759995427648226,0.008460323094876735,-0.000414574647737658,0.0009028976057375391
-0.40224442571029073,-0.03250657996366569,-0.17123105391689059,-0.12824576317865646,0.10592134065023194,0.1344519888902081,0.015527375041269735,-0.037934204683314904,0.9643978073355614,0.008289092040959843,-0.0008168190734479487,0.0008703910257738734
-0.25094281006431474,-0.0137702759649177,-0.27021189152222913,-0.09699809465012184,0.10216361097191369,0.08315810684797939,0.015745838236342048,-0.04008153293077597,0.9783705122838907,0.008018880149437614,-0.0010677618835122633,0.0008566207498089556
-0.278076130670817,-0.12426240199244425,-0.26094256263066073,-0.08742819594344599,0.08071681583342827,0.03240395653453332,0.015457112999720976,-0.0400386949577601,0.9670031038123441,0.007757937586806954,-0.0013458380141830803,0.0007323583478165114
-0.44872225990470727,-0.24448897404274156,-0.2850482669347157,-0.022467986138519185,0.07246647416753216,0.01649961566614204,0.022359577413337616,-0.03666619575045921,0.9694953296899756,0.007472889319872238,-0.0017945602740877878,0.00048786937377376973
-0.3342807747638379,-0.2381622176255217,-0.307090593371235,-0.0357154232698569,0.06545478346713789,-0.007208355890319347,0.016621915406227015,-0.04415964964749493,0.9693877586574828,0.007165798726501003,-0.0021288410488516252,0.0002497071561482481
-0.2789707348999692,-0.4345819793828397,-0.19972063510141017,0.017996058390520892,0.12069239458258295,0.005132576989737439,0.021264484236635295,-0.04589302723097045,0.9619555811613911,0.006966078091399593,-0.0024078117837515946,-0.00018487482323459165
-0.39756980343678827,-0.3757845436756464,-0.14239754280651842,-0.020737433633502694,0.1367509921429032,-0.030127899394258563,0.021809179936389624,-0.04779131900270885,0.9756596752258402,0.006823680548593074,-0.002805381587188383,-0.000560659366910238
-0.23149755297101546,-0.4545411970205376,-0.002219775415606612,-0.013415773370365584,0.12127857766256306,-0.047504963340051075,0.019712901516259436,-0.04305104316696029,0.9665676527837141,0.006821460773177467,-0.0030368791401593986,-0.0010152005639307755
-0.22624909225671488,-0.3131699291493871,-0.05515597396729315,0.1122790350328167,0.07413917968839547,-0.008270032429754244,0.022011172843483324,-0.044511419949718224,0.9825768430447419,0.0067663047992101745,-0.0032631282324161134,-0.0013283704930801626
-0.24806598500359608,-0.4763833673080059,-0.037289528635584004,0.059997141298539315,0.05972534771513649,-0.06674893848587021,0.015373153104319314,-0.041873556154788,0.9745481236034653,0.00672901527057459,-0.003511194217419709,-0.0018047538603881688
-0.11525003802779774,-0.2740360716234209,0.10762823046197909,0.09785862429173534,0.06503823714828086,-0.08938928251826167,0.012260941191808029,-0.04771216783547577,0.9710407795392317,0.00683664350103657,-0.0036264442554475073,-0.002078789932011589
-0.07173319697164465,-0.39144879420826123,0.1555883003655401,0.11933172152017374,0.076603937610116,-0.11824954850048701,0.02011326982769309,-0.039636308436716505,0.9736086586176178,0.00699223180140211,-0.003698177452419152,-0.0024702387262198508
-0.18342887876348996,-0.2855486075625807,0.29298635523125915,0.13451368695065036,0.03504771993400722,-0.061449742216443164,0.03151800902236779,-0.04110019986663499,0.9639885106555278,0.007285218156633369,-0.0038816063311826418,-0.0027557873337824314
-0.040973751420499305,-0.42894203732434194,0.31758021104394335,0.11986429565894417,0.09687569571123864,-0.07103257847521804,0.02471593858419005,-0.03585822670038424,0.9686810823998041,0.007602798367677313,-0.0039225800826031415,-0.003184729371106773
0.0667687398229222,-0.21629613509769646,0.30987820332593086,0.1036786859196351,0.06705042646410593,-0.05668206115728721,0.01715465391423377,-0.030642433987556436,0.9782495138913029,0.007912676571003243,-0.003855811342780219,-0.00340102550620447
0.18898075714386375,-0.21873527436396792,0.29198247767728835,0.05426645583805363,0.008207675948304502,-0.07597741552151675,0.02062346337984463,-0.03323611029882263,0.975244305596054,0.008204659048680531,-0.0036668305856363556,-0.003619760780568438
0.2252299484829611,-0.12133507016361636,0.3172536761971147,0.022321545300146683,0.04980826953447472,-0.04053996177173637,0.013247932228825,-0.04712079807172835,0.9761914840052939,0.008521912724877647,-0.0034416006371533942,-0.003741095850732054
0.2656780632485566,-0.055499831678771386,0.33872833461850094,0.011831934966477263,0.01590199627307728,0.06550016323837035,0.019764224156116707,-0.049038464965403705,0.9758869127478976,0.008860641059496148,-0.003175922573904838,-0.0037965956824108256
0.34604337969452836,-0.05049157252041273,0.19126780838538965,0.005120133677068187,0.07049932224609093,0.056496681499260626,0.014821968232997066,-0.04336575653191946,0.9650908005283984,0.009051908867881538,-0.0028298791942103097,-0.0038470872549312383
0.3370423254229082,0.09883650296103387,0.24308778342697424,-0.07454545990468592,-0.02935386707188092,0.044731116921566824,0.023031412775138226,-0.040649625320617784,0.9674006154803414,0.009294996651308512,-0.0024928368687874014,-0.0037482507519702047
0.2633947790650139,0.11280276216989583,0.21739098339384705,-0.15713548928752472,-0.0337977048736202,0.04923909907370309,0.011989974180360331,-0.038384188009551096,0.9757962791856702,0.009512387634702359,-0.0022294420897223874,-0.0036354479898003085
0.22243053830078985,0.2535926799839186,0.13147016030237993,-0.13579661878311633,-0.035281110080423186,0.0704127712527032,0.02552333633949082,-0.04031088237788644,0.977614471316555,0.00964385779500474,-0.0020070115514215976,-0.0033818553098163896
0.23540668878434046,0.34851134717304066,0.14870828505088549,-0.1019923733234312,-0.033992249435409544,0.12314788229626548,0.010671424419257575,-0.041745155823099456,0.9695664218994069,0.009792566080055624,-0.0017716048626372572,-0.003033343962643349
0.2958809803426885,0.2918213528634916,0.05037510170329377,-0.22854277813025042,-0.023744861212020376,0.0666350527522067,0.02397321045409586,-0.04218324199949936,0.9753426654189955,0.009842941181758918,-0.0014757238822945688,-0.002741522609779858
0.38311377712123323,0.35082387748164967,0.00039239003349977875,-0.16774487281014927,-0.06446033891822933,0.11213467689722105,0.014128483208788815,-0.037861697520260515,0.9773125383548378,0.009843333571792418,-0.0010926101051733355,-0.0023906987322982083
0.301560944892649,0.5702846517958,-0.04458095323615035,-0.3034471891189305,-0.029025429303574556,0.1239648300725907,0.01772261059075789,-0.042797997417603185,0.9804461872950812,0.009798752618556268,-0.0007910491602806865,-0.001820414080502408
0.3488734917320874,0.4846463611482962,-0.16876436924088217,-0.26715974710761947,-0.06322511153746173,0.08690290809308546,0.01725041812473704,-0.04485197503475074,0.9793259255782695,0.009629988249315385,-0.000442175668548599,-0.0013357677193541117
0.17351675813609518,0.4808323349463979,-0.12352475670430796,-0.21413894868246813,-0.03750788530132233,0.058426256359209984,0.019912547362645968,-0.040522422875083536,0.971752905398847,0.009506463492611077,-0.00026865891041250376,-0.0008549353844077138
0.15001160609536004,0.36717667726050907,-0.09061656087348098,-0.2561627026054452,0.026646481621498023,0.08456419392379332,0.010329308177399608,-0.03457389047806221,0.987432494205214,0.009415846931737595,-0.00011864730431714374,-0.00048775870714720464
0.20304829013519682,0.37778438192443853,-0.0808670847470088,-0.22142883500842347,-0.06030554693268719,0.018822101872882788,0.012021639392287377,-0.03895714654832562,0.9769937440858784,0.009334979846990586,8.440098581805309e-05,-0.00010997432522276608
0.07412983848450823,0.46310494564104504,-0.14298606530969238,-0.20848086732063104,-0.05971919036123144,0.004680620218647617,0.01793607888910047,-0.03719126073202115,0.9771113666827518,0.009191993781680893,0.00015853082430256134,0.000353130620418279
0.024176464699547935,0.3627623693454416,-0.12201910288969742,-0.13251919994639016,-0.05973391063738986,-0.020053406134891594,0.010316892889254796,-0.04080853724230217,0.9836156182648631,0.009069974678791197,0.00018270728900210927,0.0007158929897637206
-0.07507115133598823,0.327868718559945,-0.17423691218026896,-0.1796077230598871,-0.06668295715109299,-0.04501594562774387,0.009990049582226015,-0.041661558670645596,0.9679394284750267,0.008895737766610927,0.00010763613766612104,0.0010437617083236656
-0.14582997115406823,0.14959573216325292,-0.14086443530844595,-0.07626442910186691,-0.03612072913423686,-0.05467001160512779,0.01948072942872394,-0.04096380699461562,0.978025865006104,0.00875487333130248,-3.819383348794721e-05,0.0011933574404869183
-0.3817688764008833,0.18052160051924404,0.020100912719465514,-0.10295860195804361,0.032663286064544605,-0.11798401024538237,0.015281327467393736,-0.029060260677996594,0.9719604593343428,0.008774974244021946,-0.0004199627098888305,0.0013738790410061624
-0.3388072894875593,-0.03956725954196943,0.026200929010577433,-0.04391497657020369,0.022505744035883596,-0.13290864945406552,0.021254099003887784,-0.036191020410493796,0.9741612856495807,0.008801175173032525,-0.0007587699993763898,0.0013343117814641932
-0.2896822170904186,-0.18394567232088055,0.040115260860551984,-0.015125832287527749,0.016125026906252254,-0.14735492332802486,0.008664174665992185,-0.028393679606461268,0.9722192340303857,0.008841290433893078,-0.0010484522164668085,0.0011503661091433123
-0.41465013638554044,-0.09700420350210853,0.06833686696637381,0.04558142906664782,0.06752076182967534,-0.05269236330923494,0.013366499682700348,-0.03260784524061045,0.9762381960843411,0.008909627300859452,-0.0014631023528523489,0.0010533619056412038
-0.42374254446274595,-0.09633590734297878,0.1771007375837355,0.041807272453799706,-0.011488264165421983,-0.20630891232089774,0.01663895255357192,-0.031844749285194165,0.9671287180363123,0.009086728038443187,-0.0018868448973150946,0.0009570259982982251
-0.5627465373820618,-0.13142863223078755,0.16061781857220525,0.09942301333495879,0.09902862117350998,-0.15385706835654678,0.01911688475800985,-0.03499509681534777,0.976744330020077,0.009247345857015393,-0.0024495914346971564,0.0008255973660674375
-0.5329925238768111,-0.04741613142198195,0.19683974794240194,0.132090921222163,0.061555231490041024,-0.15406192938079827,0.00882359134122006,-0.03906450815597742,0.9694242853722944,0.009444185604957795,-0.002982583958573967,0.0007781812346454555
-0.5443360537104568,-0.2505576990218267,0.2786727743045626,0.21003178336360714,0.060104838789549114,-0.12560701909812405,0.01723055645903657,-0.0379634736386806,0.9868262695418503,0.009722858379262359,-0.0035269200122844246,0.0005276235356236287
-0.526169486781908,-0.33166133538092524,0.20516479531538373,0.14023508445069685,0.09440310565815603,-0.12671120854252424,0.011272542721852009,-0.03577373242944198,0.9778978726252189,0.009928023174577742,-0.004053089499066332,0.00019596220024270351
-0.5973060328475048,-0.2103607915798177,0.20466548837148812,0.15529558603941931,0.04772513760317469,-0.047912327509346514,0.022292258130655156,-0.0458470068785136,0.966974034566264,0.01013268866294923,-0.004650395531913837,-1.4398591337114214e-05
-0.5042015261048381,-0.363094157217769,0.08265609975011222,0.1817011505849561,0.06215263103876467,-0.054084380732143146,0.017960491199166886,-0.0417487436221888,0.9654526651094267,0.01021534476269934,-0.005154597058018675,-0.0003774927485548833
-0.4772443456048502,-0.27954931627786106,0.12964965793985567,0.20087765270522318,0.0571968440502565,0.003935603368760027,0.018460537754611477,-0.048883236229355934,0.9706335678320807,0.010344994420639197,-0.0056318414036235255,-0.0006570420648327444
-0.6794532051251895,-0.3195603231839401,0.07726433211084527,0.19461447340918658,0.06801025548106351,-0.05986446500851913,0.01757391072176928,-0.04153643730780736,0.9761515539994718,0.010422258752750041,-0.006311294608748715,-0.0009766023880166846
-0.30905843055934545,-0.18221205334705995,-0.059982739676139776,0.1555032755019942,0.12776878026320004,0.0009078061082943064,0.014252073215797524,-0.03586088593694621,0.9722419074268382,0.010362276013073901,-0.006620353039308061,-0.0011588144413637446
-0.27240534196577204,-0.00199428252386441,-0.027585868841967884,0.1392644975521403,0.02772703056887453,0.03990622493736982,0.013634488227617116,-0.035852991205804464,0.9747309401361293,0.010334690144231934,-0.0068927583812738325,-0.0011608087238876089
-0.31008197441365276,-0.071316310010841,-0.06505939304744082,0.14131342713543418,0.07364135475280174,0.13327841676122754,0.00809798810352714,-0.04308730731977082,0.9796220626576702,0.010269630751184491,-0.007202840355687486,-0.0012321250338984497
-0.30633869654792034,-0.010449176568421176,-0.004659449304673019,0.09714592774534049,-0.013444716079008238,0.15276069046558566,0.014263866086559013,-0.044439052427355415,0.9713000632178522,0.010264971301879817,-0.007509179052235406,-0.0012425742104668711
-0.1129357158926637,-0.015145888881819274,-0.1976274959114111,0.09220124090459286,-0.041253281967379124,0.12809330477555206,0.017432040408913014,-0.04005539800155969,0.976373530937782,0.01006734380596841,-0.007622114768128069,-0.0012577200993486902
-0.03529396411669336,0.10584081623204207,-0.26499053791173516,0.0383636952183494,0.04040198213571734,0.16898380775127309,0.010741456055099529,-0.037400282895563804,0.9711831767247715,0.009802353268056674,-0.007657408732244762,-0.001151879283116648
0.019923529963563887,0.1483317797775219,-0.2478132810767297,-0.015578687808750857,-0.05035219244395522,0.10597718123080614,0.004065592021769645,-0.03209903405406812,0.9788273941672232,0.009554539986979943,-0.007637485202281198,-0.001003547503339126
0.11131365715949634,0.1492968206631457,-0.4520667336229311,-0.09549405229336973,-0.04044897949399504,0.18809518800922465,0.011524669614496667,-0.03607835016901545,0.9740364612862072,0.009102473253357012,-0.007526171545121702,-0.0008542506826759804
0.22290295593034545,0.11503810683568252,-0.2912907773465593,-0.035632982437913796,-0.06606552334432339,0.15899636562241787,0.02757327342617663,-0.04382949575816074,0.9749722143544172,0.008811182476010452,-0.007303268589191357,-0.0007392125758402979
0.26184912516636005,0.25580510064645257,-0.4100233923592703,-0.0938837055253461,-0.08147918974364848,0.1620995560941252,0.012365305508210734,-0.0468010924799679,0.9707486436688516,0.008401159083651182,-0.007041419464024998,-0.00048340747519384536
0.3604454432030123,0.3402621385527215,-0.2762721894747772,-0.07350742551014335,-0.09501265614567861,0.139989613580488,0.013688837776220838,-0.03677310672231951,0.9833200526991086,0.008124886894176404,-0.006680974020821986,-0.0001431453366411238
0.4433217359388463,0.3966132030378628,-0.28147835797540344,-0.16007902877314212,-0.12764164712080112,0.140117708090054,0.017647749507432125,-0.03649601966785267,0.9795321313496496,0.007843408536201002,-0.006237652284883139,0.000253467866396739
0.41605000846033685,0.371308132025755,-0.1304598742504716,-0.17614799288750496,-0.11038141215611129,0.10399246216198388,0.010743529223247998,-0.036127866688401046,0.9680824080183443,0.00771294866195053,-0.0058216022764228026,0.0006247759984224941
0.4705299552038476,0.2181881561737872,-0.032053221156504094,-0.13610137016048132,-0.062950649014479,0.07397523253539934,0.01337434388262023,-0.040205266887545374,0.981802361127686,0.0076808954407940255,-0.005351072321218955,0.0008429641545962814
0.4982576708979971,0.13644485647790355,-0.07476283547827212,-0.14761517369986635,-0.09802038065693557,0.04528741248634226,0.015939232302059302,-0.03547291052961598,0.9720535035317244,0.007606132605315754,-0.004852814650320957,0.0009794090110741849
0.4385202975165555,0.17431928236582248,0.08726257100468636,-0.16119946020462966,-0.09663901204873024,0.008139905069629656,0.017233966481345696,-0.041043629938573425,0.971840361574537,0.00769339517632044,-0.004414294352804402,0.0011537282934400072
0.5945623902786215,0.06501035888959127,0.13997357443827468,-0.1329342554485159,-0.03313178156597081,-0.01419862101427337,0.012725446759940183,-0.041740436260882446,0.9848281687591594,0.007833368750758714,-0.00381973196252578,0.0012187386523295986
0.6184178282900916,0.08147520625243965,0.12304049486320223,-0.12213573472473928,-0.0798835963321049,-0.05100922691821532,0.010934073634879114,-0.0347452185615792,0.9834647536411835,0.007956409245621916,-0.0032013141342356883,0.0013002138585820383
0.4962923911364061,0.03549469513212421,0.1557944350616171,-0.08693503288582154,-0.020041798796719332,-0.024471282231104792,0.006966598395924916,-0.03553462059916255,0.9724705596135119,0.008112203680683534,-0.002705021743099282,0.0013357085537141625
0.5385558993618406,-0.1533787922462885,0.19830358912302437,-0.04505493893834982,-0.06025080124020748,-0.02226227150276809,0.01401637303906712,-0.04282750719163218,0.9709365473125147,0.008310507269806559,-0.0021664658437374417,0.001182329761467874
0.44465326467472066,-0.10805586510787504,0.21888959588647058,-0.0626197183062531,-0.047388693263637385,-0.08618708079531474,0.010354407125876812,-0.035064108605336715,0.9738300948276384,0.00852939686569303,-0.0017218125790627208,0.0010742738963599988
0.5257820762079843,-0.23467575452761233,0.3278764081103748,-0.017636405383716653,-0.008174055557736032,-0.11231714980979425,0.014425766672871055,-0.04599487595032239,0.9709669930630452,0.008857273273803404,-0.0011960305028547366,0.0008395981418323864
0.4102424847727893,-0.2877289994926906,0.4026091535304256,0.07176623142627615,0.017615505393086324,-0.10909338823947969,0.011767379069650495,-0.03891089530072445,0.9744027684296823,0.00925988242733383,-0.0007857880180819472,0.0005518691423396958
0.19202952601153495,-0.4038699222857948,0.16000623236751324,0.06577162528816868,0.0028610690414073384,-0.13362722815135422,0.012905769126504658,-0.026502787339959654,0.9801547244044233,0.009419888659701343,-0.0005937584920704123,0.00014799922005390094
0.3629457123360989,-0.29013760000980343,0.3130848802191387,0.07684832841345078,0.07650891475906621,-0.05728302619859003,0.01336094067465195,-0.045961050433210256,0.9684903075601597,0.009732973539920482,-0.0002308127797343133,-0.00014213837995590253
0.2220417424867943,-0.5455117268962094,0.2757851847041504,0.08690178362573811,0.02982248154881812,-0.09042778547520457,0.020693723807565477,-0.045438703165301256,0.971111341591321,0.01000875872462463,-8.771037247518986e-06,-0.000687650106852112
0.15041571256934053,-0.42188303688851253,0.10633112246707778,0.15507094823475523,0.06962886716245949,-0.03073227827872331,0.011293213066225145,-0.045852084427822695,0.9719524450772524,0.01011508984709171,0.00014164467532182156,-0.0011095331437406244
0.11357346173360641,-0.4432471543280464,0.20139114646863987,0.09426649387859337,0.09419529937056906,-0.022565477455712503,0.010116261439048303,-0.03216766845141307,0.9789746433245867,0.010316480993560348,0.00025521813705542797,-0.001552780298068671
0.11384122604992167,-0.46300443299999344,0.13297019673466565,0.12167679907030932,0.10717389484116664,-0.007098344373743558,0.004480522690128751,-0.033509706605185444,0.9808505122920331,0.010449451190295014,0.0003690593631053496,-0.0020157847310686644
-0.06758306930479696,-0.41222718397935887,0.0798325476365582,0.13190582174075438,0.08548500769759922,0.007346619340840448,0.015062033567510322,-0.04384564820598874,0.9725388339694377,0.010529283737931572,0.00030147629380055264,-0.0024280119150480233
-0.05129277482314246,-0.4732119861370502,0.033844064264785166,0.07083903281968226,0.07582580437733555,0.04106056589755416,0.015242005526181487,-0.04118586364552786,0.975270425649671,0.010563127802196356,0.00025018351897741016,-0.0029012239011850737
-0.3204061405820753,-0.40952574887793913,0.005647125844063572,0.0830296254320958,0.1328989106447974,0.08729946492346331,0.016128425497624412,-0.04078780843955805,0.9842561053617125,0.010568774928040422,-7.022262160466514e-05,-0.003310749650063013
-0.11122820368132358,-0.2793467582819124,-0.14283572866816144,0.1652925330556148,0.0881115236766142,0.10890739551735558,0.016052939135984847,-0.026795698105154073,0.984889308128371,0.010425939199372259,-0.00018145082528598874,-0.003590096408344925
-0.23874117694208447,-0.2758120771007614,-0.0796360118277861,0.05960118052749735,0.1288710721289301,0.059666805890876654,0.010791086888705705,-0.0340159380173768,0.9827342987457542,0.010346303187544474,-0.0004201920022280732,-0.0038659084854456866
