motionRotationRateX(rad/s),motionRotationRateY(rad/s),motionRotationRateZ(rad/s),motionUserAccelerationX(G),motionUserAccelerationY(G),motionUserAccelerationZ(G),motionGravityX(G),motionGravityY(G),motionGravityZ(G),motionYaw(rad),motionRoll(rad),motionPitch(rad)
0.2284558853464188,-0.2072556867816376,-0.20592519720871166,-0.09962530816215039,-0.11242687474048879,0.010138463785694048,-0.020944538508464804,-0.04207372048257018,0.9757536641277221,-0.00020592519720871169,0.0002284558853464188,-0.00020725568678163763
0.2932907169695319,-0.12557500208369804,-0.06708936448771778,-0.07460746589769586,-0.026786967707360186,0.003342770046107309,-0.02030139529022678,-0.03534767961066193,0.9719948863426767,-0.00027301456169642947,0.0005217466023159507,-0.00033283068886533565
0.3846474377038997,-0.035852940450458295,-0.06938034434961057,-0.10477312773824632,-0.04892452432993921,-0.06092859478573457,-0.02251196927996677,-0.03645627774831884,0.9693102233561263,-0.00034239490604604005,0.0009063940400198504,-0.00036868362931579394
0.5633853992797386,-0.010275622979035918,-0.05278325200386087,-0.07468349644261485,-0.0036152663246172253,-0.040068925376497255,-0.020934467630609552,-0.033013745734997754,0.9706903373030176,-0.0003951781580499009,0.0014697794392995892,-0.00037895925229482983
0.4836713798800353,0.07590464750303494,0.16929901556398602,-0.0293096112898491,-0.08208687081138533,-0.012319759067934625,-0.022587429929651057,-0.043689404887413415,0.9734475224863143,-0.00022587914248591492,0.001953450819179624,-0.00030305460479179485
0.5219896681714972,0.1305604934802224,-0.02074994454420917,0.033201897894241994,-0.03734284652160691,-0.09271282819898248,-0.017213917954862785,-0.04301895990582554,0.9773506175825741,-0.0002466290870301241,0.002475440487351122,-0.0001724941113115725
0.5484473992003859,0.0642647285712521,0.15840603311066215,-0.015114827073135396,-0.020923506249265957,-0.105284460605631,-0.024141866017422065,-0.030053310425387815,0.9687843494542208,-8.822305391946193e-05,0.003023887886551508,-0.00010822938274032038
0.5726422584010282,0.26291643121896474,0.21995087269581998,0.04125121887903758,0.017417608970273314,-0.0673513800449253,-0.016042996157249582,-0.04004634131406949,0.9737732884805734,0.00013172781877635807,0.003596530144952536,0.0001546870484786444
0.5182947462069664,0.19725723551737345,0.18844167390709693,0.07237967671339153,0.04830887622878583,-0.05006291500726672,-0.022447539465292272,-0.038513015779894494,0.9683816544491849,0.000320169492683455,0.0041148248911595025,0.00035194428399601787
0.5024385183059733,0.08104482720847153,0.13891103395001148,0.060132237805696556,0.10123848499134153,-0.033885207816079975,-0.008058372672588715,-0.03365625952399802,0.9715304077454192,0.00045908052663346644,0.004617263409465475,0.00043298911120448935
0.561759850193815,0.21505727938323851,0.15303118132504862,0.148604796874071,-0.010881290601171184,-0.08981494047456227,-0.02605908071683386,-0.04122888917562667,0.9753739000927952,0.000612111707958515,0.005179023259659291,0.0006480463905877278
0.4543913789019874,0.27758809303477183,0.11314936403270771,0.07641214241361155,0.06751415763196027,-0.07976184396540235,-0.007545837230478589,-0.04198627430164887,0.976109160146698,0.0007252610719912227,0.005633414638561278,0.0009256344836224997
0.3906266760339769,0.35838063694778727,0.3010420128263246,0.17488662300235291,0.0030555906916055406,-0.052407395850893775,-0.015133606491565393,-0.02799392975187649,0.9604702410828354,0.0010263030848175472,0.006024041314595254,0.0012840151205702872
0.36324454734652994,0.31483066920281905,0.13093490500492946,0.14074155423241336,0.08648148308600968,0.02433968197210557,-0.009213567035153955,-0.03267482601161294,0.9727885119650352,0.0011572379898224768,0.006387285861941785,0.001598845789773106
0.3407202430126074,0.06451518042239415,0.04461666298434753,0.1502679984840188,0.027896439141630706,0.04193689830669219,-0.013028577403579308,-0.028088614215756806,0.9755732212742405,0.0012018546528068245,0.0067280061049543914,0.0016633609701955003
0.31252274560268345,0.06765791729603707,0.0005434579640826165,0.1556256535979061,0.08464111713491838,0.01752001889413779,-0.012212001973302251,-0.03321608998937813,0.9684773140902432,0.0012023981107709071,0.007040528850557075,0.0017310188874915375
0.14801102851286968,0.1086279893807055,0.1606302531125878,0.08337139055930434,0.07191725417999234,0.05004132588317431,-0.014363346751060846,-0.039795196977720895,0.9711745308541624,0.001363028363883495,0.007188539879069944,0.001839646876872243
0.12175635371332696,0.0409801518172977,-0.0769433113484116,0.0931605815855539,0.05096796611356014,0.057528218879714585,-0.026415159221641157,-0.03862437694784221,0.9746853481019273,0.0012860850525350832,0.007310296232783272,0.0018806270286895407
-0.031666526855481575,-0.03560833734996962,-0.1800034973123138,0.08496577736415747,0.032337123247548394,0.14204076781895936,-0.015353615785050331,-0.03979875083429591,0.9703518168179034,0.0011060815552227693,0.00727862970592779,0.001845018691339571
-0.12013473236041106,-0.0863797512065673,-0.21397424390091196,-0.012627293010073322,0.02429297568144457,0.11369198509955344,-0.008297511855454031,-0.03994169468232401,0.9660508789196947,0.0008921073113218572,0.00715849497356738,0.0017586389401330036
-0.12766106230744362,-0.2927100649719496,-0.11608931731024578,0.014653400605064091,0.020218979568616614,0.07646992066717402,-0.02449752958652511,-0.03067372015757669,0.9723324581321984,0.0007760179940116115,0.007030833911259936,0.001465928875161054
-0.15927622907951738,-0.2541685162120955,-0.2331007570972981,-0.0035997203999780045,0.017465959920408496,0.11801293673135778,-0.01752646467374599,-0.03558109913372525,0.97277214790371,0.0005429172369143134,0.006871557682180418,0.0012117603589489585
-0.14925656721431246,-0.3061797114360025,-0.3175758556222065,-0.08740076812903509,0.011421203872496559,0.12097776514667638,-0.012314150123484933,-0.03471563109313526,0.9712657989611058,0.00022534138129210683,0.006722301114966106,0.000905580647512956
-0.1747758666456588,-0.4218848114612304,-0.31166556334445217,-0.08609205876563462,-0.03669344111257858,0.04724336083307976,-0.013745665310893777,-0.03288727054761047,0.9687212421156698,-8.632418205234534e-05,0.006547525248320448,0.0004836958360517256
-0.2909281221658456,-0.3992014027274476,-0.20752241643288571,-0.15033762780916474,-0.013658648935381587,0.01705006386732546,-0.015108503456137172,-0.03681486316407799,0.9676504316813476,-0.00029384659848523105,0.006256597126154602,8.449443332427798e-05
-0.3240654152996458,-0.4202455988432779,-0.31765874878075373,-0.19258353343258455,-0.023737053128742566,0.03751369206191805,-0.011854961141100268,-0.031730755612011725,0.9675249142836024,-0.0006115053472659849,0.005932531710854956,-0.00033575116551899995
-0.32189431625122766,-0.43749492890607283,-0.28911689822161474,-0.20888131772138752,-0.0384733644038674,-0.029325008599226828,-0.010051663040426005,-0.042260114405021865,0.9606798331018559,-0.0009006222454875997,0.00561063739460373,-0.0007732460944250728
-0.3755609325949024,-0.30606042889219415,-0.27799940989291666,-0.18820371270804973,-0.03189439326574814,-0.02965725618587787,-0.01471542833871112,-0.03967806164598947,0.9712571373270983,-0.0011786216553805163,0.005235076462008826,-0.001079306523317267
-0.3652828349255557,-0.40204568477501906,-0.29271448533354144,-0.24707556466324396,-0.06549688667529364,-0.05487391257571194,-0.01297866106720231,-0.03764265930775353,0.968363019636749,-0.0014713361407140578,0.004869793627083271,-0.0014813522080922863
-0.27776376033420735,-0.41894808326043975,-0.010349179524466595,-0.2559168141213516,-0.08593088218037118,-0.0722337686763254,-0.0158310915664744,-0.03207934420204058,0.9750443084168817,-0.0014816853202385244,0.004592029866749063,-0.001900300291352726
-0.24765195016193214,-0.42716642754651535,0.05141822533886588,-0.22096895270596692,-0.10599782718439942,-0.08025575037786069,-0.015823253020046266,-0.021876470670794592,0.9723211079406073,-0.0014302670948996583,0.004344377916587131,-0.0023274667188992416
-0.26136678847224776,-0.2248506586620673,0.0018877283646659263,-0.15789870284144036,-0.063336084005103,-0.09193611434787859,-0.020537960843938805,-0.04312365608466076,0.9702656154591989,-0.0014283793665349925,0.0040830111281148825,-0.0025523173775613087
-0.14117740155177416,-0.23058236191583953,0.1064943273981853,-0.16986735513657777,-0.08790499028783359,-0.09069572204184195,-0.009446007375392512,-0.036007703921731554,0.9664794285850294,-0.0013218850391368072,0.003941833726563109,-0.002782899739477148
-0.1651824937032314,-0.21849710466078565,0.09728752090401344,-0.13759685570805594,-0.13447805352522135,-0.1484021254476139,-0.016117701131062007,-0.03604357907581492,0.9689622310121269,-0.0012245975182327937,0.003776651232859877,-0.0030013968441379335
-0.15224699437688646,-0.19718271540101712,0.27557281094165476,-0.10493206200270261,-0.12963425891337615,-0.16391166932000797,-0.014717803985657215,-0.029936796511415998,0.9714120163530228,-0.000949024707291139,0.00362440423848299,-0.0031985795595389508
-0.057090865912515755,0.038951308716696706,0.2460756318347757,-0.09257314800123581,-0.14788490487571793,-0.14257526738108078,-0.012080870957570097,-0.030782785143346564,0.9725661866072063,-0.0007029490754563633,0.0035673133725704752,-0.0031596282508222547
0.11087317103505634,0.09601526609760175,0.4601779612629681,-0.07377532344840394,-0.12791987167932137,-0.17916514822100793,-0.018311557549026608,-0.025462208957047643,0.971212827155289,-0.0002427711141933951,0.0036781865436055316,-0.003063612984724653
0.03388881853036277,0.08593494070503496,0.450592945466069,-0.047721055749369815,-0.05468441155777526,-0.0891492600002387,-0.0120988785627451,-0.03566028876659771,0.9642783100749648,0.0002078218312726739,0.0037120753621358946,-0.0029776780440196175
0.09126204068693565,0.16522225642278338,0.18031103382956293,-0.051158295991831595,-0.09058729237721551,-0.09871167677609229,-0.010367830736997128,-0.03146358874665654,0.9745232365588518,0.0003881328651022368,0.0038033374028228297,-0.002812455787596834
0.13143881767995058,0.2859793231440933,0.1921362009741824,0.024521016598413107,-0.09310072288808768,-0.07533666438638971,-0.01224436584124054,-0.032700923500525995,0.960078176864317,0.0005802690660764193,0.00393477622050278,-0.0025264764644527407
0.19197142753784235,0.4127497877805009,0.36281199180098567,0.03224864923229657,-0.06510696514054588,-0.10147872646597783,-0.011766010014156716,-0.0364761785374317,0.9687826861556812,0.0009430810578774049,0.004126747648040623,-0.0021137266766722393
0.2379280995330887,0.40448066206898486,0.1820785460172166,0.14448087260885797,-0.07560736378037711,-0.06309618919248437,-0.0212296209736597,-0.029493725956288817,0.963298339663882,0.0011251596038946215,0.004364675747573712,-0.0017092460146032546
0.3031942595347679,0.3535752818783409,0.14176060814426594,0.11956931903709078,0.036234066702350506,-0.02310211915164684,-0.015470289442681362,-0.04045690410415677,0.9684629716022329,0.0012669202120388875,0.00466787000710848,-0.0013556707327249135
0.3450717351505492,0.531950287878793,0.21886102540332952,0.19751624770905862,0.05969170319883706,0.08360844682994996,-0.007554951428270995,-0.03355430198668012,0.9723148335771753,0.001485781237442217,0.005012941742259029,-0.0008237204448461206
0.3399303607825008,0.4549685671784911,0.07116145057766338,0.2141112849010434,0.08169012223158163,0.07379390418906692,-0.0062817273715266965,-0.022034280224948324,0.9673207901539554,0.0015569426880198802,0.00535287210304153,-0.00036875187766762955
0.43945023988079013,0.38519088220557296,0.022804557037311886,0.2139979414162228,0.02062645278540834,0.10834344247092925,-0.0037166382059135635,-0.03798129054551714,0.9717338859460031,0.001579747245057192,0.00579232234292232,1.6439004537943446e-05
0.2761782975895556,0.3952281963543315,0.07601071047356125,0.2544887564186059,0.05259372947192561,0.09267715019273737,-0.015110077448949401,-0.028523590762541465,0.9693928655691488,0.0016557579555307534,0.006068500640511875,0.000411667200892275
0.3797503269441023,0.3923403478589952,-0.057723674003789596,0.2215609849322498,0.13067424280056317,0.1579087947920363,-0.02167183129577698,-0.016860471560994378,0.9663817865486439,0.001598034281526964,0.006448250967455978,0.0008040075487512701
0.36425062408763237,0.41407069602471314,-0.09024590879200747,0.2538162745459998,0.06671992960847664,0.14072375351622451,-0.01670991914784406,-0.04114218999642137,0.9734651757073657,0.001507788372734956,0.00681250159154361,0.0012180782447759834
0.3973301387950927,0.26635329461762197,-0.16816389338359394,0.2459062438924278,0.08264112795456115,0.1541807531349841,-0.020792444202510654,-0.03541765520035109,0.9672747183782474,0.0013396244793513624,0.0072098317303387035,0.0014844315393936053
0.33305494805627134,0.11889469691200596,-0.19114284755903835,0.12314859529988657,0.07384713852245851,0.1719770905400541,-0.017365990392874786,-0.028400068455530322,0.9695115005095633,0.0011484816317923238,0.007542886678394974,0.0016033262363056113
0.2614332607513923,0.10837817401968625,-0.16647174022297437,0.12173566749166866,0.0724741728170858,0.19419356466303841,-0.014469276284671265,-0.0357758005259302,0.9728538981781364,0.0009820098915693494,0.007804319939146366,0.0017117044103252975
0.05636041014352522,0.22344587443742972,-0.2192808625986184,0.05898505337253694,0.09986255792214682,0.16678294073754574,-0.021974042038578723,-0.029381693354832955,0.9667873855654672,0.0007627290289707312,0.007860680349289892,0.0019351502847627271
0.12336041430826042,0.14830097986648028,-0.27676483489299997,0.13564473335781185,0.05095851597306704,0.1938324369781227,-0.016500475696069106,-0.0282297681727244,0.9757728113870019,0.0004859641940777312,0.007984040763598153,0.0020834512646292075
-0.07580374347455907,-0.004222656013247464,-0.12661314089834969,0.08230661465111859,0.08652968419400578,0.17207889738342982,-0.015102189913365708,-0.038387477578292015,0.9674339852887431,0.0003593510531793815,0.007908237020123594,0.00207922860861596
-0.15570559689495844,-0.25366317396392407,-0.18467498333027316,0.05207279993410244,0.12111696147390906,0.13465064366957896,-0.011038708341215784,-0.033611943818764534,0.9777178617815375,0.00017467606984910834,0.0077525314232286344,0.0018255654346520358
-0.13726702093186147,-0.019254213190739944,-0.1050058858609186,-0.0029708792773594055,0.09665318963744839,0.08098473161903662,-0.008450149931792675,-0.02768015149565067,0.9783426406401341,6.967018398818973e-05,0.007615264402296773,0.001806311221461296
-0.30539633098332775,-0.25749596977119266,-0.03462257310137381,-0.008222242565760391,0.1193348681186846,0.09357090601611727,-0.012989432029344154,-0.038996149604848346,0.9719948781586548,3.5047610886815924e-05,0.007309868071313445,0.0015488152516901033
-0.3704396220142977,-0.17582342858967673,0.0531734123076385,-0.10014185216228402,0.1371361349861354,-0.004316617780815027,-0.01362041208173016,-0.02102163483810462,0.9659180824984508,8.822102319445444e-05,0.006939428449299148,0.0013729918231004266
-0.3484560172190707,-0.2515508809355223,-0.04876258559124893,-0.11623123100677561,0.0800331772258298,-0.0555331029153382,-0.01769915236310717,-0.02678325629054568,0.9733029832636012,3.945843760320551e-05,0.006590972432080078,0.0011214409421649045
-0.4135006754320565,-0.21529569764221906,0.1626624520773378,-0.10171629889070279,0.03634609904640326,-0.007611149485067999,-0.021595227075623676,-0.038661708523252916,0.9616608562294021,0.0002021208896805433,0.0061774717566480215,0.0009061452445226852
-0.474612629254673,-0.22967547683409126,0.07752937546763672,-0.1140461885403568,0.033489870099783825,-0.008862070641815533,-0.01379456632932205,-0.028978844217944732,0.9670454380314149,0.00027965026514818004,0.005702859127393349,0.000676469767688594
-0.5966621760769808,-0.22988055563013346,0.33464360149449335,-0.12063877331988423,0.0315918907142319,-0.09320007220964292,-0.022152722406835246,-0.02399904841166326,0.9642327293360451,0.0006142938666426734,0.005106196951316368,0.0004465892120584605
-0.546445384871059,-0.22835437460317493,0.2674934127725803,-0.13352324412537792,-0.044346414488294884,-0.10225317070925004,-0.004700695107880845,-0.03239812974798435,0.9630545147113891,0.0008817872794152537,0.004559751566445309,0.00021823483745528555
-0.4723344369629247,-0.251719117078808,0.3285295865332186,-0.0934808970137676,-0.022810202703238722,-0.05955377282830495,-0.013896057186936948,-0.028803910812839482,0.9614988788131671,0.0012103168659484721,0.004087417129482384,-3.3484279623522464e-05
-0.5796635582760351,-0.19605384948374802,0.2301162079474032,-0.1505087229455214,-0.040260116873529976,-0.07556576887799009,-0.014318899381032674,-0.03169351404337647,0.9663541532271881,0.0014404330738958756,0.0035077535712063493,-0.0002295381291072705
-0.49051047791376456,-0.08166846358818164,0.13587808019376385,-0.13822671367344327,-0.030326586996831252,-0.07482442564328169,-0.010710415160886,-0.029000828345522863,0.9628755370985125,0.0015763111540896394,0.0030172430932925848,-0.0003112065926954522
-0.4120217882614635,-0.060438599430152985,0.14555864362390453,-0.05872084656088959,-0.041890618876739796,-0.055336373817023436,-0.008032478968907875,-0.02741047159102767,0.966935873041215,0.0017218697977135437,0.0026052213050311215,-0.0003716451921256052
-0.46466063336567703,0.02574884967758513,0.11579665772559991,-0.08442260365488105,-0.03730868572236112,-0.02166439304985132,-0.009713357277759502,-0.023552521598139434,0.9655486682355076,0.0018376664554391438,0.002140560671665444,-0.0003458963424480201
-0.45184760021706344,0.14789349511867564,-0.026586102479337,-0.02402983685342193,-0.0346376319555844,-0.0572772191671083,-0.01674521166957924,-0.01735803909642189,0.9721608070025604,0.0018110803529598068,0.0016887130714483807,-0.0001980028473293444
-0.4316309230734185,0.1826334206793492,-0.06176169578046331,0.0019064333703721487,-0.06483872684972398,-0.031084583448658692,-0.008945486745983822,-0.02788211852784679,0.9740198880192652,0.0017493186571793436,0.0012570821483749621,-1.536942664999519e-05
-0.4265820646568277,0.20835132256071556,-0.08639790264630545,0.06830830408803727,-0.1007414704389931,0.004153208649966823,-0.0152455509671231,-0.04117827858756954,0.9718556763280852,0.0016629207545330383,0.0008305000837181342,0.0001929818959107204
-0.30922099985496054,0.24208579942829436,-0.12432745778123047,0.13227626297414177,-0.07880191399485356,0.00039378438302681805,-0.020600709422004433,-0.024995047585225562,0.97519899295322,0.0015385932967518076,0.0005212790838631737,0.0004350676953390148
-0.29110220030401446,0.2628936102865198,-0.12065764847552074,0.11920954277619324,-0.023525574363075636,0.002892771310015795,-0.012418778373358572,-0.0262390593808176,0.9640589679101271,0.001417935648276287,0.00023017688355915923,0.0006979613056255345
-0.08890734075839071,0.3386087232768341,-0.25567199919473615,0.10644412679879968,-0.07697811247646576,0.06902475714592124,-0.009408459021492059,-0.026162916923888623,0.9706974661100867,0.0011622636490815506,0.00014126954280076852,0.0010365700289023687
-0.09592286165463576,0.2822383214235984,-0.22228530925058482,0.09704020600399872,-0.0736145457425119,0.015023736802479965,-0.015581525121298307,-0.020508143036955268,0.9680999991835205,0.0009399783398309658,4.534668114613275e-05,0.0013188083503259673
-0.02209017520927631,0.20534259045998327,-0.34268518393693626,0.11123661921921098,-0.005184202946201836,0.07813086143473928,-0.010693912618068199,-0.02667505780606633,0.9641654811681811,0.0005972931558940295,2.3256505936856435e-05,0.0015241509407859504
0.058875791080140856,0.41523931593866725,-0.2826804926067212,0.14069288946817565,-0.019395370556296813,0.08697443357063302,-0.01647559588037472,-0.018314819096484303,0.9613428192305364,0.0003146126632873084,8.213229701699729e-05,0.0019393902567246175
0.1229794692326817,0.17964740983925692,-0.24361568620352472,0.1689232322043962,-0.0018270341266899276,0.09569316179096385,-0.008860708945538583,-0.030526961767085282,0.9665257993089171,7.099697708378364e-05,0.000205111766249679,0.0021190376665638742
0.099369062844566,0.05596851205160565,-0.34141549711099956,0.135020956908702,-0.004803654583537645,0.051834550553239066,-0.01480538273344628,-0.02796135814522996,0.9642691380057545,-0.0002704185200272159,0.00030448082909424496,0.0021750061786154798
0.36657253501216985,0.11722678726144924,-0.26587624219284434,0.12673644524001543,-0.058619093195801705,0.08119515139742588,-0.00060416775235928,-0.03131947806119964,0.9666884451324299,-0.0005362947622200603,0.0006710533641064148,0.0022922329658769296
0.20044325134612287,-0.021750868644740254,-0.17716951382658197,0.13894477722672088,0.03520644114621392,0.07813685116902876,-0.010554172251909341,-0.02832019074488875,0.9645306510510308,-0.0007134642760466422,0.0008714966154525377,0.0022704820972321896
0.3962544199302011,-0.09382374657057785,-0.25393324831722175,0.1418059885677303,-0.01216228013685363,0.07114822887333914,-0.013506449018813534,-0.02793538815103158,0.9630960030276616,-0.000967397524363864,0.001267751035382739,0.002176658350661612
0.4473912738871602,-0.05974757813608351,-0.12383667464193324,0.08295418826824578,-0.024551133238591764,0.04635815495565181,-0.01410491142576422,-0.030709082437917992,0.9675028978186396,-0.0010912341990057973,0.001715142309269899,0.002116910772525528
0.5049997102447885,-0.11471439742954748,-0.04972433444858787,0.048506185984913,0.08313980063552483,0.029917349851933575,-0.009157702633613499,-0.03458695760053761,0.9598319089930386,-0.0011409585334543851,0.0022201420195146876,0.0020021963750959807
0.3834688616901772,-0.2707006511713278,-0.007663576366041095,0.006367413397273364,0.07426658092412011,-0.023185335617310378,-0.018652287318651036,-0.03183302171392213,0.9716954500695816,-0.0011486221098204262,0.0026036108812048653,0.0017314957239246529
0.6203072861813071,-0.28691070218041087,0.10212930211483806,-0.031000261927353116,0.020303579503756636,-0.05156644093758791,-0.011782209141105974,-0.021632260234211734,0.9599042702475501,-0.001046492807705588,0.0032239181673861723,0.001444585021744242
0.5944269715943666,-0.24025284658195842,0.06036057402866629,-0.13364866871255968,0.06003049443038134,-0.08061421472614248,-0.012851507911330926,-0.024344514340562774,0.9675776877372987,-0.0009861322336769216,0.0038183451389805383,0.0012043321751622838
0.5875449612657725,-0.4869931179503736,0.21611555590709575,-0.10604441162312879,0.041706083816636444,-0.07246512443527663,0.000547526036712917,-0.02862237167069208,0.9682969998994939,-0.0007700166777698259,0.004405890100246311,0.00071733905721191
0.5086137752116043,-0.3957377682459903,0.2998314562988864,-0.14974292413506543,0.055255652917280317,-0.05882260652847223,-0.006530415009635054,-0.024778515306483114,0.9672952948020886,-0.0004701852214709395,0.004914503875457916,0.0003216012889659197
0.5812658933190925,-0.46894509686846086,0.29641983676980016,-0.17543670060104627,0.05320983457378979,-0.18140888878400668,-0.015859975490291375,-0.025418398339115664,0.9700909692514215,-0.0001737653847011393,0.005495769768777008,-0.0001473438079025412
0.3731616095287211,-0.4184520617759964,0.34361163156785757,-0.15566639550383715,0.046051021680077395,-0.09163285649084683,-0.008188888906902756,-0.014797586689336596,0.9691180096690482,0.0001698462468667183,0.0058689313783057305,-0.0005657958696785377
0.526413733503771,-0.46027961294418424,0.3220337184714387,-0.15067932321485042,0.045094058646363386,-0.0922444757282297,-0.014078828880447553,-0.01446843073559962,0.9718442312507523,0.000491879965338157,0.006395345111809502,-0.001026075482622722
0.511228083766365,-0.4964181995418095,0.27319393820131255,-0.23990261878309435,0.043214993911017255,-0.2042816339159959,-0.0008424434784352723,-0.023242397164391953,0.9716516131766291,0.0007650739035394696,0.006906573195575866,-0.0015224936821645314
0.4337117665385637,-0.335185304839755,0.28468356749256,-0.24350097721355718,0.03532645414415099,-0.10403170978691126,-0.013660987316943375,-0.026469899206317506,0.9685524908616523,0.0010497574710320297,0.007340284962114431,-0.0018576789870042864
0.25385643057928714,-0.19128263682928953,0.2855639100258227,-0.22375853763738746,0.03505270236669381,-0.11571507083478351,-0.011609861374250218,-0.01880095601866844,0.9661338190510907,0.0013353213810578524,0.0075941413926937165,-0.0020489616238335766
0.2812043949820455,-0.232099658263206,0.2797757289693116,-0.19643246166402978,0.04968877556167912,-0.104633585237685,-0.011678049182187206,-0.02347772651876421,0.9652687482349523,0.0016150971100271638,0.007875345787675762,-0.002281061282096782
0.18249594020424081,-0.21559014163649387,0.08324350955063607,-0.1595027982722391,-0.04785787451173267,-0.08087615892362848,-0.00022633252010770266,-0.024355102167901797,0.9703737497274116,0.0016983406195777999,0.008057841727880004,-0.0024966514237332762
-0.15020844160496516,-0.0854073709445278,0.10042664199800072,-0.16472114064528093,-0.022717396950896706,-0.1202708671527191,-0.009843121006998034,-0.02607614964575306,0.9642815419068482,0.0017987672615758007,0.007907633286275039,-0.0025820587946778044
-0.0383661177663573,-0.06577305133517679,0.1777596961651749,-0.14848864638253534,-0.07888789048060756,-0.05399806332234835,-0.005870429523982789,-0.022466386328673402,0.9678267248555084,0.0019765269577409757,0.007869267168508682,-0.002647831846012981
0.00950969870005662,0.13285134386878245,0.03171553883311478,-0.10360908731225994,-0.06982894435436843,-0.05479931307918474,-0.0036731610036314383,-0.02484783417259544,0.964149536779355,0.002008242496574091,0.007878776867208738,-0.002514980502144198
-0.19040356181209744,0.10661927129550455,-0.049537376216187465,-0.007275001236867614,-0.07303344700672966,0.017761126070065622,-0.006956098230315754,-0.02081143643294944,0.9644942789208167,0.001958705120357903,0.00768837330539664,-0.002408361230848694
-0.22580691331183733,0.29781764351358414,-0.17326699211707866,-0.010932610675293235,-0.0822253213655685,-0.044888145870330964,-0.007669331438735925,-0.020726014173510478,0.9740786192437391,0.0017854381282408243,0.007462566392084803,-0.00211054358733511
-0.24062870057915253,0.3048399485267777,-0.11494973859557181,0.038820120601405744,-0.13610975072569792,0.08573693678258316,-0.004581586560343062,-0.026050258448205313,0.9698554434856201,0.0016704883896452524,0.007221937691505649,-0.0018057036388083323
-0.20722647470002648,0.3418440969062299,-0.17451499578688517,0.06131778648593862,-0.09930669216808581,0.1130380426593849,-0.012441750128027701,-0.027792414180109557,0.970458231089187,0.0014959733938583672,0.007014711216805624,-0.0014638595419021023
-0.20818421712059113,0.3783667827008873,-0.22669564921593577,0.15502222870835874,-0.1597063606780113,0.13218552875896408,-0.004851386224003336,-0.028385060221396426,0.9717595151617694,0.0012692777446424316,0.006806526999685033,-0.0010854927592012147
-0.3815725642325142,0.42599761785394274,-0.16007422262982746,0.16333241767826648,-0.1532740032952954,0.08477732786450769,-0.009056595364417127,-0.017700298159529625,0.9654238793179631,0.001109203522012604,0.006424954435452518,-0.000659495141347272
-0.34155462629684974,0.3426284449716993,-0.16091082162120804,0.18486491882033745,-0.13351530584692725,0.14958592335043383,-0.002882294005003605,-0.021890484005300314,0.9644966388455144,0.000948292700391396,0.006083399809155669,-0.00031686669637557267
-0.32438594283064615,0.44147290071970535,-0.1395398424486755,0.2240509829748577,-0.08854539630580532,0.13593375167457164,-0.006099699441445475,-0.026142455897911275,0.9666582720041864,0.0008087528579427205,0.0057590138663250225,0.0001246062043441327
-0.3829071855723691,0.5562057568532697,-0.2231750652047261,0.21934580120857106,-0.08706147841688558,0.15763279479710957,-0.014776488714480576,-0.03147374623396226,0.9583716048622225,0.0005855777927379943,0.005376106680752654,0.0006808119611974024
-0.27789388510202684,0.38849701721743,-0.10460256906086018,0.19594407339804365,-0.09042802950791189,0.11107650631235581,-0.004482127185584878,-0.022807543508284452,0.9699313026684282,0.00048097522367713413,0.0050982127956506265,0.0010693089784148324
-0.19526711376510103,0.38497326751145644,0.02560161154896437,0.22508803222057405,-0.02415375473904853,0.15540999731521665,-0.008013921656562034,-0.020756371709207574,0.9596554698467104,0.0005065768352260985,0.004902945681885526,0.0014542822459262888
-0.23569008137901973,0.40729351936466407,-0.03401205804857457,0.2537424592205654,-0.004424873901378919,0.07545076201165461,-0.012636156295721476,-0.010923971645368256,0.9688386244433251,0.0004725647771775239,0.004667255600506506,0.0018615757652909529
-0.29748789156018424,0.20563463409242777,-0.06857081640272601,0.24901222240545706,-0.06340466522444914,0.15403723934516111,0.0005297549135831227,-0.01957687215407372,0.9703783364840556,0.0004039939607747979,0.004369767708946322,0.002067210399383381
-0.20764384330437227,0.17911471934171605,0.12862416385330488,0.3004069148057392,-0.0043682299549722865,0.08594843630010698,-0.0032045937057153715,-0.023500902760892693,0.9729175878418364,0.0005326181246281028,0.00416212386564195,0.002246325118725097
-0.07300955050106651,0.2900849748110417,0.0701811412543605,0.19695996528567178,-0.013008066872440553,0.07531465728961993,-0.011612950702559962,-0.02575553443907509,0.960992356985517,0.0006027992658824633,0.004089114315140883,0.002536410093536139
-0.03861758813923213,0.1033339054862919,0.19561274517272015,0.11471334993373333,0.054161197626171,0.06360000024263528,-0.0004924356199435004,-0.027674936961279893,0.9650187881926335,0.0007984120110551834,0.0040504967270016505,0.0026397439990224307
-0.014737487190085802,0.16242528638136314,0.31662037397861986,0.14768816761528028,0.006142645263880079,0.019419002434812694,-0.01116612011853274,-0.025867955586834204,0.9646710844855922,0.0011150323850338034,0.0040357592398115654,0.0028021692854037945
0.010010115986826919,0.04101262041534687,0.18658374327103225,0.09341698403769058,-5.310219498948481e-05,0.02660909994579764,0.001482761935673393,-0.02772640584747335,0.9656963677461228,0.0013016161283048357,0.004045769355798392,0.0028431819058191412
0.1395724739198237,-0.10602420711280315,0.21505283432260966,-0.022479453901423876,0.05260305035562095,-0.02409725347326217,-0.010093623838296015,-0.012850094011434495,0.9648262691014658,0.0015166689626274453,0.0041853418297182155,0.002737157698706338
0.10058322663268489,-0.055985173003082034,0.15253231592290392,-0.02786139743479533,0.0977431013011877,-0.0022206808476382834,-0.006644799045410618,-0.016926678291591862,0.9598528218105362,0.0016692012785503492,0.0042859250563509,0.002681172525703256
0.27866669057533927,-0.2030148239692646,0.15766666561027737,-0.04719398043833299,0.045148906098044714,-0.07521644383593201,-0.007055320222314981,-0.02117272564255971,0.9600919869212237,0.0018268679441606267,0.004564591746926239,0.002478157701733992
0.26200356657559504,-0.29620504566074557,0.09204232979507457,-0.010669216953878527,0.11357098001933255,-0.1055640237309333,-0.012678427741027207,-0.0255230529726058,0.9711666768805381,0.0019189102739557012,0.004826595313501835,0.0021819526560732465
0.30335781207382556,-0.13695513898899225,0.030202192724463634,-0.050091102015679664,0.10520731808832991,-0.07044611377583518,-0.011161599069402279,-0.019541866601751046,0.9683970399605641,0.0019491124666801648,0.005129953125575661,0.002044997517084254
0.430068058155378,-0.37862241669890817,0.07115630500346883,-0.0935622767278737,0.08729981841173999,-0.05764318593299129,-0.003271310116652549,-0.023320563495839292,0.9624023971830339,0.0020202687716836336,0.005560021183731037,0.0016663751003853458
0.3555723444748122,-0.29099457338868323,-0.08402730096879309,-0.10543971475296851,0.10354653382233112,-0.10257487181102179,-0.004692742282104492,-0.012355301894231653,0.9706994759232299,0.0019362414707148404,0.00591559352820585,0.0013753805269966627
0.46930872866257733,-0.34098021300665077,-0.024937747406677466,-0.09027363683698376,0.12333561011541645,-0.09660597543163413,0.0002280762985722145,-0.021367400899012092,0.9596737211008205,0.001911303723308163,0.006384902256868426,0.0010344003139900117
0.3014566032208046,-0.22945833201989888,-0.18622614768922516,-0.09773811324167357,0.06337902146306137,-0.112328247314473,-0.0034237455734641414,-0.023704878730759008,0.9646746255222344,0.0017250775756189381,0.0066863588600892315,0.0008049419819701129
0.2645925489073039,-0.17376174371067435,-0.2437221619693954,-0.1463667879530429,0.03105503598656285,-0.009648374208451776,-0.008302206306873387,-0.022713867387709488,0.9737297486404369,0.0014813554136495427,0.006950951408996535,0.0006311802382594386
0.23848977744445263,-0.10694087376673472,-0.296938429191791,-0.08974715261438755,0.043113822706501104,-0.002791584022199898,0.002872014615880403,-0.012670889098879045,0.960580627083041,0.0011844169844577518,0.007189441186440987,0.0005242393644927039
0.32470820082233415,0.02575443836507424,-0.3662874072021357,-0.05460745513281332,0.003229255612945587,-0.031348346392697665,0.0009000941513630017,-0.01568934881862437,0.9725079342259377,0.000818129577255616,0.0075141493872633225,0.0005499938028577782
0.26962512993351573,0.0010925669021639717,-0.34674694858813226,-0.05308272142894283,0.11997736084959869,0.0006621073945742625,-0.008262061376753055,-0.02046075111524596,0.957247167250731,0.00047138262866748375,0.007783774517196838,0.0005510863697599423
0.2252283448667786,-0.0013995495482210427,-0.29449775343373674,-0.08535169757634731,0.04948926676165816,0.047600612772333475,0.001511118317369168,-0.023356042886390357,0.9682159040351646,0.00017688487523374698,0.008009002862063616,0.0005496868202117211
0.0712209869614206,0.03835725131667985,-0.2791223869086793,-0.017163201908163547,0.030985800925413084,0.06834638800120992,0.005549833730168838,-0.020312678841492925,0.9567114216631801,-0.00010223751167493234,0.008080223849025037,0.0005880440715284011
-0.09675347440064211,0.05114214158596155,-0.27279789051452674,-0.03449114828883885,-0.014076649561018461,0.12172764901941463,-0.006115842313457627,-0.013536338566231116,0.9741337568294418,-0.0003750354021894591,0.007983470374624395,0.0006391862131143626
0.04263256521698827,0.17330272135624628,-0.14381588091110126,-0.0013011629992333868,-0.05055959704192449,0.10174909320680511,-0.005276376785206188,-0.0060296527930998375,0.9640210563581423,-0.0005188512831005603,0.008026102939841384,0.0008124889344706088
-0.14218518038189631,0.16799283426229356,-0.15163905660330465,0.02524802249608781,-0.07234502002699712,0.10289779936315124,-0.003417594133883002,-0.0195932106010921,0.9637050721305802,-0.000670490339703865,0.007883917759459487,0.0009804817687329025
-0.19616470872911146,0.3625618106193572,-0.08948035300825109,0.12575441341143656,-0.01791384617879058,0.06017984339705773,-0.0068033373311591795,-0.018645279361799865,0.9666489757422236,-0.0007599706927121161,0.007687753050730376,0.0013430435793522599
-0.34269021793830207,0.2779696939034488,0.011193002832760715,0.08430051839408487,-0.04632143979083106,0.0805996433362187,-0.0022959709938334943,-0.010425629079030815,0.9636564860617893,-0.0007487776898793554,0.007345062832792074,0.0016210132732557088
-0.29419428080742804,0.2164207797944324,0.15017611240352696,0.07799466721226758,-0.08986601064723936,0.12449534485094362,-0.010649314603015297,-0.013144631364663692,0.9656661111722208,-0.0005986015774758285,0.007050868551984645,0.001837434053050141
-0.5390188712173571,0.26447072505793406,0.1128931634343169,0.11241688744456971,-0.10753140611642871,0.04612652678884807,0.00190784024664232,-0.012767455425021577,0.9659382330187991,-0.0004857084140415116,0.006511849680767287,0.0021019047781080753
-0.46582386469140985,0.32942447615662723,0.03356842090969106,0.15957301445460145,-0.07478530009286767,0.07800738890683188,-0.002325435402940732,-0.015083734667984437,0.9597825200882075,-0.00045213999313182054,0.006046025816075879,0.0024313292542647025
-0.4257477033335781,0.25182361000863657,0.08766840883717417,0.18664068722316118,-0.10028314995433533,0.03272808162790336,0.002931516094882627,-0.025083403493439734,0.963207169119204,-0.00036447158429464636,0.0056202781127423,0.002683152864273339
-0.5282935735989418,0.18295496704857453,0.2710976015056406,0.13085908082185366,-0.06983827179670542,0.01052412850394071,-0.0044790923352169745,-0.013525844745259256,0.9747257340697675,-9.337398278900572e-05,0.005091984539143358,0.0028661078313219138
-0.6182099087393846,0.13079752873078818,0.1795099205044967,0.18026132567521772,-0.024304320133573438,-0.0438836019116273,-0.01084441522975775,-0.02374726950772804,0.965462360305797,8.6135937715491e-05,0.004473774630403974,0.0029969053600527023
-0.5923109214724865,0.13217615400418875,0.23949209723186432,0.12467042762601016,-0.12477065436598797,-0.04578339002296427,-0.007037512365953727,-0.01622156946786755,0.9625096022691569,0.00032562803494735535,0.003881463708931487,0.0031290815140568905
-0.5193076749399113,0.03189404163630569,0.32294166472035357,0.08227063119507984,-0.05611136474215865,-0.06405244164389175,-0.010223769268009341,-0.019806100042601665,0.9665867878496384,0.0006485696996677089,0.003362156033991576,0.003160975555693196
-0.583783175085485,-0.07545159967378379,0.29949597149012047,0.05430479827110987,-0.0038624796708940767,-0.13179014076864384,-0.0005938457193842253,-0.014712522961772348,0.9671803418981656,0.0009480656711578294,0.0027783728589060907,0.0030855239560194127
-0.5136459467096841,-0.0915447617826417,0.14018929637603558,0.02678634054584067,-0.019391450843126355,-0.1745285505022519,-0.002717632814514186,-0.01317549204952483,0.968586054241628,0.0010882549675338647,0.0022647269121964064,0.0029939791942367715
-0.6005879234168042,-0.16189050756916964,0.15782393858606497,0.000770728208874966,0.046157203882926226,-0.12921762901490552,0.007329090516549703,-0.01367704257947812,0.9607414398886998,0.0012460789061199298,0.0016641389887796017,0.0028320886866676017
-0.4637645366208881,-0.22373292602212613,0.13739868868462154,-0.031420839455497535,-0.0056786533889142225,-0.1604314603463776,-0.0004890675385982031,-0.011727515562363391,0.9702684056478914,0.0013834775948045512,0.0012003744521587138,0.0026083557606454756
-0.3783382125587515,-0.23076490836289645,0.18266378249379459,-0.04369654938002041,0.05640971640530083,-0.14753966079416186,0.004372453039364279,-0.011115051423286003,0.9660889486134258,0.0015661413772983458,0.0008220362395999621,0.002377590852282579
-0.3736674993896017,-0.42633729006725524,0.0978936284332233,-0.12355485870869408,0.03028716027446965,-0.16746174830515223,-0.00039111896729222156,-0.022580761080529557,0.9649392806370147,0.0016640350057315692,0.00044836874021036044,0.0019512535622153238
-0.2790748789564447,-0.4107067417578876,0.07022781683336662,-0.13233607374167838,0.013369775973415307,-0.1405453897975397,-0.004781742326888943,-0.020014377242121427,0.9599210343743295,0.0017342628225649357,0.00016929386125391567,0.001540546820457436
-0.27191269079569697,-0.4256330694211277,0.026127045634018978,-0.17072338624348365,0.033338146788375614,-0.14853627706762446,-0.004754508412414964,-0.011960049119002487,0.9664206794014194,0.0017603898681989548,-0.00010261882954178132,0.0011149137510363084
-0.15411144408825314,-0.4750474008316814,-0.024719434438867267,-0.1515026349239362,0.06456632602123862,-0.16060961412738134,-0.003761042816219185,-0.01537615058760906,0.9605563415071574,0.0017356704337600877,-0.0002567302736300344,0.0006398663502046269
0.02791303257350808,-0.4915366010264135,-0.13307271600632714,-0.20289809845803386,0.051429295331856105,-0.08188634091348389,-0.0080356779904222,-0.01441270856794315,0.95848499602877,0.0016025977177537604,-0.00022881724105652636,0.0001483297491782134
-0.0011405263239317445,-0.4108162494504164,-0.07750396300664794,-0.16876136379516923,0.07202360178654986,-0.10541541360423447,0.00434755042121689,-0.010308291136494452,0.9660160306684605,0.0015250937547471124,-0.0002299577673804581,-0.000262486500272203
0.034872227379613784,-0.3767335290133535,-0.18548493174300865,-0.18011176960023076,0.015016858145388164,-0.007775146828274697,0.011832709379409648,-0.010704692012129504,0.961506394560087,0.0013396088230041038,-0.0001950855400008443,-0.0006392200292855565
0.2590676700592665,-0.38578097276130763,-0.3519330238938912,-0.26371632639483833,0.06821811763242193,-0.01185848086608248,0.013956306213876021,-0.01486943153972154,0.9599737456889953,0.0009876757991102126,6.398213005842221e-05,-0.0010250010020468642
0.326385304374084,-0.2080698134968793,-0.20204639839525224,-0.2302552665460864,0.02877270023758196,0.06667779532415104,-0.005172294300438455,-0.01792260183077334,0.9535333052359235,0.0007856294007149603,0.0003903674344325062,-0.0012330708155437434
0.30836289851196047,-0.2618551926440091,-0.15573723695249322,-0.19735252980272147,0.018222753960221667,0.10391187861842191,-0.003252145619400874,-0.015806100433181508,0.9638560713940224,0.0006298921637624671,0.0006987303329444668,-0.0014949260081877525
0.3376744553165306,-0.2780257025467844,-0.28630543054394486,-0.1301424337348871,0.04591800146099455,0.006137839427559374,-0.004889919007487676,-0.014669750330486703,0.9589409504155015,0.0003435867332185222,0.0010364047882609974,-0.001772951710734537
0.42013167490273867,-0.05305715664777666,-0.16327164512016568,-0.08594846399000992,0.0029383790227529667,0.06482488740745028,-0.00819420899182463,-0.01370106878381989,0.9616818080175885,0.00018031508809835653,0.0014565364631637361,-0.0018260088673823138
0.5722836165507761,-0.08581321366004821,0.010548380942367902,-0.10651712136140123,0.0661443661493051,0.11630341762008115,0.007556839752499883,-0.014683624997428896,0.9654271660354131,0.0001908634690407244,0.002028820079714512,-0.001911822081042362
0.4678946400645483,0.18235376168642678,-0.09770379268855796,-0.10629804667303462,-0.0033416753228871247,0.15370832580393526,0.0004823808021011326,-0.00207148852171506,0.9595899709918024,9.315967635216645e-05,0.0024967147197790603,-0.0017294683193559352
0.6981975670463864,0.08483996199185848,0.014634637415704758,-0.053733338409963464,-0.05073002580657678,0.19562489973395902,-0.008219140709893767,-0.021689142198437233,0.9620523503669776,0.0001077943137678712,0.0031949122868254465,-0.0016446283573640767
0.5029452735055977,0.14543298063995277,0.22143701187331635,0.025252783192141845,-0.08620983821879234,0.19822249483492754,0.0011364324321515215,-0.002740789610000115,0.9654622408362202,0.00032923132564118755,0.0036978575603310443,-0.001499195376724124
0.5195470324423036,0.3503322220509901,0.1551068669392327,0.05705652663171412,-0.045944599573427974,0.1447391224163241,-0.0026358166999161325,-0.01129145838018229,0.9636848122725544,0.00048433819258042026,0.004217404592773348,-0.0011488631546731336
0.4914952482264811,0.3130896402133323,0.15099418921292312,0.11680859077473119,-0.05527396301336704,0.1407890115954618,-0.0019965317485040263,-0.012235119545857964,0.9621366967934404,0.0006353323817933434,0.004708899840999829,-0.0008357735144598013
0.5177542753508221,0.3790665275041394,0.15090074178355453,0.13951398685756247,-0.10275472133084011,0.12436263749419071,-0.001442465988967809,-0.010189188245895977,0.9662979262215134,0.000786233123576898,0.005226654116350651,-0.000456706986955662
0.6383958447758682,0.34645517663388803,0.2511330511910787,0.14795000552508467,-0.06972553036745892,0.0949334327924216,0.0025812891450866485,-0.0011603742544155724,0.9590585108303762,0.0010373661747679764,0.005865049961126519,-0.00011025181032177389
0.42979422264738465,0.42357226650333385,0.21802850530486517,0.1855083044785735,-0.09363207096062345,0.054945108083478036,-0.0002359439364786718,-0.012504456783198411,0.9473731302738312,0.0012553946800728417,0.006294844183773903,0.00031332045618156
0.43907765210493266,0.4283544720741597,0.28961772256430046,0.2100797149434486,-0.11278005528713286,0.0671077852346355,-0.0076403887729575865,-0.0035029719128166718,0.9561285666956517,0.0015450124026371423,0.006733921835878837,0.0007416749282557197
0.47308354847346484,0.3768910628194954,0.2611050011232815,0.22132085619227518,-0.14856187192611495,0.06465143351322401,0.0038022667400365623,-0.009464939475665214,0.9679740721593392,0.0018061174037604238,0.0072070053843523016,0.001118565991075215
0.41341433001567446,0.5000997174430104,0.05022127148418952,0.2387169924710378,-0.19476995352221937,0.06807863735345,-0.007526421205750683,-0.014207289232562698,0.9672823577996634,0.0018563386752446132,0.007620419714367975,0.0016186657085182255
0.19289832464056578,0.31893854175010217,0.02732435337121847,0.28760883626368994,-0.11407364455020355,-0.009447993792689879,-0.0002463037568579249,-0.01654558725139347,0.9671974809832234,0.0018836630286158318,0.00781331803900854,0.0019376042502683277
0.14618561577526612,0.3068353238527101,0.10561124987073837,0.24338881462215048,-0.09066987964143317,-0.025074688277837688,-0.0006355670040968013,-0.00791528433704146,0.9613263721511024,0.0019892742784865703,0.007959503654783808,0.0022444395741210376
0.22628597175859172,0.23075852440952388,0.03848754943188687,0.2377420392411202,-0.10433965835095702,-0.004685616475424108,-0.00037250847290492325,-0.00713933765574812,0.9502217867040653,0.0020277618279184568,0.0081857896265424,0.002475198098530562
-0.024750214353465277,0.18534843035831236,-0.08100089905902155,0.15300155854428135,-0.09383846388978241,-0.04317062402801419,0.00654483240806116,-0.00454202900754992,0.9637807591079142,0.0019467609288594354,0.008161039412188936,0.0026605465288888743
0.11185929764870739,0.06809215596858785,-0.24328787007258967,0.16258406452284865,-0.11117836509035503,-0.07032408404435243,0.006032339039386364,-0.008608305203154098,0.9691411150893723,0.0017034730587868455,0.00827289870983764,0.0027286386848574622
-0.1961405883431002,0.11309290177415957,-0.24582818717536234,0.23195756140431076,-0.08439463034359279,-0.11253846198392504,0.002901303326908485,-0.013954558985959768,0.9587223721894311,0.0014576448716114832,0.00807675812149454,0.002841731586631622
-0.18738044214524407,0.1122576087196554,-0.3303177313654329,0.11357336094371673,-0.13134950049800337,-0.06996089963059382,0.004947817439818225,-0.005657652178946974,0.961640588102793,0.0011273271402460505,0.007889377679349297,0.0029539891953512774
-0.30403585204942435,0.0017388809727308802,-0.2322019096717816,0.07879011322134027,-0.01704825649091508,-0.07011283034626008,-0.0016002863454060085,-0.010872059019830594,0.9702653615696172,0.0008951252305742689,0.007585341827299872,0.0029557280763240082
-0.051552174307520404,-0.04140248912688417,-0.25186899189369827,0.022919992619721444,-0.07581813250819677,-0.07807986661391704,0.0012525057468778691,-0.006573933093137536,0.9634947410280891,0.0006432562386805706,0.007533789652992351,0.0029143255871971244
-0.296806783509157,-0.13367696233919357,-0.23879695434932788,0.011703637970610964,0.0025614448550625793,-0.06351709580272602,-0.003031459073085505,-0.008542119161770159,0.9598503935859171,0.0004044592843312426,0.007236982869483194,0.0027806486248579307
-0.3510988529561997,-0.2640948772290005,-0.3153222641505555,-0.019786169099593444,0.0009414426238023958,-0.09383587228693221,0.002928176748976833,-0.0038890177312763665,0.9505040967749222,8.913702018068709e-05,0.006885884016526994,0.00251655374762893
-0.15064999137558932,-0.31894930980103336,-0.29752351761454765,-0.001518219837605193,-0.011838937779992766,-0.05175783912983343,0.00842223944599444,-0.014701876187767492,0.952952589101619,-0.0002083864974338606,0.006735234025151406,0.002197604437827897
-0.2830180439337254,-0.30893260412936396,-0.3323101894491378,-0.06167254112857441,0.04561327958872631,0.062129170662138154,0.00901721819616506,-0.016220720710456847,0.9660151961938742,-0.0005406966868829983,0.006452215981217681,0.001888671833698533
-0.3179097703896355,-0.23102109237875718,-0.2533475224763839,-0.076757617753563,0.06403687151882234,0.026285062223409608,0.007088491824524805,-0.005571620652301799,0.966322265991614,-0.0007940442093593823,0.006134306210828045,0.0016576507413197758
-0.23989926008841966,-0.1878857761243904,-0.16962593263525322,-0.13924371013983322,0.056771537448212096,0.04283975149044188,0.008260308884304917,-0.0064202781636903666,0.9679507644297014,-0.0009636701419946355,0.0058944069507396255,0.0014697649651953853
-0.24265003873316668,-0.30800900781024715,-0.08125899426739787,-0.13670314369963774,0.0462453195791031,0.08233648993673509,-0.0034878252269759536,-0.013071040450047556,0.9647415451658349,-0.0010449291362620333,0.005651756912006459,0.0011617559573851382
-0.1677996390411271,-0.20310525769946222,-0.026547606026914774,-0.14176553147085094,0.047155778795077076,0.06495369386566764,0.01225180072410923,0.0016581537956736649,0.9668394537317357,-0.001071476742288948,0.005483957272965332,0.0009586506996856761
-0.26006272397844266,-0.11486825979182724,0.03596674842735405,-0.1542712370528795,0.0404832489460433,0.10225968107694092,0.004491000573415387,-0.0030064917830366347,0.9709471585852593,-0.001035509993861594,0.005223894548986889,0.0008437824398938487
-0.20771028385821722,-0.04526932533150803,0.12315624802655187,-0.12420116944294257,0.07216034295667392,0.11749821947224558,0.006595318492284833,-0.004445335506432023,0.9603405564564189,-0.0009123537458350421,0.0050161842651286715,0.0007985131145623408
-0.059539835244473344,-0.0065223606488646335,0.24221204246968997,-0.116356238490132,0.08995242131105477,0.15989224559967938,0.0035495395011168225,0.0017961295093745907,0.9635161190325058,-0.000670141703365352,0.004956644429884197,0.0007919907539134761
-0.1293794238524471,-0.035811967108782095,0.31772872155248494,-0.04360623331666262,0.11005017994627889,0.09031256241239938,-0.003737747289551997,-0.00196296244363246,0.9589204287489275,-0.00035241298181286714,0.0048272650060317505,0.000756178786804694
-0.012599480695728658,0.18485962414459137,0.20744551199541256,-0.05093474858135661,0.1101957287446745,0.12408249587224797,0.010815419422927977,-0.013708573256462644,0.9666732863739288,-0.00014496746981745458,0.004814665525336022,0.0009410384109492854
0.10090829104391347,0.21629331166410712,0.29071812462108165,-0.026996145878929474,0.07187880303125448,0.08039898968279745,-0.0016959660097331732,-0.00945695195870638,0.9648689285635943,0.00014575065480362708,0.004915573816379935,0.0011573317226133925
0.16740213381969737,0.11280710859142726,0.38058851318447684,-0.009702940949080223,0.07161959035779492,0.044008387798553185,0.0005692366039633748,-0.011665442802280806,0.9598089350674611,0.000526339167988104,0.005082975950199633,0.0012701388312048197
0.269155094332132,0.23899504141040878,0.3025735958350466,0.029519968750803514,0.08095356815558599,0.06577702504235672,0.001990936241668186,-0.00371036340610227,0.9588556118211154,0.0008289127638231507,0.005352131044531765,0.0015091338726152285
0.2864552589606517,0.22850464116406302,0.42422291088638175,0.12243454705232379,0.03169461774938368,0.09124873479660563,0.0038285546278446,0.000148323986881152,0.9688799140816647,0.0012531356747095324,0.005638586303492417,0.0017376385137792914
0.2519219535192287,0.24650130686949256,0.3234612804863516,0.15832208526083152,0.05206809696495553,-0.012563082107517562,0.00826213842358435,-0.010413747756250556,0.9617135560590152,0.0015765969551958842,0.0058905082570116455,0.001984139820648784
0.26707545722374587,0.14881570421721838,0.07361692812146117,0.1446985831446436,0.04799813888577855,-0.01798737130671766,0.007318185424088897,-0.002979508180190662,0.9638588097876819,0.0016502138833173455,0.006157583714235392,0.0021329555248660024
0.24896527697823276,0.47002518128040016,0.23076040021599653,0.14212572352653055,0.011276997625337903,-0.02498926162794595,-0.003901962486969229,0.0007734378125176479,0.9626069140699175,0.0018809742835333419,0.006406548991213625,0.0026029807061464026
0.3672057023217683,0.20745795412776585,0.2149086191598572,0.12794481752665132,-0.010133335811556506,-0.059346091224277454,0.0037896929972751616,-0.0018802598673272534,0.9648078500788569,0.002095882902693199,0.006773754693535392,0.0028104386602741684
0.33862335801653115,0.1967963856067922,-0.055850384598498226,0.15417471221137197,0.03304451349345524,-0.054041749947540456,-0.0005370619338849357,0.002760039320101046,0.9620975392752831,0.0020400325180947006,0.007112378051551924,0.003007235045880961
0.46022755261404974,0.19176847969069022,-0.013901667297163016,0.18476702297799238,-0.047307672388033295,-0.1287693929856206,0.0018476301739348512,0.000670086410488489,0.9611901171325407,0.0020261308507975376,0.007572605604165974,0.0031990035255716506
0.35176191739987495,0.26377800779106675,0.009625322850997958,0.10183616770644024,-0.04562894769680311,-0.1556571873183761,0.00011606819420702415,-0.009357292196074733,0.9577173316765158,0.0020357561736485358,0.007924367521565848,0.0034627815333627176
0.3320057731743266,0.11107557783364287,-0.12304916743488889,0.09143692317091746,-0.030215294181296825,-0.10466747917198066,0.0007692602517697794,-0.0017914150287212014,0.9617344117398033,0.001912707006213647,0.008256373294740174,0.0035738571111963604
0.22256175017746319,-0.07669383602588721,-0.18404694036380786,0.12240499349246835,-0.08615936544623286,-0.1363606513645791,0.010699421120055945,0.010405995630966511,0.9624020329136537,0.0017286600658498392,0.008478935044917637,0.003497163275170473
0.14538933947867266,-0.06119268479910076,-0.24418657759932086,0.10235030782683016,-0.09441938022875927,-0.16013714018873093,0.0030935221702848344,0.005443284567929505,0.9599905256048111,0.0014844734882505182,0.00862432438439631,0.003435970590371372
0.14681358368523945,0.02810236943551854,-0.22779334784508815,0.07769264102821238,-0.06187120924399345,-0.07065107533783252,-0.0023974645397725775,0.004050779144408538,0.9648651662115182,0.00125668014040543,0.008771137968081549,0.003464072959806891
0.08506907436381714,-0.1428924485385419,-0.20546913991324448,-0.022252450024465374,-0.08746958869221909,-0.11954060723864669,0.009885082503339289,-0.0030370946455059297,0.9605827745176629,0.0010512110004921855,0.008856207042445366,0.003321180511268349
0.073448836863801,-0.23919309023959245,-0.10986494914792297,-0.019452672057196065,-0.022901799853057955,-0.07814978337118567,0.011090179939265532,0.0005759499671866321,0.9410235643662439,0.0009413460513442626,0.008929655879309167,0.0030819874210287566
0.09434093693034576,-0.2005315247264498,-0.04319213709965425,-0.04302487483028548,-0.025652827646744706,-0.08093817184947759,0.004389879847136786,-0.0027806400383280404,0.964093406301411,0.0008981539142446084,0.009023996816239511,0.0028814558963023065
0.05286176448541273,-0.24772008914912313,-0.08214187614899529,-0.09199400791104972,-0.06901969135780796,-0.06502675339771266,0.009797484697202867,-0.007520584345515581,0.9648479310530295,0.000816012038095613,0.009076858580724925,0.002633735807153183
-0.07884731775197396,-0.34317461413466854,-0.10930648659281267,-0.1299010710388921,-0.042448754402348424,-0.059275307520522215,0.008034141097059539,-0.004291663429993492,0.9656596157653315,0.0007067055515028002,0.008998011262972951,0.0022905611930185144
-0.1601268008276949,-0.3729733434226379,-0.027458338521848633,-0.16138945393968024,-0.05472584859456174,0.02319538047737138,-0.002617535745404684,-0.002082312117203025,0.9698889070355218,0.0006792472129809516,0.008837884462145255,0.0019175878495958764
-0.3704619774417626,-0.27514277262186315,0.06351352368058438,-0.14578384041852538,-0.03540826466935902,0.031241286945379497,0.017960378359359548,0.0006640012766901012,0.968925891873957,0.000742760736661536,0.008467422484703493,0.0016424450769740133
-0.35916669040913474,-0.47141540247463926,0.03569219465551663,-0.2393101157374177,0.00820165505300048,0.05574077282308013,0.012157577054551033,-0.00021171714609127313,0.9643629056531661,0.0007784529313170527,0.00810825579429436,0.0011710296744993742
-0.33122306053481854,-0.5396057189179609,0.017761164947828256,-0.17168281846922168,-0.013236078148394963,0.0933987086573415,0.006047281425596301,-0.0035252554999821188,0.9658510027331585,0.000796214096264881,0.00777703273375954,0.0006314239555814131
-0.3762657192684351,-0.45021051509567467,0.10881255427231587,-0.22617189550547806,-0.017280461214746818,0.11794148633324894,0.0045395662147136185,0.006434906142810209,0.9638981968426883,0.0009050266505371968,0.007400767014491104,0.0001812134404857384
-0.5725609834936148,-0.39990173217282077,0.11594724038981905,-0.21800908714418968,-0.07659794981440304,0.13177598090667766,0.012045189081488586,-0.00037500569144807217,0.9603178192459443,0.0010209738909270159,0.00682820603099749,-0.0002186882916870824
-0.5598025108381117,-0.2822471649320433,0.16189217830323188,-0.20531364358426266,-0.018921489399761463,0.14638414808464165,-0.001107667395926929,0.00585825135279859,0.9505083292127907,0.0011828660692302477,0.006268403520159379,-0.0005009354566191257
-0.5351662934041765,-0.3087787549502489,0.05970648184959523,-0.16027568277632115,0.07379242728786892,0.1580429271209596,0.010686210279683223,0.007642865114302709,0.9468751806598382,0.001242572551079843,0.005733237226755202,-0.0008097142115693749
-0.6698277548843254,-0.3316558883698837,0.2830885670689949,-0.11518823644006604,0.07398937648498409,0.18437858945540264,0.011228560908919126,-0.007081094524490079,0.955116875551011,0.001525661118148838,0.005063409471870876,-0.0011413700999392585
-0.6159997872470923,-0.12094083083999374,0.19942139875098547,-0.10055248426181353,0.010650806818825237,0.16525506772227297,0.011111251365252726,-0.005650017476811531,0.9694235630615641,0.0017250825168998235,0.004447409684623784,-0.0012623109307792523
-0.39541690878148533,-0.09850706312380053,-0.03016802941100266,-0.13212409899539057,0.03423012813809731,0.09857535611132984,0.0014339059533034397,-0.0019494584375451855,0.961950193054881,0.0016949144874888204,0.004051992775842298,-0.0013608179939030528
-0.4024753225147931,-0.01396219012075087,0.09690876851361274,-0.10570454316893885,0.040588612682595865,0.1334097037359444,0.001262920735195054,-0.001302033859090442,0.9603148856712922,0.0017918232560024333,0.0036495174533275054,-0.0013747801840238037
-0.539349951229271,0.031562528474792136,0.21270266545246314,-0.0685211096968314,0.04049558806660457,0.1299820582479328,0.001742943446131364,0.014093567327191357,0.9615059655591329,0.0020045259214548964,0.0031101675020982346,-0.0013432176555490116
-0.40933017373073965,0.11506192539569315,-0.031223034366879232,-0.05182945500203544,0.01665976218558185,0.12663668062598313,0.0062961523047806636,-0.00912071879427932,0.9627621291004513,0.0019733028870880173,0.0027008373283674944,-0.0012281557301533185
-0.39962844927045665,0.22680807467158048,-0.11355053625642415,0.051540213351221255,0.018220006613194086,0.07444074853302286,0.007305354349348078,0.004733674362721165,0.966906337032378,0.001859752350831593,0.0023012088790970377,-0.0010013476554817378
-0.34247664671568334,0.24719763610930817,-0.05495462318723531,0.11324167792264439,0.03449118841146297,0.09141543754268218,0.005294726747127802,0.007058495707866675,0.962704197334211,0.0018047977276443577,0.0019587322323813545,-0.0007541500193724296
-0.3126641989633626,0.4387518211055469,-0.2704771580400362,0.16395313292583213,0.03423289110405163,-0.021484262976364375,0.004563598351472017,-0.005409852316801937,0.9618765748683195,0.0015343205696043217,0.0016460680334179922,-0.00031539819826688267
-0.25961697501252723,0.32708297901093486,-0.1789502386390462,0.19216033097355262,-0.026264979932033278,-0.017267109552115967,0.016562597219780317,0.007081711808620743,0.9641388117796872,0.0013553703309652752,0.0013864510584054648,1.1684780744052215e-05
-0.1940065415871516,0.4418740239819063,-0.332802579947182,0.17709167502853831,0.055762329275053986,-0.009935955887975608,0.009892185486973216,0.0027614729764454645,0.953120961026963,0.0010225677510180933,0.0011924445168183132,0.00045355880472595857
-0.04296586142743072,0.45366782560241237,-0.3166350321547712,0.19883734545153323,0.003771474323020228,-0.09806655009874556,0.013769971163861718,-0.0025148071559633204,0.9565157560064963,0.000705932718863322,0.0011494786553908826,0.000907226630328371
0.05521813482609444,0.4631232359667018,-0.22241851798737483,0.183578710766985,-0.01422753862621877,-0.08242108312295106,0.007567280135660294,-0.006450167207229062,0.9618168521207401,0.00048351420087594705,0.001204696790216977,0.0013703498662950727
0.16124412622490475,0.4790882994099282,-0.4180107782983816,0.22143769008543146,-0.008046824370667643,-0.07898896655807884,0.011468919974619369,0.011936904194395215,0.9675125012002436,6.550342257756543e-05,0.0013659409164418817,0.001849438165705001
0.33642687053063425,0.4536173500871944,-0.30106768954745045,0.2296760461835549,-0.0613323317268379,-0.08400496544101785,0.015054995881395077,0.006540980155969532,0.9551580723124359,-0.00023556426696988507,0.0017023677869725158,0.002303055515792195
0.418181238623033,0.34151092098771313,-0.24623564034234402,0.22901510005235526,-0.09824640573261091,-0.05006278897454668,0.010571898303368039,-0.0086896497511017,0.9559086774350282,-0.000481799907312229,0.002120549025595549,0.0026445664367799084
0.37063046516835557,0.3355658740749214,-0.23014743494737394,0.231881030039143,-0.12231178179168481,-0.059839210936884664,0.00722235123491463,0.0059566466384974,0.958210036747169,-0.000711947342259603,0.002491179490763905,0.0029801323108548296
0.24377182024522281,0.15753684874941548,-0.20906201600361657,0.2704706020199093,-0.058266324940703135,-0.07888945143471514,0.004495635486156968,0.0032152760792421484,0.9643090533990961,-0.0009210093582632195,0.0027349513110091275,0.0031376691596042452
0.2901230859746245,0.32342435923390567,-0.12772215309118934,0.17053198706944334,-0.07138781707831374,-0.10878689067756007,-0.000701122396708791,0.0060403714805571255,0.961583360174793,-0.001048731511354409,0.0030250743969837523,0.0034610935188381514
0.5067062503574873,0.08589241183865778,-0.21120146822668817,0.1782257127640034,-0.06971431282027318,-0.05897469092454986,0.011367955374484099,0.008066030470322647,0.958223288562427,-0.0012599329795810973,0.00353178064734124,0.003546985930676809
0.5820260273196118,-0.04342416424306142,0.09654589084338087,0.09727992064836566,-0.06539143599448172,-0.010630104946780126,0.011222947111291766,-0.00021978584283686075,0.9630248475518511,-0.0011633870887377163,0.004113806674660852,0.0035035617664337473
0.5944828045812022,-0.05484181315366502,0.0834406463369608,0.07515613232501622,-0.11390414470605992,0.0035938245543663773,0.014898040253756299,-0.0002561959443184744,0.9592602016758353,-0.0010799464424007556,0.004708289479242054,0.0034487199532800827
0.4334313736858465,-0.055591487535535715,0.19428299867825227,0.026040844088552242,-0.03883269521599356,0.019936522027893384,0.011046819285851169,0.0008043362038002641,0.9553271590029881,-0.0008856634437225032,0.005141720852927901,0.0033931284657445467
0.5365167935462027,-0.05485670821771811,0.1651536652635483,0.02206486331949878,-0.12203837613652997,0.06840329075369932,0.008044072327676174,0.010170746547837665,0.961271211710819,-0.000720509778458955,0.005678237646474103,0.0033382717575268285
0.5346425024057325,-0.16311632648164898,0.23240068061923283,-0.036020354454414386,-0.13845356747055446,0.08801752195557978,0.00880201793704731,-0.0030642066983526256,0.9552037767648206,-0.00048810909783972214,0.006212880148879836,0.00317515543104518
0.5743170766251109,-0.21090940096838265,0.3801111074424349,-0.020345014920578115,-0.11945810244589947,0.09159639068868779,0.006508590750787238,0.011452345540686453,0.966066917776514,-0.00010799799039728719,0.006787197225504947,0.002964246030076797
0.5079844320498867,-0.1780622295432806,0.22249758569749906,-0.15437199236767501,-0.04090811790474791,0.14276365494515145,0.004774170365936698,0.004952322446820267,0.9575882173221345,0.00011449959530021187,0.007295181657554834,0.002786183800533517
0.521822314596782,-0.27516041164062877,0.38730307055331886,-0.0546482832619554,-0.07580257142824907,0.054640399848880604,0.014233066061162796,0.0007560364811665214,0.9635215619417685,0.0005018026658535307,0.007817003972151617,0.0025110233888928878
0.4890502306976139,-0.2691750373236929,0.37319050556483485,-0.09539707206613035,-0.026907259326087736,0.09037814030960922,0.020407824215774775,0.009874833259547973,0.9640205067876254,0.0008749931714183656,0.00830605420284923,0.002241848351569195
0.28277552859802546,-0.21024132284690933,0.4484047768359235,-0.0830158801055232,-0.004207281638730377,0.05786630641434557,0.006560200024074377,0.006493142328636062,0.9641611489761516,0.0013233979482542894,0.008588829731447254,0.002031607028722286
0.1854523385806579,-0.16016163501377378,0.25548250008591095,-0.16385586424105775,-0.06499251502806547,0.12177611747103544,0.019335882370343623,0.0081048841601704,0.9600853647997811,0.0015788804483402004,0.008774282070027914,0.0018714453937085124
0.15780524080484956,-0.16498416298681573,0.1983641592016536,-0.15682626337008043,-0.031244985057686712,0.08196188004120501,0.0032616035236010315,0.006747771132188151,0.9590558263372437,0.0017772446075418537,0.008932087310832764,0.0017064612307216964
0.09806904657130378,-0.25295581068224116,0.23840232800325917,-0.13362675832392912,-0.029104851584645652,0.051301094026799415,0.013838580308622575,-0.00031659842188272447,0.9554620125768762,0.0020156469355451126,0.009030156357404067,0.0014535054200394554
0.10902431483123122,-0.0036553060637397744,0.043462622599972134,-0.12519663374108286,0.03995333661473382,0.046050056344443854,0.014128630643602523,0.0004595606803148352,0.9562869435824843,0.002059109558145085,0.009139180672235297,0.0014498501139757155
0.05975088135468263,-0.04274411972506799,0.13840818144143213,-0.049459663876469,0.04983106475014236,-0.01773853640994126,0.017089907304441872,0.0099193283523774,0.9536167511835936,0.0021975177395865174,0.009198931553589982,0.0014071059942506476
0.040452702703308266,-0.1531092923834706,-0.05734850135904121,-0.09628839395867811,0.06120082254613042,0.0511238602546236,0.011583171256778031,0.003385982137158264,0.9510174596566637,0.0021401692382274763,0.00923938425629329,0.0012539967018671766
-0.1407064645729742,0.014790976631845053,-0.05344136632765152,-0.016097844525671975,0.03142626089636042,0.00619640520975402,0.012013657672902706,0.006024491592111634,0.9633523885796893,0.0020867278718998245,0.009098677791720317,0.001268787678499022
-0.24958128836836235,0.1908537353443621,-0.05736639259691017,-0.020675807082319086,0.09224115188827248,-0.1203429049682014,0.012379544020705503,0.011609494706748817,0.9688137336334508,0.0020293614793029146,0.008849096503351955,0.0014596414138433838
-0.19109178121915077,0.07440490530314199,-0.11156307445998481,0.03003873096816901,0.06957061947711006,-0.055404881408646973,0.018241266854381398,0.015293176000408179,0.9572511977638812,0.0019177984048429299,0.008658004722132804,0.001534046319146526
-0.361662759657026,0.2023874692793049,-0.18335992320315042,0.06712968251779117,0.09732795811337264,-0.10080866868650211,0.013165220861502642,0.0074752912126147,0.9598557558889932,0.0017344384816397795,0.008296341962475777,0.0017364337884258306
-0.2965828334557421,0.3761671673332876,-0.17488151921733627,0.1561535707713808,0.08515153743926376,-0.11160278481045263,0.007917595524531286,0.002842526552858402,0.961473528753389,0.001559556962422443,0.007999759129020035,0.002112600955759118
-0.25260682677305035,0.30846795080461326,-0.25511760069081696,0.08465465760695294,0.07557627634727761,-0.1015638634128243,0.012002277596963139,-0.0014231602481204484,0.9613527890226304,0.0013044393617316263,0.007747152302246985,0.0024210689065637314
-0.3749579341374835,0.17567833188639492,-0.23689749341284402,0.1352925330294721,0.1003137462210106,-0.15233810094977202,0.00796483779204097,0.004006163778926438,0.9569061218894487,0.001067541868318782,0.0073721943681095015,0.002596747238450126
-0.4407249553728243,0.24725488783941743,-0.17784308579814503,0.13229295409143646,0.11144516666165961,-0.10019461637227974,0.019921618306701323,0.022084435782648505,0.9586911919707507,0.0008896987825206371,0.006931469412736677,0.0028440021262895435
-0.21302457721589452,0.19646206662431995,-0.09757138897977802,0.16943403800262463,0.11338008208955486,-0.16262690769738647,0.01163602407203175,0.0127675512974007,0.9673970052151031,0.0007921273935408591,0.0067184448355207815,0.0030404641929138634
-0.27139974394450567,0.2717271867481127,-0.05016128740254817,0.14749099517964756,0.031731700631452954,-0.14468773609836905,0.01777308103327023,0.01165707078529766,0.9573518474061185,0.0007419661061383109,0.006447045091576277,0.0033121913796619763
-0.3274883339226865,0.2576274222546938,0.019053497624141193,0.1353127354171391,0.035019083692469935,-0.09227514803127825,0.009676839316551144,0.0018958478057824217,0.9651996851778725,0.0007610196037624521,0.006119556757653591,0.0035698188019166696
-0.1443534237911725,0.0968360047874595,-0.08698148938226784,0.1437393601214042,0.019248265754836767,-0.07162474529924623,0.0139973673668555,0.019291382769397035,0.9660189678087179,0.0006740381143801842,0.005975203333862418,0.003666654806704129
-0.3277869157378396,-0.001297823606960971,0.12363813649898955,0.15783859071449574,-0.009139295283954348,-0.12144705619920622,0.015587347129069853,0.003976216069986475,0.9576416599879267,0.0007976762508791739,0.005647416418124578,0.0036653569830971686
-0.03207710460477234,0.05753365816787116,0.12050240131329569,0.12309844049302696,0.06308621464417764,-0.03374885993917786,0.007745093997205793,0.009716704536008956,0.9562341160959796,0.0009181786521924696,0.005615339313519805,0.0037228906412650393
-0.12821532077464684,0.010318108615708338,0.1522447236648547,0.11209397466515614,-0.033226596450249286,0.006824661153943595,0.02019885323438212,0.015002029444489303,0.9586146517913835,0.0010704233758573242,0.005487123992745159,0.003733208749880748
-0.10489869393180133,-0.05095409139824577,0.1552297155045083,0.07556783864444831,-0.02940627584963733,0.01930518668999895,0.018550593957138328,0.012276202274752158,0.9609614027880542,0.0012256530913618328,0.005382225298813357,0.0036822546584825023
-0.11437791843078976,-0.1290270376039644,0.2049121332978323,0.041242963576043526,-0.011965329244229866,0.011951663738626805,0.022118243219127497,0.008871125326598873,0.9580517167741244,0.001430565224659665,0.005267847380382568,0.003553227620878538
0.03483006257463293,-0.26186173984179817,0.07400863387713022,-0.06570427977735743,-0.03436849500011751,0.08686261735878768,0.007194757323708712,0.006771898902450972,0.9605129626114711,0.0015045738585367952,0.005302677442957201,0.0032913658810367397
0.17119928869284617,-0.47603007493921246,0.014419637594970086,-0.08526991585807941,-0.013945815581633141,0.04174248003302144,0.023032815805871985,0.011442659251955345,0.9632487462749253,0.0015189934961317654,0.005473876731650048,0.0028153358060975272
0.1886239153311032,-0.3933387798989203,0.1701483198679692,-0.09365478071130741,-0.035321424395728704,0.11408193608766605,0.011555315874575386,0.005963399295700775,0.9557726056836595,0.0016891418159997345,0.00566250064698115,0.002421997026198607
0.2957571496859021,-0.3397454682307149,0.1844806028216408,-0.10976962469592419,-0.018197074952631738,0.12698325239511582,0.009217009045164721,0.011118842402059336,0.961809444862796,0.0018736224188213753,0.005958257796667052,0.002082251557967892
0.2556076614630809,-0.41770153588400655,0.02250703061773067,-0.1742412152080081,-0.033063568816941516,0.12188544106048887,0.01860760926991686,0.013780612777232644,0.960620888517005,0.001896129449439106,0.0062138654581301335,0.0016645500220838856
0.3357079742511076,-0.4074206630916111,0.049527057454262606,-0.22637590353838383,-0.07083935984699836,0.1607216198028888,0.017429867648799904,0.014072997203710575,0.9567672435971493,0.0019456565068933685,0.006549573432381241,0.0012571293589922746
0.3638056192033659,-0.5531067835097407,0.09331794480796822,-0.1872053290172506,-0.07935873780846493,0.15299039279095109,0.010901738833383941,0.0077484792367650745,0.9481012423723663,0.0020389744517013367,0.006913379051584606,0.0007040225754825338
0.22794775298871328,-0.44515799959688773,0.02653568794599076,-0.18832648647263872,-0.07239362124816279,0.18744935193249232,0.006193691334260108,0.013433610327371451,0.9588125600978874,0.0020655101396473276,0.00714132680457332,0.00025886457588564606
0.3832778835140992,-0.4171590783865463,-0.1552590894521287,-0.24302897712429092,-0.09580390386798586,0.10054201756012346,0.009256350487119605,0.010007188380844054,0.9622561251658368,0.001910251050195199,0.007524604688087419,-0.00015829450250090028
0.3994168865127334,-0.33247566283316277,-0.20779671373376002,-0.22047400406241863,-0.08810225164466831,0.1459666491698566,0.015569916245980565,0.013788256277841814,0.9577967561856389,0.0017024543364614392,0.007924021574600154,-0.000490770165334063
0.34624815831869654,-0.3250197943993928,-0.0870494918626363,-0.23970691203839975,-0.06083610922068112,0.10360727859272176,0.01932507881619342,0.013745467818832442,0.9565696948734176,0.001615404844598803,0.008270269732918849,-0.000815789959733456
0.30697264379722716,-0.2789817651436196,-0.26425895066059474,-0.16178832122158154,-0.12641701016459234,0.14633110637129665,0.020768184451908058,0.0117646264822466,0.9610903140451037,0.001351145893938208,0.008577242376716076,-0.0010947717248770755
0.18818940152242075,-0.2750907715480511,-0.2970279532117984,-0.1711473611821392,-0.03623730569585077,0.005710128631109831,0.019015448212054722,0.014648884798338901,0.9634092735975873,0.0010541179407264093,0.008765431778238497,-0.0013698624964251266
0.23581934209947275,-0.08749941774033422,-0.17259317257636864,-0.10587551029730188,-0.036551300105668746,0.01793465565176971,0.011068044558856162,0.011298079480644777,0.9538563091121924,0.0008815247681500408,0.009001251120337969,-0.001457361914165461
0.05989414135419928,-0.020300300391444683,-0.32345745108265334,-0.060333449843041675,-0.010926694852088453,0.0036650960457432127,0.021732455007016177,0.010446807750186249,0.9592166250678654,0.0005580673170673875,0.009061145261692168,-0.0014776622145569055
0.02017496492156079,0.00195934639865554,-0.3299676620242569,-0.03275656862694222,-0.026536650166204573,-0.0510184110189267,0.013990456126310169,0.026673173524838598,0.9590969649783097,0.00022809965504313052,0.00908132022661373,-0.00147570286815825
0.05451548480129769,0.04992996148567724,-0.3981311166132436,-0.05382124038848806,0.017362279451568798,-0.038474616273137086,0.018517970006378448,0.012675513856034572,0.9719235575829308,-0.00017003146157011306,0.009135835711415026,-0.0014257729066725726
-0.06051037554322329,0.3654302863550983,-0.22728923039658694,0.006206005389135806,-0.019800083316924625,-0.025790679632148268,0.0031860557773474366,0.0176307494516893,0.9550865595563224,-0.0003973206919667,0.009075325335871803,-0.0010603426203174744
-0.06797475523601842,0.21084603286153625,-0.20173318054675682,-0.009777626511102625,0.06513839261683461,-0.06010083633152751,0.0204019745281791,0.010952007465768555,0.9622343477106198,-0.0005990538725134569,0.009007350580635785,-0.0008494965874559382
-0.09228123215081122,0.3774562674162604,-0.1172018103329382,0.09449411149488562,0.04660837186200298,-0.05697900092313082,0.018557918926780454,0.003262176111868867,0.9563926200272571,-0.0007162556828463952,0.008915069348484973,-0.0004720403200396777
-0.21932454944801882,0.3496914105126747,-0.17300724303929094,0.16444448448750196,0.03405254446735842,-0.09044480352051974,0.0190293595783615,0.009302494721285219,0.9589671126387739,-0.0008892629258856861,0.008695744799036956,-0.00012234890952700302
-0.3326764008117362,0.3013761866282987,0.027824278663972014,0.14476872224463208,0.07271083772160525,-0.09067209200572086,0.01349553355960268,0.007147081463627764,0.9701925056368711,-0.0008614386472217141,0.008363068398225218,0.0001790272771012957
-0.3031321203709132,0.5095286865635935,0.13454121431696098,0.23680605139490277,0.018422714610112714,-0.1327935984027593,0.01462858019461705,0.01267651623378878,0.9608696253547864,-0.0007268974329047531,0.008059936277854306,0.0006885559636648893
-0.3808965253356364,0.44483952150279993,0.21453734248846384,0.2500184502934611,0.08374290760010662,-0.08363008465576839,0.009726206070331124,0.025473118607244594,0.9644520203089789,-0.0005123600904162893,0.00767903975251867,0.0011333954851676894
-0.5130997206556506,0.4490276194930115,0.21943920499726127,0.2392778780050266,0.08850072472159709,-0.03729344480659206,0.018218267780337857,0.02128403563697152,0.9713969847468995,-0.00029292088541902803,0.007165940031863019,0.0015824231046607008
-0.5876300152003507,0.4041905729189683,0.27033493502318073,0.2509455578440613,0.06363640914617877,-0.03765750246382218,0.01852113984422308,0.011595901408973033,0.9593049960798952,-2.258595039584727e-05,0.006578310016662668,0.0019866136775796694
-0.574552240171266,0.35030994058121995,0.4556956290188633,0.21679269643271804,-0.030313063032589682,0.03705161400446705,0.0073631834438173255,0.022703628558684633,0.9594499391003856,0.00043310967862301606,0.006003757776491403,0.0023369236181608895
-0.5130019495259912,0.35321861385886855,0.34857311021307646,0.19267013176630232,0.02559531984183626,0.0109849018672762,0.0074877263632543364,0.020094835980929177,0.9523553676694659,0.0007816827888360925,0.005490755826965411,0.002690142232019758
-0.5234299878491622,0.30119725133410924,0.33645648286113344,0.18988192942683468,-0.017372844850190583,0.08014545845719344,0.010470076429930274,0.01058512935955595,0.9700472596834889,0.001118139271697226,0.0049673258391162494,0.0029913394833538673
-0.5340049798944797,0.1360642523511322,0.3110052350100247,0.23870427616225015,0.003625042187533102,0.04091720494465354,0.019606341718581825,0.014850109007666768,0.9602371714400516,0.0014291445067072506,0.00443332085922177,0.0031274037357049995
-0.5495979184619093,0.0313062274320282,0.32447954155054326,0.1396939968741234,0.04771866122257735,0.06586410657829143,0.024146720788554912,0.01919724143998115,0.9587848180149215,0.0017536240482577939,0.0038837229407598602,0.0031587099631370276
-0.5284476587663107,0.036253536038108866,0.15040668190202042,0.16957371603952637,-0.035629507020268396,0.08104148032046489,0.017989000197875332,0.014206146292999969,0.9631337252175554,0.0019040307301598143,0.0033552752819935496,0.003194963499175137
-0.5836336721943745,0.00887388514716803,0.3520187495016426,0.15548210672537247,-0.06432916580346466,0.09184090817939351,0.013450080115108558,0.015727192888811494,0.9500432234421842,0.002256049479661457,0.0027716416097991747,0.003203837384322304
-0.428976060692965,0.030657206299055106,0.191623617191933,0.09221873387039312,-0.0680463019944866,0.09641707923136601,0.005325843306963509,0.018612245357866132,0.955574080850829,0.00244767309685339,0.0023426655491062096,0.00323449459062136
-0.35282509723667177,-0.061556165783002936,0.06565835352732935,-0.006660889709462705,-0.0816974550922085,0.10113021313339607,0.019672068952476574,0.02002540555168634,0.963310782133409,0.0025133314503807194,0.001989840451869538,0.0031729384248383573
-0.4836043501297113,-0.02982760977788876,0.04510033385091493,0.06784574396789322,-0.1057709869827498,0.0973378956128889,0.015929059423747182,0.016145622820289876,0.9683036456306243,0.0025584317842316344,0.0015062361017398266,0.003143110815060468
-0.2906878997661814,-0.20141336449764902,-0.030417242607838922,-0.02825306192194884,-0.10990207054980036,0.13510659905617414,0.01884073594725393,0.014647469406740086,0.96625899589472,0.002528014541623795,0.0012155482019736452,0.0029416974505628193
-0.17803487871947132,-0.3652390933447579,0.00268239919037426,-0.062259848707704436,-0.12751375792404296,0.03022585721234576,0.01424145408196715,0.01390199433091137,0.9501374741042998,0.002530696940814169,0.0010375133232541738,0.002576458357218061
-0.12066760542622669,-0.3474832785701266,-0.08512060681898274,-0.10588184921099227,-0.12444125385397574,0.01591280335834809,0.016340116710623215,0.030234767303084147,0.9704333164398857,0.002445576333995186,0.0009168457178279472,0.0022289750786479343
-0.10406512351159602,-0.30290592296179747,-0.19464155005330386,-0.0868921335091829,-0.17036304966682014,0.06680554602065751,0.023817123622474234,0.006710285311141087,0.9556913096529607,0.0022509347839418823,0.0008127805943163512,0.0019260691556861375
-0.07935948640041504,-0.2281292212091567,-0.11063800106503809,-0.0793677068940821,-0.07892281720451724,0.03825075029633038,0.02219508829961752,0.023868872585285236,0.9573483681502963,0.0021402967828768444,0.0007334211079159361,0.0016979399344769803
0.20980299873882136,-0.29157917553572243,-0.33535254424658556,-0.10394885219269838,-0.09612001215257195,-0.03585166683317271,0.022075364450614914,0.017074428126169425,0.9599661115499358,0.0018049442386302587,0.0009432241066547574,0.0014063607589412579
0.19980310093689513,-0.23990100300209857,-0.18570994645327735,-0.11993047129804488,-0.058622380081594296,-0.0394217450250004,0.0030444512305886975,0.018688921433755827,0.9579238214942482,0.0016192342921769812,0.0011430272075916524,0.0011664597559391595
0.2610092878913865,-0.1563624592598155,-0.22918325053048194,-0.10422505375922045,-0.10522595919960945,-0.08257220802415582,0.018160486118772728,0.020332708669437247,0.9636056158287288,0.0013900510416464994,0.0014040364954830391,0.0010100972966793438
0.31139552570366114,-0.1638056904173389,-0.109429352618235,-0.1250169780014584,-0.09863776495405507,-0.12547081303895044,0.01714630570658047,0.02264944305381064,0.9586457242521905,0.0012806216890282641,0.0017154320211867004,0.0008462916062620049
0.48561987553446984,-0.11726020659459016,-0.22764884296773777,-0.07974893346520937,-0.0814392466600612,-0.09413902423425777,0.023005256689891018,0.015833091935082956,0.9652141537517326,0.0010529728460605267,0.00220105189672117,0.0007290313996674148
0.6434624180726732,0.0007553684294188262,-0.10615725195413805,-0.028928945873715084,-0.09185694734514033,-0.12698670784919214,0.016113478631640796,0.02224796311759942,0.9637594977092466,0.0009468155941063886,0.002844514314793843,0.0007297867680968336
0.5844090849198231,-0.14679308867925814,0.11633304671547334,-0.02696848746037739,-0.10416666225353632,-0.12152138472780587,0.014985582345204869,0.028608914667558924,0.9630607400887109,0.0010631486408218618,0.003428923399713666,0.0005829936794175756
0.42775801026863663,0.12071950418031033,0.034373602811280046,0.01130809723821219,-0.015118926557495482,-0.13705727614462904,0.025680334374770842,0.013057290770446539,0.9625000424269333,0.0010975222436331417,0.003856681409982303,0.0007037131835978859
0.5619754900573309,0.16858506478781887,0.055216444763410935,-0.0326632035043211,-0.020670795028820695,-0.03426997643976431,0.01978462018557972,0.0286742463764773,0.9666794527760849,0.0011527386883965526,0.004418656900039633,0.0008722982483857048
0.5555520432788924,0.19667010754128572,0.07474135721522976,0.06395886123851756,-0.018950129867198837,-0.10297387251584962,0.01374951662002988,0.014044881947298934,0.9600606211556258,0.0012274800456117826,0.004974208943318526,0.0010689683559269906
0.472282747539671,0.30820732739259377,0.17198186330823415,0.053160698768012646,-0.0008679105931860016,-0.0973698920225686,0.011050812224587293,0.00709987828778335,0.964004317513451,0.0013994619089200168,0.0054464916908581965,0.0013771756833195845
0.5570980645892192,0.31212367305336197,0.10146234138223754,0.09530494126209435,0.01661955654755973,-0.05264373836446729,0.01987528053167648,0.012449894177468683,0.9521813638102209,0.0015009242503022542,0.006003589755447417,0.0016892993563729466
0.6431877178178826,0.3295142498411216,0.19615257518032703,0.10917262187823792,0.06072146454839036,-0.08656848540656648,0.016635836681120134,0.02501545764847798,0.9618311971683564,0.0016970768254825812,0.006646777473265299,0.002018813606214068
0.5301924144045385,0.2319120556842142,0.12978896857200733,0.139146469700439,0.03216175444887949,-0.014911361799017859,0.018271625257016432,0.02122912862518053,0.9683235645735461,0.0018268657940545886,0.007176969887669838,0.002250725661898282
0.47093448169037,0.2639485314157332,0.1695920503765388,0.14824843743378308,0.0339240985615574,-0.02552860229932489,0.017386825006468758,0.027131872051242935,0.9631764881200453,0.001996457844431127,0.007647904369360208,0.0025146741933140156
0.3619018973355374,0.19544833326718963,0.23745625358169414,0.13227046107185797,0.06987432643253177,-0.0014835185415750796,0.01839320016997965,0.025026865648670384,0.9502806018729761,0.0022339140980128214,0.008009806266695745,0.002710122526581205
0.27777394779885234,0.29771397997659865,0.18603200220294192,0.16539540681461073,0.08668388742962033,0.05843858446777725,0.024311262594075102,0.020918303544668834,0.9591782452265157,0.0024199461002157633,0.008287580214494597,0.0030078365065578042
0.2547544284163152,0.14328443259850634,0.08440725986298106,0.16879077625036146,0.08730078761563462,0.04008919129901906,0.01337401089163219,0.0270784006249646,0.9662136918426455,0.002504353360078744,0.008542334642910912,0.0031511209391563103
0.25306293247141565,0.187043781504191,0.043312567980629206,0.1383153852048756,0.06075781136245678,0.09447245169737223,0.01771837431942742,0.020584420620550554,0.9591590760827667,0.0025476659280593734,0.008795397575382329,0.003338164720660501
0.11702666446380003,0.033456490108661696,-0.03881148786789541,0.12261971852614244,0.053624379036477196,0.0768477753771435,0.019447162652298053,0.02167207471959474,0.9630636761623155,0.0025088544401914784,0.00891242423984613,0.003371621210769163
0.05328430269926986,-0.04849740798500858,-0.14325483773338693,0.05182249508018551,0.10823921058691811,0.18624611254217327,0.022260788468673947,0.016616105762075055,0.9645574601270697,0.002365599602458091,0.008965708542545399,0.003323123802784154
-0.012326793230912382,0.018677165444014432,-0.2817541909231541,0.025314057905681323,0.09080788450314346,0.18325537271017045,0.023343815165776143,0.01905183006326452,0.9652566747179222,0.0020838454115349367,0.008953381749314487,0.0033418009682281685
-0.022925867422713596,-0.07271040129251405,-0.15297410422902055,0.09076643788833402,0.08140480274244025,0.12322186440689618,0.01569410997023791,0.01879210157495014,0.9582701152159911,0.0019308713073059166,0.008930455881891772,0.0032690905669356543
-0.2032051683972684,-0.10633612089385017,-0.1300164242698642,-0.04604410387459689,0.11086797832096301,0.11961910610296587,0.01756519672601462,0.015181581210921188,0.9555497056879857,0.0018008548830360524,0.008727250713494504,0.003162754446041804
-0.2095954870036859,-0.3466186103698117,-0.33025841096245795,-0.04737457945859386,0.043786612785088795,0.2053945997861708,0.024386758842947304,0.013353731838743636,0.9597386595258659,0.0014705964720735942,0.008517655226490818,0.0028161358356719925
-0.2541489390396735,-0.4042484475658973,-0.32564525306974323,-0.07342945168321668,0.060793221797013436,0.07028796083527998,0.027116995764650643,0.019957743145494627,0.9500017474769537,0.001144951219003851,0.008263506287451145,0.002411887388106095
-0.3162584057363127,-0.4807912762973024,-0.2750492091349765,-0.14426498433102744,0.058895629519672754,0.20329716935694625,0.015747281591490716,0.027883110578049576,0.9612040916520704,0.0008699020098688744,0.007947247881714832,0.0019310961118087927
-0.33606019721722796,-0.39010823165981384,-0.3136530244781346,-0.17184859639220848,0.028918922243265734,0.12853297046571274,0.01472717373322999,0.022887928371700575,0.9586259285975455,0.0005562489853907398,0.007611187684497605,0.0015409878801489786
-0.3660496373831233,-0.4469580490625095,-0.32524408124029236,-0.1578678384613698,0.004745226857346065,0.10639657537612401,0.016096023291451912,0.015419050623211092,0.9611540828680007,0.00023100490415044737,0.0072451380471144815,0.0010940298310864692
-0.30110295024841044,-0.4593919199514591,-0.25769089790963245,-0.13649839155704344,-0.015524806159283283,0.07330923106786247,0.02295710975454951,0.022987257564235076,0.9649693769824649,-2.668599375918507e-05,0.006944035096866071,0.0006346379111350101
-0.39933306399977053,-0.3996369853635437,-0.2074060830925573,-0.24724686294986348,-0.020599883994399295,0.05483491996701205,0.017886276826520667,0.014640091016141641,0.954923087179766,-0.00023409207685174237,0.006544702032866299,0.00023500092577146632
-0.353093834410097,-0.46187169255594984,-0.1650339181867066,-0.26191996964339986,-0.059662002962884354,0.05928192378297558,0.02642025036226876,0.025339847318026788,0.9642910741397215,-0.00039912599503844895,0.006191608198456203,-0.00022687076678448357
-0.44205876183531245,-0.49869105435685956,-0.23282749497138905,-0.26218560567835625,-0.034694849138078354,-0.012938064387656606,0.022326088074235327,0.022205049973372828,0.9534796559962038,-0.000631953490009838,0.005749549436620891,-0.0007255618211413431
-0.34787055723162164,-0.44514811471852944,0.052905726673726346,-0.1985196116743161,-0.014265153608591498,-0.007660552017112075,0.02458572955905736,0.024951810177756748,0.9694823903719142,-0.0005790477633361117,0.00540167887938927,-0.0011707099358598727
-0.145297372885058,-0.3544309722637312,-0.1214747205216462,-0.19356650933788228,-0.10318332285625294,-0.006554131848969151,0.019929129195392217,0.029314673060490685,0.965964648943876,-0.0007005224838577579,0.005256381506504211,-0.0015251409081236038
-0.23519089313963032,-0.20568173440949686,0.010330934084064061,-0.2146776742399059,-0.010561777348952686,-0.08083214863263834,0.010864824445300625,0.026935406299363595,0.9647040760166156,-0.0006901915497736938,0.005021190613364581,-0.0017308226425331006
0.08265379466077927,-0.12170667053104361,0.18596841703021016,-0.15256070137548122,-0.14107236520751726,-0.05388521435536305,0.010664876007426174,0.02447140287262807,0.9551371284224411,-0.0005042231327434837,0.005103844408025361,-0.0018525293130641444
-0.15054267721080533,0.008575293158693847,0.1875746228269107,-0.06128976796980237,-0.07328893760969245,-0.09223747797509854,0.021501943627181594,0.02639666132815281,0.9582888172465893,-0.00031664850991657294,0.004953301730814555,-0.0018439540199054506
0.058571322272928494,-0.05511146128980148,0.12882019284828397,-0.07241662441116352,-0.05726687501142667,-0.036031103051168606,0.02361145926618722,0.019625627337911115,0.963026828978255,-0.00018782831706828893,0.005011873053087485,-0.001899065481195252
0.03140418716369493,0.05172607023884196,0.3571347105140187,-0.08855974349708508,-0.11017968066424777,-0.1092409269280233,0.01693766423095215,0.032178032141448945,0.956320119015385,0.00016930639344572978,0.005043277240251179,-0.0018473394109564099
0.05152860688460739,0.19105812350664741,0.29130207773595557,0.026815956417898232,-0.07924767343766197,-0.032883295426622765,0.014153010344216265,0.023221390153176084,0.9613803043039895,0.0004606084711816854,0.005094805847135787,-0.0016562812874497627
0.14783859186955828,0.19916325729957055,0.3294231131279229,0.10251800754940443,-0.09426976600770835,-0.07208677880119287,0.013998116770432206,0.023537252784936524,0.951120777014347,0.0007900315843096083,0.0052426444390053445,-0.001457118030150192
0.27079112857033344,0.2918477067473412,0.32746947818345257,0.07523370500497649,-0.05587595999885039,-0.025229619206907694,0.016349228325311868,0.03347086239134936,0.9572280488579453,0.0011175010624930608,0.005513435567575678,-0.0011652703234028507
0.27744474070692776,0.36626662904030427,0.3271453118907624,0.21425201047685125,-0.011424174480017613,-0.0744724081686196,0.020553982892425892,0.02352645569041201,0.961669233347316,0.0014446463743838234,0.005790880308282606,-0.0007990036943625466
0.30111881585336625,0.5049770492411609,0.2541543631475227,0.13361304169327665,0.020677322637074117,-0.044448991772786405,0.012324251786535168,0.025568455525718452,0.9625084170720842,0.0016988007375313462,0.006091999124135971,-0.00029402664512138553
0.20089804626557156,0.46874133713075056,0.1366188559661108,0.18217214370927906,-0.023684379142094036,-0.01128601619384229,0.006536581825728721,0.029439142544448745,0.9514169504433079,0.0018354195934974567,0.006292897170401543,0.00017471469200936503
0.2136527628737377,0.39056784151499485,0.19087655025752437,0.2174773645607836,0.0609798215949955,-0.011446620010562252,0.010347926684024391,0.029382055062267938,0.9501100532448739,0.0020262961437549814,0.006506549933275281,0.0005652825335243599
0.3962891679899868,0.5159315862853947,0.14300735782845683,0.17035731491185716,-0.02628773471185758,-0.005165437529008244,0.013440313699720239,0.030215498144271942,0.9579242648702267,0.0021693035015834384,0.006902839101265268,0.0010812141198097546
0.2039405816132493,0.3976117346662175,-0.13491864433436732,0.22450242340913354,0.059746197521225196,0.10104739150889828,0.025842250210123534,0.022287242032731712,0.9572100241222194,0.0020343848572490705,0.007106779682878517,0.0014788258544759722
0.3420265680835239,0.45009098460338903,-0.03951511081037641,0.2533606476778481,0.02961795062878851,0.10745461266741264,0.017940060142424934,0.021920597910384372,0.9597177527919077,0.0019948697464386945,0.007448806250962042,0.0019289168390793613
0.2867691967603018,0.3789861551305112,-0.1733985236247091,0.21822857713571775,0.02726871522642494,0.03415561322013063,0.011536642790758046,0.02694809217736518,0.9546300695404227,0.0018214712228139852,0.007735575447722343,0.0023079029942098725
0.30624344251345126,0.2057008996959288,0.02738059734548398,0.264372746668503,0.06845093010372866,0.0583033922349728,0.02132229789286075,0.0269427156455641,0.9654707434103619,0.0018488518201594693,0.008041818890235794,0.0025136038939058015
0.3027662214362213,0.2587019208475818,-0.1825224028325552,0.23074204038532498,0.08196890714262502,0.1606170801534707,0.016536147357470717,0.028905061824653064,0.961285226267091,0.0016663294173269137,0.008344585111672015,0.0027723058147533833
0.1698920268333028,0.20977682901304423,-0.1527244280522005,0.1365648464860398,0.09922701417366342,0.07088558629244199,0.023599611796262195,0.025216562748301925,0.9655880928958694,0.0015136049892747134,0.008514477138505316,0.002982082643766428
0.11040833599356482,-0.05693809462132031,-0.0732736456885376,0.18483749176066502,0.0830515881119578,0.094084764701749,0.023388596794810257,0.029657405326553577,0.9599048916792523,0.0014403313435861758,0.008624885474498882,0.002925144549145107
0.11637902118185076,0.05455786054082443,-0.0887611600738089,0.14758886843171104,0.048329920211162,0.06112029216015419,0.019057611890723226,0.027217438428802216,0.9579775626070647,0.0013515701835123668,0.008741264495680733,0.0029797024096859318
0.06552011683751632,0.06111952114107669,-0.22847268944134275,0.08677326278158237,0.06902159101264323,0.01563324893128483,0.011225353343710453,0.031112164376859937,0.961581124410431,0.0011230974940710243,0.00880678461251825,0.0030408219308270083
0.021898629069060933,-0.08082987478897195,-0.15858321466455272,0.05170605221279413,0.026619403621363197,0.02463526437532306,0.018654788270196666,0.025245533626820915,0.9652961944859089,0.0009645142794064715,0.00882868324158731,0.0029599920560380365
-0.09686693604678127,-0.17570736833083817,-0.12641499421493735,0.06232468429390599,0.039113792890914344,0.0398246097058202,0.0177109063119953,0.031227966653318368,0.9568859205295625,0.0008380992851915342,0.008731816305540529,0.002784284687707198
-0.20895470970567157,-0.1674263653606103,-0.1640338312225372,-0.0745165317173206,-0.01749363653181791,-0.03380151899381609,0.012290725301556022,0.025800584494059593,0.9593896734299122,0.0006740654539689969,0.008522861595834857,0.0026168583223465875
-0.20749622451048916,-0.15542334030606736,0.012962204424356694,-0.01223385308829986,-0.07539954954811214,-0.05620182019469073,0.02499946902402274,0.032720012513703024,0.9565955330254771,0.0006870276583933536,0.008315365371324367,0.0024614349820405203
-0.30186112737807963,-0.16839547173867633,0.023067204916243988,-0.0424923139878943,0.035584273620543026,-0.01941202481856303,0.01845866799379058,0.03744867074856691,0.9513263026760314,0.0007100948633095976,0.008013504243946286,0.002293039510301844
-0.3869870004393573,-0.22988208434570762,0.07007238393735568,-0.0520767048781429,0.0011089083318806727,-0.10662577077859849,0.025040150148336195,0.03133646610280617,0.9746391243215035,0.0007801672472469534,0.007626517243506929,0.002063157425956136
-0.528018412328682,-0.2985183079457504,-0.053497433308275485,-0.09541306013264293,-0.037870141150331785,-0.10859507647834749,0.0181800701933652,0.023472601596136497,0.9656862619555296,0.0007266698139386778,0.007098498831178248,0.0017646391180103857
-0.42386738302952104,-0.3317203905797329,0.1988099588465477,-0.07331628473833934,0.007376555123663472,-0.1257918016530448,0.024705332469423223,0.027424389367201044,0.9597562232814865,0.0009254797727852255,0.006674631448148726,0.001432918727430653
-0.5711335011221182,-0.1786992186744731,0.15810252234049774,-0.12944556317686468,-0.021296528500817216,-0.13565306922319845,0.02213062835913353,0.028514609012472852,0.9610099956307513,0.0010835822951257234,0.006103497947026608,0.00125421950875618
-0.4525834570622225,-0.23869390150419517,0.15191182652935376,-0.08888461576144703,-0.07775603588063468,-0.15836387853852024,0.01852437625159144,0.03416864956363491,0.957119141404235,0.001235494121655077,0.005650914489964385,0.0010155256072519848
-0.48391062427384485,-0.22615313847495955,0.24406102161014026,-0.10586203093586988,-0.1400792013921555,-0.060453656967586124,0.021524656126837124,0.020005807172593842,0.9560669438575774,0.0014795551432652172,0.00516700386569054,0.0007893724687770252
-0.49303223824191245,-0.23509948535928898,0.2751401662488924,-0.1176430750408523,-0.12118423703503281,-0.10900451444961363,0.025252369794024385,0.027571684738633265,0.9597907976299047,0.0017546953095141098,0.004673971627448628,0.0005542729834177362
-0.48956113105424437,-0.19065703938643458,0.030655970830588755,-0.07564812783563568,-0.08820712189250403,-0.06269248886493832,0.017769674674836703,0.022935816037154232,0.9525692354343522,0.001785351280344698,0.0041844104963943834,0.00036361594403130167
-0.6282979612252346,0.05024174361923563,0.1285940841031599,-0.06299920306784261,-0.15072989706875164,-0.1381606364408403,0.019424464978449078,0.023820431099454926,0.9586723243014001,0.0019139453644478584,0.0035561125351691487,0.00041385768765053727
-0.5033823239522,0.03177508102867385,0.11197643518000731,0.015953356407238658,-0.14974674827465062,-0.0696183333528019,0.017070058879527658,0.029387473057389816,0.9593874505279706,0.0020259217996278656,0.003052730211216949,0.00044563276867921105
-0.5263862541997533,0.1423454891523694,0.008962764660417791,0.026779641763711448,-0.10697185923728632,-0.02424061638352283,0.015150710689307498,0.03241890223237676,0.9567268698521681,0.0020348845642882835,0.0025263439570171954,0.0005879782578315805
-0.431081874433245,0.24366962907575748,-0.009993026649545537,-0.0068289432394155105,-0.11186627817216047,-0.04847543063747973,0.02465796400985194,0.027385632562406087,0.9508558745103198,0.0020248915376387382,0.00209526208258395,0.000831647886907338
-0.36427231576859626,0.2721442495293649,-0.12480521040617457,0.0558947943593278,-0.08161123669128159,0.009180613149129824,0.02493598622999914,0.019732569985897203,0.9690090770844414,0.0019000863272325638,0.001730989766815354,0.0011037921364367028
-0.25400966772358247,0.06467699592327145,-0.2226557940736657,0.05735519714076182,-0.05203151197524844,0.0444614340056781,0.025684551267633214,0.037814230638875054,0.9616000975563395,0.0016774305331588978,0.0014769800990917714,0.0011684691323599742
-0.24847261869346596,0.1673880792626934,-0.07832418715892747,0.07431216811105212,-0.05270153330319564,0.09048230432848113,0.021112306643848514,0.030857249521640567,0.9554670200405206,0.0015991063459999705,0.0012285074803983055,0.0013358572116226675
-0.054079682694985295,0.25738922199666403,-0.265579281964232,0.13152275329449162,-0.09349371179159797,0.1023791331712321,0.02078358149401239,0.03158198684328547,0.9629547485376974,0.0013335270640357385,0.0011744277977033203,0.0015932464336193318
-0.21154730947977896,0.31420961585594265,-0.32912650845238967,0.15264377387806127,-0.005028085889319763,0.15230384380674356,0.017544531240713673,0.03275841384682921,0.959969335534782,0.0010044005555833488,0.0009628804882235413,0.0019074560494752744
-0.13572538680865215,0.2859882946249998,-0.3781792927147076,0.19107598300286147,-0.03075954322303192,0.15695707029427314,0.016584063091542724,0.026012263383106846,0.9658676736756431,0.0006262212628686411,0.0008271551014148891,0.002193444344100274
0.049518112851782065,0.3610320390875016,-0.375614853353389,0.13976511550031662,-0.01866364021725607,0.08456586147749415,0.024826040899665384,0.035886528525077524,0.957273934027567,0.00025060640951525196,0.0008766732142666712,0.0025544763831877757
0.10123470095177596,0.2308837933767383,-0.14797654540920505,0.17683915691062727,0.030897915397059942,0.2031242389154817,0.023885072999437252,0.03101713422272972,0.9571516185743794,0.00010262986410604694,0.0009779079152184471,0.002785360176564514
0.3379894811757829,0.12034821777192087,-0.30603331587142146,0.16147390188357977,-0.03143161551659071,0.13803951939124803,0.008246079065441593,0.029289585751264776,0.9668007237039079,-0.00020340345176537452,0.00131589739639423,0.002905708394336435
0.2956412922319715,0.059048409231008674,-0.30231460007883876,0.13109635124109079,0.0689143212729817,0.1617234852135132,0.018294898949025824,0.034401378809515194,0.9616912073512064,-0.0005057180518442133,0.0016115386886262015,0.0029647568035674437
0.41722956134718275,-0.03680019584554485,-0.14315698775346572,0.09528822916224003,0.021963662285277755,0.14506440510828303,0.014306502575736978,0.030651827983690493,0.9646789207148715,-0.000648875039597679,0.0020287682499733842,0.0029279566077218986
0.40616306566749205,-0.0027332536005979305,-0.23025279094210105,0.03794722960620352,0.08171049352647496,0.13360476414489003,0.009993986312488596,0.02452957944230827,0.96742302428446,-0.0008791278305397801,0.0024349313156408763,0.002925223354121301
0.450517160541217,-0.1254812875348586,-0.035049974202719485,0.10426295459419106,0.07429056581642887,0.11773356901048664,0.01954679127096866,0.029128099574989262,0.9725985288737007,-0.0009141778047424996,0.0028854484761820934,0.002799742066586442
0.48830257940740596,-0.30453119915599647,0.12667970087714409,0.022677575128411086,0.08125935810288185,0.09266685805982489,0.02606056733109259,0.04253946553516717,0.9588682116334064,-0.0007874981038653554,0.0033737510555894995,0.0024952108674304455
0.4916526622199697,-0.18868988852728338,0.028938538205171192,0.007598498179502963,0.09973932816599937,0.09941642340518882,0.020199361220967715,0.03279218028653768,0.9704627795796659,-0.0007585595656601843,0.003865403717809469,0.0023065209789031624
0.5716725163832181,-0.29217438280319746,0.17989257561652722,-0.057764745881397,0.05272868387024386,0.01748274407478738,0.018932582039610037,0.031874195776422906,0.9595592935254383,-0.000578666990043657,0.004437076234192687,0.0020143465960999647
0.5315810945750516,-0.32252644196995006,0.3347557472017791,-0.08347058273893464,0.08967421083568052,0.00035338086078617707,0.021322438251872508,0.034983857572287766,0.9618806437580854,-0.00024391124284187788,0.004968657328767739,0.0016918201541300149
0.4590303250667104,-0.4688681207003843,0.3023863368797001,-0.12973318627984898,0.09089451597140982,0.010246096857884973,0.02210599034348345,0.03414092980262025,0.9698141425731641,5.847509403782226e-05,0.00542768765383445,0.0012229520334296306
0.45081875265460686,-0.30798649530173156,0.21419426292252458,-0.18000990952411594,0.04235701936612024,-0.0647489695455724,0.026242853951462457,0.02755990481124834,0.9639485489277453,0.0002726693569603468,0.005878506406489056,0.0009149655381278989
0.4595244514417005,-0.4850571307437215,0.2662769190557184,-0.17347727403051283,0.08118525690697692,0.01925229981274413,0.015641668399588023,0.03257611516151472,0.9576230698121162,0.0005389462760160653,0.006338030857930757,0.0004299084073841775
0.545260604934057,-0.34132261721212753,0.2900091105376988,-0.19238662487380725,0.07435167797681703,-0.07051926650227748,0.021686757477510657,0.028025417943812417,0.9600573834344018,0.000828955386553764,0.006883291462864815,8.858579017204994e-05
0.41337734342705085,-0.4113032338661497,0.286607225114135,-0.24339283521470303,0.1090683820085951,-0.028836643946757216,0.0180967269537363,0.04056237067226508,0.9574709677633136,0.001115562611667899,0.007296668806291866,-0.00032271744369409983
0.42789386653881767,-0.42296166244208194,0.2167226005293148,-0.1680935839604219,0.0658745912254391,-0.08360846025485921,0.013591677286887847,0.03447738250406567,0.9612001496921079,0.0013322852121972137,0.0077245626728306835,-0.0007456791061361818
0.2906113329129389,-0.24046530838113817,0.2411970397346266,-0.26251540700850495,0.05801933347956189,-0.10843261057030916,0.02082604003485383,0.03452413015363494,0.9587192231358199,0.0015734822519318404,0.008015174005743623,-0.00098614441451732
0.226945748354179,-0.2995473712037428,0.21575571119188516,-0.18792501620491248,0.07321240507209051,-0.07200836880091138,0.017190368913373708,0.03388086638154736,0.9517277556481013,0.0017892379631237255,0.008242119754097802,-0.001285691785721063
0.2315330042579978,-0.23895396909530367,0.1458626546474496,-0.1603860441611042,0.017857278655047146,-0.053042001760315156,0.02766320803341074,0.029617721773831665,0.9570769808416392,0.0019351006177711749,0.008473652758355798,-0.0015246457548163666
0.0005255596176987343,-0.204620399450698,0.19196451405018064,-0.16679518903756974,-0.011311875483804044,-0.06675859410951594,0.02009577858596074,0.04372058451393432,0.9554308989114977,0.0021270651318213555,0.008474178317973499,-0.0017292661542670645
-0.01577182486116565,-0.26720445723706926,0.10018161023298042,-0.13237704057924807,-0.006758700702899788,-0.11808876897841948,0.017094649519040404,0.034695782592274294,0.9517549425154354,0.002227246742054336,0.008458406493112334,-0.0019964706115041335
-0.20765362888097375,0.034091316962988324,0.06183115026706886,-0.08613019117048945,-0.03020069155171161,-0.026481269451884948,0.026359524049852166,0.029748493004145463,0.9498112362899743,0.0022890778923214047,0.008250752864231358,-0.0019623792945411456
-0.1594496648084749,0.030679881172193522,-0.029882834166207344,0.022333542672016968,-0.050114545369893994,-0.004740037701205112,0.029984804365974088,0.03190524404729103,0.9659354482182473,0.0022591950581551975,0.008091303199422884,-0.001931699413368952
-0.1274548466908097,0.10957158507039091,-0.09645775947792753,-0.02270453015489568,-0.037264819971572105,-0.014839175227996554,0.024744906889357675,0.036663491338980114,0.9517737854533155,0.0021627372986772696,0.007963848352732074,-0.0018221278282985608
-0.19121813953467118,0.13910339314329295,-0.07358891945898874,0.003606898906964367,-0.049020879423445456,0.08484020674626107,0.0199092637637453,0.0366388199660909,0.9630259884562339,0.0020891483792182803,0.007772630213197403,-0.0016830244351552681
-0.14884856236947056,0.235276493730311,-0.20607768914131833,0.06107875354942273,-0.08119908635856064,0.06405559306825205,0.014054932762822601,0.032873816717929646,0.9562171564911176,0.0018830706900769623,0.007623781650827933,-0.001447747941424957
-0.3102187107667529,0.26199613468857974,-0.23984736719062646,0.0817560307455675,0.0023913567825368503,0.10839520041810236,0.021819821950518455,0.03098817666215107,0.9577049384251743,0.0016432233228863358,0.007313562940061179,-0.001185751806736377
-0.22457229629443703,0.45237537376489295,-0.10826284810502507,0.06211245307479252,-0.0585227465987963,0.11185559530923149,0.020059086106761867,0.03482169205610476,0.961616372535673,0.0015349604747813108,0.007088990643766742,-0.0007333764329714841
-0.31495172670282295,0.30997049872857746,-0.22416417140164213,0.1377575577297835,-0.060499105822781764,0.06634524081427304,0.027947593580567694,0.030084704746645333,0.9669364287504041,0.0013107963033796683,0.00677403891706392,-0.00042340593424290663
-0.3916734249746271,0.28965970473031993,-0.15800727888072813,0.20445909778290922,-0.047650762871103175,0.0628961717034715,0.030020461517810584,0.03040241831325105,0.9609113525043554,0.0011527890244989404,0.006382365492089293,-0.00013374622951258666
-0.4113446388873613,0.3517516966798335,-0.20020249499349216,0.26591311445071186,0.01602018122821175,0.07612228497824616,0.02509845242960057,0.030030564099875263,0.9521110152478232,0.0009525865295054481,0.005971020853201931,0.0002180054671672469
-0.2122977239437306,0.5227117164583309,-0.16087425898994806,0.23008471446440337,-0.08262714736496327,0.10896818993392732,0.022516421085491838,0.03065877828672372,0.963246507622746,0.0007917122705154999,0.005758723129258201,0.0007407171836255779
-0.2971485417475164,0.3397314447276158,-0.09089473814533264,0.22829426784067344,-0.10411027359990073,0.10246589993615011,0.020199366807464342,0.028835032619496163,0.9553900347477916,0.0007008175323701673,0.0054615745875106845,0.0010804486283531936
-0.3148229187294606,0.4431259330754692,-0.050123702085001345,0.22445554594942402,-0.012397673568695537,0.11529304102195694,0.02740583320366315,0.0308302634395377,0.9601364944798794,0.000650693830285166,0.005146751668781224,0.0015235745614286629
-0.27613871069244833,0.17236527000794205,0.024154924431327628,0.2741431917247059,0.012426868103200494,0.0542159439247889,0.008392364875985884,0.03122295338377654,0.9586273538095826,0.0006748487547164935,0.004870612958088775,0.001695939831436605
-0.07952860833414152,0.23633925910395556,0.11876982198316911,0.2575796433138921,-0.036528219343619356,0.03397232311181153,0.019764139305924296,0.03453689350339339,0.964555430325426,0.0007936185766996627,0.004791084349754634,0.0019322790905405606
-0.12048495493510739,0.20499907196101405,0.11844912966142976,0.14784560042148462,-0.02356114314589038,-0.02769913838813156,0.02200269981028226,0.03059360514217416,0.9680023965178699,0.0009120677063610924,0.004670599394819527,0.002137278162501574
-0.1445945798620385,0.07923541015038657,0.145044515806117,0.14196590902122808,-0.01686042845818178,-0.08078988387255623,0.014905748317796735,0.04406471999705917,0.9653633345664333,0.0010571122221672094,0.004526004814957489,0.0022165135726519613
-0.07528954910685727,0.0898834525028586,0.16205368150993488,0.11008331188955081,0.06785357731301832,-0.03645242038781857,0.014314509566936612,0.033029859426747674,0.9500798411803921,0.0012191659036771443,0.0044507152658506315,0.0023063970251548196
-0.022305672849740076,0.024973922477990868,0.1267782213928908,0.10595216759060251,0.04994782580367732,-0.1236078020787547,0.025549168385492572,0.025070932067285667,0.963000444276608,0.001345944125070035,0.004428409593000892,0.002331370947632811
0.09598241047174505,-0.12168540613414455,0.12363734496947601,0.04055252486917045,0.09708495065256295,-0.0727085702944841,0.01187896050589942,0.03553652300988427,0.9682693834921606,0.0014695814700395112,0.004524392003472637,0.002209685541498666
0.2575634489457188,-0.18222966744680436,0.0903930360425241,0.026853043328884097,0.031805100441050345,-0.08462723974684212,0.021820593184088345,0.03909804726269854,0.967479400420899,0.0015599745060820352,0.0047819554524183554,0.0020274558740518618
0.09503504149588184,-0.15005530649195958,0.18016847925092377,-0.02402899802741037,0.06838029481154347,-0.11575004141930582,0.017321560204372415,0.03266179720309231,0.9614336803348499,0.0017401429853329587,0.004876990493914237,0.0018774005675599023
0.23147606667625556,-0.10467940451462959,0.0848326525784441,-0.05855586637369026,0.08160736448429165,-0.14737924136807062,0.01613102203772194,0.03668646776609961,0.9530156267079237,0.0018249756379114031,0.005108466560590493,0.0017727211630452725
0.36588769831750917,-0.1705138587051307,0.10378552757752793,-0.0016092198078886556,0.06226973714557486,-0.151656327348253,0.01106879587605837,0.038614574671299,0.9656808403271581,0.001928761165488931,0.005474354258908002,0.001602207304340142
0.2973198785243744,-0.1843668466309012,0.06413295529651739,-0.1591137013355314,0.025160807817686454,-0.14406189867886524,0.018107432370335172,0.03984530385589327,0.9545019403659115,0.0019928941207854483,0.0057716741374323755,0.0014178404577092408
0.35994851407761413,-0.21116688504217385,-0.08454889337186292,-0.07619752296883087,0.11118979231386984,-0.07412555271782183,0.015584183022123582,0.03525168497515349,0.9658953302277682,0.0019083452274135855,0.006131622651509991,0.001206673572667067
0.35566282156131646,-0.20446413618822515,-0.06127321649277492,-0.12084733779431056,0.077735137874755,-0.09418184445276996,0.015155470397622009,0.03647387827138915,0.9680567185622385,0.0018470720109208104,0.006487285473071307,0.001002209436478842
0.20836188657029206,-0.27551539320425383,-0.2217239904885593,-0.11761543219824722,0.057279456769401466,-0.07336398393641004,0.01796395044031427,0.037343146960587596,0.9564181256423774,0.0016253480204322511,0.006695647359641599,0.0007266940432745882
0.3186200898264524,-0.2616207372099408,-0.15192128538539357,-0.1311642390117273,0.04056415510172297,-0.07139871925836566,0.022232045473258327,0.035475869009084546,0.9616684904490868,0.0014734267350468575,0.007014267449468051,0.0004650733060646473
0.24818390662178907,-0.10313142048198863,-0.2791784142863974,-0.0669984323446783,0.07030748351226894,-0.01009219364795247,0.020615709102951844,0.036902889989665434,0.9591347652906899,0.0011942483207604603,0.00726245135608984,0.0003619418855826587
0.35522413045008505,-0.16422889411480834,-0.38059347638136787,-0.08298440697838867,-0.0023232753074517486,-0.05799405226367096,0.022815359753317842,0.042236729523215326,0.9588825571627422,0.0008136548443790923,0.0076176754865399255,0.00019771299146785035
0.33793074510986043,-0.145292627392142,-0.37803412146567117,-0.07582817178996933,0.019471598692589607,-0.010604818382019423,0.020463164621681032,0.03904186898442064,0.9613763148971965,0.0004356207229134212,0.007955606231649785,5.2420364075708325e-05
0.2288133098508614,0.02166420242636779,-0.3966512290375122,-0.004150949643688718,-0.024557627137654837,0.04365496832590791,0.02643394982206517,0.02553273157957138,0.9531495443427445,3.8969493875908925e-05,0.008184419541500646,7.408456650207613e-05
0.19662872583812496,-0.02234473581029277,-0.3501691578026011,-0.05412463514960865,-0.11459063699427943,0.07953579122041725,0.011778064983753785,0.03330788270136915,0.9601937079155156,-0.0003111996639266922,0.008381048267338771,5.173983069178336e-05
0.04697957272990699,0.08939928628861624,-0.3080085262893692,-0.011206807868349038,-0.0822442631868748,0.11453446095855079,0.029646141206081625,0.031167019634837083,0.9572878145636963,-0.0006192081902160613,0.008428027840068677,0.0001411391169803996
0.11370339295256868,-0.014268023134177465,-0.07780866402249526,0.01676145546433806,-0.07062733799620104,0.095198459819846,0.020870534076195234,0.03658014948722494,0.9583552136239551,-0.0006970168542385567,0.008541731233021248,0.00012687109384622213
-0.007767603204553761,0.21478015785103066,-0.1489076313542689,0.0036850163884965797,-0.08120728698321916,0.09928146486859947,0.024115903711905903,0.03660611515223317,0.9633158980278143,-0.0008459244855928256,0.008533963629816694,0.00034165125169725283
-0.1747431532751288,0.11660193391351964,-0.29545739883461364,0.08852179469076818,-0.12362244417043211,0.11424774289973413,0.020636633130176506,0.031237098788917936,0.9639069353177633,-0.0011413818844274394,0.008359220476541564,0.00045825318561077246
-0.3158586141690628,0.26257506953229137,-0.06918110579979861,0.11308619632037287,-0.10575124221790526,0.16095870863571085,0.01618792793592755,0.04044903437959984,0.9695617510814735,-0.001210562990227238,0.008043361862372502,0.0007208282551430639
-0.170635328564959,0.24990590212419755,-0.025993366182354333,0.14487781841018899,-0.09583394485627827,0.1318981953276839,0.01719339100355577,0.047403455354928535,0.954705030476761,-0.0012365563564095924,0.007872726533807542,0.0009707341572672614
-0.4023721957757799,0.4269796128616462,0.15788109065381778,0.1574485394657613,-0.057275313261776734,0.1159295968359135,0.02475249690479394,0.03643876760553247,0.9593221648374517,-0.0010786752657557747,0.0074703543380317625,0.0013977137701289078
-0.34364072937633006,0.2590924873160243,0.0755514215039749,0.1339622721439258,-0.12738032801042823,0.1141588916952599,0.018720234866443797,0.03506437159249155,0.9638704845679839,-0.0010031238442517996,0.007126713608655433,0.001656806257444932
-0.37590898686842583,0.27159726814897955,0.14982750531248173,0.1465375406889146,-0.1257236487694807,0.15548772180048448,0.024748893930873126,0.03672704847727501,0.958953047456806,-0.0008532963389393179,0.0067508046217870064,0.0019284035255939117
-0.5432967292215569,0.23849735252524804,0.17609661799770918,0.13420157722701356,-0.13184377688303894,0.09097610287160374,0.018356346314354875,0.03559512833039936,0.9533965322180092,-0.0006771997209416087,0.00620750789256545,0.0021669008781191597
-0.37945389267616914,0.11803239956813814,0.27616774204061134,0.20006305141882616,-0.07347911731349735,0.14815959070239543,0.022883305628746672,0.03773460260561263,0.9606126281395425,-0.0004010319789009973,0.0058280539998892805,0.0022849332776872975
-0.5902876952476908,0.18308973942210333,0.36069406002932186,0.11282353103057406,-0.050206772713744074,0.11669869332585762,0.016445995203338233,0.03279549708824516,0.9584147834765931,-4.0337918871675434e-05,0.00523776630464159,0.0024680230171094013
-0.6081943254936862,0.0819326206411454,0.3108778105577249,0.11885985032238111,-0.0282401798096119,0.03248463376006758,0.008549867725621515,0.033282347789872574,0.9681517448543852,0.00027053989168604947,0.004629571979147903,0.0025499556377505464
-0.5650636730844754,0.046175527130757614,0.3138335088233939,0.09263481239200146,-0.04891967472669468,0.0011533820148417612,0.017267072856417334,0.044253025029342835,0.9740757924346078,0.0005843734005094434,0.004064508306063429,0.002596131164881304
-0.5675777525848172,0.0853634679745964,0.16372741580572903,-0.01184848834314169,-0.02834356972863466,0.01041878229891713,0.01712228627906218,0.03649645229612067,0.9688339056388172,0.0007481008163151725,0.003496930553478611,0.002681494632855901
-0.5815926452197734,-0.2348427519156293,0.30619336706037575,-0.041367209767186185,-0.04521355119702288,-0.035356134212387105,0.017921594182425244,0.037113110523664054,0.9637404068953215,0.0010542941833755481,0.0029153379082588375,0.0024466518809402715
-0.5198810330391482,-0.17890508787218454,0.25444656836220714,0.04192327008389728,-0.06104476543132915,-0.047063133756869706,0.012219108989225323,0.04368490718513631,0.9663804316128137,0.0013087407517377555,0.0023954568752196895,0.0022677467930680866
-0.4133278658994715,-0.2593976209308072,0.10237585283833577,-0.06856847259945008,-0.019830042978241487,-0.07632954622729902,0.024446784807221983,0.032410769038659054,0.9580147756801685,0.0014111166045760912,0.0019821290093202182,0.0020083491721372792
-0.45111410827553605,-0.41232470298317986,0.09395329640399593,-0.0595503143429037,0.04505941247783505,-0.11724869213821094,0.024615478038134863,0.030579472928452242,0.9702258942314615,0.0015050699009800874,0.001531014901044682,0.0015960244691540998
-0.3861072866488599,-0.460097155656645,0.14046515964870232,-0.11545978051729494,0.04523991984649513,-0.0627146029654477,0.028693202770340452,0.045310891819406604,0.9656962655033423,0.0016455350606287896,0.0011449076143958219,0.001135927313497455
-0.41898345637164414,-0.35200926346173605,-0.14928322053674906,-0.1712367565440497,0.05959980949086239,-0.0649701431107949,0.008393985640093403,0.0419657459201517,0.9623993128172983,0.0014962518400920405,0.0007259241580241778,0.0007839180500357188
-0.29155827137153223,-0.3118827770502634,-0.08822920009464696,-0.18042770363684593,0.10626974249570596,-0.051637191437979825,0.011528209008343183,0.03867001481832238,0.9611371093875132,0.0014080226399973935,0.00043436588665264554,0.0004720352729854554
-0.2459753225443575,-0.352408347203325,-0.02828133180146447,-0.1590612923116675,0.04259084614746649,-0.04463979633228141,0.02215771679418252,0.03947910253510529,0.9719973290222549,0.001379741308195929,0.00018839056410828805,0.00011962692578213041
0.010987611587833894,-0.37807034790617167,-0.08557406467916258,-0.20455625442433267,0.07425714132384738,-0.0814071755152967,0.013053293997871165,0.03386862116618019,0.9580516925250725,0.0012941672435167664,0.00019937817569612196,-0.0002584434221240413
0.05216563518499609,-0.39883204507415,-0.09880056438326193,-0.11147761631541869,0.033811662657810354,-0.014012918476797873,0.0210778840913344,0.03604711838654245,0.9707658725375876,0.0011953666791335044,0.00025154381088111796,-0.0006572754671981913
0.12306461644819011,-0.33798450927678503,-0.08072016803302497,-0.23680507611381965,0.032063389845450055,-0.019023651940324862,0.014454537317823646,0.04987649059720776,0.9643583395390626,0.0011146465111004796,0.00037460842732930813,-0.0009952599764749763
0.17619766603745954,-0.3396100920888608,-0.21744315540425072,-0.18263826400002459,0.07168046716594607,0.029075037081470724,0.016668316263621665,0.042253351791832094,0.9602304245356647,0.0008972033556962288,0.0005508060933667677,-0.001334870068563837
0.2829556117977662,-0.22005540776043928,-0.12394201972822848,-0.17614418752755545,0.13719423243367695,0.006294965764268417,0.01966507407972915,0.03754754782358456,0.964097041700656,0.0007732613359680003,0.000833761705164534,-0.0015549254763242764
0.4046586178394591,-0.26024781537228814,-0.10649482605752933,-0.1991797922906134,0.10304055971415559,0.09403654453929872,0.02246847247905734,0.03854660099794752,0.9597842731236594,0.000666766509910471,0.001238420323003993,-0.0018151732916965643
0.4498832576083869,-0.0835675915718858,-0.11414565632438749,-0.1685070526359388,0.0825337900177996,0.11867492252714039,0.018240266675082342,0.030714828128970827,0.9555738158148083,0.0005526208535860835,0.0016883035806123797,-0.0018987408832684502
0.39303754199235935,-0.00353795661785479,-0.09012458799694979,-0.1509584482174474,0.08489458970588025,0.06182287081565672,0.017510565960520533,0.03927430222317847,0.9621097602832142,0.0004624962655891337,0.0020813411226047393,-0.0019022788398863053
0.3694331117147015,0.031661055549066605,-0.00315238250428973,-0.11684187138155044,0.09534262248494281,0.09535434885016193,0.01843297830365836,0.03403485789820314,0.9541854905279797,0.000459343883084844,0.0024507742343194408,-0.0018706177843372384
0.46268062881827665,0.26880882042443666,0.04933017333821909,-0.0739640127710894,0.0671258768292279,0.1072436102690077,0.01226439135223853,0.04323834430257765,0.9650434402271112,0.000508674056423063,0.0029134548631377178,-0.0016018089639128017
0.4849562581021397,0.1282234249336621,0.047462239066290136,-0.002151822151445876,0.048961367820654404,0.1028516533834119,0.021449389935216428,0.04383010310978781,0.9662337833368009,0.0005561362954893532,0.003398411121239857,-0.0014735855389791397
0.6221153404428963,0.3372507631451155,0.05223859272838612,-0.030820113568794834,0.009823436001811625,0.07312330303666933,0.020050696716598135,0.03674043520911616,0.9667241423372694,0.0006083748882177394,0.004020526461682754,-0.0011363347758340243
0.6238700126048699,0.2548576390748215,0.1119914985415903,0.05265633108110032,0.018450176055198622,0.036485184076882116,0.019814928224767648,0.03827147752775256,0.9645853653425683,0.0007203663867593297,0.004644396474287624,-0.0008814771367592029
0.7176131882352801,0.3788479653258327,0.16931428372957721,0.11790320548791214,0.0023188076037688014,0.08213952846315052,0.011677064952624723,0.04700249064416077,0.9612172183411993,0.0008896806704889069,0.005362009662522904,-0.0005026291714333702
0.45192260010557567,0.38198498157572125,0.15724821381802065,0.14857037049355146,-0.03220797731637888,0.03938065271877754,0.021634704704909708,0.03475365291721533,0.9641291129101106,0.0010469288843069277,0.00581393226262848,-0.00012064418985764892
0.510046695926198,0.5326919995666914,0.09650031542694418,0.17217213872615644,-0.030979491915346866,0.04812731941967581,0.015752006187430626,0.04777834831614905,0.9626507044772687,0.0011434291997338719,0.006323978958554678,0.00041204780970904257
0.5173935866336513,0.45675132398074997,0.1322729612350248,0.2066653978880879,-0.04577550985539196,0.009099901611370132,0.0124677019052396,0.04629133056309235,0.9583088814146342,0.0012757021609688967,0.0068413725451883295,0.0008687991336897926
0.4633810282731837,0.3718529542450746,0.07450410966171865,0.1888627621544788,-0.013961472009132161,0.054839440814664096,0.02000809209864234,0.036324516996809685,0.9569020033955647,0.0013502062706306154,0.007304753573461513,0.0012406520879348671
0.25293208390601507,0.45305057278699606,0.17533268176000333,0.226443876025819,-0.03402864530485612,-0.04141324866744632,0.017989501370615547,0.0401087072187489,0.9634141423839347,0.0015255389523906187,0.007557685657367527,0.0016937026607218631
0.3439715537237357,0.3226333480942546,0.07558689548413211,0.2915375591028133,-0.08667945053101689,-0.021039271194766625,0.01911781474309494,0.03068710763467125,0.9670679956581146,0.0016011258478747508,0.007901657211091264,0.0020163360088161176
0.23633965249734853,0.3787744414337628,-0.029066802018605953,0.2472448291729062,-0.07681649754963712,-0.11317748367947592,0.012241217688668017,0.03546330837603062,0.969320680843361,0.001572059045856145,0.008137996863588612,0.0023951104502498806
0.16560598473006904,0.3272773244836831,-0.0037798681093015505,0.19326736275107334,-0.0754314487049057,-0.07874339694280348,0.017091339386665738,0.038643366405945616,0.9632887230415865,0.0015682791777468432,0.008303602848318681,0.0027223877747335635
0.16031630949393127,0.13984939303775118,-0.1584537394773099,0.18738829250222264,-0.05594099432549735,-0.11664430622530504,0.020396199603542796,0.037257526337199295,0.9669908662276975,0.0014098254382695333,0.008463919157812612,0.0028622371677713148
-0.05679782293703828,0.30435913427828376,-0.09764228619166702,0.205637540721153,-0.0428244479038464,-0.1371097163408485,0.02000743299128876,0.034125320083738656,0.9571316972653472,0.0013121831520778663,0.008407121334875573,0.0031665963020495987
-0.057684658012843934,0.13979902110263398,-0.17425005036708685,0.15008399113799853,-0.08575074136496105,-0.1541196416929014,0.009681841946910796,0.03952199158419758,0.9669501520666993,0.0011379331017107792,0.008349436676862729,0.0033063953231522326
-0.22170235225821927,0.14235597154014495,-0.15232870272879057,0.10169263710066997,-0.10342683265054632,-0.1200532499928282,0.022537368566383158,0.04218545087603531,0.9665517173002564,0.0009856043989819889,0.00812773432460451,0.0034487512946923776
-0.11803974450490844,0.08265054176858568,-0.21438294402832805,0.08328818751771809,-0.010553544852989687,-0.10686833477013293,0.017598002883962165,0.03537259576227113,0.9643076310881187,0.0007712214549536607,0.0080096945800996,0.003531401836460963
-0.2688711881895988,-0.07109575643049737,-0.20994502529838968,0.04821269815928111,-0.02218463638120887,-0.11978356204321212,0.013368600767414448,0.031220071473976867,0.9656032650418511,0.0005612764296552711,0.007740823391910002,0.0034603060800304656
-0.33433458450162507,-0.178838674157832,-0.2969647122702142,0.010195754104040562,-0.042893456862529475,-0.09212788805088123,0.01493145580769092,0.04506617470974141,0.9678583730671833,0.00026431171738505683,0.007406488807408376,0.0032814674058726334
-0.4025478367184237,-0.12033642347938764,-0.3052534507663377,-0.03484613599145125,-0.01868300818295126,-0.05797313354493724,0.006377034171380358,0.03864006260672071,0.963397670128957,-4.0941733381280875e-05,0.007003940970689952,0.0031611309823932465
-0.25974486301372884,-0.2652389148980529,-0.3090776344448738,-0.08573269536727757,0.008473088416257542,0.009673922679111288,0.013894670842125176,0.031884840420958606,0.9627659677693053,-0.0003500193678261547,0.006744196107676225,0.002895892067495193
-0.3164538066446086,-0.29068026491615495,-0.24147133788080227,-0.07912671946273253,-0.006337891997641633,0.025961419389332815,0.018327335258206606,0.03941410504527821,0.9577983161489183,-0.0005914907057069569,0.006427742301031616,0.002605211802579038
-0.2343250165612209,-0.16074929313970815,-0.267139784747627,-0.08758329248417232,0.020360638158269447,-0.021949835872643368,0.015953769945648167,0.04153912661992657,0.9639982076297381,-0.0008586304904545839,0.006193417284470395,0.0024444625094393302
-0.2258276891708309,-0.29005962563666815,-0.26458220973470287,-0.10870405607880641,0.011556423267258337,0.03829714349452663,0.016320360120986192,0.03604759017181591,0.9698897121658797,-0.001123212700189287,0.005967589595299563,0.0021544028838026623
-0.258555147381633,-0.2709599496353078,-0.10677251482389055,-0.13363480178955917,0.06037246259546753,0.0725418221806298,0.018476544081710924,0.03825161206218215,0.9663690083544616,-0.0012299852150131775,0.00570903444791793,0.0018834429341673545
-0.3599237915096692,-0.1694861196127494,-0.058037079506632186,-0.08540931687512082,0.07417786134794183,0.08618028224647578,0.01642684487031551,0.05129524159584605,0.9574660790180385,-0.0012880222945198098,0.00534911065640826,0.001713956814554605
-0.28524902336503644,-0.22230366633170415,-0.04252436535488471,-0.1592226064147107,0.06907602611875342,0.11820603023476775,0.014238528789306808,0.036307829348488585,0.9674032817027205,-0.0013305466598746945,0.005063861633043224,0.0014916531482229007
-0.20860732228605655,-0.2289800974716415,0.07840270196183581,-0.1656976211933796,0.0812628273221434,0.09807883206511946,0.026114293736158666,0.037318098081046074,0.9686529401425837,-0.0012521439579128587,0.004855254310757167,0.0012626730507512593
-0.08087966647372348,-0.12212940833245764,0.1833691067364418,-0.1633592499106702,0.004393498112385347,0.06062973584313779,0.01304151178285324,0.03326477973136965,0.9731807236263567,-0.0010687748511764169,0.004774374644283444,0.0011405436424188017
0.054321590286474014,-0.030694249567874837,0.21681715224942438,-0.1293834054406523,0.05588748999791686,0.1753497182790123,0.016514863997540426,0.02990366043235452,0.9618858320097021,-0.0008519576989269924,0.004828696234569918,0.0011098493928509267
-0.028923088066571245,-0.034028313946605535,0.23336407081376184,-0.038518519139386226,0.0667585208931501,0.20122732607544613,0.027296437296465338,0.03681305419660832,0.9686699749987788,-0.0006185936281132304,0.004799773146503346,0.0010758210789043213
-0.0727196694333948,0.05619877350960267,0.24905543235990815,-0.045671789332412664,0.04410246315175978,0.12117068449549011,0.01948485469575952,0.03467682285317074,0.9713337230924214,-0.0003695381957533224,0.004727053477069951,0.0011320198524139241
0.11331927688615054,0.08658832721007716,0.40412475698187117,-0.016604157038356923,0.01461424763265087,0.10892865364720443,0.026021173977577475,0.0399465719437796,0.9667267496854486,3.458656122854881e-05,0.0048403727539561014,0.0012186081796240012
0.16812118750119198,0.08608804421083584,0.2830760237194341,0.018061327285667873,0.07672000678040931,0.16180265428475743,0.013489886343509854,0.04531809398542736,0.9653835145505313,0.00031766258494798287,0.0050084939414572925,0.001304696223834837
0.13774438062083894,0.05886664109282708,0.2878262991707203,0.029280585965730178,0.03904460065688051,0.10648343781935042,0.011455176658408488,0.038687995970330964,0.9673065381501632,0.0006054888841187032,0.005146238322078132,0.0013635628649276642
0.26208194428258325,0.28647001010781914,0.27508715286643076,0.05402161645453368,-0.012732627697844463,0.06968234964257837,0.011359802984276511,0.04672607321874471,0.9672726951588202,0.0008805760369851338,0.005408320266360715,0.0016500328750354834
0.19440743988816553,0.2672899446158053,0.30302659034153534,0.1149570428114037,0.014386152463097327,0.08621383038793393,0.01702775728475403,0.02662665846581059,0.970188288625352,0.0011836026273266695,0.005602727706248881,0.0019173228196512884
0.22010078967224211,0.26496543509899073,0.112543177923254,0.11003510053011634,-0.061849264639779016,0.06809691418294689,0.02843535272241331,0.03426919514302798,0.972985305310699,0.0012961458052499234,0.005822828495921122,0.0021822882547502796
0.42635157715500904,0.2365344706222586,0.12482953458316254,0.09958065416105946,-0.03871046133579539,0.0642682950685488,0.012702049111943302,0.042665449874455974,0.9660555298383021,0.0014209753398330858,0.006249180073076131,0.0024188227253725382
0.3425434414858651,0.27915572521879767,0.0563267875325033,0.12894487953255543,-0.106426972686485,0.0034685640540661304,0.016571188455275204,0.036914452515071076,0.9603699443685836,0.0014773021273655892,0.006591723514561995,0.002697978450591336
0.45232812216988627,0.19715846027049083,0.12726888113895296,0.16581727660675502,-0.05439263201103626,-0.026012173996262176,0.008178130871305159,0.04736880559252454,0.9650727832549152,0.001604571008504542,0.0070440516367318825,0.002895136910861827
0.3251830369655628,0.2301398164614658,-0.18336168735971803,0.14273226700344327,-0.13588972457927634,-0.02979510465010997,0.019280009051131967,0.046452192717443906,0.9647495904311452,0.001421209321144824,0.007369234673697445,0.0031252767273232925
0.3300195768427084,0.13671450700484883,-0.20994193520650323,0.16722605542986196,-0.0848859203268377,-0.031683541188373195,0.006589421714288026,0.0503188194978785,0.967291569893397,0.0012112673859383206,0.007699254250540154,0.003261991234328141
0.3817644233275304,0.035536602903151894,-0.18829345918317664,0.12800786139048914,-0.08023966202844868,-0.0784549044319136,0.013623107131503626,0.04264560373220591,0.9603613881591306,0.001022973926755144,0.008081018673867684,0.0032975278372312936
0.1695638896594014,0.150114414410158,-0.16030997610261835,0.08774055149770234,-0.04442630969185843,-0.04882575292927762,0.026743233066466462,0.037459316822368485,0.9702101519042112,0.0008626639506525256,0.008250582563527085,0.0034476422516414515
0.2622680472581462,0.024046709842556253,-0.13913064048946477,0.07441745466103705,-0.13499669688840082,-0.10672121973646563,0.011757115723448931,0.046267585955553844,0.9711848034347204,0.0007235333101630608,0.008512850610785234,0.0034716889614840075
0.16560181299563692,-0.007210425131811082,-0.23323324650583868,0.020157610916176204,-0.09403329902070029,-0.1503372916630497,0.005936645862054835,0.04372519355424651,0.9657564703987974,0.0004903000636572221,0.008678452423780871,0.003464478536352196
0.06422134669245216,-0.0953137366765344,-0.2739534643427943,0.0067490720731338705,-0.17859180737651917,-0.0743818052978199,0.01551209462557292,0.04057961526215467,0.9630872510059985,0.00021634659931442786,0.008742673770473322,0.003369164799675662
0.022571540848094096,-0.26639001336887286,-0.14685827568385657,-0.021799768534167725,-0.05004364902344204,-0.0712823175188069,0.01733875909484322,0.03802554441424476,0.9678305625003015,6.948832363057129e-05,0.008765245311321416,0.0031027747863067888
0.020838305590590116,-0.29938575561687747,-0.2202185937061658,-0.0878362188967392,-0.04721628710874307,-0.05980264866573896,0.012028109916814142,0.0361937611649697,0.9691104354494116,-0.00015073027007559455,0.008786083616912008,0.0028033890306899114
7.847084478466992e-05,-0.28180874521232246,-0.2014948165485979,-0.09834946635506275,-0.10507633496624036,0.017776863178561704,0.015008141867248413,0.04368396151000421,0.9651044423957408,-0.0003522250866241925,0.008786162087756792,0.002521580285477589
-0.03086576078414313,-0.3904083666357513,-0.11968776619489983,-0.09448489210764205,-0.10884039851828056,0.01834181418731936,0.012287861414302576,0.04245360770585249,0.9700317769587604,-0.0004719128528190923,0.008755296326972648,0.0021311719188418375
-0.21700048074677133,-0.47527031042874807,-0.1725873715173462,-0.1584910191088667,-0.06561657871026413,-0.03625949737146464,0.01112213137078141,0.02712924786666572,0.9663292898578073,-0.0006445002243364385,0.008538295846225877,0.0016559016084130894
-0.2162921554472869,-0.426587366277283,0.015034002932626994,-0.19972364266127152,-0.014166961736735217,0.022022325401982155,0.009237646803897584,0.036556791946296754,0.9635760457558503,-0.0006294662214038115,0.00832200369077859,0.0012293142421358064
-0.19626652172118672,-0.3185526559629047,0.0401870714125567,-0.15369605431579306,-0.0463569920253919,0.06695885648985203,0.012587724252808354,0.03913731551555589,0.9645030767506704,-0.0005892791499912548,0.008125737169057404,0.0009107615861729016
-0.3695086034051544,-0.403553351423666,-0.06665305010791528,-0.21698697503433048,-0.047779212490052625,0.05206731404160849,0.012546389361220378,0.04707124454029637,0.9647418880067476,-0.0006559322000991701,0.00775622856565225,0.0005072082347492357
-0.37035678807768097,-0.504093382816202,0.09890905740849396,-0.1570634664379939,0.015567842344929951,0.014637105934535771,0.00966271503448974,0.03177740274150739,0.9632777572699204,-0.0005570231426906761,0.007385871777574569,3.1148519330336243e-06
-0.48732850464680433,-0.4007679087849738,0.13297800696893833,-0.2059902937525646,0.06084354358809275,0.09205778854645272,0.008860193929049864,0.03744552339248438,0.9680132709450758,-0.00042404513572173773,0.0068985432729277655,-0.0003976530568519402
-0.3653447125738395,-0.2178239420221674,0.10584920305007137,-0.20368830671931804,0.08863773640005508,0.14205262870651397,0.004145306458155319,0.04305017485026009,0.974283397475411,-0.00031819593267166636,0.006533198560353926,-0.0006154769988741077
-0.5216603553884958,-0.2606098835996222,0.03073541077624667,-0.17598848361556366,0.0379523984555998,0.12721053814007072,0.007102982593421169,0.044499263706239356,0.9655460366241364,-0.0002874605218954197,0.00601153820496543,-0.0008760868824737298
-0.6461149990370845,-0.28758211486212143,0.18146999195646227,-0.12094362306930563,0.033389932353623426,0.08028994877005595,0.019169747817829954,0.04219277535311151,0.9709985392810507,-0.00010599052993895744,0.005365423205928345,-0.0011636689973358514
-0.4630507668591629,-0.08676048809078482,0.09889093285183392,-0.1816247890127601,0.05402902366560079,0.10940061540358567,0.022401368587246173,0.04199633241089077,0.9726644756667883,-7.099597087123516e-06,0.004902372439069182,-0.0012504294854266361
-0.46045234892857434,-0.05371737840138827,0.15243920483372372,-0.17625463095734611,0.12582686595304515,0.09914808266661358,0.00779156005531768,0.0386279246377399,0.9753384407507811,0.00014533960774660022,0.004441920090140608,-0.0013041468638280243
-0.4152657711283396,0.12765174247090805,0.03152581716311681,-0.11518324220015964,0.08677385221782531,0.07981732177982233,0.00827015625294566,0.046474828196844405,0.9699825127318612,0.000176865424909717,0.004026654319012268,-0.0011764951213571163
-0.5570030735644286,0.1254715993546714,0.014684003608380524,-0.047226589274101734,0.09067505039116101,0.06898035027680031,0.020743581458605467,0.04231001548928487,0.9611329210415146,0.00019154942851809756,0.0034696512454478394,-0.0010510235220024448
-0.44145986450896835,0.3325363632216556,-0.11616477261481127,0.010922948547087613,0.08074527712073418,-0.026057685997332804,0.01475920234147917,0.036262078259423666,0.9591067492654726,7.538465590328627e-05,0.0030281913809388707,-0.0007184871587807893
-0.48588455823290905,0.23819282318824253,-0.013467823539049115,0.07066358321088387,0.0015647898437495568,-0.03307903249363726,0.009528987379332297,0.04187093181903233,0.9604835119880339,6.191683236423715e-05,0.0025423068227059618,-0.0004802943355925468
-0.4706877439993128,0.4049615470087409,-0.164504489475665,0.06663954051864032,0.08283807101723319,-0.04618538319808037,0.016765925241490277,0.04397985141964937,0.9609097815906065,-0.00010258765711142788,0.0020716190787066486,-7.533278858380588e-05
-0.276439397167999,0.38260772209461164,-0.3157727517152705,0.1268709785340918,0.08053104146075893,-0.09712915739436069,0.0028746812420527637,0.030293132498213887,0.964284283867279,-0.0004183604088266984,0.0017951796815386498,0.0003072749335108058
-0.17311697790904507,0.3860575909051478,-0.28121190288646675,0.1706386211632338,0.0986536067806692,-0.11543118667772305,0.01273820122851474,0.04179633242913668,0.9644416525530481,-0.0006995723117131651,0.0016220627036296047,0.0006933325244159537
-0.12769192594819626,0.4226488521070859,-0.358490792315756,0.18213700781371625,0.058547277432499364,-0.08724356108162486,0.0028750203394893835,0.04212200551101547,0.9697740553922286,-0.0010580631040289213,0.0014943707776814085,0.0011159813765230396
-0.00590308639411426,0.3764133287745107,-0.2894492207737187,0.2045269110275378,0.060001060287035266,-0.076436104522272,0.025975551055486795,0.040135713646619324,0.9706883050296605,-0.00134751232480264,0.0014884676912872942,0.0014923947052975501
0.11027045067533835,0.509278393705018,-0.2544669198048655,0.215566668053816,0.0284769150675658,-0.15486245135540344,0.01866289545817804,0.03875676951362388,0.9561924470322519,-0.0016019792446075054,0.0015987381419626323,0.0020016730990025686
0.3138699352357385,0.37784355937220027,-0.29896167661546147,0.30890580233073417,0.053582571049455394,-0.1445190606250514,0.012095884909055927,0.0454721673310205,0.9612486997521215,-0.001900940921222967,0.001912608077198371,0.0023795166583747687
0.21534476417771642,0.4854628144071382,-0.25712146842032213,0.22208241626346187,0.02748662975427285,-0.12840893822328736,0.010369319039460652,0.041370769385970715,0.9648102227408698,-0.002158062389643289,0.0021279528413760875,0.002864979472781907
0.15326300074756707,0.39026666662584303,-0.32870739537871063,0.2943007775870635,0.019847959730788352,-0.13546393332899465,0.012173705609243421,0.03577826741231372,0.9653129435512844,-0.002486769785022,0.0022812158421236547,0.00325524613940775
0.2537170447257866,0.27826375339942333,-0.24202725436502262,0.23981345187365813,-0.04605461730374933,-0.10908100928878976,0.012546749889527538,0.03385876739347246,0.969297273596946,-0.0027287970393870225,0.0025349328868494413,0.0035335098928071735
0.41248868193574556,0.24479806130436454,-0.1714912300020616,0.20604859210554885,-0.016156018689008025,-0.09726081420959076,0.010923759470284596,0.04988866737605026,0.973912290151061,-0.002900288269389084,0.002947421568785187,0.003778307954111538
0.46259651881140895,0.20472571583618845,-0.11196959404980358,0.15411981571027478,-0.0285335598369271,-0.08410795777943708,0.007896002480960267,0.044116973705618276,0.9618003145225834,-0.0030122578634388876,0.003410018087596596,0.003983033669947726
0.49369987682154864,0.1473862676799648,-0.1245682719348433,0.15188043150164504,-0.052701354224915314,-0.09460675627713959,0.009015600425537553,0.044555751029156314,0.9840347483783581,-0.0031368261353737306,0.0039037179644181444,0.004130419937627691
0.6931590171131474,0.15427115716193834,-0.07670568287317714,0.058637391159821424,-0.08321938931420127,-0.008368007878153722,0.014909245793790472,0.04023026894234486,0.9700971172335608,-0.003213531818246908,0.004596876981531293,0.0042846910947896295
0.5250890586438771,0.07421285591491081,-0.0011834822934574663,0.04720309964944737,-0.028664839378994132,0.01694337747946867,0.010101409405221083,0.0370548489340332,0.9603227119896179,-0.003214715300540365,0.005121966040175169,0.004358903950704539
0.5540580201656378,-0.21684145054735338,0.18460278527521695,-0.0020795476725101276,-0.07082485013342045,0.0833879627232714,0.013170578808278512,0.04296330272005142,0.96760209638149,-0.0030301125152651484,0.005676024060340807,0.004142062500157187
0.6106043908752206,-0.06666420476575617,0.21869455298457086,0.03617824746143582,-0.04572646598520137,0.07774524059562916,0.013699134193308855,0.05086144407427496,0.9649092274253703,-0.002811417962280578,0.006286628451216027,0.00407539829539143
0.48918913836573497,-0.16699219221496883,0.27438624758380703,0.0005258160594401387,-0.05505708228019722,0.11868496219422763,0.007488276257984287,0.03893447306001336,0.9571612621834491,-0.002537031714696771,0.006775817589581762,0.003908406103176462
0.47215259514366753,-0.29416249001026307,0.20735849143187657,-0.057338060280607374,-0.036844622659104216,0.05496164205747142,0.011702556690406297,0.033004014971884016,0.9666179456706736,-0.002329673223264894,0.007247970184725429,0.003614243613166199
0.5634379065013111,-0.30238973231667166,0.3180824296355584,-0.1082615021688388,-0.03626411526182765,0.14373570257708007,0.01706733167749278,0.03919786744158707,0.97189945458181,-0.0020115907936293356,0.007811408091226739,0.003311853880849527
0.46444253542409747,-0.19733432372728704,0.33055360971343056,-0.14526903550790582,-0.06575562176174456,0.09002644110528478,0.012601278503957643,0.03901373747591905,0.9674223503271387,-0.0016810371839159053,0.008275850626650837,0.0031145195571222403
0.40702881627642234,-0.23560367717705688,0.1898556704702904,-0.09410714688262517,-0.06494791146674667,0.1675118452470285,0.008581868228494861,0.04487814609266955,0.9726212703065424,-0.0014911815134456146,0.00868287944292726,0.0028789158799451832
0.24162836976108665,-0.24746000858983228,0.2311358076657189,-0.13617603611711182,-0.024110940958621912,0.1528107443798593,0.008504533857864613,0.043608569197822564,0.9624710430419048,-0.001260045705779896,0.008924507812688345,0.002631455871355351
0.39179912194479116,-0.11183787939730057,0.22011517126046987,-0.11783074032353126,-0.015733603091108907,0.16931160339133589,0.005477003405090321,0.0377857184263931,0.9756074417296036,-0.0010399305345194258,0.009316306934633136,0.0025196179919580505
0.36105900582318784,-0.1889964109212623,0.26160101257947305,-0.12188613782217635,-0.016060667108762115,0.16861742913461253,0.014159792556336304,0.03662381074020584,0.9735240313655762,-0.000778329521939953,0.009677365940456324,0.002330621581036788
-0.036230865734385526,-0.05034578569787207,0.1854256952701904,-0.1369110565524845,0.035066812091504085,0.1445928416878922,0.009425878599232147,0.032674850480049755,0.9736385307750441,-0.0005929038266697626,0.009641135074721939,0.002280275795338916
0.01910304856381774,-0.3227622229849528,0.21907170204208298,-0.11096862725975722,0.019440056156154868,0.08696684975305931,0.01154168417211164,0.04249465325298961,0.9568929554636482,-0.00037383212462767954,0.009660238123285758,0.001957513572353963
-0.06064599142518728,0.10042939333371567,0.006927736128790361,-0.03391256541176431,0.08528814149284905,0.09123345495018934,0.010463296695773387,0.03609771557403457,0.9703069405506034,-0.00036690438849888913,0.00959959213186057,0.002057942965687679
-0.10388993953959128,0.10642281139080983,-0.1917794867292141,-0.09298471453500082,0.08368656357129972,0.04596034525820681,0.018354438578812138,0.038915907636310004,0.9715363112882007,-0.0005586838752281033,0.00949570219232098,0.0021643657770784885
-0.16947786330029013,0.053167061284345646,-0.045731517537695804,-0.07214339597635128,0.1078511599328911,0.06496578199377905,0.007198264588228088,0.036557043689080755,0.9760199843432267,-0.0006044153927657991,0.009326224329020688,0.0022175328383628344
-0.2743687995126079,0.10274495169297435,-0.24551353298730438,-0.01095226784253734,0.05023765625133098,0.04492411982677386,0.00940513832249993,0.040091262371057985,0.9617422341842836,-0.0008499289257531035,0.009051855529508079,0.0023202777900558085
-0.25803141494276033,0.15695501572618972,-0.1358970573558127,0.05465121526541613,0.042410154665475604,0.014860852133013377,0.010538910321796293,0.041736545723633445,0.9693097360672197,-0.0009858259831089162,0.00879382411456532,0.0024772328057819978
-0.36516491931312306,0.299382774427816,-0.21140390946035487,0.05352959854288738,0.032607537842587,-0.00971358719500688,0.013590931653630386,0.037902879385117216,0.9771925142383502,-0.0011972298925692713,0.008428659195252196,0.002776615580209814
-0.3620503674643229,0.27937386699453426,-0.22504671816963684,0.10485838330521703,0.0464883232380608,-0.043841380514972814,0.006959088302260557,0.03466960677861122,0.9639018840599208,-0.0014222766107389081,0.008066608827787874,0.0030559894472043485
-0.2880257454183335,0.20575510296869684,-0.21281052367529912,0.12290869567954217,0.08822756138529839,-0.07693192672388297,0.003812251423691137,0.04226008948881307,0.9786839434255727,-0.0016350871344142073,0.00777858308236954,0.003261744550173046
-0.4146039355307022,0.2668545946095002,-0.21889719697259638,0.10254097120902804,0.05175358917928168,-0.09488112251484533,0.0025250190232833604,0.04071827241557148,0.9591795965509016,-0.0018539843313868033,0.0073639791468388385,0.003528599144782546
-0.3302454703572882,0.32358987706465747,-0.28726095165478505,0.10361035752510288,0.024682973441455158,-0.1257591822362744,0.011447861351371665,0.027949695812002802,0.9714033745125868,-0.0021412452830415884,0.007033733676481551,0.0038521890218472035
-0.23871778606064314,0.312042841908062,-0.04185423847758553,0.12285965754524492,0.11121059651225958,-0.09804487769035823,0.010028443931540478,0.03491194676178441,0.9698607203016891,-0.0021830995215191737,0.006795015890420907,0.004164231863755265
-0.3070827900906849,0.3157120998563133,-0.04733947411535737,0.20763959274321458,0.04023392488352995,-0.0909107191435953,0.011711157032383577,0.033920950978507496,0.9702523895676222,-0.0022304389956345314,0.006487933100330222,0.004479943963611579
-0.2612470489316028,0.15059157014666935,-0.059920592511862006,0.1649920045126548,-0.015770743286247158,-0.08653887925694752,0.009852169762608226,0.04093532382237161,0.9778833484046134,-0.0022903595881463936,0.00622668605139862,0.004630535533758248
-0.1851969651257534,0.10040312918766427,0.06990745052752018,0.09451628994007011,-0.013724892482574157,-0.03150350336677334,0.012055747001793807,0.03626753509816922,0.9679141139420876,-0.0022204521376188733,0.006041489086272867,0.004730938662945913
-0.18989012271879807,0.15810493564873812,0.059934257390386075,0.11325934538493745,-0.03728879402711072,-0.02838493741142859,0.011290441062767869,0.04170448048443827,0.9725795898325776,-0.002160517880228487,0.005851598963554069,0.0048890435985946504
-0.18273524443646502,-0.010977834155416026,0.19849575499713124,0.109309497166088,-0.06698008500544317,-0.016592323416453066,0.010098648249671814,0.04934107899109022,0.9720129544477288,-0.0019620221252313556,0.005668863719117604,0.004878065764439235
-0.05663148875285036,0.005591308414643767,0.25509679195658197,0.023627614048527756,-0.050487777114882414,0.012365850261482758,0.007672199167875681,0.040910810388351815,0.975526774310883,-0.0017069253332747736,0.005612232230364753,0.004883657072853879
-0.07328040894300768,-0.14486151859856358,0.1357470873976344,0.05130751699873278,-0.09541458351852732,0.03641244827515991,0.008902352473578266,0.03439269269114195,0.9664136616634056,-0.0015711782458771393,0.005538951821421746,0.004738795554255315
-0.06270118154923121,-0.25776643629963025,0.2062938644136666,-0.004549693587204129,-0.09010854422876573,0.07187119679862597,0.011931731138936015,0.0383997250633939,0.9734274082614296,-0.001364884381463473,0.0054762506398725146,0.0044810291179556835
0.11765901326092756,-0.28837938698769927,0.23827983281855147,-0.03106809089456023,-0.1299920390699914,0.033453762223959876,0.011361019944676384,0.03333374358445376,0.9684705717515657,-0.0011266045486449216,0.005593909653133442,0.004192649730967985
0.13392498081605952,-0.3314684161163051,0.2825545258717316,-0.07213895307758715,-0.07333399512308103,0.019736106739693282,0.011102154637187021,0.04377826618601312,0.9762196221810714,-0.00084405002277319,0.005727834633949502,0.0038611813148516794
0.14475784230228209,-0.4551899019547871,0.03086106222290559,-0.11315744990029,-0.06766865210090404,0.11178623484069228,0.008151458281581982,0.0369473564243387,0.9679604910635348,-0.0008131889605502842,0.005872592476251784,0.0034059914128968926
0.33444032917385647,-0.36293368460901676,0.09876600761996537,-0.1454618528394774,-0.08399688984118012,0.07659304043193683,0.005869817604468724,0.0326350918578366,0.9756109072909017,-0.000714422952930319,0.006207032805425641,0.003043057728287876
0.294831819825938,-0.3760942793489528,0.02236583136720132,-0.15110823541150561,-0.0844633188071927,0.09957724019158024,0.01255947118096512,0.040039771676752205,0.9672862890788195,-0.0006920571215631177,0.006501864625251579,0.0026669634489389226
0.36450136413357975,-0.47708599966202636,-0.04484455387560295,-0.14574975957288303,-0.11739518358044407,0.17063654653574623,0.002755324372681272,0.03665548738720633,0.9672379146710578,-0.0007369016754387206,0.00686636598938516,0.0021898774492768963
0.3393869282912938,-0.31357940126283074,-0.007585582619274965,-0.23201588357310424,-0.11180858376290594,0.17260438429678499,0.010325914493155662,0.0440917493816574,0.9661964534596077,-0.0007444872580579956,0.007205752917676453,0.0018762980480140656
0.4099407215541291,-0.3680621568734616,-0.15586003250746627,-0.24760813598827136,-0.11429967863145685,0.09690230135586606,0.00647630296237302,0.04044632052305762,0.9682374215919514,-0.0009003472905654618,0.007615693639230582,0.001508235891140604
0.30848235996088724,-0.3489990875703477,-0.05649112929760082,-0.1770685885057633,-0.02465626933671118,0.09802493730809503,0.006914831524336056,0.037008035052040165,0.9689069313170892,-0.0009568384198630627,0.00792417599919147,0.0011592368035702562
0.24095047202696124,-0.29164403833348246,-0.12040186360322676,-0.19616475339914066,-0.09604813882492633,0.07908959075828846,0.0027434967653668105,0.04233090289635351,0.9623120834172539,-0.0010772402834662894,0.00816512647121843,0.0008675927652367736
0.2807886590966049,-0.31032023279122484,-0.2642897554516668,-0.20707221454482594,-0.08663071808302872,-0.016917927884247078,0.009919376323252767,0.04296701761304154,0.9727259473524287,-0.0013415300389179562,0.008445915130315035,0.0005572725324455487
0.35440051693046953,-0.2766237756974399,-0.40498598359334975,-0.1677810964473201,-0.09006123202499759,0.0012764695404446826,0.01141846604518579,0.03619599815993295,0.9735684136824639,-0.0017465160225113062,0.008800315647245505,0.0002806487567481089
0.1652824839505111,-0.2619137129198005,-0.40018419733495275,-0.1491387262781496,-0.004393119945103958,-0.007294460274151463,-0.005727555584803064,0.04154064299197831,0.9661325261833755,-0.0021467002198462585,0.008965598131196016,1.8735043828308376e-05
0.22787976565787915,0.05078563723291178,-0.23937330470634843,-0.15512483651429992,0.006348746297508805,-0.03718911180833706,0.006420686788415212,0.04258211825566105,0.971272460285423,-0.0023860735245526074,0.009193477896853895,6.952068106122015e-05
0.1925612964864966,-0.04887769372905651,-0.33363528268102993,-0.0750412631682284,-0.035903175015580546,-0.06817651042117542,-0.00013218686473714242,0.03188679536378792,0.9658007130076468,-0.002719708807233637,0.009386039193340393,2.0642987332163645e-05
0.1959045865482041,0.08832704887276417,-0.16885646721615463,-0.06574210741354702,-0.015257666046063288,-0.053080979800888765,0.00041831223362149596,0.03589232409831155,0.9659298952719801,-0.002888565274449792,0.009581943779888597,0.00010897003620492783
0.11568968911279356,0.19873935618268146,-0.19581370630594952,-0.027678759373715868,0.03282784325835582,-0.09443792216163249,0.004519073255856817,0.03241001525266663,0.9747713034604607,-0.003084378980755741,0.00969763346900139,0.00030770939238760936
-0.08549306498320525,0.25859712465275514,-0.025171366913053966,0.09872636109117537,0.048587752836592876,-0.1999092487696962,0.0028104197575650456,0.04635671295479644,0.978530421160304,-0.003109550347668795,0.009612140404018185,0.0005663065170403646
-0.15795266785930095,0.36594647768006405,-0.058029645840975086,0.09293779115830242,0.014617025674131277,-0.12310719247729561,0.010239755059666636,0.041426556240124784,0.9771679253951367,-0.0031675799935097708,0.009454187736158885,0.0009322529947204286
0.010385905336570744,0.3933109208846305,-0.03444968684539121,0.11927496800397157,0.10047670114475364,-0.1592953367619553,0.014986798575202787,0.039633377381784504,0.9646740793841178,-0.003202029680355162,0.009464573641495456,0.0013255639156050593
-0.08757776444591267,0.3962045246894044,-0.05863971691350113,0.11253327956836258,0.11714426353524597,-0.15419358811966163,0.010362356708391883,0.0350094643562812,0.9716067810889102,-0.003260669397268663,0.009376995877049543,0.0017217684402944637
-0.37963129139485097,0.39343294784825583,0.07887338008115277,0.15810862387762756,0.057816963926212876,-0.06899407490562656,0.015857933528284657,0.03457833824172283,0.9794569419575044,-0.00318179601718751,0.008997364585654692,0.0021152013881427195
-0.4136169038996195,0.5210919443031646,0.09059148411176135,0.23001587747876134,0.13453068119827433,-0.13098459932530476,0.005888971909329131,0.027054430988202254,0.9756586638602397,-0.0030912045330757486,0.008583747681755073,0.0026362933324458842
-0.3636911412989188,0.3855790377471578,0.25563622763426785,0.18296008390156357,0.09579508165431523,-0.10085948499809884,0.005088388083048726,0.036882832399711914,0.9776411087477277,-0.0028355683054414813,0.008220056540456154,0.0030218723701930417
-0.5711407462503468,0.5572554022822682,0.13032113610896395,0.2449548414292418,0.09081520970490228,-0.12596661505953333,-0.0006374964518596265,0.03298633153679058,0.980348182830491,-0.0027052471693325172,0.007648915794205808,0.0035791277724753104
-0.5256562245230089,0.4246360464068037,0.21451207881575912,0.21750876464319333,0.0977579324088951,-0.05367755635648592,0.002933888439888258,0.03993180071859394,0.9825621461159841,-0.0024907350905167577,0.0071232595696828,0.004003763818882114
-0.5455685045872131,0.30756315293488634,0.3530123642951791,0.269322998220166,0.08222488491809589,-0.03176346147899633,-0.0037382798388492424,0.04036832415926442,0.9689355320263487,-0.002137722726221579,0.006577691065095585,0.004311326971817
-0.5270198992474739,0.2771270434476745,0.24437501899209552,0.22637522742733235,0.10881050140147569,0.08084726423056322,0.00867232854613797,0.03923212265373717,0.9650859342476299,-0.0018933477072294832,0.006050671165848112,0.0045884540152646746
-0.484629166874354,0.34189132922494625,0.3596104787171279,0.256245234826503,0.13732610133900044,0.10624529506733914,-0.00173595086976686,0.0351152347951505,0.9894035627098091,-0.0015337372285123552,0.005566041998973758,0.004930345344489621
-0.44825001448176216,0.14299824900355487,0.32690655129689844,0.11077550168500735,0.0226037129317217,0.050803512697927634,0.0021085773380427214,0.037509933100013514,0.9709228953382343,-0.0012068306772154568,0.005117791984491995,0.005073343593493176
-0.577262320427189,0.1573009478357915,0.2792151679662433,0.17553222479019587,0.050420827351752975,0.14819229145484902,0.00037209761104075624,0.04226330124179668,0.9706144563799245,-0.0009276155092492133,0.004540529664064806,0.005230644541328967
-0.5508092427083023,0.04017795016451626,0.30815185164232234,0.10976407588801475,0.0028624687610857933,0.12567296842044368,0.005691477283517651,0.037276812409755763,0.9711442815261355,-0.000619463657606891,0.003989720421356504,0.005270822491493484
-0.4199866629931342,0.010002350264614577,0.13111758948077973,0.09777397947649825,-0.009631475612210666,0.11501660167232308,-0.0008062967177477733,0.0440139770200205,0.9796768900089337,-0.0004883460681261113,0.0035697337583633693,0.005280824841758098
-0.33321437570897494,0.03182587370748813,0.08035789271598408,0.09964490531066054,-0.015237810667730922,0.14462649189407256,-0.000928371829935987,0.033803576781084275,0.9718328581058993,-0.00040798817541012726,0.0032365193826543945,0.0053126507154655864
-0.3552801549307507,-0.1411618206676306,0.09992122580124302,-0.004778046829676001,-0.013819605836049915,0.13578510583676148,0.005553983303871571,0.034529580386196454,0.9780878561930748,-0.0003080669496088842,0.0028812392277236436,0.0051714888947979555
-0.21827917158097782,-0.08647119432668474,-0.032507347431553056,-0.010150857960320668,-0.017765905636389447,0.12449769255164546,-0.001969487800217173,0.032838094079849584,0.9777139682456633,-0.0003405742970404373,0.002662960056142666,0.00508501770047127
-0.20924095156394973,-0.22243065699614273,-0.09177223830248762,-0.04131174628609509,-0.03952488162735519,0.15258710430983055,0.0065756434555458015,0.03435265484027225,0.9707639758494344,-0.0004323465353429249,0.002453719104578716,0.004862587043475128
-0.13671859889778326,-0.27575925906870785,-0.040842110594108784,-0.15064307398699628,-0.049143589973716956,0.14673168912262582,0.007782392980502586,0.027199818175918173,0.9740517001594812,-0.0004731886459370337,0.002317000505680933,0.004586827784406419
-0.09802972663604162,-0.21093333660492905,-0.04034272274206402,-0.10624552152003121,-0.08995747075878205,0.12063591656892399,-0.006781369866753673,0.04029975776078337,0.9685592906509914,-0.0005135313686790977,0.0022189707790448913,0.004375894447801491
-0.06894546233629927,-0.2487017100001348,-0.20026787639730884,-0.07516958789065821,-0.04542448243715914,0.1496886419717645,0.013906138183476328,0.034757349695708456,0.9777680513750143,-0.0007137992450764064,0.0021500253167085924,0.004127192737801356
0.017629551841188446,-0.15863879739168876,-0.14672539293449705,-0.09951233213408338,-0.051733823985530496,0.0679659352738199,-0.00011478292041392467,0.025624618700522378,0.96309301759635,-0.0008605246380109035,0.002167654868549781,0.003968553940409667
0.12819513510867614,-0.27320913852961337,-0.18775052587033858,-0.1295138116534047,-0.05188528777425448,0.06735433092427331,0.004146011926425356,0.02875255086635615,0.9722527844224966,-0.0010482751638812421,0.002295850003658457,0.003695344801880054
0.2844378192613186,-0.26624638468312295,-0.18282925098955294,-0.09419359472603261,-0.07885411953634908,0.08613237794637647,-0.0025079562880257083,0.03286275891477335,0.9722716085311092,-0.0012311044148707953,0.0025802878229197754,0.0034290984171969304
0.36098017836993124,-0.0827642731593711,-0.18516347693512578,-0.18514025545861656,-0.10805725668577504,0.013208861468234422,0.005475188375363561,0.0383686538571777,0.9762765939964834,-0.0014162678918059211,0.0029412680012897065,0.003346334144037559
0.38841031058884595,-0.19423414852416437,-0.14917776250992967,-0.13490253126014481,-0.06493574946893678,-0.026118423209856495,0.009248831910481533,0.03729810192287893,0.9740544453137787,-0.001565445654315851,0.003329678311878553,0.0031520999955133955
0.38501522841523045,0.020953419799718417,-0.08045147114822523,-0.08882310543595488,-0.05827636778528592,0.03340425768757808,0.0007794192437943182,0.03376037351217779,0.9715965132737963,-0.001645897125464076,0.003714693540293783,0.003173053415313114
0.5007785642928798,-0.08524859703247563,-0.09039718995061446,-0.08020514531113805,-0.09129312324182041,-0.026334589577617938,0.004292753117834765,0.03728112382771359,0.9718743802578695,-0.0017362943154146902,0.004215472104586663,0.0030878048182806385
0.45992585901385213,0.11383721149926371,0.05218718792275899,-0.055384164888788036,-0.061277123965916835,-0.10315677754915982,0.0067787917992096665,0.03380216623979832,0.9724027584443388,-0.0016841071274919317,0.004675397963600516,0.003201642029779902
0.5137052084268504,0.12851940919664767,-0.007107830294309447,-0.024307619825184756,0.028073862973778087,-0.08818513477267641,0.0005020193285142371,0.03224788475351087,0.9778844896346214,-0.0016912149577862409,0.005189103172027366,0.0033301614389765494
0.5561494241313996,0.056310356496383246,0.10969425701036548,0.034798121894551656,-0.0015016576820190528,-0.06404358396063535,0.007992483004014313,0.04363686448128662,0.9744868048538912,-0.0015815207007758758,0.005745252596158766,0.0033864717954729326
0.5551428075323737,0.05499633661865999,0.1766384426605379,0.060656084891891435,0.003362036892930114,-0.11406361079247525,-0.0034298202884589578,0.032417916309333834,0.9738916417684781,-0.0014048822581153378,0.00630039540369114,0.003441468132091593
0.46973738495613193,0.24745628487754073,0.15300502029939395,0.08053582917479139,0.0035044031145365544,-0.047319612348312834,0.0016438573183867942,0.032801225396096624,0.9723204649963506,-0.0012518772378159438,0.006770132788647271,0.0036889244169691334
0.5438881025786925,0.32898251224855557,0.14205466174359824,0.08445376870200065,-0.017110623998858168,-0.05369252496818145,0.0022125457650261668,0.038592956191982934,0.9754164527536293,-0.0011098225760723455,0.007314020891225965,0.00401790692921769
0.4992044217289653,0.3597194703903526,0.1536570711435044,0.1595072233527907,0.037927852623749654,-0.024912162188412884,-0.0011913950050638177,0.0389058433002505,0.986723547110804,-0.0009561655049288411,0.00781322531295493,0.004377626399608043
0.5458882962932377,0.18773772504579542,0.14834311822002288,0.10588669651574735,-0.015250949990785183,-0.04214849326152001,0.006878382359318933,0.03692876286060973,0.9774195240935029,-0.0008078223867088182,0.008359113609248165,0.004565364124653837
0.3784176175670592,0.31575243277219434,0.1617474005037237,0.19040587547984916,0.07742917169820542,-0.0314399170770478,0.0014686157217484077,0.03229742886471024,0.9723785085343754,-0.0006460749862050945,0.008737531226815224,0.004881116557426031
0.43320882555534185,0.24016941260326494,0.10860210043817295,0.19142816633816792,0.08313336130145882,-0.003984153121114754,0.008501209706628076,0.03471723022660975,0.970209803802801,-0.0005374728857669216,0.009170740052370568,0.005121285970029296
0.40962597146566093,0.3096127435453659,0.08091725848652435,0.12197413374116418,0.08036431808551131,0.016912221157523777,-0.0070019751244534256,0.031121199972914765,0.9751779043738308,-0.00045655562728039715,0.009580366023836228,0.005430898713574663
0.21267446856619734,0.12121549629940415,0.017316402595767777,0.09565574872665271,0.048149605011337554,0.0642437659673552,-0.0019747682568342453,0.03379413340951168,0.977147071241831,-0.00043923922468462937,0.009793040492402426,0.005552114209874067
0.21162111005191267,0.12608320593547312,-0.06476883933575324,0.11092684046989644,0.05774626349956698,0.0433764194958544,-0.005008917928161736,0.028999426292134176,0.9748403478782052,-0.0005040080640203827,0.010004661602454338,0.005678197415809541
0.2174550573656437,-0.06559437464641465,0.05394817057365874,0.04518749412528456,0.062254594377043226,0.019208491240088284,-0.006760314351622972,0.025383925397336936,0.9729055639480169,-0.000450059893446724,0.010222116659819981,0.005612603041163127
-0.10205486598680802,0.023886575981081522,-0.2383208846308214,0.07377645596154472,0.1130351626141133,0.03961819058150302,0.00812810331902741,0.019501596967917097,0.9703801445137793,-0.0006883807780775453,0.010120061793833174,0.005636489617144209
-0.07449327776018849,-0.17116937411932237,-0.14339244312387966,0.03337752258904344,0.041086835142611744,0.13948313842287308,0.006334782181484643,0.023413790661698707,0.9754939153376477,-0.000831773221201425,0.010045568516072986,0.005465320243024886
0.0486832051934698,-0.12101832747774977,-0.29312876456883274,0.0028346973344129606,0.01708875965057,0.11429874529231203,0.004251179135792282,0.030775861202005404,0.9806796219866456,-0.001124901985770258,0.010094251721266455,0.0053443019155471365
-0.1265372029268535,-0.21266303071857381,-0.2559038191844061,-0.021947830791879282,0.011840113105617204,0.04297659845886137,-0.000588784634433841,0.03376105599065071,0.9685986373815405,-0.001380805804954664,0.009967714518339603,0.005131638884828562
-0.1665207395283687,-0.31920845039090345,-0.27625742098846123,-0.0976270674067652,0.01803345938095258,0.11212585932526815,-0.009266526623973087,0.03622199612795047,0.9742767262950907,-0.001657063225943125,0.009801193778811232,0.004812430434437659
-0.35166095252017593,-0.3756340039274413,-0.37703266639203814,-0.13253423142202306,-0.0010524708647579632,0.0805552317301925,-0.0013864124854838491,0.032445890558805306,0.9769538469961415,-0.0020340958923351633,0.009449532826291058,0.004436796430510217
-0.2758664812054029,-0.3757318883574229,-0.37265428359686886,-0.18070999475541838,-0.02808617275469791,0.049217056351095384,-0.010522719409901075,0.03270434576922435,0.971135176027201,-0.0024067501759320324,0.009173666345085653,0.004061064542152794
-0.29763857095737145,-0.373975614784765,-0.3253505098708981,-0.15297865052569928,0.024191414820623546,0.0985641964950769,0.0007294455551365465,0.03719767627904481,0.9806354331209548,-0.002732100685802931,0.008876027774128282,0.0036870889273680294
-0.3713677514361601,-0.4045543312379643,-0.3327171200637356,-0.2539513389014919,-0.0652824449804521,-0.002091630770329497,0.006216280533234657,0.030255285786118174,0.9701165326606656,-0.003064817805866666,0.008504660022692121,0.0032825345961300643
-0.3243307613366305,-0.3659023230834693,-0.262772258273175,-0.23403978523884839,-0.05042525867745838,0.01720064380689438,0.006095037975924677,0.03911064524403176,0.9739225688356656,-0.003327590064139841,0.008180329261355491,0.002916632273046595
-0.4700580466223564,-0.43443045792985324,-0.20912771691285853,-0.21991651389328706,-0.0528301159438495,0.030354118126353108,0.0025241232496052857,0.03263547330639138,0.9788229832646923,-0.0035367177810526995,0.007710271214733135,0.002482201815116742
-0.2287655346875055,-0.385081435301323,-0.1949071873272069,-0.24103000962825968,-0.07472591460632852,-0.06268498784456167,-0.011844095659610634,0.026712241110006127,0.9867538601941838,-0.0037316249683799064,0.0074815056800456295,0.002097120379815419
-0.1849755358258729,-0.256744170512378,-0.03255921457995115,-0.1683271202035178,-0.0854436948513067,-0.08723711852525033,0.004136821777069673,0.021318559697574374,0.9758471821483796,-0.0037641841829598576,0.007296530144219756,0.0018403762093030412
-0.3537507550530978,-0.2559428341372099,0.027394378796692192,-0.26966008203630454,-0.09433434628969427,-0.11792721129232693,-3.13466452191713e-05,0.027928438296609667,0.9716589836723569,-0.003736789804163165,0.006942779389166658,0.0015844333751658312
-0.2091937823689482,-0.3377424446939592,0.0007511887435538434,-0.24287224998315748,-0.08168840648540664,-0.12478293660961338,-0.00336557804128905,0.038380917735854586,0.9800526476226508,-0.0037360386154196112,0.0067335856067977096,0.001246690930471872
-0.2379580254547149,-0.22464321915430344,0.03367466233689932,-0.19261379573972098,-0.08365121807043147,-0.16252840944277314,-0.002814396262361822,0.02044444716654792,0.9734337694748897,-0.003702363953082712,0.006495627581342995,0.0010220477113175683
-0.09603702304826303,-0.11807064957073725,0.25732312303789756,-0.16090171246124835,-0.10678996581821615,-0.14789864165216646,0.0008228443295379042,0.028488103152323956,0.9753951856810114,-0.003445040830044814,0.006399590558294733,0.0009039770617468312
-0.0765209215760818,-0.07758068998530254,0.0964087864372849,-0.09369324632875874,-0.1383218645135058,-0.14955823583165895,0.0004718784114250351,0.028981635221390002,0.9783122217374296,-0.003348632043607529,0.006323069636718651,0.0008263963717615286
-0.03232101889198774,0.09914430953251839,0.21142374070325998,-0.05389937906233553,-0.1155229164325741,-0.11495222851095506,-0.004751357129004639,0.01976637547917378,0.9715718536167086,-0.0031372083029042688,0.006290748617826663,0.000925540681294047
0.10266085161481805,0.06786798215231088,0.35709858706232833,0.021792889500277465,-0.04275017398912289,-0.1306507148291353,-0.0045203268254762835,0.02733388349643174,0.9701167930172534,-0.0027801097158419406,0.0063934094694414806,0.0009934086634463578
0.17256723804859603,0.11904004648787359,0.32003238383504967,0.018013148196422402,-0.019168325631269932,-0.110113984693488,-0.0013658652159079477,0.02798463307063721,0.9765541515620431,-0.002460077332006891,0.006565976707490076,0.0011124487099342315
0.05126103000674688,0.26394589832393506,0.3705266042298191,0.00746445899191842,-0.08947787487851297,-0.07044713495869852,-0.0016344357424001327,0.02528243609249777,0.9838665091854186,-0.002089550727777072,0.006617237737496823,0.0013763946082581667
0.3030145330204854,0.2583102848329635,0.3647850074732484,0.04116996416902176,-0.08215704397386683,-0.046383081034843045,-0.004535730428320224,0.031897472203608564,0.9896122628186691,-0.0017247657203038236,0.006920252270517309,0.0016347048930911304
0.27559817186685864,0.3355996772997921,0.20977099280404932,0.16500659149633523,0.0010048286264823486,-0.03669880123956374,-0.0009036378068496868,0.048412686455668534,0.9773350148478545,-0.0015149947274997744,0.007195850442384168,0.0019703045703909224
0.2078850831233917,0.45571474535085477,0.2616155995360933,0.18824551112839016,-0.02357837757948113,-0.06517055409503336,0.0015186629236807322,0.033203996666319964,0.9739378533933399,-0.001253379127963681,0.00740373552550756,0.002426019315741777
0.31824588587993774,0.39032867505317764,0.16997046084509,0.1608170318966665,0.0001340590817341391,0.07946268107223978,0.0005976896298853784,0.031116310939761135,0.9768454466734514,-0.0010834086671185912,0.007721981411387496,0.0028163479907949546
0.30725309975253245,0.4709149275930273,0.05811406008661819,0.17107486165924818,-0.02845642606325166,0.08732966261508028,-0.0010108031064413121,0.026766449354086938,0.9788373563162226,-0.0010252946070319728,0.00802923451114003,0.0032872629183879815
0.35223772063148046,0.39951951077127845,0.019418250863001023,0.20578469152027917,-0.02322465793120959,0.11254342516864402,-0.001078714693657721,0.02810589621947681,0.9772246293473146,-0.0010058763561689719,0.00838147223177151,0.0036867824291592606
0.33723418521365095,0.3974175751035426,-0.061447164403007584,0.15168340315221351,0.08053950546258803,0.11095918613829796,-0.0040285358694161855,0.038447504879281946,0.981416670441119,-0.0010673235205719796,0.00871870641698516,0.004084200004262803
0.2805511812539303,0.43767948864595985,-0.028479856938109654,0.2559339321957967,0.05675758341824901,0.16219524191697118,-0.002559631553452624,0.0350957039651586,0.9746782397986044,-0.0010958033775100892,0.008999257598239092,0.004521879492908763
0.249502102237851,0.36085768524870276,-0.1912969663638068,0.23704271035413246,0.10097866734423917,0.18003824062631213,-0.008609238695951793,0.026649604617370332,0.9762553540129525,-0.0012871003438738962,0.009248759700476943,0.004882737178157466
0.23849194916584202,0.3738523701757832,-0.215195156916461,0.20448323006393906,0.11911267449486447,0.13462569784948025,-0.01115686551442975,0.030941386846420706,0.9765462481286337,-0.0015022955007903572,0.009487251649642786,0.005256589548333249
0.17418483358622106,0.18758642251249996,-0.12500947822152825,0.13220854247067484,0.07626543336309487,0.15191371568101764,0.0015823370904648822,0.026648308016964883,0.9748451466494561,-0.0016273049790118854,0.009661436483229006,0.00544417597084575
0.28766079301409025,0.17260033245812414,-0.14811293856337562,0.16132644371103502,0.07982706991226012,0.16402068889786173,-0.007146872397056241,0.0323633169050728,0.9854032099810693,-0.0017754179175752613,0.009949097276243097,0.005616776303303874
0.12453022288739933,0.011303165759445302,-0.23774998875318398,0.19340237961824452,0.09243228956197222,0.15828589719676378,-0.010202652477228529,0.02667024724833681,0.9728976953261393,-0.0020131679063284456,0.010073627499130496,0.005628079469063319
0.07631903460221118,0.014097656826044429,-0.15507474028526452,0.029061849717200335,0.12333049277355101,0.1155589273886612,0.0019935801561200717,0.029909379927964837,0.9839994888588972,-0.00216824264661371,0.010149946533732707,0.005642177125889363
0.062219753087322666,-0.12357893620766018,-0.17172464050997244,0.0666968774988394,0.07160168535258037,0.1065631277326091,-0.008882056260059622,0.03714228078899716,0.9775244682736126,-0.002339967287123682,0.01021216628682003,0.005518598189681704
0.05714614013587188,-0.06016569099794308,-0.2190656588954501,-0.025306500999153693,0.0512509511210217,0.12770222900215744,-0.011166932489023453,0.031711975451209115,0.9719844755336478,-0.0025590329460191325,0.010269312426955902,0.00545843249868376
-0.1299859274342029,-0.17699148442296608,-0.1564634506034459,-0.05338153198161882,0.0835173124439272,0.01353805011638765,-0.00011148095511575359,0.03330625912262976,0.9739438863212272,-0.0027154963966225785,0.010139326499521699,0.005281441014260795
-0.14259682834761647,-0.16081889125787954,-0.06349070594835761,-0.012880255919291513,0.11473844322632375,0.044099529083180926,-0.006754037687075552,0.026455308430154124,0.970822296777138,-0.0027789871025709362,0.009996729671174081,0.005120622123002915
-0.253738488153363,-0.17259755728669957,0.12730809875059287,-0.09188244416956753,0.12109296539770753,0.03190990902006409,-0.0028625717444859403,0.026084759138906104,0.9769337357703486,-0.0026516790038203434,0.009742991183020716,0.004948024565716216
-0.3077198141922686,-0.250897217490831,0.07089380384328373,-0.11590783443130515,0.05965353800594777,-0.007722916352588651,-0.007937891391502675,0.01527077391861303,0.9777115783774962,-0.0025807851999770596,0.009435271368828449,0.004697127348225385
-0.4063574212310802,-0.16510458096853797,0.1545192774177362,-0.07765925338103483,-0.018770775563957925,-0.018648217809786954,-0.006538117476773055,0.03154334486470548,0.9814244441154626,-0.002426265922559323,0.009028913947597368,0.004532022767256848
-0.4509835025667972,-0.2540132903653494,0.0048238820197376575,-0.12748073344299737,0.014747930575377438,-0.056909156452121794,-0.0027754874142514423,0.02271002660854439,0.9900390546855288,-0.0024214420405395854,0.00857793044503057,0.004278009476891498
-0.4285359412717376,-0.2711133245404759,0.1254854086641633,-0.172662158098494,0.01821926278573629,-0.03263310522390033,-0.008440965229178513,0.024544359922383942,0.9785592792226245,-0.0022959566318754222,0.008149394503758834,0.004006896152351023
-0.5199439005482641,-0.2535256167604791,0.12050859143715384,-0.15214602728885257,-0.03596984962346345,-0.014425440379356726,-0.008596330641326186,0.026948983420995994,0.9772395899867039,-0.002175448040438268,0.0076294506032105695,0.003753370535590543
-0.5954019868148601,-0.24044225100193417,0.20940234407285988,-0.1364108308517406,0.011160312280916549,-0.0490517659716984,-0.008565081360934269,0.03316896282544895,0.980012481591535,-0.0019660456963654085,0.00703404861639571,0.003512928284588609
-0.5585132855964998,-0.18519602321459336,0.17207760027571825,-0.10646737740926508,-0.06061381649317572,-0.03435032394459554,-0.015092912222795617,0.02795078208384644,0.9845526005042521,-0.00179396809608969,0.006475535330799209,0.0033277322613740157
-0.5988196369232559,-0.16822933553694913,0.05199897738292876,-0.12809165326103272,-0.035358098874172815,-0.09833980729960516,-0.0019477384179308918,0.020345143722786386,0.9795318321115009,-0.0017419691187067613,0.0058767156938759535,0.0031595029258370665
-0.5135450840526941,-0.041370580957523204,0.2115156044554789,-0.05844875849055295,-0.020285792321399414,-0.08604891320687874,-0.005161281867760147,0.02715440654063568,0.978011222230941,-0.0015304535142512824,0.005363170609823259,0.0031181323448795433
-0.6402870544209974,0.050527322489573354,0.06300920715750216,-0.06835650107224528,-0.061745817469590715,-0.07959945221774062,-0.002689817943982256,0.022001428483639895,0.9757664208720226,-0.0014674443070937801,0.004722883555402262,0.0031686596673691173
-0.46044453569389315,0.018010635631965345,0.057691432993836195,-0.015052108649077276,-0.088849603236227,-0.011636641113168313,0.0002563385643735462,0.027227778820796276,0.9847024756462545,-0.001409752874099944,0.004262439019708368,0.0031866703030010816
-0.4143476047239636,0.21438017589484376,0.12210744629226127,0.00011652046242454717,-0.035705150986007114,-0.04332873195521195,-0.012225609668576214,0.02212962709423965,0.9793097668878747,-0.0012876454278076827,0.0038480914149844046,0.0034010504788959256
-0.36998908500386707,0.32534397586187624,-0.0600536046305231,-0.00552006691886342,-0.060979982225421725,0.007459994231708983,-0.0035338821884869256,0.031042921917407,0.976257252429745,-0.0013476990324382057,0.003478102329980538,0.003726394454757802
-0.404435355394405,0.15335265123051006,-0.21017989176081686,0.05642661984669008,-0.04458540998981583,0.03513019155077134,-0.005945140372698095,0.04100493535261348,0.9789061335199424,-0.0015578789241990226,0.003073666974586133,0.003879747105988312
-0.29435648087766747,0.3594053647880169,-0.19484466728706,0.09281729823012178,-0.06652404315066042,0.034965168526820516,-0.0010280304946608497,0.03457982015391417,0.9764059484762172,-0.0017527235914860826,0.002779310493708465,0.004239152470776329
-0.1806105011556867,0.2846967078217646,-0.21267559066636024,0.18761082119521183,-0.09700277799470006,0.07895562206293856,-0.007790082163883744,0.029815214268826107,0.9762866848999885,-0.001965399182152443,0.002598699992552778,0.004523849178598094
-0.191858098701514,0.30825069909231995,-0.2643322107648922,0.13354498384906666,-0.033857715363134075,0.06872262787763514,-0.009131947690706677,0.03219639847457296,0.9809681675373927,-0.0022297313929173354,0.002406841893851264,0.004832099877690413
-0.12394161702360143,0.08098941483525579,-0.3149384648861427,0.10240974896963839,-0.02860533710762575,0.137645532243108,-0.008899087527259226,0.03831681910760972,0.9860132479990795,-0.0025446698578034783,0.002282900276827663,0.004913089292525669
0.030217545334458234,0.18340299040902142,-0.22032839423302536,0.09261488878489933,-0.06026799910576521,0.12480422241437736,-0.007977681561993806,0.02604561086362896,0.9766407901520804,-0.0027649982520365035,0.002313117822162121,0.005096492282934691
0.11858396395823749,0.17769928350069006,-0.4241945212804466,0.1342267542461954,0.046760393192885476,0.09752570597024281,0.006208582697529037,0.028596964726753167,0.9791277366452869,-0.00318919277331695,0.0024317017861203586,0.0052741915664353805
0.24045575165065153,0.002678466333285251,-0.12328565725328902,0.1693992373693104,0.029013078193814,0.10616920319817215,-0.00830388152042544,0.02634844739646877,0.9786033827676908,-0.0033124784305702394,0.0026721575377710097,0.005276870032768666
0.28032262046946743,0.09535924856640127,-0.24274964529582374,0.14024219846445019,-0.006193766185150832,0.01191551169335498,-0.009317660785852482,0.018682364945594766,0.9801536257935658,-0.0035552280758660627,0.002952480158240477,0.005372229281335067
0.19236629661532734,0.11090027914520917,-0.18255962931031922,0.08754396751752035,0.06217152681974236,0.09663349602839387,-0.0020655227802871797,0.021116170599376854,0.9811383578222601,-0.003737787705176382,0.0031448464548558042,0.0054831295604802766
0.3690831240591109,-0.054956229840872416,-0.15571364454596034,0.01863072100583103,-0.043963826786710104,0.006142878102603977,-0.004419815913789712,0.02349549197174251,0.9914445492250035,-0.003893501349722342,0.003513929578914915,0.005428173330639404
0.4853425758498514,-0.022277667348935583,-0.16809387497771316,0.06493347484997634,0.07892960489811096,0.024621198615327335,-0.0066606794627703265,0.018969710631604204,0.986301624313549,-0.004061595224700056,0.003999272154764767,0.0054058956632904685
0.4464921099279985,-0.17758454932524012,-0.04341782822906497,0.00014435485100327584,0.039699045115479066,0.06609604733063892,-0.008446317094822561,0.01578778398467549,0.9743690561117468,-0.0041050130529291205,0.004445764264692765,0.005228311113965229
0.5546556406054922,-0.11015307623267676,-0.0329295242370035,-0.00564008308237671,0.03564450636712989,0.021180605202340552,-0.016417231839614323,0.01893987799938608,0.9792691207616403,-0.004137942577166123,0.005000419905298258,0.005118158037732552
0.4883518294398705,-0.31231266411369696,0.13730859993326305,-0.04775625476284851,0.04585995568014386,-0.0111925420800224,-0.00974707708174525,0.02409105769347942,0.976407080317727,-0.004000633977232861,0.005488771734738128,0.004805845373618855
0.550201849883488,-0.20803850481388259,0.12323658334157583,-0.11038992061523249,0.04130882756001813,-0.05094137211034296,-0.010331470304454521,0.020843236033711993,0.9866303657494839,-0.003877397393891285,0.0060389735846216154,0.004597806868804973
0.5814780081885675,-0.35750961216805494,0.21976796271493876,-0.11109886601653697,0.07435011491893968,-0.09620189843844948,-0.010169097455807472,0.026807849586895603,0.9810238820742775,-0.003657629431176346,0.006620451592810184,0.004240297256636917
0.6668038758342438,-0.38776230903615827,0.23658631384381945,-0.15189692517548234,0.07205017497737992,-0.12242512086595421,-0.009057781510103568,0.03300918524327711,0.9904442895329802,-0.0034210431173325264,0.007287255468644427,0.003852534947600759
0.5105955940803405,-0.4548339099825027,0.22319056981956265,-0.2430549720585397,-0.004009655790050261,-0.10093641158659673,-0.009793442867010047,0.02690103537260097,0.9784688685914072,-0.003197852547512964,0.007797851062724769,0.003397701037618256
0.5225287501877923,-0.40121904024124866,0.35237246740292755,-0.1752922786874707,0.0449700342301255,-0.15916826184408153,-0.010576790559884182,0.015474522529787607,0.9728002596519751,-0.0028454800801100367,0.008320379812912561,0.002996481997377007
0.4184487871807318,-0.5298584790439799,0.3326959402660749,-0.23989847535720954,0.023107862621986525,-0.1350516140187534,-0.011264963077603676,0.015710430075515952,0.9829609961713653,-0.0025127841398439616,0.008738828600093292,0.002466623518333027
0.3360429745691137,-0.4313142301425994,0.29765725540594273,-0.2671705140012372,0.04242518243825065,-0.13517625769607766,-0.0019440789738576214,0.013106723980953625,0.9899483395030592,-0.002215126884438019,0.009074871574662406,0.002035309288190428
0.31715710695976507,-0.39861028101925916,0.29704874647433016,-0.2225206804880527,-0.015621077771966077,-0.14649680377682706,-0.014334013795867467,0.021011216207653876,0.9769289439755687,-0.001918078137963689,0.009392028681622172,0.0016366990071711687
0.25186812574033784,-0.35114489162793366,0.28042601599058525,-0.23262074524277646,-0.03171406443539007,-0.15474098492604585,0.0019166737043029274,0.022978855594412068,0.9828898133313425,-0.0016376521219731038,0.00964389680736251,0.001285554115543235
0.18810835900423317,-0.33241452202927263,0.3272310393037537,-0.19118051727554808,-0.010527385876091058,-0.11248052321754146,-0.015478788552688826,0.016493613746241306,0.9800633210362538,-0.0013104210826693503,0.009832005166366743,0.0009531395935139624
0.15430703424012457,-0.26921077474772404,0.32384594273218226,-0.20888531514463987,-0.06220239273427597,-0.12216925633723781,-0.01557098387821225,0.026902483405089425,0.9751261333277194,-0.000986575139937168,0.009986312200606867,0.0006839288187662384
0.05019611531975009,-0.18122783567691858,0.09412078006568099,-0.1583088182085137,-0.020863961743034124,-0.07343229681332937,-0.014393108191427067,0.018378367265160747,0.9838346023300927,-0.0008924543598714868,0.010036508315926618,0.0005027009830893198
-0.08047233826777857,-0.10925366415676846,0.00032499528216060197,-0.13103909592744836,-0.08970941695391213,-0.04943429855505479,-0.011969552580020016,0.029418385385931306,0.9791155307725605,-0.0008921293645893264,0.009956035977658838,0.00039344731893255127
-0.07768698618006552,0.009664582263420587,-0.016455848184939944,-0.11430627730440343,-0.08470052995799808,0.03877369694094503,-0.006576835448828703,0.027172703124664927,0.9823646561016544,-0.0009085852127742663,0.009878348991478773,0.00040311190119597196
-0.07596951449421419,0.22583171804404994,-0.08618758586650987,-0.04524032257165333,-0.03806191352300452,0.028220326244340906,-0.008290809051195735,0.01704695787447597,0.9729932178347435,-0.0009947727986407762,0.009802379476984558,0.000628943619240022
-0.10327373925465874,0.14061940621450383,-0.032842959409670205,0.0003050852044996985,-0.11646769950854409,0.0074292278776890135,-0.012826241695160211,0.015020139852578275,0.9751222110073314,-0.0010276157580504464,0.009699105737729898,0.0007695630254545258
-0.1762301171025047,0.28635063372135267,-0.15554043396920197,0.03332498119467675,-0.08235613285744918,0.0975836881877289,-0.0077728741459925105,0.019190846534289274,0.9807861973475452,-0.0011831561920196483,0.009522875620627395,0.0010559136591758785
-0.24174112049269877,0.3091311968241672,-0.22647005045342214,0.11682323185955537,-0.08571268956633005,0.06736507177934623,0.0063587289731926126,0.0195176635171683,0.9840505790913369,-0.0014096262424730705,0.009281134500134694,0.0013650448560000457
-0.320527869171515,0.5518450258473501,-0.13105126950130186,0.12930692857267423,-0.08588135886159597,0.17407919556840618,-0.014700653031827556,0.027191414721602605,0.976260149318387,-0.0015406775119743725,0.008960606630963179,0.001916889881847396
-0.461907027408741,0.46656590904944806,-0.19023008073465503,0.18658693556310604,-0.11009788354851088,0.12306791855055185,-0.015164348290259094,0.014419664739852267,0.9839831390445806,-0.0017309075927090273,0.00849869960355444,0.002383455790896844
-0.4170136943313322,0.4787497555427756,-0.22577997801037952,0.1545771977976332,-0.036979489700655094,0.20499872356205792,-0.006496855670987887,0.021216132195935128,0.9739666414335519,-0.001956687570719407,0.008081685909223106,0.0028622055464396193
-0.2930086490979424,0.41960897415538684,-0.12103051721593978,0.16812885028348082,-0.06988979427145485,0.16527728586147836,-0.0020405675638989033,0.02456054378160322,0.9790167662108645,-0.0020777180879353466,0.007788677260125164,0.0032818145205950064
-0.21090777896504748,0.49720061462355664,-0.26160200053395277,0.22303308899479288,-0.09378756096592418,0.1383767167129233,-0.014188505544967353,0.017204694473200895,0.9837177049629264,-0.0023393200884692994,0.007577769481160117,0.003779015135218563
-0.372159131150759,0.4380975620462648,-0.10191008813700288,0.16340150831238065,-0.08689007460766199,0.1314886016108367,-0.010685698759627167,0.027976588334998973,0.9757950688498804,-0.002441230176606302,0.007205610350009358,0.004217112697264827
-0.22774069254527607,0.4208543421757647,0.0391140726743507,0.16145589684790018,-0.07680834124569871,0.18468610718437978,-0.016892763123831468,0.011721446146499913,0.9815553400813188,-0.0024021161039319517,0.006977869657464081,0.004637967039440592
-0.2967368588896847,0.49775007947344324,0.009460269370647404,0.24116839044139338,-0.016756773018791783,0.1367059180143993,-0.015431180914236172,0.018539858863061937,0.9786492245317473,-0.0023926558345613042,0.006681132798574397,0.0051357171189140354
-0.26174206165101965,0.28656604309983064,0.14510375635932507,0.20282511966160913,0.0012293341411971958,0.10032129181344653,-0.008972410422295567,0.011488029949894106,0.9775175854646578,-0.002247552078201979,0.006419390736923378,0.005422283162013866
-0.13226813070949214,0.3233652765446024,0.07504047018172158,0.16481910766404384,-0.00447156709665324,0.10456830332855836,-0.02019306137396864,0.018048246947983983,0.9803937282635208,-0.002172511608020257,0.0062871226062138855,0.005745648438558468
-0.1452535016458213,0.09112471568870736,0.1934849814686332,0.1616744230027185,-0.000426868748800587,0.10346326145401283,-0.01145798690721405,0.02421559840529911,0.9788517255174046,-0.0019790266265516244,0.006141869104568065,0.005836773154247175
-0.14939406126448115,0.17956997478947276,0.10313247805131234,0.20672157780032097,-0.035028429570621085,0.07678775897206065,-0.014713772059831449,0.010867562221759844,0.9858436183841379,-0.001875894148500312,0.0059924750433035835,0.006016343129036648
-0.020574383118891558,0.0884999605336153,0.17018369516176476,0.11158220401677517,0.009110178365344673,0.0714442463035894,-0.014515788314051063,0.017464947144509142,0.9837629912190671,-0.0017057104533385473,0.005971900660184692,0.006104843089570263
0.03792178249560531,0.019369513418581095,0.11491485632662622,0.05384080905823317,0.10461141860761564,0.04324339173659787,-0.026080299625994847,0.026331443712957633,0.980678423971162,-0.001590795597011921,0.006009822442680297,0.006124212602988844
0.016041343483721285,-0.014854229342687958,0.023992225072984374,-0.012133785339284442,0.05601298611523177,0.00271147255420986,-0.007099155431438626,0.021532528124707143,0.9764428391599473,-0.0015668033719389363,0.006025863786164019,0.006109358373646156
0.2668376374655479,-0.02212096491036357,0.1101425676321883,-0.025693617319716405,0.053466604095950304,-0.046766584917113024,0.0002004533141476278,0.01642236921711053,0.9850542410754934,-0.0014566608043067482,0.006292701423629566,0.006087237408735793
0.24481380325615862,-0.184721768999507,0.08942814601878013,-0.008410992900716046,0.09447815367210091,-0.0682734201008613,-0.01316819780035926,0.011693140177058243,0.9842708967659052,-0.0013672326582879679,0.006537515226885724,0.005902515639736285
0.22291707537658634,-0.22279727824846976,0.04096142441619154,-0.08095765848953146,0.11111744545121463,-0.13160088454618962,-0.02078699221213495,0.011994895777322916,0.9772992066355962,-0.0013262712338717763,0.006760432302262311,0.005679718361487816
0.2284520441461446,-0.22182184085320128,0.12052112392957647,-0.09033322049726193,0.07274657967421284,-0.029017077972174815,-0.005945998157797641,0.018344956453302162,0.9884785312144583,-0.0012057501099421997,0.006988884346408455,0.005457896520634615
0.3176135730373686,-0.30951342496827544,0.13237673422121538,-0.10826375018729845,0.11509999613664658,-0.11038170721527799,-0.013142478504065533,0.019585504147222765,0.9829435442794443,-0.0010733733757209844,0.007306497919445824,0.005148383095666339
0.26583397838984735,-0.25145700301379365,-0.08313633812333102,-0.14163705630451934,0.13068351667768088,-0.04124165609026403,-0.016710708602912558,0.012807020510754098,0.9820600856419859,-0.0011565097138443153,0.00757233189783567,0.004896926092652545
0.3500344484618537,-0.2724922525517299,-0.11354926187122538,-0.15517027652821844,0.1251406111735609,-0.05380228158586014,-0.010303565976768146,0.017439478521024513,0.9906834838558676,-0.0012700589757155406,0.007922366346297524,0.004624433840100815
0.18982943701140417,-0.1689193930919547,-0.22509342987816008,-0.18214086491551726,0.08446665556588284,-0.03327998696994645,-0.0142290473479817,0.013493655278435622,0.9832606077574593,-0.0014951524055937006,0.008112195783308927,0.004455514447008861
0.3000500002597913,-0.20519306277633015,-0.23635077961665904,-0.12410383637239357,0.08430278198080803,-0.004416907084195636,-0.013028126022091557,0.013382161131531085,0.9792222080671984,-0.0017315031852103598,0.008412245783568719,0.004250321384232531
0.4632778272995194,-0.1830223185854425,-0.266508309724088,-0.12429906906662291,0.03595838584932425,-0.039831427580891456,-0.009224777467454554,0.01532201553136654,0.9796952350401116,-0.0019980114949344477,0.008875523610868238,0.0040672990656470875
0.271140980625781,-0.10478980359383668,-0.3084196128063386,-0.11563199239677213,0.04061465340899437,-0.02028411251190422,-0.00956373212012102,0.01797713632709162,0.9831407725811906,-0.0023064311077407866,0.009146664591494017,0.003962509262053252
0.10652046841187626,-0.17623136429720762,-0.3309622803168203,-0.09830863292314365,0.10692730216747479,0.02681479534602564,-0.018178028959383682,0.01779852481940392,0.982515220060093,-0.002637393388057607,0.009253185059905895,0.0037862778977560438
0.2782989094654091,-0.0673367798208756,-0.2628350362231736,-0.0971584395652409,-0.0007416835385383601,0.050480176781482866,-0.01975929700420231,0.02439017050320894,0.9813961132639655,-0.0029002284242807806,0.009531483969371304,0.0037189411179351685
0.16185081835327286,0.12921860025066595,-0.4012059904585595,-0.03609604428432102,-0.049141828944844264,0.07747555495488583,-0.006736493570749134,0.0053168018079660425,0.9901225158554198,-0.0033014344147393408,0.009693334787724576,0.003848159718185834
0.035424447289039165,-0.02983327279748063,-0.271829430242688,0.030585985164347847,0.03622152481774809,0.08783152640468653,-0.008311744330238378,0.005375543841778095,0.9788193591959228,-0.0035732638449820285,0.009728759235013614,0.0038183264453883537
0.04900318173328494,0.17684270038932634,-0.1567084412833712,-0.025418882300616355,-0.0314327286017599,0.07478467118562922,-0.020034809134440272,0.0023103148154816015,0.9873931372360149,-0.0037299722862654,0.0097777624167469,0.0039951691457776805
-0.19137421527552245,0.25176116914299285,-0.20793730779402986,0.04932199916595414,-0.019227485465223397,0.10715220854091675,-0.008707279024867568,0.009104445561358735,0.9840471826676495,-0.003937909594059429,0.009586388201471376,0.004246930314920672
-0.194539634902417,0.19184941191010213,-0.14737768102983578,0.09829066289545908,-0.0853925892434733,0.11743545298588397,-0.01122466169593139,0.01657792748678603,0.984941943603015,-0.0040852872750892655,0.00939184856656896,0.004438779726830775
-0.18240587828104354,0.260631391832499,-0.05581664041452319,0.037585674685028346,-0.04882362114939744,0.14170146674835893,-0.015566274957683379,0.010333406722848116,0.9863709887182919,-0.004141103915503788,0.009209442688287916,0.004699411118663274
-0.18622902240869188,0.20554517896223043,0.05978532836358028,0.0852899271431915,-0.04717473757328101,0.13761769070926896,-0.019123166239700236,0.008009935698778049,0.995531899756442,-0.0040813185871402076,0.009023213665879222,0.004904956297625504
-0.4428639558767604,0.29449654136902215,0.05464768973965219,0.12703583505474744,-0.0480859508992574,0.07777684909418969,-0.013392214590358258,0.012460725458075396,0.9881719895936757,-0.004026670897400555,0.008580349710002462,0.005199452838994527
-0.6036249495753666,0.2081723365508949,0.1229223655078191,0.10423344196552638,-0.027070114659580646,0.09007865244463185,-0.011854197865148925,0.01817554244674949,0.9792975109362849,-0.0039037485318927367,0.007976724760427096,0.005407625175545421
-0.42794117160333733,0.2323705369706066,0.2276015174597929,0.13247387375431469,-0.07136004785134789,0.09510287484747852,-0.012910757966452373,0.01739318984947689,0.9787913087325819,-0.0036761470144329443,0.007548783588823759,0.005639995712516027
-0.48157285343594913,0.196421759477194,0.19871814827305256,0.05999500933774298,-0.07673321007237928,0.012568203171342099,-0.013768770455202669,0.016376458649472427,0.9857240741095653,-0.0034774288661598915,0.00706721073538781,0.005836417471993222
-0.5954145374290366,0.21026343511872087,0.2685718747521217,0.08371822333788483,-0.05245267471189187,-0.026370871891031204,-0.0062054185051602755,0.014560258011764027,0.9885936880830165,-0.00320885699140777,0.006471796197958773,0.006046680907111943
-0.5302115542731441,0.06563513753264036,0.20318614691929338,0.11278716968967217,-0.043288190501391884,-0.036783795027918974,-0.014535358648854928,0.0040464319580652,0.9868614102661736,-0.003005670844488477,0.005941584643685629,0.006112316044644583
-0.5432262746975371,0.05902766812215906,0.38612060997029213,0.08571704508510423,-0.03543560109983785,-0.06604940189253079,-0.020571285584017485,0.0195668753962817,0.9723822584553753,-0.002619550234518185,0.005398358368988091,0.0061713437127667425
-0.500881087113183,-0.12520082219665785,0.3768451888635318,0.050190623610283945,-0.07147417410307551,-0.041733268750642157,-0.01839436466320144,0.015164101478317964,0.9892659679394005,-0.002242705045654653,0.004897477281874908,0.006046142890570084
-0.4779296947658653,-0.20196366330643606,0.34101805237819915,0.051698787769438787,0.024890740643075074,-0.059385388357865394,-0.011411000678590619,0.010504191835812466,0.9939875387048414,-0.0019016869932764538,0.004419547587109043,0.0058441792272636486
-0.5638235289910017,-0.21029750748705953,0.303102965739279,-0.005810844649488885,0.046564256821995664,-0.06278399844520714,-0.019528499927616707,0.013797201998048835,0.9887806282748167,-0.001598584027537175,0.0038557240581180412,0.005633881719776589
-0.4847794381745698,-0.255954664035371,0.182404908589548,-0.02823031372651423,0.07609497177360584,-0.11397812985395449,-0.008844831073152839,0.008137962053471316,0.9876158518845125,-0.001416179118947627,0.003370944619943472,0.005377927055741218
-0.4931902092535573,-0.2567308998816093,0.14388109655220077,-0.0776056738265245,0.03583508028862884,-0.10476879204751507,-0.01754684304505825,0.0228962558771137,0.9836992201543776,-0.001272298022395426,0.002877754410689914,0.00512119615585961
-0.3573530643752305,-0.4455552786335549,0.0691346221568672,-0.06138631230334536,-0.00544555134974918,-0.12897132616051557,-0.014016933593946753,0.012512855248183526,0.9861790336050964,-0.0012031634002385588,0.0025204013463146838,0.004675640877226054
-0.3580760405751461,-0.3568617642172939,0.09236690179020737,-0.1264478304146548,0.05181043246787216,-0.06873314317648428,-0.010395469180544655,0.008214254786996743,0.9781902384220004,-0.0011107964984483514,0.002162325305739537,0.0043187791130087595
-0.14917007026841317,-0.38052768942964504,0.07495399199583455,-0.19454416492192475,0.026293453276289472,-0.08952282288042389,-0.015432796811806381,0.01252076834326841,0.975448182950126,-0.0010358425064525168,0.0020131552354711243,0.003938251423579115
-0.18646925790017074,-0.608182653927666,-0.1712827794858267,-0.19325109191105364,0.08300485811115522,-0.08875313021035826,-0.023911387739253304,0.008317885212470209,0.9832017046669361,-0.0012071252859383436,0.0018266859775709536,0.0033300687696514487
-0.16078902051579683,-0.4989718822787366,-0.08402422634506118,-0.21519735444118432,0.07057415879986166,-0.08006176198096708,-0.018937714392834756,0.01407545197889626,0.9920096394043979,-0.0012911495122834048,0.0016658969570551565,0.0028310968873727117
-0.08286627937355238,-0.503496705270568,-0.008197743719177225,-0.19222558191014008,0.042587995505936914,-0.05205855631474778,-0.016324254877743433,0.007086304939774151,0.9964244968871754,-0.001299347256002582,0.0015830306776816042,0.002327600182102144
0.02585387806669958,-0.5065144916383297,-0.1917013354043197,-0.2648497881479767,0.08255383187065594,-0.019941225986882492,-0.01770863373179508,0.012405385629420188,0.9846037760925351,-0.0014910485914069018,0.0016088845557483038,0.0018210856904638144
0.1554920332856919,-0.4996700746636631,-0.12172543846234767,-0.23220991326411558,0.10705079668289914,-0.03592932605719541,-0.019183225073821822,0.018336590726810174,0.978475683945013,-0.0016127740298692494,0.0017643765890339958,0.0013214156158001512
0.3025091137170005,-0.20435203896017012,-0.14935210366251833,-0.2564567245166817,0.022438712762418416,-0.020159657303022292,-0.014119151865393309,0.012354931957681982,0.9805631871178967,-0.0017621261335317676,0.0020668857027509964,0.0011170635768399811
0.31547896890860244,-0.3247720777105746,-0.1836979505294857,-0.24056123559995274,0.03272715659438378,0.1057647157212168,-0.01901838013731179,0.01591142263427676,0.9862575669443018,-0.0019458240840612533,0.0023823646716595987,0.0007922914991294064
0.3697417851291493,-0.2239252614831389,-0.0802046497747257,-0.1785747048331015,0.07621914217373219,0.06941380652263852,-0.012009996100832355,2.0132241878630802e-05,0.9899527337538943,-0.0020260287338359786,0.002752106456788748,0.0005683662376462675
0.37744572759234357,-0.092722248414588,-0.044938602711973946,-0.12160089822958708,0.02110531628809604,0.09472449625556524,-0.016335075295407033,0.010340739099314024,0.975615711220392,-0.0020709673365479526,0.003129552184381091,0.00047564398923167947
0.410626461723139,-0.077132771746747,-0.07928396039739531,-0.13848004263754574,-0.04757145837677908,0.11464536063080402,-0.014186018035432783,0.013026853792498114,0.9815382110465971,-0.002150251296945348,0.00354017864610423,0.0003985112174849325
0.3920306357292469,0.051787577481011565,-0.017848768932543838,-0.10539799886293466,-0.02918487774321125,0.16772419732513486,-0.014984046235387597,0.0014062359478213748,0.9852855638900461,-0.0021681000658778917,0.0039322092818334774,0.00045029879496594406
0.5909563432195479,0.17974465502591375,0.010389544451166194,0.0026058917708843624,0.04207421821625185,0.1330205867963072,-0.0196058501699889,0.01436508091213723,0.9802278051596293,-0.0021577105214267253,0.004523165625053025,0.0006300434499918578
0.5261865827503047,0.07068436465339059,0.15131199784791133,0.04163327716848768,0.016976797076283356,0.12807494024883798,-0.016458680715444658,0.009777520107924799,0.9813200031174888,-0.002006398523578814,0.00504935220780333,0.0007007278146452483
0.6125088515610784,0.13731098705728778,0.18939992482693335,0.029931273942252958,-0.05030228174474314,0.1620045889885089,-0.007425391061385716,0.010229750815463904,0.9856060976536049,-0.0018169985987518808,0.005661861059364409,0.0008380388017025363
0.5534129586282753,0.3230646883290166,0.10818136630283556,0.10059042217657282,-0.06865116963016155,0.12475542517930867,-0.01868150207503501,0.003982078773639479,0.9844331703557179,-0.001708817232449045,0.0062152740179926835,0.001161103490031553
0.44635699403218276,0.24928310717143715,0.15794238133370048,0.11967552857969875,-0.02888009035882691,0.14459055530421544,-0.01899059364293026,0.0030929890584729417,0.9855998189746172,-0.0015508748511153447,0.006661631012024866,0.0014103865972029902
0.48580098569523145,0.3513504465262548,0.3216448575220999,0.1592456885590207,-0.11412501873261083,0.1159268190377614,-0.011456617826183442,0.010300228432621636,0.9810659868298095,-0.0012292299935932449,0.0071474319977200985,0.001761737043729245
0.5895217603891683,0.34419197158143733,0.23491106120792343,0.1511287282440169,-0.04061488723002884,0.13673564280579806,-0.012688534113859104,0.0115851654371272,0.9833143537723668,-0.0009943189323853212,0.007736953758109267,0.0021059290153106823
0.5009244269551305,0.40718313949142526,0.18821593862523361,0.22718813480280137,-0.0797421232077535,0.11120542558045146,-0.017075918416829823,0.0063239947627792645,0.9805643521647149,-0.0008061029937600876,0.008237878185064397,0.002513112154802108
0.2903539680047381,0.3624308593028624,0.21147351197921935,0.226584555679073,-0.11106248579006513,-0.0026437296634636374,-0.022851892761558613,0.002766331823195658,0.9854363099002776,-0.0005946294817808684,0.008528232153069134,0.00287554301410497
0.24700909696373327,0.40133544237863333,0.1294999903817371,0.2594389171480223,-0.07203937788185077,0.04883562519063449,-0.01309021586958265,-0.0026889130851986444,0.9908817881497161,-0.0004651294913991312,0.008775241250032867,0.0032768784564836035
0.3061079728361386,0.19258732860860847,-0.009853752629589596,0.20664154808110274,-0.09853477351582089,-0.052650525183404816,-0.023266438880139483,0.00827051138078333,0.9869769669788634,-0.0004749832440287208,0.009081349222869005,0.0034694657850922114
0.17848176545189331,0.2944231686581441,0.06999945817291975,0.2226629930951677,-0.11772283974788882,0.013531851110840104,-0.026355364437772148,0.0016638069023403972,0.9857509558992378,-0.00040498378585580104,0.0092598309883209,0.003763888953750356
0.20984445335315594,0.23217446528337402,-0.1855327912462294,0.20800454132611929,-0.09396103820357828,-0.022437512448078165,-0.009431908677833556,0.003406312245787379,0.9893574610046304,-0.0005905165771020305,0.009469675441674055,0.00399606341903373
0.07239987286276248,0.20975627040913175,-0.01783667056440083,0.15726319013695952,-0.04571523737118725,0.0013653119279292258,-0.013990731885539235,0.005679078640262436,0.9876239052914302,-0.0006083532476664314,0.009542075314536817,0.004205819689442863
-0.2049416032426767,0.04519433777758956,-0.17913048846804547,0.17345902606818284,-0.12319829043114161,-0.0018677878531398965,-0.02015742890949782,0.010138111807424025,0.9815224563950857,-0.0007874837361344768,0.009337133711294139,0.004251014027220452
-0.185460150539484,0.044208499249070776,-0.19331671705088607,0.09468500132955114,-0.11420124939397065,-0.08651214900243334,-0.02171660183462588,0.009715109042390677,0.992637721067762,-0.0009808004531853627,0.009151673560754655,0.004295222526469522
-0.21570417072533066,-0.11148168585827897,-0.32578202710849197,0.08805749915432674,-0.03782950730616242,-0.0820773993034246,-0.010830424053887816,0.003541354196966053,0.985267761211871,-0.0013065824802938547,0.008935969390029325,0.004183740840611243
-0.13993644658549503,0.05482714474089016,-0.2769530603166063,0.11091031982659415,0.005123617853516364,-0.08917852674188238,-0.012064929392083423,0.006903866938789491,0.9870638638155256,-0.0015835355406104612,0.00879603294344383,0.004238567985352134
-0.10761933536465812,-0.14175025359216534,-0.21808599954746238,0.004843320800087094,-0.03354389577309275,-0.004946211103169626,-0.01252992283190781,-0.00031058523421338864,0.9914292875368184,-0.0018016215401579238,0.008688413608079173,0.004096817731759968
-0.2483210637821217,-0.1924163485583539,-0.2986791575952893,-0.02856443544800192,0.04011783836751009,-0.033268367500266724,-0.00831911828775623,0.006061862656816321,0.9941779736392595,-0.002100300697753213,0.00844009254429705,0.003904401383201614
-0.38885266459333445,-0.18047526674554862,-0.23288005536128042,-0.027072722496104096,-0.013659099279295362,-0.03549774005103159,-0.020925383512343028,0.0022354620457902805,0.9928818911333342,-0.002333180753114493,0.008051239879703714,0.0037239261164560655
-0.20800220116811113,-0.2144639134056714,-0.23918924559764831,-0.04956724945636359,-0.017748537671106727,-0.05330569345181151,-0.020177981916922,0.005788027252246732,0.9927413107865005,-0.0025723699987121418,0.007843237678535604,0.003509462203050394
-0.35861226502428734,-0.21554848714242286,-0.306938443771507,-0.10128435174817739,0.06941789383664654,-0.04516552819325494,-0.01161975810314133,0.010835787999391892,0.9928335299606794,-0.0028793084424836484,0.007484625413511317,0.003293913715907971
-0.3068305076968133,-0.22567415620437772,-0.31145495479431834,-0.08642659493839212,0.024452145409970677,0.012569250886781382,-0.007597456710022666,-0.0014865508238607202,0.9797613845902267,-0.0031907633972779667,0.0071777949058145045,0.0030682395597035938
-0.16584472114149745,-0.22607836048427457,-0.2533923815355179,-0.09901200164298801,0.04033458416454464,0.06567497350219229,-0.009970355115287727,-0.0044533536473040074,0.9867706928201981,-0.003444155778813484,0.007011950184673006,0.002842161199219319
-0.3309531440249467,-0.29352865773965564,-0.17841147739976448,-0.11346934064861781,0.09855553674333067,0.048976979900857635,-0.01742661968763888,0.0009675057074852206,0.9884212731868633,-0.0036225672562132487,0.00668099704064806,0.0025486325414796635
-0.3312434673210947,-0.4119266552037946,0.04487684767846539,-0.1789632818194261,0.0672428071509708,0.04665131671217589,-0.023806677974898497,0.008890996663220822,0.9892000825270573,-0.0035776904085347834,0.006349753573326965,0.002136705886275869
-0.13847672174604087,-0.07354956689494928,-0.032699035428906696,-0.1154448880426891,0.12635851793005753,0.12517129779349068,-0.012456892567364212,-0.004747020025191551,0.9921900977690249,-0.0036103894439636903,0.0062112768515809255,0.0020631563193809197
-0.25200134800463264,-0.07018000782397624,0.10233534383188275,-0.11430711521435699,0.07880723205096951,0.09528053814999898,-0.02464970974495199,-0.0014514320740346238,0.9898122727875509,-0.0035080541001318074,0.005959275503576292,0.0019929763115569435
-0.23525105906812815,-0.08258643472629885,0.1063155730214764,-0.10931915637754273,0.12429076039632378,0.12172373412226876,-0.017511413043865384,0.006891085642311678,0.9888886964178416,-0.003401738527110331,0.005724024444508164,0.0019103898768306447
0.007480585738490114,-0.014211492389057348,0.20061106551526797,-0.07580536264807597,0.14530676801394504,0.13404308042060942,-0.017054139610620953,0.009522662497179635,0.9859936706361295,-0.003201127461595063,0.005731505030246654,0.0018961783844415874
-0.02558288115085507,0.13613597063939392,0.3718086835707797,-0.03962178350794422,0.10297531096348439,0.11997947290449094,-0.01725772427703171,-0.003335294227003097,0.988756364748166,-0.0028293187780242834,0.005705922149095799,0.002032314355080982
0.05006819826329102,0.07443576930196295,0.341328440854986,-0.05199862500579074,0.07509223975369224,0.05769648097782043,-0.019338355805214553,-0.0019135167640711706,0.997322834243416,-0.0024879903371692975,0.005755990347359088,0.002106750124382944
0.14516346547992226,0.06707997940108038,0.37319182880481183,-0.005032828859225609,0.04864296102913816,0.09470206118166133,-0.024217055428780485,-0.0009903216925452336,0.9835701035801468,-0.0021147985083644857,0.0059011538128390115,0.0021738301037840246
0.3100805602271289,0.18982899947692852,0.2788226863860514,0.015562493331613417,0.11623396744375553,-0.011323501470213925,-0.017843652177535876,0.0048243930658803365,0.9795598044869518,-0.0018359758219784342,0.00621123437306614,0.0023636591032609533
0.23893255471910058,0.151947024484886,0.32545223517469063,0.04521927826595201,0.04076548960398292,0.036886023108112224,-0.01356815797818176,0.009697482722670557,1.000385148021492,-0.0015105235868037436,0.006450166927785241,0.0025156061277458396
0.3025808963576241,0.2908028635635522,0.2827532878919418,0.03744022649954837,0.004089657715746291,0.04129610321860092,-0.020654560423522265,-0.0018185553353949244,0.9899954286278072,-0.0012277702989118018,0.006752747824142865,0.0028064089913093916
0.14178011118450043,0.2495767311328834,0.16774243095866487,0.10280568486612379,0.08386905145635136,-0.025802207303303605,-0.016798510508822265,0.002494137869773999,0.9882098097425394,-0.001060027867953137,0.006894527935327365,0.003055985722442275
0.4031207356379402,0.1845825572774171,0.16571374743990638,0.14474989180980652,-0.0016209761285882751,-0.039794206275049496,-0.016479756402621448,0.005255156857932119,0.983745504585856,-0.0008943141205132304,0.007297648670965305,0.003240568279719692
0.44216153037405304,0.24120345297031512,0.10379159146931369,0.09108304254047445,0.08819816608699341,-0.05299476524035041,-0.011387293531259259,0.0029614969728805115,0.9859433462276584,-0.0007905225290439166,0.007739810201339358,0.003481771732690007
0.2547083365195977,0.15532717121205286,0.04805550974322717,0.10253974751946958,-0.028789231988819185,-0.09670196049925336,-0.023458161261048677,-0.003665676945661636,0.9914512786065218,-0.0007424670193006895,0.007994518537858956,0.003637098903902059
0.3276128121572118,0.17498999892865175,-0.053753862503680166,0.16999244328417595,-0.0016722240579736388,-0.13371447969777334,-0.006892957147840736,0.0016964963500892538,0.988570523691975,-0.0007962208818043698,0.008322131350016169,0.003812088902830711
0.37637124580606196,0.14453563967477714,-0.018065580034066074,0.07790697015826269,-0.023095023057646873,-0.19596285091830273,-0.021508075464427817,-0.00494319875163587,0.9821678985614408,-0.0008142864618384358,0.00869850259582223,0.003956624542505488
0.40816096011204767,0.0803357404835241,-0.10921888365517339,0.051653850149872504,-0.03217277480543374,-0.06424415473315045,-0.00799516155890194,0.00787562200678891,0.9853272113282852,-0.0009235053454936092,0.009106663555934277,0.0040369602829890125
0.15830934900825136,0.09626858823082429,-0.12265030623034666,0.12382221436933545,-0.0049378288429636295,-0.13874830009263314,-0.019102542670010363,0.0019453316777892345,0.9958056709453765,-0.0010461556517239558,0.009264972904942529,0.004133228871219837
0.24274801368224194,-0.030828915539021125,-0.19718351113738944,0.08859143303261353,-0.0900438621303676,-0.12687014405315486,-0.018628124566098497,-0.0012189674524522717,0.9870440612783705,-0.0012433391628613455,0.00950772091862477,0.004102399955680815
0.13560707012678025,-0.0829964831545117,-0.1969969490818808,0.013760050858775621,-0.02769886226318054,-0.13080490571804085,-0.015363130584108941,0.00276539876447815,0.9992799843895038,-0.0014403361119432261,0.009643327988751553,0.004019403472526304
-0.026882747723525974,-0.1020128853190329,-0.25069100263345834,-0.035127210639582296,-0.077711530215571,-0.1483663005886349,-0.015217016746743322,-0.001808753572597673,0.9890241068178572,-0.0016910271145766844,0.009616445241028025,0.003917390587207271
0.13769690667615744,-0.14950908141887626,-0.2474387997359747,0.02283663065432533,-0.029006658163408416,-0.11969749188371863,-0.027797611507967893,-0.0009463410405658359,0.9969159504635816,-0.0019384659143126593,0.009754142147704183,0.0037678815057883945
0.010960816589275644,-0.33898750269413525,-0.17962647111348942,-0.07980646135320675,-0.05069926836592018,-0.08964956448862132,-0.011196653885734117,-0.0066454693903994265,0.987363244389805,-0.0021180923854261487,0.009765102964293459,0.00342889400309426
0.015947711293949708,-0.38078997780176704,-0.09562756589134083,-0.0472047992963693,0.0077877540027683325,-0.014120993700725957,-0.024308691053285147,-0.0051139894809131455,0.9918425982713467,-0.0022137199513174895,0.00978105067558741,0.0030481040252924928
-0.1497726636595912,-0.27053767253647687,-0.029721550289421916,-0.14666484472157001,-0.06459409828407531,-0.013116556132197326,-0.01299309676528952,0.002258861915607658,0.9840361349746926,-0.0022434415016069115,0.009631278011927818,0.0027775663527560158
-0.1243879253502925,-0.4667757508257042,-0.01425147230383169,-0.17014858970405172,0.0011839801516136316,-0.019972679744357735,-0.015916624274774215,-0.014022339340770705,0.985514363722841,-0.0022576929739107432,0.009506890086577525,0.0023107906019303117
-0.3151077364412028,-0.5101838398047824,-0.02019629098441928,-0.21129648817303487,-0.04375989573498726,0.011013636485998587,-0.020224586269017325,0.006244927621348345,0.9937808965008283,-0.0022778892648951626,0.009191782350136322,0.0018006067621255295
-0.4020006349878998,-0.3101891990220722,0.10398168885032498,-0.23055179342204649,-0.028268628266945327,0.09049807506304898,-0.023951889250583835,0.0007298755246283911,0.99028956453006,-0.0021739075760448374,0.008789781715148421,0.001490417563103457
-0.3590936304802069,-0.5159582493195595,0.10010850995618441,-0.26032998830774734,-0.014518586829338369,0.05915619217126469,-0.011278447487085088,-0.004261069873971289,0.992669260035624,-0.002073799066088653,0.008430688084668216,0.0009744593137838976
-0.4625220839871055,-0.47424908282593076,-0.08035052046462463,-0.2376550188390249,0.05399229039312184,0.1361275798679201,-0.015847000951101746,-0.012431598848856125,0.9841578204302454,-0.0021541495865532775,0.007968166000681112,0.0005002102309579668
-0.5626345831381979,-0.3969777829204934,0.10285009361311251,-0.19968854710289607,0.06435974038045565,0.1300831351363953,-0.019921975746533874,-0.002460669792179783,0.9846442153405438,-0.002051299492940165,0.007405531417542913,0.0001032324480374734
-0.5350957736317238,-0.3554730292694724,0.18763682822874406,-0.2525749568096445,0.040447317635441835,0.14411958017772436,-0.02255985878350883,-0.0005307648327700309,0.9862468155277043,-0.0018636626647114208,0.0068704356439111885,-0.00025224058123199904
-0.6479903890021842,-0.39775574496854504,0.11511425992337367,-0.20048168588607812,0.008476148042255022,0.11911481121444097,-0.015865192831883784,0.0011203326711357727,0.995544865392075,-0.001748548404788047,0.006222445254909004,-0.000649996326200544
-0.5399088571504106,-0.27752480037294536,0.2043526647253619,-0.2070176854548318,0.09581111170838355,0.1837181316963566,-0.02321258308952127,-0.008551794489924209,0.992507450763682,-0.0015441957400626851,0.005682536397758594,-0.0009275211265734895
-0.6045811092302189,-0.14817250178967828,0.11643201676122047,-0.20336006351762329,0.07617266694999981,0.19107795279593293,-0.01998617471165994,-0.009313649115084822,0.9905800086845308,-0.0014277637233014648,0.005077955288528374,-0.0010756936283631677
-0.5790285956784793,0.013785693838875915,0.13538769383737248,-0.18966292709714977,0.04047368492197694,0.08206622483075553,-0.023159441501534588,-0.00440408674051946,0.9973579668137045,-0.0012923760294640922,0.004498926692849895,-0.0010619079345242919
-0.5519104973619693,0.05215578382745796,0.04115803434913792,-0.12746862306664034,0.0596832084079778,0.1944974283050866,-0.015294662969057663,-0.006954016159905301,0.9925534578936077,-0.001251217995114954,0.0039470161954879256,-0.001009752150696834
-0.5214338049965751,0.05715989931672322,0.03762867248136767,-0.04781076496817041,0.03794302439442434,0.1212306900585917,-0.014784691509136963,-0.00590800801540752,0.9910620206244853,-0.0012135893226335865,0.0034255823904913506,-0.0009525922513801107
-0.5306391829331808,0.1553554679370658,-0.034074838452780754,-0.03757082840728501,0.03090835755445816,0.1395912442991019,-0.011788843555792516,-0.007758153510822955,0.9962194747095842,-0.0012476641610863672,0.0028949432075581695,-0.0007972367834430448
-0.5163227772335159,0.2601166820316811,0.06581443511473321,0.08278552024355888,0.08225545771070161,0.0894666117142657,-0.015359160043121711,-0.001785538867907902,0.9965764186911684,-0.001181849725971634,0.0023786204303246536,-0.0005371201014113639
-0.345258934884193,0.25971891261928065,-0.04991196396729472,0.05198280700692546,0.016936662721772484,0.10027264659119046,-0.020550699223978123,-0.005713742444722798,0.9822996735125299,-0.0012317616899389285,0.0020333614954404604,-0.00027740118879208313
-0.27543622130313467,0.299350223708212,-0.13015378768510238,0.09639928792737727,0.033309723638030794,0.11209273396651165,-0.023939219052671597,5.001075290920944e-05,0.9903724388113893,-0.001361915477624031,0.001757925274137326,2.1949034916128873e-05
-0.2482494092840427,0.3351464565427186,-0.303251140462685,0.1017834415782172,0.03437431366943525,0.009995323884123835,-0.024601937917542834,-0.005623980842064563,0.9976641600339833,-0.0016651666180867162,0.001509675864853283,0.00035709549145884745
-0.21139885861800134,0.47210084435779115,-0.3002457944863653,0.07891489861187653,0.08119549519860093,0.02615157223090528,-0.03151207465905147,-0.004901196871005478,0.9985128242717172,-0.0019654124125730813,0.0012982770062352816,0.0008291963358166385
-0.07732339660661525,0.4332284411794451,-0.2884860078134026,0.20720388078989455,0.016020552162037523,-0.03095208622919756,-0.021475763238826148,-0.0027993823829350075,0.9905762142857096,-0.002253898420386484,0.0012209536096286664,0.0012624247769960836
-0.046550894438580764,0.4021429780371488,-0.29308964050446623,0.18841191738090046,0.0008834692515480667,-0.03320813621929014,-0.024762824472750248,0.00313414183849132,0.9881196407782211,-0.0025469880608909503,0.0011744027151900857,0.0016645677550332326
0.0953608605215368,0.42333421271000804,-0.32607873723692343,0.20353398256873295,0.006430223427236767,-0.11991918508647594,-0.029188667348895574,-0.006499885140602629,0.9891362802026825,-0.0028730667981278733,0.0012697635757116224,0.0020879019677432407
0.043323738041338794,0.29316445119718276,-0.23892961338669944,0.16757708795621684,-0.04108608039615741,-0.07154147190504236,-0.015275506965304251,-0.004153201305896803,0.9860812102187659,-0.003111996411514573,0.0013130873137529612,0.0023810664189404234
0.2146096157994481,0.43431485743630815,-0.2897418021749349,0.18221420186399276,-0.07645698977263858,-0.08209625452060039,-0.01185395375688417,0.0016455542423603736,0.9906757965539796,-0.003401738213689507,0.0015276969295524093,0.002815381276376732
0.3241736442837287,0.3510225292215256,-0.11875218297529766,0.20631432593096594,-0.07082363509386874,-0.0889832381602748,-0.02528145445702419,-0.007815585266109159,0.9829930589651679,-0.003520490396664805,0.001851870573836138,0.0031664038055982573
0.4593410725194206,0.21255958889538487,-0.17122811174196068,0.15908904557606138,-0.0632427015764162,-0.06873779878938581,-0.026400236786012925,-0.0073998107735212156,0.9929674842732638,-0.0036917185084067664,0.0023112116463555586,0.003378963394493642
0.3861179566567244,0.2774291182479366,-0.16745166891463073,0.1719252453562126,-0.09446232821018151,-0.05233390590217119,-0.02229952770254808,-0.015918637218520656,0.9937225752396059,-0.0038591701773213966,0.0026973296030122834,0.0036563925127415793
0.6096693500955409,0.10762155120315903,-0.11871341564368049,0.1332016985295553,-0.07770185007831189,-0.05238310509952734,-0.016990725849782836,-0.010917026994164553,0.9910506926862999,-0.003977883592965077,0.003306998953107824,0.003764014063944738
0.6110301180329064,-0.012946582563129257,-0.08153893587000155,0.11481243153466944,-0.004781343964440829,-0.011477631239383218,-0.01909133877713077,-0.002173646951198538,0.9866398783244384,-0.004059422528835079,0.00391802907114073,0.0037510674813816085
0.5301098489449699,0.053048113398285,0.007587220262017198,0.013625165124987296,-0.12669522297681113,-0.021835998080087078,-0.01655575409639579,-0.006683227661997273,0.989122285168083,-0.004051835308573061,0.0044481389200857,0.003804115594779894
0.5843649460306681,-0.04790535409700436,0.1827326944069172,0.0425976165670211,-0.1085758816298079,-0.049218213025527445,-0.018919555611180274,-0.0028050703192026424,0.9861779062030318,-0.003869102614166144,0.0050325038661163685,0.0037562102406828897
0.5831064044650913,-0.12502022857085943,0.12421374348057715,-0.054360501734509806,-0.1253754610534991,0.0032597018837886727,-0.02377449492846703,-0.015709333230765968,0.992566116588061,-0.0037448888706855667,0.00561561027058146,0.0036311900121120304
0.43119317230135623,-0.21847390669939165,0.22808196347285067,-0.021459243377371505,-0.04804568056441738,-0.06624744798629544,-0.02556163908228815,-0.0108044815403779,0.9892419723801605,-0.0035168069072127155,0.006046803442882816,0.003412716105412639
0.5806539961604013,-0.30522286299935614,0.29747408385386936,-0.0960512455019302,-0.09025648555779273,0.048590425893202414,-0.03074660633278884,-0.003920834513641938,0.9894356903033115,-0.0032193328233588465,0.0066274574390432165,0.003107493242413283
0.44336579889670813,-0.33772643759364507,0.22596382642590024,-0.0992326590223613,-0.08202528867466136,0.11428929030260496,-0.023291349940891166,-0.009182058239567331,0.9976889124622584,-0.0029933689969329456,0.007070823237939925,0.0027697668048196375
0.49799570132956933,-0.3285408087428241,0.26749981269224826,-0.10632208226318665,-0.06359439254792422,0.11055342610408295,-0.017406179636052874,-0.009481686993139248,0.9954936450499157,-0.002725869184240698,0.0075688189392694935,0.0024412259960768135
0.43956160402506733,-0.2855019203732031,0.2845450021795821,-0.09168866923151879,-0.0611526042781742,0.11212986650159583,-0.027837767290099312,-0.0094059465003002,0.9983081717027695,-0.0024413241820611157,0.008008380543294561,0.0021557240757036104
0.31097162383606386,-0.23354931931024808,0.1996461504051634,-0.1124346893609144,-0.05902792633081926,0.1365612417537205,-0.01626108132528443,-0.006581334820266798,0.9875899281224733,-0.002241678031655952,0.008319352167130624,0.0019221747563933625
0.29955122358658764,-0.3150376276616285,0.2892861852740126,-0.1530756426336808,0.0025043373046430345,0.0623828769230683,-0.017087427209247098,-0.017593943880676796,1.0078237786820416,-0.001952391846381939,0.008618903390717213,0.0016071371287317338
0.23660208263268545,-0.21318427648267518,0.2873592267919183,-0.12592522753376287,-0.03246827446435558,0.07234924847705324,-0.014468151306535334,-0.011544173763277448,0.997731200208286,-0.001665032619590021,0.008855505473349899,0.0013939528522490586
0.09440564902947654,-0.1215442837159533,0.2464317372162918,-0.14566007403967077,0.06567787211785775,0.10490267697833297,-0.01357067992457009,-0.016606268100116766,0.9953304407082426,-0.001418600882373729,0.008949911122379377,0.0012724085685331052
-0.011180664245824354,-0.17535849004212845,0.0850143991881233,-0.10357833520499501,-0.0012151146272187672,0.029800847021188445,-0.012645022478360031,-0.020665186232043095,0.9933785946960663,-0.0013335864831856058,0.008938730458133553,0.0010970500784909768
-0.18488121927786763,-0.10159830591852953,0.0871258557560265,-0.07949799422898349,0.019512612893800563,0.06337490436450255,-0.017610933879520896,-0.009958932559541405,0.9808329926498549,-0.0012464606274295792,0.008753849238855685,0.0009954517725724473
-0.07967199327411519,-0.07585350933771384,0.07425197232723009,-0.11353046436740635,0.07733823052121734,0.014415226720659034,-0.017080720292475926,-0.0065112249303998304,0.9883532162207138,-0.0011722086551023492,0.00867417724558157,0.0009195982632347335
-0.07678190023898471,-0.00037813669690773405,-0.10865956218144074,-0.036317667367725404,0.09570373621505844,-0.028373643974309685,-0.024829600322667733,-0.004834370005110928,0.9804778658205684,-0.00128086821728379,0.008597395345342587,0.0009192201265378257
-0.22519082952722605,0.09162699690386328,-0.056543931018345976,-0.012666918035681327,0.07637925202989483,-0.04606227649083043,-0.015810782958224898,-0.003513384251481233,0.9996696523740138,-0.001337412148302136,0.008372204515815359,0.001010847123441689
-0.20190271016750577,0.2648339806681145,-0.05208621656575811,0.03963810035613007,0.1178701504138337,-0.0777817853417132,-0.021834481561490263,-0.010212273524372185,0.9890563145021193,-0.001389498364867894,0.008170301805647854,0.0012756811041098035
-0.16119566801887714,0.30915917529899206,-0.12158099292310556,-0.007823937964421681,0.058294231258949177,-0.10288881205902155,-0.025536484720540993,-0.014547459524557176,0.9955004227565617,-0.0015110793577909995,0.008009106137628976,0.0015848402794087957
-0.2874838240164782,0.2310170703878983,-0.17180327189698683,-0.003165396284299597,0.07347288643406079,-0.124220077736323,-0.017519227746687172,-0.010031814569357816,0.9977175059209192,-0.0016828826296879863,0.007721622313612498,0.0018158573497966937
-0.30438970940241916,0.1557749293984351,-0.14755039689491775,0.07323581687276862,0.1261614823521742,-0.11377044616412486,-0.02628413205053142,-0.009433399027403793,0.9866066932193438,-0.001830433026582904,0.00741723260421008,0.001971632279195129
-0.40412721510557537,0.26381214619105187,-0.2323946012763136,0.07814736727062306,0.12224625518939575,-0.10860543336379108,-0.029160503756657158,-0.014402512679627598,0.9963970387444359,-0.0020628276278592175,0.007013105389104504,0.0022354444253861808
-0.318551547519539,0.23520515657884633,-0.10635230260633691,0.06945521525250585,0.10465726111373776,-0.14511759542927855,-0.014307937878025642,-0.007800413363262753,0.9828313753844156,-0.0021691799304655547,0.006694553841584965,0.0024706495819650275
-0.311114333616742,0.22540471302119272,-0.2041907579188818,0.14114147787922338,0.13916789234607632,-0.1267031517339493,-0.016890611574797296,-0.006782927977927933,0.9932275365959985,-0.0023733706883844368,0.0063834395079682225,0.00269605429498622
-0.30319264175500177,0.2280678308965134,0.08071937448200657,0.16302244163864607,0.08641468915877487,-0.13271179206275485,-0.023680570669290277,-0.008413692031919738,1.0034205028324097,-0.0022926513139024302,0.00608024686621322,0.0029241221258827334
-0.3017073743683716,0.2563101351526381,-0.21873123488835755,0.09299115573354398,0.01106871900668616,-0.09399980147568043,-0.02266501534582723,-0.01343648046918551,0.9980986371762112,-0.002511382548790788,0.005778539491844849,0.0031804322610353717
-0.19312097362730804,0.09658414762116158,0.04673546115490595,0.14143198550648425,0.14516570519113783,-0.11345688185087392,-0.023665276539808204,-0.016635616314562604,1.0009755724850125,-0.002464647087635882,0.005585418518217541,0.003277016408656533
-0.36472770432875323,0.16727216868595807,0.12524059214948258,0.09467775337587603,0.06973626683245285,-0.09395300134735193,-0.019129648786433227,-0.011197181192307885,0.98309872908477,-0.0023394064954863993,0.005220690813888788,0.003444288577342491
-0.19315922569231694,0.0013932275934904759,-0.07071407633164807,0.06154047644629658,0.0337547408676013,-0.01759857096361371,-0.025584479216392193,-0.011124821252148656,0.991579090388296,-0.0024101205718180477,0.005027531588196472,0.0034456818049359815
-0.11697378939842623,-0.01619823954853658,0.1068896321072106,0.01014693022733352,0.042047738873706185,0.0007137789165012464,-0.015010431202133637,-0.020597033862473108,0.9895121397733468,-0.002303230939710837,0.0049105577987980445,0.0034294835653874453
-0.17064945872642795,-0.09114607755608374,0.1458071245525412,0.06420032615874144,-0.013996874543167837,0.02990109978907033,-0.02462029856414219,-0.020073175785734178,0.9953535401121982,-0.002157423815158296,0.004739908340071618,0.003338337487831361
0.0636951100746366,-0.17002930334113472,0.1952675761640723,0.002625691804984929,0.03975426748699121,0.06683289214456661,-0.01571874501093492,-0.0175668766262476,0.984485833642453,-0.0019621562389942233,0.004803603450146254,0.0031683081844902264
0.013614219894109644,-0.2800526985951881,0.34406317534209385,0.018392903824145393,-0.03617486190317479,0.054693124224716595,-0.022679171930619718,-0.013455752497583014,0.9955608927071182,-0.0016180930636521295,0.004817217670040363,0.0028882554858950383
0.14160209037300636,-0.30713472031780975,0.24352078956456952,-0.06695426840836122,-0.028743480362243178,0.11277271460021511,-0.01793449815854561,-0.015692498994761512,0.9923760176285613,-0.00137457227408756,0.00495881976041337,0.0025811207655772285
0.15914445530803847,-0.30027595635511584,0.2482161281719054,-0.05462384829115134,-0.047674585268331994,0.15806547710002664,-0.019582971422885596,-0.008826363539084819,0.9890206989166932,-0.0011263561459156546,0.005117964215721409,0.0022808448092221127
0.15968391417675343,-0.4664123144354236,0.12984368292260529,-0.0944774397819713,-0.04334816874513259,0.20404602944366046,-0.01420361633019969,-0.014759257497658745,0.9947651684030269,-0.0009965124629930495,0.005277648129898162,0.001814432494786689
0.21895230391528903,-0.3223903458708294,0.13098382555481716,-0.16906947427622113,-0.08519412477379368,0.16739516832065832,-0.02717487758041768,-0.011946994329389563,0.9809230584993966,-0.0008655286374382323,0.005496600433813451,0.0014920421489158597
0.3048291989994149,-0.5266147648155463,0.25923652188795343,-0.22060177540888512,-0.08492366817966131,0.16090040483201715,-0.01775927838534863,-0.01617043081718711,0.996947579365183,-0.0006062921155502788,0.005801429632812866,0.0009654273841003136
0.21773635059025354,-0.34737983710261644,0.15154740925923624,-0.22651939284300107,-0.06819772432731118,0.17288040408361738,-0.015819550641165664,-0.007553792539563616,0.9937900195351356,-0.0004547447062910425,0.006019165983403119,0.0006180475469976971
0.3196099136519585,-0.544927111543569,0.04861805148328725,-0.2517753151786912,-0.06633023131395388,0.13359619827192162,-0.01113733333561774,-0.009230506214690582,1.0012677211018732,-0.00040612665480775525,0.006338775897055077,7.312043545412806e-05
0.36479687040752223,-0.3859556092218843,-0.14789161921040597,-0.2575867516968612,-0.052758054548724,0.14841499170708736,-0.01588725879198844,-0.025834801610098213,0.999241504977436,-0.0005540182740181612,0.0067035727674626,-0.0003128351737677563
0.34085209273679323,-0.2871683861227601,-0.15555570047279435,-0.25159010882728655,-0.06068097132719716,0.09188354061001318,-0.01686811303373313,-0.016587306254452604,0.988704857545828,-0.0007095739744909556,0.007044424860199393,-0.0006000035598905163
0.23569714779833154,-0.2767500930489061,-0.1996034373122546,-0.23098810977931208,-0.06887730777066509,0.07302352388962305,-0.021630814993812267,-0.009921665533015364,0.9919342671348123,-0.0009091774118032102,0.007280122007997725,-0.0008767536529394224
0.3385878234054398,-0.34176869375221236,-0.17070865058086807,-0.1881640224330323,0.0013861925504658644,0.13206622587001507,-0.02065323736275833,-0.01586735168787385,0.989011388733409,-0.0010798860623840783,0.007618709831403165,-0.001218522346691635
0.2452658689465091,-0.201306359632499,-0.1961035699961236,-0.2392541762457682,-0.03947198942011161,0.03483200667523865,-0.02443229271026128,-0.018661554094711676,0.9935705542116048,-0.001275989632380202,0.007863975700349675,-0.0014198287063241339
0.30744080654994804,-0.138382611223977,-0.2507703637593153,-0.18695254093609293,0.048976442030708875,0.01129817357420102,-0.018443930057017062,-0.025092639712420428,0.9963436982796664,-0.0015267599961395172,0.008171416506899622,-0.0015582113175481107
0.2904758133271031,-0.17344046011470854,-0.2792851414388611,-0.13468433615233735,-0.0029155232342797915,0.02190189309557003,-0.026770305845733505,-0.025721084984194537,0.9957689447669098,-0.0018060451375783782,0.008461892320226724,-0.0017316517776628194
0.08281219867019793,-0.02775399158884064,-0.27455642419466597,-0.07381930542384085,0.02690506274560086,0.029200474519057447,-0.012196236693015759,-0.01234534606137194,0.9957590798447665,-0.0020806015617730444,0.008544704518896922,-0.0017594057692516601
0.016245942724539664,0.18826847195845892,-0.23355301698630695,-0.051456090580149536,-0.01083893445171026,-0.0476061243851722,-0.018789562911455473,-0.01332401381243713,0.9941961548382399,-0.0023141545787593513,0.008560950461621461,-0.0015711372972932011
-0.01866897847449724,0.16743949619618836,-0.2639683310509403,-0.03660693799879289,0.06169935774395586,-0.09445429562008756,-0.025835607108828963,-0.019240739124962665,0.9931146492719293,-0.0025781229098102917,0.008542281483146964,-0.0014036978010970131
-0.033388996512448296,0.24357901619836003,-0.16567516805171004,0.023580939604656827,0.03308728151255239,-0.05401386890325218,-0.017041347708209153,-0.02365395601624886,0.9980217041692215,-0.002743798077862002,0.008508892486634516,-0.001160118784898653
-0.165941187559409,0.30059739611874087,-0.10013067217935626,0.07124992212541599,0.07012876025933978,-0.011556897870969885,-0.027464487754202335,-0.01702653388931538,0.9840483314290133,-0.002843928750041358,0.008342951299075108,-0.000859521388779912
-0.2627325317128002,0.3901497694626934,-0.13361445826113688,0.06961623034366753,0.048926301158418894,-0.13602274724126628,-0.02102235286574657,-0.017629519499363637,1.0019242849130616,-0.0029775432083024946,0.008080218767362307,-0.00046937161931721866
-0.23588609609592973,0.4871334251381928,-0.12370301420941769,0.15006333935684507,0.06675437374490822,-0.14000615294043792,-0.023215740916995766,-0.021200302545872744,0.9838085488356306,-0.0031012462225119123,0.007844332671266377,1.77618058209742e-05
-0.3768668691058299,0.481808288243292,0.07252631322521892,0.12056062095323603,0.06055348158586828,-0.08648707713126234,-0.014729949182834424,-0.00985866264684939,0.9872742644324165,-0.0030287199092866937,0.007467465802160548,0.0004995700940642662
-0.273226304082748,0.4232848669739384,0.14201642938623038,0.17768436755074535,0.053735968973350576,0.0007168783064314451,-0.021796236486042196,-0.02397157898145887,1.0040084012853352,-0.0028867034799004627,0.007194239498077799,0.0009228549610382046
-0.5119192367336945,0.39363118296432653,0.29958518598602,0.19931959402916613,0.07271250184397426,-0.08999773900452539,-0.02320742342124349,-0.010450771355123994,0.999560053875905,-0.002587118293914443,0.006682320261344105,0.0013164861440025312
-0.5156403115220294,0.4762025262985671,0.2028771386048382,0.23966862556448626,0.10096998906238047,-0.06587079531751494,-0.013755002999567027,-0.004019399862207701,0.9886117708798831,-0.0023842411553096046,0.0061666799498220765,0.0017926886703010982
-0.6137553895328156,0.34436932104750034,0.3492597121800608,0.20128890301170366,0.0952794066661194,0.0007236801407749707,-0.021784697812780758,-0.007952965274605317,0.9862720470682445,-0.002034981443129544,0.00555292456028926,0.002137057991348599
-0.5230735015432884,0.35160872416116096,0.2480620961011757,0.23518292428857707,0.05169941023172577,0.037679461081224185,-0.014700949472006303,-0.014708015183415489,0.9919399430976389,-0.0017869193470283684,0.005029851058745971,0.0024886667155097596
-0.624753287045843,0.42715538085484395,0.3867002574637848,0.2238089983930703,0.035252414197049345,0.019837975621728662,-0.022734031612457743,-0.021716046663228152,0.9888112096454306,-0.0014002190895645835,0.004405097771700128,0.002915822096364604
-0.5490001708928866,0.1471934783972146,0.25138320702894196,0.18759624483241716,0.015992818432858442,0.11959506582823413,-0.013341005357885558,-0.018216180018200266,1.0001768142511525,-0.0011488358825356415,0.003856097600807241,0.0030630155747618185
-0.4500577625404315,0.0915165733515336,0.17647825057261657,0.14027295111098922,0.027962026747211613,0.08205011061116674,-0.02178849921235989,-0.024587898883496218,0.9938951223141331,-0.000972357631963025,0.0034060398382668097,0.0031545321481133517
-0.6133984039472276,0.06844056381876681,0.3057179158997915,0.13439579208278718,-0.02991040349513815,0.04915991872658042,-0.01578736819949482,-0.02729582109938987,0.9850246223888733,-0.0006666397160632335,0.0027926414343195823,0.0032229727119321185
-0.40625099697941847,-0.03554208625823435,0.22346554719308392,0.12015194359962644,-0.012944907815006259,0.09963509588159469,-0.012999945709722342,-0.022774219203810352,0.9994468962818782,-0.0004431741688701495,0.002386390437340163,0.0031874306256738844
-0.32813727848062535,-0.03290445546007767,0.13346090783788273,0.037229533624798,-0.01943712523250332,0.082104939091577,-0.01840261869724528,-0.023764616375161723,0.989719108577584,-0.00030971326103226675,0.0020582531588595374,0.003154526170213807
-0.2839479174309084,-0.20296036989746297,0.09837811054246505,-0.020256341497517802,-0.039954298236797664,0.11777488834087217,-0.019386938246509278,-0.0210226864525551,0.9933326888240626,-0.0002113351504898017,0.0017743052414286292,0.002951565800316344
-0.21863649280898392,-0.058723233971517505,0.01767224726422819,-0.029803766785701805,-0.04924668894769018,0.10840938842348688,-0.018768374468448236,-0.02570211288146169,0.9932162119501888,-0.00019366290322557348,0.0015556687486196453,0.0028928425663448266
-0.22031685614412996,-0.23708174882580996,0.00044812868693779387,-0.024732352020085252,-0.03221665763052668,0.09796091949335219,-0.009319468536795243,-0.01811726153763094,1.005100063372433,-0.00019321477453863569,0.0013353518924755154,0.0026557608175190165
-0.2835973200933125,-0.2913180403372579,-0.0753469501355708,-0.013713338577848927,-0.10812329303663637,0.03014374474167969,-0.003762152197522333,-0.02357348169941307,0.9901593872625435,-0.0002685617246742065,0.0010517545723822028,0.0023644427771817586
-0.19173214109193593,-0.17871039544618328,-0.19842541274539738,-0.09933545772183602,-0.10594229885875363,0.1072952203189527,-0.03402584549070513,-0.02353950883942106,0.9935644716623203,-0.0004669871374196039,0.000860022431290267,0.0021857323817355756
-0.1460870008890628,-0.2239516267788679,-0.12596688067416928,-0.14194116290974612,-0.07600327866884772,0.06331138716213298,-0.022911651212617942,-0.022633862674364687,0.9920425496081446,-0.0005929540180937731,0.0007139354304012041,0.0019617807549567076
0.0547676741761978,-0.2926228608441653,-0.20488650830981758,-0.1541358987131669,-0.11124452114977362,-0.028697784880396038,-0.017589631383451265,-0.028091468684160174,0.9974438981893841,-0.0007978405264035907,0.0007687031045774019,0.0016691578941125424
-0.008818310814655658,-0.2384776133982305,-0.2292851439239879,-0.21364551010367847,-0.06412846580084743,0.043196229863772466,-0.014858705098562887,-0.026841245773120748,0.9988917490728171,-0.0010271256703275786,0.0007598847937627462,0.0014306802807143118
0.2347580144169993,-0.2551339229232253,-0.13375107910278178,-0.17330518780419465,-0.09445632719705714,-0.0324789688508234,-0.018860097549668775,-0.02535747262311905,0.9954218425374401,-0.0011608767494303604,0.0009946428081797456,0.0011755463577910867
0.3431494570176559,-0.22972414507290326,-0.18926791586514935,-0.16239136124672848,-0.09398418584676008,-0.1137919209762034,-0.012068698117196082,-0.03054085303108859,0.9951473615904851,-0.0013501446652955098,0.0013377922651974016,0.0009458222127181832
0.27166380026075915,-0.22425364420794558,-0.14952265827874256,-0.10694910790385231,-0.1330476290667117,-0.05415690656231729,-0.018562222811204766,-0.020743019287038852,0.9996273694134129,-0.0014996673235742523,0.0016094560654581606,0.0007215685685102377
0.3429046079283846,-0.04891315195632393,-0.0573325631421121,-0.10700057226087614,-0.044436747542308606,-0.03380374799892274,-0.023431154542096724,-0.022061763101992628,1.002802680521414,-0.0015569998867163647,0.0019523606733865455,0.0006726554165539137
0.25037577637873876,0.09021742792311052,-0.030069635288933035,-0.060164132604828724,-0.07850992921576191,-0.11107226466433338,-0.022176440328229054,-0.021689508463099937,0.9983067601028336,-0.0015870695220052977,0.002202736449765284,0.0007628728444770243
0.49268283913128036,-0.054309307680593166,-0.11251813464888016,-0.0604910790748007,-0.08462679721174451,-0.08447072636267612,-0.019036509103189214,-0.028394810099157574,0.9989392969735441,-0.0016995876566541779,0.0026954192888965643,0.000708563536796431
0.5805100483786181,0.06010821703047353,0.04520771620135895,-0.04854601371128963,-0.04194115067140688,-0.1363601112617649,-0.02169946841266384,-0.013424865077431299,0.9937715175365002,-0.001654379940452819,0.0032759293372751825,0.0007686717538269046
0.5966641375992108,0.17681276187738454,0.06749559306551434,-0.018996987429746134,-0.03234161719741428,-0.16936687611022025,-0.010648457620439348,-0.020948441152162035,0.995973812686553,-0.0015868843473873047,0.0038725934748743934,0.0009454845157042891
0.45448201435895597,0.22643032792032822,0.0005977250782766425,-0.019743529891621224,-0.05493422495779655,-0.08427179075383663,-0.02726194618511569,-0.020605914389851154,0.9920104275704064,-0.001586286622309028,0.00432707548923335,0.0011719148436246172
0.574065628307602,0.14337426677121248,0.1050045456957342,0.044114692268640704,0.03420331844208022,-0.12692399480467265,-0.025316348602719772,-0.025940061257671048,0.9928740087515331,-0.0014812820766132938,0.004901141117540952,0.0013152891103958297
0.5327424036309804,0.2601613549662968,0.143223820417158,0.09834750724301251,0.059751811067428634,-0.11947700705921836,-0.017266237856143236,-0.020735379441307888,0.9951233805013802,-0.0013380582561961357,0.0054338835211719325,0.0015754504653621268
0.4553638793351009,0.19014704528573695,0.11597157883055477,0.05501252611756661,0.11427368904578568,-0.10593044818003632,-0.014367017462119255,-0.02484998306574772,0.990659711328799,-0.001222086677365581,0.005889247400507034,0.0017655975106478637
0.42216440547746564,0.17517270880244107,0.16654586637029653,0.1144776331637778,0.10812746060218244,-0.04557796296291819,-0.01758421407963567,-0.016153789443220892,1.0089816852044375,-0.0010555408109952844,0.006311411805984499,0.0019407702194503048
0.49771465083293753,0.14920255743456168,0.09977750299188855,0.09833638298638293,0.10921145342833172,-0.021966775962238776,-0.022259848218646943,-0.033211312570672544,0.9944545565425496,-0.0009557633080033957,0.006809126456817437,0.002089972776884866
0.3342055256186709,0.29499661523055376,0.2263566792314483,0.10969913621188436,0.09548458734621261,-0.002794530115476838,-0.0209190085060248,-0.0228200974361798,0.9964441510607905,-0.0007294066287719473,0.0071433319824361075,0.0023849693921154202
0.3558250035379997,0.12798217127203387,0.07058939799979386,0.09632863626564211,0.13093114551469043,0.04833400103539035,-0.012639202488104843,-0.02458087541994528,0.9967163445298793,-0.0006588172307721535,0.007499156985974107,0.002512951563387454
0.2978270795231699,0.16129367338513004,0.12963890918640514,0.12701470407634446,0.09628905687409717,0.05248029736655017,-0.025945289561687748,-0.021312737283941147,0.9939845974369074,-0.0005291783215857482,0.007796984065497278,0.0026742452367725838
0.12190166584531514,0.1524895617837139,0.04935121666357729,0.12227289782713069,0.09761952142267327,0.05221110250614922,0.0002083859802496646,-0.016585448209955087,1.0013540324332193,-0.00047982710492217094,0.007918885731342593,0.002826734798556298
0.28667840846642456,0.15136759649970943,0.038107350561999306,0.08262613357902379,0.1342183593885227,0.08374666790675538,-0.022113859307612192,-0.018477362959669126,1.0007106187066208,-0.00044171975436017164,0.008205564139809017,0.0029781023950560073
0.018293811325129784,-0.001308433979037715,-0.02842316082681913,0.06831126250296335,0.11418554465933112,0.14257628143374446,-0.0228421669302702,-0.024072037642737774,0.9949982249258592,-0.00047014291518699075,0.008223857951134146,0.0029767939610769695
-0.06392920209871442,-0.03877090478669923,-0.12692935650835974,0.058464675829756604,0.09002333313394302,0.13393346478766952,-0.019809092891252038,-0.023519860828742564,0.999034259686135,-0.0005970722716953505,0.008159928749035433,0.0029380230562902703
-0.1485736341160873,-0.09848758958584194,-0.0823800145141373,0.06212418778724553,0.16144409406900803,0.132895895342275,-0.02324627682668321,-0.03602772239422514,1.0026787516276312,-0.0006794522862094878,0.008011355114919346,0.0028395354667044284
-0.12829918447835317,-0.2391033775200158,-0.19776136362249608,-0.0238896021264346,0.02734256194631679,0.16251914998623815,-0.016348775467579867,-0.024912071863062876,0.9985412587638194,-0.0008772136498319839,0.007883055930440993,0.0026004320891844126
-0.2361783973983982,-0.30556696827382046,-0.3744440835302253,-0.08512013749814097,0.07420568222779374,0.20159309051443916,-0.021186849735091853,-0.01663189810555258,0.9975392762382737,-0.0012516577333622093,0.007646877533042594,0.002294865120910592
-0.2019639489602833,-0.31665774239850725,-0.37318180497123216,-0.09009095548637908,0.07746580608986901,0.10479012271416956,-0.017440227852318746,-0.02567167058518312,1.0062912347824973,-0.0016248395383334413,0.007444913584082311,0.001978207378512085
-0.22186186259713445,-0.364522796387004,-0.46581232336687206,-0.18970499959334947,0.08473357203239554,0.19048684496721963,-0.01733388049488452,-0.028983380996396396,0.9879956251613927,-0.0020906518617003133,0.0072230517214851775,0.0016136845821250808
-0.27447010278515527,-0.27218451223058565,-0.27830318514243096,-0.15682012876084664,0.059241111360487854,0.08594634406981587,-0.02103027550125695,-0.030962738683647677,1.0060216140080782,-0.002368955046842744,0.0069485816187000215,0.0013415000698944952
-0.3544792444446768,-0.4186560765452628,-0.33375256123084573,-0.21363159160617562,0.033579184952442595,0.10075026696882142,-0.018583275055260803,-0.02733514824961102,0.9958340947064448,-0.00270270760807359,0.006594102374255346,0.0009228439933492322
-0.4750604808562214,-0.44672264907248566,-0.27522238756562994,-0.1748949197231221,0.029768193124413863,0.11731720246581084,-0.019803444222382033,-0.02690236076319684,0.9930163251923565,-0.00297792999563922,0.006119041893399123,0.0004761213442767466
-0.49365972101795985,-0.4617430055702585,-0.13359779228167895,-0.2285213121409601,-0.03634232998406609,0.06944254766178963,-0.015871331763097515,-0.03298758235233661,0.9995398283770529,-0.0031115277879208993,0.005625382172381163,1.4378338706488026e-05
-0.18761422252090737,-0.44794155294205645,-0.2958716944122663,-0.25137402979019025,-0.030898660727350168,0.01394061359845891,-0.011559625191967134,-0.02548026889134172,1.0047172831324949,-0.003407399482333165,0.005437767949860256,-0.00043356321423556845
-0.2422503135825624,-0.4095602719344197,-0.12653492137743105,-0.2618845577233859,-0.03291863852186931,0.019473160117933694,-0.010554109086549676,-0.02452262778322522,0.9929440054031327,-0.003533934403710597,0.005195517636277694,-0.0008431234861699881
-0.4013456724186391,-0.31858908261611557,-0.07195880679369711,-0.24590502279633641,-0.04866154117199669,-0.025560862679697323,-0.023346865115833063,-0.028794631789858086,0.9966366570926749,-0.0036058932105042935,0.004794171963859055,-0.0011617125687861036
-0.2705074674476156,-0.2991005024513372,0.01074825192308061,-0.2468345337995105,-0.012374066786988977,-0.026975035411461908,-0.028298635366048767,-0.020414520693450348,0.9942478458245143,-0.0035951449585812133,0.004523664496411439,-0.001460813071237441
-0.21517752240622917,-0.2258249273513287,-0.034510463289237486,-0.21869851572729054,-0.020890619151476195,-0.028286000941027734,-0.01273487788075256,-0.02626246504338336,0.9983595199203842,-0.0036296554218704508,0.004308486974005209,-0.0016866379985887696
-0.023611871970931064,-0.13328924957314905,0.2112892104182832,-0.22595738183953476,-0.026635760424743055,-0.06098617395183114,-0.0108798110997873,-0.029259264072776025,0.9880327205929818,-0.0034183662114521673,0.004284875102034278,-0.0018199272481619186
-0.11026706353663975,-0.1185144703431842,0.17696384496454365,-0.08150883609531041,-0.03813652027238363,-0.09150682722713187,-0.020794340777071225,-0.020304965809593217,1.0043250716394594,-0.0032414023664876245,0.004174608038497639,-0.0019384417185051028
-0.1294985895967027,0.08890501516371178,0.2880893373044228,-0.10789276732732561,-0.04522868537753809,-0.1248209435858605,-0.011650010380290269,-0.0298127810522982,0.9865538856142703,-0.0029533130291832014,0.004045109448900936,-0.001849536703341391
-0.048358144484096824,-0.0575573167423223,0.47926775997188653,-0.06384513687503474,-0.025649581235639644,-0.08442140365521782,-0.021101922453340485,-0.028009619649262414,0.9930131985107964,-0.002474045269211315,0.003996751304416839,-0.0019070940200837131
0.10150434245664999,0.2587898383282176,0.2394225552040959,-0.05069370981259026,-0.04810940761072163,-0.03802639764398657,-0.018435968761272018,-0.03184129048563539,0.9993292899341568,-0.002234622714007219,0.004098255646873489,-0.0016483041817554956
0.19825870650963529,0.19190572211736867,0.1854600319770356,-0.04365704294876017,-0.040453486484231894,-0.04175845708745521,-0.021284416538316617,-0.03784337819358469,0.9961982852741763,-0.0020491626820301834,0.004296514353383124,-0.0014563984596381268
0.23164858137708005,0.2072488956250998,0.2886088620439662,0.006390557966471911,-0.02201034244675698,-0.043457860968403816,-0.015721318866796088,-0.04003946987962758,0.9972288432629134,-0.0017605538199862174,0.004528162934760204,-0.001249149564013027
0.14621942561505658,0.4253908347869215,0.41389473895839746,0.07025625828527293,-0.021127696241878224,0.009530685841322223,-0.014299181646889599,-0.026354691262704025,0.9980347958762487,-0.00134665908102782,0.00467438236037526,-0.0008237587292261056
0.20533463632209326,0.29223662381270055,0.2744126555017345,0.11704591702804625,-0.014457830905295597,-0.0015199749428157078,-0.02172354080783076,-0.02680322404293469,0.9990971285439008,-0.0010722464255260853,0.004879716996697353,-0.000531522105413405
0.31425925118274345,0.5155766247911915,0.20710768477650543,0.1576846911980121,-0.014035848044911588,-0.034017233375074556,-0.012052264041272515,-0.03138226573779756,0.9954503148369049,-0.0008651387407495799,0.005193976247880098,-1.594548062221346e-05
0.38163747079060917,0.29813861764668664,0.2099475800094326,0.18243989943366248,-0.012706368914714293,0.013900186165468583,-0.013943911166310335,-0.024649629821654438,1.0087024809535685,-0.0006551911607401473,0.005575613718670706,0.0002821931370244732
0.2949108021788431,0.508177274280606,0.09198227932475658,0.18321197991134075,0.012747985981217276,0.05027681120443825,-0.010196680779571558,-0.023836036274487746,0.9893616469331045,-0.0005632088814153907,0.0058705245208495495,0.0007903704113050793
0.3884377398847442,0.3914112157347119,0.026731173070843342,0.1760540393978747,0.029807625954537325,0.10089671245729613,-0.020441370929674144,-0.03169073356140664,1.001436074335268,-0.0005364777083445473,0.006258962260734294,0.001181781627039791
0.39039094350347503,0.3461450930023598,-0.06189612694345624,0.18160298009055145,0.03731202823176595,0.060232442472345146,-0.01939309635405923,-0.03586508553139984,0.9879513056383453,-0.0005983738352880036,0.006649353204237768,0.0015279267200421507
0.3328553060825941,0.46279869871659995,-0.02358095241385348,0.18636827719293567,0.03563558344153129,0.08467931729796215,-0.01184148647862253,-0.030094253548301458,1.0000683479824881,-0.0006219547877018572,0.006982208510320363,0.001990725418758751
0.2381955146606521,0.25072158701308345,-0.15651926490973675,0.13854200614921944,0.087910340974742,0.09860842052956452,-0.026652777894157452,-0.030429966115675937,1.0026830417606505,-0.0007784740526115938,0.007220404024981014,0.002241447005771834
0.19064520105293337,0.24524636135015673,-0.1055533270615381,0.15422659086303786,0.06966784562969569,0.11654350414935156,-0.02631622462749221,-0.030506300154176987,1.0028011073174659,-0.0008840273796731319,0.007411049226033949,0.0024866933671219907
0.266648900821738,0.11019312952174584,-0.28310215217769275,0.10100570215834581,0.09691532867509584,0.08951448539093558,-0.015570853110829778,-0.02293011705190604,0.990390260460094,-0.0011671295318508247,0.007677698126855687,0.002596886496643737
0.11634790894782315,0.14239234045786686,-0.10985087222294274,0.06403475717401645,0.1143935020704056,0.0680505354912763,-0.016838129458042788,-0.02878638273115827,0.9950119737397988,-0.0012769804040737678,0.007794046035803509,0.002739278837101604
0.14035702861257401,0.10491897447085906,-0.12672645799266333,0.13141896238528974,0.03490786129795619,0.09575867848926099,-0.018278014494250976,-0.027015905714068436,1.0015043221162847,-0.0014037068620664308,0.007934403064416083,0.002844197811572463
0.05919205550952021,0.11831425240752885,-0.1331186162008522,0.1032203759192973,0.05384446267163325,0.09348429623768961,-0.017607848498229512,-0.031057293029461544,0.9949813078120714,-0.0015368254782672831,0.007993595119925603,0.002962512063979992
-0.16676252115873585,-0.03354459497037694,-0.1820444958171275,0.0730107310807696,0.077878758005141,0.05352387586460602,-0.022029581851850503,-0.038427463617321224,0.9963874553609615,-0.0017188699740844104,0.007826832598766868,0.002928967469009615
-0.0758349523968952,-0.18947574137266904,-0.16117617400685008,-0.0028776834240901543,0.00806648363224789,0.029026488977915335,-0.01636503259678047,-0.022298211343883975,0.9914238350573557,-0.0018800461480912606,0.007750997646369973,0.002739491727636946
-0.16684334643047874,-0.19043399474451136,-0.010312265728369255,-0.00822351038620061,0.03842719700798478,0.008151627440731486,-0.010676226840086832,-0.025305696196075936,0.9938526355684025,-0.0018903584138196296,0.007584154299939494,0.0025490577328924346
-0.28767321179083005,-0.2649638923827684,-0.1140203975594993,-0.0485311048929279,0.018240840717900983,0.0013391446895875733,-0.008843556182494088,-0.03752466733365476,0.9952276966561496,-0.002004378811379129,0.007296481088148664,0.0022840938405096663
-0.36964861167681845,-0.2573803443980161,0.015281634682075662,-0.14389664092615473,0.01634146559583918,-0.07694330167619667,-0.015207941703628786,-0.030669233766773298,0.9935470615734225,-0.0019890971766970533,0.0069268324764718454,0.00202671349611165
-0.23702772315432077,-0.2205305618077391,0.048763427833455955,-0.1758840663193867,-0.07590658745248856,-0.010421382353735515,-0.019361373071280795,-0.028947043926697235,0.9944462284585363,-0.0019403337488635972,0.006689804753317524,0.001806182934303911
-0.4388724795806226,-0.31414925256519993,0.08399203387235134,-0.13098544938513507,0.04726059925983432,-0.0928995107682562,-0.018385399166661695,-0.034554664238225896,1.0039795526917907,-0.0018563417149912457,0.006250932273736902,0.001492033681738711
-0.5020066489413068,-0.3369908446665225,0.18392868412071342,-0.16501447119549864,-0.036306858054099125,-0.14128342817885425,-0.022923868657818272,-0.025082065179567143,0.9974892941593996,-0.0016724130308705322,0.005748925624795596,0.0011550428370721885
-0.461112614919608,-0.25387793782040974,0.19921241012214996,-0.17676440037663727,-0.09094048004774602,-0.1064274276385188,-0.011400022749402798,-0.03295482086558736,0.9978557000010626,-0.0014732006207483824,0.005287813009875988,0.0009011648992517788
-0.5234205287248859,-0.22480088004231685,0.12923997566662468,-0.1720039996426151,-0.04547618135186866,-0.11991134464502883,-0.015023346650956119,-0.03171096191323225,0.9996387995995611,-0.0013439606450817577,0.004764392481151103,0.0006763640192094618
-0.5923691921366552,-0.19559593482628346,0.10911538186654784,-0.17340225107336998,-0.08003483262017387,-0.14038315923159772,-0.014575063322883906,-0.03183141739840504,0.9894424828946357,-0.0012348452632152099,0.004172023289014447,0.0004807680843831783
-0.5130977961922765,-0.11646084284116476,0.20467748457590162,-0.13166151283948999,-0.12963876789579884,-0.10311241382850597,-0.02224946124398918,-0.0281905202561181,1.0019681636729216,-0.0010301677786393082,0.003658925492822171,0.00036430724154201357
-0.5235343010769499,-0.12206560143866371,0.19397097778935396,-0.08272215859075764,-0.03825304896160559,-0.10017851969588214,-0.014060804389020557,-0.03189683816051557,0.9986940557097599,-0.0008361968008499543,0.0031353911917452212,0.00024224164010334983
-0.5384146350016893,-0.030801849760050168,0.11819656163815757,-0.1079381048857037,-0.0805605828390725,-0.13485632354328267,-0.010691024833181031,-0.031655846778488254,0.9965975459239028,-0.0007180002392117967,0.0025969765567435315,0.0002114397903432997
-0.5491139509747242,-0.05296378962119909,0.14120972591620568,-0.07514596772744891,-0.10114882185444567,-0.07353485709541466,-0.019504229076213637,-0.03202032071965287,1.0128356894837454,-0.000576790513295591,0.002047862605768807,0.0001584760007221006
-0.46385337172453217,0.11692087247018496,0.002443362185093223,-0.02476151742324398,-0.09383877581855053,-0.07552127597448621,-0.014118558635015238,-0.03250305554982575,1.0014181696444822,-0.0005743471511104979,0.0015840092340442754,0.0002753968731922856
-0.4134316979295589,0.07335231942596179,0.059403444831004584,-0.012950019154257034,-0.08330095480795288,-0.05158430248479489,-0.013344040899361562,-0.03110965862405489,1.002938236243473,-0.0005149437062794932,0.0011705775361147165,0.00034874919261824734
-0.427711422515768,0.20031772385069832,0.06771908162256611,0.016940024054959743,-0.11769856728327849,-0.049784352772821325,-0.01416584706366647,-0.037476568186035425,0.9977257730178398,-0.0004472246246569271,0.0007428661135989484,0.0005490669164689457
-0.33222990806116454,0.14424690116393937,-0.12495520473840444,0.06762665723114393,-0.05912991169653841,0.013886718046089564,-0.018223265877319643,-0.030444953383175245,1.0013942710387087,-0.0005721798293953315,0.00041063620553778387,0.0006933138176328851
-0.21617109026124434,0.1875530872810494,-0.08920894964049603,0.06712288849548934,-0.066391673243019,0.044012040681528315,-0.017942197472830382,-0.0319064512455028,1.0040176204177078,-0.0006613887790358276,0.0001944651152765395,0.0008808669049139344
-0.2445273917817016,0.23242117697679007,-0.26801124857125747,0.08706841851600738,-0.08011311571881466,0.09741299167844808,-0.007079797776229253,-0.022163179668618936,1.0026649810206136,-0.0009294000276070851,-5.00622765051621e-05,0.0011132880818907245
-0.192861147030364,0.3704287053394553,-0.2361331420425758,0.0705863011468285,0.03269420324157878,0.11766039601000333,-0.010458250514766062,-0.04170640612602282,0.9943110369957812,-0.0011655331696496607,-0.00024292342353552613,0.0014837167872301799
-0.08678167965820567,0.2996817225693854,-0.34870140615920875,0.15548318393042881,-0.04766729652102214,0.11617176177988521,-0.013909062453544589,-0.039470962344608736,1.0028948926968997,-0.0015142345758088697,-0.0003297051031937318,0.0017833985097995655
0.03163028901482614,0.1589770714975477,-0.2781144336994866,0.103351439070597,0.017549666267952027,0.18595838776442103,-0.00975634295533797,-0.038875211463148956,0.997544927152685,-0.001792349009508356,-0.00029807481417890567,0.001942375581297113
0.14647257706490668,0.22538904730342293,-0.3453236730518479,0.08760582353782609,0.03126070264722209,0.12215716669295108,-0.0143891397898035,-0.029155104428389474,0.9942822369194706,-0.0021376726825602043,-0.00015160223711399896,0.0021677646286005357
0.1555265226480149,0.2325237966094319,-0.3138990336963635,0.13786036453941206,0.018121966132693013,0.15335284372691774,-0.008785382914732893,-0.028358279850452035,0.9966105605920004,-0.002451571716256568,3.924285534015942e-06,0.0024002884252099675
0.3233426080961562,0.024549193191330324,-0.2518424899927403,0.09134046788965179,0.05377925329979168,0.14496477189824267,-0.015120248852635165,-0.03353405584830337,0.9955389421278454,-0.002703414206249308,0.00032726689363017213,0.002424837618401298
0.2505963697906666,0.03606963475917991,-0.29657011033999947,0.038040281822065314,0.059404987255808915,0.14901912882923168,-0.013539967841018616,-0.037139467401590895,1.0053193026877056,-0.0029999843165893075,0.0005778632634208387,0.002460907253160478
0.2715598718775817,0.008796037397216114,-0.314726454238055,0.019085815628542224,0.04134740411909373,0.13007643408390732,-0.006110748705470764,-0.03662384343273765,0.9975981429609212,-0.0033147107708273622,0.0008494231352984204,0.0024697032905576944
0.47456115482195915,-0.06837248144764863,-0.07319896005230389,-0.006273172137311175,0.09554281041452119,0.08547692987008694,-0.019428025351197344,-0.036511991428388284,1.0035495620645485,-0.003387909730879666,0.0013239842901203796,0.0024013308091100456
0.6427322137311541,-0.1451392213524066,0.0010857370392950462,-0.035779508858128146,0.07304473747817727,0.08415868273604428,0.0007280642540469923,-0.03092778352663966,0.992190568348357,-0.0033868239938403713,0.0019667165038515337,0.002256191587757639
0.5162916291178886,-0.3232541547742576,0.12143001432664007,-0.09646026125545715,0.07626431819494292,0.04351582680792209,-0.011731406867791727,-0.035864335893133786,0.9998381476695457,-0.003265393979513731,0.0024830081329694225,0.0019329374329833814
0.5179241146012616,-0.26230403266942903,0.09000943491048384,-0.14242447428296132,0.09680025827409175,0.10244188850878919,-0.009169794993678183,-0.0348367356181351,0.9930854200181134,-0.0031753845446032473,0.003000932247570684,0.0016706334003139525
0.5149385326172887,-0.4702641222410687,0.2513590977071867,-0.12761539650582296,0.12790055422393828,0.014255276277484127,-0.011007742284759908,-0.046587631979750854,0.9997182736228375,-0.0029240254468960603,0.0035158707801879728,0.0012003692780728837
0.4763715823648229,-0.5448952293038754,0.2629087394474641,-0.14072224486555024,0.11695256088991177,-0.025950774893459386,-0.012789933929631956,-0.03601592570371618,0.9970047492393355,-0.0026611167074485965,0.003992242362552796,0.0006554740487690083
0.5518680826156371,-0.5576664443928778,0.3433342046615115,-0.16009088912546937,0.12538669912622247,0.03491175995649798,-0.009270328850814306,-0.03746694342025929,0.9969609409064749,-0.002317782502787085,0.004544110445168433,9.780760437613046e-05
0.5817584466288683,-0.3164427996609867,0.22772478487478398,-0.1427834726871992,0.17701702706630126,-0.0038676879193785974,-0.010187654174394194,-0.04083492508233669,0.9963256133606293,-0.0020900577179123014,0.005125868891797301,-0.00021863519528485628
0.3756376143142912,-0.5415859253602041,0.18791692120337528,-0.1848926069832445,0.08788297302888243,-0.07242816695778645,-0.013813525049501594,-0.029953570090543207,0.9931260074066609,-0.0019021407967089257,0.005501506506111593,-0.0007602211206450605
0.5286947299041004,-0.41229873440745435,0.24407051988476713,-0.23156171334567874,0.09410166618086185,-0.09414413744502782,-0.004855174985348625,-0.039399787993492655,1.00236238455143,-0.0016580702768241589,0.006030201236015694,-0.001172519855052515
0.4428069510713993,-0.307249252314845,0.26149026527742747,-0.24569540257273983,0.0740921223847025,-0.041702983167755336,-0.011948999877118218,-0.03253087044659137,0.9983290270471156,-0.0013965800115467314,0.006473008187087093,-0.0014797691073673601
0.26846712903428793,-0.37268637066130933,0.2196366495480907,-0.26373336604206565,0.05063052944928802,-0.08330982701315526,-0.016434258008444582,-0.040110080761546756,0.9947301164434634,-0.0011769433619986407,0.006741475316121382,-0.0018524554780286692
0.2884963448721951,-0.3483517706425292,0.24941891112960174,-0.25791220596262293,0.04418021976908115,-0.11448308247330428,-0.01846377306969004,-0.03314959234352732,0.9938091161154026,-0.0009275244508690389,0.007029971660993577,-0.0022008072486711986
0.06956724191505019,-0.2766314327335762,0.3009907110176958,-0.2358185968475179,0.006034056760282334,-0.03774527827958784,-0.014383255684341194,-0.04074977106133969,1.002759800876957,-0.000626533739851343,0.007099538902908625,-0.002477438681404775
0.23889695211970774,-0.1397468167353635,0.0777375626590551,-0.24042533599078228,0.013811936902361833,-0.07692191819384057,-0.010584533684135523,-0.035705349861821015,0.9940131000058245,-0.0005487961771922879,0.0073384358550283345,-0.0026171854981401383
-0.025327473910545836,-0.08844672639342685,0.1009663399678772,-0.16659306123783113,-0.016713370295875978,-0.04471493877822525,-0.002738030655676139,-0.034966603518624996,0.9985337468076683,-0.00044782983722441074,0.007313108381117788,-0.0027056322245335653
-0.016917130223478866,0.016258216041102398,-0.0801397471122043,-0.12098591309397,-0.05618496866738417,0.0005207749300496934,-0.013349621677052545,-0.029051891221453213,0.9992897875054207,-0.0005279695843366151,0.007296191250894309,-0.002689374008492463
-0.1593764484887208,0.02987408979076877,-0.04891085679697786,-0.10653411454034628,-0.023178079472562462,0.0021436002470574117,-0.005218104520937562,-0.04416687962589387,1.0059676232600054,-0.0005768804411335929,0.007136814802405589,-0.002659499918701694
-0.0847451256074904,0.22797089811490773,-0.06221398905128806,-0.027474173986536468,-0.08408506002840987,0.012053818687258527,-0.02026059308986103,-0.027274359197012956,1.0025981863608167,-0.000639094430184881,0.007052069676798098,-0.0024315290205867866
-0.2855055375160144,0.20455573141511996,-0.0897567805122658,-0.029877526705106718,-0.01452714114062957,0.05211683747801511,-0.016363948647460994,-0.03585449439995464,1.0006446474500459,-0.0007288512106971468,0.006766564139282083,-0.0022269732891716664
-0.30276796477161294,0.285718159065947,-0.1618211616623831,0.015612398013650832,-0.05579337583927671,0.027376332759258687,-0.016008390520567253,-0.03210830245763397,1.0009853635885517,-0.0008906723723595298,0.006463796174510471,-0.0019412551301057194
-0.3205421117549257,0.3343107860942687,-0.18400108419958633,0.12549885714898748,-0.04794586878976953,0.07998026582192201,-0.0013377317898609058,-0.03643129131855338,1.005696773002254,-0.001074673456559116,0.006143254062755545,-0.0016069443440114507
-0.31131110835543624,0.373502595732684,-0.195070137219613,0.11852358844504741,-0.08072420849420323,0.05697442281502348,-0.015701091470942428,-0.03673724628743786,1.0034114921621637,-0.0012697435937787294,0.005831942954400108,-0.0012334417482787665
-0.2944779304109234,0.3917443591314834,-0.2042682090850265,0.16024808048038974,-0.04247351133399879,0.03858638799983051,-0.00825363451827577,-0.040542740693520665,0.9922212637819059,-0.0014740118028637556,0.005537465023989185,-0.0008416973891472832
-0.3605847486864268,0.2916759087680197,-0.2357326049598443,0.15168140188176624,-0.07624098798577948,0.07739658590169209,0.0015377998908726667,-0.035661943886541966,0.9962469220432686,-0.0017097444078236002,0.005176880275302758,-0.0005500214803792634
-0.39519953451309975,0.35197145396948515,-0.2597684050151843,0.18742014840499666,-0.04533624037683387,0.09266781286507983,-0.008522321921674778,-0.03445056193078274,0.9978179284862188,-0.001969512812838784,0.004781680740789659,-0.0001980500264097782
-0.29144782821340603,0.37638784256077984,-0.14678914690472367,0.204307044389964,-0.07067439598475449,0.08952336502787778,-0.007345327114302769,-0.03783303467589684,0.9899511179388859,-0.002116301959743508,0.004490232912576253,0.00017833781615100166
-0.31792817697562636,0.415731850915019,-0.04351048223746447,0.21521632258877949,-0.052344493452519944,0.07337760730322297,-0.014063212821887518,-0.03454201997858419,0.9933295607453595,-0.0021598124419809728,0.004172304735600626,0.0005940696670660206
-0.346431993704039,0.3493114557221889,0.041419482476684616,0.18488974202145836,-0.017855251799634788,0.015088316730790806,-0.006519561553977503,-0.04096333564647735,0.9942337933112851,-0.002118392959504288,0.0038258727418965877,0.0009433811227882096
-0.27226044126972765,0.4345797712966416,0.01763891991747229,0.2461281253225287,0.006432764058562188,0.08711483027618645,-0.0069541794838871105,-0.041340280069599604,0.998848133248965,-0.0021007540395868154,0.00355361230062686,0.0013779608940848512
-0.19783647375186084,0.3623011900061722,0.08793578543992053,0.18551243546100404,-0.05137226570693672,0.048585540846863916,-0.015732636377181704,-0.029369708180959228,1.0028383640441196,-0.002012818254146895,0.003355775826874999,0.0017402620840910234
-0.25139804822097556,0.14062672787583247,0.12180285309947458,0.20099151694481887,0.014099933475008597,0.044109910946309276,-0.01531126778080824,-0.03263375040821724,0.9973172413509241,-0.0018910154010474203,0.0031043777786540234,0.001880888811966856
-0.1561677003839762,0.09610699942467545,0.15346847018349538,0.1056023785005715,0.011461125609660474,0.0063363716773711335,-0.013058465885552501,-0.026907534438685037,0.9946362205192248,-0.0017375469308639248,0.002948210078270047,0.0019769958113915313
-0.058648524657400905,0.02647878377088561,0.12885631206565235,0.1003949760313132,0.010567690884924498,-0.042232881803412205,-0.01643160133309786,-0.027203168532919444,1.0011735400976036,-0.0016086906187982725,0.002889561553612646,0.002003474595162417
-0.025211556355593676,-0.036806687536905205,0.16441002069235391,0.09636536268191889,0.08188724707903373,-0.08773674443209073,-0.00921836683817509,-0.034763588701083356,1.0090692076706889,-0.0014442805981059188,0.0028643499972570525,0.0019666679076255117
0.0014005730213994122,0.008594802995026948,0.29456991731215765,0.034164613260432075,0.06703426188347981,-0.12955665532536395,-0.009504186764175197,-0.03933464075999859,1.002658861554055,-0.001149710680793761,0.002865750570278452,0.0019752627106205387
0.23683677286395194,-0.12502234946285168,0.1686909959461186,0.013925904108751126,0.07085149347580684,-0.07664525694767642,-0.010941261126954373,-0.03413618273886799,1.0013662406949437,-0.0009810196848476424,0.0031025873431424038,0.0018502403611576866
0.19685872267571636,-0.1585006020852802,0.10432044503626234,-0.026463984298916145,0.02538826574327219,-0.14255581256899172,-0.013361018451025133,-0.032141927165558234,0.989416197263096,-0.00087669923981138,0.00329944606581812,0.0016917397590724068
0.19157942175856565,-0.09983677892303064,0.02265261600558624,-0.060878722487349345,0.10705154115615985,-0.11420337994184478,-0.0050193721343686016,-0.04129300346848845,0.9945620573505602,-0.0008540466238057938,0.0034910254875766857,0.0015919029801493762
0.341271372947526,-0.20447948376413344,0.0534260973572421,-0.08458432200467686,0.06796437395177128,-0.14601887738561753,-0.002274808241067068,-0.031087791045810234,0.9975538021905159,-0.0008006205264485516,0.003832296860524212,0.0013874234963852426
0.3378680937322531,-0.4143566947793076,0.05159974683656927,-0.07277955078507857,0.03878950270296616,-0.14616180373032292,-0.0023589862552891826,-0.031945707479582905,0.9954865944805908,-0.0007490207796119824,0.004170164954256465,0.000973066801605935
0.29209284595576185,-0.1013376113864625,-0.06399240179498437,-0.13001615311164663,0.046681170594208315,-0.14229907077710513,-0.015303418146005422,-0.04377940269226129,0.9827210916715917,-0.0008130131814069667,0.004462257800212226,0.0008717291902194726
0.43957603085541985,-0.41990576880629116,-0.25332205977116995,-0.15808967432967103,0.10499041699718471,-0.09774206261964506,-0.015781962075666754,-0.03895938340632435,0.9978599200984561,-0.0010663352411781368,0.0049018338310676465,0.00045182342141318133
0.3607456850148395,-0.38815833025742635,-0.09143530289533904,-0.18578156788172082,0.09326907744639926,-0.07618069005756398,-0.004223126633840686,-0.038692531728429416,0.9996477827472593,-0.0011577705440734755,0.005262579516082486,6.366509115575498e-05
0.20469158816188548,-0.18734488845022051,-0.2130134430007283,-0.11816194269297849,0.08260233589849406,-0.07657558241146763,-0.010139885864221763,-0.03907649401270827,0.9976903655111978,-0.001370783987074204,0.005467271104244372,-0.00012367979729446555
0.3227330638218998,-0.19202631129246847,-0.25384224626674823,-0.16686152840787186,0.0135683203822014,-0.04064601243787377,-0.01310098355255,-0.03123824115025947,1.0005154659721358,-0.0016246262333409521,0.005790004168066272,-0.00031570610858693406
0.24555536306058975,-0.08656118668245098,-0.2663316165589186,-0.13502682926477638,0.021911009223010335,0.007498778181986817,-0.005840283578391321,-0.04447516237357095,0.9961761198849022,-0.0018909578498998707,0.006035559531126862,-0.0004022672952693851
0.1679130680670317,-0.08688892461155517,-0.45438182140686645,-0.1403985466879242,-0.03230483125089915,-0.046959754055850504,-0.012212846233628507,-0.038770144716599036,1.0025029766383062,-0.0023453396713067377,0.006203472599193894,-0.0004891562198809403
0.10013631190710086,0.039667816423727645,-0.312746463925916,-0.07343748366179975,-0.010974819819723779,0.017117844790882186,-0.009407835350406136,-0.03770354771209878,1.0040214844427935,-0.0026580861352326537,0.006303608911100995,-0.0004494884034572126
0.0941359255046228,-0.034266844372784336,-0.17072532320503098,-0.049889695562232717,-0.06102639644115649,0.07998571529804341,-0.019877767080957738,-0.035269304088401836,1.0036226868819098,-0.002828811458437684,0.0063977448366056185,-0.00048375524782999697
0.08523122677322262,0.034874275292159085,-0.32521552327384634,-0.06028477558545412,-0.022535084320740268,0.07174942097717843,-0.006334802762948264,-0.04242889520168769,0.9956814333810007,-0.003154026981711531,0.00648297606337884,-0.00044888097253783783
-0.000928525840422148,0.06803288002095867,-0.2034187874533627,-0.05215764793378917,-0.03425661139967426,0.1300595785606135,-0.01191802002496518,-0.03370360669291494,1.0000196894239974,-0.003357445769164894,0.006482047537538419,-0.0003808480925168792
-0.01626161870150238,0.15860646163798905,-0.28149127527618645,0.024735530406466484,-0.08835733468923772,0.12455270344272305,-0.010332908010356162,-0.02376321204470616,0.999437991885885,-0.00363893704444108,0.006465785918836915,-0.0002222416308788901
-0.033839904976789084,0.21560828166065518,-0.11364217853502138,0.04962499539794541,-0.07767664876419043,0.12736729196024854,-0.005915375161736042,-0.03726019840507339,0.9945498958342225,-0.0037525792229761014,0.006431946013860127,-6.633349218234885e-06
-0.2143537393032024,0.3084669736540651,-0.056774184083464366,0.11467073453355536,-0.1009938244092393,0.16016575375613357,-0.018481835762704263,-0.03226486777995472,0.9983592855154765,-0.0038093534070595654,0.006217592274556924,0.00030183362443583024
-0.265386182754457,0.38192498209369097,0.04958597483010356,0.08745061558805765,-0.12121110865940979,0.16371988415098537,-0.01513892604283494,-0.038528655457014574,1.0001382499539997,-0.003759767432229462,0.0059522060918024665,0.0006837586065295212
-0.2785747387132616,0.2912312418683446,-0.008899301203936255,0.09083746645312402,-0.052379759635718205,0.17602217056020952,-0.010113297306913469,-0.04064362368607601,1.005045649200669,-0.0037686667334333986,0.005673631353089205,0.0009749898483978657
-0.32626655595354453,0.27365895439795934,0.24067238143455022,0.12655770716878417,-0.1227122046012789,0.16877127192870078,-0.015038614052888814,-0.03049605754869033,1.0051694251865455,-0.003527994351998848,0.00534736479713566,0.0012486488027958252
-0.4388187807974183,0.25532291432418264,0.2594196839577128,0.1645751242285132,-0.08488239135406736,0.12745229629005608,-0.0004867081369421917,-0.03742369915359566,0.9958213576982767,-0.0032685746680411348,0.004908546016338242,0.001503971717120008
-0.5050564437015332,0.23333102896102703,0.23905318936652972,0.1260567833224469,-0.05424400936244902,0.12695274112647179,-0.007127439649646178,-0.04134926813770873,1.0000663518005906,-0.0030295214786746055,0.004403489572636708,0.0017373027460810349
-0.6196767206789228,0.14914772938767823,0.20786664326788548,0.10649055008417332,-0.09910397369326024,0.062311319117694726,-0.009018706987610235,-0.04756915806818845,0.9980737237567928,-0.00282165483540672,0.0037838128519577852,0.001886450475468713
-0.5258631884980033,0.05396046760799951,0.3265498162297413,0.12190012951326776,-0.08542038893724911,0.05201159887284027,-0.01439080952389014,-0.034947502633424596,0.9957873048972884,-0.0024951050191769786,0.0032579496634597828,0.0019404109430767127
-0.48362891759479143,0.01497446218616276,0.2615814712819712,0.060853086738210244,-0.04400842385922486,0.09666069573015039,-0.0007952062944962066,-0.04262723490143415,0.9934070116125595,-0.002233523547895008,0.0027743207458649907,0.0019553854052628754
-0.5140721112253495,0.05987483155107126,0.2644055976980269,0.03232495035059189,-0.005311707188838771,0.09856750431092208,-0.011360409218550933,-0.0481894794807502,1.005723840651798,-0.001969117950196981,0.002260248634639641,0.002015260236813946
-0.44936758649480524,0.019171302637095544,0.10985055014803724,-0.028483907472933022,-0.066519261478614,-0.02122918050145175,-0.00022580727762309526,-0.04217734117569878,1.001176076893426,-0.0018592674000489431,0.001810881048144836,0.0020344315394510417
-0.5223315182661101,-0.0772864667500052,0.12616420605913506,0.04145555264663167,-0.0031047750531440045,0.0362452451869889,-0.0035328225095696995,-0.04088987044875731,0.9958564989446512,-0.0017331031939898083,0.001288549529878726,0.0019571450727010366
-0.43603305429766703,-0.17537164820655005,0.2078031011212677,0.004052751578106792,0.003959932889671329,-0.09840887255000656,-0.00040919629484756966,-0.03647158197665047,1.0001920439540715,-0.0015253000928685406,0.0008525164755810588,0.0017817734244944866
-0.46515291356808725,-0.12895912328829423,0.21490731421247808,-0.033002976508498566,0.037723918338734425,-0.09102038911845822,-0.01347665264359254,-0.04391976095580735,0.9990709561015808,-0.0013103927786560627,0.0003873635620129715,0.0016528143012061924
-0.44328985216828354,-0.2835667826690987,0.21968944093821952,-0.10523346657055908,0.020369374860696454,-0.03768756470216359,0.001512574964522847,-0.04280707295059,0.9962897084349294,-0.0010907033377178432,-5.592629015531208e-05,0.0013692475185370938
-0.47735374731482866,-0.29251627278870257,0.06833153166014705,-0.09002938285806854,0.07271455898948007,-0.07706989515485888,-0.014956926470209957,-0.04395195282166571,0.9956253944005194,-0.0010223718060576959,-0.0005332800374701407,0.001076731245748391
-0.2104825130048667,-0.3788799540485055,0.05783100160511401,-0.1628771667148231,0.12979157357779897,-0.05241951923953201,-0.007803667236264594,-0.034983571004239995,0.9988685882929222,-0.0009645408044525819,-0.0007437625504750074,0.0006978512916998856
-0.1543225534052418,-0.3498231729601027,0.07894979141795833,-0.1939823080480207,0.09313235813691624,-0.05982405418130877,-0.004786624526506885,-0.0367049023530209,1.0032084890830595,-0.0008855910130346235,-0.0008980851038802493,0.00034802811873978294
-0.2168754411268407,-0.359139406648991,-0.11103406902960702,-0.19095808321292224,0.05505146432141616,-0.07768076076201282,-0.0049980640342752545,-0.043279756307360036,1.004133131447111,-0.0009966250820642305,-0.00111496054500709,-1.1111287909208123e-05
-0.08284295785669865,-0.5197297779608344,-0.16134319646844927,-0.17684028346649305,0.099660450847156,-0.06197759862707076,-0.008112832150358351,-0.032836299407114654,1.0010627469584006,-0.0011579682785326799,-0.0011978035028637887,-0.0005308410658700426
-0.11062137177457683,-0.3540293832489233,-0.040293623531895695,-0.21960085009801233,0.13458526303227372,-0.016450003571239095,-0.0001705735379763677,-0.037441163527105255,1.0037307895375391,-0.0011982619020645758,-0.0013084248746383653,-0.0008848704491189659
0.03316561142470739,-0.3883658725696712,-0.12147009819235964,-0.2539394028992424,0.08822515829304231,-0.03149037373280241,0.0029182984306202224,-0.04050884049932732,0.9988679519117286,-0.0013197320002569352,-0.001275259263213658,-0.0012732363216886372
0.1049775808480421,-0.43413855879686203,-0.30916716650157783,-0.20293197130283122,0.08730627079686308,0.011925816143886867,-0.001585961739261735,-0.03341548863496453,0.9956753095528167,-0.0016288991667585129,-0.0011702816823656156,-0.0017073748804854992
0.22803109044938114,-0.37345250785054723,-0.21657392550212887,-0.28283457414496505,0.10853182057532135,-0.03573863521291135,-0.009816425404975532,-0.03905254010743318,0.9986931265283523,-0.0018454730922606419,-0.0009422505919162345,-0.0020808273883360464
0.42676263806546577,-0.11924318593921336,-0.08723045274550727,-0.24962289696847312,0.10468178048597598,0.023844826401549113,-0.003745871615002211,-0.04291463614826118,1.0014726342427864,-0.0019327035450061492,-0.0005154879538507688,-0.0022000705742752594
0.3499242445370773,-0.15659880518294653,-0.10863360546692905,-0.22099886327617746,0.17623051824275657,0.0294015942141317,-0.0013771839202651494,-0.04351744972938179,0.9997592201403102,-0.0020413371504730783,-0.00016556370931369141,-0.002356669379458206
0.525472339774117,-0.12522044761521087,-0.0566153377692743,-0.15089077930054748,0.0923635721353111,0.05237509601929478,-0.003322298019210729,-0.0344595923866871,1.000875315094681,-0.0020979524882423525,0.0003599086304604256,-0.002481889827073417
0.5011454225308443,-0.07059824824169875,-0.1622593833294895,-0.1455112190171677,0.0649139959247298,0.08389257011796358,-0.012901176873420926,-0.037123756646351896,0.9951014256693017,-0.002260211871571842,0.0008610540529912699,-0.0025524880753151156
0.4491967407794194,0.029545180819058874,0.09083208621373691,-0.044080397952531714,0.09546645300548971,0.08155557908051812,-0.008238785434441443,-0.0445418918130592,0.9926185029083725,-0.0021693797853581053,0.0013102507937706892,-0.0025229428944960565
0.4865679954733749,0.1534623461916928,-0.013994969270812896,-0.030680960749786802,0.014077891794998479,0.11052417671312177,-0.0008746077437070264,-0.037681539436004274,1.0018310955376821,-0.002183374754628918,0.001796818789244064,-0.002369480548304364
0.4843527132404926,0.28971071596893766,0.03274270692708266,-0.043855411635835964,0.048606374146925216,0.14115260335254345,-0.0031442733073478424,-0.03835111848063369,1.0053035949034899,-0.002150632047701835,0.002281171502484557,-0.002079769832335426
0.575132718261412,0.3488283279941847,0.13326844634092905,-0.029924524766592898,0.013159651329143674,0.07007623589945756,-0.003146005365150096,-0.041708229867036595,0.996101384441638,-0.0020173636013609063,0.002856304220745969,-0.0017309415043412412
0.3754824307532215,0.5248212061143468,0.1614037014490232,0.06119368044312807,0.023846757597273522,0.08094501129624816,-0.006528354987390642,-0.04662675557294754,0.9997420959597323,-0.0018559598999118834,0.0032317866514991905,-0.0012061202982268943
0.6251441384148853,0.44717017122529285,0.12633357644242682,0.13757409334877774,-0.02603830157659412,0.024381666482291987,-0.009252851542333802,-0.037987350443960205,0.9916968271504805,-0.0017296263234694562,0.003856930789914076,-0.0007589501270016013
0.4961553667500783,0.4216212285291727,0.23566114023531848,0.13433367947993607,0.011071290260828426,0.06279535886122435,-0.007084765970869385,-0.035090384302120914,1.0009847643557603,-0.0014939651832341378,0.004353086156664154,-0.00033732889847242853
0.4746547768527599,0.5417636999570699,0.18021871112769142,0.17270709779471977,0.00629064248045645,0.002162155469535085,-0.0033252268918366576,-0.04087572490493467,1.0155816164897964,-0.0013137464721064466,0.004827740933516914,0.00020443480148464132
0.47505314648260777,0.36269992112260463,0.26781733927165885,0.18568391121638558,-0.02748778530277386,-0.012005259491117052,-0.007213772451584484,-0.03835648068449929,0.9976460372624554,-0.0010459291328347878,0.005302794079999522,0.000567134722607246
0.4382556788789694,0.49390680358172095,0.17408716390528786,0.21857793782397025,-0.0885639416870913,-0.07644287338902996,-0.012985337805985531,-0.04246036318182791,0.999851532455605,-0.0008718419689294998,0.005741049758878493,0.001061041526188967
0.3147181010147111,0.5085968363849789,0.04782929881140188,0.24555492419794586,-0.0012236819629411946,-0.05587798370451947,-0.0050716602003060725,-0.04602907048828085,1.007378887782069,-0.000824012670118098,0.006055767859893204,0.0015696383625739458
0.30633740588748093,0.4139512657293936,-0.013081683170369549,0.24161327943093439,-0.05833839790079339,-0.12049941147578576,-0.007584590391279887,-0.033776292901414255,0.999367173428485,-0.0008370943532884675,0.0063621052657806855,0.0019835896283033395
0.10703255345864243,0.40977726257952823,0.051457079866370006,0.1858332166302863,-0.03946508183579212,-0.1684054382730299,-0.004853155364661113,-0.03743184919972538,1.0004883302905703,-0.0007856372734220975,0.006469137819239328,0.002393366890882868
0.1501988998826903,0.28988504635907875,-0.13139651712675562,0.19697339386886542,-0.03570729435153968,-0.08720774609951805,0.003432158013841459,-0.03124872670870108,1.003629628852456,-0.0009170337905488531,0.006619336719122019,0.0026832519372419466
-0.05418520798492085,0.2709535895425135,-0.1378712079840746,0.15688044445455504,-0.054643911063462496,-0.16947052741633029,6.266649738808933e-05,-0.044446035646802357,0.9966538183230611,-0.0010549049985329275,0.006565151511137096,0.0029542055267844603
0.010763051462037675,0.09181129655710796,-0.16159215449959313,0.1093530872989767,-0.04430268807294945,-0.16672766709500217,-0.0003273864142642898,-0.03692372965846736,0.9944363693277073,-0.0012164971530325207,0.006575914562599135,0.0030460168233415684
-0.06768501807747027,0.11179269105751814,-0.10765187888962938,0.11719323876681864,-0.06051620367835893,-0.132623828095872,-0.0014485582429903771,-0.041792661567112,0.9989015407589821,-0.00132414903192215,0.006508229544521665,0.0031578095143990864
-0.08558337717057325,-0.07058801853588471,-0.3769545873952831,0.06244119726718458,-0.0650671957510336,-0.14947245161614775,-0.005710008132915331,-0.03302179398771474,0.9953902215941735,-0.001701103619317433,0.006422646167351092,0.003087221495863202
-0.35190406302974064,0.02398792813919505,-0.3727150240399122,0.041773936962968154,-0.045705233384523515,-0.16885298803892834,-0.006039801072349653,-0.04991376071022483,0.9881458684144959,-0.0020738186433573455,0.006070742104321351,0.003111209424002397
-0.19478036383775987,-0.04916454893180382,-0.21999555714609903,0.01891654485287494,0.000847796829830964,-0.09557765287661497,0.0019027274471483703,-0.04451060986785959,0.9907780444536715,-0.0022938142005034445,0.00587596174048359,0.003062044875070593
-0.2785424168230164,-0.20106130800025024,-0.22272013105449323,-0.04481962428868031,0.03809545017339444,-0.12186033797197622,0.003694216882821717,-0.04284091423797773,0.9951386844141714,-0.0025165343315579377,0.005597419323660574,0.002860983567070343
-0.3248334022933257,-0.34201018367781466,-0.17921545935594874,-0.06817625070511897,0.02406480890368167,-0.0794812150808127,-0.004208371366947313,-0.046677445055420076,1.0089436901419924,-0.002695749790913887,0.005272585921367249,0.0025189733833925285
-0.36302728757390046,-0.29579595973031514,-0.2606189036911548,-0.09688571428973017,0.07579061259078498,-0.04613266733419272,-0.0011885759095967756,-0.05282535448365924,1.0019726498855914,-0.0029563686946050415,0.004909558633793349,0.002223177423662213
-0.3574132192700736,-0.253856718405225,-0.33661271489840605,-0.13021973336736414,0.05846863824900778,-0.0063261457311906705,0.0030950573114567745,-0.045156601209381586,1.003147727360689,-0.0032929814095034476,0.004552145414523275,0.001969320705256988
-0.17708679054688858,-0.27257384893751535,-0.05943806479618041,-0.15100650295174095,0.057442513245822516,0.02956364284430396,0.0037792906422721385,-0.03998928778509815,1.004060177964344,-0.003352419474299628,0.004375058623976386,0.0016967468563194726
-0.331318318310799,-0.34172283751758087,-0.1610187057232445,-0.17001639786336847,0.08818653847406432,0.08033403043697752,-0.013320168875240176,-0.04710759994772139,0.9998592242714772,-0.0035134381800228723,0.004043740305665588,0.001355024018801892
-0.2669870428205749,-0.15729596414098046,-0.12677441570281922,-0.16380511171261086,0.05700681317131187,0.11329996670795435,0.009880049470536858,-0.02719303637865939,0.9940808483468141,-0.003640212595725692,0.0037767532628450126,0.0011977280546609115
-0.21319714105284787,-0.16064070604491418,0.1023191787806612,-0.11341099714991379,0.08907333443013998,0.095356144654779,0.0017065556116102176,-0.03376104034040308,0.9944636683877892,-0.003537893416945031,0.003563556121792165,0.0010370873486159973
-0.2671433347733294,-0.16506543958437567,0.0957071374768215,-0.08714143717499429,0.07054277366829054,0.1555497340018912,-0.006994009899811066,-0.03914662724458985,0.9895611594174186,-0.0034421862794682097,0.003296412787018836,0.0008720219090316216
-0.1015362010493777,-0.08369383036356165,0.14800822305485584,-0.08881744876130872,0.07820029751610026,0.1499671701436079,-0.0006462375419616112,-0.035357930096132,1.0033195058380457,-0.0032941780564133536,0.003194876585969458,0.00078832807866806
-0.1731812842077734,-0.06951222455979233,0.24248920640500474,-0.15118698547766152,0.07850239619408142,0.146696116053615,-0.005279096374895308,-0.03457123607446329,0.9907793020146903,-0.003051688850008349,0.0030216953017616847,0.0007188158541082677
0.009351205254578124,-0.1703360598803384,0.09209701013302449,-0.12535358008175057,0.03923265986823908,0.14048772850411542,0.002579469310293661,-0.03802221865717291,0.986854337713674,-0.002959591839875325,0.003031046507016263,0.0005484797942279292
-0.06307691544523149,0.14116704055214185,0.28575867353314044,-0.04322253939349753,0.0419134131242483,0.17160050646766134,-0.0013303260388668353,-0.0315159390673529,0.9922383234869803,-0.0026738331663421844,0.0029679695915710313,0.000689646834780071
0.016808504119997725,0.2404252702951134,0.3441032112196443,-0.03110108332834087,0.09784659131108564,0.1515479858980587,0.009945665649663116,-0.038886797519702324,1.0013709747403652,-0.0023297299551225397,0.0029847780956910293,0.0009300721050751846
0.15759873825024698,0.17983780347451805,0.36585160448366183,0.0654512109505459,-0.04213125138515711,0.11276850284608565,-0.0038704809983137896,-0.03617155060133398,0.9994567185028019,-0.001963878350638878,0.003142376833941276,0.0011099099085497026
0.174260109364069,0.1680771227864758,0.342595277891404,0.022655902298515482,0.0034457056982436134,0.04378116934761183,-0.001505529176921676,-0.0453070050916953,0.9966227832060618,-0.001621283072747474,0.003316636943305345,0.0012779870313361786
0.24129357551739156,0.10195617347174143,0.21207663337858312,0.08949948600416324,0.061441788215736357,0.15439220577167098,0.003126633175848899,-0.03307017132809606,0.9942863962108555,-0.0014092064393688907,0.0035579305188227365,0.00137994320480792
0.18006716974077447,0.22199444984266223,0.20069334373886533,0.04101247152540423,-0.029456634680876545,0.02610378970730934,-0.0006089102011319004,-0.036958385905822504,1.0043245618096113,-0.0012085130956300254,0.003737997688563511,0.0016019376546505823
0.39809182403483745,0.16632012545853123,0.2920343167028375,0.12277580980772351,0.014175928254301619,0.11260364776704271,0.00473987548286695,-0.038962140974357524,1.0017037136350253,-0.000916478778927188,0.004136089512598349,0.0017682577801091132
0.20274059692708754,0.23830429211434337,0.1229716644613403,0.13832044839838856,-0.04501357731323083,0.05178837853384651,-0.005176416908143019,-0.034492618223065985,0.9917196849547102,-0.0007935071144658475,0.004338830109525437,0.0020065620722234567
0.4057041582181234,0.20463653124252978,0.025770562217105872,0.13118857222812547,-0.0027494526984585717,-0.0049156058519562035,-0.0011420310715458868,-0.03132795464216029,1.0005364313397096,-0.0007677365522487417,0.00474453426774356,0.0022111986034659865
0.38239025545535904,0.22871237559509383,0.04156148816066567,0.15394110506898395,-0.030102356390112557,0.02288395622868212,0.008771456232708795,-0.04158783423323487,1.0005651491564702,-0.0007261750640880761,0.00512692452319892,0.0024399109790610805
0.30152486968426834,0.17751115310599438,0.05814784223447705,0.11145274196004781,-0.0429366471918965,0.009788195983632229,0.002945940098768302,-0.04534904972918517,1.0044187734636885,-0.0006680272218535992,0.005428449392883187,0.0026174221321670754
0.35330317879015477,0.14875215328967867,-0.03996059419498085,0.07742329059815468,-0.06896262958809464,-0.016312047060210028,-0.0024206119272308407,-0.037884654878609675,1.003663132923647,-0.00070798781604858,0.005781752571673342,0.002766174285456754
0.3488417948541096,0.0875023289619053,-0.16368072459625363,0.045257585112455936,-0.07872689657864017,-0.0908928968557121,0.006461625232399183,-0.03703634021970734,0.9997509126389861,-0.0008716685406448335,0.006130594366527451,0.0028536766144186595
0.26394660593947333,0.06858147197344072,-0.16329743951851766,0.09543120625171315,-0.12275830240406235,-0.07158674245216338,0.002301596821677737,-0.04488313671883564,1.0043773741365531,-0.0010349659801633514,0.006394540972466925,0.0029222580863921
0.20254905913117685,-0.06964156645846084,-0.27977898940435547,0.04229860766269025,-0.10190021280633517,-0.10685915761574745,-0.010695313554197939,-0.042658926318983076,1.0053155376833536,-0.0013147449695677068,0.0065970900315981025,0.002852616519933639
0.22957382418051886,-0.2324556073671469,-0.13789169127262368,0.009334234846103191,-0.14590282247743036,-0.06193417454768912,-0.0009491281227958722,-0.03057097364201358,0.9976237113103854,-0.0014526366608403306,0.00682666385577862,0.0026201609125664923
0.2522080433530066,-0.1841819495250207,-0.20287712698783567,-0.0451581771567748,-0.10842142208526717,-0.07879814459309001,0.013715791375920763,-0.044328826550752314,0.9968413059384338,-0.0016555137878281664,0.007078871899131628,0.0024359789630414713
0.02602223153407808,-0.12510027406305121,-0.04508473738369312,0.008585701199477127,-0.06230723939496321,-0.07204400137107445,-0.005889805818734288,-0.0397990359694992,1.0052684693080516,-0.0017005985252118595,0.007104894130665705,0.0023108786889784205
0.06067726223766818,-0.3102677871026114,-0.24737269320115735,-0.05061615783213225,-0.05699436281565661,-0.08848065768635986,0.005797641751489426,-0.044203495487598214,1.0027530709724042,-0.0019479712184130166,0.007165571392903374,0.0020006109018758087
-0.022945886699444057,-0.4070353727429656,-0.25379673694992233,-0.09421176791700869,-0.12003566415914517,-0.007027155013030141,0.002093319888875221,-0.03854337926476436,0.9921533504325989,-0.0022017679553629392,0.00714262550620393,0.001593575529132843
0.0037388119506468476,-0.3727915768611031,-0.042514349486895996,-0.1933744978963035,-0.058991607543019145,0.040539468956942354,0.005545015452486484,-0.04132916321136572,1.0055545956730902,-0.0022442823048498353,0.007146364318154578,0.0012207839522717402
-0.10821154217219012,-0.4050791670924335,-0.010058835637386732,-0.17531231118698595,-0.024092925313098933,0.02284163789218001,0.008679828232034253,-0.05505820973281447,1.0035055939112287,-0.002254341140487222,0.007038152775982386,0.0008157047851793066
-0.19417792472896475,-0.32984731505896725,0.015267909776932468,-0.22708981793839073,-0.07439939839729057,0.04120817391355021,0.003541257365717995,-0.03866538146359562,0.9964632765828549,-0.0022390732307102897,0.006843974851253422,0.0004858574701203393
-0.21860711738468788,-0.44520169346143285,-0.025219862547030222,-0.17190654100025826,0.017916984836778276,0.07037742461264317,0.006751721751559337,-0.03862137698167409,1.0058743806392094,-0.0022642930932573195,0.006625367733868734,4.065577665890647e-05
-0.3711899817966237,-0.5749367521377067,-0.022109223029103356,-0.23950760418137124,0.006093131414115393,0.13851942015146296,0.007368248212717468,-0.04500122323885004,0.9927579108022314,-0.002286402316286423,0.00625417775207211,-0.0005342809754788003
-0.4554129553682632,-0.38275315028947005,0.10716973629318075,-0.21295487301260546,0.043450535291700156,0.1574510807172416,-0.006119019605524682,-0.040401824754383676,0.9929235210574537,-0.002179232579993242,0.005798764796703847,-0.0009170341257682704
-0.42289456167818623,-0.3239271442002013,0.1264210496109192,-0.2845652632656986,0.030794989726717122,0.11509646503056595,0.008838021061563964,-0.04104787095318666,0.9955700810728675,-0.002052811530382323,0.00537587023502566,-0.0012409612699684717
-0.5699067353506877,-0.3119925393661863,0.18213238930490355,-0.2246694755790644,0.027032107050949425,0.07758953722760822,0.00017010102067017497,-0.037398128283785456,1.001642616150151,-0.0018706791410774198,0.004805963499674973,-0.001552953809334658
-0.44852313988181636,-0.194451244663417,0.11532428339257667,-0.23563815995929263,0.03507974857945236,0.07594005638095173,0.002307822528723621,-0.038395833074880814,1.002091918557613,-0.001755354857684843,0.004357440359793157,-0.001747405053998075
-0.6398233703465387,-0.2423082785015761,0.1316974526032919,-0.22561824356051147,0.0708985739833877,0.10742524531767955,0.00562877549392651,-0.040214977845279234,1.0051450476427835,-0.001623657405081551,0.003717616989446618,-0.0019897133324996512
-0.6372458638935048,-0.06772193650694545,0.1211236667890204,-0.21383032345071923,0.1247535865858207,0.1219696229420328,-0.003358835929544126,-0.04044135535406589,1.0045366327642613,-0.0015025337382925308,0.003080371125553113,-0.0020574352690065963
-0.5979267152557743,0.11572501524275235,-0.05867183774057241,-0.17551224419443642,0.1478707576040468,0.08670191216228741,0.0039574395908636715,-0.041450737026196144,0.9975382201527233,-0.001561205576033103,0.002482444410297339,-0.0019417102537638443
-0.5912388734121748,0.02659818788920447,0.11507500911294169,-0.14088703563096328,0.09395149625875501,0.08248722259685888,0.0006372891986840667,-0.032560271265733604,1.0030488980286256,-0.0014461305669201613,0.0018912055368851641,-0.00191511206587464
-0.5445457140151435,0.06439031859719035,0.09845157736520214,-0.10452786414913363,0.14886234589982086,0.05404556427792208,-0.0026515173977130504,-0.036803312734423194,0.9983232423275594,-0.0013476789895549592,0.0013466598228700207,-0.0018507217472774494
-0.5893236699500323,0.1566810820482602,0.03728078351232671,0.00869211716094163,0.14271304659881354,-0.04452882616995389,0.010530255556190018,-0.03193025563234725,0.9955003453994734,-0.0013103982060426323,0.0007573361529199884,-0.0016940406652291894
