motionRotationRateX(rad/s),motionRotationRateY(rad/s),motionRotationRateZ(rad/s),motionUserAccelerationX(G),motionUserAccelerationY(G),motionUserAccelerationZ(G),motionGravityX(G),motionGravityY(G),motionGravityZ(G),motionYaw(rad),motionRoll(rad),motionPitch(rad)
-0.2713738765488845,0.6330325923075215,-0.2721614931111958,0.01726919783604569,-0.0330202114390832,0.030687811937321514,-0.0027260250372938373,-0.025164768045404875,0.9852215914474066,-0.00027216149311119585,-0.0002713738765488845,0.0006330325923075216
-0.35394814513479145,0.54427346386488,-0.19905929736945843,0.018181452026100123,-0.10476787894687664,0.045035662612073785,-0.018114995058358858,-0.014349532314341645,0.989899147421162,-0.0004712207904806543,-0.0006253220216836759,0.0011773060561724017
-0.4122450236262738,0.43558393769957715,-0.11566404316501538,0.02458720001967955,-0.09867030186101956,0.04423864065704395,-0.009520147524493162,-0.02293279705399933,0.9822413928160665,-0.0005868848336456696,-0.0010375670453099497,0.0016128899938719788
-0.4748090744328707,0.575566491149829,-0.09532228572580721,-0.05523107023920088,-0.07367814474199183,0.16886430026103838,-0.0022405823339114155,-0.020942934842879356,0.9936780724165644,-0.0006822071193714769,-0.0015123761197428204,0.002188456485021808
-0.5814163647610546,0.5376982365580925,-0.1084877787428584,-0.06885942559124777,-0.03761308689286079,0.042407298086788114,-0.008666415913221018,-0.014573550030222288,0.9846567637940575,-0.0007906948981143353,-0.0020937924845038747,0.0027261547215799006
-0.37144384099707434,0.8658683555296183,-0.13105692451517664,-0.15158488059410144,0.03208759978815751,0.12201577739246204,-0.0021709037074981972,-0.01895191817695575,0.9858412376074923,-0.000921751822629512,-0.0024652363255009495,0.0035920230771095195
-0.5346333864873302,0.6191774574155794,-0.06573774732416274,-0.07524198244672241,0.02150895641095384,0.1328178445779763,-0.011342956352956223,-0.020227785217579182,0.9890733605451937,-0.0009874895699536746,-0.0029998697119882796,0.004211200534525099
-0.31431620995279425,0.701859908355644,0.0299210185192725,-0.03153264177156678,0.07300824574519324,0.0708530881434941,-0.006535628454771401,-0.0063370087752208995,1.0007769898402357,-0.0009575685514344019,-0.0033141859219410737,0.004913060442880743
-0.11082665186508153,0.798206228907076,0.15436720473091833,-0.1037902522253398,0.07106799825881097,0.11789686643205573,-0.009354213993951341,-0.0171244241022151,0.984409541989393,-0.0008032013467034838,-0.003425012573806155,0.005711266671787819
-0.2507592918731663,0.590826281060161,-0.16107673207933149,-0.14461782771126575,0.12064779713698469,0.11686670179255493,-0.01617541297427299,-0.018369877850399053,0.9871666138007736,-0.0009642780787828152,-0.003675771865679321,0.00630209295284798
-0.3094434940531008,0.5874073772512809,0.15232212353440977,-0.07121930395616494,0.12082311549576961,0.10815036088944481,-0.009772053555970944,-0.019631215016966644,0.9933357600746548,-0.0008119559552484054,-0.003985215359732422,0.00688950033009926
-0.23094395854987018,0.7657219795302349,0.017961404963846905,-0.17738739983426643,0.03643107766916569,0.1399830774067976,-0.010539125203444558,-0.020105790105046623,0.9877710610999836,-0.0007939945502845585,-0.004216159318282293,0.007655222309629495
-0.22648576513810176,0.7318730876453688,0.11344089506788183,-0.13973583161174702,0.08221582851009004,0.1473825029656384,-0.011554764648331712,-0.017699914190316066,0.9876509058836171,-0.0006805536552166767,-0.004442645083420394,0.008387095397274865
0.07118612299083894,0.47173149055679264,0.16647490184081976,-0.1398891418085938,0.1654640101473061,0.11667473985152169,-0.01285086325495506,-0.02171002183482326,0.9979642578689196,-0.0005140787533758569,-0.004371458960429555,0.008858826887831657
-0.13449482805511714,0.4232550813989957,0.19449260744778032,-0.06492400191571039,0.13481451374242504,0.21460317064130424,-0.0015554699520911597,-0.021729378330693397,0.9939301628475019,-0.0003195861459280766,-0.0045059537884846726,0.009282081969230653
-0.21245355811943814,0.5377253299990412,0.15290020540819715,-0.08799932406992013,0.09988803341569576,0.08774699903032339,-0.012083956848477663,-0.01949394475975652,0.9985364878195784,-0.0001666859405198794,-0.004718407346604111,0.009819807299229695
0.27561377608087373,0.4825639621752539,0.3438759827090574,-0.11624989451817899,0.111909580435179,0.12067508118389667,-0.0071554613231399125,-0.013806129263664167,0.9846653134191276,0.00017719004218917802,-0.004442793570523236,0.01030237126140495
0.031449735493451425,0.3071073447212459,0.2846798997942001,-0.1025294680635221,0.17127220782631558,0.10482631754983403,-0.00953411869214481,-0.012026372016624709,0.9921520631762364,0.00046186994198337813,-0.004411343835029785,0.010609478606126195
-0.0011883777199098722,0.3329840522923786,0.17412766702004617,-0.060069584161211415,0.1170980142923954,0.11603132463571754,-0.004861203748159021,-0.025785736255899964,0.9881665638985427,0.0006359976090034243,-0.004412532212749694,0.010942462658418573
0.1285469997601555,0.12585400716226885,0.3743024237475969,-0.045678272461673004,0.18428911337472675,0.08650296032983151,-0.0004614540298681358,-0.015293901413940233,0.9874031219339511,0.0010103000327510213,-0.004283985212989539,0.011068316665580842
0.13953060615589402,0.22808050155619108,0.1212855508309334,-0.03383945265384905,0.12144636688321683,0.026938114318118107,-0.001510150464406273,-0.01742714553540823,0.9879818013210593,0.0011315855835819545,-0.004144454606833645,0.011296397167137033
0.24726303895719526,0.13460288207024423,0.09323373241866692,-0.05562027428009912,0.19332042766573546,0.08106781757221501,-0.012003127103552003,-0.0036271634205988397,0.991708805165322,0.0012248193160006218,-0.0038971915678764494,0.011431000049207276
0.21439346091957814,-0.12695111232685571,0.15777113521712127,0.038526159588478825,0.17260156983304184,0.039559076256011065,-0.006658628550351025,-0.01744451881251518,0.9883882877558643,0.0013825904512177428,-0.003682798106956871,0.011304048936880421
0.03964651562678456,-0.05810216645782045,0.05619905020903273,0.07793491781077212,0.08619199571770629,0.06963276890607167,-0.0036671285781430868,-0.021700692381466987,0.9840367499367055,0.0014387895014267755,-0.0036431515913300863,0.0112459467704226
0.2700629774412284,-0.11493889591033869,0.1225064346401658,0.08586689539313627,0.13668280395827553,0.047822972667818875,-0.011133236335751312,-0.01198198540248429,0.9841768038793307,0.0015612959360669415,-0.0033730886138888584,0.011131007874512263
0.40455426140971934,-0.07572802067369644,0.012562097301419786,0.09307244151563754,0.028388318209681285,0.027060562225044035,-0.004735727454202129,-0.011960162432328371,0.9826077855917162,0.001573858033368361,-0.002968534352479139,0.011055279853838565
0.2780326362398966,-0.3020781011134357,0.03717455777515661,0.16055545903429574,0.07949545724191123,0.030005445910927526,-0.009747035809454074,-0.016586609988666914,0.9884632283860363,0.0016110325911435177,-0.0026905017162392425,0.01075320175272513
0.4262519604499412,-0.1309645251805771,-0.1321222464112718,0.036869048400778204,0.06131185613964114,-0.04855425460470535,-0.016420674579429896,-0.01304226566457799,0.991673425176018,0.001478910344732246,-0.0022642497557893017,0.010622237227544552
0.4620637002894299,-0.28489366535165833,0.10460991855055558,0.05352179244255722,-0.030401002469618278,-0.02909118357731527,-0.0001861917298830191,-0.009436420827765756,0.9941309792341864,0.0015835202632828015,-0.0018021860554998715,0.010337343562192895
0.49582862186090926,-0.22091621284376184,-0.17697919000831258,0.03224413114519344,-0.05049382077322287,0.007769519477315466,-0.01886793460420385,-0.008437544062149162,0.9910693950364536,0.0014065410732744888,-0.0013063574336389624,0.010116427349349134
0.2718058265781724,-0.5036238522949685,-0.019256720141650335,0.095473501630139,0.06480925664547504,-0.039350556503356025,-0.01721170966362761,-0.01195136314599933,0.989902416209123,0.0013872843531328386,-0.00103455160706079,0.009612803497054165
0.2836328492553543,-0.35901939539134065,-0.34758618966761434,0.06008393648379575,-0.009468870584337635,-0.09084755713520762,-0.012797440522443998,-0.01776412792033884,0.9945457833533441,0.0010396981634652241,-0.0007509187578054355,0.009253784101662823
0.37935414604063467,-0.3883814946990724,-0.05947093041923571,0.18337182210827813,-0.01995483227588901,-0.10769215090177793,-0.00596085493145216,-0.02076859520228914,0.9818403586363221,0.0009802272330459885,-0.00037156461176480083,0.008865402606963751
0.1818647103150023,-0.39629216917844184,-0.2929177501979146,0.1398985847637873,-0.05958316875692802,-0.02940873538453593,-0.007723666150575421,-0.017435064220390453,0.9915289009216958,0.0006873094828480737,-0.00018969990144979856,0.008469110437785308
0.24616569765079252,-0.38545462349885473,-0.3344243608367442,0.11925098158654633,-0.00903558660083213,-0.09065642479754014,-0.0012922376334010346,-0.00909750659291992,0.9911491585967084,0.00035288512201132947,5.646579620099398e-05,0.008083655814286455
0.37291764516844206,-0.38970047124889867,-0.59708662576719,0.08702303531699995,-0.15268247965805778,-0.06809954022633302,-0.005825594262277727,-0.011003986214199145,0.9831470845178779,-0.0002442015037558605,0.0004293834413694361,0.0076939553430375555
0.1064214207387609,-0.6370520858445619,-0.4926043763210833,0.07831402011605337,-0.06612486179382997,-0.0007342790085439841,-0.010119177634138441,-0.022707024880794402,0.9797180204923509,-0.0007368058800769437,0.0005358048621081971,0.007056903257192992
0.11256844755192341,-0.21800197860051826,-0.46958051423610386,0.1100033458348932,-0.03346800049154918,-0.09881997724876261,-0.0050131455312622175,-0.02321787085253635,0.9888170103768683,-0.0012063863943130478,0.0006483733096601204,0.006838901278592474
0.3235128137915833,-0.43143201699517364,-0.4939490197226548,0.20194964193292161,-0.17613745501026445,-0.003090631406295863,-0.012587323923443222,-0.02609772146485166,0.9925342307972195,-0.0017003354140357023,0.0009718861234517039,0.006407469261597302
0.07185529935801654,-0.39506499564206776,-0.31553371778357275,0.17388160868277414,-0.20001963785204033,-0.09545108718363952,-0.010686655606475318,-0.010706137670595979,0.9824785091764513,-0.002015869131819275,0.0010437414228097203,0.006012404265955233
0.4837730834476078,-0.2917626098646693,-0.42096390982798193,0.1477005221009813,-0.15434100040862014,0.010731183701739698,-0.013835609110517538,-0.014611811606047753,0.9860296482023421,-0.002436833041647257,0.0015275145062573282,0.005720641656090564
0.06243645151945651,-0.20801630645664843,-0.364069632823959,0.005025848519515971,-0.15636938741812742,-0.027227905627709964,-0.006127919670659905,-0.014464629098400083,0.9890396913249824,-0.002800902674471216,0.0015899509577767847,0.005512625349633916
0.015825486995737215,-0.34901507437970514,-0.3258695019071919,0.08603942963189078,-0.2556911242907311,-0.10261072413975236,-0.013385995212447453,-0.012712410235874475,0.9945457273648887,-0.003126772176378408,0.0016057764447725217,0.005163610275254211
-0.06122342204171011,-0.3186925584266891,-0.6528661695553348,0.06514620593961927,-0.22468023587146246,-0.07062912980866236,-0.018325615433978197,-0.014415904302159527,0.9915973074264293,-0.0037796383459337427,0.0015445530227308117,0.004844917716827522
0.0375837282662545,0.039891527056113485,-0.3239658690910978,0.029251572198476336,-0.14903321567960853,-0.044099494812290106,-0.018469338397199525,-0.014826665987210457,0.9915703264778873,-0.004103604215024841,0.0015821367509970662,0.004884809243883635
-0.02704392032247271,-0.09565791249129925,-0.04511620247091472,0.04623397010425729,-0.13802721281389452,0.01131376858117581,-0.01749498712334069,-0.004743260532127313,0.9881781856452744,-0.004148720417495756,0.0015550928306745937,0.004789151331392336
-0.013037220919412534,0.025068814192105406,-0.10836868102509987,-0.01475675953526134,-0.23623409674707227,0.06677836027825217,-0.009620353779343472,-0.007616502894905312,0.9971351277330281,-0.004257089098520856,0.0015420556097551813,0.004814220145584441
-0.12665539975273382,-0.05698177828002376,-0.12703783504198585,-0.017080818742052126,-0.22556688791926402,0.04433552129342064,-0.012943300665069973,-0.006794820919813806,0.9916796371534751,-0.004384126933562842,0.0014154002100024475,0.004757238367304417
-0.053411352503501264,0.26836887813968746,-0.11546793980922343,-0.05110163998222923,-0.2175462065892918,-0.0015517974347902409,-0.012106000493276363,-0.0035625796855013395,0.9869696264451433,-0.004499594873372065,0.0013619888574989464,0.005025607245444106
-0.22064357656102976,0.23942257514349785,0.06634553866985723,-0.06025839105235745,-0.3554024507101919,0.11206613929314352,-0.010370738309666816,-0.005549840609424576,0.9876172467253111,-0.004433249334702207,0.0011413452809379166,0.005265029820587602
-0.2826069991440241,0.144332643061852,0.030388679097965,-0.19945572774900702,-0.26005973200781574,0.05332029533831581,-0.009879128602106955,-0.015927489415022193,0.9891328371246545,-0.0044028606556042425,0.0008587382817938924,0.005409362463649455
-0.26645742052459886,0.4066665640818104,0.00333481477151662,-0.06678425378014301,-0.22227870125024723,0.023081608187511475,-0.014153448790246763,-0.007788835929022503,0.9884606867830086,-0.004399525840832726,0.0005922808612692937,0.0058160290277312655
-0.5377197299364385,0.3585234062778878,0.10691791859619325,-0.060552523782307396,-0.10623999045853139,0.06609005036709414,-0.013131614434567522,-0.0196766081470537,0.981414007415495,-0.004292607922236533,5.4561131332855115e-05,0.006174552434009153
-0.4938403622099232,0.4103344037931624,0.20246458997085431,-0.14262525277172083,-0.18230444338042281,0.07756340777893257,-0.015023358942355852,-0.014206122053982206,0.9873024903751206,-0.004090143332265679,-0.00043927923087706816,0.006584886837802315
-0.2421650526095552,0.44920834526657505,0.2952316402160692,-0.07274713678697672,-0.12343012053623281,0.04314344571573225,-0.011009721721633831,-0.005258639978744432,0.9923766949093188,-0.0037949116920496097,-0.0006814442834866233,0.00703409518306889
-0.6408722898807686,0.3443222413703305,0.06299938682969056,-0.17754273656803743,-0.1834786510957359,0.12734616967724116,-0.01344520261670716,-0.013051083571396713,0.9861793834572432,-0.0037319123052199188,-0.0013223165733673922,0.007378417424439222
-0.4001330323645324,0.5882888881757303,0.2613240992997824,-0.20709468288718622,-0.138866025850079,0.06965942943185817,-0.017433188029668298,-0.007520478692493112,0.9907336673555942,-0.003470588205920136,-0.0017224496057319247,0.007966706312614952
-0.7706989586254378,0.5950149766413448,0.38330412281473636,-0.1168004934156113,-0.18491870377659775,0.04845296184807424,-0.012660865120855456,-0.0013730507010395222,0.9846652400903095,-0.0030872840831054,-0.0024931485643573626,0.008561721289256296
-0.7181276536868141,0.6037484250919265,0.25226508580568036,-0.1978170542919436,-0.1895376600120674,0.11145023157951502,-0.009842980565017204,-0.00968609506240986,0.979600575575307,-0.0028350189972997197,-0.0032112762180441764,0.009165469714348224
-0.6568935455718627,0.1765231191947398,0.3166826748378443,-0.1713893492121821,-0.15395122103853354,0.09840672891907655,-0.004488321595752564,-0.010498735911044174,0.9888240987418564,-0.0025183363224618753,-0.003868169763616039,0.009341992833542962
-0.5516377585601052,0.4098184959836445,0.5248265005940594,-0.253324858016456,-0.10214063361283865,0.11104818643074567,-0.019279048066853988,-0.010376893224044958,0.9913997774563451,-0.0019935098218678156,-0.004419807522176144,0.009751811329526607
-0.6268832435832041,0.4263403714251283,0.3907858083118905,-0.19787701169890412,-0.06492687595200673,0.10355556788232272,-0.019932776132552812,-0.010698863105823452,0.9878341975541142,-0.001602724013555925,-0.005046690765759348,0.010178151700951737
-0.5819737025152709,0.3317630977602913,0.29410787264866134,-0.2060554763199161,-0.0671681190102603,0.0315630677113835,-0.020741625655240604,-0.010888682742603649,0.9855153159443435,-0.001308616140907264,-0.005628664468274618,0.010509914798712027
-0.684563119965494,0.3345035895295416,0.2229206960760726,-0.2069901671695987,-0.12197096582484115,0.04694423114519366,-0.016846570268491463,-0.00896990578089014,0.9937462372742449,-0.0010856954448311912,-0.006313227588240113,0.010844418388241569
-0.6476614999136903,0.2926618722706853,0.3510529712104519,-0.20204015603162617,0.03643665139866529,-0.05932017282484906,-0.014716377243481842,-0.006416811821701375,0.9904478747419825,-0.0007346424736207394,-0.006960889088153803,0.011137080260512253
-0.6240414173452236,0.39146318229667165,0.2878704152411507,-0.17090930911469132,-0.011026221128842332,0.03669366520345662,-0.01611626492629725,-0.009307683751415061,0.9938877387857689,-0.00044677205837958866,-0.007584930505499026,0.011528543442808925
-0.5212124076764988,0.32816069723432717,0.45946708836296235,-0.16512078002663644,0.04985149595756019,0.02934651254342853,-0.021147596806916875,-0.009142103515931943,1.0002272400667453,1.2695029983373741e-05,-0.008106142913175525,0.011856704140043252
-0.4271800991918477,0.1853223714980642,0.22740461053994288,-0.1359351040794183,0.03650300900359314,-0.0031989514316928033,-0.006859914510795145,-0.007215808620454006,0.9931186424855647,0.00024009964052331664,-0.008533323012367372,0.012042026511541317
-0.6999649945510384,0.1371202277864937,0.366482742997838,-0.23518026020220417,0.13540292644294927,-0.050258511837869314,-0.023439297338071936,-0.01307256083899586,0.9932261392642829,0.0006065823835211545,-0.009233288006918411,0.012179146739327809
-0.5829976947221561,0.03318612376755186,0.237516031821213,-0.06308376905574282,0.030877167860713046,0.027264909341365974,-0.005341443174969183,-0.008197459717034027,0.9873366178720628,0.0008440984153423678,-0.009816285701640566,0.01221233286309536
-0.581283178331315,0.17453553901459898,0.1548176118934634,-0.12335376262022399,0.16879244253886042,-0.08783767442564762,-0.011458089896415696,-0.0036482070774467947,0.9908614508333123,0.000998916027235831,-0.010397568879971883,0.012386868402109959
-0.4763074991800402,-0.05940214849085657,0.1319692492367555,-0.1182157227811341,0.1244333277896754,0.021432278626084073,-0.007226703787309163,-0.01264465703258997,0.9848622860048146,0.0011308852764725867,-0.010873876379151923,0.012327466253619102
-0.32763852176190866,0.01630669606105195,0.24985143093609033,-0.05928723587653381,0.1449499396851144,-0.12685137072811,-0.019417162160862665,-0.00409918492632576,0.9861462545031253,0.001380736707408677,-0.01120151490091383,0.012343772949680155
-0.42405208084983415,-0.1292384588860852,0.15874212008664665,-0.06177605077953539,0.17515968344768879,-0.08195948434507974,-0.016330774186620146,-0.0028674124630672223,0.9926211076697402,0.0015394788274953235,-0.011625566981763666,0.01221453449079407
-0.450176207336177,-0.2330281214418997,0.05710395501104335,-0.026349808076137727,0.18194208032696618,-0.18322433109561062,-0.015665736693193228,0.0028414190742113935,0.9897188878895693,0.001596582782506367,-0.012075743189099843,0.01198150636935217
-0.23930078821113399,-0.5135203464942178,-0.07087193728580603,-0.02592149699463442,0.25776867058504593,-0.12416328356538574,-0.01696777737260151,-0.004334044216356183,0.9883517004706457,0.0015257108452205609,-0.012315043977310976,0.011467986022857951
-0.3227816045021471,-0.28791757583235966,0.027965836531995816,0.03954401808246151,0.23194825447256248,-0.0874432635617,-0.013584982777900465,-0.00951621915215042,0.9919722143177673,0.0015536766817525567,-0.012637825581813124,0.011180068447025591
-0.2624871082667804,-0.6492869850712161,-0.07396981865023046,-0.03574092151171125,0.26837940788621084,-0.09087049837895372,-0.013607020225667362,-0.005872613121194227,0.9886453973502428,0.0014797068631023265,-0.012900312690079905,0.010530781461954377
-0.13182319401192605,-0.5408661718334846,-0.16448888163615144,0.06994990057484897,0.23425160685968177,-0.121013509450014,-0.019409734309730274,-0.00801286963946072,0.9901941177111503,0.0013152179814661749,-0.013032135884091831,0.009989915290120891
-0.276726369669946,-0.7075255392950013,-0.2470871395350461,0.058227805095273553,0.20698647631986763,-0.13626687612793995,-0.005569840913603706,-0.006148645072992132,0.992984265016615,0.0010681308419311288,-0.013308862253761775,0.009282389750825888
-0.22813757695937775,-0.5036839473750828,-0.23715999977585053,0.02045933836893205,0.20683950828470038,-0.009089076034435368,-0.020694625558779454,-0.011539316118769703,0.9892499878208828,0.0008309708421552783,-0.013536999830721153,0.008778705803450807
-0.132446151235323,-0.6792567404590587,-0.3109445731733615,0.1719572866699377,0.13714322791181693,-0.11889865377357821,-0.01274715997866022,-0.005158548705388432,0.9869346880735883,0.0005200262689819169,-0.013669445981956477,0.008099449062991749
-0.001820899296320247,-0.5938836407315191,-0.30091756207349385,0.12391965565730846,0.28932715789048674,0.014317884739467176,-0.014035395707336902,0.0017553160348917091,0.9979643958566131,0.00021910870690842302,-0.013671266881252798,0.00750556542226023
0.19080167621553157,-0.8959370498657651,0.053280401644641706,0.20349836427289336,0.19069567748202684,-0.04045830955256486,-0.013980290168097055,0.0022013829087209422,1.0014717660557182,0.0002723891085530647,-0.013480465205037265,0.006609628372394465
0.06952081866746235,-0.5949960361845853,-0.42067859601549923,0.20580872345669934,0.10732774814959856,-0.13402600218301863,-0.027869455054093766,-0.0008372002089724801,0.991835851051368,-0.00014828948746243456,-0.013410944386369804,0.006014632336209879
0.13951094876051662,-0.6020381856573375,-0.13796092103758606,0.1530332503343666,0.13009741914435588,-0.11853285645757285,-0.016457977359581995,-0.00794517012613803,0.9910617648682114,-0.0002862504085000206,-0.013271433437609288,0.005412594150552542
0.2639717987474043,-0.78729027947743,-0.1717029007676975,0.24983939208178704,0.09292843540236757,-0.01503423752536546,-0.016500015044879243,-0.001182200363743178,0.9921363346095403,-0.00045795330926771814,-0.013007461638861881,0.004625303871075111
0.19954811463644717,-0.7218102930910417,-0.37444031847437126,0.19563832165905415,0.11692068091807135,-0.14008615554761134,-0.013797417070613237,-0.004508543667347755,0.9885485260293733,-0.0008323936277420895,-0.012807913524225435,0.00390349357798407
0.2953249134874728,-0.5027518351743528,-0.10789981564226349,0.1823841808140069,0.15886141450024938,-0.002760991837594243,-0.02241513649784778,-0.004879098852751095,0.997880560725766,-0.0009402934433843529,-0.01251258861073796,0.003400741742809717
0.38584713625620615,-0.580890971621836,0.044294592028592594,0.17195503255780617,0.024222648085871608,-0.058112776024012734,-0.014222757792050206,0.002770438622181874,0.9968677783687296,-0.0008959988513557602,-0.012126741474481756,0.002819850771187881
0.49094960154472883,-0.48198340136812756,-0.14601476703547028,0.1820828439144191,0.1587566216738441,-0.15096689715515482,-0.011811794411512793,-0.004557558372232954,0.9898679901728518,-0.0010420136183912306,-0.011635791872937026,0.002337867369819753
0.568586250330026,-0.706559585429614,-0.01938839758816524,0.23386384334575816,0.05260365628623693,-0.07572737590963648,-0.012652039817393164,-0.004547250773978466,0.9906104132924284,-0.001061402015979396,-0.011067205622606999,0.0016313077843901392
0.4893926652862818,-0.4875544768259833,-0.09861959392273222,0.18069538335844276,0.05219844040378415,-0.02047522955352723,-0.01585556385383788,-0.00020295826570872503,0.9942312720893474,-0.001160021609902128,-0.010577812957320716,0.0011437533075641557
0.5061094951701953,-0.30500969986519105,-0.006277244810602364,0.22741763222852535,0.039255504560103675,-0.017567350983452322,-0.010178514925754233,-0.00913770950447312,0.9982668997256952,-0.0011662988547127304,-0.010071703462150522,0.0008387436076989648
0.541373982582754,-0.4227796609464616,-0.20825759022250695,0.1771256454930554,-0.026262276505985165,-0.011309808204060802,-0.011723281173735656,-0.0030516000330854266,0.9946320446105513,-0.0013745564449352372,-0.009530329479567768,0.00041596394675250315
0.6068633293889758,-0.3459030925442725,0.021994121568873787,0.23289741875063,0.03611915911911643,-0.030363022757352733,-0.01976200160269146,0.0044158044065688755,0.99534067542381,-0.0013525623233663637,-0.008923466150178791,7.006085420823066e-05
0.7552387931957091,-0.20768512208513237,0.05791631694426173,0.1607726059517225,-0.07846556110382659,0.049559909099950956,-0.015355320556063026,0.0056824436045945555,0.994674866125724,-0.0012946460064221018,-0.008168227356983084,-0.00013762426787690171
0.8412041382621969,-0.21133350240160081,0.04458649817668852,0.15584447231128606,0.03586337483743628,0.13406048347459834,-0.011450570374573282,-0.005963238951519343,0.9936598678601881,-0.0012500595082454132,-0.007327023218720887,-0.0003489577702785025
0.8154923831170557,0.09192243003748835,0.2729854301402468,0.14270930639641363,-0.09884262793855854,0.1463633542397701,-0.008294378404822642,-0.006248042479552607,0.9946032224217481,-0.0009770740781051663,-0.006511530835603831,-0.0002570353402410142
0.7376206733456336,0.0964356356479792,0.14498858799860698,0.14046715176843305,-0.0694706520383118,0.14538704096487526,-0.019636319429646082,-0.004060668023449605,0.996728284789918,-0.0008320854901065593,-0.0057739101622581975,-0.00016059970459303497
0.519836472303392,0.09808132313437075,0.15895801311694585,0.11607645723927641,-0.11416462386785242,0.09418025891652358,-0.02093263643047276,-0.01725850671020443,0.9944524943740318,-0.0006731274769896134,-0.005254073689954806,-6.251838145866422e-05
0.6417025251286691,0.3921930457261965,0.15724988619919045,0.052736344295892336,-0.04833911796152126,0.16656688901163869,-0.021832371007753315,0.007804704158975924,0.9918544342265914,-0.000515877590790423,-0.004612371164826137,0.0003296746642675323
0.5702474650659158,0.23561655282887567,0.16650033083289464,0.16230277497904935,-0.1614274315592279,0.04903852720837686,-0.023176949823293762,0.0030033164848248055,1.0047462643288068,-0.0003493772599575283,-0.004042123699760221,0.0005652912170964079
0.5782335161023979,0.3701794438063274,0.20720988239903718,0.08658530096039177,-0.05828806604599296,0.15419986506153774,-0.01671787159688903,-0.005873481587884728,0.9850882388653787,-0.00014216737755849115,-0.0034638901836578223,0.0009354706609027354
0.7524616582584881,0.28990806558522775,0.1977469194954732,0.07935932233916834,-0.03419734115395602,0.20298715436269368,-0.020128598888087223,-0.006987727344540467,0.9974950893600396,5.557954193698206e-05,-0.002711428525399335,0.0012253787264879634
0.6856568234003066,0.4422876213397136,0.2724991042105243,0.0714544638915463,-0.2010409918252774,0.16770689380146495,-0.01401867351311706,0.000111676134776268,0.9907076215659899,0.0003280786461475064,-0.0020257717019990275,0.0016676663478276768
0.6076846285509869,0.5742289602973267,0.27801967142273126,-0.009746112510387745,-0.229397732602061,0.062471148706911374,-0.019984503687998513,0.0020662790412518226,0.9849519106046906,0.0006060983175702377,-0.0014180870734480408,0.002241895308125003
0.758984186824589,0.6204110208731863,0.3596854030245362,0.019128388383704013,-0.1604121985632475,0.09451198090005988,-0.022680991533383717,0.010760278998358224,0.9830351878842033,0.000965783720594774,-0.0006591028866234517,0.00286230632899819
0.5386814804203173,0.5011354624182938,0.14533669962001836,0.02588053495330117,-0.14343733328456684,0.10301614183630947,-0.012325744656461645,-0.0017845283837582676,0.9923418125853191,0.0011111204202147922,-0.00012042140620313435,0.0033634417914164836
0.569007301230782,0.4955274089265673,0.06502619134504983,0.01372961414707828,-0.16005194764322603,0.07950160197380128,-0.01741917124740311,0.0019931489360382445,1.003574227976285,0.0011761466115598421,0.00044858589502764774,0.003858969200343051
0.4318991806619155,0.666032011114368,0.15767373953155503,-0.022389968838240272,-0.16055912040223913,0.10744951937112006,-0.01302213378332653,-0.0013091197417971056,1.0025663287711977,0.0013338203510913972,0.0008804850756895633,0.004525001211457418
0.35192622508512117,0.7182371541169152,0.12826752342951817,-0.08684156480059307,-0.1130882323830352,0.11036568717293167,-0.01983650770188652,0.00039127924651639033,0.9906675110911869,0.0014620878745209153,0.0012324113007746846,0.005243238365574334
0.49680120948494827,0.48481120736293853,0.17060769490763106,-0.026827679724975018,-0.12235567150190636,0.0957509586484631,-0.008700046231431096,0.01087634893752342,0.9905206211301688,0.001632695569428546,0.0017292125102596327,0.005728049572937273
0.1593165140200885,0.9152696926111992,-0.1086417020368823,-0.15368252902348115,-0.20287873355368763,0.05548486688761653,-0.015638871712567406,0.015372063696840294,0.9916089889098695,0.0015240538673916637,0.0018885290242797214,0.006643319265548471
0.026321365251372186,0.7188760896899998,-0.014193281536073708,-0.13155246181063454,-0.15469210007962048,0.13488279797049696,-0.02304539484800843,0.005365721220717281,0.9946773187763727,0.0015098605858555902,0.0019148503895310934,0.007362195355238472
0.045934699970193504,0.46341351722535223,0.07064418931430666,-0.21106695721419874,-0.051608212895272815,0.06494180057527502,-0.025762115460218157,-0.004541181927462673,1.0033564553254983,0.0015805047751698967,0.001960785089501287,0.007825608872463825
0.050218672104535025,0.695534292758258,-0.00012631008353193585,-0.12057185249780619,-0.0923027708762762,-0.0035155419413830883,-0.016115305240360527,0.006934394454520397,0.998520705782251,0.0015803784650863647,0.002011003761605822,0.008521143165222083
0.1447732346597742,0.4564109505407806,-0.012757172622484603,-0.1282932960358039,-0.08828107002382887,0.02755381525405952,-0.015527761561689005,0.0026510303352891154,0.9970785412227315,0.0015676212924638799,0.0021557769962655964,0.008977554115762862
0.13324994798751164,0.48114825415860685,-0.21320590035958764,-0.1287919005502903,-0.12948507069626525,0.009296199657426127,-0.01418753981686382,0.004046681204568993,0.9951548697975072,0.0013544153921042923,0.002289026944253108,0.009458702369921468
-0.12391156484304185,0.5931789051716158,-0.4443314464647343,-0.11322623395988893,-0.02399810519836315,-0.06064676498608763,-0.026745121955001998,0.0021547575095854617,0.9843609216342418,0.0009100839456395581,0.0021651153794100663,0.010051881275093086
-0.14973629687519563,0.3667968317069533,-0.22716814172075106,-0.14663006161010575,-0.04238126978756677,-0.008778970084082712,-0.02665962191745817,0.000238195427390649,0.9843286699243318,0.0006829158039188069,0.0020153790825348707,0.010418678106800038
-0.17472441745683243,0.34553906395204353,-0.2377270718634756,-0.061084880141196965,-0.026689197816984072,0.053847047085377915,-0.0269577583583656,0.005885977891262154,0.9901670009057857,0.0004451887320553313,0.0018406546650780384,0.010764217170752082
-0.16407801132071023,0.47477209056362263,-0.3834256007561284,-0.08946322961955157,0.034077124108298974,-0.027044080316422227,-0.022627713223939902,0.0006608374790753732,0.9879925589842752,6.176313129920286e-05,0.001676576653757328,0.011238989261315703
-0.20565630402266352,0.31413102697766493,-0.30210535887401285,-0.08277465285694918,-0.04142191388436808,-0.03487512602291617,-0.014997844382573563,0.0023191165801827226,0.9858165889963347,-0.00024034222757481,0.0014709203497346645,0.011553120288293368
-0.20261675497785625,0.2152890390417221,-0.34522550608032715,-0.11573433518548107,0.07445498909265934,-0.011587381775762557,-0.018008885853414702,0.0040707537125055,0.9989927537924115,-0.0005855677336551371,0.0012683035947568082,0.01176840932733509
-0.3690203514928158,0.1792991154854738,-0.5224808139614261,-0.08747660231732275,0.05047941929238181,-0.07175037347986511,-0.02665459614311113,0.005582184298261706,0.9930621923697195,-0.0011080485476165634,0.0008992832432639924,0.011947708442820565
-0.4098747601328147,0.3072518693366635,-0.2689888420650123,-0.06892874406888339,0.10351789633015811,-0.10131123813688998,-0.02579363503839556,-0.0030705901491709636,0.9900109399039534,-0.0013770373896815756,0.0004894084831311776,0.012254960312157228
-0.4125232371479992,0.1527667569723107,-0.5319569837297475,0.010041886141694607,0.05234793765283502,-0.02644502174761862,-0.01656584876271754,0.006332389059530051,0.9878879737760975,-0.0019089943734113231,7.688524598317843e-05,0.012407727069129538
-0.3380128566005373,-0.14232917237559936,-0.2954772023265131,0.1288903485016805,0.13554260090640574,-0.06321056557796113,-0.012573933353592148,0.0023835334952792054,0.9980456812662878,-0.0022044715757378363,-0.0002611276106173589,0.012265397896753938
-0.48454499647799976,0.09380919019389086,-0.44804715747492263,0.031501475521834896,-0.037798094605447155,-0.14212827782483645,-0.015789519890517942,0.007547160058458586,0.9941199416400756,-0.002652518733212759,-0.0007456726070953586,0.012359207086947828
-0.46313293577110526,-0.16525202222191723,-0.31740940170555193,0.07185404185947175,0.03736883468898211,-0.04766379414406945,-0.010623086712053713,0.016116694665677094,0.9870605347634464,-0.002969928134918311,-0.0012088055428664639,0.012193955064725912
-0.32412649157889567,-0.18612348894840716,-0.3002834153361542,0.09074371082664803,0.06633972392592666,-0.05130020461564521,-0.01644595848348086,0.0010089643051789075,0.9922523943314728,-0.003270211550254465,-0.0015329320344453596,0.012007831575777504
-0.22810817135403808,-0.3292409404457278,-0.26949400337879775,-0.0060451912016014075,0.08074173304700244,-0.14218120418702057,-0.010818361353038795,0.005132354636606968,1.0039517938260547,-0.003539705553633263,-0.0017610402057993979,0.011678590635331776
-0.3387791255587359,-0.3231531448062407,-0.13060960080431183,0.13303397111612275,0.16951628734383528,-0.16746044859661946,-0.006424833426802853,0.003816698443752406,0.9997589875990729,-0.0036703151544375742,-0.002099819331358134,0.011355437490525536
-0.48612917344690737,-0.2954594565551124,-0.11496219807803142,0.10559788562236838,0.035813868821557335,-0.0848184898886373,-0.019599987512632266,0.003171411716645348,0.9949479570326285,-0.0037852773525156058,-0.002585948504805041,0.011059978033970422
-0.29237982005836327,-0.342467719246995,-0.23870400134003197,0.15406446752023287,0.16505125740706192,0.06599863268365568,-0.01506034054876055,0.0002352918656354508,0.9965889441707724,-0.004023981353855638,-0.0028783283248634047,0.010717510314723427
-0.40976232703865095,-0.19872013701484714,-0.10565015036887762,0.06982866022754172,0.12354966348446716,0.06604517936019089,-0.029462838596266583,0.006941127259349778,0.9925343742615478,-0.004129631504224516,-0.003288090651902056,0.01051879017770858
-0.18794039279654715,-0.5157482825876375,0.00011223000199280658,0.13674307256981869,0.07121651845833717,0.035853354753581285,-0.015076033857273071,0.0018481994058984381,0.9934577998206882,-0.004129519274222524,-0.003476031044698603,0.010003041895120943
-0.2676416954942232,-0.42694758209207745,0.044315018825646695,0.1622096476418842,0.19651844662857842,-0.05681037383930914,-0.024093667975261426,0.014936382619583992,0.9891805712632911,-0.004085204255396877,-0.003743672740192826,0.009576094313028865
-0.37582316681530015,-0.6341864065618094,0.09430045526191447,0.13157887454914752,0.0504721126728704,-0.05011611262943323,-0.015731387161402623,0.008434273398107563,0.9914888518157036,-0.003990903800134961,-0.0041194959070081265,0.008941907906467055
-0.24809466308889844,-0.47556166444134984,0.09454810649053781,0.08616896762447444,0.14369008521216953,-0.060652187663175684,-0.02108896341478122,0.0007521305067025204,0.9974076745335251,-0.003896355693644424,-0.004367590570097025,0.008466346242025705
-0.3754130791696356,-0.3001809336416293,0.22551754981768618,0.059914644771213804,0.15255589034954609,-0.04704826552160986,-0.016633345472482373,0.009071129526036966,1.0021501453347637,-0.003670838143826738,-0.00474300364926666,0.008166165308384076
-0.1798024870992706,-0.2361812508067459,0.2627879224564666,0.16839595468030066,-0.0024967775822260715,0.047293225082673036,-0.024852369877002154,0.007944232502321801,0.9968053799097781,-0.0034080502213702716,-0.004922806136365931,0.00792998405757733
-0.1905830938300017,-0.20523603853810413,0.26116319344356437,0.15858574042175277,0.02162502894236719,0.10811327095907983,-0.02075069974884959,0.001999747187622823,0.9999772742480586,-0.0031468870279267066,-0.005113389230195933,0.007724748019039224
0.0908482704169773,-0.3809627044995731,0.24081002707466057,0.09529164187774354,0.11480915838091008,0.028902494269736005,-0.015236215116551186,0.007633533790649569,0.9848767675500033,-0.0029060770008520463,-0.005022540959778956,0.0073437853145396515
-0.06715810634326667,-0.33953100938937636,0.46710370661878464,0.1548271906694349,0.04604619628189047,0.025213529419879213,-0.017260752354635724,0.009100306161784824,0.9976095025508048,-0.0024389732942332615,-0.005089699066122222,0.007004254305150276
-0.043925168254813546,-0.3682033230820316,0.29269531546262106,0.08288023377005432,0.05137083469235372,0.01708612885465248,-0.028776936184293667,0.0189762433558538,0.9969392580549932,-0.0021462779787706407,-0.005133624234377035,0.006636050982068244
-0.25792314671199296,-0.24429708477754114,0.2554271887168422,0.05151341301377527,0.006892425019236721,0.05675309665107449,-0.01985025925830451,0.002930950617522056,0.9914262796243953,-0.0018908507900537983,-0.005391547381089028,0.0063917538972907036
0.09394846410655135,-0.054505689921642425,0.33169355261582784,0.10122492726815395,0.020139479254552534,0.03442013438184333,-0.022321825571780418,0.010422517195738714,0.9950265431367409,-0.0015591572374379706,-0.005297598916982477,0.0063372482073690605
0.18852423697893217,-0.03994889695098952,0.3906804161425379,-0.01137822447973949,-0.08827750758107153,0.015197339368856288,-0.02418448037444281,0.0029595561162994704,1.002063460884853,-0.0011684768212954326,-0.005109074680003545,0.006297299310418072
0.22760365150954018,-0.1261026007068228,0.3446284523281743,0.05956039997669167,-0.01972150755697161,0.0907389315205096,-0.022804186248241865,0.00728222717155723,0.9975705168194692,-0.0008238483689672583,-0.004881471028494005,0.006171196709711248
0.13032488505529707,-0.053320958376956565,0.28695565281649493,-0.04361679626860193,-0.0800359590103605,0.048905684853877224,-0.015419234609330803,0.004189938859950408,0.9938535007647229,-0.0005368927161507633,-0.0047511461434387075,0.006117875751334292
0.11513348766757335,0.004578033473569186,0.35226135763605854,-0.038500210762084194,-0.10125940636414119,0.06240906873245305,-0.011491615528871962,0.01665316353312537,1.0047206160526394,-0.00018463135851470486,-0.0046360126557711346,0.006122453784807861
0.34129307259327113,0.03132452355609552,0.46431998583925466,-0.022402305664833276,-0.17185435923400919,0.08603963913962692,-0.016266241990350885,0.0160160501259383,0.9957094507909658,0.00027968862732454983,-0.004294719583177863,0.006153778308363957
0.23524846722436132,0.16411773939818874,0.18588051207110878,0.007077605381284475,-0.19880432877499743,-0.010063686618384369,-0.0225464801476907,0.015378541549795002,1.0032159509616463,0.00046556913939565863,-0.004059471115953501,0.006317896047762145
0.2694409600907601,0.2663963548084019,0.3151341704675071,-0.13608049453378535,-0.15273633927265726,0.010275536780594693,-0.01916721514447543,0.006842922189051897,0.99374312512326,0.0007807033098631657,-0.0037900301558627413,0.006584292402570548
0.26493237313309387,0.4746381397225283,0.1524188992800792,-0.030409688684127564,-0.10752121356369794,0.07969111342566546,-0.019220183748023797,0.005984098348709108,0.9959165943071783,0.000933122209143245,-0.003525097782729648,0.007058930542293076
0.08947621374402209,0.2803702468755765,0.11935844631643279,-0.02874853341257169,-0.1689806725177471,0.014521943663673277,-0.01489023606231991,0.010452449809723922,1.0031928818849885,0.0010524806554596778,-0.003435621568985626,0.007339300789168651
0.2564140457360173,0.38917908919260386,0.02323649353780588,-0.0891287297263673,-0.235642362860299,0.060786096782343854,-0.019368840336960267,0.019888564677938998,0.9909287982889111,0.0010757171489974837,-0.0031792075232496084,0.007728479878361255
0.36720747052036057,0.24541515047500517,0.15458667548167582,-0.1249827501985366,-0.21194111037711164,0.016066942265307,-0.0164517978329752,0.015789903116855943,1.007710543824985,0.0012303038244791597,-0.0028120000527292483,0.007973895028836261
0.4308698380001055,0.3878846845442175,-0.06994762948129182,-0.13385835690179237,-0.22704826513826887,0.05105898081942117,-0.01922765532493673,0.023241811672532448,0.9921671929289007,0.0011603561949978679,-0.002381130214729143,0.008361779713380478
0.37332613483059646,0.38124235559558056,0.08247744448476431,-0.21151361171906635,-0.26032450254130474,-0.04506639789379244,-0.016903169168238127,0.009562393849514371,0.9993180795494072,0.0012428336394826323,-0.0020078040798985463,0.008743022068976059
0.435864978075112,0.48002829848091716,0.011062264913536082,-0.16165473718145149,-0.21112799858437992,-0.02262145985345474,-0.015107227478029955,0.01128464486224402,0.9986910341535263,0.0012538959043961683,-0.001571939101823434,0.009223050367456976
0.2021277327092635,0.46846240987013005,0.030453457220689463,-0.15593456878795095,-0.27810305173580446,0.07412255426489146,-0.02505186814641884,0.015122827083211212,0.990433136315544,0.0012843493616168577,-0.0013698113691141707,0.009691512777327105
0.2756617653480997,0.48843574875162477,-0.2768478951532266,-0.013050448822907158,-0.2678140543559603,0.005447719823950719,-0.02044618915481116,0.011408324765849645,0.988448973642429,0.0010075014664636308,-0.001094149603766071,0.01017994852607873
0.6035544998977194,0.39485670877807977,-0.2692938511392816,-0.12667483951361297,-0.286566901608662,0.017409166210362807,-0.020921288294853804,0.011606838374755395,0.9897430300326726,0.0007382076153243493,-0.0004905951038683517,0.010574805234856812
0.4249538754439103,0.3584228704556643,-0.16921108229079201,-0.195817836522668,-0.2695324869247425,-0.03695198754897157,-0.015844645415859074,0.006985761092332791,0.9951791344869766,0.0005689965330335572,-6.564122842444131e-05,0.010933228105312475
0.47437808854839714,0.247028212758218,-0.15923131435193785,-0.23488651302828048,-0.1622445412453077,-0.10722536302315773,-0.01981365486167047,0.007951489675968478,0.9996617526704554,0.00040976521868161934,0.0004087368601239558,0.011180256318070694
0.2844917041272375,0.3636502576544799,-0.08023458740079856,-0.17355937753329834,-0.2567816153322673,-0.09538652121200102,-0.023440445183187525,0.02401234865885625,0.9948592588082136,0.0003295306312808208,0.0006932285642511932,0.011543906575725175
0.39388033070171174,0.29587677606440876,-0.21938659048620107,-0.1880037167198918,-0.23818392038079206,-0.10285753361189608,-0.021902612140554542,0.009949857189423695,0.9935972799462023,0.00011014404079461966,0.001087108894952905,0.011839783351789583
0.3607479527884192,0.40555286768509047,-0.30182202179898693,-0.16311425270093016,-0.17014675789793485,-0.11299182054941677,-0.01906700790967823,0.01840471879112687,0.9931542767738095,-0.00019167798100436727,0.0014478568477413244,0.012245336219474674
0.44875723956096353,0.19944799704484176,-0.1082520444075883,-0.21805752569198797,-0.14690680620549884,-0.03386694873707792,-0.016788350553489657,0.004730664116228914,0.9953622087383451,-0.0002999300254119556,0.001896614087302288,0.012444784216519516
0.2360449503273243,0.10774136735223273,-0.294093139289951,-0.23560733733130437,-0.20218846574129384,-0.11076187773940083,-0.023308436982221487,0.013503087811465326,0.9947231004740538,-0.0005940231647019066,0.0021326590376296124,0.01255252558387175
0.043188200656079714,0.16555525818514183,-0.38135277714945426,-0.13049522891576834,-0.10696272483807356,-0.16942777528301542,-0.022633431963306867,0.00820996437797544,0.9941907182171772,-0.0009753759418513609,0.002175847238285692,0.01271808084205689
0.03139697388579764,-0.0958728548899459,-0.18357915992731874,-0.1551578699233342,-0.19018322948798175,-0.1420814753730325,-0.02284606448687033,0.012537874086575435,0.9914128904171865,-0.0011589551017786796,0.0022072442121714897,0.012622207987166945
0.0988397702473004,0.01301190348534622,-0.20281421292270546,-0.1173428441403914,-0.09646402432275324,-0.09610337266692005,-0.022652758468753455,0.01843757023280582,0.9924391191168004,-0.001361769314701385,0.00230608398241879,0.012635219890652291
-0.24745099769655882,-0.14624964268444562,-0.097695244002294,-0.14703516097902325,-0.1103284786681627,-0.18369872558306352,-0.02198216813269418,0.012533720162914782,1.0007646873299123,-0.0014594645587036792,0.002058632984722231,0.012488970247967846
0.018876670518977998,-0.27337281943268416,-0.27161929841785304,-0.029363470337386798,-0.06649594210024687,-0.06581898918674524,-0.0179734548357623,0.023771850738322498,0.9932037283252156,-0.0017310838571215322,0.002077509655241209,0.012215597428535162
-0.012936791839899695,-0.19970530281703686,-0.13110583559830677,-0.11555532046792734,-0.03698551012728727,-0.04684725399810281,-0.015244339064424437,0.01601940960296741,1.00076518308619,-0.0018621896927198387,0.002064572863401309,0.012015892125718125
0.03440908785324884,-0.5252930223095129,-0.1761081524328764,0.0019010602243161468,-0.04484615951646981,-0.1459695866608267,-0.02281963184496341,0.015547253813148455,0.9973134729124657,-0.002038297845152715,0.002098981951254558,0.011490599103408612
-0.3548537434727138,-0.28135424552418425,-0.04739883959476693,-0.016451742358527827,0.004393841613440573,-0.07821472591416913,-0.02857601078649326,0.012946642817481646,1.0063458979924578,-0.002085696684747482,0.0017441282077818442,0.01120924485788443
-0.3293114613823206,-0.3919223461803661,-0.11168685992208513,-0.0014603348399393548,0.038828446250765744,-0.05159954832039643,-0.018501319570336145,0.010554374260198778,0.9975902375435469,-0.002197383544669567,0.0014148167463995237,0.010817322511704064
-0.2492113844702741,-0.5194729179443509,-0.002026400026409282,0.03957468093671174,-0.046775920363596915,-0.13082645711041455,-0.027869588970084506,0.011490274079369667,0.9997609788132814,-0.0021994099446959767,0.0011656053619292495,0.010297849593759713
-0.31134275287827284,-0.4110354998767974,0.15117942475285365,0.044977313932771726,0.008943645998353207,-0.0930428277526399,-0.013294287820747066,0.017730638337473112,0.9916197453828375,-0.0020482305199431227,0.0008542626090509766,0.009886814093882916
-0.3487721574494317,-0.5028923934574522,0.07308393139868553,0.06280247657180608,0.11105677091761568,-0.07447477795779225,-0.02040161859669661,0.011693418933717763,0.9900602847490442,-0.0019751465885444373,0.0005054904516015449,0.009383921700425464
-0.29194944582544125,-0.7277085363356306,0.06535030438841552,0.09661567039316131,0.004243368602704426,-0.032263330574298345,-0.01899452592982499,0.014311267286097993,1.0064911601387438,-0.0019097962841560215,0.0002135410057761037,0.008656213164089833
-0.396588358927802,-0.5686555008070638,0.2763845762816763,0.09594514583528817,0.059470665131246644,0.030648054596801054,-0.01484752428488233,0.01418299457104262,1.0015914935898813,-0.0016334117078743453,-0.0001830473531516983,0.00808755766328277
-0.31031688972322224,-0.6039662993763494,0.143590231522631,0.15122795414406984,0.19839524633866976,-0.03227254584252892,-0.021330096207649796,0.024459348474006534,0.990610304801811,-0.0014898214763517143,-0.0004933642428749206,0.007483591363906421
-0.3783054618680953,-0.7216536122937585,0.20560648049539898,0.21291415305138908,0.12927317584356646,-0.0740262666498301,-0.018109784018731177,0.017020480874384313,1.000339032191539,-0.0012842149958563153,-0.0008716697047430159,0.006761937751612663
-0.6027532667910025,-0.7100199389731753,0.28825851491616894,0.2844133246471811,0.1704842407478018,-0.06969247707411869,-0.018065259938239354,0.017775894426447534,1.0008464368889518,-0.000995956480940146,-0.0014744229715340184,0.0060519178126394865
-0.5282627229398774,-0.5201764963221621,0.19657982769006704,0.22946938270203932,0.19364638348200686,-0.009400034758904193,-0.011539397617278626,0.01229057260924998,1.0052279178662211,-0.0007993766532500793,-0.0020026856944738956,0.005531741316317324
-0.5228729934510388,-0.6421313275810447,0.21171744416829374,0.22642074934583453,0.2075225210738631,0.02739311036628856,-0.009756510588108702,0.012524245077450638,0.9929291187414979,-0.0005876592090817856,-0.0025255586879249347,0.004889609988736279
-0.40293443252287675,-0.7985366498711175,0.2144606743705937,0.1118781416295476,0.174042060886959,0.10868590854288795,-0.020281363692726494,0.011769711582154967,0.9964849096883601,-0.0003731985347111918,-0.0029284931204478113,0.004091073338865161
-0.5894554089010612,-0.636035405056393,0.25836493733168886,0.20555426038565025,0.1889214337282925,-0.009448279769275343,-0.012530275879691676,0.016574658197209026,0.9947489583506678,-0.00011483359737950294,-0.0035179485293488724,0.0034550379338087684
-0.5616257396408453,-0.7775096712910318,0.4681965800465311,0.18649597336415255,0.30721942521275547,0.07355739924800803,-0.03051009065828468,0.008992679248427587,0.9984241039363726,0.0003533629826670282,-0.0040795742689897175,0.002677528262517737
-0.6747786594576181,-0.5285022344222878,0.32500870794719633,0.15031921620737462,0.15431744692692145,0.16034131483309577,-0.021292503340670448,0.021242287589365836,0.9953983093506446,0.0006783716906142245,-0.004754352928447336,0.0021490260280954488
-0.569379063889127,-0.5953346140103951,0.2907294461673638,0.26531658628789223,0.18396996727355794,0.12220847857993507,-0.016837585807286275,0.01995234294075277,1.0009777485014886,0.0009691011367815883,-0.005323731992336463,0.0015536914140850536
-0.7313868509306846,-0.5338746032172087,0.06882590859206371,0.14163705638993393,0.16185374470605304,0.05781463787333516,-0.027098685047496622,0.011750075948831696,0.9904843429475865,0.001037927045373652,-0.006055118843267147,0.0010198168108678449
-0.6781414028240224,-0.5238270392498764,0.08860022942860128,0.17413468340676003,0.20207831767216478,0.128875755027258,-0.009239133690183757,0.016835388493445326,0.998336691717094,0.0011265272748022532,-0.00673326024609117,0.0004959897716179686
-0.4641011083251214,-0.39946786361269065,0.1591852512752122,0.12505576777485164,0.16406757682399645,0.12459607268005987,-0.01259948037590206,0.023985979491859502,0.9905268828784474,0.0012857125260774655,-0.007197361354416292,9.652190800527788e-05
-0.4866182655382347,-0.2734413084082093,-0.13038268079857174,0.18788372123917216,0.2555068390408299,0.18703016350371127,-0.021805877991440077,0.018186645785314873,1.0033938436926402,0.0011553298452788936,-0.007683979619954526,-0.00017691940040293142
-0.41061467176284944,-0.2932683164415834,-0.05885218979457672,0.23382617858983368,0.2605942332627348,0.16590652242210066,-0.00922018737539595,0.012319919880163701,0.9962735948009367,0.001096477655484317,-0.008094594291717374,-0.0004701877168445149
-0.28872089386355193,-0.23048789230645145,0.10600147217944679,0.11422254959791052,0.17642338897873677,0.14599921003761956,-0.016037637125670835,0.024751867246974913,0.9968053392183687,0.001202479127663764,-0.008383315185580926,-0.0007006756091509663
-0.39244295773111515,-0.06832950128890491,0.048153045499329604,0.13033059783331472,0.11945389151134934,0.157325266515404,-0.018769166098644853,0.023965366700071204,1.001799266603473,0.0012506321731630935,-0.008775758143312043,-0.0007690051104398712
-0.42774042494182357,-0.03148560451217187,-0.07488413614986744,0.17394367532027186,0.23312831988057753,0.1308476620207457,-0.017730221057528903,0.025190626425466822,0.9987298381238764,0.001175748037013226,-0.009203498568253865,-0.0008004907149520432
-0.4707167290689964,0.052323810528274596,-0.07330982528727444,0.17695370401782132,0.1012613653674755,0.08972822410993266,-0.023756158305718138,0.014355881646153337,0.9977549881914923,0.0011024382117259515,-0.009674215297322862,-0.0007481669044237685
-0.42512805461504194,0.0826078807336659,0.039750166683102994,0.1026314778655805,0.12858663006187998,0.1503110234253282,-0.01910578816005326,0.03503719737598681,0.9947703952908471,0.0011421883784090545,-0.010099343351937904,-0.0006655590236901026
-0.32097792856928803,0.12918779955259918,-0.2528035565647724,0.02701581926739519,0.11746394642752672,0.07966323207528135,-0.02399561937824991,0.02138329704330284,0.9967682754464591,0.0008893848218442823,-0.010420321280507192,-0.0005363712241375035
-0.2795535769327097,0.2853213095301322,-0.040258337026886165,0.048962882617789145,0.03822217478784769,0.11699014491104888,-0.019910687582712874,0.019436234720536807,0.992986622973512,0.000849126484817396,-0.010699874857439902,-0.0002510499146073712
-0.13231861622046331,0.4408360003115972,-0.24536031874379577,0.024670111021726324,0.0444736634194088,0.12188991226807394,-0.019382687192675278,0.02148701336703744,0.9928412063976045,0.0006037661660736002,-0.010832193473660365,0.000189786085704226
-0.2601531711318383,0.42136817848657837,-0.34179738904415236,-0.0027617205003708477,0.12744999199950707,0.022669201259934615,-0.018812936513647523,0.024409854158566283,0.999618058027719,0.0002619687770294479,-0.011092346644792203,0.0006111542641908044
-0.17264470145658284,0.45496344204109973,-0.19610825749704977,-0.05377192264603114,0.03698317889440534,0.05681555607960795,-0.01994381860799808,0.028112680085486286,0.9912408708127277,6.58605195323981e-05,-0.011264991346248787,0.001066117706231904
-0.02175600190677217,0.38973170663325196,-0.44125392958675774,0.01980779124192721,0.02753868882521187,0.12421204227218272,-0.008104302696739868,0.016254040013874302,0.9968913124283423,-0.0003753934100543597,-0.01128674734815556,0.001455849412865156
-0.15582915484286458,0.5330084738366703,-0.36603529570284365,-0.045215935442509785,0.02314234101372475,0.10117048462402882,-0.027913548108588926,0.019003861580210283,0.9991563363505324,-0.0007414287057572034,-0.011442576502998424,0.0019888578867018262
0.20466009938159158,0.5641531789856632,-0.398808419556281,-0.1275793048064869,-0.0126073558801175,0.04729751761321558,-0.02884800532081587,0.016940992366515636,0.9997551885335247,-0.0011402371253134845,-0.011237916403616832,0.0025530110656874893
0.19798537585369352,0.6582874849564505,-0.2102418773793361,-0.03419198690705268,-0.004045972730467161,0.0066865157009995384,-0.024203971967413234,0.012779447768612187,0.9865553575062741,-0.0013504790026928207,-0.011039931027763137,0.00321129855064394
0.18457900349338902,0.6759772941842429,-0.40460714667744474,0.002308149333766406,-0.041616954508914145,-0.01023444724405235,-0.019889703081391295,0.022449240181879788,0.9947760302640339,-0.0017550861493702654,-0.010855352024269748,0.003887275844828183
0.1108656398457248,0.9255886318614333,-0.37604054248020025,-0.0716069317649163,-0.08748140334821812,-0.0403867831321288,-0.0217691240246458,0.02605574623691778,1.0022312167098764,-0.002131126691850466,-0.010744486384424023,0.004812864476689617
0.2538842003827788,0.6527001419627806,-0.3356377985736931,-0.13939569253894732,0.04659295762872289,-0.02493341260698817,-0.02683697070765844,0.017574933150256225,1.0010535762282093,-0.0024667644904241594,-0.010490602184041244,0.005465564618652397
0.39168940299997107,0.7702068218853005,-0.4968703391088801,-0.005349472623569895,-0.13472250915301848,0.02578341634013257,-0.010204520706185412,0.018394049041437155,0.9984086202145734,-0.002963634829533039,-0.010098912781041275,0.006235771440537698
0.2996841767933233,0.7619783568043625,-0.13975169154949052,-0.10670574713821095,-0.13650589055373238,-0.07014435191323352,-0.01702769489135549,0.018584288559481393,0.995596072009856,-0.0031033865210825296,-0.00979922860424795,0.00699774979734206
0.23881969413920376,0.7215490083063653,-0.23519571077731072,-0.07366397214444619,-0.06606672617979825,-0.10735996246419838,-0.021366516094645804,0.026956809797233958,0.9972813065820959,-0.003338582231859841,-0.009560408910108745,0.007719298805648426
0.49787963262036594,0.630558623022264,-0.23300915505513303,-0.12662973818366666,-0.10042934712462905,-0.012885593825097868,-0.024296926552966554,0.019566942398556993,1.000184611976482,-0.0035715913869149734,-0.00906252927748838,0.00834985742867069
0.5192665122044795,0.8578590062589777,-0.0597063658345201,-0.13695766697319126,-0.15994253026397512,-0.07876711789495208,-0.021006156317654363,0.011278850142082896,0.9964577142448356,-0.003631297752749494,-0.0085432627652839,0.009207716434929665
0.4696197501633025,0.4675876681092618,-0.12088021152750254,-0.0711620336772631,-0.16710619518710554,-0.11049942248672942,-0.02217523259517698,0.022923755324451917,1.000864888730164,-0.003752177964276997,-0.008073643015120596,0.009675304103038927
0.7916438611449654,0.5590702413167966,-0.010722680055956404,-0.14199428842647133,-0.14697863550586462,-0.06691249802055363,-0.01769022481160337,0.020507518297016157,1.0031179082307538,-0.0037629006443329533,-0.007281999153975632,0.010234374344355724
0.4888068269507324,0.5321174732305033,-0.0894381657967351,-0.11043810051702421,-0.13259256994842297,-0.08401775372635154,-0.026087483746845972,0.017519549974145062,0.9966989488670625,-0.003852338810129688,-0.0067931923270249,0.010766491817586227
0.738083283734946,0.2305263343601429,-0.014973403256514951,-0.08694149310257977,-0.14450291033172055,-0.06564130390949627,-0.023478569632787098,0.0230772300800965,1.0012457963180077,-0.0038673122133862023,-0.006055109043289954,0.01099701815194637
0.6791497912073036,0.19460710074048002,0.1298398377788473,-0.013551551435061558,-0.16395734078466329,-0.0434084212134041,-0.015270408645748149,0.024081955939790973,0.9958525257215719,-0.003737472375607356,-0.0053759592520826495,0.011191625252686849
0.6583678532345197,0.4056389089672222,0.0887086785243414,-0.12164533714208536,-0.10432838376321708,-0.04548285463233718,-0.022532295916659947,0.02181248592825431,0.9966956683073486,-0.003648763697083014,-0.004717591398848129,0.011597264161654073
0.8672636308603672,0.24418458326951614,0.0295401764642024,0.003036450818909464,-0.12443421483565113,-0.03584500468650223,-0.016324661106577577,0.022647513599302716,1.0014717317577693,-0.0036192235206188115,-0.0038503277679877625,0.01184144874492359
0.7478468724156413,0.02847182526476598,0.38340343477719774,0.004614126742627202,-0.07853739960356713,-0.04356120153405593,-0.019808240174188863,0.015139252068958333,1.0082507471027924,-0.003235820085841614,-0.003102480895572121,0.011869920570188356
0.5554151217599942,0.20732856167464397,0.1257042412699427,0.011512047123079381,-0.10088490355132264,-0.12200875342689642,-0.02075102911069627,0.018941481049479566,0.9975091448815249,-0.0031101158445716714,-0.0025470657738121275,0.012077249131863
0.5570858882708066,-0.0017605422020545124,0.39319701971489646,0.032356797474101785,-0.16376061610790096,-0.029396796492554854,-0.02292364321176725,0.025432027785114913,1.0105065598705898,-0.002716918824856775,-0.0019899798855413206,0.012075488589660946
0.5238284044897912,0.05105767526989646,0.3113557128910486,-0.033913076482907666,-0.06048384313304044,-0.08161285864923581,-0.019017544359935575,0.027725329746878486,0.9959162330391956,-0.002405563111965726,-0.0014661514810515295,0.012126546264930843
0.6176947255673516,0.06871661084261449,0.4676227352386102,-0.030258478295677082,-0.024466180570940257,-0.0457493782298214,-0.020365113172179664,0.020406307846324634,1.0039506693007123,-0.0019379403767271156,-0.0008484567554841779,0.012195262875773456
0.490711983431536,-0.1838023995286431,0.37175177559555483,-0.033158537180348474,-0.03570557563873354,-0.034442630713216044,-0.03132424615038598,0.03367861239844738,1.0038777621396815,-0.0015661886011315608,-0.00035774477205264193,0.012011460476244813
0.3198488890300063,-0.41666262934942855,0.3635349189099488,0.046087398733871666,-0.10933080110236339,0.03382363978007208,-0.01367529010594852,0.023511975637173037,1.0049709448480277,-0.0012026536822216122,-3.7895883022635584e-05,0.011594797846895384
0.45847273353261153,-0.3444791969056183,0.4251705475009194,0.09165729081177076,-0.009166802789207455,-0.06160691976254291,-0.01759733642353929,0.02115988423136256,0.9969136736719996,-0.0007774831347206928,0.00042057685050997596,0.011250318649989766
0.5708666382946536,-0.5139903025908195,0.37532493001262734,0.04670406863739082,-0.02721957395670049,0.02041570569041621,-0.02636117325128383,0.025735696584218027,1.0013534352749058,-0.0004021582047080653,0.0009914434888046296,0.010736328347398946
0.5800624406339079,-0.4361905012137955,0.38309995198360275,0.1289072856993952,0.01258187294613271,0.03512644379146838,-0.020093206860915265,0.026806427898995996,0.9997068942844087,-1.9058252724462545e-05,0.0015715059294385374,0.01030013784618515
0.48666281682952484,-0.2286937414135391,0.3332596160685311,0.10604707450177862,0.04790852542312385,0.0836483875395517,-0.020835743321075614,0.02546035886502384,0.998082171361452,0.0003142013633440686,0.002058168746268062,0.010071444104771612
0.34556327510433693,-0.4700428997124069,0.41135878872094195,0.12234928521726693,0.02989618045502804,0.06175815363285911,-0.023867124472310423,0.025190443010227395,0.9984983522459793,0.0007255601520650106,0.002403732021372399,0.009601401205059205
0.424025502100569,-0.5245314826413139,0.22383787185805665,0.15690117087117936,0.0838799340943324,0.08934929203625257,-0.01581209857492398,0.02829655002948112,0.9919935855962166,0.0009493980239230673,0.0028277575234729683,0.00907686972241789
0.4716008140608158,-0.2570154828122765,0.40565869983988034,0.13480573333311924,0.09077541404190395,0.07627725914950487,-0.011951133964051997,0.03241368447408917,0.9985469007686748,0.0013550567237629477,0.003299358337533784,0.008819854239605615
0.27723439886784684,-0.4383512719177925,0.2621564085603623,0.08402210538737148,0.09774033427462216,0.15306212998188062,-0.021241181408056444,0.020980184477135042,0.9968699813573486,0.00161721313232331,0.0035765927364016306,0.008381502967687823
0.1794906853186516,-0.387962552478404,0.298203383666626,0.20848712108137543,0.07710548498448998,0.06015252120608055,-0.0210398809723535,0.021897213521164326,0.9978085119108862,0.001915416515989936,0.0037560834217202823,0.00799354041520942
0.30792432641067524,-0.5109357722582457,0.07268657232542255,0.1615124583601946,0.14818627716755653,0.18663739932453138,-0.023611800304688558,0.026594785519577724,0.9928999527177312,0.0019881030883153587,0.004064007748130957,0.007482604642951173
0.013921686661049842,-0.2501349969981427,0.30729438727096764,0.08339027122373104,0.17810694604854785,0.05722986673365045,-0.0299707945397181,0.03057259698779172,0.9974826695014074,0.002295397475586326,0.004077929434792007,0.00723246964595303
0.11191696193348726,-0.34667770925245056,0.1212326802189897,0.11833007219194244,0.11830258989600931,0.1162112175385231,-0.01669293162246875,0.017278098654441108,1.0004444150331862,0.002416630155805316,0.004189846396725495,0.0068857919367005796
-0.3330790718996487,-0.23643969386565733,0.2160456344095612,0.12798030654822165,0.10251291619984146,0.14705521753909126,-0.009254171957174777,0.027322849470000816,0.9945667655941662,0.002632675790214877,0.003856767324825846,0.006649352242834922
-0.09805546010218,-0.4300954612318334,-0.061492878212499366,0.05683226736143174,0.10939309408600792,0.06571328469842146,-0.019500187705888045,0.03506259116545641,1.0006793605055029,0.0025711829120023777,0.0037587118647236656,0.006219256781603089
-0.3337591182891352,-0.10300036331284632,-0.17385535961610743,0.134131492185535,0.16474737017000113,0.06499669106790058,-0.019573036312332048,0.028190768438268857,0.9996574660239436,0.00239732755238627,0.0034249527464345307,0.006116256418290243
-0.06463769102227089,-0.15717851121064572,-0.11533420565781953,0.03532243149491435,0.13311324461836654,0.0004598228119419689,-0.018961807738628402,0.029917469750022893,0.9973939499794268,0.0022819933467284506,0.0033603150554122603,0.005959077907079597
-0.2645516293013441,-0.21654761318027665,-0.050583600510465176,0.1472937203365573,0.11545380653276989,0.2049220253635804,-0.021127238139500387,0.027753409355268394,1.0020344451177292,0.0022314097462179856,0.003095763426110916,0.005742530293899321
-0.1499304516572051,-0.13255437920867613,-0.031930839447164405,0.09664748495244262,0.08852212537441809,0.03326492236441471,-0.024261555454907834,0.028825793635716798,1.0040021185455825,0.002199478906770821,0.002945832974453711,0.005609975914690645
-0.3110510891027423,-0.09000005222595478,-0.2451488914839644,0.006494992444811295,0.1331004895850231,0.09608747848227385,-0.005687706176333679,0.030956371579977455,0.9969549160967265,0.001954330015286857,0.002634781885350969,0.00551997586246469
-0.3319287012032322,0.04545397392446002,-0.09153688115841242,-0.02920298297167416,0.1349059686287008,-0.011316509551728403,-0.016102143755999984,0.02371736805441213,0.9957004741660727,0.0018627931341284442,0.0023028531841477362,0.00556542983638915
-0.3761038413996906,0.0850762157847552,-0.17919969818895745,0.006145279220966847,0.09402991018104302,-0.05470026261403955,-0.015429383224797685,0.02114621013817468,1.0023269853167147,0.001683593435939487,0.0019267493427480454,0.005650506052173905
-0.270825620746628,0.29010289357030444,-0.1256928063739639,-0.08256519271661653,0.09803013424994776,-0.032967195431819196,-0.007041944090671019,0.03085525428064055,0.9962403911494575,0.001557900629565523,0.0016559237220014175,0.0059406089457442095
-0.3115534078088009,-0.03445225189611281,-0.3419766638386371,-0.04697419486604878,0.09487677122949593,-0.009186499794620407,-0.01727765448618212,0.02831956168338823,0.9932436389849992,0.0012159239657268857,0.0013443703141926165,0.005906156693848096
-0.45292357222906376,0.286016723205816,-0.30126838570639314,-0.05949798376191458,0.09934693610628977,-0.02499197986638311,-0.022463943799812505,0.037617141527701334,1.0027885280733182,0.0009146555800204926,0.0008914467419635527,0.006192173417053913
-0.3794394520405515,0.09959632203503185,-0.34737222727341505,-0.060615930153036214,0.002545507340911791,-0.07275444491362486,-0.023622187325947935,0.02136987381192454,0.9966502756988268,0.0005672833527470776,0.0005120072899230012,0.006291769739088945
-0.44709740296078504,0.5675944262932922,-0.20014094752103095,-0.05162059074851002,-0.0070943341887401935,-0.07599131828406791,-0.008523931617116154,0.03314255701904233,1.0018871941074243,0.0003671424052260466,6.490988696221611e-05,0.006859364165382237
-0.426247034912188,0.49574626809929345,-0.07598968270235877,-0.07496466961501272,-0.010944317905405237,-0.06095882004220591,-0.014087982152324229,0.023761006302018606,0.9927153705556234,0.0002911527225236878,-0.0003613371479499719,0.00735511043348153
-0.42381628498299095,0.36493370402012826,-0.02202030733865709,-0.08570299318388,-0.010100847044552259,-0.11373565630849429,-0.01851994591279671,0.029854256433289303,1.000558198844707,0.0002691324151850307,-0.0007851534329329628,0.007720044137501658
-0.42492785596487676,0.4352867035466399,-0.19596781338764085,-0.12676351994972418,-0.051359742422729095,-0.10936918302069029,-0.020702624615562548,0.032260036191158026,0.9994068386563747,7.316460179738987e-05,-0.0012100812888978397,0.008155330841048298
-0.28413373469953496,0.4142861779174776,-0.05037690365391629,-0.14950028152607286,-0.06247229416710899,-0.14562966004396627,-0.019346776697305175,0.02908348276333535,1.0034390546203513,2.2787698143473585e-05,-0.0014942150235973746,0.008569617018965773
-0.2702960390969579,0.35172856464689845,-0.018277093657600114,-0.1974650737430801,-0.03684185898902911,-0.06854960852015259,-0.015874784993798456,0.029731896023742977,0.9907300113918938,4.510604485873468e-06,-0.0017645110626943327,0.008921345583612673
-0.48442254639661425,0.34100645057208,-0.20797427908596572,-0.2654981630035746,-0.15357954829982426,-0.16898263109650288,-0.008638827152168635,0.028700867012288342,0.9929416302720694,-0.00020346367460009223,-0.002248933609090947,0.009262352034184752
-0.3234089129808877,0.4069963689968553,0.0385020635926627,-0.17718895957289627,-0.14289247926064252,-0.1275397116727071,-0.01806965172546142,0.029698699117619336,1.005553623328781,-0.00016496161100742956,-0.0025723425220718346,0.009669348403181607
-0.0036935516073318686,0.12157642471002039,-0.14799561156901175,-0.24282354438719508,-0.1562947313104482,-0.09196592816027852,-0.021967273942070653,0.023503918819251672,0.9989757470841665,-0.0003129572225764413,-0.002576036073679167,0.00979092482789163
-0.1107924808853582,0.5130752297382299,0.06551155147637171,-0.18501537399518175,-0.08672847196448191,-0.08909963168793432,-0.024032415749628323,0.02514730068125408,0.9937270177099966,-0.0002474456711000696,-0.002686828554564525,0.010304000057629858
0.01219446393703394,0.5264386288474814,0.04130331339251987,-0.2914774969907574,-0.155855862727742,-0.16636542572666035,-0.014408630552958076,0.02973321724273835,1.0015113388330819,-0.00020614235770754976,-0.0026746340906274907,0.010830438686477338
-0.2825987607747529,0.2885022873129278,0.1998046891231243,-0.24181296781358275,-0.16434322770551152,-0.07673720009034633,-0.012090915281429127,0.03031877268751466,0.9969759110294731,-6.337668584425443e-06,-0.002957232851402243,0.011118940973790266
-0.1825402052914831,0.4240297739050535,0.23882902046220134,-0.2160995388109522,-0.22590810096660008,-0.08583893066648866,-0.008245458609361588,0.029656941834998476,0.9959748681578546,0.00023249135187777592,-0.0031397730566937268,0.01154297074769532
-0.19481924945955198,0.175490657945588,0.33015518443065395,-0.03188075483518267,-0.2225809609641513,-0.07028096217253212,-0.0039228772020194706,0.024909569000392096,1.007815358372268,0.0005626465363084298,-0.003334592306153279,0.011718461405640907
-0.06597557310282144,0.11857205323102603,0.21303459958109483,-0.19784175944246027,-0.32665630487950414,-0.0969906668551815,-0.024837183639918527,0.03529201288476004,0.9972596521680581,0.0007756811358895247,-0.0034005678792561004,0.011837033458871932
-0.0021885505467476585,0.14212244081570172,0.2525801584248018,-0.1718334875610623,-0.21710026124390408,-0.061873565246971136,-0.01709386722386861,0.03210123301222827,0.9896060399712795,0.0010282612943143265,-0.0034027564298028477,0.011979155899687635
0.06297558419606976,0.11548804025466014,0.13870742700536481,-0.1352707209822823,-0.2565526768219695,-0.04377611007459807,-0.01913971436857874,0.03205261083157993,0.9978738277161426,0.0011669687213196913,-0.003339780845606778,0.012094643939942295
0.0021568950147087193,-0.08849899348967022,0.16544144937479355,-0.08628244681558579,-0.30367248833325006,0.053291342689108796,-0.018072245486359245,0.03098865661347679,0.9955830664387215,0.0013324101706944848,-0.003337623950592069,0.012006144946452624
0.019654358878490846,-0.030730514496429287,0.17036065167809764,-0.13663770937482816,-0.21975741887460645,-0.12226010872647038,-0.0212087614397382,0.02575659873692559,0.987739331266432,0.0015027708223725824,-0.003317969591713578,0.011975414431956195
0.033381591876524785,-0.10170448981222607,0.201647426181183,-0.17261050021735952,-0.27561428303469687,-0.012043385291390119,-0.015281412058167961,0.02286393633788008,1.0029126346454464,0.0017044182485537653,-0.0032845879998370537,0.011873709942143968
0.14577020414888148,-0.4304823973500274,0.4101218864204562,-0.1341405283585685,-0.2273361865644215,0.0170558564110039,-0.023227563358412185,0.03151039152101766,1.0058786125821324,0.0021145401349742217,-0.003138817795688172,0.01144322754479394
0.2605149388763052,-0.2907549626364637,0.1934972514278047,-0.05767743346291283,-0.21474007752603685,0.012975919882658685,-0.014422979470022032,0.028041087984180885,1.0013670801367627,0.002308037386402026,-0.002878302856811867,0.011152472582157477
0.3073972813516981,-0.3488051946458787,0.2939192914021761,0.04825514052403068,-0.09636542201122028,0.06059676631076125,-0.010950827020752493,0.02852175850670546,0.9987423360977993,0.0026019566778042024,-0.0025709055754601683,0.010803667387511597
0.39268639805141214,-0.44963884283774125,0.1855389517561983,-0.04298258041760601,-0.23036896212309177,0.07356374796613237,-0.01927964999655634,0.0349892669479809,0.9973450845289402,0.002787495629560401,-0.002178219177408756,0.010354028544673856
0.32580155826047774,-0.5066924612085378,0.1735792952058622,0.06012381435523365,-0.1936475725035667,0.06157064090426329,-0.010970949623740161,0.03075849379126068,0.9986442660307082,0.002961074924766263,-0.0018524176191482785,0.00984733608346532
0.3948716819837377,-0.44683106535799777,0.07176093656586024,0.025134049251847722,-0.1919308884666052,0.05543984565636951,-0.015903266242537673,0.03506983992746812,1.0039287767231062,0.003032835861332123,-0.0014575459371645408,0.009400505018107321
0.18712032710993376,-0.7099983920860398,0.0001171406996921167,0.06141253587254768,-0.20982789180998246,-0.018941766552358526,-0.011778343706905184,0.028657732681388628,0.9891718831397014,0.0030329530020318154,-0.001270425610054607,0.008690506626021282
0.45813032772253925,-0.47455020807612625,-0.012190280635897697,0.03977686830082897,-0.15031112257577897,0.18417302648338407,-0.01486472943051364,0.030389650295960538,0.9995087294836402,0.003020762721395918,-0.0008122952823320677,0.008215956417945156
0.48399404099935234,-0.6356639138532286,-0.15417057593455333,0.12944886647556866,-0.10723355975810449,-0.005640822247783792,-0.020999797915783706,0.03149594063489084,1.004904330221682,0.0028665921454613646,-0.0003283012413327154,0.007580292504091928
0.5603652585763621,-0.5225857987966105,-0.17666725442224623,0.15750792114260717,-0.0984770541259783,0.13827427954690613,-0.01641315625443238,0.02325992406429122,0.9929938087658773,0.002689924891039118,0.00023206401724364673,0.0070577067052953165
0.6012999449864771,-0.737371958031948,-0.1589490133466305,0.0737365742491604,-0.07176948308984035,0.13487542315257917,-0.018425696506371905,0.02849490141807347,1.004275769689391,0.0025309758776924877,0.0008333639622301239,0.00632033474726337
0.265657215869629,-0.5849020843888557,-0.18777403496228706,0.12815805511582098,-0.11758858088433903,0.06700675956736643,-0.011932390576752711,0.03930050444039199,1.0077376378613412,0.0023432018427302008,0.0010990211780997528,0.0057354326628745135
0.4781090100260208,-0.6335923508577376,-0.44540275965677767,0.17449025736705892,-0.05666994237245581,0.23399861975399944,-0.017255318521808824,0.029300166339483697,0.9968121001913061,0.0018977990830734229,0.0015771301881257736,0.005101840312016776
0.33910666683373336,-0.8721062278332155,-0.37717535771940114,0.21547825335233453,-0.10931607244504438,0.1766486885989898,-0.010719434394362275,0.03354387484398489,0.9929444397266288,0.0015206237253540219,0.0019162368549595068,0.004229734084183561
0.3155682179620072,-0.694907164580497,-0.24012653600488926,0.30900739540763544,-0.09270487115912325,0.1516786649779897,-0.013337196305676924,0.029159212342364915,0.9966270449660065,0.0012804971893491327,0.0022318050729215138,0.0035348269196030634
0.3123375470246638,-0.3937267990680325,-0.25178559848695137,0.18000024148208071,0.08415573959063954,0.07962327851429439,-0.014838525875756056,0.029348094023325583,1.0014982185369614,0.0010287115908621813,0.0025441426199461774,0.0031411001205350307
0.2807918338375538,-0.5405590920646839,-0.5184991525543572,0.0941949793138237,0.03532723177614394,0.20573695846582102,-0.014527677830112575,0.03418506307451543,1.0121895053292336,0.0005102124383078242,0.0028249344537837314,0.0026005410284703472
0.2920822793340196,-0.7069669934490065,-0.3465167398428619,0.19143884446046808,0.08079221066982437,0.2052783289445527,-0.010766858933654888,0.02725915441566286,0.9958902077835382,0.00016369569846496224,0.003117016733117751,0.0018935740350213403
0.23668135455388395,-0.5986027639865243,-0.019101992780651778,0.23376029378807606,0.10250199422425871,0.1350696038247785,-0.012278356577839763,0.03725425645428622,0.9961470934700601,0.00014459370568431048,0.0033536980876716347,0.001294971271034816
0.29910614245595485,-0.41441742796697373,-0.2583127374280533,0.2375711159083195,0.09336810363959266,0.2040066045923873,-0.010755666884814918,0.037035445588869655,0.999239762441564,-0.00011371903174374281,0.0036528042301275897,0.0008805538430678422
0.2885984737119005,-0.40914159656140525,-0.4935284529457022,0.2021808286522504,0.17436546256416915,0.12257301925921427,-0.020616744225232898,0.0364885333959424,1.0004598474892894,-0.000607247484689445,0.003941402703839489,0.00047141224650643684
0.30252532687773237,-0.5394839907150236,-0.34483732358789465,0.1561214197672017,0.1265580643563061,0.12091186458038819,-0.018093059340461085,0.023051283542882165,0.9997582659580689,-0.0009520848082773397,0.004243928030717222,-6.807174420858674e-05
0.19610165203979685,-0.4984529891659405,-0.32368818085623635,0.2122421276600328,0.052769238261977006,0.08973313257798321,-0.015265341465768223,0.033881056074919265,0.9915137690327959,-0.0012757729891335761,0.004440029682757019,-0.0005665247333745273
0.0896160678098594,-0.17242021046760053,-0.34281512692682636,0.18890636149270196,0.1730562827861977,0.11466788939650331,-0.016537344142688513,0.043249346551934326,0.993730449638637,-0.0016185881160604026,0.004529645750566878,-0.0007389449438421279
0.127061566091288,-0.2017495336966297,-0.18986663202033155,0.1824637047404778,0.22096404477178583,0.09347568150033382,-0.019822616155356708,0.02465012099244946,1.00392472645459,-0.0018084547480807342,0.004656707316658167,-0.0009406944775387576
0.11453797143757156,0.013674229231325802,-0.1406500582494129,0.12401326128004178,0.1270935022662521,0.031211083228457684,-0.008782919772662712,0.042095771219248734,1.0063136087158493,-0.0019491048063301469,0.004771245288095739,-0.0009270202483074319
0.024509639040791634,0.015320787901805088,-0.2762926123372548,0.17914078730589617,0.18763819705443097,-0.009681418928573259,-0.02066969848785674,0.021634390187264617,0.993243220631441,-0.0022253974186674016,0.00479575492713653,-0.0009116994604056267
-0.029134876596041144,-0.027767160974565108,-0.11212238097019772,0.13231717965151782,0.2579728364045129,0.01930495055404128,-0.009988051144698369,0.03711728633675592,1.0059920659712678,-0.0023375197996375998,0.004766620050540489,-0.0009394666213801919
0.15070329014663575,0.129187580883105,-0.20587587968164092,0.10078390155275392,0.2535056972724029,0.047894146612347276,-0.00589172695174613,0.026136721163951403,0.988291428033778,-0.002543395679319241,0.004917323340687125,-0.0008102790404970868
-0.24172376301843534,0.16381777292836117,-0.09573077946370126,0.13333321213067825,0.21100254847882763,-0.005559866698800325,-0.017233745344515224,0.035427470366662016,1.0012329443889556,-0.002639126458782942,0.004675599577668689,-0.0006464612675687256
-0.13322802758972646,0.3099251476461559,0.13232112350018804,0.05121550830822583,0.18335401118347358,-0.05185489420106546,-0.02570309645249814,0.04017036447953268,0.9982472322921851,-0.002506805335282754,0.004542371550078962,-0.00033653611992256967
-0.2575292071378955,0.25553599296911156,-0.07916563552183961,0.08751524282406198,0.2166424661099752,-0.024482498748486743,-0.016927538756287497,0.028242223999894334,1.0016833277979331,-0.0025859709708045938,0.0042848423429410675,-8.10001269534581e-05
-0.49090224510092684,0.25550768043455185,0.15258550896650724,0.0022564045293577643,0.22464750872886943,-0.08436002250037235,-0.018298461969164053,0.04541690597924217,0.9931234346600599,-0.0024333854618380866,0.00379394009784014,0.00017450755348109376
-0.5397158327778359,0.4550613630336213,-0.017676867182447847,-0.0421980478534855,0.24173340320288797,-0.06558868629867988,-0.021403039243237425,0.02924798224644308,1.003958077381647,-0.0024510623290205343,0.003254224265062304,0.0006295689165147152
-0.5983427561764938,0.4358721860442307,0.10043811954050447,-0.010001016791366302,0.19452863326248898,-0.13037039111693136,-0.012184889699535248,0.03674272778005502,0.9983474256960774,-0.0023506242094800296,0.002655881508885811,0.0010654411025589458
-0.4384558007512582,0.6689558135492485,0.13737834845923738,-0.11912242096634715,0.26162855647384536,-0.049500824266809684,-0.01198858982688392,0.0298297911299457,0.9960525616075029,-0.002213245861020792,0.0022174257081345526,0.0017343969161081945
-0.6440937945613031,0.5857890773004646,0.15651909384483675,-0.027394532963119344,0.19103069467602735,-0.02456472376527921,-0.011785523060658507,0.041367266672732717,0.9976163256327766,-0.0020567267671759556,0.0015733319135732495,0.002320185993408659
-0.5196426543585524,0.6693841516161892,0.13643660843681046,-0.011458146620378425,0.15191613447854885,-0.061819982158886115,-0.018655521535846663,0.043888974454796725,1.003590152512963,-0.001920290158739145,0.0010536892592146972,0.0029895701450248485
-0.5224674095022993,0.6272257407594731,0.1793473690659145,0.03751357351800437,0.12852308368063164,-0.04710082851147503,-0.008516725994655965,0.033416504794817795,0.9995860443980923,-0.0017409427896732305,0.0005312218497123978,0.0036167958857843217
-0.6133252964213521,0.6985478355117779,0.1492566209592261,-0.03676117347058757,0.09928749016599911,-0.05805140978770531,-0.017117707144268697,0.043234171086448565,1.0015418134422487,-0.0015916861687140045,-8.210344670895432e-05,0.0043153437212960985
-0.6102577567698639,0.7522405218699817,0.27117159818871595,-0.01128972757142156,0.16702761677386932,-0.04232263840273616,-0.019000098015615016,0.0368955088984153,1.0033731529180856,-0.0013205145705252885,-0.0006923612034788183,0.005067584243166081
-0.5048985214385158,0.7133014255277746,0.2739214629106117,-0.08674171334878619,0.0942692211741285,-0.033842756602312986,-0.01909313336701123,0.03417718243685632,0.9963077789241147,-0.001046593107614677,-0.001197259724917334,0.005780885668693855
-0.7030749071584841,0.5101447477967449,0.3707259430341358,-0.042950454003789135,-0.04372962210751218,-0.028384454533646457,-0.01727221029363987,0.030286001418749434,0.9967627709514639,-0.0006758671645805411,-0.0019003346320758182,0.006291030416490599
-0.6124361231791642,0.6163487025843565,0.5139029656398929,-0.10075991609847561,0.048257733260894914,0.001338461141598619,-0.01291134268386171,0.03198965485399312,1.0128646902278768,-0.00016196419894064806,-0.002512770755254983,0.0069073791190749564
-0.8532959212862896,0.8489671326881179,0.4190552281539805,-0.04673963792535915,0.10182967568711844,-0.11614039004892208,-0.018633452271159933,0.04047794484315781,0.9932171776571087,0.00025709102921333247,-0.003366066676541272,0.007756346251763073
-0.5924181596494299,0.6440280003679559,0.38830525981240427,-0.20692069607028338,0.006334956060269458,-0.0003038466742497862,-0.017349104517540632,0.03214895893912241,0.9892496602426251,0.0006453962890257368,-0.003958484836190702,0.008400374252131032
-0.47615321668739863,0.5202718101213644,0.2632506825890398,-0.15683278106952386,-0.05286084775078125,-0.03638237017713874,-0.005248279370801995,0.03948877930668757,0.995980433027297,0.0009086469716147764,-0.0044346380528781015,0.008920646062252395
-0.5168467763736484,0.4687937590671657,0.35968940528133636,-0.11837547704793755,-0.03251286565217222,-0.038085127712323995,-0.016305185461162858,0.03455744359633894,0.9983375324570044,0.001268336376896113,-0.00495148482925175,0.009389439821319562
-0.6079694639516504,0.6163310291392445,0.3444152911516243,-0.054916351382964725,-0.002936581176991304,-0.09331814306768983,-0.008591456126621688,0.044141373112829015,1.0035837306086466,0.001612751668047737,-0.005559454293203399,0.010005770850458806
-0.6035612791210765,0.4705725155218981,0.18399421098294974,-0.05321646207654403,-0.058025750270817765,-0.06695727273021108,-0.012483147908030005,0.03300510555461554,0.9965825491493069,0.0017967458790306872,-0.006163015572324476,0.010476343365980703
-0.36052537985227395,0.22594531564052667,0.32151628321882114,-0.11761733543531307,-0.10571325266810323,-0.007374366747843484,-0.008030923195271766,0.028215759376606614,1.0037541254424378,0.002118262162249508,-0.00652354095217675,0.01070228868162123
-0.43851510673483596,0.5014379381979419,0.135746886790631,-0.12710351147090035,-0.05284298768751628,-0.011439142981324658,-0.011650102352539047,0.030161251104362602,0.9974875620342307,0.002254009049040139,-0.006962056058911585,0.011203726619819172
-0.4628801359236154,0.25944481840523465,0.09606837420408423,-0.056014591275175295,-0.04136272167137027,0.0811604752944776,-0.012551174359014153,0.0389843311240289,1.0024581628811609,0.0023500774232442234,-0.007424936194835201,0.011463171438224408
-0.363772172574434,0.1914510990801475,0.12420737685221322,-0.05697067472236254,-0.04007660489089748,0.07938336029564237,-0.014151827256158028,0.0364249880053853,1.0054274781555226,0.002474284800096437,-0.007788708367409635,0.011654622537304555
-0.4479361759497648,0.25196458953584594,-0.09037328692963581,-0.038936749154654296,-0.1076996164860888,0.12301995752689251,-0.016380941547558734,0.03684349820360865,0.9967522760360841,0.0023839115131668014,-0.0082366445433594,0.0119065871268404
-0.3604101700222067,0.050427206438482065,-0.054947278472514044,-0.017483098479103898,-0.13408328094458702,0.05671573709580276,-0.011038461691897957,0.0401837443478044,1.0041337988264352,0.0023289642346942868,-0.008597054713381607,0.011957014333278882
-0.3734200919788218,0.013989922608413259,-0.05503959521968452,0.0004755542549247718,-0.11409204165250944,0.100222597822181,-0.014946797404518198,0.030926363359445784,0.9941001103804219,0.0022739246394746023,-0.008970474805360429,0.011971004255887294
-0.15551557005584465,-0.24862751778756886,-0.143838236803549,0.07047835572019392,-0.08267674441632528,0.005829364788549637,-0.021851507767783607,0.03366389923860182,1.0002191892386023,0.0021300864026710534,-0.009125990375416273,0.011722376738099727
-0.29305914830294627,-0.15844840461175008,-0.06338270092996938,0.0830799620859603,-0.09613647773014854,0.18883479321049784,-0.010283219569014805,0.034898260302398634,1.0008397538185436,0.002066703701741084,-0.00941904952371922,0.011563928333487976
-0.1940055744868659,-0.33377887212497864,-0.22871590913186107,0.03820978608846157,-0.1478768151073827,0.16517215556549064,-0.01244512061417593,0.03789674704249433,1.0005396348945215,0.0018379877926092227,-0.009613055098206086,0.011230149461362998
-0.04465137543269749,-0.3058539990085938,-0.23444124037129502,0.05507104643559753,-0.1871064193492307,0.04859756188564636,-0.00992031327903181,0.03287382678575531,1.0011042344469454,0.0016035465522379279,-0.009657706473638785,0.010924295462354404
-0.29786617038078456,-0.26994200438669164,-0.10184771396131066,0.12187999201788507,-0.1311772790892223,0.15790601507885715,-0.011709591553733441,0.03495530190489167,1.0008815760818557,0.001501698838276617,-0.00995557264401957,0.01065435345796771
-0.05880313707105249,-0.565390343338841,-0.21466163939484023,0.11068021700031258,-0.13868693864982518,0.03242806905861733,-0.0076872949127139495,0.034680837917640026,0.9847722054972378,0.001287037198881777,-0.010014375781090622,0.01008896311462887
-0.01637071349523811,-0.3309317626438778,-0.15031388673998938,0.1511428321385154,-0.11183083767357604,0.05059907901169332,-0.009250532989317075,0.02963542080763784,1.0007479671016541,0.0011367233121417875,-0.010030746494585858,0.009758031351984992
0.1519346365852191,-0.3019683720548265,-0.17207931754537675,0.14118190404219436,-0.1739416670498138,0.07651006333691465,-0.012041415566762347,0.034916885409451044,0.9915393219333908,0.0009646439945964107,-0.00987881185800064,0.009456062979930166
0.20457729563681953,-0.5955689261726662,-0.047956533182010985,0.12473178213459557,-0.14519875521826756,0.030291279676529663,-0.009302780485994703,0.03961827730777589,0.9968679472919083,0.0009166874614143999,-0.00967423456236382,0.0088604940537575
0.44431127031076495,-0.48608886879675167,-0.27273832484068183,0.14087597151765668,-0.06546506658528432,0.08922347628361582,-0.004587301443794817,0.03185159938846279,1.0038663399478325,0.0006439491365737179,-0.009229923292053055,0.008374405184960748
0.19345981340706592,-0.575007425035727,-0.3443610583634976,0.05002241078228206,-0.084697784560651,0.1041109600038874,-0.01534640979171183,0.030363801510981024,1.0023614671908048,0.0002995880782102203,-0.00903646347864599,0.00779939775992502
0.18116308870653486,-0.3597754707323553,-0.3657671977718199,0.1084827622148698,-0.13298946076015422,-0.02114723751002443,-0.0209426361084533,0.03597567791454737,1.0071501998713883,-6.617911956159961e-05,-0.008855300389939456,0.0074396222891926645
0.5086328261529275,-0.4535758459435458,-0.23823648607590514,0.20230169839733553,-0.007108860055037942,0.0368692378117307,-0.006124418600518758,0.03433229048185785,1.0017636244002466,-0.00030441560563750477,-0.008346667563786526,0.006986046443249118
0.35929643659414284,-0.2664328997460374,-0.040777756683276226,0.1800006612626409,-0.0644084364083174,-0.025018646602382663,-0.007700558556862323,0.02837556790883259,0.9958858121910193,-0.00034519336232078095,-0.007987371127192385,0.006719613543503081
0.4787421868130991,-0.493270870325879,-0.054839101059128745,0.11664364697540448,-0.018641909071728368,0.01931014861494603,0.0032459085139112213,0.028312935898864015,0.9932464727062897,-0.00040003246337990973,-0.007508628940379286,0.006226342673177202
0.4477998806652401,-0.3058122382038952,-0.1088722417129327,0.07092319290201894,-0.04184279335822721,0.00737298799262257,-0.010011679700413745,0.04273978596569086,1.0057243186645108,-0.0005089047050928424,-0.007060829059714046,0.005920530434973307
0.595602942025014,-0.37593156486638657,0.16743327070060748,0.14130634174221124,0.008268995673894896,-0.04788031635079832,-0.011744992856273428,0.034169448935685465,0.9943480507811886,-0.0003414714343922349,-0.006465226117689031,0.005544598870106921
0.5952293458737774,-0.24614117990648965,-0.15454898501285008,0.013491313017011246,0.07084238012425294,-0.03971250174897762,-0.008089055139410828,0.04238863981750597,0.9938658644681514,-0.000496020419405085,-0.005869996771815254,0.005298457690200431
0.5437354749172189,-0.2360943362347038,0.1167607885525449,0.10921838706895722,0.08673434967950197,-0.04051270375766425,-0.005909752775537333,0.04118431450752357,1.000022928368854,-0.0003792596308525401,-0.005326261296898035,0.005062363353965728
0.6029291896945265,-0.08033873573601193,-0.0071122172813532294,0.07536811587548001,0.11235148323603053,-0.08828373967890889,-0.0070632532827811755,0.046445786595868586,1.0056878094422963,-0.00038637184813389335,-0.0047233321072035084,0.0049820246182297155
0.5637710142187017,-0.07168484990299331,0.26577532638373214,0.044867394114982834,0.03581938411195237,-0.14446205345250834,-0.011165075878719585,0.039550414111158956,1.000038399925379,-0.00012059652175016116,-0.0041595610929848065,0.004910339768326722
0.6285848837674612,0.07056020311944734,0.07462214688269439,0.08755664065873597,0.10001302952850383,-0.04489936198289519,-0.0034957784438018587,0.03511485212178381,0.9981112271816888,-4.597437486746678e-05,-0.003530976209217346,0.00498089997144617
0.5801340560577813,-0.004166115022670432,0.25688422286013046,0.06252194358789759,0.008331124287873226,-0.054811522857956686,-0.014682675182596718,0.04162201812088669,0.9959252961028487,0.0002109098479926637,-0.0029508421531595644,0.004976733856423499
0.7774671578006634,-0.03469398245476411,0.1502482093240359,0.03768076106786302,0.10958427217899747,-0.06518507969447587,-0.013030369319882,0.02762267825955586,1.0015767301896,0.0003611580573166996,-0.0021733749953589013,0.004942039873968735
0.5916766245168403,0.1762480646807985,0.4537393853355014,0.053705026720233924,0.18817872580415668,-0.1492073635451236,-0.0016668765115233405,0.04314412904343732,0.990697943358326,0.0008148974426522011,-0.0015816983708420607,0.005118287938649533
0.5626177509440766,0.15620171235458885,0.23266731610848412,-0.060884486336527065,0.05894638571017118,-0.120271275024861,-0.005979643423070793,0.04765862040222316,0.9925253654866644,0.001047564758760685,-0.001019080619897984,0.005274489651004122
0.40875473652268834,0.18474343526079132,0.2212787013454734,-0.0794798337819655,0.08274748637673032,-0.18677357859665966,-0.01146071234552404,0.03265243099275419,0.995624992574528,0.0012688434601061584,-0.0006103258833752958,0.005459233086264913
0.4633341962734977,0.2923875741064052,0.26180683928891124,-0.07152539474003144,0.11883929401926763,-0.0213578361014937,-0.008557353703198526,0.03740148042971833,0.995758108924796,0.0015306502993950699,-0.000146991687101798,0.005751620660371318
0.6137793358173439,0.21927435262771447,0.29929798743281055,-0.011788646771207266,0.11760530660010016,-0.1750414289626795,0.001213611995580819,0.03920496044740122,0.996655326767879,0.0018299482868278803,0.0004667876487155459,0.005970895012999032
0.5077381192621631,0.5176827495997436,0.3883937260883267,-0.1845863514638856,0.16703661037466297,-0.05712081089353694,-0.010098747986190704,0.036868317243118016,1.0044075074971954,0.002218342012916207,0.0009745257679777089,0.0064885777625987755
0.4591073606976376,0.4722333997018197,0.36364880622364404,-0.15084938993152708,0.16342749147716815,-0.14475219181417417,-0.012382677343992489,0.038220384971174394,1.0061045135178093,0.0025819908191398516,0.0014336331286753465,0.006960811162300596
0.5349880932653605,0.4252137871634459,-0.010949292864980614,-0.16988747383994363,0.035326026716655225,-0.09080027480082037,-0.008430571526896885,0.03484110691511192,0.994961859403526,0.0025710415262748705,0.001968621221940707,0.00738602494946404
0.556619071897306,0.43118933555479877,0.14466251982406908,-0.13318362961490748,0.07537158865780416,-0.10887052613099105,-0.004201047304679782,0.03577906962567327,0.9982269687854578,0.0027157040460989395,0.0025252402938380127,0.00781721428501884
0.29306321080053893,0.4194654970803161,0.080765022918675,-0.21858765635221986,0.10909340734301416,-0.10593489834160622,-0.006652896408952777,0.053530321887409596,0.9957062640927036,0.0027964690690176143,0.0028183035046385517,0.008236679782099156
0.31406621521984474,0.3646320195351176,0.1931955667401653,-0.17367987762514595,0.0820551196887339,-0.06008453401853384,-0.0031529710282954294,0.03962005441334493,0.9965845976729317,0.0029896646357577797,0.0031323697198583963,0.008601311801634273
0.07732920968158191,0.4666335995011908,0.01916828124334144,-0.10708426477847506,0.1141757877228593,-0.09165936288632553,-0.012513507306434805,0.026139617496024784,1.0022004339930868,0.0030088329170011212,0.0032096989295399784,0.009067945401135464
0.3465448244862279,0.35901482476234553,0.24802941226197497,-0.24491718968260465,0.10459782764409481,-0.12671302921480568,-0.014115896950810593,0.036206751428527556,1.0051781048509394,0.003256862329263097,0.0035562437540262062,0.00942696022589781
0.4953879781362796,0.5541024714693921,-0.0873674310970292,-0.23090354441204836,-0.02811331870356605,-0.04787412315250306,-0.0025736728129943385,0.03695663668333306,1.0057396932207567,0.0031694948981660673,0.004051631732162486,0.009981062697367203
0.11646659768884268,0.5069477904708801,-0.1952494417748175,-0.1867446205828731,0.04432329776965081,0.024198649516313488,-0.013693905628528845,0.04731694125305348,0.9997250392700832,0.00297424545639125,0.004168098329851328,0.010488010487838081
0.06594018728785447,0.3486675704314982,-0.06624250444230964,-0.14909942910894922,0.004179308868901161,-0.010197306719442528,-0.013630074142739219,0.04653850316457673,0.9903670598115836,0.00290800295194894,0.004234038517139184,0.01083667805826958
0.0489038500595772,0.38264124674544553,-0.049765226477051255,-0.1772474057930694,0.030830353215672297,-0.03791238473890584,-0.011419767351503626,0.039774176869743626,0.9926847668115126,0.0028582377254718887,0.004282942367198761,0.011219319305015026
0.035037685221263264,0.08632727092552489,-0.2727774552041957,-0.13566118825239507,0.03783123299035916,0.14424369522486435,-0.012241715222769529,0.03357055886985938,0.9908724772545815,0.002585460270267693,0.004317980052420024,0.01130564657594055
-0.00646706862231124,0.2090782542585525,-0.07876726257538141,-0.12696654094998283,-0.020255983681877095,0.03545171091162989,-0.010700892466334228,0.04044634742109235,1.0045527858366003,0.0025066930076923116,0.0043115129837977125,0.011514724830199103
-0.051156140744005915,-0.04431598121847105,-0.3124875439469049,-0.20889831947276644,-0.0874269172538395,0.011694075093510758,-0.016010259095567383,0.034930537929251694,0.9962762750709097,0.002194205463745407,0.004260356843053707,0.01147040884898063
-0.26652750895932875,0.08909304291478022,-0.31732097005886606,-0.1505742417377893,0.01033241345881572,0.16090800368682462,-0.0002971250717238661,0.040903126415921746,1.0000843602069762,0.0018768844936865405,0.003993829334094378,0.011559501891895411
-0.16859484301255198,-0.06677704121136031,-0.29868393176045,-0.21879624636741504,-0.1037949008968175,-0.00026033700063640176,-0.014842283713407133,0.04435818118862231,1.0069906301636684,0.0015782005619260906,0.0038252344910818265,0.01149272485068405
-0.1342988748714604,0.046170162902902545,-0.3947622594871559,-0.08743234625306916,-0.11120087900601733,0.04815059111987711,0.004341053245680819,0.036499214953044416,0.9940230549421206,0.001183438302438935,0.0036909356162103655,0.011538895013586953
-0.3588069279440318,-0.10462114815817501,-0.1518483573981337,0.0036167917832724376,-0.19200356233025145,0.14727325097354124,-0.0027940483920543954,0.04046057106247094,0.9978534567072253,0.0010315899450408011,0.003332128688266334,0.011434273865428777
-0.4077058708942657,-0.21745243720515325,-0.5031332999096503,-0.09855336322212951,-0.10054069047842697,0.06842923006809427,0.006889380239970867,0.04330691397976006,0.9997514236292389,0.0005284566451311507,0.0029244228173720683,0.011216821428223625
-0.35251723531972295,-0.2811231152292697,-0.5293675260436037,-0.06491284758691238,-0.1411130918463008,0.15229787169504952,-0.010262888723793114,0.04208355016425296,0.9920942145955446,-9.108809124529493e-07,0.0025719055820523453,0.010935698312994355
-0.30134390353172213,-0.5355180827804823,-0.4516366342060426,-0.06027725503349257,-0.1360220137380109,0.16469487072394332,-0.008584547536007868,0.031310774761973276,1.0034107814328188,-0.0004525475151184956,0.0022705616785206233,0.010400180230213872
-0.2753390952089626,-0.27828715549117483,-0.48973601868653605,0.06101565365801352,-0.20958361400519157,0.22407816221827734,0.0004723590208700196,0.03931337551000154,1.005338071500363,-0.0009422835338050317,0.0019952225833116603,0.010121893074722698
-0.27531305111774595,-0.28545386527709704,-0.5230212508006565,0.04570466858183745,-0.15765705913523576,0.1819514494898707,-0.01122019085348635,0.024876643564728015,1.0027257718908895,-0.0014653047846056883,0.0017199095321939143,0.009836439209445602
-0.4578054137656208,-0.40171199589670736,-0.31296975776920183,0.026136186030634834,-0.13527905578567784,0.11481469733312834,-0.0019978552336681115,0.041215886298705755,1.002780054415139,-0.00177827454237489,0.0012621041184282939,0.009434727213548894
-0.571027420789443,-0.5832419103413564,-0.43685985968165997,0.00010681102595051437,-0.312340366541094,0.10176601787956556,-0.0064506004299860345,0.04392717577436752,0.999783327217259,-0.0022151344020565496,0.0006910766976388508,0.008851485303207536
-0.21738371178153146,-0.6654605933807859,-0.2987917401612219,0.0710101979920696,-0.19783503445842524,0.08506820112102723,-0.0010767480322225994,0.04191313020759431,1.0010803339382048,-0.002513926142217772,0.0004736929858573193,0.008186024709826751
-0.251442000762214,-0.7864109761267907,-0.3004188125199378,0.056623637065044634,-0.29019760800134914,0.07828528041843612,0.0011748258143923097,0.041373474199453406,1.0053072279452213,-0.002814344954737709,0.00022225098509510521,0.007399613733699959
-0.42092107533099826,-0.6836127303199363,-0.06761068627352917,0.11941134289939653,-0.20847085840164342,0.14054556722805528,-0.008236212827405328,0.04125676201071055,1.0047146690820716,-0.0028819556410112387,-0.00019867009023589305,0.006716001003380024
-0.28678568056802906,-0.9057621563828273,-0.2963331167456359,0.14883557989015844,-0.18289387846346228,0.035576255177602135,-0.009377069450352887,0.042694541721316426,1.0013132197746852,-0.0031782887577568746,-0.0004854557708039221,0.005810238846997197
-0.3237129468726681,-0.9033536090555253,-0.0739323192152676,0.12020574317982899,-0.27777132457237136,0.11415023098390724,-0.011851174482274247,0.03531974532390749,0.994962646244615,-0.0032522210769721422,-0.0008091687176765903,0.004906885237941671
-0.3547784066042198,-0.5893672958790807,-0.07666702109597434,0.15611527031103858,-0.2656001679267417,0.010184669404213592,-0.012598542932461133,0.03660194969161696,0.9862299606872352,-0.0033288880980681165,-0.0011639471242808098,0.00431751794206259
-0.12955370013126047,-0.522768217602654,-0.09068476298981852,0.23063494223723627,-0.21871353030075125,0.09759848763768003,-0.00784965174269189,0.04046405057743835,1.0059335454464697,-0.0034195728610579347,-0.0012935008244120705,0.003794749724459936
-0.3594007240161618,-0.7436956998442364,0.019762574923617514,0.1684772549177349,-0.21908167228684997,0.04955175065646623,-0.005004990971374143,0.046113226383685514,1.00761610559117,-0.0033998102861343173,-0.0016529015484282325,0.0030510540246156993
-0.4104354053763609,-0.6130163124098905,0.12190567564401462,0.2764276273331981,-0.2713597953438403,0.09017679545314847,-0.007701888135093643,0.042514757503780067,0.9962417726356761,-0.003277904610490303,-0.0020633369538045933,0.002438037712205809
-0.21999799039197412,-0.6872435705425798,-0.028798200220113285,0.23449023406603967,-0.22475487638723035,-0.07279811944913576,-0.003401785016017012,0.04346744008082185,1.0049042234801753,-0.0033067028107104167,-0.0022833349441965674,0.001750794141663229
-0.26321557237090976,-0.4808022833655164,0.19245307547229673,0.2301495038354665,-0.22132787619741662,0.07821506684443964,-0.0009600733138217161,0.03840414684935019,0.9883964865749613,-0.0031142497352381194,-0.0025465505165674766,0.001269991858297713
-0.15036891015512974,-0.5382210243628262,0.219940719044122,0.23683222620254377,-0.18249157665348578,0.022950539194378356,-0.007270342373384935,0.04042309930102851,1.0027240299760174,-0.002894309016193998,-0.0026969194267226063,0.0007317708339348866
-0.16287099442508798,-0.4500012350253998,0.34086709056430053,0.11370795335134651,-0.07716815806958345,-0.01150761962006505,-0.006610129842777012,0.03955283085671106,1.0011619182830704,-0.002553441925629697,-0.0028597904211476945,0.00028176959890948686
-0.16798992850644576,-0.6475022664256622,0.33581774898653244,0.25224162868923466,-0.13141893048562273,0.02065689460261274,0.0017733333871693896,0.03366727202023592,0.9958866500276184,-0.0022176241766431646,-0.00302778034965414,-0.00036573266751617543
-0.07895493934409319,-0.4090037169282213,0.4904616313136164,0.2564948610165437,-0.16789281525767677,0.005363917484646383,-0.0022657345928479597,0.04146986308351749,1.0089676642932306,-0.001727162545329548,-0.0031067352889982336,-0.0007747363844443967
-0.17499005457233255,-0.38867238438712487,0.4585109817702558,0.21990935112245552,-0.08714677740029414,-0.08759760923511,-0.004908444167743329,0.03909020378623691,0.9978101881701794,-0.0012686515635592923,-0.0032817253435705658,-0.0011634087688315216
-0.13641188416024883,-0.12296387288881772,0.33780260030822895,0.1222619302035695,-0.08985992906755447,-0.028449126919358574,-0.007209160490541228,0.044360418466118705,1.0037635808925924,-0.0009308489632510634,-0.003418137227730815,-0.0012863726417203392
0.03511711083397317,-0.24861850714236838,0.5169436333201599,0.19279623306103041,0.008292351708599585,-0.011280259508966545,0.0006445933988134421,0.03243019922933491,1.008418638796408,-0.00041390532993090345,-0.003383020116896842,-0.0015349911488627076
0.14049223221167847,-0.14277181778043094,0.39718668115208355,0.11151567131261292,-0.054126987217318026,-0.1232971094996068,-0.004997812694913753,0.03757963765342728,0.9984742036715113,-1.67186487788199e-05,-0.0032425278846851635,-0.0016777629666431385
-0.036352738475682295,-0.23286874210388775,0.48465451606555926,0.17435254827465255,-0.025035285869848788,-0.048367458925902156,-0.013171239602956858,0.03073361704220936,1.0034581849994697,0.0004679358672867394,-0.003278880623160846,-0.0019106317087470262
0.22026201138265675,0.05255494537206564,0.3586682035671231,0.15281183097885356,0.06138248555446677,-0.0077809907118426575,-0.013613266931391092,0.041955624194335746,0.9988038609848082,0.0008266040708538625,-0.0030586186117781892,-0.0018580767633749604
0.157320709761892,0.1240090757470586,0.39058446739360486,0.09075269078047492,-0.004249015910769414,-0.05710843211800284,-0.00730762959889664,0.04406049921465687,1.0006232516952405,0.0012171885382474673,-0.0029012979020162973,-0.0017340676876279018
0.2798556638245758,0.158605639668435,0.1478667533318658,0.09974211793231058,0.0024268639466461022,-0.08717522932396556,-0.00825896692398506,0.04190544197114903,0.9941200465986701,0.0013650552915793332,-0.0026214422381917214,-0.0015754620479594668
0.2931457555597161,0.39325967375749865,0.326235360549692,0.0828507469743724,0.08979971682056155,-0.12723673686985862,-0.0028347437827412163,0.04983342940972397,0.9996220290231885,0.001691290652129025,-0.0023282964826320056,-0.0011822023742019683
0.39632023027784075,0.3329846835092998,0.33588753608505767,0.10715827215316495,0.10589148497119362,-0.1131374377491587,-0.01228723630136598,0.042753895556381295,0.9997998801046901,0.002027178188214083,-0.0019319762523541647,-0.0008492176906926684
0.3033832142327952,0.33116491399456083,0.30207960636078024,0.05202572078510549,0.05808599399704802,-0.07836923894196855,-0.0026268244203982998,0.0356079275959185,0.9994879607262165,0.0023292577945748633,-0.0016285930381213694,-0.0005180527766981075
0.16875840731682312,0.37381283003940396,0.024254613396227392,-0.032657030421982605,0.04672398756356475,-0.020251609990858795,-0.007636010078371014,0.046079249089466146,1.00467914680151,0.002353512407971091,-0.0014598346308045463,-0.0001442399466587035
0.5655742857197812,0.588872990497592,0.12228672234385596,-0.08683466309925586,0.16765742607544346,-0.02225433496699703,0.002538671019990839,0.05028198795422837,1.0002582953903991,0.002475799130314947,-0.0008942603450847651,0.0004446330438388885
0.37754469073320474,0.3918137689205763,0.03640624489576559,0.036747177645324855,0.18270683543848087,-0.059479429118663434,-0.0063134780707595674,0.04340152066618726,0.9936971041664437,0.0025122053752107123,-0.0005167156543515603,0.0008364468127594649
0.39130880570172694,0.5322680831442341,0.07110327524810124,-0.10110506337200093,0.20646677371561514,-0.07017349790229062,0.0020163994220395083,0.03629609327772316,1.0015028873635403,0.0025833086504588134,-0.00012540684864983338,0.0013687148959036991
0.36570924746723216,0.6216112973056419,-0.1899082808865209,-0.109323622243541,0.23914197133690226,-0.0510997107662784,-0.0026697933116774015,0.03673818366391823,0.9958333729465288,0.002393400369572293,0.00024030239881739877,0.001990326193209341
0.5250198314632623,0.6182578620071713,-0.08514502852747098,-0.09171468675931013,0.20799020855381806,0.03841787044012154,-0.004611253872284549,0.041735066623963805,0.9996798062701104,0.0023082553410448217,0.0007653222302806611,0.0026085840552165125
0.24891764591968002,0.6710513059576603,-0.0416473268767859,-0.10303687468952202,0.2041465144837331,-0.07177795503730429,-0.008456092612728885,0.037945463741962046,0.9993947233231315,0.002266608014168036,0.0010142398762003411,0.003279635361174173
0.22392471171713277,0.8053701675045228,-0.1354745841609946,-0.16427665802208546,0.24885337159986867,0.008437979096396354,-0.005978943469991238,0.04538028820019888,1.0022613295555518,0.0021311334300070416,0.001238164587917474,0.0040850055286786955
0.2818749946710989,0.6616038970183055,0.0529258786172149,-0.0989140944082286,0.2244239901361566,-0.0060090234492910805,0.00503015758127896,0.038784293073317364,0.999667954502896,0.0021840593086242563,0.0015200395825885728,0.004746609425697001
0.3778679405454925,0.5795078683988417,-0.19041796183010085,-0.16400998972525532,0.1535736113238355,0.057807128935425243,-0.0021961418108198297,0.044181461043454405,1.0016727750675498,0.0019936413467941554,0.0018979075231340655,0.005326117294095843
0.2414679205946021,0.8269354232102758,-0.18558899304778592,-0.09433097845558405,0.23027027094395364,0.028301093918590266,-0.005895749088512061,0.043395502953923575,0.9993637144669429,0.0018080523537463697,0.0021393754437286673,0.006153052717306119
0.21236557658708322,0.6161598477844652,-0.37578373909741214,-0.09185688349872732,0.24578216685450482,-0.009325350133707251,8.812430935841711e-05,0.032962912298380526,1.010110528963548,0.0014322686146489574,0.0023517410203157505,0.006769212565090584
0.1475551125648014,0.6584632188872059,-0.3183149614062735,-0.06406293957906924,0.17008787997049724,0.12718677591256888,-0.003746070652266849,0.03945406479736128,0.9968971856234391,0.001113953653242684,0.0024992961328805523,0.007427675783977791
0.319469263495457,0.7304839503183783,-0.1373147694632434,-0.0906618128224158,0.28066496568419624,0.07372080862465856,-0.004772047317117883,0.045064144185727496,0.995874723080014,0.0009766388837794406,0.0028187653963760093,0.008158159734296169
0.23275935952211818,0.45954267045516684,-0.2903930871544995,-0.07756776713473904,0.18001529576516312,0.07790683862719643,-0.0032172735729472895,0.03913866837253875,1.0016277257790807,0.0006862457966249411,0.0030515247558981274,0.008617702404751335
0.2400301153870753,0.6695333104598522,-0.2387942647343356,-0.16674980956700663,0.2314137843942501,0.013230639871112565,0.0038205135651240042,0.04154306347982586,0.9963596504131498,0.00044745153189060537,0.003291554871285203,0.009287235715211187
0.06122732913759069,0.6154273679029307,-0.275964154932699,-0.12898868190174323,0.12603148466344705,0.06546458322507435,-0.0010293300374941924,0.04065676262996804,1.0024713412914388,0.0001714873769579064,0.0033527822004227937,0.009902663083114119
0.06666750826742965,0.29701900258671754,-0.1359497773174787,-0.08878521371361431,0.19309568773800836,0.049718057632564254,0.00276603670049177,0.035614648659211316,0.9923912681414424,3.553759964042769e-05,0.0034194497086902234,0.010199682085700835
0.10742844045970974,0.25189655911895553,-0.3133917727210142,-0.03166629787596854,0.20210148627929322,0.07973183403894717,-0.0027795288142251763,0.04840551743845287,0.9992516218988013,-0.00027785417308058655,0.0035268781491499326,0.010451578644819791
-0.1003178148420441,0.32344748526447775,-0.2280615271798081,-0.059612091289887564,0.08739768031926902,-0.0013125793926339838,-0.003575693372328122,0.035985570383229054,1.0007617518433296,-0.0005059157002603947,0.003426560334307889,0.010775026130084268
0.04025785900913162,0.33203351538068665,-0.09650759825381247,-0.055688844457550346,0.11875258197810291,0.08679458231483693,0.006968865938488191,0.035081775606109394,0.9928694850203108,-0.0006024232985142072,0.003466818193317021,0.011107059645464955
-0.06670801348709295,0.20189923163274198,-0.14510963497970658,-0.002160510289541284,0.07647606169003607,0.11469963289311587,-0.005565238131730766,0.04496534683313538,1.0003459902959184,-0.0007475329334939139,0.0034001101798299274,0.011308958877097697
-0.025737529795955894,0.04636369937562888,-0.2795714465731508,-0.09923883338206077,0.021991763025769166,0.047261898306092405,-0.0016866462114684194,0.0369450042859528,0.9885681644402724,-0.0010271043800670644,0.0033743726500339716,0.011355322576473327
-0.10982380188793947,0.04184926149936387,-0.05361037320061261,-0.04310781824663122,0.053900052543624455,0.07744006101577489,0.0056158784438575405,0.04002076525536607,0.998506804329339,-0.0010807147532676772,0.0032645488481460325,0.011397171837972689
-0.42331942591346855,-0.001694409035527214,-0.18536663261961417,0.026910711040215016,0.014898699567757294,0.010325957690579255,-0.0021537541209124557,0.041743348885942805,1.0042351631362088,-0.0012660813858872914,0.002841229422232564,0.011395477428937161
-0.3590430383231665,-0.10180138109441639,0.01901181826326702,0.03628529569079262,-0.0016104561428773147,0.12336115966165674,0.00955961566700324,0.0446872442455685,0.9939871339518987,-0.0012470695676240241,0.002482186383909397,0.011293676047842746
-0.5860800995910205,-0.2359922617745156,0.14719035757983634,0.0714020608737516,-0.061205358769538545,-0.00881833959040833,-0.0040454995838205745,0.029068460441409014,0.9978958601098944,-0.001099879210044188,0.0018961062843183764,0.01105768378606823
-0.5885397017521845,-0.15511196425145274,0.030645544122170867,0.07682453258665746,0.01162251619330964,0.017173415130665726,0.003719149503314161,0.038804685938394624,0.9940025294393406,-0.0010692336659220171,0.001307566582566192,0.010902571821816774
-0.5285690396307668,-0.3119585679015163,0.2284159582073018,0.09658628828435577,-0.06327437122904753,-0.022684700854018823,0.009212645448482621,0.0380155844580512,1.0016410776958118,-0.0008408177077147153,0.0007789975429354249,0.010590613253915259
-0.32544541848959835,-0.5196464199995845,0.22072417595752308,0.06519267421309569,-0.07422200438587226,-0.04127300166823845,0.0017498079452920637,0.03925603877789125,1.002186223032533,-0.000620093531757192,0.00045355212444582655,0.010070966833915673
-0.5000330748894689,-0.4980217581812286,0.2614532448276457,0.16268680271395117,-0.12328668426563054,0.059192887864723924,0.0029658853895501882,0.04329851278902642,1.0008001699387943,-0.0003586402869295464,-4.648095044364237e-05,0.009572945075734444
-0.48288137212369797,-0.24877785779241793,0.021535812519004965,0.06480193610499167,-0.04172399880363774,0.04114912112529549,0.005188170674031947,0.04679244489920723,1.0018279782196675,-0.0003371044744105414,-0.0005293623225673403,0.009324167217942027
-0.6078421162895729,-0.5125134122484206,0.18196591263965525,0.1095901021761507,-0.16176836275726442,-0.060409447961012434,-0.011603610705002486,0.040374006558611106,0.9946795126102356,-0.00015513856177088613,-0.0011372044388569132,0.008811653805693606
-0.6127439925893745,-0.4026312882320745,0.28651793482462207,0.12788231609252504,-0.18596304786168358,0.10350167690665864,0.008451378131099084,0.03546061994684582,0.9975110987299428,0.00013137937305373595,-0.0017499484314462876,0.008409022517461532
-0.5285698645947464,-0.28572015889544733,0.1682544260640943,0.15920170529122907,-0.11664714479213166,-0.012641599227780293,0.0031412292287957815,0.04044001834265618,0.9921705875200971,0.0002996337991178303,-0.002278518296041034,0.008123302358566084
-0.6301004677654802,-0.39671976918751534,0.039132237572086004,0.09057541929207508,-0.15268434936288705,-0.02782086052880134,0.0018649026372679779,0.042146868784307776,0.9933724676783837,0.0003387660366899163,-0.0029086187638065145,0.007726582589378569
-0.6443359310816618,-0.16675437174032326,0.32036663238860263,0.12859172415027326,-0.10763936275049842,-0.08349852261437969,0.0024704553760327612,0.040622788506178,0.9969477965925605,0.0006591326690785189,-0.003552954694888176,0.007559828217638245
-0.573375182557615,-0.398058368317193,0.29773058987761236,0.17689249753590816,-0.06966499203863874,-0.03939459129031954,-0.008420024780841915,0.04446780659327146,1.0038021444603469,0.0009568632589561312,-0.004126329877445791,0.007161769849321053
-0.7384084962103155,-0.4496237940197194,0.32507970858423063,0.12530166263737746,-0.08332519712572166,-0.09520281094119439,0.00646304975443471,0.03574945725987027,0.9935223619524383,0.0012819429675403622,-0.0048647383736561065,0.0067121460553013325
-0.6037966536927856,-0.48401405936093533,-0.034865978290521016,0.1263170985015906,-0.09774130151165969,-0.15156509029453166,0.003939836720907292,0.035987881139427136,0.9993765640388091,0.001247076989249841,-0.0054685350273488914,0.006228131995940398
-0.5893699161600592,-0.4909726495293661,0.11175581950114126,0.09296542916285634,-0.17962854711912277,-0.11287238489075331,-0.002595330126816809,0.03992974930176598,0.993397063925028,0.0013588328087509823,-0.006057904943508951,0.005737159346411032
-0.7825991982163075,-0.09910133604993701,0.05541871651013258,0.09965266551207391,-0.08743945093148409,-0.1349377493656232,0.00436743044171236,0.0447713924544945,0.9917475012804959,0.0014142515252611148,-0.006840504141725258,0.005638058010361094
-0.694724507845216,-0.32966271984338535,-0.03873236824338497,0.0857620981328125,-0.14905004281969825,-0.17173035558109895,0.005168924456398849,0.047591567507037046,1.0045685453335556,0.00137551915701773,-0.007535228649570475,0.0053083952905177085
-0.6246360700234769,-0.33279665699732036,0.04251463062774092,0.09142006912570981,-0.17234290421742804,-0.07010779532811491,-0.0002068963473148772,0.04161539749481634,1.0033482474294495,0.0014180337876454707,-0.008159864719593951,0.004975598633520388
-0.5795133019587901,-0.1521581065698112,0.01622575304066874,0.001842304488927915,-0.08738911286239842,-0.1053478965335037,0.0090688641964563,0.04049834254275295,0.9937021377349056,0.0014342595406861393,-0.008739378021552743,0.004823440526950578
-0.4461205652600755,-0.1226199244833997,-0.08787272559228533,0.03423561250692139,-0.1206121150323394,-0.11209782687219115,0.0021930034450509694,0.03408816973253962,0.9959040200729996,0.0013463868150938542,-0.009185498586812819,0.004700820602467178
-0.5560130198805836,-0.07703652818982865,0.06840438389430778,0.02878754814652076,-0.09629988367068135,-0.024152071222002684,0.001544802800800872,0.04241348052605172,0.9984001618669825,0.001414791198988162,-0.009741511606693403,0.00462378407427735
-0.5180491567740603,0.17985851928606147,-0.3509569831104171,0.03976557055287106,-0.04574525301097698,-0.0876602514229294,0.006410340438823868,0.03308078362829549,0.9924760446761837,0.0010638342158777448,-0.010259560763467464,0.0048036425935634106
-0.3122986840524896,0.12247774808096706,-0.14093800954924884,0.01459323780455087,-0.026969955038398614,-0.030285152751127663,-0.0011646489546491019,0.04406784347217392,0.9999921276999324,0.0009228962063284959,-0.010571859447519953,0.0049261203416443786
-0.23306235444831896,0.24122700506292616,-0.36064795144826267,0.027770016974789813,-0.06092958408198221,-0.12263118587798462,0.0009781092899853253,0.03948043483702072,0.9894195398238109,0.0005622482548802332,-0.010804921801968272,0.0051673473467073044
-0.1806843387332724,0.4375084944013736,-0.24967485208897053,-0.05353789180133304,-0.025595179728038233,-0.09869913404970221,-0.002307783743652403,0.03928041399716272,0.9947411989904128,0.0003125734027912627,-0.010985606140701543,0.005604855841108678
-0.3482963624499881,0.16384033998729614,-0.24832533278163949,-0.13243190956419898,0.025590582768828255,-0.05007165276594878,0.002681315322849835,0.04504290144752192,0.9955668117928547,6.424807000962318e-05,-0.01133390250315153,0.005768696181095974
-0.2741659414289068,0.31171951356365635,-0.18519350464642878,-0.09585909786710213,-0.03253479506790974,-0.03177941921702789,0.002022002607001659,0.039171440517820615,0.9995515466607366,-0.0001209454346368056,-0.011608068444580436,0.006080415694659631
-0.3014259703105636,0.18070278664107658,-0.37506599116860595,-0.18328141632794442,-0.05543724821691233,-0.008064594373871614,0.004451245295918596,0.03660591912375824,1.0035198372616725,-0.0004960114258054116,-0.011909494414891001,0.006261118481300708
-0.3383837774982337,0.5155813956454578,-0.3457872643512488,-0.20039038647241775,0.009498373687316913,0.03881658099715335,0.009021601842718897,0.039756370164433404,0.9919226879436648,-0.0008417986901566604,-0.012247878192389233,0.006776699876946166
-0.14231671144688826,0.3605700869295997,-0.6076332753863778,-0.17124107225411228,0.032110958992296205,0.17193960648473813,0.007448129225768208,0.034058088148014094,0.9964038816819739,-0.001449431965543038,-0.012390194903836122,0.007137269963875765
-0.025190262189336766,0.08194645652044558,-0.2605428578231516,-0.14596697076537862,0.05532097870467267,-0.04810426951483106,0.004816203396262269,0.03947006321356482,0.9999270900298659,-0.0017099748233661899,-0.012415385166025458,0.0072192164203962106
0.11956412918185483,0.2753159469335995,-0.31693870643689487,-0.2168643336892359,0.17668309096662382,0.01212164065667032,0.010733565649314596,0.037378585672112455,0.996582829107994,-0.0020269135298030846,-0.012295821036843605,0.007494532367329811
0.23979230631714937,0.5725090437018217,-0.3538579690871977,-0.11889305881960906,0.05471232738748175,0.07240932338961813,0.0013040870685715488,0.034755390970313785,0.9959607118443592,-0.0023807714988902822,-0.012056028730526455,0.008067041411031633
0.1960637353987489,0.22724366303732524,-0.3394000778460519,-0.1768419842459841,0.091296135698349,0.1562960086006463,0.007014929382885097,0.05004151354001056,1.0009332679582361,-0.0027201715767363344,-0.011859964995127707,0.008294285074068958
0.4070003174047162,0.3963580754228928,-0.4039003470134856,-0.1367982917015648,0.06986422087254568,0.07138468811882917,0.0092378943714572,0.03706797102510603,0.9875180745574699,-0.0031240719237498197,-0.011452964677722992,0.00869064314949185
0.21519289058474722,0.4410799213182149,-0.3568888871280413,-0.11775534855121941,0.12768604804104902,0.092656573022829,0.014247520178022947,0.03501026792646806,0.9956911796478465,-0.0034809608108778613,-0.011237771787138244,0.009131723070810066
0.4973378898974703,0.42429489903280493,-0.3531365234220695,-0.1526457764579166,0.14734211702431949,0.08592444458548607,0.005637212310860386,0.029415863495227346,0.9970302857553744,-0.0038340973342999305,-0.010740433897240775,0.009556017969842871
0.31419013022283737,0.6000338933027254,-0.3325091634712386,-0.21724815414568463,0.16244479421035687,0.13757829494997592,0.0030898321458600808,0.034102242468230216,0.9965706629220388,-0.0041666064977711696,-0.010426243767017937,0.010156051863145596
0.49233049361192976,0.28964922478189187,-0.18051109020664663,-0.2389815656456341,0.14332759932822114,0.12021950115163979,0.005226624160320121,0.041514020528089016,0.9927320077420563,-0.004347117587977816,-0.009933913273406009,0.010445701087927488
0.5024117168550725,0.15467094059236047,-0.007909466339477034,-0.22796822141835052,0.1374918070465885,0.16443845528060158,0.005600940440942298,0.02997373019615489,1.0010621589842885,-0.004355027054317293,-0.009431501556550937,0.01060037202851985
0.6363251471038547,0.11479145618908895,-0.15531284605628476,-0.17046641630753917,0.02344898900852637,0.1871571546971615,0.002026989370258123,0.03184843082306408,0.9980378523206446,-0.004510339900373578,-0.00879517640944708,0.010715163484708938
0.6968424444661219,0.2725786001958763,-0.04388711474100281,-0.1855503798464638,0.1621669088970653,0.1174713683279418,0.005609867815208321,0.04240867112462475,0.9799144702126334,-0.004554227015114581,-0.00809833396498096,0.010987742084904814
0.46457310548743325,-0.1599343424895915,-0.025699705881201365,-0.19920115816919906,0.18728206874408507,0.17833581186931602,0.014499031751289497,0.03562358572488553,0.9995557134511363,-0.004579926720995782,-0.007633760859493526,0.010827807742415221
0.35171126709792544,0.057341263326449184,0.02338843003354993,-0.11076365440796182,0.08369856332699077,0.1004528939099853,-0.0026346045446393757,0.03499818529415082,0.9957165012141823,-0.0045565382909622315,-0.0072820495923956,0.010885149005741671
0.5850502213390337,0.13955869525365455,0.06314923219312585,-0.09755668317214783,0.07161160319245544,0.14131442600288655,-0.006237926001785591,0.03768371161449603,1.0008459594207362,-0.004493389058769106,-0.006696999371056566,0.011024707700995326
0.6588226788111138,-0.08628157079980653,0.3040355779467047,-0.14344954810929095,0.051253118881061044,0.09653644383405978,-0.0015897126032483264,0.0432062043953413,1.0030837008312654,-0.004189353480822402,-0.006038176692245452,0.010938426130195519
0.6240097780759853,-0.02514077382872129,0.17633002642839285,-0.10719486639416621,0.1166201748403104,0.045861246547344255,0.0014519991643439385,0.03240099362430702,0.9967670557859003,-0.004013023454394009,-0.005414166914169467,0.010913285356366799
0.9282309593387685,-0.44866270289217586,0.32186967911994735,-0.1273743677208376,0.02466150222378491,0.15429848767312396,0.00027220629271124206,0.046868142263361175,0.9925239236287786,-0.003691153775274061,-0.004485935954830699,0.010464622653474623
0.680580212289118,-0.1594216656581875,0.2613282614047575,-0.03540692408008318,0.055126903132182076,0.05775710405725331,0.002314947910732358,0.03743543740829529,1.0008632511836035,-0.003429825513869303,-0.003805355742541581,0.010305200987816435
0.6725634396553885,-0.3325997932402955,0.4778209385838704,-0.03725088809135014,-0.022082272577056677,0.06029811796191689,0.0013074586529972128,0.03668641774850014,1.0036796460678765,-0.002952004575285433,-0.0031327923028861924,0.00997260119457614
0.46971337063265406,-0.46900726027123013,0.460871527051783,0.05016663758393128,0.046482972434928105,0.06614580825648436,0.008844219020266412,0.04002129222407694,0.997900929477085,-0.0024911330482336497,-0.002663078932253539,0.009503593934304909
0.5305719478208593,-0.5227936217419626,0.43194734506723415,0.027950217749483024,-0.00965749058833179,0.15583234617465483,0.0019861372178939084,0.0259388840484375,0.9959562538667324,-0.0020591857031664156,-0.002132506984432679,0.008980800312562947
0.6155027152017716,-0.3389408210577952,0.43885678519218235,0.016673666773327503,0.0008851785432622073,0.13080163221669133,0.0010546222103342993,0.03811313176729153,1.0009062112715101,-0.0016203289179742332,-0.0015170042692309077,0.00864185949150515
0.5733906549591141,-0.6508241079889944,0.43895687690393415,0.0735731569652776,-0.06627964905841406,-0.030941222479107258,-0.0028346089823808804,0.037548613910939714,0.9918616556161047,-0.0011813720410702993,-0.0009436136142717934,0.007991035383516157
0.5189416026341576,-0.6846230543146659,0.3261875988843317,0.08045768581188828,-0.07918832059361487,-0.024170509331445482,0.012038174366862848,0.04563768764353336,0.9966005658892796,-0.0008551844421859676,-0.0004246720116376359,0.007306412329201491
0.6096126923251343,-0.4690940340091705,0.3979161049759937,0.07936110568882239,-0.09226623776116893,0.10290871523717325,0.013878480509889142,0.04792449886377986,0.9938369310321441,-0.00045726833720997385,0.00018494068068749837,0.0068373182951923205
0.37320726691989947,-0.6302999458672651,0.6045059912337767,0.1253874745418466,-0.12392956465730133,0.10404799897087548,0.00856969409589713,0.037253880039052174,0.9988709267394762,0.00014723765402380285,0.0005581479476073979,0.006207018349325055
0.4482486956607594,-0.6274742823562838,0.39066238825257,0.08933305728522886,-0.14493576504278163,0.01495313054716966,0.008050699942406828,0.03686276239315753,0.9949362852561726,0.0005379000422763728,0.0010063966432681572,0.005579544066968771
0.29577757593536547,-0.7950166070001881,0.26173338398457136,0.17057371455989911,-0.1801738779363026,-0.011950820883174154,0.010822786281437478,0.035322190627713225,0.995060691228506,0.0007996334262609442,0.001302174219203523,0.004784527459968583
0.6139592602162274,-0.7978348064378311,0.14518675934149622,0.18725748804330491,-0.11867408031256525,-0.031573105706094215,0.011716632477514255,0.03591382294502308,0.998718382128767,0.0009448201856024406,0.0019161334794197502,0.003986692653530752
0.19586988892442492,-0.5004046878434976,0.21485924478929277,0.23630854305353594,-0.14264014357143653,-0.04819071519896176,0.001988626816246877,0.03406658903119339,1.002747742671948,0.0011596794303917334,0.0021120033683441754,0.0034862879656872544
0.4436934780603767,-0.6325984618267982,0.10950323006358427,0.20451501005796377,-0.1901912098933193,-0.10279835676770968,0.006636646532151889,0.04092818396177904,0.9989902104556931,0.0012691826604553178,0.002555696846404552,0.0028536895038604564
0.15572147976943643,-0.6466031744487661,0.22833282243150455,0.15899248403632485,-0.15084035687448585,-0.016355582064222177,0.012891178539979856,0.04274810293926595,0.9998384574070427,0.0014975154828868222,0.0027114183261739886,0.0022070863294116907
0.06617217557898,-0.6468140674470026,0.007781561081090599,0.06948172727676392,-0.13031306134644802,-0.10148719262486036,0.005392296715240341,0.04188482869526779,1.0009414895943873,0.0015052970439679127,0.002777590501752969,0.0015602722619646877
0.08142135840936579,-0.5898863412844036,-0.04889015656655943,0.1596502674306137,-0.2389540277421358,-0.03361635981401358,0.009012823500415245,0.042178962808632495,0.9941227145087899,0.0014564068874013533,0.002859011860162335,0.000970385920680284
-0.08034841624635979,-0.609109948916579,0.08364805065822452,0.22296487990928993,-0.20604448192992653,-0.06379366485376811,0.014398562297371086,0.0380524849083056,0.9966385035501051,0.0015400549380595778,0.0027786634439159745,0.00036127597176370497
-0.10381941761544411,-0.43454263773291757,-0.13685786731588945,0.2601920141501858,-0.21242633417196555,-0.016792073926761436,0.020414561112942074,0.039348658007074044,0.9950177640433248,0.0014031970707436884,0.0026748440263005303,-7.326666596921261e-05
0.11514134564278919,-0.4855162746996995,-0.00032227932840760143,0.20398342122520882,-0.25511406920582047,-0.09603574689771957,0.01349430539498486,0.038970321393614775,0.9955585638160809,0.0014028747914152807,0.00278998537194332,-0.0005587829406689121
-0.050627750595497734,-0.3961996318656468,0.10453110610012223,0.15476930578264525,-0.2870221624328991,-0.12016352543864446,0.002339789046748587,0.02789644750524059,0.9936588078511169,0.001507405897515403,0.0027393576213478217,-0.0009549825725345589
-0.04374696146413365,-0.23636868653629245,-0.05588877806465239,0.19260826505309153,-0.11825321344945436,-0.10429502701910637,0.005318467731536667,0.033822855068858106,0.9946049042046629,0.0014515171194507505,0.0026956106598836883,-0.0011913512590708514
-0.22690334312686755,-0.06628935830008784,-0.0578619164112579,0.06108767942630428,-0.2108625202505714,-0.05438533035008255,0.014967143317025141,0.03218380767327901,0.993973020878802,0.0013936552030394925,0.002468707316756821,-0.001257640617370939
-0.14317440365455103,-0.010431299540485384,-0.09820305462556861,0.15787981684242414,-0.22055316848709122,-0.05375549088236268,0.005283578902611213,0.03445231337011334,0.9916622020683302,0.001295452148413924,0.0023255329131022695,-0.0012680719169114246
-0.23404800128687298,-0.12939061192079215,-0.38340768283832155,0.16778946353299615,-0.20069429912793993,-0.09666974723546785,0.013484580144476281,0.034135273246335494,0.9829791674445021,0.0009120444655756025,0.0020914849118153964,-0.0013974625288322169
-0.3521859032030755,-0.00694296848132055,-0.43225567729877157,0.0887386761010421,-0.09756902304112458,-0.054170948394446174,0.01785023965187421,0.03789239142157237,0.9953912934775415,0.00047978878827683084,0.001739299008612321,-0.0014044054973135372
0.023646457920531105,-0.08384003242787309,-0.17214333441206103,0.15062725905286348,-0.20578356600257428,-0.01704894782445668,0.014692647526813605,0.0325351416219639,1.0029462283531316,0.0003076454538647698,0.0017629454665328522,-0.0014882455297414105
-0.4721482479418836,0.2320397764690533,-0.15563564704101696,0.15156300441425774,-0.18115186962102128,0.021425114402558607,0.01842906459990381,0.023114329795784896,0.9977316724403248,0.00015200980682375282,0.0012907972185909685,-0.001256205753272357
-0.3381039778182856,0.31722666772147773,-0.18039903595298237,0.0943206371640272,-0.16617066358722726,-0.0007958850844020735,0.0038798351576540147,0.03611195080770278,0.9943203213200473,-2.8389229129229562e-05,0.0009526932407726828,-0.0009389790855508793
-0.30356034671366516,0.3118216121016703,-0.19430518659571266,0.06630206554987525,-0.10360435710800113,0.042609091651894526,-1.2719508222860942e-05,0.03309104097191049,0.9883851163202494,-0.00022269441572494222,0.0006491328940590176,-0.0006271574734492089
-0.3398941994207889,0.5087846637191943,-0.28738593530086354,-0.12649845654513195,-0.12284889924836882,0.023723972278965222,0.005862240279696172,0.036647165761088986,0.9906167066602187,-0.0005100803510258057,0.00030923869463822876,-0.00011837280973001463
-0.4242373627656139,0.3769973661485187,-0.1612964178438921,0.0242787638080197,-0.18580921444042833,0.0345391675838077,0.009926350882445902,0.028312200158869462,0.9857958814571149,-0.000671376768869698,-0.00011499866812738518,0.0002586245564185041
-0.44679312586736686,0.5047045651666142,-0.091608350268651,0.03538831851793715,-0.17521625767734839,0.06499123180860933,0.0054458782468826865,0.0363115940438025,0.9968743185862112,-0.0007629851191383489,-0.0005617917939947521,0.0007633291215851184
-0.3416060769980874,0.4245627041716143,-0.20989938730691476,-0.03159117459600033,-0.028070831295218344,-0.001716020783933023,0.006224250780417119,0.029723835365390312,0.9908104512123829,-0.0009728845064452636,-0.0009033978709928396,0.0011878918257567327
-0.4470601370494785,0.5738835006340715,-0.21624737398760382,-0.006279714031495711,-0.04161731114692154,0.1454477087476344,0.009511768797821035,0.02550540825285516,1.0003407727677467,-0.0011891318804328676,-0.0013504580080423182,0.0017617753263908043
-0.24063415659882798,0.574147987899541,-0.24314619123239778,-0.05239105195583753,-0.045337051714334775,0.07162004205573144,0.008018875476082852,0.03205124140349979,0.9830725243958576,-0.0014322780716652652,-0.001591092164641146,0.0023359233142903452
-0.3214633300312122,0.7143136547161238,-0.20543983752907513,-0.07092116103634705,-0.04331947933599216,0.07058673544584661,0.014613252427390774,0.02492187491671556,0.9919467160604593,-0.0016377179091943404,-0.0019125554946723582,0.003050236969006469
-0.34550297058182633,0.632672097240735,-0.07916970403236925,-0.06376435708577585,0.09366176875314375,0.09085718702772959,0.010622585699714847,0.030206316199623624,0.9995556736065839,-0.0017168876132267097,-0.002258058465254185,0.0036829090662472037
-0.29312321145459785,0.8073573679126402,0.01892076578772336,-0.1046964952895046,0.04798427056566464,0.13458568061127693,0.007691266359912812,0.0339727933071926,0.987978327723563,-0.0016979668474389866,-0.0025511816767087823,0.004490266434159844
-0.2257655159608946,0.5113613635416641,0.18088776977373539,-0.13948446176175272,0.08320197306454656,0.10419015161453123,0.01553370246550426,0.02647023775357365,0.9878664220633241,-0.0015170790776652511,-0.002776947192669677,0.005001627797701509
-0.11542532689613103,0.741209910690673,0.008743633675135296,-0.12324807468576032,0.11800196203603856,0.11472465098360114,0.025156202436916054,0.03472704791609042,0.9914134311095191,-0.001508335443990116,-0.002892372519565808,0.0057428377083921815
-0.17969439950765287,0.38413696491429933,-0.022011940918262418,-0.13234473611715236,0.12120514779656114,0.0890195073610559,0.013274748363704469,0.026199290942348907,0.9885913141273548,-0.0015303473849083782,-0.003072066919073461,0.00612697467330648
-0.1669724877862243,0.6372653203162911,0.16068180883911423,-0.10178965761803926,0.10145254494152345,0.033725324074370906,0.008397679568583031,0.02814146496187405,0.992109595935271,-0.001369665576069264,-0.0032390394068596857,0.006764239993622772
-0.058518889174151614,0.7431654616270651,0.10474332927378269,-0.15944707460023028,0.1307678553137457,-0.03867232835958346,0.0028758871825896298,0.02749808307248304,0.9827979801229187,-0.0012649222467954813,-0.003297558296033837,0.007507405455249837
-0.2635234136905235,0.5741825617791664,0.31135807113630287,-0.065081309261801,0.18578894982342148,0.10969464047169548,0.009910582393403656,0.035768221918418185,0.999956410856553,-0.0009535641756591783,-0.00356108170972436,0.008081588017029002
-0.1342371312423386,0.6696258413381502,0.2773777978324807,-0.09885189456919244,0.21190517428332756,0.11055203108547162,0.005401688796545602,0.03357720013799516,0.9979341729107298,-0.0006761863778266977,-0.0036953188409666986,0.008751213858367152
-0.0549911122346482,0.3926481071449388,0.2756657550840508,-0.05350035334518338,0.23306055304936066,0.0026645508999812214,0.013990054443276062,0.030053557089688883,0.9911535935792023,-0.0004005206227426469,-0.0037503099532013467,0.009143861965512092
-0.09044375800707795,0.46152766215777974,0.08050660551745537,-0.11090531730725144,0.16120476587456012,-0.012457400689503339,0.019960838274609812,0.021522161818366668,0.9845971151178,-0.0003200140172251915,-0.0038407537112084243,0.009605389627669872
0.11472137623907278,0.30070987853730274,0.16485762048379865,-0.14955545912094845,0.21491955171155877,-0.016704502107385763,0.007374053939415013,0.0318496707357605,0.989294534604157,-0.00015515639674139287,-0.0037260323349693515,0.009906099506207175
0.08123852673153605,0.47805020966556266,0.3297171175274749,-0.13416874453065308,0.1779581436484933,-0.004579969944091046,0.008855225092661928,0.026078921259015637,0.9973874621450491,0.00017456072078608203,-0.003644793808237816,0.010384149715872737
-0.000534384071195465,0.17379061097600967,0.19242917515208693,-0.0953676583282951,0.21418611517330244,-0.03106839154188394,0.015460308900141913,0.025618076837577365,0.9975214539341081,0.000366989895938169,-0.003645328192309011,0.010557940326848746
0.024773809582652156,0.09535333394138344,-0.027372144720518604,-0.1001191994316083,0.2112954340400954,0.0024499998698005333,0.008326852186230688,0.034917786201044305,0.9904249531743134,0.0003396177512176504,-0.003620554382726359,0.01065329366079013
0.1876474430018219,0.26200698299194575,0.35518624698797086,-0.10830962504625773,0.2233972164498731,-0.009179383882581089,0.0033118424784321365,0.027414247016037244,0.9957851751628547,0.0006948039982056213,-0.003432906939724537,0.010915300643782076
0.2898771479545029,-0.06495911680604906,0.1254788200106953,-0.013968968206932846,0.2640979239521286,-0.027769036178129605,0.018121182238921455,0.031898452385327195,0.9857979848803706,0.0008202828182163166,-0.0031430297917700335,0.010850341526976027
0.26188444889424406,-0.08535044779683962,0.16065385292627987,0.008630644321264837,0.18091057033987382,-0.06674356671653307,0.005266766085255137,0.026891031486925548,0.9929533023716508,0.0009809366711425965,-0.0028811453428757897,0.010764991079179186
0.5499252112872148,-0.005116337550318643,0.13782558360825542,-0.0007026947295357393,0.3019754937647906,-0.09681540078611141,0.011892119241431564,0.03578351951499236,0.9868883400748331,0.0011187622547508518,-0.002331220131588575,0.010759874741628867
0.28607779797762056,-0.09874703314505232,0.0445921094293324,0.08843362965817235,0.26239485839852555,-0.13453008231359598,0.011741165235704145,0.033885525008029674,0.9950929381019538,0.0011633543641801842,-0.002045142333610954,0.010661127708483814
0.2674271986908067,-0.2508574184284815,0.14089671034401877,0.039600819511274254,0.12415149125685222,-0.1050328657418401,0.010374776405469764,0.03614076958684602,0.9910224792890863,0.0013042510745242032,-0.0017777151349201476,0.010410270290055333
0.4817665903263856,-0.2416720592620854,-0.04077512713465625,0.04095553229160369,0.19936418659742822,-0.060909514787264314,0.01564000547579286,0.03692591982215931,0.9918254987014532,0.001263475947389547,-0.001295948544593762,0.010168598230793247
0.39467624871179724,-0.09108766393314399,-0.0997048001246369,0.05650358033064477,0.12018438598654689,-0.17122243472372348,0.005067342620629539,0.023419534983689115,0.9930362202720779,0.0011637711472649102,-0.0009012722958819646,0.010077510566860104
0.5101732166247239,-0.42209929196045193,0.14449014706701319,0.11655996005233811,0.17378913212147631,-0.10885274627820817,0.014570746298483213,0.04063552010753732,0.9841028097466232,0.0013082612943319234,-0.0003910990792572407,0.00965541127489965
0.5260923724819468,-0.35167644946660753,-0.32033996328725645,0.033128437137332906,0.07785865754277191,-0.1592497974785495,0.008610235436980602,0.018283418333965712,0.9931285880889851,0.000987921331044667,0.00013499329322470623,0.009303734825433044
0.34430810183562266,-0.41002114040243903,-0.17607352687755254,0.022102893289783054,0.17728172560329905,-0.17443839810125267,0.013227468676824413,0.027548917946287676,0.9987069932569533,0.0008118478041671145,0.00047930139506032886,0.008893713685030604
0.3177329179222602,-0.2969392355482163,-0.19200734149454537,0.122621238739337,0.16156337099518803,-0.07490040793387273,0.008932816511609754,0.028163830305544153,0.9934844654715626,0.0006198404626725691,0.0007970343129825891,0.008596774449482389
0.4483206624684359,-0.5417961860969494,-0.20353984829501506,0.1291564603022589,0.0676315770617876,-0.06362627495091776,0.013736931717395193,0.021502967058188,0.9982468869690985,0.0004163006143775541,0.001245354975451025,0.008054978263385441
0.2784713114929511,-0.49092809440956037,-0.09639187850065559,0.1508690745455964,0.07755215452217794,-0.09544685710932493,0.01740637198008383,0.02754704034928915,0.9909518028920893,0.0003199087358768985,0.0015238262869439762,0.007564050168975879
0.2990970752156575,-0.4543801301182988,-0.31083330883602256,0.12564802372190376,-0.006953732029187277,-0.16849082101565532,0.012520473675370966,0.03470295476950254,0.9941485501575307,9.075427040875938e-06,0.0018229233621596336,0.0071096700388575814
0.1289527660688081,-0.48268913732874014,-0.4612106043350244,0.20639046099505748,0.00597910357734072,-0.07259849914998867,0.011832981360839294,0.03046546850945589,0.9946803463384245,-0.00045213517729414854,0.0019518761282284417,0.006626980901528841
0.2911088149364714,-0.3518675990155871,-0.3373998263633644,0.16253676304186288,0.004377671517277646,-0.07029856724017612,0.009541325714254555,0.02166032485067336,0.9960040722333385,-0.0007895350036575129,0.0022429849431649133,0.006275113302513254
0.432995500751181,-0.3023504894425783,-0.37822451619920516,0.017970783586827115,-0.07787173060399416,-0.005627969570405284,0.014116569161451063,0.02791973436757421,0.9974839689115456,-0.001167759519856718,0.0026759804439160945,0.005972762813070675
0.2534392957962555,-0.3028660666248041,-0.2548862494979394,0.05367949995054602,0.04789468168474497,-0.10987886884385074,0.018672234138606497,0.034041295887389696,0.9857903754029861,-0.0014226457693546574,0.00292941973971235,0.005669896746445871
0.045810048038460505,-0.49554516957164246,-0.30070117849033035,0.023179181710405117,-0.03692465957221104,-0.05786107194434328,0.01341125014791291,0.025292058008533694,0.9888288455529745,-0.001723346947844988,0.0029752297877508106,0.005174351576874229
0.3942794476341871,-0.3080287195668702,-0.3852931663946307,0.10061125736443399,-0.003532588314084016,-0.10252807679371927,0.02086520121636114,0.027205142159096016,0.9951104936062095,-0.002108640114239619,0.0033695092353849977,0.004866322857307358
0.0740477362201329,-0.2555257150877397,-0.39637004338988274,0.09366339517299144,-0.08302760247805088,-0.1345881951189885,0.012692185838903188,0.03131283606385955,0.9944598819803785,-0.0025050101576295017,0.003443556971605131,0.004610797142219618
0.10442301300457961,-0.3010979723306704,-0.2841961491220579,0.14826428352333734,-0.12029658766413033,-0.11734242137742805,0.023661320918514632,0.03276333868642522,0.9924344207281333,-0.0027892063067515593,0.0035479799846097103,0.004309699169888948
0.09049183639834088,-0.22369350518537567,-0.26958035791071994,0.02282748249733172,-0.09686983733709167,-0.01738864662901484,0.004371984609628388,0.03200222640772214,1.0055954824964446,-0.0030587866646622796,0.0036384718210080514,0.004086005664703573
0.10026149832348329,0.1035677927628661,-0.4296575725910042,-0.0008967491179924071,-0.06938213464201881,-0.038103704419272,0.011531699450753195,0.02683877755924088,0.9929262186624548,-0.0034884442372532833,0.0037387333193315345,0.004189573457466438
0.012902975369063797,0.05744756122549654,-0.3727263835193779,0.03320509247198884,-0.1517705729155361,0.03415418582425963,0.01022426023441057,0.020163289843114995,0.9938469717986538,-0.0038611706207726613,0.003751636294700598,0.004247021018691934
-0.09799046104975612,-0.09734069435365969,-0.13615273705609157,-0.043114060244858816,-0.11711745109045302,0.055188270091843496,0.013942239853352566,0.02966245935235431,0.9855768072086408,-0.003997323357828753,0.003653645833650842,0.004149680324338274
-0.13270118542584255,0.1491060568041158,-0.24089038999391577,-0.02734310846029512,-0.1606610903880357,0.04202127670972748,0.017493720722247887,0.020627141312089346,0.9969897453571849,-0.004238213747822669,0.0035209446482249995,0.00429878638114239
-0.25154201384283853,0.1940148667357672,-0.23515906094408381,0.00615033428983398,-0.23372215345438518,-0.013935885380775595,0.027517974665663872,0.027360317764220342,0.9926762690464611,-0.004473372808766753,0.003269402634382161,0.0044928012478781575
-0.3343114116273713,0.1027899483061676,-0.009021984017879639,-0.02001808676865158,-0.1554471518092455,0.02531074951509788,0.0152642967280196,0.0236842561792463,0.9924698462374006,-0.004482394792784632,0.00293509122275479,0.004595591196184324
-0.3048495293365552,0.2814641130119713,-0.1166086319777434,-0.026418780630194358,-0.13304166426457786,0.09316000277209611,0.019110706768193618,0.02680405575352375,1.0015895589771482,-0.004599003424762375,0.002630241693418235,0.004877055309196296
-0.15811164185083004,0.22557007319300781,0.03013542230305301,-0.151953980077994,-0.13644544006643872,0.10937952484224127,0.010868235915624056,0.033810160932700895,0.9911931836546978,-0.004568868002459322,0.0024721300515674048,0.005102625382389304
-0.47207236071234726,0.12367768290179049,0.1845923832931152,-0.0862129342907079,-0.14523209029852127,0.12039150925900988,0.013480147173087806,0.028847127672438636,0.9975555344873371,-0.004384275619166207,0.002000057690855057,0.0052263030652910936
-0.5403326703207001,0.2988098123573924,0.034912852582107745,-0.1279866510318898,-0.12226753595300177,0.15254253741375887,0.01851383807861697,0.03275003084757313,0.9974239198156662,-0.0043493627665841,0.0014597250205343572,0.0055251128776484856
-0.4238304447556848,0.26059281815448343,0.25335552623971097,-0.03766292747804922,-0.14786433659008255,0.11000649416308697,0.007617831141947318,0.02340503304682697,0.9908896440437145,-0.004096007240344388,0.0010358945757786722,0.005785705695802969
-0.3724583860700337,0.33003225261385494,0.3228228475744321,-0.12618513259163322,-0.08722998805723539,0.1358946366231186,0.009563861837841732,0.028563299645777987,0.9846156828626937,-0.0037731843927699565,0.0006634361897086386,0.006115737948416825
-0.5808493025724335,0.460746419668277,0.17046635911118702,-0.17081666554690217,-0.11898348874189489,0.15540632368999402,0.015760909494323978,0.021465037929513958,0.9885494910248365,-0.0036027180336587698,8.258688713620499e-05,0.006576484368085102
-0.6411757703822415,0.46788876905669474,0.4640451163977002,-0.13557509842806292,-0.05005867403732568,0.1758621046585718,0.014624333216951493,0.025581624209942734,0.9972104004910151,-0.0031386729172610695,-0.0005585888832460366,0.007044373137141797
-0.5277835574500478,0.4544350665307263,0.2526184573560332,-0.16425910113584824,-0.13620024137410744,0.13189344882709372,0.016610270680980404,0.02910118683354944,0.9896566184533149,-0.0028860544599050367,-0.0010863724406960844,0.007498808203672523
-0.569589174439118,0.43957079937276244,0.38551330708253245,-0.16262192323279365,-0.05584040258688139,0.1286949585199658,0.0071904267724385035,0.016650939700740892,0.9852991248890623,-0.0025005411528225044,-0.0016559616151352024,0.007938379003045287
-0.4468188011753511,0.28311487816073183,0.25780863700397205,-0.17790182287532788,-0.022809632738954932,0.14133095737106482,0.013977237584397449,0.02554712538334717,0.9921969454096103,-0.0022427325158185323,-0.0021027804163105536,0.008221493881206018
-0.4917140188514493,0.28934040070847455,0.28958604232118396,-0.21949176812282595,0.026714088042684273,0.12449683241212892,0.014481147460638452,0.028600105966003632,0.9860465626450747,-0.001953146473497348,-0.002594494435162003,0.008510834281914492
-0.7551039265507772,0.4628032510173212,0.5244315260499629,-0.21909453670377177,-0.037700404001638904,0.10345415428293289,0.01680043390557116,0.02365036731134562,0.9866900180228392,-0.0014287149474473855,-0.0033495983617127796,0.008973637532931813
-0.7341959161830947,0.49160969396658327,0.5465144975541785,-0.16689508684669482,0.05492611786455424,0.07902454876489028,0.02014928918297111,0.029870772635866995,0.9862414509443138,-0.0008822004498932068,-0.004083794277895875,0.009465247226898395
-0.9143713844628746,0.26475151086419024,0.45421808765804766,-0.22075212816934975,0.037777731271118505,0.020840040353995982,0.016215836958675695,0.025121215225580997,0.996131483782264,-0.00042798236223515917,-0.00499816566235875,0.009729998737762586
-0.5988456498686059,0.24929887644055115,0.28853421137501023,-0.17663189826362422,0.11146943054018617,0.11162361735906186,0.010575645980491936,0.018406669963963826,0.9974541164783776,-0.00013944815086014891,-0.005597011312227356,0.009979297614203138
-0.6868041933432174,0.3858164776466222,0.2077665089750828,-0.15139495959146176,-0.01733271790405885,0.09694732029559584,0.01775856019689602,0.026871326178235153,0.9842989350645759,6.831835811493393e-05,-0.006283815505570573,0.01036511409184976
-0.386027276536993,0.0650889421156752,0.09809442202674717,-0.18715676327720365,0.07387148015762288,0.07566096707221916,0.007453454477886421,0.025504161201464415,0.9920801092976942,0.0001664127801416811,-0.006669842782107566,0.010430203033965435
-0.6223335906171542,0.06614492954547241,0.27377010338059726,-0.12666740881541702,0.07513780824785167,0.06945312516076653,0.01677383043281839,0.024214321642419427,0.9935175985860046,0.00044018288352227835,-0.00729217637272472,0.01049634796351091
-0.5794351160069054,-0.08246649651384802,0.03400551843104477,-0.1290212030531384,0.09658767014249155,0.030446401515319584,0.01877090196027015,0.024610975345735978,0.9874439919376907,0.0004741884019533231,-0.007871611488731625,0.01041388146699706
-0.588111751669305,-0.29838729150894844,0.13981663070834363,-0.12932143595245363,0.13973828073794295,0.10893226353623832,0.016111968802133288,0.02838738959938691,0.986818217832174,0.0006140050326616667,-0.008459723240400929,0.010115494175488113
-0.47236423244174947,-0.20590647920495964,0.18637272059706872,-0.05787598646852158,0.17310161635917642,0.051592318970953045,0.01977271126116416,0.024479012010826365,0.9989993795410843,0.0008003777532587355,-0.00893208747284268,0.009909587696283154
-0.30425641971272593,-0.17144215489334322,-0.005189302034462648,-0.12852891211042658,0.13351869968402041,0.08654612062965626,0.00996261292058552,0.027403561212235136,0.9844090660280549,0.0007951884512242728,-0.009236343892555406,0.00973814554138981
-0.6208864328948325,-0.4386096904216431,0.03987936166523875,-0.10710895411922061,0.05312755645141323,-0.04266199059854079,0.027977241956677938,0.031627501921905166,0.9936651677973205,0.0008350678128895116,-0.00985723032545024,0.009299535850968167
-0.24259938077211385,-0.28640621944659317,-0.042294008264552,-0.02578308135187274,0.11326443783898621,-0.026750124865755003,0.012094441375166305,0.02771207480890503,0.9928132596711624,0.0007927738046249596,-0.010099829706222354,0.009013129631521571
-0.5141074046728709,-0.5322286649496992,0.015221011893730867,-0.055622480330518566,0.27539790923098584,-0.03707211596542993,0.003748345770698774,0.023950667155843274,1.0024899026855973,0.0008079948165186905,-0.010613937110895224,0.008480900966571874
-0.2917245716775382,-0.5188737594362807,-0.07449251154577799,0.07567812584105531,0.091616965016719,0.021587023689337834,0.010445429653155262,0.023524411414422394,0.9961110941579733,0.0007335023049729125,-0.010905661682572761,0.007962027207135593
-0.3214635344983042,-0.5271797334193896,-0.18055156480367934,0.02527617721683032,0.1418957462301315,-0.14456993327138812,0.03158189369222327,0.022173535973958245,0.9825353178413747,0.0005529507401692331,-0.011227125217071067,0.007434847473716204
-0.2624667740227245,-0.6493932913660014,-0.2838767077919263,-0.00043270144091824643,0.1638684112860102,-0.030358406637027262,0.02243326230504138,0.023738840619463703,0.9841818453911152,0.00026907403237730673,-0.01148959199109379,0.0067854541823502024
-0.24435035555389334,-0.59142966206486,0.03157177447839027,0.0765062651852929,0.17132458309497348,-0.05326604515018308,0.010711500799574766,0.023880085366690233,0.9867971731393362,0.00030064580685569705,-0.011733942346647685,0.006194024520285343
-0.004514026781899029,-0.6405629370862215,-0.25979222605066626,0.18407690959497067,0.09273968049922747,-0.016869501542955814,0.022986693870553326,0.019671378421123327,0.9905900554170213,4.085358080503077e-05,-0.011738456373429584,0.005553461583199122
-0.03542851235289251,-0.6486633498734461,-0.30366931668437813,0.08320325885394447,0.17647411292074786,-0.09090165446372521,0.023572222519041595,0.020454644686539257,0.9814102076093789,-0.0002628157358793474,-0.011773884885782477,0.004904798233325677
0.12222388796319814,-0.5230722732766472,-0.09997876995455202,0.1124964570153249,0.15631830654956053,-0.14411341889858897,0.009981905175000229,0.01837848237163605,0.9918261844508102,-0.0003627945058338994,-0.011651660997819278,0.0043817259600490285
0.19056589100381588,-0.7718605013007233,-0.24432899435718253,0.18109864544754026,0.10926051153612967,0.02060979389768402,0.023407392720727976,0.026321548530381118,0.9913058398994131,-0.000607123500191082,-0.011461095106815462,0.0036098654587483053
0.14815054049930912,-0.6411978854042736,-0.13159834620295963,0.2330898518788154,0.03496657147117181,-0.0621825895974553,0.015307502578665066,0.023608406272045038,0.9877538352687518,-0.0007387218463940416,-0.011312944566316154,0.0029686675733440315
0.2976348537690116,-0.7630300251084929,-0.22519694595530154,0.1366371113228596,0.036165429296390245,-0.014274366282894269,0.020920446779326713,0.022173100468075586,0.9957008620440082,-0.0009639187923493432,-0.011015309712547142,0.002205637548235538
0.2885484035046368,-0.6709805378593654,-0.1888371925675664,0.15681849491363614,0.015478603985311442,-0.06534684933044278,0.02229336677703165,0.018826449575374733,0.9927307921861788,-0.0011527559849169096,-0.010726761309042506,0.0015346570103761728
0.2802247497628362,-0.5512984313030213,-0.14895293238288315,0.12830466635114485,0.01727173188635956,0.00675582576053224,0.02224167925149493,0.02497502770850147,0.9957002216479043,-0.0013017089172997927,-0.01044653655927967,0.0009833585790731516
0.47089190011151255,-0.5189544237950364,-0.18315720023900814,0.20183775201927273,0.07216908907631411,-0.0015119613491626927,0.01660744563396558,0.018566440459724526,1.0027722514092983,-0.0014848661175388008,-0.009975644659168158,0.0004644041552781151
0.5720269862527414,-0.6321740708397457,-0.2581990648016037,0.2159598612927098,0.00475165730936565,0.027718564965985105,0.013557858527701274,0.018137473830447726,0.9850762720298043,-0.0017430651823404045,-0.009403617672915417,-0.00016776991556163067
0.5893251951978993,-0.4458609675604273,-0.17234889475145768,0.24562667439551727,0.0004282495171725021,-0.03226850042938518,0.020356796980064134,0.025112563907229376,0.9921438966055955,-0.0019154140770918622,-0.008814292477717518,-0.0006136308831220581
0.31921349969199797,-0.45944706149208386,-0.3183580390560124,0.22116774615126478,-0.03979111513669588,0.05381001440679067,0.021892468629006276,0.019290280179017166,0.9866039858370731,-0.0022337721161478745,-0.00849507897802552,-0.0010730779446141419
0.5341227765598784,-0.41904208981347846,0.007847122124578443,0.20159766767984189,0.0023600608174398257,0.02739626934284943,0.02017707160582333,0.022470709647598185,0.9929899869521157,-0.002225924994023296,-0.007960956201465641,-0.0014921200344276203
0.6905207154496488,-0.34040734741632195,-0.10338445042394176,0.2012466565766618,-0.15576571948029697,-0.06716765985966484,0.017586550207948217,0.018308887598367803,0.9873509070391592,-0.002329309444447238,-0.007270435486015992,-0.0018325273818439421
0.4521874803239643,-0.30424484309019806,-0.11891087748279938,0.2069236483302792,-0.27407312082435864,0.08659299927280471,0.021318066419724575,0.019591071239544556,0.9874745751025369,-0.0024482203219300374,-0.006818248005692028,-0.0021367722249341406
0.5883917935646477,-0.32080814406109137,0.11030339224935007,0.11533761443581238,-0.12457059258838024,0.061704458520120374,0.009858960145982889,0.020405653352789058,0.9839839125917261,-0.0023379169296806877,-0.0062298562121273805,-0.002457580368995232
0.5348562430013297,-0.17113422321409677,0.07680359077008472,0.16663978685464384,-0.1407139862135042,0.03224259735769736,0.02172276759546671,0.025631725571001344,0.9917690889493613,-0.0022611133389106026,-0.005694999969126051,-0.002628714592209329
0.6499127007608264,0.06726659595840488,0.22822859578758983,0.0654524517638264,-0.15825870848492463,0.04892803190298507,0.0170941162329568,0.022152640095305348,0.9976571545020954,-0.0020328847431230128,-0.005045087268365224,-0.002561447996250924
0.9291360248039695,-0.06815319811862657,-0.0792753694330208,0.17521351710451663,-0.20235442007546836,0.01787270062159739,0.023728856758016014,0.022551267887627315,0.9838440015158442,-0.0021121601125560336,-0.004115951243561255,-0.0026296011943695505
0.6257368400631169,0.40821288810361045,0.12958429550664863,0.18744246831751002,-0.2435861146304982,0.07709376903264807,0.019026344858028843,0.022367720175982275,0.9787964108031114,-0.0019825758170493846,-0.0034902144034981383,-0.00222138830626594
0.604355809095606,0.07149902779363458,0.1270242197787786,0.06155701728130286,-0.20161838317211253,0.10137618673830366,0.021287212920853317,0.02485579242536803,0.9923355995466042,-0.001855551597270606,-0.0028858585944025322,-0.0021498892784723054
0.8423333994297107,0.31378293201317825,0.2869875547264096,0.08291722521240459,-0.22356798901621985,0.08627184966568477,0.02124418560065569,0.027732159084476148,0.9952889785227585,-0.0015685640425441964,-0.0020435251949728213,-0.001836106346459127
0.6183046855349954,0.14388012842200826,0.23779902249365806,0.08565777262870199,-0.2047451452411179,0.09473424300825913,0.01651311151849747,0.022123311910679944,1.0016866700659481,-0.0013307650200505385,-0.001425220509437826,-0.0016922262180371188
0.514146578616709,0.40565399179306,0.39318905913742763,0.09973895995265968,-0.19055413462589982,0.06142874420138971,0.014672254152754862,0.01468849354415917,0.9880857689325603,-0.0009375759609131108,-0.0009110739308211169,-0.0012865722262440588
0.38532581326904314,0.2535969643640491,0.40348892356980615,0.004385258552884268,-0.1731200339595609,0.044660094311786226,0.02315288857408502,0.020523712337502893,0.987994059922011,-0.0005340870373433045,-0.0005257481175520738,-0.0010329752618800099
0.6416142878155584,0.575384427195212,0.2944652462653392,-0.04033877168033022,-0.19088493800163217,0.08605692082590531,0.020144290549472102,0.02546526866835141,0.9915932849359114,-0.00023962179107796537,0.00011586617026348467,-0.0004575908346847977
0.3756107942791879,0.5383090727439032,0.24234099548490692,-0.005735570218230554,-0.22888715852372138,0.09307094382221805,0.019950473286930333,0.012366065796450158,0.9841458756450228,2.7192044069415943e-06,0.0004914769645426726,8.071823805910549e-05
0.44396409479221305,0.68304597737756,0.05270693647346977,0.01527378985219682,-0.20502695856784353,0.058216606853738986,0.023226939611396193,0.026864092624757252,0.9848465315351155,5.5426140880411375e-05,0.0009354410593348857,0.0007637642154366656
0.471825046405245,0.49344908147038985,0.23644102379219092,-0.056684590836367024,-0.27377570664260215,0.09176278794023598,0.0217580818353223,0.021920334255934825,0.9928996268747271,0.00029186716467260234,0.0014072661057401307,0.0012572132969070554
0.45310207243333006,0.668746270810601,0.36968119947778927,-0.014053428088498443,-0.2520465217072671,0.10171562368682187,0.025506187405396525,0.019785004024158507,0.9814602252965634,0.0006615483641503917,0.0018603681781734608,0.0019259595677176564
0.17499508144859835,0.7338818272394791,0.2544858701643687,-0.04242174914084973,-0.12865986726327494,0.09771590673293472,0.016998408001441354,0.01658440021663767,0.9831822863093416,0.0009160342343147603,0.0020353632596220596,0.002659841394957136
0.1890273225974067,0.7469735559841703,0.028133895008048186,-0.06604458907393344,-0.1477581341013497,0.021817308917840755,0.021466868779679935,0.015190921194983208,0.9807697549606881,0.0009441681293228085,0.0022243905822194663,0.003406814950941306
0.27775724470293967,0.5980238142023846,0.01760385105631559,-0.10986410782504563,-0.247736200117126,-0.042128773256766644,0.02551653747235035,0.022747332258839667,0.9844455100364407,0.0009617719803791241,0.0025021478269224057,0.004004838765143691
0.04391376400870481,0.7026468031886139,0.19169205058755454,-0.12682714524947175,-0.1987010503540055,0.04014918474560133,0.015788335087764005,0.010991231831881883,0.9862764732590137,0.0011534640309666785,0.00254606159093111,0.004707485568332305
0.23090502090825482,0.6236879525117441,-0.15216808362813594,-0.04372842874425404,-0.06772716271720972,-0.004811340596799201,0.014086582876283569,0.028309222982055866,0.9866269711395687,0.0010012959473385426,0.002776966611839365,0.005331173520844049
-0.025496651411544446,0.678552767846347,-0.05109183812894168,-0.16337038242890836,-0.16786749684042393,-0.0037781314231647867,0.01847222754159704,0.021702375319168042,0.9867496621649614,0.000950204109209601,0.00275146996042782,0.006009726288690396
0.034182113302017,0.4586473052944491,-0.18971161893022037,-0.1017844924407894,-0.1972494244756451,-0.03974295721539945,0.01918260610712598,0.019636065204558184,0.991609862676314,0.0007604924902793806,0.0027856520737298373,0.006468373593984846
-0.03522417971677772,0.7512658913837229,-0.2120024209312604,-0.10366946047577792,-0.1168682546284667,0.04239901387749829,0.020178787373498392,0.01868215122356146,0.9868795603704497,0.00054849006934812,0.0027504278940130595,0.007219639485368568
0.053139669688284846,0.4950383629721754,-0.16206294993513004,-0.10472556060349468,-0.09451688773424442,-0.06275622964824291,0.023030442676829924,0.01315776905365897,0.9836248369689513,0.0003864271194129901,0.002803567563701344,0.007714677848340743
-0.12770630627434343,0.5617386139369763,-0.18065778288039608,-0.1636556738150928,0.0010399361699363987,0.027861621259362444,0.021772867685382218,0.01743602357649277,0.9816685624319597,0.00020576933653259396,0.0026758612574270006,0.00827641646227772
-0.042969071235490305,0.33966295266782853,-0.3259492906760875,-0.10408118106916756,0.010995595183064168,-0.03303005318035559,0.03221728406812176,0.008929697681452093,0.9856578743627049,-0.00012017995414349359,0.0026328921861915105,0.008616079414945547
-0.03808420512193371,0.23170339895201406,-0.2161621249662442,-0.12231754168926487,-0.026043908400316174,-0.031539050029899554,0.02557710587458248,0.010743357817308143,0.9970680184493071,-0.0003363420791097378,0.002594807981069577,0.008847782813897562
-0.19949289854650373,0.4132864312833213,-0.25603617332556927,-0.045631498294453995,0.015685603333073856,-0.09443015981386414,0.016191306252778866,0.007903816221117953,0.9886819963693272,-0.0005923782524353071,0.0023953150825230733,0.009261069245180883
-0.20528924534200543,0.34831876963725084,-0.2718567258127882,-0.06392334367453553,0.05447228692258329,-0.13441690842089343,0.02373816779266701,0.016049095214292798,0.9958478058282636,-0.0008642349782480952,0.0021900258371810675,0.009609388014818135
-0.33472737723043894,0.30462507244447523,-0.3439598295425559,0.004876139331317849,0.0962003803852149,-0.0724029582232448,0.01910826569578529,0.013255328898523058,0.9768502972579041,-0.001208194807790651,0.0018552984599506288,0.00991401308726261
-0.4058644170608342,0.1878508198374116,-0.21941467995854458,0.017206742020229697,0.06841332032260664,-0.0938801860752806,0.022545625203828554,0.014322000629604188,0.9824460286448538,-0.0014276094877491957,0.0014494340428897945,0.010101863907100021
-0.44938647191508624,0.20709780483920362,-0.4795894265171282,-0.05009508156828698,0.11902284986743032,-0.1357533713162926,0.020971376557521727,0.016180734379159418,0.9779837359987501,-0.0019071989142663238,0.0010000475709747083,0.010308961711939225
-0.32678553969422375,0.05563402276087727,-0.3532120989993685,0.048144315428918824,0.18980114439406232,-0.08307032218790505,0.010569026351093832,0.021143185776327723,0.9863722530483411,-0.0022604110132656923,0.0006732620312804846,0.010364595734700102
-0.4136688233564156,-0.1386086714962472,-0.3970701033389088,-0.028264905577688928,0.13719760586375138,-0.08878584438291934,0.01586642520031516,0.00715694349680861,0.9892723230081355,-0.0026574811166046007,0.000259593207924069,0.010225987063203856
-0.3234011440402625,0.14506634805647015,-0.30635629473031684,0.07546684198373671,0.16686925870504368,-0.19108437485379687,0.02021033578426914,0.02165870612312419,0.9915317143461878,-0.002963837411334918,-6.380793611619351e-05,0.010371053411260326
-0.40628554314367366,-0.2472642332542495,-0.20356254849657024,-0.0217774521056026,0.2032398631504742,-0.08224334970561117,0.02325206621135699,0.014890974705634974,0.9905179104866096,-0.003167399959831488,-0.00047009347925986724,0.010123789178006076
-0.43219247983735865,-0.12662437045353547,-0.42397226453698555,0.11312641355387638,0.16355605438324217,-0.06144029572477092,0.01399281419963967,0.011829606734458757,0.9915290653852323,-0.0035913722243684737,-0.0009022859590972259,0.009997164807552542
-0.4004599142672868,-0.21022789852215057,-0.25422564413187143,0.02874318342107375,0.1609878951151639,-0.16638329638863458,0.026474159796200377,0.015265016669033274,0.9855296069480284,-0.0038455978685003446,-0.0013027458733645128,0.00978693690903039
-0.5965097930240684,-0.19439061815697695,-0.2721491474184418,0.05854950165135149,0.2280565748570351,-0.001353470586416725,0.02405899806832613,0.015803222626799507,0.9838064937394041,-0.004117747015918787,-0.001899255666388581,0.009592546290873414
-0.27296933367682424,-0.35021457605028655,-0.04862964444011046,0.07802180437370312,0.2439464224391867,-0.016116215451293305,0.014678307656986314,0.019418782220393983,0.9818747486676247,-0.004166376660358897,-0.0021722250000654054,0.009242331714823127
-0.3928979582749242,-0.33540783485340064,0.037022364555068604,0.06952248253635228,0.21937789501273333,-0.14509411219089102,0.01958365989887353,0.0125116836643799,0.9942574857278058,-0.004129354295803829,-0.00256512295834033,0.008906923879969726
-0.3802099277291968,-0.45790656233755045,-0.19671516406940728,0.16654457396777902,0.1975012565675347,-0.0712734644350401,0.024155503505200168,0.006779679393926147,0.99029805905141,-0.004326069459873236,-0.0029453328860695265,0.008449017317632177
-0.1549085554821019,-0.34854570332540863,0.03445191333426821,0.03555170416447781,0.20608843196118773,-0.08172732873050985,0.02560763812012725,0.006170310753438275,0.9843815357406128,-0.004291617546538967,-0.0031002414415516283,0.008100471614306768
-0.32946000271929365,-0.5497737702824329,0.36797557254295277,0.14052950086142202,0.23745404394726644,-0.08050894048920583,0.012920058876201217,0.016399148740332412,0.986509601755,-0.003923641973996014,-0.003429701444270922,0.007550697844024336
-0.20919885391777465,-0.28642624067936645,0.09495898541274729,0.1476625639506961,0.1693269758077779,0.0019795672343083347,0.01644929336073659,0.01519323627504356,0.9912994851314224,-0.0038286829885832672,-0.0036389002981886964,0.007264271603344969
-0.4444356468264569,-0.16821543405318531,0.11866589854837707,0.07438265668445554,0.26380955833331704,0.009874012207274529,0.024905825173477253,0.02149563551230142,0.982603816725509,-0.0037100170900348905,-0.004083335945015153,0.007096056169291783
-0.274592467999915,-0.28417369395907593,0.21111579555469115,0.10001067231466741,0.27953938236290066,-0.022360003607065283,0.014068830830199153,0.005164752189750009,0.9873695740989634,-0.003498901294480199,-0.004357928413015069,0.006811882475332708
-0.05550597705689855,-0.5925576264866631,0.30670451396489135,0.07207863095214662,0.13206770458084122,-0.0018794677195458128,0.022773424326555644,0.0143953528352954,0.985009212621381,-0.003192196780515308,-0.004413434390071968,0.006219324848846045
-0.04857660101053167,-0.40645081983821796,0.3962000796882563,0.09693149717497823,0.21331163897634062,0.04931522446253191,0.019748653201656148,0.01622004378222929,0.9922508816604807,-0.002795996700827051,-0.004462010991082499,0.0058128740290078265
-0.031648423162014855,-0.21724684099789326,0.4489031398646428,0.14460060043927606,0.21102538182830677,0.08163257738942771,0.018771570358391734,0.013242920897306788,0.9842734722482384,-0.0023470935609624082,-0.004493659414244513,0.005595627188009934
-0.14665410224951966,-0.3966733544683054,0.21396861765926817,0.07702158365737388,0.20016460246723175,0.039491152154155974,0.00809210154711162,0.010660341235849117,0.9892182376615165,-0.00213312494330314,-0.004640313516494033,0.005198953833541628
0.0001664942129477147,-0.3779409301573582,0.4629758939548075,0.09544082898685208,0.07076064116826547,0.09228101874099581,0.025166783855437254,0.009777489203732325,0.9807444069734066,-0.0016701490493483328,-0.004640147022281086,0.0048210129033842706
-0.024606245295349966,-0.1777075834587005,0.35353750524659056,0.0646382593745754,0.11363490023396403,0.12532373354001256,0.016162489269167718,0.00958167237652762,0.980107855099818,-0.0013166115441017423,-0.004664753267576436,0.00464330531992557
0.09077068951224379,-0.19189325979279775,0.3527316786142493,0.14470049515365205,0.08480434395009398,0.15163790578252867,0.01688486507722295,0.012185421756967893,0.9794093070726397,-0.0009638798654874928,-0.004573982578064191,0.004451412060132772
0.18517274727721128,-0.14573041327310524,0.3490801858674405,0.043960403260084775,0.08088099875115475,0.13208412767289082,0.02229174032939373,0.016719887673641545,0.9903522617630203,-0.0006147996796200523,-0.0043888098307869805,0.004305681646859668
0.15156853610742865,-0.18139321344758524,0.45235124218302936,-0.017914040184294676,0.017241261052981252,0.1328150281762608,0.019920311993758502,0.004265694493692782,0.9886190288403944,-0.00016244843743702287,-0.004237241294679551,0.0041242884334120825
0.2762249505559307,0.1926070394052649,0.3142888168874993,0.013135123016612694,0.13113679549041007,0.11992064904125573,0.01990684758168336,0.008473718444574518,0.9919851172680736,0.00015184037945047648,-0.003961016344123621,0.004316895472817347
0.31699376460740875,-0.030088702231609532,0.4947152238007707,0.0147041633576909,0.053755411627650115,0.11558681378379797,0.019176929152862322,0.017679218501573248,0.9884064719388667,0.0006465556032512472,-0.0036440225795162117,0.004286806770585737
0.11174730367796479,0.07913647006775856,0.3186572688875661,-0.06044453378736561,-0.030824945050253016,0.14344846767781236,0.017143217667827084,0.003500549763107195,0.985825028115492,0.0009652128721388133,-0.003532275275838247,0.004365943240653495
0.06371705602263225,0.21771839984673114,0.393472231691306,0.002318881235403282,-0.028706632606848807,0.1393242039564631,0.01682547914524995,0.011980782088394246,0.9837211521663372,0.0013586851038301193,-0.0034685582198156146,0.004583661640500227
0.39776948458207617,0.1983742652497722,0.33780999552026436,-0.14801309411042077,0.04096375448534258,0.1514545122037486,0.022914434169274994,-0.003948067080830491,0.9901598941746319,0.0016964950993503835,-0.0030707887352335386,0.004782035905749999
0.3234772637413409,0.21650026048079657,0.14147530070545605,-0.11337709134461396,-0.04403918693716863,0.0945322079327937,0.015233599936124356,0.00696548363178742,0.9880760656042789,0.0018379704000558398,-0.002747311471492198,0.004998536166230795
0.4816392470000705,0.40284031394208775,0.11469859886564897,-0.11160996658324371,0.0016144150381751593,0.1521963394106184,0.016701990814922213,0.004603345834168902,0.9808764058355591,0.0019526689989214888,-0.0022656722244921274,0.0054013764801728835
0.38831998228806847,0.3781995920861037,0.23672097730930508,-0.08587554553183364,-0.04077041492001476,0.04785363829932402,0.020218377724021956,0.014603857142797917,0.9819868716927932,0.0021893899762307936,-0.0018773522422040586,0.005779576072258988
0.5304022340060106,0.4024844263896341,-0.01573354572571936,-0.08254843343574947,-0.14616414922339493,0.1383717548131695,0.02308995707966939,0.002943006335221725,0.9855523174856661,0.0021736564305050747,-0.001346950008198048,0.006182060498648621
0.45377753588060743,0.3479171580520522,0.09756240346821823,-0.09836283606889522,-0.1420092840195798,0.088311001771065,0.016207503602931106,0.0030278345002111217,0.9847341844832617,0.002271218833973293,-0.0008931724723174405,0.006529977656700674
0.4200377302543297,0.2715718399095365,-0.008907098109944146,-0.16667913683008728,-0.16106952339191877,0.03607756509799656,0.015893051441807107,0.003965991942522248,0.9885496614643701,0.002262311735863349,-0.0004731347420631108,0.00680154949661021
0.33873523847971787,0.5348626244825984,-0.04531804327581217,-0.13415547959564275,-0.09634183755876807,0.024581536224926058,0.018531280569698088,0.005533053929228543,0.9878978237297318,0.002216993692587537,-0.00013439950358339287,0.007336412121092809
0.3222189604647151,0.34309242055592276,-0.003940331783951333,-0.16436441495098184,-0.03878373369091884,0.08745920629966923,0.015513190195039788,0.005818745544378316,0.9806182401472092,0.0022130533608035853,0.00018781945688132226,0.007679504541648731
0.18427396189814238,0.2710525083267001,0.05527698194903588,-0.1954408061361847,-0.12213756671656742,0.05544531832565267,0.0193689664336613,0.004827814230704343,0.9789624823499598,0.0022683303427526212,0.00037209341877946465,0.00795055704997543
0.4214953362406593,0.361429728921284,-0.06043934607417703,-0.22845883084903798,-0.1381899823510007,0.04597898698009871,0.008768355410651213,0.009005182421205975,0.9760517989669898,0.0022078909966784443,0.000793588755020124,0.008311986778896717
0.2543460029083786,0.37175463266142084,-0.28858010359577885,-0.19773050106820642,-0.11067760999144491,0.014982417455446985,0.02749932020037381,0.0019052840179117582,0.9842129004762604,0.0019193108930826654,0.0010479347579285027,0.008683741411558137
0.2914303397198109,0.20566616155212813,-0.16898782107759877,-0.15118852562876056,-0.13777823725081434,-0.007683122353813453,0.019639881866146652,0.009405749262037275,0.9931830274375463,0.0017503230720050664,0.0013393650976483134,0.008889407573110266
0.29127496777272965,0.2714861668340537,-0.10830061280356063,-0.20160923001197883,-0.14717630780139884,0.0035127468707356335,0.011029874659409586,0.0031793470937076513,0.9830262757840059,0.001642022459201506,0.0016306400654210428,0.00916089373994432
0.21021004779603783,0.27579491468613826,-0.24593414586324397,-0.21756813320708068,-0.1190682414970886,-0.015296139975165478,0.017082975391971934,-0.003722179531905215,0.9838912827444144,0.0013960883133382618,0.0018408501132170807,0.009436688654630458
0.25469026032978065,0.0977855563865346,-0.23341400398646442,-0.14096448635020786,-0.08755229501417994,-0.05910191529058014,0.020254252255637185,0.00578338321546016,0.9852051789102725,0.0011626743093517973,0.0020955403735468613,0.009534474211016991
-0.05207915681775924,0.2953496191074764,-0.28454480726311837,-0.20300109058875754,-0.13691323740506278,-0.11027560925523491,0.01933894083544406,0.008656567388885072,0.9839319524554875,0.0008781295020886789,0.002043461216729102,0.009829823830124469
0.16618178946424023,-0.009998625882203738,-0.11189164799802803,-0.14609681279055883,-0.14963207032485845,-0.0751363497804465,0.013296505531953252,0.001407556662970032,0.9776881408330219,0.000766237854090651,0.002209643006193342,0.009819825204242265
0.19187608071146706,0.13235937066843137,-0.3251066651724594,-0.13958580637928916,-0.05126573412953345,-0.04417027402366514,0.026118930003021457,0.006419632703691177,0.9802522482907792,0.0004411311889181915,0.0024015190869048093,0.009952184574910697
-0.10326229837555678,0.018696824211329358,-0.25173810972710675,-0.10040323903067816,-0.1816938470518582,-0.019911575221754817,0.02420851393433426,0.003371651272509064,0.9823731156821516,0.00018939307919108478,0.0022982567885292526,0.009970881399122026
-0.036663630891312776,0.20148830945932195,-0.3009180625033137,-0.08712065543330545,-0.12819136037675213,-0.15162133762853627,0.01337078744717858,0.002676571752815025,0.9914241580038551,-0.00011152498331222894,0.0022615931576379397,0.010172369708581347
0.13555972337301841,-0.12079241347510498,-0.08850021383655976,-0.07427301696947186,-0.05407531170765849,-0.08727965836436978,0.021530670091144313,0.008393897354577212,0.9894905482410292,-0.0002000251971487887,0.0023971528810109582,0.010051577295106242
-0.06651416127479992,-0.33807052910541535,-0.251258084596534,-0.09830048704054206,0.00038114756947769165,-0.05649893751840144,0.0152801359507901,0.008404906921609103,0.9776849449767846,-0.00045128328174532273,0.0023306387197361586,0.009713506766000827
-0.17898181640918748,-0.3892340009694239,-0.19250169772287995,-0.08544862589831906,-0.015003210562862357,-0.060331441295836764,0.01305808015396625,-0.0007750457461763536,0.9900217944738273,-0.0006437849794682027,0.0021516569033269706,0.009324272765031403
-0.07262463538403612,-0.3545265082772673,-0.11638269992560882,-0.025464009943976188,-0.03406237277049441,-0.061584605668520705,0.015260130807472773,-0.00013373376817814742,0.9919732744626151,-0.0007601676793938116,0.0020790322679429345,0.008969746256754136
-0.31879760148912206,-0.640768385015942,-0.0370645568343527,-0.006707112037744059,0.04403036284804158,-0.08423858762152252,0.023505794622265458,0.008138711156712011,0.9853998106464879,-0.0007972322362281643,0.0017602346664538126,0.008328977871738193
-0.35657954985063767,-0.5798720833663682,-0.05474403441190559,0.11675293818214655,-0.011744691145419789,-0.09080105229663551,0.01473988785933994,-0.0009551449028863627,0.9800887772553989,-0.0008519762706400698,0.0014036551166031746,0.007749105788371825
-0.3929488863989675,-0.42879225948643274,0.02128902511804946,0.04412483139353597,0.06913555170874586,-0.029470001033394505,0.02110699041087415,-0.00036677924514521166,0.9833649563675212,-0.0008306872455220203,0.0010107062302042071,0.007320313528885392
-0.1919176995425419,-0.31764744860231975,-0.14302585904380258,0.05450239617253829,0.03399552563082511,-0.03193257255318787,0.012598810977448607,0.00251372126106986,0.9908026988887505,-0.0009737131045658231,0.0008187885306616653,0.007002666080283073
-0.4893319041346412,-0.5946496237435239,0.1596334127233342,0.04653895220171715,0.01511333488359741,-0.037203967199001896,0.02315109668061112,0.0007762826539983686,0.9772314793624477,-0.0008140796918424888,0.00032945662652702405,0.006408016456539549
-0.42855500264107693,-0.7298350686052164,0.15388288240350065,0.04673340957193532,0.11430667476369318,0.0654915951677899,0.01824853473824743,0.0009695154863665683,0.9807425963363251,-0.0006601968094389881,-9.909837611405293e-05,0.005678181387934332
-0.3369766901594554,-0.5426062640388403,0.15640100636975485,0.04411785465771331,0.16577797747577716,0.04022189735493583,0.02178572078840361,0.002021332518641074,0.9847476727083215,-0.0005037958030692332,-0.00043607506627350834,0.005135575123895493
-0.6001597067961346,-0.5356039566558201,-0.08390600066147402,0.08157997205341926,0.0879707056955561,0.018139246122395737,0.013491242691662426,0.0019802286508402733,0.9809056195835232,-0.0005877018037307074,-0.0010362347730696428,0.004599971167239672
-0.7109486324253356,-0.7313484749052584,0.19848666904171552,0.13303455680478413,0.16052180178481076,0.04838354303610691,0.030363631184872352,0.004028917502940868,0.9741547933203204,-0.0003892151346889918,-0.0017471834054949783,0.0038686226923344137
-0.32762653078148907,-0.6253438579778264,0.14016900382862557,0.20386369744396635,0.034846228020447505,0.04673809993526999,0.029276386433235754,0.0032186189039367357,0.976731333984512,-0.00024904613086036616,-0.0020748099362764678,0.003243278834356587
-0.5615685607698214,-0.5521509559464273,0.15539384287337055,0.1915496024706201,0.06905220756837815,0.015961112541490467,0.006880096069039046,0.011221494887397439,0.975581840755127,-9.36522879869956e-05,-0.0026363784970462895,0.00269112787841016
-0.6635015140838516,-0.6421021254646966,0.2252172118134485,0.1385670794439026,0.09104698183648982,-0.011484673666766731,0.02600016934436251,0.005492988975307237,0.9801323633717318,0.00013156492382645292,-0.003299880011130141,0.002049025752945463
-0.6270388760593503,-0.728543383040064,0.3511863521337367,0.16311105101454543,0.13054553888261175,0.09171922088635612,0.020389780115671316,0.0018130673567113525,0.9912915337045587,0.0004827512759601896,-0.003926918887189491,0.0013204823699053988
-0.541282697010223,-0.6838794291571002,0.4117073852591897,0.1907445012666215,0.16046673418249197,0.05664904210396375,0.022013231136769496,0.010202769243468204,0.989132484321097,0.0008944586612193794,-0.0044682015841997135,0.0006366029407482985
-0.7917605025362379,-0.7223327593861637,0.33405004195326393,0.18309885225119896,0.08297993142251534,0.10582035611930553,0.021701683467273875,-0.0026548055802516493,0.9823118293944066,0.0012285087031726435,-0.005259962086735952,-8.572981863786522e-05
-0.677592881038113,-0.6334298594165448,0.1785517645673749,0.1605644461357341,0.09300612750405984,0.10903527573960087,0.0241519039513053,0.011211729674827833,0.9852959241176678,0.0014070604677400185,-0.005937554967774065,-0.0007191596780544101
-0.5385741634164855,-0.4384243915519178,0.33722126677416775,0.08616254320668737,0.16677805169296345,0.010311246752103353,0.016585967427355165,0.01417661966060065,0.9828634384857443,0.0017442817345141859,-0.00647612913119055,-0.0011575840696063278
-0.4587994151342074,-0.4701424401889763,0.2953775497255139,0.14466943365149762,0.08527505267207314,0.11030951354294546,0.012029203341049857,0.0055200690654225604,0.9809467640151178,0.0020396592842397,-0.006934928546324758,-0.0016277265097953042
-0.4464006187005106,-0.5435662353330091,0.11789176194990685,0.1403917867581639,0.17701699436581722,0.16283581865627916,0.016211450546812764,0.0002304411410236299,0.9820202014986694,0.0021575510461896066,-0.007381329165025269,-0.002171292745128313
-0.5716727148530768,-0.2845496476574616,-0.11700250817950313,0.2281510464493895,0.07171086424248217,0.0779865470725639,0.015547872137656932,0.005643135085711294,0.9801458754677106,0.0020405485380101036,-0.007953001879878345,-0.0024558423927857746
-0.4004973863927784,-0.13568652608961887,-0.05203180598674903,0.22870010267214388,0.14482362716498823,0.10126304507058866,0.01958520118327452,0.006709672804491117,0.9753220176048769,0.0019885167320233543,-0.008353499266271124,-0.0025915289188753934
-0.7139038550675305,-0.194889187904323,-0.23007309407918652,0.06850480472869216,0.11574475982707787,0.1304237453874419,0.01940370753360909,-0.004317688514551913,0.9817577598157038,0.001758443637944168,-0.009067403121338654,-0.0027864181067797167
-0.48634219160723957,-0.10955168966286633,-0.09588646472741148,0.17225859383014655,0.06801061206354479,0.014136169588289426,0.016884242755390515,0.004185341324151287,0.9775336313811287,0.0016625571732167565,-0.009553745312945894,-0.0028959697964425833
-0.7450625691571349,0.1280252872284427,-0.08286778647853012,0.17714709686724414,0.058146086235374164,-0.016787784292289838,0.015963264584201386,-0.0011481151767829326,0.978870413754707,0.0015796893867382263,-0.010298807882103028,-0.0027679445092141405
-0.2760966147830601,0.17450521758484017,-0.3101600162949845,0.07041983058792448,0.036940323016387173,0.061172490073280655,0.02276775257777282,-0.004292671311444205,0.9836810109214892,0.001269529370443242,-0.010574904496886089,-0.0025934392916293
-0.3379330945504313,0.18586272966751322,-0.08263022244696043,0.013591801328807728,0.06414399479324963,-0.010385751082027184,0.014057676663617236,0.0012180014567387248,0.9733386877123157,0.0011868991479962814,-0.01091283759143652,-0.002407576561961787
-0.15147258641463937,0.35152915434438603,-0.19562631308046532,0.14164794390918956,-0.10354631615397589,0.11133855058051946,0.023145815711159354,-0.00015758262463821097,0.9756693373553776,0.0009912728349158162,-0.011064310177851158,-0.002056047407617401
-0.3544347396227654,0.3979112565966362,-0.44121952895618866,0.03993672009799131,-0.039736927020359795,0.07907129568174161,0.019068141338205648,-0.007520442520027597,0.9811013205992274,0.0005500533059596274,-0.011418744917473925,-0.0016581361510207646
-0.3822303364560374,0.3329665576969822,-0.2623851216175482,0.08622010012077902,-0.035289851275428094,0.087496196694897,0.016495988449718255,0.006012754266776174,0.9751502849190561,0.00028766818434207924,-0.011800975253929964,-0.0013251695933237824
-0.10305145016554709,0.4495538491589802,-0.4984952339945916,0.013166552294944633,-0.00886842762658901,0.014789150234865392,0.014256648019842381,-0.0002483022703154865,0.9777837103461033,-0.00021082704965251237,-0.01190402670409551,-0.0008756157441648021
-0.14992864696778227,0.4812870057793667,-0.12242245028737914,0.05658233231283039,-0.10805511378483922,0.05456176407540274,0.026205182824741408,0.00276594193099587,0.9851980946001693,-0.0003332494999398915,-0.012053955351063291,-0.0003943287383854355
0.037805919510546904,0.726933707675686,-0.4892417697210335,-0.007343170946160886,-0.195002540684872,-0.004786410225754623,0.010493305148341127,0.003045739376000637,0.9794487305343008,-0.0008224912696609251,-0.012016149431552745,0.0003326049692902505
0.06076712481530891,0.6135426441644107,-0.4668723892678133,-0.061895639719801734,-0.23241699298718652,-0.00410791472979931,0.02134527470928784,-0.005259639421186141,0.9770003153700562,-0.0012893636589287384,-0.011955382306737436,0.0009461476134546614
0.002462916923729061,0.6454073192296186,-0.4220965529566906,-0.0837839208452065,-0.13312599646366224,0.061224261737201524,0.01846359249951764,0.008924965748108674,0.9846195435448147,-0.001711460211885429,-0.011952919389813707,0.00159155493268428
0.08714578437211859,0.8346074484673729,-0.3639477007396081,-0.10321593572999138,-0.21166068691343115,-0.10442157588913976,0.01778606584956243,0.00832301093394688,0.9719469090801238,-0.002075407912625037,-0.011865773605441589,0.002426162381151653
0.12081310820745733,0.6831947447645981,-0.4119854793471464,-0.09967466575902699,-0.17798357669768763,0.01801625542771724,0.01262155073353006,-0.0071833502565285,0.9732594972499051,-0.0024873933919721835,-0.011744960497234131,0.003109357125916251
0.20225286616792273,0.6468052049144151,-0.5194588748722403,-0.10536842406827514,-0.23839896811192612,-0.15605789177714652,0.015173302556437077,-0.002347679604209138,0.9735812809420323,-0.003006852266844424,-0.011542707631066207,0.003756162330830666
0.19851475371869506,0.46571905638560435,-0.3286081704478142,-0.09563496018497465,-0.208985588607311,-0.08273497998203708,0.030610764110385276,-0.0017356604663835839,0.9769889317725996,-0.0033354604372922377,-0.011344192877347512,0.004221881387216271
0.365299476548788,0.6444720419165565,-0.37224969394380114,-0.13777962050136344,-0.11499079451494082,-0.0661421177183734,0.02441872901072337,-0.006117026255665826,0.9724483426667502,-0.003707710131236039,-0.010978893400798724,0.004866353429132828
0.16948221089830495,0.7000599057013185,-0.34327430109085577,-0.04664978942718906,-0.15401757813882452,-0.12149880766308917,0.023948524312045933,-0.005006770865213234,0.98944788338365,-0.004050984432326895,-0.01080941118990042,0.005566413334834146
0.1937936349560383,0.7653086629348848,-0.07997710956728657,-0.0566683245707236,-0.21816758610405476,-0.09291980529264401,0.022433229109933363,0.008675048479174505,0.9671728771706575,-0.004130961541894181,-0.01061561755494438,0.006331721997769032
0.38979252515022733,0.6384475932810985,-0.246484656335972,-0.11789763316488318,-0.2340428326154229,-0.09412796217859486,0.020158189994836918,-0.005935286948517012,0.9821588603580642,-0.004377446198230154,-0.010225825029794152,0.00697016959105013
0.40937843442534694,0.5181034277895163,-0.19550573303008772,-0.04668831578631694,-0.2637934800019019,-0.08602399982240463,0.026045280277087936,0.00598981086545544,0.9779658453702301,-0.004572951931260241,-0.009816446595368804,0.007488273018839646
0.45465680558945726,0.6100369702515653,-0.09813108382696256,-0.0613829977720877,-0.19835744950679765,-0.12433789739784236,0.01987551100277508,0.0022041961750040506,0.9802348220326454,-0.004671083015087204,-0.009361789789779347,0.008098309989091211
0.6681717428438887,0.3414009227901288,-0.013450681901449754,-0.13538073270017417,-0.2372655255738666,-0.14553914245014307,0.030554274367085188,-0.001803774081253041,0.9769961479988447,-0.004684533696988654,-0.00869361804693546,0.00843971091188134
0.5793003031227271,0.6083055657610991,0.013588193458001326,-0.09370183873097179,-0.15597052489983432,-0.10428081906795982,0.025094389893696775,0.0023797518300452828,0.9786201753748541,-0.004670945503530653,-0.008114317743812733,0.00904801647764244
0.6678737387914715,0.5672540213752048,-0.20891253621004519,-0.10890658535208143,-0.20467045095096148,-0.12320701398228491,0.02046238501374852,0.00012497477422174826,0.9747323602644107,-0.004879858039740698,-0.007446444005021261,0.009615270499017644
0.6584153879392804,0.17857729410032186,0.05396155194586847,-0.030869568981158453,-0.19396110619346368,-0.10165213496950608,0.0219006924240796,-0.001652294397666852,0.9855499252608829,-0.0048258964877948285,-0.006788028617081981,0.009793847793117967
0.7731946035568937,0.21050996840569164,0.09338624647409444,-0.1228733637340524,-0.2654372484468405,-0.1093959888840036,0.01830659939652611,0.0003114007807776195,0.9729699332455244,-0.004732510241320735,-0.006014834013525087,0.010004357761523659
0.5581020270081254,0.2702274769873617,0.055130989446751544,-0.13457272016065405,-0.20314265783781937,-0.0773850144100169,0.027272140135438255,-0.007518869244767816,0.9786779194505906,-0.004677379251873983,-0.005456731986516961,0.01027458523851102
0.6865828397068743,0.3505111992076436,0.08918123410713863,-0.057429849625264984,-0.07879037811166888,-0.10312790265235229,0.015597216993692509,-0.006177387565177415,0.9913527083508851,-0.004588198017766844,-0.004770149146810087,0.010625096437718662
0.602513245489984,0.09690061520094162,0.37503711174313487,-0.07989027988636191,-0.21581865030849173,-0.08554866055773815,0.021769943729209002,-0.012377801374495668,0.9832589393262327,-0.00421316090602371,-0.004167635901320103,0.010721997052919605
0.5030692322923437,0.0774408286641531,0.3073235250136795,-0.06304199103787482,-0.1400525950663532,-0.10099935472743471,0.019050454964465044,-0.0019064495235721758,0.9730746299549139,-0.00390583738101003,-0.0036645666690277596,0.01079943788158376
0.4802745463105661,-0.00046557151114660564,0.26652576905196473,-0.018082740350920383,-0.11991981209280084,-0.03015030956354016,0.014411409478367459,-0.008949917998994528,0.9855614121953898,-0.0036393116119580655,-0.003184292122717193,0.010798972310072612
0.5673449656694787,-0.24878690782532698,0.3795994312164603,-0.013906244479428566,-0.07796380872809959,-0.06309075898770013,0.020434548890287806,-0.01340279470860847,0.9806816589943742,-0.0032597121807416054,-0.0026169471570477144,0.010550185402247286
0.6789644789712003,-0.18148156942093244,0.4876317605664664,0.008647863591636096,-0.050865581341253914,0.006419566721302054,0.0045573966352334665,-0.0031810168243832514,0.9767606708634542,-0.002772080420175139,-0.001937982678076514,0.010368703832826353
0.4847041222621765,-0.27885796536357127,0.425731047398503,0.027625425760423726,-0.07101581717889205,0.05372665445624185,0.022684697974658136,-0.007714378080720702,0.9829466083116849,-0.0023463493727766366,-0.0014532785558143374,0.010089845867462782
0.46419160939889353,-0.22534296753140698,0.5160663182925679,0.064077874545435,0.014840156974911378,0.09379304971958889,0.025926711060619393,0.0016630390538213899,0.9854984470709207,-0.0018302830544840686,-0.0009890869464154438,0.009864502899931375
0.412567772576367,-0.3643136666911276,0.4000717033129338,0.0358155979210381,-0.029631881802622564,0.03353603814803265,0.015479025488534384,-0.002375860030001036,0.975123390055278,-0.0014302113511711347,-0.0005765191738390768,0.009500189233240246
0.324740649225258,-0.3281983285319561,0.4344444366530284,0.05241979758411157,0.04697242518816351,0.17800808088969935,0.016256912740871158,-1.3888115018962331e-05,0.9764166064528877,-0.0009957669145181064,-0.00025177852461381867,0.00917199090470829
0.3603909938673493,-0.36843528217750443,0.3246227526831249,0.12796368315736098,-0.026310555789744422,0.09509537680062236,0.017051573627490803,-0.0075649364544731834,0.976141153145513,-0.0006711441618349814,0.00010861246925353064,0.008803555622530787
0.48676307856228557,-0.3845190400204123,0.4515127786757682,0.15105413735170808,0.030860106248364067,0.08632250890378931,0.023066646733559477,-0.005810871279035827,0.9813861055894968,-0.00021963138315921318,0.0005953755478158162,0.008419036582510373
0.35378338031435375,-0.2946696828260299,0.47564397235220524,0.18607542621477846,0.018613042745513352,0.18011344309149724,0.02554175660850748,-0.002762893028361027,0.982926643885971,0.0002560125891929921,0.0009491589281301701,0.008124366899684344
0.22248139661693261,-0.37545875103726845,0.28954685960977744,0.11291390716729988,0.11948214953101341,0.0639314975093285,0.024379219141969315,-0.020126990707770766,0.9816208218858344,0.0005455594488027695,0.0011716403247471025,0.007748908148647076
0.19597757263163829,-0.4435962627452327,0.1018865608233317,0.16564495963390077,0.1408285006476716,0.11246866779539315,0.023662193109482296,-0.015848638029189416,0.9735209278728422,0.0006474460096261012,0.0013676178973787408,0.007305311885901843
0.2225518438456422,-0.3624343736916076,0.20944037093657905,0.10253279833268995,0.12685262272855233,0.10767902919817653,0.019598855968317834,-0.008490319379975818,0.9877428441067538,0.0008568863805626803,0.0015901697412243829,0.006942877512210234
0.07762107798620536,-0.4583566928432484,0.1464218557000314,0.13664435407007042,0.1737138954131497,0.06925393750847204,0.00756395589975397,-0.016804028539917946,0.9740737325592799,0.0010033082362627117,0.0016677908192105886,0.006484520819366986
0.18421294171850827,-0.49527636477607506,0.1832729065811206,0.11751722409171896,0.12346575070647231,0.17642823766144758,0.016564201621394756,-0.012582422115226057,0.9794672515355808,0.0011865811428438322,0.001852003760929097,0.005989244454590911
0.1730557613592876,-0.24784984260508863,0.03388616012562689,0.1863678919728248,0.24578728192316476,0.14785341445708694,0.022146145584820396,-0.005793883537459929,0.9771657961994176,0.001220467302969459,0.0020250595222883845,0.0057413946119858235
-0.12158341728656398,-0.39605778619575027,0.03828233340587868,0.0728946471485169,0.24193994997286009,0.16552703310958652,0.022004195911679656,-0.007159244902172287,0.9727169622702269,0.0012587496363753378,0.0019034761050018203,0.005345336825790073
-0.07898001820956513,-0.39620290857348905,0.047699033049975366,0.054817816854839184,0.16877235844715277,0.16386450890332457,0.01640594979085062,-0.005714856067891901,0.9791335867313915,0.0013064486694253131,0.0018244960867922551,0.004949133917216584
-0.05010092166559111,-0.09291951345853652,-0.12205468736053045,0.08272584944386979,0.16456074635234758,0.05574564147723373,0.00797638887418224,-0.014838862085722809,0.9782183794563151,0.0011843939820647827,0.0017743951651266639,0.004856214403758047
0.0012491509193834627,-0.11365767965467446,-0.05869937115067,-0.019099994695965027,0.20152481810005923,0.181151766049799,0.02168217860409344,-0.005027660307143611,0.9812780257216202,0.0011256946109141125,0.0017756443160460477,0.004742556724103373
-0.4431129724533376,-0.1747882192695505,-0.10116512033086064,0.056420788499815695,0.23698645148135872,0.08755990907420026,0.012800614668635642,-0.013787100029223263,0.9775057889188803,0.0010245294905832521,0.00133253134359271,0.004567768504833822
-0.2761483723657122,-0.01186433433341183,-0.3847946454629103,-0.07292829533843333,0.23280646333272773,0.15772338576359116,0.01275273165300556,-0.0070659819558651134,0.9787805948359384,0.0006397348451203417,0.0010563829712269977,0.004555904170500411
-0.5076758975493116,-0.0991517258457216,-0.1951710711048944,-0.019241461567838753,0.17837945522613358,0.04852579412447164,0.02221007338830788,-0.006560256189903193,0.9865808797097514,0.0004445637740154473,0.0005487070736776861,0.0044567524446546885
-0.1962500324375181,0.0528428288353245,-0.3534021157762557,0.0016852550983871024,0.2034186232442967,0.11106842515071522,0.017802336004403767,0.00031897724969641786,0.9765458816908756,9.116165823919165e-05,0.00035245704124016794,0.0045095952734900135
-0.301608649750982,0.06274464122226511,-0.07236788981335132,-0.09112656579623056,0.23177625551421058,0.05522662799216196,0.021434273102991636,-0.0018064739171834467,0.9691740287632487,1.8793768425840327e-05,5.0848391489185916e-05,0.004572339914712279
-0.21884951369376845,0.07240991049552797,-0.28713307401842436,-0.02481196335703903,0.1910872671265785,0.08168465055563505,0.009955551838991918,-0.0071088617845864975,0.9819765578298313,-0.000268339305592584,-0.00016800112220458256,0.004644749825207808
-0.36913660750596183,0.1881002510373742,-0.27573478611294266,-0.15408432507090486,0.20429173898581796,0.05189869180694483,0.016337451886892434,-0.012484404075414082,0.9815793895934001,-0.0005440740917055267,-0.0005371377297105445,0.004832850076245182
-0.3834627702279872,0.0939465336611814,-0.14334330774596032,-0.07867592479584254,0.23294684508360672,0.05889641038494986,0.008428648666355247,-0.01035582998658981,0.9701517935283948,-0.000687417399451487,-0.0009206004999385317,0.004926796609906363
-0.33388362972715,0.19586284834173454,-0.46589651924407294,-0.06142283900391023,0.1472581764608799,0.022546352186575278,0.021756403856085106,-0.009379288793924145,0.9709703313626551,-0.00115331391869556,-0.0012544841296656816,0.005122659458248098
-0.36945607745683884,0.08347390954768011,-0.3265678633141062,-0.06057035101653507,0.20129753130410863,-0.0019166861357143381,0.02063902405249539,-0.014496149488632336,0.9744933172144497,-0.0014798817820096662,-0.0016239402071225205,0.005206133367795778
-0.4348883044720272,0.2979047287009959,-0.05424242098621404,-0.0619377814622992,0.14333205632566642,0.06309776951741532,0.011662198210357199,-0.00829907827305244,0.9723150751641774,-0.00153412420299588,-0.0020588285115945475,0.005504038096496774
-0.2882403775144762,0.38833063660481654,-0.17005589213653494,-0.18692264179439858,0.12275971975161096,0.05075906381423652,0.015206632973506277,-0.007985741014462727,0.9751076614184744,-0.0017041800951324152,-0.0023470688891090233,0.005892368733101591
-0.25815398168926473,0.23698461125563336,-0.2899775987768851,-0.1807354101529087,0.04977333822985679,0.0684788429591479,0.019383505101734862,-0.008184253306283005,0.9752869992169115,-0.0019941576939093,-0.0026052228707982884,0.006129353344357224
-0.3295546610008966,0.4433947209439381,-0.18737780296248197,-0.2071455421915957,0.1273391187638097,-0.025516523964663917,0.011286156447462281,-0.017761134254605203,0.9762306808994122,-0.0021815354968717825,-0.002934777531799185,0.006572748065301163
-0.20583718916785304,0.18732096107672996,-0.21415163106630286,-0.1491791640574426,0.16179341058731392,-0.04104840047792514,0.007552761396494231,-0.012611563136125542,0.9830020335929032,-0.0023956871279380855,-0.003140614720967038,0.0067600690263778926
-0.17859979704598086,0.3574129540281431,-0.10997159413268873,-0.18807520249316817,0.007667537135374213,-0.041108553689040116,0.015883176773234267,-0.007829924160935484,0.9870464962196758,-0.002505658722070774,-0.0033192145180130188,0.007117481980406035
-0.37170027012925405,0.4044349686641386,-0.045121871112658314,-0.20547463619704256,-0.00682912510011465,-0.08214987056789182,0.019873301846053102,-0.009012113619010026,0.9702234896445008,-0.0025507805931834324,-0.0036909147881422732,0.007521916949070173
-0.28379649071173246,0.4013903992451945,0.21118797269865563,-0.2131128644289933,0.08602170966209047,-0.11245893230943886,0.010963184431658262,-0.013826396378679077,0.9769715917568196,-0.0023395926204847766,-0.0039747112788540056,0.007923307348315367
-0.21912740919698726,0.4093770361324478,-0.04827871075332173,-0.18764176708227176,0.02665419572457606,-0.08520813973265669,0.022568348830416404,-0.01347333335902834,0.981828481094426,-0.0023878713312380988,-0.004193838688050992,0.008332684384447814
-0.3929600954323713,0.1883263526267295,-0.04642620513736803,-0.25219891591862303,-0.050940407208602115,-0.09643999473957443,0.017789067230355938,-0.015466480545379514,0.9824540658094026,-0.0024342975363754664,-0.004586798783483364,0.008521010737074544
-0.1839756987693984,0.34490275090783096,0.09807685007468564,-0.17607449847829745,0.0381226754166362,-0.03890358534104755,0.022181770847865177,-0.010648066272875744,0.9689530485959317,-0.002336220686300781,-0.004770774482252762,0.008865913487982376
-0.17348751439462629,0.3594816572652264,0.15908569011151047,-0.1924797527693567,-0.07434926754698663,-0.02815881772683191,0.010379041954869392,-0.022006901234580774,0.9761368540148663,-0.0021771349961892702,-0.004944261996647388,0.009225395145247601
-0.20020196023391737,0.19825821711047725,0.14466575841568902,-0.15339592250062736,-0.06760837122489376,-0.14904101744778842,0.010510901372641742,-0.018811346425639627,0.980643640192778,-0.002032469237773581,-0.005144463956881305,0.00942365336235808
-0.05997600159942121,0.1697040717910823,0.1928546616504995,-0.20741778936455105,-0.06750410792133713,-0.0928710914880868,0.012140530069252661,-0.017078533632628973,0.9717920225722362,-0.0018396145761230818,-0.005204439958480726,0.009593357434149163
-0.14439468212609152,-0.009096436637721667,0.3814512254174016,-0.17749787767860406,-0.06080889098964909,-0.03427517135986643,0.022691326702166326,-0.011629019641197605,0.972798964958415,-0.00145816335070568,-0.005348834640606818,0.009584260997511442
-0.16830820692664167,0.17071525714063784,0.10855834417037663,-0.11691648930080292,-0.08590989668866279,-0.038818497069193734,0.01565247680756368,-0.007330021180451671,0.9804998267456178,-0.0013496050065353034,-0.005517142847533459,0.00975497625465208
-0.21546494504052016,-0.11153764263657137,0.206483648869241,-0.20255717788439012,-0.021873393713828092,-0.046917656908170416,0.01424814385547696,-0.0129324672329112,0.9734022811432012,-0.0011431213576660625,-0.005732607792573979,0.009643438612015507
-0.10741826733488152,0.06751673672370698,0.3716457122959271,-0.07870074005361168,-0.060139694838521725,-0.039515436157224595,0.02198103691977557,-0.02090333163884512,0.9787138973218303,-0.0007714756453701352,-0.005840026059908861,0.009710955348739215
-0.01672094612598804,0.11765993644284127,0.39677443649904093,-0.12621089108236444,-0.05653724692880807,-0.00404072824170156,0.008956485827682185,-0.01625883427443371,0.9841444921877205,-0.0003747012088710943,-0.005856747006034849,0.009828615285182056
0.14865955422243718,-0.22706127494966286,0.24020914413716263,-0.059170822100476264,-0.16033868198635562,0.008770240606660642,0.016282978199161687,-0.020055228274930764,0.9766498407874981,-0.00013449206473393167,-0.005708087451812412,0.009601554010232393
0.21497237723628385,-0.32078752819855183,-0.0009159273848634852,-0.036561409531400156,-0.1174016430705462,-0.0573409966191171,0.014393923030077365,-0.016858542826356408,0.9737498732595788,-0.00013540799211879517,-0.005493115074576128,0.009280766482033841
0.1521495856032684,-0.32420406925336587,0.2437988794519756,-0.05912312090083105,-0.055631899745072474,-0.0682972407464701,0.02285458411871879,-0.0203965739595737,0.9786933548445548,0.00010839088733318043,-0.005340965488972859,0.008956562412780476
0.30855846612985716,-0.26370509363200334,0.22118022254823105,-0.027065232543723,-0.14684674192374564,0.019093973818561982,0.01945592578388278,-0.017803369677528606,0.9774964614524487,0.0003295711098814115,-0.005032407022843003,0.008692857319148472
0.307063145207353,-0.519765819648052,0.1375976782418365,-0.06663129030452394,-0.14217961947205734,0.06633007378381572,0.012181834565074753,-0.020308255795107175,0.9727873929358856,0.00046716878812324804,-0.004725343877635649,0.008173091499500419
0.20682473207079277,-0.702176876897424,0.020609775043178874,-0.06364082514558836,-0.07706929859800322,0.023686130936832896,0.023086841089149036,-0.006103508763610389,0.9756659448621123,0.00048777856316642687,-0.0045185191455648565,0.007470914622602996
0.22293520314730791,-0.4126881161012437,-0.04929523436344639,0.044175901038652356,-0.08970703010889301,0.15105006638656457,0.01537680730295052,-0.014495217113459547,0.9790409271097218,0.00043848332880298043,-0.004295583942417549,0.007058226506501753
0.4684771503801628,-0.5713901739555061,0.07988278666533899,0.11404007935452914,-0.10225115317814651,0.09895837492125446,0.01728260055263307,-0.021063927458104502,0.9763718440920915,0.0005183661154683194,-0.003827106792037387,0.006486836332546247
0.3023930342432243,-0.6351971105045204,-0.015557207991421414,0.07400210412238273,-0.07829523620930147,0.04838732068049686,0.016275915641340725,-0.017101516433873917,0.9705501006247446,0.000502808907476898,-0.0035247137577941626,0.005851639222041727
0.5479299004384549,-0.636876921238482,0.012488925869848164,0.00822186959758489,-0.16043515761177243,-0.0019236874958238979,0.022737371690283913,-0.008276023048190542,0.978980260456086,0.0005152978333467462,-0.0029767838573557075,0.005214762300803245
0.24369672784145685,-0.7511327415851774,-0.17175287317615073,0.09876319394952501,-0.0803072341050248,0.11406961636882916,0.002028631886980393,-0.012930281353789982,0.973798577272347,0.0003435449601705955,-0.002733087129514251,0.004463629559218067
0.351686372449826,-0.702014790828535,-0.13653086656567845,0.1143782519081718,-0.08928007053291842,0.04720991168512116,0.01670354267419127,-0.018251781613236866,0.9731700048125229,0.000207014093604917,-0.0023814007570644247,0.003761614768389531
0.2191500197981249,-0.6627961461469852,-0.3332607345526731,0.13565237052554496,0.0360565275312454,0.06129017625729508,0.02526680929740894,-0.02042110451450865,0.9665299462111503,-0.0001262466409477561,-0.0021622507372662998,0.0030988186222425463
0.16499166455016726,-0.6391327532362263,-0.09986410964859152,0.11841388251687666,-0.028651418539877453,0.05324441080634603,0.007521481414999566,-0.016155258968093056,0.9813769778563453,-0.00022611075059634762,-0.0019972590727161325,0.0024596858690063197
0.2903325421393771,-0.6773285428664001,-0.1073764432659402,0.14242477936809428,-0.0009990268520574377,0.029560057124846488,0.00886667771281507,-0.020587347217350033,0.9772624886118318,-0.00033348719386228786,-0.0017069265305767558,0.0017823573261399198
0.421498779543372,-0.9135380129490629,-0.32286338150746263,0.11607860259564029,0.06072983685983593,0.06041712135698209,0.014836931088261049,-0.012363326022769322,0.9725082401278677,-0.0006563505753697505,-0.0012854277510333835,0.0008688193131908568
0.26248954456236795,-0.6721736554819213,-0.5289142698538696,0.2819765037190636,0.09689360125956398,0.0557722364354745,0.01986206968703287,-0.005599776123440937,0.9775445035946082,-0.0011852648452236202,-0.0010229382064710158,0.00019664565770893553
0.367107050967004,-0.6005926360084046,-0.23371530709766358,0.26824156282897904,0.05464564762102022,0.036287012140773386,0.015161033522043071,-0.017557331104765126,0.9798967299931306,-0.0014189801523212839,-0.0006558311555040117,-0.00040394697829946913
0.1895393386932892,-0.5513597583946733,-0.15655021790201804,0.15085429222431937,0.019414094726532195,0.03844298817309186,0.012300958064183,-0.018151897194181706,0.9786659538329849,-0.0015755303702233018,-0.00046629181681072255,-0.0009553067366941426
0.3911600181540197,-0.5621837835828042,-0.41057845657895786,0.19484697981052704,0.047429521078414916,0.13876063596607158,0.01323022070037854,-0.024751540819536205,0.9724695215201155,-0.00198610882680226,-7.513179865670283e-05,-0.0015174905202769468
0.1328228334365452,-0.26078793802684747,-0.4099223706966698,0.16198845473747875,0.09884612541652804,0.08089543072175494,0.011367210677793867,-0.01123791891680531,0.9693441486706821,-0.00239603119749893,5.769103477984236e-05,-0.0017782784583037941
0.334746344077293,-0.4501761351705634,-0.40111530337217943,0.17562454700401955,0.11256021230990927,0.03101104715707366,0.010777263845796045,-0.016428339596442416,0.9712286757952043,-0.002797146500871109,0.00039243737885713537,-0.0022284545934743573
0.1488658177800819,-0.29284198085802304,-0.38004631077264206,0.19226379499346563,0.07276204509319949,-0.05130329447681596,0.006197230417632482,-0.02797905347903472,0.9757337148127404,-0.0031771928116437506,0.0005413031966372173,-0.0025212965743323804
-0.004932522760673463,-0.3179132114640519,-0.21491178753286053,0.1724795754571902,0.02618530549509254,0.03734290561310109,0.023526001607497515,-0.017733747773839292,0.9674111730425724,-0.003392104599176611,0.0005363706738765439,-0.0028392097857964324
-0.0300866024410332,-0.14857139258153987,-0.2502128248311287,0.1957147260174316,0.054160694647342675,0.08263275198824853,0.01369205170649004,-0.019758828138053887,0.9828192375782241,-0.00364231742400774,0.0005062840714355106,-0.0029877811783779722
0.053652948779090055,-0.27548476309728065,-0.3812689681583355,0.11440952747484133,0.0802932454199806,0.06484021451285354,0.007646995328284429,-0.019140088816256336,0.9753623570907044,-0.004023586392166076,0.0005599370202146007,-0.003263265941475253
-0.1504521569407049,0.11043828026040309,-0.2617052318713504,0.12230813433593443,0.1285640300443469,-0.032240577737552754,0.018233378008194946,-0.02205775643687432,0.9790351795690074,-0.004285291624037426,0.0004094848632738958,-0.0031528276612148493
-0.05137213834426709,0.06587937386677489,-0.16061233975211994,-0.006465778592149888,0.12704570256169406,-0.023593044398786893,0.0008500195244841371,-0.01965237100611311,0.9691275780445008,-0.004445903963789547,0.00035811272492962875,-0.003086948287348075
-0.20313571646657944,0.053028616028347506,-0.2122688884190489,0.0939735742734854,0.067528997399168,-0.10158208421757257,0.005960954782462559,-0.02573684983143553,0.9743099900938323,-0.004658172852208596,0.0001549770084630493,-0.0030339196713197276
-0.28855884481272737,0.14155047779330585,-0.053748421589980264,-0.02592080477106944,0.13046176423857306,-0.05184269085047594,0.01382075446301613,-0.02004123660656381,0.9705267090758427,-0.004711921273798577,-0.0001335818363496781,-0.0028923691935264216
-0.31150412681061507,0.1797433282300848,-0.036992943577867886,-0.008241122165573883,0.21357906391313197,-0.044026566523635034,0.011978629908570668,-0.01664106860254668,0.9643365694667212,-0.004748914217376444,-0.0004450859631602931,-0.002712625865296337
-0.4327366427555689,0.28904788023218736,0.11616208392812238,0.0863578820292344,0.14980589647442186,-0.06227791363487407,0.014951661145439237,-0.021819125785379253,0.9763277936661172,-0.004632752133448321,-0.0008778226059158621,-0.0024235779850641497
-0.30335815138222655,0.38930720577178274,0.12882215839465705,0.06740262669517755,0.2171575247664416,-0.04106365550662339,0.007449975439484993,-0.024593196037383958,0.979561316532315,-0.004503929975053665,-0.0011811807572980886,-0.002034270779292367
-0.339890231608069,0.3939857527894384,0.05370186638670253,-0.05484040912110424,0.11875178840173757,-0.07183033495788299,0.00975576130591757,-0.01407177579902763,0.9850703900373798,-0.004450228108666963,-0.0015210709889061577,-0.0016402850265029288
-0.48155155527923,0.5831351856128724,0.15232922512203312,0.049048145952573834,0.10707060523022309,-0.18101457458758513,0.010823596910179525,-0.015680375330781263,0.9745823936913408,-0.00429789888354493,-0.0020026225441853876,-0.0010571498408900562
-0.524326105164383,0.7857318498085627,0.11351651559850924,-0.013342571431111498,0.10900295522921699,-0.12913208174577698,0.007607935216394337,-0.026733948474449206,0.9709530805624708,-0.00418438236794642,-0.002526948649349771,-0.00027141799108149344
-0.634235788477205,0.574212624134771,0.4478404189043512,-0.041041405136109946,0.16472627820491778,-0.06980079424929861,0.0060109825049628855,-0.023772988020219245,0.9774747202852202,-0.003736541949042069,-0.0031611844378269752,0.0003027946330532776
-0.5790156760066212,0.40083994266104117,0.3417304011299664,-0.13029447361092383,0.1386949342324096,-0.1888912844465319,0.019305737877188787,-0.02170620884302707,0.9693439154307303,-0.003394811547912103,-0.0037402001138335966,0.0007036345757143188
-0.49621641516089715,0.6222245789067662,0.1594418189051478,-0.010035036132702584,0.08594125749340399,-0.11143704473704512,0.0061448428037102305,-0.02058394801234321,0.9698666775631384,-0.0032353697290069547,-0.004236416528994494,0.001325859154621085
-0.6416316251657492,0.6655284445976485,0.3061376605097422,-0.0712897364826714,0.053909750569816145,-0.13088029788673494,0.010000363331030604,-0.019060968692121476,0.9723782234038854,-0.002929232068497213,-0.004878048154160244,0.0019913875992187335
-0.565875756177107,0.7648099980001697,0.183207137103632,-0.15019925243616924,-0.0219442834902022,-0.16288277865856926,0.006345930187404606,-0.02386504758577324,0.9680727274180079,-0.002746024931393581,-0.0054439239103373505,0.002756197597218903
-0.5484616923858493,0.6148726055829732,0.32217304783360606,-0.2273064720682338,-0.06238297453526122,-0.05852049343415957,0.008014302070749978,-0.027265758860836865,0.9681974389491387,-0.0024238518835599746,-0.005992385602723201,0.0033710702028018763
-0.7457024758884577,0.6102107259893456,0.3824181205349402,-0.18154461309676653,-0.04124137573726746,-0.12818549598384452,0.003732677834075873,-0.02134615077235092,0.9801523143134308,-0.0020414337630250343,-0.0067380880786116586,0.003981280928791222
-0.40387251962080695,0.5929590463824127,0.4654321774549097,-0.1262465590801649,0.02842349049518561,0.01197046505373276,0.004424261913439992,-0.026540323538886045,0.9680724930415576,-0.0015760015855701246,-0.0071419605982324655,0.004574239975173635
-0.5399123814509942,0.5116691137680798,0.475390730614987,-0.14493661478489042,0.02053372167541492,-0.08204182840386061,0.008945762143046845,-0.02010431165348124,0.975264512141404,-0.0011006108549551378,-0.007681872979683459,0.005085909088941715
-0.6704865564097193,0.4305255067384732,0.2186721281377243,-0.06780215315025018,-0.1514079941156135,-0.01183491968082913,0.008989661390416872,-0.02045309540003355,0.9681327120006336,-0.0008819387268174134,-0.008352359536093179,0.005516434595680187
-0.8094276928728747,0.5869517377184476,0.3615469380010032,-0.18089384917270207,-0.0369864536761059,0.028558874262738385,0.011883460116810757,-0.014413913982928897,0.9714947344828996,-0.0005203917888164103,-0.009161787228966054,0.006103386333398635
-0.7230988228350989,0.38508241165645873,0.353851056607648,-0.1145819756335096,-0.03356400656238339,-0.01800412831239518,0.02093062383395082,-0.016842049507497837,0.9739613628451742,-0.00016654073220876225,-0.009884886051801153,0.006488468745055093
-0.3993282585548257,0.45465807317884926,0.301742748531224,-0.07487757862482844,-0.07679639779528798,-0.014244617696069784,0.01144116426361128,-0.020237488222004486,0.9726818900540596,0.00013520201632246176,-0.010284214310355979,0.006943126818233943
-0.534393708665904,0.4998561564905827,0.10489395122235648,-0.1729873068311394,-0.16950773597845548,0.03174772768334355,0.007688766013901163,-0.02563878817869906,0.9678478582027111,0.00024009596754481826,-0.010818608019021882,0.007442982974724526
-0.6129631464038472,0.279471905081464,0.140230514331664,-0.07625903400193207,-0.12702737777757286,0.08710032702921747,-0.0017101001844527786,-0.028141337202674206,0.976430893164201,0.00038032648187648224,-0.01143157116542573,0.007722454879805989
-0.5736643216693276,0.431400078166253,0.16619897135984052,-0.09295671894940931,-0.24679168485225328,0.0426141349029503,0.003482660605742015,-0.018762608838433788,0.9725174677770541,0.0005465254532363228,-0.012005235487095057,0.008153854957972242
-0.34872479135992607,0.17355418112846133,0.224235836504495,-0.10416673593454064,-0.25231340427149396,0.011544259903322014,0.018703141710349792,-0.02224529766220485,0.9633098750915379,0.0007707612897408177,-0.012353960278454984,0.008327409139100702
-0.4123070571771633,0.026393705989924687,0.005286446578073825,-0.1642155780478385,-0.08672757892587295,-0.0071860351992088945,0.013394696430927961,-0.02840602426340702,0.9763194713286725,0.0007760477363188916,-0.012766267335632145,0.008353802845090628
-0.4569325891074231,0.07494611025532186,0.0007874078435370566,-0.030082068835061017,-0.227888223631063,0.0870200401736622,0.011254701719409923,-0.023847807682043778,0.9720631953299567,0.0007768351441624287,-0.013223199924739568,0.00842874895534595
-0.5420844980575814,0.08799042885857622,-0.011626604734069245,-0.06538850388634537,-0.2648474946115585,0.03907738072410526,0.012315549071387983,-0.02558690246245666,0.9708200107798087,0.0007652085394283594,-0.01376528442279715,0.008516739384204525
-0.34482871891550365,0.07125690585557987,-0.19493860523316853,-0.0362783768555336,-0.23366220307638666,0.13787019897461675,0.0035982247973348654,-0.02647004077806534,0.9728466018906645,0.0005702699341951908,-0.014110113141712653,0.008587996290060105
-0.2137666800984231,-0.03437365872185228,-0.10594168422818162,0.05990975657587506,-0.13563147941085804,0.16349408529492032,0.011080209332320765,-0.024397035897203986,0.9630740470917931,0.00046432824996700924,-0.014323879821811075,0.008553622631338253
-0.1719390007241876,0.049952139914461735,-0.06222812411456226,0.011307451382331584,-0.16695091060681985,0.14197086492596747,0.008046861578727667,-0.028399508539372918,0.9673571941832767,0.0004021001258524469,-0.014495818822535264,0.008603574771252714
-0.2755160935165434,-0.16759817837833552,-0.23550745874595574,0.03911483257190184,-0.24679153867661913,0.12055816276141314,0.014686746669631979,-0.03139220429964152,0.9722381507516538,0.0001665926671064912,-0.014771334916051808,0.008435976592874378
-0.1170004526475823,-0.2930728816983671,-0.2132078725123941,0.13077127071328942,-0.2151725943537253,0.15669149822321934,0.008245820039561542,-0.016234866759260422,0.9662882854141001,-4.661520540590292e-05,-0.014888335368699391,0.008142903711176012
-0.0012714620718747988,-0.2893098345246679,-0.24817100275258508,0.06445865075572198,-0.1829261945693881,0.13415526780619477,0.004843092619593089,-0.026742207094252124,0.9747078892784675,-0.000294786208158488,-0.014889606830771264,0.007853593876651343
0.1447591002316562,-0.4577479805105988,-0.13971783908685714,0.033725237758576714,-0.16585538373277545,0.12329625333082021,0.010315095243168291,-0.022866489643071475,0.9647555859705526,-0.0004345040472453451,-0.014744847730539606,0.007395845896140745
0.015203921870425602,-0.2697495260946744,-0.3911026339113094,0.1379962152303352,-0.16236449085992102,0.11570675704114058,0.0064301040819301145,-0.03380965131431738,0.9702734029990044,-0.0008256066811566545,-0.014729643808669183,0.00712609637004607
0.2942797197081293,-0.5261458054211374,-0.28464682232396576,0.09392741401497477,-0.2149598395776666,0.13914913885135527,0.011483611134606652,-0.03291866986948786,0.9778458846634834,-0.0011102535034806203,-0.014435364088961053,0.006599950564624932
0.21565802754823638,-0.5093689686460156,-0.07093813488029016,0.0757183845791085,-0.16792117386085503,0.13149272356372263,0.008550244882131797,-0.03094667673000826,0.9665975028833503,-0.0011811916383609106,-0.014219706061412818,0.0060905815959789176
0.15675758924811845,-0.42845064066249655,-0.108691246433503,0.06468377382749846,-0.19097716607719628,0.18171295304937632,0.013230980990818104,-0.031214741077695146,0.9709352583932765,-0.0012898828847944135,-0.0140629484721647,0.005662130955316421
0.16363516311982104,-0.5174624073945725,-0.1066768704653602,0.0963853905185094,-0.08030448251646319,0.14499399818973543,0.0035051749697114333,-0.03170764569417075,0.96622589320958,-0.0013965597552597737,-0.013899313309044878,0.005144668547921848
0.0916592381873087,-0.37804721482406267,-0.05917081324298293,0.15409184679761473,-0.10835869174292254,0.05160930436368299,0.015899818281234702,-0.03152478135094688,0.9630139786873042,-0.0014557305685027567,-0.01380765407085757,0.004766621333097786
0.26061603134370803,-0.37684551323251325,-0.28072754259903876,0.08622207356580379,-0.06862682468284258,0.12434436102306949,0.009969734960368506,-0.023048698895759202,0.9737452512870235,-0.0017364581111017953,-0.013547038039513862,0.004389775819865273
0.563912976873628,-0.31512354654015995,-0.024899601583948605,0.11670099054953673,-0.09245661313573135,0.09566984290335313,0.008020521303610011,-0.030854863939746742,0.970350865493246,-0.001761357712685744,-0.012983125062640233,0.004074652273325113
0.40245489482448904,-0.30706525787571987,-0.3458607911984761,0.0669701540814316,-0.011738372537581789,0.09274661210290115,0.012750472276504854,-0.03815189444824117,0.9708967473528326,-0.00210721850388422,-0.012580670167815744,0.0037675870154493933
0.31684658698490437,-0.3141066921979102,-0.15566960928212453,0.1623633346816196,0.012232712129391053,0.056648046542922444,0.01113721249038526,-0.026859827887570024,0.9719573649583201,-0.0022628881131663446,-0.012263823580830842,0.003453480323251483
0.4312299898230596,-0.31060321980950817,-0.00015097701446577239,0.02771338671144112,-0.05954102586582935,0.056683957158993256,0.010784321583883755,-0.0300395533275467,0.966236494204485,-0.0022630390901808104,-0.011832593591007782,0.0031428771034419747
0.5514309123143787,-0.18933199377892115,-0.01034132032538385,0.03503847028747033,0.06303391328855565,0.1160887747020115,0.009676841545864541,-0.020164495944650494,0.9642965987557331,-0.0022733804105061943,-0.011281162678693403,0.0029535451096630535
0.5356243555640561,-0.21743310022481888,0.028156359679443563,0.03711465721078212,-0.0022148273776595485,0.012343382936600788,0.0108774936310636,-0.028280580395372096,0.9711975365728369,-0.002245224050826751,-0.010745538323129347,0.0027361120094382347
0.6300909747742426,-0.02439231113650872,-0.05989881713660783,-0.008485174625522953,0.04124139102987379,-0.01287440063310463,0.005962097826986791,-0.021766991460326988,0.9776104054941455,-0.0023051228679633585,-0.010115447348355103,0.002711719698301726
0.571539087825795,-0.02580042461484372,-0.21819188789997676,0.060914505637673796,0.13469940963288607,-0.028429431504224764,0.010018459476499519,-0.029476727315726977,0.9717359870638917,-0.0025233147558633355,-0.00954390826052931,0.0026859192736868823
0.5547485724411524,-0.09370925793961231,0.14663225905461624,0.051086464706014335,0.0846077068962716,-0.057080140258620744,0.004269774310745569,-0.031381722209170744,0.9630082350630818,-0.002376682496808719,-0.008989159688088158,0.00259221001574727
0.6149788109064733,0.11132848738287143,0.24131192840775814,0.03161163246541175,0.138675616354615,0.006654251282162805,0.002895623064711951,-0.02554906663937654,0.9847083596821911,-0.0021353705684009606,-0.008374180877181683,0.0027035385031301414
0.5049236076774262,0.1981724865176792,0.17458031735050908,0.014845872178386923,0.147362661810029,0.02203437972269527,0.004183647172740521,-0.03486796999840119,0.9637701392971613,-0.0019607902510504513,-0.007869257269504257,0.0029017109896478203
0.6360503517830475,0.3153441645460965,0.21139804331241738,-0.10229349259448384,0.10347940428349103,-0.06688946986518937,-0.0020329049865549014,-0.023177991672486877,0.9607259838931941,-0.001749392207738034,-0.00723320691772121,0.0032170551541939167
0.5061521642443554,0.2652608884645252,0.2423699841594017,-0.04328252448380421,0.24689634763998722,-0.024296894494253186,0.00031063338922816125,-0.030869101329709357,0.9786181801294275,-0.0015070222235786324,-0.0067270547534768535,0.003482316042658442
0.57616679620209,0.08667082664435838,0.12981780556519115,-0.012391644574642317,0.26075065813549425,-0.008171962386473242,0.004730075868510285,-0.03686188295827637,0.9656878310906097,-0.0013772044180134413,-0.0061508879572747645,0.0035689868693028004
0.6101687660201394,0.14422754505779958,0.20905354485937838,-0.10894183933946762,0.22881540635868336,-0.04978801447359926,-0.0018143297450245212,-0.02663467495771563,0.9672134442320262,-0.0011681508731540627,-0.005540719191254625,0.0037132144143606004
0.5171717428741622,0.1766549578287554,0.10419711560774923,-0.06385743681220518,0.20383182883498255,-0.06273680652827246,0.004152741943592823,-0.030425404668622136,0.9754237972604796,-0.0010639537575463133,-0.005023547448380463,0.003889869372189356
0.5260810572864294,0.42675529822410874,0.32977040570802946,-0.13738994343582014,0.22892120376828334,-0.09514236070941995,0.010169807188276227,-0.0355271050600544,0.9779003766807642,-0.000734183351838284,-0.004497466391094033,0.004316624670413465
0.5699963733949561,0.617517081737276,-0.025789896487481173,-0.15266439747928362,0.2899469187300115,-0.03794594473931615,0.0042482076771500005,-0.027602220052239907,0.9685881993908148,-0.0007599732483257651,-0.003927470017699077,0.0049341417521507405
0.39018454663634994,0.41831574953397677,0.17142263603401697,-0.21694588632890074,0.2093037281901383,-0.07536602360041904,0.003799024867402412,-0.03227028973219088,0.973138549701385,-0.0005885506122917482,-0.003537285471062727,0.005352457501684718
0.6023148862430938,0.4043530872245748,0.35874385552946325,-0.19799199386118915,0.2141190472965381,-0.034860114698543686,0.004794080537937475,-0.026352358734046875,0.9784277549241773,-0.00022980675676228485,-0.002934970584819633,0.005756810588909292
0.25797639444320986,0.46460706826230036,0.20260924216081638,-0.13095734716204438,0.22192067207367322,-0.0807024401245124,-0.00761117462714478,-0.03072133394018506,0.9633995749785534,-2.7197514601468467e-05,-0.002676994190376423,0.006221417657171593
0.4740313515292319,0.47699822513458223,0.005880390471760338,-0.22764416253440228,0.1300832052792263,-0.03738034705811956,0.005918410272797048,-0.02790507290955714,0.9706894142629475,-2.1317124129708126e-05,-0.002202962838847191,0.006698415882306175
0.3472675083670693,0.5473610708661447,0.13406976773870147,-0.12179058094774853,0.25401349909421517,0.003953824417407657,0.008758834104033001,-0.03175329459870219,0.9672516261033155,0.00011275264360899335,-0.0018556953304801217,0.007245776953172319
0.30568585499189493,0.3465827374688045,0.13562947795957286,-0.22035378866323763,0.22361112329460744,-0.015295695968913966,0.009838546938092944,-0.03802026850574629,0.9630685331044779,0.00024838212156856626,-0.0015500094754882267,0.007592359690641124
0.3151208033048273,0.4381650124048373,0.02952863693985407,-0.1558090428332286,0.24260695723717196,-0.05670868048869506,0.002571406426133329,-0.026251530832753764,0.9737036490671042,0.00027791075850842027,-0.0012348886721833994,0.00803052470304596
0.16510471935636106,0.4519323757215994,0.029700562093948085,-0.21717864433753342,0.17262694092781272,-0.0676115701682961,0.012235069970943755,-0.034423705554448465,0.9749701093897353,0.0003076113206023684,-0.0010697839528270383,0.008482457078767559
0.13611718295698313,0.3630088707963628,-0.1996507921899124,-0.32042385630768855,0.11558430108670731,-0.0048075636200100216,0.00599130977218538,-0.04086845528030495,0.9721264835999568,0.00010796052841245598,-0.0009336667698700553,0.008845465949563923
0.07650025425607893,0.1381119269296535,-0.18710498471449427,-0.24519832382381523,0.17234974459991953,0.06513502704417515,0.00956455422610947,-0.03297100123960221,0.9717410719263755,-7.91444563020383e-05,-0.0008571665156139763,0.008983577876493577
0.10997871000174998,0.061887986744357,-0.1228453406486656,-0.2387674887420622,0.09797834746666576,0.04910027142303482,0.0028913707308513567,-0.0345093058662208,0.967421098184185,-0.0002019897969507039,-0.0007471878056122264,0.009045465863237935
0.08223489572019811,0.06540894403918601,-0.23180358277513313,-0.22870821801026991,0.15906753133482557,0.1132380558497271,0.011640896490847435,-0.026702631931548346,0.9703403030777811,-0.000433793379725837,-0.0006649529098920282,0.009110874807277122
-0.06925552574417099,0.2695748939972959,-0.28214395542999393,-0.243266540385532,0.14499884418455833,0.15803331700361256,0.0017956177958967086,-0.0346356267081301,0.9714751378399485,-0.000715937335155831,-0.0007342084356361991,0.009380449701274418
-0.14880703004880774,0.26021771741235755,-0.3767241754934463,-0.21815394292036092,0.19314495934472245,0.04018433051254856,0.005956821380379312,-0.03204035576527769,0.9803349556043605,-0.0010926615106492772,-0.000883015465685007,0.009640667418686775
-0.2611020866094772,-0.0775089762656139,-0.15788078094875005,-0.1312457598047909,0.14104614148331,0.08252076911578184,0.004161748943048845,-0.02885915235058578,0.960479010755788,-0.0012505422915980273,-0.001144117552294484,0.009563158442421161
-0.17122998862496588,0.05717569942497856,-0.3185302232216379,-0.023606856405761312,0.07078639184077501,0.06219629195905393,-0.0023171388246335392,-0.031439142814678286,0.9654460044014689,-0.0015690725148196653,-0.00131534754091945,0.00962033414184614
-0.2772533331369679,-0.3028943754994231,-0.24869209294962955,-0.11415390621580307,0.027641318158361135,0.045231478973958524,0.011529919924561314,-0.026756000970459905,0.9674700853736455,-0.0018177646077692945,-0.001592600874056418,0.009317439766346717
-0.44398380997530623,-0.22215786096880233,-0.5911955466279505,-0.1192060546261033,0.05967492794984538,0.09572202470804829,0.0019810802559757368,-0.026676003886198146,0.9707617299341655,-0.0024089601543972453,-0.002036584684031724,0.009095281905377913
-0.3025915931114164,-0.1854219422226879,-0.27709593643482017,-0.19370699232955563,0.014829744871574544,0.09208308041654316,-0.0025093913248254436,-0.036739012628602685,0.9757476353972299,-0.0026860560908320654,-0.0023391762771431406,0.008909859963155227
-0.30938100390039497,-0.2012962047548808,-0.49433112740097146,0.02846902145014341,-0.03816276482983844,0.08181873291313543,-0.0007504500275071235,-0.030369439748119117,0.9733560921271507,-0.0031803872182330365,-0.0026485572810435354,0.008708563758400345
-0.25383810892502495,-0.42062790743441253,-0.4013889221036362,0.009803984014085363,-0.12727991384346538,0.06993836354033087,0.007293209562686108,-0.024179360474815535,0.9667231337808992,-0.003581776140336673,-0.002902395389968561,0.008287935850965933
-0.3569016516530655,-0.4210272383268749,-0.34312213210837395,-0.03592435663334716,0.05275088432757578,0.09210572241372482,0.011290503439006101,-0.0366944628020893,0.971342666436023,-0.003924898272445047,-0.003259297041621626,0.007866908612639058
-0.4748855373673549,-0.4729978056888072,-0.14140072204363502,0.021401908126972145,-0.017777707673158945,0.0680973858635747,-0.0014187044636592605,-0.03828793232108159,0.9674898390286151,-0.004066298994488681,-0.003734182578988981,0.007393910806950251
-0.2719794748216002,-0.6549529923507897,-0.13538720601944826,0.008724554662532762,-0.050659362012839375,0.07540745989875039,0.005175239349851667,-0.029224116724785608,0.969278893409112,-0.00420168620050813,-0.004006162053810581,0.006738957814599461
-0.5980340935189439,-0.45368279166402914,-0.30187598213433653,-0.0009770447660818488,-0.08924753974472745,0.027338302165793443,0.00032876182824987483,-0.03654474053558128,0.9731050905234637,-0.004503562182642466,-0.004604196147329524,0.006285275022935431
-0.5430116559781618,-0.5819080190628444,-0.21716917631258448,0.055255640777531215,-0.017136901505804915,0.03440534646442735,-0.009048023853026797,-0.02294806056604864,0.9545925370961983,-0.004720731358955051,-0.005147207803307686,0.005703367003872588
-0.4080182346074967,-0.7172365920407717,-0.28443173291917606,0.13180979791071384,-0.07154984991319349,0.039167534834757725,0.006110633710216045,-0.034725659725778575,0.9664739187055836,-0.005005163091874227,-0.005555226037915182,0.004986130411831816
-0.4060712013785719,-0.6668925056516165,-0.17537620489336253,0.12834111379788138,-0.18132555282875396,0.06352935784019503,-0.002767477703791215,-0.03769124930312334,0.9628830851882384,-0.005180539296767589,-0.005961297239293755,0.0043192379061801995
-0.38805112704762523,-0.5643424802823667,-0.1359758344818398,0.11927351185002927,-0.13540380734229682,0.04810701256677601,0.005782310313923867,-0.035878006870939144,0.9632948043589609,-0.005316515131249429,-0.00634934836634138,0.003754895425897833
-0.4340096719149642,-0.7713312986061055,-0.05217889537103791,0.17374646426419588,-0.09315945635199782,0.006852952870950857,0.0049573457449748545,-0.026177593149936552,0.9645822145632138,-0.0053686940266204665,-0.006783358038256343,0.0029835641272917273
-0.23094992249849267,-0.8086932085401246,-0.09375735924538162,0.14330121861835743,-0.07419819160523285,-0.0009617372105062885,-0.0001352092061590246,-0.03983682037184816,0.9582285818673697,-0.005462451385865849,-0.007014307960754836,0.0021748709187516028
-0.32757210420238375,-0.7976297107588372,0.06562662758145399,0.2250209474592422,-0.14111981279186595,0.018463460105040654,0.0038015889566659607,-0.03529390686559278,0.9739418814742262,-0.005396824758284394,-0.00734188006495722,0.0013772412079927656
-0.4234325564683361,-0.419629908305474,0.10280973098338622,0.13084179682684435,-0.05666636961951494,-0.025380311639214143,0.006081453751783985,-0.034949823396290255,0.9802292277436773,-0.005294015027301008,-0.007765312621425557,0.0009576112996872914
-0.2144225523401742,-0.5531224318854365,0.0028837539160151276,0.16849080397313576,-0.18090094853388541,-0.05997542984931011,-0.006834188796854488,-0.04657720070393698,0.9683685077930853,-0.005291131273384993,-0.007979735173765731,0.00040448886780185495
-0.3029698128881434,-0.7153404236354264,0.1496086316383226,0.22462141083105952,-0.12652673760794528,0.0005131846339909759,0.0031401633398258485,-0.03629144975047474,0.975435358916435,-0.0051415226417466705,-0.008282704986653875,-0.0003108515558335715
-0.28677263683841386,-0.5638092446352164,0.14986510256798752,0.22299763512951737,-0.11679363920052026,-0.10438695954159075,0.003866176707418058,-0.034939537222723804,0.9640201589822652,-0.0049916575391786835,-0.00856947762349229,-0.000874660800468788
-0.16197895172518775,-0.503439632919287,0.45601892177524894,0.15958482764284437,-0.054879696474717674,-0.10230087904034535,0.0002464900118755234,-0.03843194347786126,0.9738961774188897,-0.004535638617403435,-0.008731456575217475,-0.001378100433388075
0.05050840535950389,-0.47130112856430856,0.4134530008216638,0.14741978537640849,-0.028107338060740415,-0.01680597910271319,0.009109796696294189,-0.030579106364435053,0.9648663071022374,-0.00412218561658177,-0.008680948169857972,-0.0018494015619523836
-0.30234859716793433,-0.47794308039511024,0.41363556139371366,0.2043406379501526,-0.017046896762297457,-0.13017564328962986,0.002160447248783506,-0.03033290734574081,0.9642597946882977,-0.0037085500551880565,-0.008983296767025908,-0.0023273446423474936
-0.2093991568653644,-0.49964066412980823,0.2855720471235208,0.2379981896066403,-0.1239445716153101,-0.02063884819453605,0.0120814457761417,-0.0337024324198776,0.9678796856806686,-0.0034229780080645353,-0.009192695923891272,-0.002826985306477302
-0.09475954996914875,-0.3622451293855648,0.54709136892988,0.2041803547907229,-0.04072258305620778,-0.14853916921855417,0.008175370247142247,-0.040308694172991065,0.9760816322142993,-0.0028758866391346556,-0.009287455473860421,-0.0031892304358628666
0.21048539877717512,-0.268551839481264,0.33363893297646513,0.09852841185050766,-0.10118919499141918,-0.1469023795317952,0.009899606518744452,-0.0391272308265815,0.9727378056966471,-0.00254224770615819,-0.009076970075083247,-0.0034577822753441307
-0.038968018959439396,-0.05527034499405514,0.3021733569679876,0.10776587409809617,-0.015013523420145397,-0.15635526278191234,0.004379016906501487,-0.029330788483715578,0.9742465527807203,-0.002240074349190203,-0.009115938094042686,-0.0035130526203381858
0.22101520398052238,-0.04705087576886446,0.6101735222641108,0.07392711738532871,0.07408612150210578,-0.17185010176459975,0.006305525346414584,-0.023204839917761864,0.959703307387117,-0.0016299008269260924,-0.008894922890062162,-0.0035601034961070506
0.23959948355592808,0.06993088361406778,0.43813213075195573,0.16992881147686942,0.10618336105697455,-0.052142468041695346,-0.0008876162329225733,-0.030269407812209163,0.961293239571039,-0.0011917686961741367,-0.008655323406506234,-0.0034901726124929827
0.30035548057547884,-0.027292734263002286,0.27497947741846995,0.08569381344991213,0.052543817676795335,-0.06130251225939696,0.01079749329633181,-0.032674967557768005,0.964295437090464,-0.0009167892187556666,-0.008354967925930755,-0.0035174653467559855
0.12268213769685152,0.13903841634988912,0.2975744833676727,0.05606696354910903,0.05959634083481786,-0.17647134869456343,-0.005331576762550957,-0.03998816014567749,0.9740859931677345,-0.0006192147353879939,-0.008232285788233902,-0.003378426930406096
0.2568581789420539,0.3477569003504356,0.39412987340559413,0.06302975708276419,0.053793716445748846,-0.039650910721031905,0.009098834435721508,-0.0347168560875106,0.970098653492869,-0.00022508486198239962,-0.007975427609291848,-0.0030306700300556603
0.3473369900858535,0.1774352415589402,0.25310055276240834,0.05249647103563185,0.07494771317365619,-0.16045929787060614,-0.0008612635158074503,-0.04183173379827755,0.957639203520933,2.8015690780008707e-05,-0.007628090619205995,-0.0028532347884967202
0.33988792461526274,0.5511147499062077,0.24165283673660742,-0.0060071702919483015,0.15481636168222002,0.034826131319486024,-0.007029065452829882,-0.03258018793191165,0.9651167627001576,0.00026966852751661614,-0.007288202694590732,-0.0023021200385905127
0.6140737552336273,0.44993778206386503,0.3879167861547381,0.005094724556011204,0.06271047989283393,-0.09663677302971571,0.0027309683593524053,-0.037357662677016665,0.9630963213863781,0.0006575853136713543,-0.006674128939357105,-0.0018521822565266478
0.5359157304837763,0.5617502278762118,0.10574755414228584,-0.02183540109177798,0.10061116696094223,-0.10704919398350789,-0.0008780874606116268,-0.04149924248816614,0.965713667453958,0.0007633328678136402,-0.006138213208873328,-0.001290432028650436
0.47356835094058564,0.347951240652172,0.0841742432665745,0.029473949110874312,0.12308301844386489,-0.04623111348910567,0.0026094900806936045,-0.03793706090094322,0.9776931840602642,0.0008475071110802149,-0.005664644857932743,-0.000942480787998264
0.4366966030677497,0.6633817895533425,0.37894592496622653,-0.05978040044093076,0.09843649117095761,-0.09571423799612366,0.00909004807308205,-0.033795479203728544,0.965318069775031,0.0012264530360464412,-0.005227948254864993,-0.0002790989984449214
0.45026349187184855,0.5349203833555917,0.09586451910002032,-0.058950868993464314,0.15941690685193996,-0.10619658481354419,-0.006640478688219108,-0.03486165392077151,0.9642370637699913,0.0013223175551464615,-0.004777684762993144,0.00025582138491067033
0.48437006146637107,0.6611272503415866,0.05624762574053964,-0.1197715533452505,0.21104781678882312,-0.04786340345890783,0.006808858780802805,-0.035688484845246275,0.9602906290371046,0.0013785651808870011,-0.004293314701526773,0.0009169486352522569
0.5522346020993991,0.5500097076279415,0.1228258808013612,-0.1318145031284215,0.17243391539675818,-0.00963647608894371,0.002699502439834722,-0.03437250992817502,0.9703115577899019,0.0015013910616883622,-0.0037410800994273742,0.0014669583428801986
0.28097931373575263,0.7901376375491252,-0.015575778931529595,-0.09412334823293769,0.11330178039788666,-0.0953076223160535,0.003087275593722307,-0.041581114847592304,0.9654410915611407,0.0014858152827568326,-0.003460100785691622,0.0022570959804293234
0.4747197345065185,0.5808587474086596,0.026343274071458755,-0.16477574109154175,0.1099910106564915,-0.02292335016070566,-0.010276038842782284,-0.04129847271663733,0.9617163117243801,0.0015121585568282914,-0.002985381051185103,0.002837954727837983
0.3646183582382768,0.734670740442862,-0.28794369117605345,-0.11558080413243195,0.08343903612896908,0.12058604183208378,0.0011261078033033293,-0.04074610507588888,0.9692041141195878,0.0012242148656522378,-0.002620762692946826,0.003572625468280846
0.4264975255129794,0.710822212920704,-0.11871089192763246,-0.1460917345552948,0.13065511705022453,0.04727808337165258,0.004006155742327341,-0.04307112978565466,0.964082077370291,0.0011055039737246054,-0.0021942651674338467,0.004283447681201549
0.30345607891265325,0.6810494877362258,-0.20910031355633435,-0.11021439899761674,0.09128224382291293,-0.04582539465605257,0.008444201350967847,-0.03651320854594123,0.9647966095963069,0.0008964036601682711,-0.0018908090885211934,0.004964497168937775
0.22116315925795546,0.6063898438637192,-0.15608850156852608,-0.2262344393201311,0.13099030095765424,0.07571695222176748,-0.009592831734023385,-0.04399560072278685,0.9606646053390849,0.000740315158599745,-0.0016696459292632377,0.005570887012801494
0.19201212905657722,0.6470262674604673,-0.44865943352873106,-0.07144470863238268,0.0780884290072612,0.10434290195740065,-0.003499369921823041,-0.03550785882067208,0.9560911408843781,0.0002916557250710139,-0.0014776338002066604,0.0062179132802619615
0.21525358817198248,0.5425315360842814,-0.3751069862048584,-0.2067631662912445,0.03424563284931488,0.09885699635091703,0.011818758548549479,-0.04461712458169241,0.9697228264839648,-8.345126113384449e-05,-0.0012623802120346782,0.006760444816346242
0.22074610797220337,0.4736269579360427,-0.23176459764179674,-0.04597428966656912,-0.003306136236295597,0.14502632398099075,-0.012572096219896864,-0.03315797959557547,0.9676484936248083,-0.0003152158587756413,-0.0010416341040624748,0.007234071774282286
0.08343351787430592,0.524975843395713,-0.14395072019951274,-0.11537441955756864,0.09715730193575209,0.1052374930543859,0.0035636665958463016,-0.03560111719733013,0.9670952690166797,-0.00045916657897515406,-0.000958200586188169,0.007759047617677999
-0.06666673599495518,0.6038500794345357,-0.3455222575000805,-0.08612715738602261,-0.00981738676414047,0.17090571740425975,-0.0009266958007726647,-0.04454433361872363,0.964800969044527,-0.0008046888364752346,-0.001024867322183124,0.008362897697112534
0.10972083524653316,0.32802228984917803,-0.2511542315361059,-0.1001107619264261,0.05784900699671378,0.12979039737361553,-0.005774785705920384,-0.034725508889625195,0.9626321965136151,-0.0010558430680113404,-0.0009151464869365908,0.008690919986961712
-0.016754140763403903,0.130129354419074,-0.13634662335931363,-0.08193228246923444,-0.011834540513637679,0.1390178015231754,-0.004554110305468583,-0.03768112611629729,0.9658900759643445,-0.001192189691370654,-0.0009319006276999947,0.008821049341380786
-0.2669655669065586,0.17436604691468482,-0.15830376992548162,-0.11472884811655071,0.010524736095149919,0.150985622968461,0.010053907548317927,-0.0315156471948633,0.9687548204865698,-0.0013504934612961358,-0.0011988661946065533,0.00899541538829547
-0.2650856375317658,0.20300116035417418,-0.012553307718118162,-0.029119966007037687,-0.02256640821114176,0.16647407850967832,0.0015925322316494989,-0.037909277894421375,0.9672379831209609,-0.0013630467690142539,-0.0014639518321383192,0.009198416548649646
-0.11753922810507322,0.03460892452844342,0.0299262378577278,-0.021757418384847845,-0.03310692214235942,0.14914988052054665,-0.003653373535706618,-0.045696690143573034,0.9617168931706117,-0.001333120531156526,-0.0015814910602433925,0.00923302547317809
-0.12690445040804627,-0.1422865420563422,-0.16356956040537385,-0.006827778357623592,-0.01618221212396207,0.09586635789288293,-0.006949130998201436,-0.039618946949462115,0.9700242176898206,-0.0014966900915619,-0.0017083955106514386,0.009090738931121748
-0.12648200969408974,-0.02980068614233244,-0.028366392170090703,0.05743049993289116,-0.11016640726015427,0.19597448612422122,0.0013743816211116617,-0.038444368946488325,0.965433312694298,-0.0015250564837319908,-0.0018348775203455283,0.009060938244979415
-0.3415034652094069,-0.13681189997321438,-0.0383915309927455,-0.05701098837222176,-0.03005442853472493,0.08161890454133457,-0.004829335601033516,-0.04020061724751987,0.9652760085146962,-0.001563448014724736,-0.0021763809855549357,0.0089241263450062
-0.3990942690348459,-0.23741949542277524,0.1820578700862853,0.025316712585652733,-0.08068203706313874,0.06935368858903666,-0.007882718066861735,-0.0349889661673385,0.962296564442364,-0.0013813901446384509,-0.0025754752545897814,0.008686706849583425
-0.3186553952436048,-0.19568924682992622,0.17796791560348543,-0.030325559577499665,-0.14741311086200282,0.011171872096764962,-0.004622208497298781,-0.032564236597101955,0.9627028985970046,-0.0012034222290349653,-0.0028941306498333863,0.008491017602753498
-0.5051281570327227,-0.17810949837893933,0.01992637197608743,0.1033720866324343,-0.15879147114804926,0.07642087513142821,-0.0014611164631428012,-0.03535549777611141,0.965995460213125,-0.001183495857058878,-0.003399258806866109,0.008312908104374558
-0.5398900654664825,-0.35521974699739106,0.28825575095003103,0.09682068412059756,-0.15801904923856677,0.053756157244705886,-0.004689673332054443,-0.04292277722692781,0.9582369456780324,-0.0008952401061088468,-0.0039391488723325915,0.007957688357377169
-0.4699957941663985,-0.2631597679072376,0.03442931290353382,0.06503710470394705,-0.19578606482392813,0.06681988242774421,0.0050618048281012,-0.03611154878112714,0.9628009677758348,-0.0008608107932053131,-0.00440914466649899,0.00769452858946993
-0.49357403337971806,-0.36436310134850847,0.14513342877911373,0.12591021195838958,-0.2666245393239187,0.013573115537610645,3.8782426401664204e-05,-0.038323794147183975,0.9621357109608554,-0.0007156773644261994,-0.004902718699878708,0.007330165488121422
-0.4933557614763847,-0.5008702485829656,0.09728725484413465,0.11699375922931282,-0.24246437296501785,0.11201437093459697,-0.005665180716669593,-0.04193359395622753,0.9637318926748664,-0.0006183901095820647,-0.005396074461355093,0.006829295239538457
-0.5626985541741801,-0.6113476247403111,0.17466931609212172,0.03440203535987284,-0.2507181227740763,-0.0018063040512050436,-0.0002975730643271536,-0.030864372542994165,0.9660957488632225,-0.0004437207934899429,-0.005958773015529273,0.006217947614798145
-0.6981339361529173,-0.3939529971388916,-0.0038060151977689083,0.13555295114093843,-0.2214427151086863,-0.014769605936263407,-0.005959583563177454,-0.037706150101047595,0.9576862350046265,-0.00044752680868771186,-0.00665690695168219,0.0058239946176592535
-0.6473446029302429,-0.4229949089415031,0.22759053701376963,0.07020674644134597,-0.27140117696125393,-0.004111117547363005,-0.005444296579017059,-0.04219483147327307,0.9730479262926334,-0.00021993627167394222,-0.0073042515546124336,0.00540099970871775
-0.6133252709593326,-0.48318764102851774,0.04524404467917853,0.11636449211197994,-0.18112680240500384,0.004039942069389355,-0.004678033276673415,-0.03888196514761134,0.9644007257271552,-0.00017469222699476367,-0.007917576825571766,0.004917812067689233
-0.4970091143177146,-0.45579564216424234,0.16197836991905637,0.14996488920443776,-0.21235668235285915,0.030533514104178525,-0.007220220569982248,-0.037205543646691555,0.9673877204941378,-1.2713857075707296e-05,-0.008414585939889481,0.004462016425524991
-0.5586168143173251,-0.4939081675869502,0.31502062169982836,0.10605095581441347,-0.23432601782820123,-0.010337669212176102,0.0006884822187290911,-0.029994351953865954,0.9691811431595992,0.00030230676462412114,-0.008973202754206806,0.00396810825793804
-0.6094086733134537,-0.31744538049483867,0.19031292945320147,0.09498873572842167,-0.24777849865761795,-0.0200465716944742,0.0002613367095213887,-0.03581499515330022,0.9735817575506839,0.0004926196940773225,-0.00958261142752026,0.003650662877443202
-0.5517793695686177,-0.42039451681658774,0.37794215367918405,0.15387752398725768,-0.2031451980490425,-0.04513113313142771,-0.010076869141358448,-0.04171459987521858,0.965198955776575,0.0008705618477565067,-0.010134390797088878,0.003230268360626614
-0.4725404636476148,-0.300864608074085,0.22750026893312403,0.08786364014747824,-0.15279587796376543,-0.09355312320631178,0.0031706669000650094,-0.03520147010416492,0.959822601767914,0.0010980621166896305,-0.010606931260736491,0.002929403752552529
-0.722356529547576,-0.2783540347878567,0.18974633902671204,0.05642348580633,-0.26869514463292044,-0.08909969974489546,-0.0029513873784081414,-0.03783569610328016,0.958001405450368,0.0012878084557163426,-0.011329287790284068,0.0026510497177646723
-0.5629555376014173,-0.3372478404389449,-0.014411712517932988,-0.016771975747561355,-0.2386535603652054,-0.16427139603517085,-0.01620449711661634,-0.04641253324831682,0.9665089059032989,0.0012733967431984095,-0.011892243327885486,0.0023138018773257276
-0.7079567885512316,-0.06848048411418965,-0.02672728345896551,0.04040375354396804,-0.20277527466513942,-0.08002627030223254,-0.0046668346809791185,-0.04538395666817881,0.9624519836671053,0.001246669459739444,-0.012600200116436717,0.0022453213932115378
-0.5073888143376076,-0.0969980873512807,0.014392394570582862,0.05427573483982928,-0.19903522204707286,-0.03699998171156379,-0.002758387050141872,-0.04268835926966303,0.9723415915803526,0.0012610618543100268,-0.013107588930774322,0.0021483233058602574
-0.523601402224616,0.22116212353389636,-0.13531893097730957,0.07248008873157495,-0.1872902165034728,-0.07575083546384187,-0.009516727203184394,-0.043736741939031494,0.9605309620257935,0.0011257429233327172,-0.013631190332998939,0.0023694854293941536
-0.2952271349640753,-0.06063233540593055,-0.12497463275342252,-0.08360029678342747,-0.10247083109231164,-0.0413432560147552,0.0058480501333028935,-0.04428252163610714,0.959037332443098,0.0010007682905792948,-0.013926417467963016,0.002308853093988223
-0.27318471105918585,0.2673369360532243,-0.05130341507231223,-0.012131305867596375,-0.08425121477959105,0.02938292294794407,-0.010766096655079261,-0.03661031710289928,0.9586954690432206,0.0009494648755069826,-0.0141996021790222,0.0025761900300414475
-0.1355614222730261,0.14025403263360453,-0.19379916512258097,-0.020767776017022104,-0.07830722060543306,-0.045254961610747185,-0.0036236531880091596,-0.03419709394823521,0.9757000138138952,0.0007556657103844016,-0.014335163601295227,0.0027164440626750515
-0.32761106352752034,0.1355468358778877,-0.39587880597772207,-0.0903342894195264,-0.030296842729746806,-0.016911760707505913,-0.010000083805545767,-0.045439713605440045,0.9719498918851488,0.0003597869044066795,-0.014662774664822749,0.002851990898552939
-0.22219466717437783,0.12959431446157876,-0.20819275999527626,-0.0159487812116144,-0.020459891896532377,-0.029166786264932854,-0.00987764558763015,-0.03973065148084263,0.9588227517506458,0.00015159414441140323,-0.014884969331997126,0.002981585213014518
-0.20103866239544402,0.13686946520366142,-0.35333359897684635,-0.14722562331793937,-0.02836321161512134,-0.061968083143018014,-0.006224867845900067,-0.033053542159872024,0.9621769488775446,-0.00020173945456544316,-0.01508600799439257,0.003118454678218179
-0.005051226984501417,0.24686367432003686,-0.38900130631888713,-0.04516477060769279,0.00903746837728333,-0.02483052581167377,-0.01099786294942779,-0.03470193134725152,0.9618487860944737,-0.0005907407608843302,-0.015091059221377072,0.0033653183525382165
-0.08900707455248363,0.2702861727328649,-0.10278445439888528,-0.1384641888308437,0.060681004494723995,-0.05380305136128339,-0.008784241827767372,-0.040728048075008474,0.9549911476514773,-0.0006935252152832156,-0.015180066295929554,0.0036356045252710816
-0.12921976164742024,0.33076788123653866,-0.3520629479096817,-0.12589273230447964,0.018311995967958374,0.04413525272074651,-0.010497822205596457,-0.04159099845968933,0.9631335660486552,-0.0010455881631928972,-0.015309286057576975,0.00396637240650762
-0.15012358992294506,0.3196423865033028,-0.15773118787445112,-0.19322866709189873,0.10770987601340236,0.05859605438101617,-0.01526713647562924,-0.03163029982773227,0.9670138837548136,-0.0012033193510673484,-0.01545940964749992,0.004286014793010923
0.21217037146975887,0.5023868436032557,-0.45331730401139136,-0.2566213567287344,-0.02966684634522799,0.02330257223136626,-0.00900326556615522,-0.03238468705616727,0.9640069678704997,-0.00165663665507874,-0.015247239276030162,0.004788401636614179
0.17107873218398656,0.3050272408062161,-0.43948310668741986,-0.20297092627178118,0.13278911382067127,0.11744352743571715,0.0029202108141635286,-0.031783648757525415,0.9623060432953476,-0.0020961197617661593,-0.015076160543846176,0.005093428877420395
0.21116369181619304,0.3402889514983058,-0.4072868870929448,-0.1778845458408791,0.1666514244821713,0.03741662700113212,-0.010509528945519056,-0.040405457126546605,0.9615741279334128,-0.0025034066488591046,-0.014864996852029983,0.005433717828918701
0.4031564296851979,0.38355351166960705,-0.35013244501373975,-0.2378534711991495,0.1254682871672286,0.09589513868017242,-0.008064007272799163,-0.04047163887046532,0.9614357468522763,-0.0028535390938728444,-0.014461840422344786,0.005817271340588308
0.30970122912773757,0.31018552985764897,-0.3464987031165863,-0.23024859361049854,0.23183455198188632,0.053575952985995004,-0.007391256818886477,-0.04493695885277359,0.9644539111082793,-0.003200037796989431,-0.014152139193217046,0.006127456870445957
0.18913888914549637,0.4711461475073161,-0.3878801955487223,-0.21563998549039076,0.2486435683645116,0.09180383487077506,0.0007524812664806545,-0.038138854687263114,0.9705997869608686,-0.0035879179925381527,-0.013963000304071549,0.006598603017953272
0.2584966359584765,0.24917991535941936,-0.15258879557261598,-0.2870043777978196,0.2178472476846623,0.014703958398669411,-0.005890969005749118,-0.0416091436306697,0.9615382678814632,-0.0037405067881107687,-0.013704503668113075,0.006847782933312692
0.49303876366559396,0.275945627842783,-0.20002079060760772,-0.22827810531694753,0.2905565031886576,0.05950718992053155,-0.012731281669381197,-0.03948475170802189,0.9595243351521542,-0.003940527578718376,-0.01321146490444748,0.0071237285611554756
0.5432958749111025,0.22678224927453058,-0.0793742384318982,-0.2004218697587604,0.1887883203496923,0.0876403192242047,-0.016875601748429732,-0.05106890093158667,0.9587566856471644,-0.004019901817150275,-0.012668169029536379,0.007350510810430005
0.7358074203629361,0.18051864258102732,-0.08674585010246655,-0.22569513707956984,0.2694505657567036,0.12424261655682738,-0.01313075232995865,-0.041621659797653116,0.9726567083069495,-0.004106647667252741,-0.011932361609173442,0.007531029453011033
0.544047090904712,0.38895380067272844,0.1933553182981514,-0.13571479247402987,0.29618773160012357,0.08782971533161997,-0.007954099512024363,-0.03298584166867189,0.9724854783640431,-0.00391329234895459,-0.01138831451826873,0.007919983253683763
0.760055292796507,0.24046067302318988,-0.005736084901799214,-0.16883992542023435,0.18186330704789289,0.14530503182305454,-0.014587515381722408,-0.038839262155626775,0.9629586129750147,-0.003919028433856389,-0.010628259225472224,0.008160443926706952
0.4725364358670767,0.10217925402280284,0.13088316429408672,-0.26043157804316175,0.2351184544910568,0.06402301839331564,-0.0021540210256369907,-0.053396175377245954,0.9637227523470758,-0.0037881452695623023,-0.010155722789605144,0.008262623180729754
0.530846430000749,0.016761501338506284,0.21353389953318822,-0.17105838410069762,0.1613766565841745,0.033602807267624296,-0.010622615280767644,-0.03626291529567138,0.9618443516263779,-0.0035746113700291134,-0.009624876359604398,0.00827938468206826
0.5074152528405914,0.11284634616256281,0.007274157271561957,-0.16117108546541595,0.25964301008346913,0.15286318156996942,-0.0022808530859931616,-0.03342456319294426,0.9574768435902795,-0.0035673372127575514,-0.009117461106763805,0.008392231028230824
0.6520355068459505,-0.1623524082455615,0.0653341278707555,-0.14894648173965583,0.28920149351372804,-0.007502622574291526,-0.011085125785004448,-0.04733973827539176,0.9628877403271779,-0.0035020030848867964,-0.008465425599917855,0.00822987861998526
0.7579921991911153,-0.24074344290294786,0.11413801234324088,-0.02049444251889184,0.17982828973341292,0.018466808668143146,-0.01343561396285757,-0.03859275696463575,0.9556240943504564,-0.0033878650725435557,-0.0077074334007267405,0.007989135177082314
0.6140933096088498,-0.28246143265260354,0.21830760944471067,-0.03987357944933699,0.19136721229590356,0.04080116346332118,-0.014230669541575244,-0.04127306227332886,0.9588906595819522,-0.0031695574630988457,-0.007093340091117891,0.0077066737444297095
0.5283298725560488,-0.35161609247046616,0.2595417241897607,-0.06274545334469214,0.15669881178426226,0.016646402402935752,-0.006954757160338975,-0.037361781758511736,0.9604076765395797,-0.0029100157389090847,-0.006565010218561842,0.0073550576519592435
0.6806029773896466,-0.36733980409725187,0.34484705920194736,-0.04402485115451206,0.27722035735162764,0.023453086027766044,-0.0032018757653549798,-0.0363142322166139,0.968198258014773,-0.0025651686797071374,-0.0058844072411721945,0.006987717847861991
0.586814454343476,-0.4486507723835973,0.5090793082970045,-0.014327769203306525,0.10823248174347953,0.00952520400772812,-0.007444324991659502,-0.04066701594246424,0.9631259572483436,-0.0020560893714101323,-0.005297592786828719,0.006539067075478394
0.6472123560477376,-0.7300757007183485,0.19607169379818898,-0.003660303557398468,0.09101720137819154,0.09090417999500697,-0.015820340180457675,-0.039498574152552875,0.9578731534097559,-0.0018600176776119436,-0.004650380430780981,0.005808991374760046
0.547074879308453,-0.5282099232762104,0.21276099289787379,0.013429498289695443,0.13921510835439663,-0.031846803719107315,-0.00948918121146768,-0.0308522948498097,0.9681947891325408,-0.0016472566847140699,-0.004103305551472528,0.005280781451483836
0.5186700529842297,-0.5471502081609438,0.3171843174400582,0.08900098741555645,0.0914885547874978,-0.017985142819693767,-0.010901552520602183,-0.01965319715105349,0.9620570654152379,-0.0013300723672740116,-0.0035846354984882985,0.004733631243322892
0.7066493401030184,-0.5830979539317064,0.2742493854762174,-0.006227508923720777,0.18940560258086128,-0.04461161210660453,-0.020944677951153776,-0.03588025343327521,0.9576769275557313,-0.0010558229817977944,-0.00287798615838528,0.004150533289391185
0.3530558859539537,-0.7266936725056738,0.21084399833732206,0.12912511290146406,0.146377201900866,-0.16857360365807614,-0.010033948253274173,-0.03839451587802541,0.9657274528718288,-0.0008449789834604722,-0.0025249302724313265,0.0034238396168855116
0.46704277857652277,-0.8220759830040106,0.31732822417004525,0.05475225788292617,0.06535826514781953,-0.12472934224175429,-0.005909122181258494,-0.04266230349082878,0.9633950599610964,-0.000527650759290427,-0.0020578874938548034,0.002601763633881501
0.4577822243019841,-0.571706429851537,0.3559596613790358,0.16226316111091288,0.06034561711819325,-0.18082723823933816,-0.002293771694768342,-0.040162085833493504,0.9513903566890365,-0.00017169109791139115,-0.0016001052695528194,0.002030057204029964
0.4496744153411173,-0.728933214209077,0.29848731073592527,0.2011638745931142,0.03255152759546773,-0.14103536682887227,-0.006456450566899485,-0.039461032644063074,0.963290004439126,0.00012679621282453413,-0.001150430854211702,0.001301123989820887
0.18230893663272507,-0.7356949448648828,0.2180190279991588,0.11817481824888684,0.028533254028051187,-0.10774554797906373,-0.018626449686292755,-0.03905538680366881,0.9590274892495224,0.0003448152408236929,-0.0009681219175789768,0.000565429044956004
0.29015476296683557,-0.7379999145268025,0.24245812232503308,0.14177916136920496,-0.012264160600250236,-0.06793952063338997,-0.015116054616901346,-0.05068056155089966,0.9582962734428419,0.0005872733631487261,-0.0006779671546121414,-0.0001725708695707985
0.15280832527259536,-0.6028104278791789,0.024742480877862183,0.22582335059393374,-0.0975467104571679,-0.0513965534583349,-0.006155539406159527,-0.04280898293854426,0.9607959262792128,0.0006120158440265882,-0.000525158829339546,-0.0007753812974499774
0.14648367150301259,-0.5313867811207194,0.23583289946002378,0.17271746090421972,-0.10428248926754634,-0.0018985987367870858,-0.01668083233031661,-0.0410344421929415,0.9531997951706728,0.0008478487434866121,-0.0003786751578365334,-0.0013067680785706969
0.0608089052640279,-0.5473515484698002,0.12099584617484554,0.15406125088671116,-0.037313046816186725,-0.1128204934203986,-0.008056554057178368,-0.041582808119317916,0.9611200429341665,0.0009688445896614575,-0.00031786625257250554,-0.001854119627040497
0.003943812292384989,-0.506950055030637,0.11525707356058681,0.15659909411464518,-0.11581476834698284,-0.11511394890260075,-0.013613994138206308,-0.037973559912218645,0.9636300901660116,0.0010841016632220444,-0.00031392244028012053,-0.0023610696820711343
0.17173082492384767,-0.5323978364215776,0.042367411149428824,0.29543749768900845,-0.04346381493291878,-0.17964641390841,-0.011604707771628071,-0.030854515451871695,0.9580818963434881,0.0011264690743714731,-0.00014219161535627284,-0.0028934675184927113
0.07034707397940662,-0.4831001263827304,-0.17328139465108816,0.15949006016661704,-0.080032410783805,-0.15570573171188232,-0.016984060203572227,-0.036876089113754985,0.9607337842613124,0.000953187679720385,-7.184454137686623e-05,-0.0033765676448754417
-0.22322035364058493,-0.4151480951960157,-0.09295557081390013,0.19746213547116861,-0.17316118465063332,-0.06862258877966389,-0.009744764577022613,-0.037478260932644385,0.962385722649304,0.0008602321089064849,-0.00029506489501745115,-0.0037917157400714574
-0.1504284074335689,-0.26752308893199817,0.05727861437237816,0.19461723574486955,-0.17655720431142896,-0.010724194168150842,-0.013723569308860536,-0.035977756031399195,0.9644819477106494,0.0009175107232788631,-0.0004454933024510201,-0.004059238829003456
-0.17536197202262163,-0.2939795311260284,-0.05739659286301088,0.22437717137073684,-0.18689985847672735,-0.025884241110278663,-0.002841412643164362,-0.032770903846868614,0.9651850898785654,0.0008601141304158521,-0.0006208552744736417,-0.004353218360129484
-0.058823471418815304,-0.10540240078939228,-0.17127893750800152,0.22772367576916716,-0.09407892334752876,-0.10595066838356776,-0.01407785284986195,-0.025408378873986413,0.9589724786172635,0.0006888351929078507,-0.0006796787458924569,-0.004458620760918877
-0.3541800540688378,-0.022548451930380964,-0.09121150832256285,0.041298338172215496,-0.07635443295013945,-0.11859094956115619,-0.00013134375921984576,-0.03830944410805401,0.9606677213203005,0.0005976236845852877,-0.0010338587999612948,-0.004481169212849258
-0.3374684195064617,0.05878550852958281,-0.09132812109153708,0.17500524838187254,-0.14367517052148626,-0.13543294266787928,-0.00946675189014929,-0.038436395115013684,0.9543085501254913,0.0005062955634937506,-0.0013713272194677566,-0.004422383704319675
-0.37134660028608996,0.024533012284469462,-0.0685948498519004,0.09856779561115599,-0.1219180276603627,-0.043540762595940266,-0.013084408853946638,-0.03795958586489357,0.9586982115520372,0.0004377007136418502,-0.0017426738197538463,-0.004397850692035205
-0.521763857775072,0.054679924923905734,-0.14000756912503726,0.027655450843428887,-0.10108644556463152,0.06253397731555406,-0.01565757532509606,-0.03781620469157777,0.9685236746071801,0.00029769314451681293,-0.0022644376775289186,-0.0043431707671113
-0.5406026336644759,0.21959942921549502,-0.07362875703124558,0.09890768965954369,-0.06818351672509991,-0.03339806764010302,-0.013237585823744192,-0.043257880236335276,0.9569872879141998,0.00022406438748556737,-0.0028050403111933944,-0.004123571337895805
-0.329096831396931,0.2406683571805725,-0.21901693724900756,-0.005144487683756471,-0.11381815220541742,-0.023533075612906136,-0.014592939975848448,-0.039229290303430635,0.9677316907765745,5.047450236559809e-06,-0.0031341371425903253,-0.0038829029807152327
-0.4452476052988691,0.2938630433243004,-0.12139839459476295,0.07418828325696465,-0.06768286747778325,0.00900142535511555,-0.012476327659737838,-0.043295551398216794,0.9562119181749954,-0.00011635094435820315,-0.0035793847478891947,-0.003589039937390932
-0.3519491475683682,0.3930910678482326,-0.30988753773736116,-0.02056237286710639,-0.07830559788773994,0.023106191557845407,-0.013812371332811466,-0.03465300280768408,0.9653137243302816,-0.0004262384820955643,-0.003931333895457563,-0.0031959488695426997
-0.5457183225587783,0.5408929753979672,-0.10622699353849412,0.026130187631517244,-0.13189980619757458,0.05398676008602087,-0.004837083692279384,-0.02380427680125985,0.962962988658909,-0.0005324654756340585,-0.004477052218016341,-0.002655055894144732
-0.4964931511832576,0.4433675930651475,-0.14514384256097435,-0.007144491577667849,0.01407773921590004,-0.04885154634271879,-0.009134358418675416,-0.03803028768704407,0.9700410303212422,-0.0006776093181950328,-0.004973545369199599,-0.0022116883010795843
-0.41780126832831815,0.750400348898071,-0.07674941163731791,-0.11214729126953765,-0.018296270538329086,0.03334136765826904,-0.007911494966569493,-0.03529949465994506,0.9495423109177455,-0.0007543587298323507,-0.005391346637527918,-0.0014612879521815137
-0.5183209422375872,0.6689704246775264,0.019477765785859885,-0.137291102236995,-0.025607559927682322,0.07248170423149514,-0.007063756387964197,-0.03343421514360787,0.9576902659142211,-0.0007348809640464908,-0.005909667579765504,-0.0007923175275039873
-0.3824533623929828,0.5981703934248591,-0.17196686567047878,-0.08094242560650944,-0.035270759608114245,0.1132238124811344,-0.015206686022784743,-0.044811635054939104,0.9699889193672827,-0.0009068478297169695,-0.0062921209421584875,-0.0001941471340791281
-0.3668137020329246,0.7426377033576065,0.10616549794124244,-0.12346553911954504,-0.017114487115135035,0.08501424020702426,-0.01936246451076897,-0.03563094573783111,0.9621272423160718,-0.0008006823317757272,-0.006658934644191411,0.0005484905692784784
-0.35509683925130714,0.5914956052727225,0.06131980236659672,-0.0830848759204982,-0.034476592523732814,0.12824192535895743,-0.011279775516559348,-0.03743351852971457,0.9643273230032439,-0.0007393625294091305,-0.0070140314834427194,0.0011399861745512011
-0.43146495071082774,0.7057136546064741,0.05689343892253634,-0.1327952950335054,-0.0044268407077593585,0.09689967218907881,-0.013269959621501187,-0.04706113994821172,0.9573389582530832,-0.0006824690904865941,-0.007445496434153547,0.0018456998291576752
-0.14076110993665342,0.7322233630574437,-0.06297932943274565,-0.16871317358681684,0.018956273993868365,0.1676779738493536,-0.014157841438101776,-0.04042069548686408,0.9561588820365412,-0.0007454484199193399,-0.0075862575440902,0.002577923192215119
-0.35764688313411863,0.7444510790456359,0.03218692101028722,-0.11930987746143706,0.050466255232649186,0.14716748078699063,-0.0016973259486353486,-0.05267354201215245,0.9675324108595197,-0.0007132614989090526,-0.007943904427224318,0.003322374271260755
-0.21836192365201754,0.6439676409987768,0.22311498888676057,-0.23132457477734722,0.14833622300825416,0.14236223170751194,-0.010632378600116562,-0.04823713665947272,0.9611867552110971,-0.000490146510022292,-0.008162266350876335,0.003966341912259532
-0.1831442280695319,0.5210486523257754,0.15417135655006436,-0.1986757881260439,0.12797327452377438,0.1696093787900364,-0.018867899551678644,-0.045997636454889475,0.9776791212871527,-0.0003359751534722276,-0.008345410578945866,0.004487390564585307
-0.125836036311781,0.5983683693647274,0.3001509507736386,-0.1843172510742413,0.07078650970222866,0.15678119056238884,-0.01239843214941741,-0.04689831463242364,0.9621712994139233,-3.5824202698588994e-05,-0.008471246615257649,0.005085758933950035
-0.2347057287328878,0.6860195443776331,0.2843935936093484,-0.24213567474178765,0.05004194133581584,0.10079184921320146,-0.01156619807338725,-0.032534207986006675,0.9653086176174368,0.0002485693909107594,-0.008705952343990537,0.005771778478327667
-0.024580144521514777,0.4440449883107338,0.13711041074477315,-0.11256006050141387,0.0885254662655384,0.08417031673525523,-0.01751989051785103,-0.04559989431943991,0.9666509648869218,0.0003856798016555326,-0.008730532488512051,0.0062158234666384
-0.08602579868478707,0.3893279153801114,0.2212627782660123,-0.16001030487637202,0.20122732234298296,0.1738055004302002,-0.010131865944235374,-0.038211914037746784,0.9638135444432903,0.0006069425799215449,-0.008816558287196838,0.006605151382018511
0.08070721812094475,0.381634901153597,0.21886669252405583,-0.10182335369337621,0.17065062527583835,0.1921083253404966,-0.01984985060291573,-0.040169513274271186,0.9653846845553451,0.0008258092724456007,-0.008735851069075892,0.006986786283172109
0.1584488406275332,0.4054480546647665,0.32124565661233184,-0.06806381794204303,0.13540412951813424,0.14734897575913994,-0.01829417813581024,-0.04025741075225881,0.9678909112700373,0.0011470549290579326,-0.008577402228448359,0.007392234337836876
0.1082776359402154,0.17065590684319054,0.23002597102437203,-0.03238994791018063,0.1435929608364973,0.1350957241473036,-0.015864029408433372,-0.041896678711122806,0.9611077375017677,0.0013770809000823046,-0.008469124592508143,0.007562890244680067
0.08145163052823544,0.15606705609391192,0.20389244288079456,-0.04005534811773415,0.19478886916896304,0.02567211696598104,-0.016505761215909093,-0.04311192026727831,0.9584096098770112,0.0015809733429630992,-0.008387672961979908,0.007718957300773978
0.3423210896467235,0.048413655493445965,0.23815646694745715,-0.1335915359210653,0.13920277938312373,0.052051353875118056,-0.01394099704642599,-0.035758337540227315,0.9661358523937177,0.0018191298099105562,-0.008045351872333184,0.007767370956267424
0.2531242122643132,0.22935895647169116,0.1413968644759285,-0.08687153348946339,0.2371743049342593,0.03323958243334532,-0.018353928974710536,-0.051817773100157706,0.9693252183417486,0.001960526674386485,-0.007792227660068871,0.007996729912739116
0.16123676609475907,-0.07370813616072412,0.2249240476583924,-0.10870096936421045,0.13203246090455606,0.01849638301082534,-0.012698192293736239,-0.03432118881218702,0.9575967167895599,0.0021854507220448773,-0.007630990893974112,0.007923021776578392
0.15308714418460834,-0.028121841561393298,0.12630859796835855,-0.05575745547994479,0.07770171725543285,-0.016063963954713233,-0.013113085576691736,-0.04160581939243996,0.969610984764504,0.002311759320013236,-0.007477903749789502,0.007894899935016998
0.3364856700698988,-0.1701440799483427,0.20135729490847168,0.06750148192665588,0.01824410508991113,0.022863789501273935,-0.030956036698217337,-0.03831478415660735,0.9553446554824935,0.002513116614921708,-0.007141418079719604,0.007724755855068655
0.2859215739375548,-0.11871704950800022,0.11513669160024696,0.030703939496980942,0.11693647767790742,0.0110259724407094,-0.008274263335921857,-0.035999401737168917,0.961370373267051,0.0026282533065219546,-0.00685549650578205,0.0076060388055606545
0.22572443157892536,-0.11337884558394527,0.013534543022107926,0.07727156931797051,0.07399338099835386,-0.05767581715526681,-0.012545311736065273,-0.032796481274350794,0.9534365334349444,0.0026417878495440627,-0.006629772074203125,0.00749265995997671
0.36434564106826983,-0.27779339343505416,0.10188826790142176,-0.013181242574824564,0.026246765934613385,-0.06066068468578124,-0.016004847858746583,-0.04300470267775707,0.9517791750047361,0.0027436761174454843,-0.006265426433134855,0.007214866566541656
0.23799403018246815,-0.22431110496440243,-0.15225792190757673,0.05106563810961524,0.08333896533814333,-0.028146228044348846,-0.019348017145492825,-0.04140074541589887,0.9598790038248877,0.0025914181955379078,-0.006027432402952386,0.006990555461577253
0.384257050379907,-0.2795834750033592,-0.11789792081029692,0.09938304449040392,0.047114077369675836,-0.047058863603756745,-0.011809204667599858,-0.04708418512598635,0.9634884023140134,0.0024735202747276108,-0.005643175352572479,0.006710971986573894
0.4072118422334679,-0.344660424022372,-0.1631333976069064,0.03785627035728081,-0.003812836151937317,-0.07990007035627385,-0.01852611535941376,-0.0372575727163718,0.9604216026748611,0.0023103868771207044,-0.005235963510339011,0.006366311562551522
0.2909142737292927,-0.3017469411470727,-0.17389303217415109,0.08219036488854689,0.011889159718931655,-0.06764265948857082,-0.01760625627301224,-0.028948620435918594,0.9703079567362444,0.0021364938449465534,-0.004945049236609719,0.006064564621404449
0.4090351157288988,-0.1762141470768672,-0.3094626327901856,0.1420590443057404,-0.02722341472852661,-0.1217624296759731,-0.017026390628014053,-0.0417545432797958,0.9548522770805802,0.001827031212156368,-0.00453601412088082,0.005888350474327582
0.2862140157811326,-0.2894222548291827,-0.2717164395199896,0.14988289563109286,0.0011619933335354684,-0.035300982456948016,-0.01752755954503447,-0.040254565216891046,0.9608865086092778,0.0015553147726363784,-0.004249800105099687,0.005598928219498399
0.34800882893509416,-0.5829176114235073,-0.37405702418219516,0.13189215616054809,-0.05573411616978066,-0.08403898054277158,-0.016981265995161317,-0.0366166698822882,0.9572441005351883,0.0011812577484541832,-0.0039017912761645937,0.005016010608074892
0.17285794286853418,-0.555022546980162,-0.484233112582111,0.10748623873595228,-0.0961578845546564,-0.08496433562582542,-0.02406219010388249,-0.03939742910619736,0.9587106361186964,0.0006970246358720721,-0.00372893333329606,0.00446098806109473
0.3214599563529707,-0.40888101187503423,-0.37083572930055947,0.1131828503272676,-0.04159269103472647,-0.041891646896764216,-0.013730383773253432,-0.03488584248637104,0.9576143828478614,0.0003261889065715126,-0.003407473376943089,0.004052107049219696
0.3973503195593472,-0.589427027178457,-0.3395910598554478,0.054794985060990876,-0.16376670460952786,-0.012504783881343755,-0.020031870671370865,-0.03909448369521696,0.95873095494777,-1.3402153283935181e-05,-0.003010123057383742,0.0034626800220412383
0.1029103230488348,-0.368936024169921,-0.47949297807513314,0.18425312242107994,-0.1961750210598552,-0.05430723282583958,-0.01674683814298256,-0.03391106724806568,0.9600502396031195,-0.0004928951313590683,-0.0029072127343349073,0.0030937439978713176
0.30159978500758494,-0.47835574508979506,-0.4088590566967325,0.03433396959916642,-0.17580416122591336,-0.07618454060396827,-0.01853315937712744,-0.04108608507489037,0.9544194729942768,-0.0009017541880558009,-0.002605612949327322,0.0026153882527815225
0.13189610096034673,-0.2672480985172356,-0.30925519438110266,0.1410797010789209,-0.2439725667529304,-0.022344086623297718,-0.01624201196931597,-0.038235026901870806,0.9659061589310312,-0.0012110093824369036,-0.0024737168483669756,0.002348140154264287
0.24463260222030692,-0.20167600582938822,-0.2819366419803855,-0.015251836365873343,-0.2461303792455892,-0.029070554917305202,-0.01710733232230736,-0.043444287280672254,0.9668093667405435,-0.001492946024417289,-0.0022290842461466687,0.0021464641484348983
0.2909015775267343,-0.21091329701354494,-0.2525964095444503,0.045973840090919184,-0.19942963997468854,-0.00816566049577225,-0.01839569319341411,-0.041844064870487446,0.9613497386875482,-0.0017455424339617395,-0.0019381826686199347,0.0019355508514213539
0.07765341833237915,-0.18186689459956765,-0.40999388873718096,0.06050377868511355,-0.1959366448866579,0.024305920405828525,-0.01566627585969906,-0.037991564648113936,0.9597357222810156,-0.0021555363226989205,-0.0018605292502875553,0.001753683956821786
0.08000125960592475,-0.16720987398097742,-0.04088842713433702,-0.005445412376884265,-0.218539551448017,-0.00948274103110454,-0.012033346234307019,-0.03849447440368508,0.9592928962242018,-0.0021964247498332573,-0.0017805279906816308,0.0015864740828408085
0.015838420316403118,-0.030763895468674685,-0.3956686535395052,-0.05756013774202286,-0.19003330918757985,0.05524031871967898,-0.014973910007949185,-0.033543570577066806,0.9654195832881162,-0.0025920934033727625,-0.0017646895703652275,0.0015557101873721337
0.030079537763378073,-0.11193264672126164,-0.21641429923298108,-0.04526688080046341,-0.23768826325027578,-0.005953376893810021,-0.011268652874745828,-0.03672206683551836,0.9555673044451405,-0.0028085077026057436,-0.0017346100326018493,0.0014437775406508724
-0.1404575513793814,-0.026326965659056498,-0.3916184844167145,-0.03834021703047499,-0.3038576662355357,-0.0002052770238132138,-0.010497068944764366,-0.03893249732631819,0.9633602208364971,-0.0032001261870224585,-0.0018750675839812308,0.0014174505749918157
-0.09607129840939971,0.16372548640346785,-0.20843530468423865,-0.03894345761820274,-0.1844403080948544,0.08115610921877615,-0.0189680599290881,-0.04063929796262356,0.9587283063301674,-0.0034085614917066967,-0.0019711388823906305,0.0015811760613952835
-0.2854994748635742,0.13450108151727475,-0.1479214871421332,-0.0714235721253649,-0.21917907728494374,0.07028890201474787,-0.008670331482615956,-0.0374617985471445,0.9583205514942842,-0.00355648297884883,-0.002256638357254205,0.0017156771429125582
-0.14339198201857672,0.17024561698442411,0.12419969307347714,-0.07972682194998398,-0.17928050917933577,0.05203304061523333,-0.01884151582602708,-0.03348273361136411,0.9598997828646668,-0.0034322832857753525,-0.002400030339272782,0.0018859227598969825
-0.41492897171293847,0.3616269752967194,0.21835105093909007,-0.08933708484525922,-0.17554685077946278,0.06625430740303508,-0.023380203624954046,-0.04148757026054194,0.9613054895448577,-0.0032139322348362625,-0.00281495931098572,0.002247549735193702
-0.39751407926772286,0.2981355880425864,0.11740916736260044,-0.09246838246011241,-0.14592897433339094,0.06014773318976108,-0.015890122725894365,-0.02419418715074502,0.9533350429020071,-0.003096523067473662,-0.003212473390253443,0.0025456853232362882
-0.4573303725937777,0.28848393971811037,0.09192852296979565,-0.1607948536526009,-0.22342781453584384,0.06987282531375331,-0.014231143298367341,-0.04477035557266584,0.9557250173437831,-0.0030045945445038662,-0.003669803762847221,0.002834169262954399
-0.39143417758680144,0.43646762682789986,-0.08005581292517183,-0.14090393075253427,-0.22400017646182385,0.027374778901601365,-0.007280937287528499,-0.041959199667816915,0.9573421660442448,-0.0030846503574290377,-0.004061237940434022,0.0032706368897822986
-0.38859857329438596,0.29656725714187154,0.1450078252015709,-0.22386654621424737,-0.15979389699574822,0.05036361529175031,-0.012893968722094782,-0.040159848997998744,0.9618237656009668,-0.002939642532227467,-0.004449836513728408,0.00356720414692417
-0.4464716122330426,0.07567454407794694,0.0770025066594543,-0.25649349015837064,-0.14601366195126653,0.07911850384495821,-0.010826736775242766,-0.03310265993580853,0.9512768809460791,-0.002862640025568013,-0.004896308125961451,0.003642878691002117
-0.5869281219076254,0.5567860358289616,0.2299480617980906,-0.21624691273482993,-0.06518100422322724,0.014714592376142898,-0.011011861814280051,-0.03041984123527302,0.9650353554216288,-0.0026326919637699227,-0.005483236247869077,0.0041996647268310785
-0.407300808344332,0.2947700312333459,0.29359002600451434,-0.06475090417762559,-0.0790764025738362,-0.014250154078025332,-0.020259269361490834,-0.03931925549340777,0.9681060847179802,-0.002339101937765408,-0.0058905370562134084,0.004494434758064424
-0.4603200763607361,0.5842851982802818,0.37070214233921345,-0.2121308370949328,-0.07504955707963358,0.006307162418737152,-0.014770592883870582,-0.04192946106210877,0.9563279761132994,-0.0019683997954261945,-0.006350857132574145,0.0050787199563447055
-0.5718124528116281,0.34164902983415557,0.3446102295556442,-0.17845867692343023,-0.1150875394440107,0.12635537745404726,-0.020589041331227752,-0.04204962047878211,0.9604280866432455,-0.0016237895658705503,-0.006922669585385771,0.005420368986178862
-0.6764318712853103,0.18466934244473468,0.32632284935604505,-0.16523951797629644,-0.070218531636908,0.15268358616588806,-0.017009330568605454,-0.03266453194719138,0.9653322720201356,-0.0012974667165145054,-0.007599101456671083,0.005605038328623596
-0.7625220894901161,0.25630340532625834,0.32451566710659696,-0.2325646002128248,-0.08870557897185359,0.07051649254788563,-0.017268987567855217,-0.04350102165806345,0.959915307694724,-0.0009729510494079084,-0.008361623546161198,0.005861341733949855
-0.5547489262029051,0.3577826741666338,0.3582071052257493,-0.14913878935159203,-0.030151070092756124,0.04048998151967399,-0.015965343587101603,-0.03580785055448785,0.9588539283725107,-0.0006147439441821592,-0.008916372472364103,0.006219124408116488
-0.6591344956369307,0.44055859873111697,0.4754843540371923,-0.1887201761727699,0.0375728481868256,0.08938325152202244,-0.009548454264482075,-0.0352827094852565,0.9648054665865942,-0.00013925959014496675,-0.009575506968001033,0.006659683006847605
-0.5228527959587802,0.32645143124908704,0.41693856310747257,-0.15446345728446917,0.07208499121559629,-0.023194337535479934,-0.011055479095322625,-0.03541335754368025,0.9665312951279438,0.0002776789729625058,-0.010098359763959813,0.006986134438096692
-0.5053446452932786,0.28770926013341647,0.2558744078100041,-0.18498216748235996,0.10265911811395807,0.027642062967671625,-0.017790160496491302,-0.04101330556627563,0.9574911421478356,0.00053355338077251,-0.010603704409253093,0.0072738436982301095
-0.6429255461168066,-0.0034017243812616005,0.2632242984521667,-0.17049921194366852,0.12951605994558468,0.01512597409176412,-0.019677425472201977,-0.043269423124042236,0.9572598274199307,0.0007967776792246766,-0.0112466299553699,0.007270441973848848
-0.5764645509208152,0.15312696304026258,0.4688858163604893,-0.10367083316303702,0.1411364482950274,-0.02348410393633283,-0.011865037858512104,-0.03691452508228659,0.962597728667839,0.001265663495585166,-0.011823094506290715,0.00742356893688911
-0.556764408937799,-0.018522665455011588,0.16839773859223728,-0.17376926840059367,0.10777844998384416,-0.10871440189372197,-0.016811437777973767,-0.03374595537474018,0.957097162314611,0.001434061234177403,-0.012379858915228512,0.007405046271434098
-0.37568451415774085,0.12325366564026274,0.2592435714127474,-0.1191782185423985,0.11846170510930737,0.011779097137717262,-0.011420588725705115,-0.0386305898355026,0.955155303987454,0.0016933048055901507,-0.012755543429386252,0.007528299937074361
-0.530974942518895,-0.07652147328644651,0.25287472562448227,-0.11059288702662515,0.227852344924318,-0.07661225789528729,-0.029771185299204687,-0.03350639046597593,0.9572578325727378,0.0019461795312146327,-0.01328651837190515,0.007451778463787914
-0.3891190421520076,-0.14946414695496432,0.11082371056761743,-0.08816194842769687,0.16668851433199205,-0.09450164475810476,-0.017989142337840814,-0.03734198339352604,0.9551592813711589,0.00205700324178225,-0.013675637414057154,0.00730231431683295
-0.4090130978657902,-0.3984028981077848,-0.0018725365851144926,-0.0413936197105491,0.18179969611238617,-0.1420827659993147,-0.011774059020502724,-0.03352014932569163,0.9537274436301814,0.0020551307051971356,-0.014084650511922946,0.006903911418725166
-0.21281464040896217,-0.2529008919104541,-0.17161447632744495,-0.03546056470075465,0.20323728272006367,-0.057696231735435845,-0.02432355898010362,-0.04167737519199209,0.9682260921003479,0.0018835162288696906,-0.01429746515233191,0.006651010526814712
-0.39505250671213926,-0.44304030526653504,0.04344306663207173,-0.030645920554054993,0.15055443129549081,-0.07678184122611063,-0.025698665626225723,-0.03747546905031346,0.9536653554254193,0.0019269592955017624,-0.014692517659044047,0.006207970221548177
-0.3851115921054507,-0.3673575731313146,-0.035296592692448364,0.07125993793675299,0.21647633032182756,-0.07663000345555274,-0.0255371252511841,-0.027753221032835847,0.9604292387409347,0.001891662702809314,-0.015077629251149497,0.005840612648416862
-0.4206783485106595,-0.5105273575901396,-0.1708896448606551,0.03577471601322998,0.1592487215760045,-0.12777001972838675,-0.017776724218711286,-0.03913004504423664,0.9508116200272729,0.001720773057948659,-0.015498307599660158,0.005330085290826722
-0.15574362404089448,-0.5913464979772607,-0.07314774809954439,0.01203733172858127,0.26061362327889304,-0.12535293556563756,-0.021866691411145417,-0.03431002260765935,0.9680524284215902,0.0016476253098491142,-0.015654051223701053,0.004738738792849462
-0.09364283149958626,-0.529358938260836,-0.14421849156888297,0.06286688398369768,0.2129027717750042,-0.1459735154639029,-0.01651531771413722,-0.03615161661019045,0.9604360875453419,0.0015034068182802314,-0.01574769405520064,0.004209379854588625
-0.0852374799718898,-0.602299778983397,-0.26331708092410416,0.0833970509360902,0.2048902494514158,-0.10487581269648262,-0.013707008682649256,-0.038471648597036945,0.9676760360730455,0.0012400897373561273,-0.015832931535172526,0.0036070800756052277
0.08716572575224485,-0.7775783645483567,-0.3505731960269236,0.0778030477163967,0.1409342909272235,-0.11538119070697726,-0.021847932942750493,-0.031688223466886246,0.9561412158335797,0.0008895165413292036,-0.015745765809420283,0.0028295017110568713
0.20663798861874308,-0.5130217348641943,-0.2614929858762918,0.10053841537326652,0.23574570466300093,-0.12648393265331315,-0.016010197015894692,-0.039134385023120215,0.972097086336369,0.000628023555452912,-0.015539127820801541,0.0023164799761926764
0.024623911257607226,-0.7054674185250283,-0.07735485943051065,0.1318467143915274,0.32106196024154005,-0.1634869372596832,-0.01826200645701517,-0.030221236337656745,0.9542607151580175,0.0005506686960224012,-0.015514503909543932,0.0016110125576676482
0.1361254838664985,-0.6009628830878027,-0.15809099093769827,0.17405426321797748,0.1777749871411133,-0.11602578810008433,-0.028806562543900207,-0.032001734469167833,0.9629015702223805,0.00039257770508470294,-0.015378378425677434,0.0010100496745798454
0.038149143764449556,-0.6999305046109973,-0.18524698278206272,0.11291878527191994,0.18970305536996243,-0.16044723195724186,-0.02360379550678584,-0.04236847467743114,0.9477914526166774,0.0002073307223026402,-0.015340229281912983,0.00031011916996884805
0.2712060904536279,-0.7680928429491913,-0.17198572644716675,0.19967052335627689,0.2496755294982874,-0.11273265584252627,-0.016222914719131645,-0.031371179272653885,0.9577990771510293,3.5344995855473435e-05,-0.015069023191459356,-0.0004579736729803433
0.24872080294434562,-0.6787808678604144,-0.29023544391286504,0.17268005452820565,0.27054613426862234,-0.11066587170852725,-0.0158484912853329,-0.03475712650578182,0.959746222868853,-0.0002548904480573916,-0.014820302388515009,-0.0011367545408407578
0.3172752576302045,-0.5741682099458382,-0.23333504683034936,0.13856644329302042,0.09348821171007639,-0.07213635121242973,-0.025922598919757154,-0.04057149759688376,0.9600918765199381,-0.00048822549488774093,-0.014503027130884805,-0.0017109227507865962
0.3900878212131976,-0.34698142971354073,-0.1535267186704013,0.21384421773098447,0.18528706698133976,-0.03626410913956057,-0.01962109738816828,-0.03777880551403042,0.9576487415814571,-0.0006417522135581422,-0.014112939309671607,-0.0020579041805001367
0.49667508299831314,-0.44985317247101597,-0.1394028799326995,0.20514791762372026,-0.012095612824410996,-0.04148517114450022,-0.029754442246361625,-0.03909776375986033,0.9621052524333336,-0.0007811550934908418,-0.013616264226673292,-0.002507757352971153
0.4559139480436969,-0.5619957136189984,-0.2124514452125199,0.2151426483464167,-0.04756974862923699,-0.04643454395058598,-0.019157675380014026,-0.03316515398356654,0.9574440584343069,-0.0009936065387033616,-0.013160350278629596,-0.003069753066590151
0.7209929359987896,-0.6074285397314186,-0.18533015767316824,0.23498390146725065,-0.005497706486757084,-0.016261716981875507,-0.01607470592447352,-0.025171183157405484,0.9672934995104858,-0.0011789366963765298,-0.012439357342630806,-0.0036771816063215696
0.534973430186996,-0.3864511755380827,-0.043884339111163725,0.2610803924739863,0.0389137461443219,0.017941458145801465,-0.026980958248646165,-0.03480490982672056,0.9624348492070693,-0.0012228210354876933,-0.011904383912443809,-0.004063632781859652
0.4230219323863702,-0.3177749388059708,-0.05124936347136303,0.1736050798735316,-0.05366280961049413,0.04564630063891095,-0.024207835422202333,-0.03732144041867836,0.9533752612649159,-0.0012740703989590565,-0.01148136198005744,-0.004381407720665623
0.5128585225925795,-0.15125261511314816,0.00638009894883159,0.14690339399119268,0.0759662336971446,0.10219058053019056,-0.025918811291708154,-0.03460823139464347,0.9620546379864527,-0.001267690300010225,-0.01096850345746486,-0.004532660335778771
0.6685615010579673,-0.04372544783813673,0.04933440823034471,0.14103082788743743,0.00012846256702693428,0.16338819731080545,-0.01832648206780053,-0.03499094060509425,0.9597528717931637,-0.0012183558917798804,-0.010299941956406893,-0.004576385783616908
0.684178175750743,-0.03994822515124663,0.24728419025884327,0.11618534378042879,0.007972973701665961,0.13568512625690932,-0.015407504312441749,-0.0315626864657467,0.948435157126093,-0.000971071701521037,-0.00961576378065615,-0.004616334008768155
0.6202070261898355,0.0700733983460072,0.08583254616959203,0.09160908619904158,-0.05278802695653787,0.08302330748220935,-0.010999820403606407,-0.03638420257787033,0.9676333321832402,-0.0008852391553514449,-0.008995556754466314,-0.004546260610422147
0.6219837946818964,0.02815782207041551,0.21042157129353783,0.09989105907470582,-0.08013425097789736,0.05324738485953456,-0.026900207701516174,-0.048647013302383704,0.9549443026753094,-0.0006748175840579072,-0.00837357295978442,-0.0045181027883517315
0.6381974790533875,0.2145402878976274,0.07387772716255366,0.012267696747126067,-0.07231563999066105,0.08927895366493539,-0.01955734165821802,-0.03352132980464001,0.9605814428948335,-0.0006009398568953535,-0.0077353754807310314,-0.004303562500454105
0.6793342459668303,0.23306107449838975,0.3455981995652584,0.09985873716409552,0.005417273899610874,0.12402985294968853,-0.014385352086765162,-0.035403516444934724,0.9619344226095371,-0.0002553416573300951,-0.007056041234764202,-0.004070501425955715
0.5939304118710871,0.47980080253863255,0.39824034492615545,0.05889416398863315,-0.08545247262650424,0.10357544775433354,-0.01795020634020725,-0.03927543815113864,0.9601010851975309,0.00014289868759606038,-0.006462110822893115,-0.0035907006234170823
0.450329261292405,0.3651275716908438,0.18458440510482105,0.09165122999152608,-0.09770217819428831,0.11364268321542553,-0.026339495054160875,-0.0349935491940268,0.963927152558701,0.00032748309270088147,-0.00601178156160071,-0.0032255730517262386
0.4848983056169069,0.3868497190985432,0.09850408116772277,-0.03471705944449055,-0.16114950144183393,0.1616553957781195,-0.020397688724293723,-0.027411045589722075,0.9643616209668084,0.00042598717386860426,-0.005526883255983803,-0.0028387233326276954
0.47157380817139666,0.5452366433200321,0.046713999329531686,0.04964622079971852,-0.16591883142074937,0.12591288739450351,-0.014455938438921737,-0.037795110193832776,0.9609547304344908,0.0004727011731981359,-0.005055309447812406,-0.0022934866893076634
0.38112144522390945,0.6772551961353002,0.23624917080719807,0.009261719715502957,-0.15634575279443155,0.14972446901643588,-0.019442816471612247,-0.03396260310786749,0.9552262061796358,0.0007089503440053341,-0.004674188002588497,-0.001616231493172363
0.34321727826033,0.6509489906589919,0.17215934245565706,-0.09364145666353965,-0.10131091218244935,0.12393092152291293,-0.016162490083109306,-0.03541255786245472,0.9605090265335543,0.0008811096864609911,-0.004330970724328166,-0.000965282502513371
0.46695459671112716,0.6517334592014328,0.32896243048000084,-0.1164817770604612,-0.11554895052800788,0.04058862620802301,-0.014866912612474876,-0.0400292040499327,0.9658743075270112,0.001210072116940992,-0.0038640161276170394,-0.0003135490433119382
0.3883649915990021,0.6346463942645899,0.18971710206560394,-0.06721652075360372,-0.21839475524492108,0.03569496146997104,-0.026635339007473988,-0.03171947614523721,0.9593459280506301,0.0013997892190065959,-0.003475651136018037,0.0003210973509526517
0.4223452534752853,0.5733063605631636,0.05942440361272247,-0.06957930543131591,-0.10667141005939353,0.13672356912359437,-0.023747747778951635,-0.033203458407023954,0.9526780000636241,0.0014592136226193183,-0.0030533058825427516,0.0008944037115158154
0.48793740006189157,0.8032618010001167,0.19073929436609827,-0.07207683691850139,-0.08994585543082219,0.10774657124512382,-0.023196494483207156,-0.021461923074026654,0.9657069672158073,0.0016499529169854165,-0.00256536848248086,0.0016976655125159321
0.34125334045610767,0.8118531120566639,-0.15682436443143416,-0.14570525152283273,-0.08951009998377274,0.10887607225409855,-0.02021830280239593,-0.029121663618476623,0.957680261039411,0.0014931285525539822,-0.0022241151420247522,0.0025095186245725964
0.28507719337291393,0.47102288826807565,0.01702345131566108,-0.017348022908699526,-0.08241972022326734,0.10458226736859214,-0.020087139493766098,-0.028450174042487335,0.9643956365170143,0.0015101520038696432,-0.0019390379486518385,0.002980541512840672
0.015069246452902307,0.5929094464945588,-0.01331910814887849,-0.1815687149408909,-0.07175481602237362,0.09053634292063732,-0.01525649827163016,-0.03659814760105502,0.9572461493475145,0.0014968328957207647,-0.001923968702198936,0.003573450959335231
0.179853721159496,0.7389060722262029,-0.013347032789754777,-0.08217123476487692,-0.07108366074109948,0.06630509481855984,-0.023603553421287112,-0.028588277539962965,0.9625570983669087,0.0014834858629310102,-0.0017441149810394402,0.004312357031561433
0.06856082411573201,0.5888878750575636,-0.16353849127872402,-0.21437428264331895,-0.13545066619896273,0.11340852373113926,-0.01236050708251107,-0.029414955657628764,0.9586774392117156,0.001319947371652286,-0.001675554156923708,0.004901244906618998
0.14626171462337323,0.666928341218023,-0.16577988130894308,-0.1707283533745171,-0.01850019461758142,0.05236869660873079,-0.012691139954448078,-0.04415733981939731,0.956887508203091,0.0011541674903433427,-0.001529292442300335,0.005568173247837021
-0.1508483406598476,0.4685010347363439,-0.2449608625536499,-0.09283569091901434,0.02969224674695084,0.04041844335336443,-0.01532241607832721,-0.026290817814724372,0.9624464358569302,0.0009092066277896929,-0.0016801407829601827,0.006036674282573365
0.023840867442098776,0.44025924697588287,-0.17744215909936548,-0.04908921570311845,0.024154774770809313,-0.006629281825815845,-0.011287324396408746,-0.03237777742729543,0.9560374063221999,0.0007317644686903274,-0.001656299915518084,0.006476933529549248
-0.17023988746400265,0.3576975709905871,-0.1884075547795439,-0.07045262131419797,-0.004974353447469972,-0.04819868065965117,-0.020742851270385866,-0.036203699320523086,0.9512971275482087,0.0005433569139107835,-0.0018265398029820867,0.006834631100539834
-0.2550959820374649,0.41015771480144986,-0.3845804433328328,-0.11948778712509853,-0.004810716863927493,0.08928353408567659,-0.027285440960175867,-0.032096418476118084,0.9636069666603475,0.00015877647057795064,-0.0020816357850195516,0.007244788815341284
0.01992096435844551,0.3629341843276248,-0.24932834598840647,-0.15368673482471873,-0.013792754083624516,0.017112512060459002,-0.02629984590865839,-0.03455553614672628,0.957104082333047,-9.055187541045584e-05,-0.002061714820661106,0.007607722999668909
-0.21839635553137401,0.17590795849611876,-0.47039025069606816,-0.032623807643582144,-0.054064769734437135,-0.01906635163923078,-0.01891521034556014,-0.02963471699231888,0.9614292868697489,-0.000560942126106524,-0.00228011117619248,0.007783630958165028
-0.27070130965030026,0.13025868214362338,-0.3883937679634454,-0.08468249680299296,0.08928882707064244,-0.050194905446916564,-0.021826433395774152,-0.03318842386386735,0.9612359023550137,-0.0009493358940699695,-0.0025508124858427805,0.007913889640308652
-0.3443317671830638,0.12703436796624157,-0.28024612456052617,0.0027573641747751197,-0.005952997096193896,-0.019784374274856263,-0.02355776484879564,-0.02249418549561351,0.9634156984292457,-0.0012295820186304955,-0.002895144253025844,0.008040924008274893
-0.34771779936196684,0.06990791314950501,-0.42476187153744804,0.004217403153509864,0.05887048710197672,-0.07734166317539108,-0.015869439838856095,-0.02234304389625722,0.9645178718474576,-0.0016543438901679437,-0.0032428620523878107,0.008110831921424397
-0.37880348114410045,-0.03969772103312423,-0.42376297949383457,-0.00786572405264342,0.07123305514042366,-0.028190102605759937,-0.020597760021300777,-0.029549141994096757,0.9624560096481483,-0.002078106869661778,-0.0036216655335319114,0.008071134200391272
-0.3810085770333065,0.03822635360810684,-0.3444602255958587,-0.05211268962451897,0.15711379573843157,0.003782995447292414,-0.026539144487804672,-0.027834148952510313,0.9631256619932945,-0.0024225670952576373,-0.004002674110565218,0.008109360553999379
-0.38502229195662385,-0.12890464745292823,-0.6641748697952233,-0.03332764533538598,0.14143444395710855,-0.06913674807249756,-0.025883212350521368,-0.022104503122183712,0.96458453979102,-0.0030867419650528606,-0.004387696402521841,0.007980455906546452
-0.4064083196532132,-0.12750930280157968,-0.399999033770349,0.04348329896003942,0.09341517111804194,0.003663629198462739,-0.014958849066272494,-0.03206807793644618,0.9573334975018816,-0.00348674099882321,-0.004794104722175055,0.007852946603744871
-0.49675083984815827,-0.15539016025488997,-0.33972335046313495,0.039002202686073295,0.12393693822504226,-0.07685601859531457,-0.02715974126061661,-0.031177087167806282,0.9569479608924751,-0.0038264643492863445,-0.005290855562023213,0.007697556443489981
-0.38575995459995344,-0.3403036872298122,-0.28947238713760914,0.13166858715601176,0.12596746834938566,-0.14240433100786104,-0.026596320081048307,-0.027137933244961308,0.9630297874205914,-0.004115936736423954,-0.005676615516623167,0.007357252756260169
-0.35690768535694833,-0.237282666007446,-0.20671011537862644,0.08826492418502466,0.16791213148621947,-0.021111900252371606,-0.014193584246448263,-0.030301310725360225,0.9515299334252301,-0.00432264685180258,-0.006033523201980116,0.007119970090252723
-0.297430093356216,-0.3136915331079193,-0.1908330833678134,0.0970203529349861,0.09701602661600175,-0.05708654255363827,-0.016199999293953264,-0.028567134122792683,0.9537163746907832,-0.004513479935170394,-0.006330953295336332,0.006806278557144803
-0.25423517325980316,-0.35304257592590704,-0.014763701974175591,0.15434490300193582,0.15648822489808317,-0.008466494115714903,-0.012649613445543967,-0.03143196769813058,0.9517133424481011,-0.00452824363714457,-0.006585188468596135,0.006453235981218896
-0.38518497393854667,-0.47390250176146675,0.08772361668715654,0.0654918146212194,0.1329113056980669,-0.08819183037091344,-0.01584274591716482,-0.034558869335545035,0.9656080423802865,-0.0044405200204574126,-0.006970373442534682,0.005979333479457429
-0.29774560868977595,-0.31106803766629193,-0.05460674499785946,0.12551034288781282,0.24916940879390798,-0.05071591384093534,-0.016979571869116174,-0.034558299466716416,0.9655025720228095,-0.004495126765455273,-0.007268119051224458,0.005668265441791137
-0.23391104629125004,-0.5854288519933362,-0.061438619209497294,0.06950930397843696,0.09830148134220625,0.041290643469721895,-0.018742131342897445,-0.02341431534023735,0.9642073307333702,-0.00455656538466477,-0.007502030097515707,0.005082836589797801
-0.3429424443708618,-0.43337105415282295,0.18621076060602637,0.15221572689113697,0.18194938047688,0.004405641040475429,-0.018667827991426765,-0.027259939990990356,0.9603190353555194,-0.004370354624058744,-0.007844972541886569,0.004649465535644977
-0.23468390102252995,-0.502768054586844,0.07936946918043192,0.1848450467550543,0.0990243734458908,0.06914205656427996,-0.014581416642806466,-0.024535274748644188,0.9578379928989234,-0.004290985154878311,-0.008079656442909101,0.004146697481058134
-0.1913795304624905,-0.4476476792901004,0.08757276686328251,0.12189390967267724,0.10345477824495014,-0.01563567416748756,-0.024339682837296615,-0.033445002421315866,0.9589662015269996,-0.004203412388015029,-0.008271035973371591,0.003699049801768033
-0.3783646203786412,-0.5320058251712764,0.2817758616722294,0.03480539186014962,0.15638317236947283,0.1296319186417916,-0.021339019383086556,-0.0264714798187813,0.9620207210337868,-0.003921636526342799,-0.008649400593750231,0.003167043976596756
-0.15750385374020126,-0.43528466176189934,0.24078384235796885,0.15156037311533965,0.10638380115364554,0.1363115048914759,-0.025383214068373364,-0.02561330555341595,0.963598742149305,-0.0036808526839848307,-0.008806904447490433,0.0027317593148348572
-0.1055700072646731,-0.44584280634724427,0.3635369078729844,0.1671710119796688,0.06165662066562902,0.0778246208557669,-0.01889821896652948,-0.031743955162537016,0.954565953385372,-0.0033173157761118457,-0.008912474454755103,0.002285916508487613
-0.1527877126723792,-0.44989102128326175,0.23390835591815481,0.05680351464552144,0.0344819380582268,0.06012754665443518,-0.01657145207721975,-0.030789871191265108,0.9637145851008558,-0.003083407420193691,-0.009065262167427484,0.001836025487204351
0.05403481537181207,-0.1991701073130055,0.304255889859253,0.049327608979654124,0.09569071103156211,0.0812185445935955,-0.017575899934971363,-0.020912880424385827,0.9655484898062854,-0.0027791515303344384,-0.009011227352055671,0.0016368553798913454
